[2025-11-09T09:14:30.948Z] 🔧 Intelligent Context MCP Configuration:
[2025-11-09T09:14:30.950Z] ==================================================
[2025-11-09T09:14:30.950Z] 📊 Log Level: INFO
[2025-11-09T09:14:30.950Z] 🌟 Wildcard Backend: ✅ Enabled (all-in-one solution)
[2025-11-09T09:14:30.950Z] 🚀 Available Capabilities:
[2025-11-09T09:14:30.950Z] 🔄 Result Reranking: ✅ Enabled (via Wildcard)
[2025-11-09T09:14:30.950Z] 🔍 Vector Search: ✅ Enabled (via Wildcard)
[2025-11-09T09:14:30.950Z] 📐 Embeddings: ✅ Enabled (via Wildcard)
[2025-11-09T09:14:30.951Z] ==================================================
[2025-11-09T09:14:30.952Z] 🔧 Intelligent Context MCP Configuration:
[2025-11-09T09:14:30.952Z] ==================================================
[2025-11-09T09:14:30.953Z] 📊 Log Level: INFO
[2025-11-09T09:14:30.953Z] 🌟 Wildcard Backend: ✅ Enabled (all-in-one solution)
[2025-11-09T09:14:30.953Z] 🚀 Available Capabilities:
[2025-11-09T09:14:30.953Z] 🔄 Result Reranking: ✅ Enabled (via Wildcard)
[2025-11-09T09:14:30.953Z] 🔍 Vector Search: ✅ Enabled (via Wildcard)
[2025-11-09T09:14:30.953Z] 📐 Embeddings: ✅ Enabled (via Wildcard)
[2025-11-09T09:14:30.953Z] ==================================================
[2025-11-09T09:14:30.955Z] [DEBUG] NamespaceManagerService.initialize() called
[2025-11-09T09:14:30.955Z] [DEBUG] Loading registry from: C:\Users\RakaThinkpad\.codex-context\indexed-codebases.json
[2025-11-09T09:14:30.958Z] 🔧 Capabilities: {"reranking":false,"vectorSearch":false,"localBM25":true}
[2025-11-09T09:14:30.958Z] 🌐 Wildcard backend: ENABLED (using hosted Fastify backend)
[2025-11-09T09:14:30.958Z]    Base URL: https://deepcontext.mcp.wild-card.ai
[2025-11-09T09:14:30.958Z] ⚠️  Jina API key not provided - result reranking will be disabled
[2025-11-09T09:14:30.958Z] 💡 Set JINA_API_KEY environment variable to enable result reranking
[2025-11-09T09:14:30.958Z] [DEBUG] NamespaceManagerService.initialize() called
[2025-11-09T09:14:30.959Z] [DEBUG] Loading registry from: C:\Users\RakaThinkpad\.codex-context\indexed-codebases.json
[2025-11-09T09:14:30.959Z] [BACKGROUND] Starting indexing for: C:\Projects\educatedplanet
[2025-11-09T09:14:30.959Z] [BACKGROUND] Using Wildcard API
[2025-11-09T09:14:30.959Z] [BACKGROUND] Wildcard API Key: 3de72897c9...
[2025-11-09T09:14:30.959Z] [BACKGROUND] Wildcard API URL: undefined
[2025-11-09T09:14:30.960Z] 🔧 Intelligent Context MCP Configuration:
[2025-11-09T09:14:30.960Z] ==================================================
[2025-11-09T09:14:30.961Z] 📊 Log Level: INFO
[2025-11-09T09:14:30.961Z] 🌟 Wildcard Backend: ✅ Enabled (all-in-one solution)
[2025-11-09T09:14:30.961Z] 🚀 Available Capabilities:
[2025-11-09T09:14:30.961Z] 🔄 Result Reranking: ✅ Enabled (via Wildcard)
[2025-11-09T09:14:30.961Z] 🔍 Vector Search: ✅ Enabled (via Wildcard)
[2025-11-09T09:14:30.961Z] 📐 Embeddings: ✅ Enabled (via Wildcard)
[2025-11-09T09:14:30.961Z] ==================================================
[2025-11-09T09:14:30.961Z] 🔧 Intelligent Context MCP Configuration:
[2025-11-09T09:14:30.961Z] ==================================================
[2025-11-09T09:14:30.961Z] 📊 Log Level: INFO
[2025-11-09T09:14:30.961Z] 🌟 Wildcard Backend: ✅ Enabled (all-in-one solution)
[2025-11-09T09:14:30.961Z] 🚀 Available Capabilities:
[2025-11-09T09:14:30.961Z] 🔄 Result Reranking: ✅ Enabled (via Wildcard)
[2025-11-09T09:14:30.961Z] 🔍 Vector Search: ✅ Enabled (via Wildcard)
[2025-11-09T09:14:30.961Z] 📐 Embeddings: ✅ Enabled (via Wildcard)
[2025-11-09T09:14:30.961Z] ==================================================
[2025-11-09T09:14:30.962Z] [BACKGROUND] Initialized successfully
[2025-11-09T09:14:30.962Z] [DEBUG] NamespaceManagerService.initialize() called
[2025-11-09T09:14:30.962Z] [DEBUG] Loading registry from: C:\Users\RakaThinkpad\.codex-context\indexed-codebases.json
[2025-11-09T09:14:30.964Z] [DEBUG] Successfully loaded 3 indexed codebases
[2025-11-09T09:14:30.966Z] [2025-11-09T09:14:30.966Z] [NamespaceManagerService] [INFO] 📂 Loaded 3 indexed codebases from disk
[2025-11-09T09:14:30.966Z] [DEBUG] NamespaceManagerService initialized with 3 indexed codebases
[2025-11-09T09:14:30.966Z] [2025-11-09T09:14:30.967Z] [NamespaceManagerService] [INFO] 🚀 NamespaceManagerService initialized with 3 indexed codebases
[2025-11-09T09:14:30.974Z] [DEBUG] Successfully loaded 3 indexed codebases
[2025-11-09T09:14:30.974Z] [2025-11-09T09:14:30.975Z] [NamespaceManagerService] [INFO] 📂 Loaded 3 indexed codebases from disk
[2025-11-09T09:14:30.974Z] [DEBUG] NamespaceManagerService initialized with 3 indexed codebases
[2025-11-09T09:14:30.974Z] [2025-11-09T09:14:30.975Z] [NamespaceManagerService] [INFO] 🚀 NamespaceManagerService initialized with 3 indexed codebases
[2025-11-09T09:14:30.975Z] [DEBUG] Successfully loaded 3 indexed codebases
[2025-11-09T09:14:30.975Z] [2025-11-09T09:14:30.976Z] [NamespaceManagerService] [INFO] 📂 Loaded 3 indexed codebases from disk
[2025-11-09T09:14:30.975Z] [DEBUG] NamespaceManagerService initialized with 3 indexed codebases
[2025-11-09T09:14:30.975Z] [2025-11-09T09:14:30.976Z] [NamespaceManagerService] [INFO] 🚀 NamespaceManagerService initialized with 3 indexed codebases
[2025-11-09T09:14:31.145Z] [2025-11-09T09:14:31.146Z] [TREESITTER-FULL] [INFO] ✅ Tree-sitter parsers initialized successfully (TypeScript, JavaScript, Python)
[2025-11-09T09:14:31.145Z] [2025-11-09T09:14:31.146Z] [TREESITTER-FULL] [INFO] ✅ Tree-sitter parsers initialized successfully (TypeScript, JavaScript, Python)
[2025-11-09T09:14:31.145Z] [2025-11-09T09:14:31.146Z] [TREESITTER-FULL] [INFO] ✅ Tree-sitter parsers initialized successfully (TypeScript, JavaScript, Python)
[2025-11-09T09:14:31.145Z] [2025-11-09T09:14:31.147Z] [STANDALONE-INTEGRATION] [INFO] Initialized with 3 indexed codebases
[2025-11-09T09:14:31.145Z] [2025-11-09T09:14:31.147Z] [STANDALONE-INTEGRATION] [INFO] Initialized with 3 indexed codebases
[2025-11-09T09:14:31.145Z] [2025-11-09T09:14:31.147Z] [STANDALONE-INTEGRATION] [INFO] Initialized with 3 indexed codebases
[2025-11-09T09:14:31.145Z] 🔍 Registry initialized successfully
[2025-11-09T09:14:31.146Z] [BACKGROUND] Namespace manager initialized
[2025-11-09T09:14:31.146Z] [BACKGROUND] About to start indexCodebase()...
[2025-11-09T09:14:31.146Z] [BACKGROUND] Codebase path: C:\Projects\educatedplanet
[2025-11-09T09:14:31.146Z] [BACKGROUND] Force reindex: false
[2025-11-09T09:14:31.147Z] [2025-11-09T09:14:31.148Z] [INDEXING-ORCHESTRATOR] [INFO] 🚀 Starting indexing: C:\Projects\educatedplanet
[2025-11-09T09:14:31.147Z] [2025-11-09T09:14:31.148Z] [INDEXING-ORCHESTRATOR] [DEBUG] 📋 Options: {"force":false,"filtering":true,"dependencies":true}
[2025-11-09T09:14:31.147Z] [2025-11-09T09:14:31.148Z] [TREESITTER-FULL] [INFO] ✅ Tree-sitter parsers initialized successfully (TypeScript, JavaScript, Python)
[2025-11-09T09:14:31.147Z] 🚀 Intelligent Context MCP Server ready!
[2025-11-09T09:14:31.147Z] 🔄 Result Reranking: ❌ Disabled
[2025-11-09T09:14:31.147Z] 📝 Local BM25 Search: ✅ Always Available
[2025-11-09T09:14:31.147Z] 🔌 Transport: stdio
[2025-11-09T09:14:31.191Z] [2025-11-09T09:14:31.192Z] [INDEXING-ORCHESTRATOR] [INFO] 🔍 Content filtering 278 files...
[2025-11-09T09:14:31.252Z] [2025-11-09T09:14:31.253Z] [INDEXING-ORCHESTRATOR] [DEBUG] 🚫 Filtered: admin\next-env.d.ts (Generated file)
[2025-11-09T09:14:31.351Z] [2025-11-09T09:14:31.352Z] [INDEXING-ORCHESTRATOR] [DEBUG] 🚫 Filtered: admin\src\utils\csrf.ts (Very long identifiers (likely obfuscated))
[2025-11-09T09:14:31.351Z] [2025-11-09T09:14:31.352Z] [INDEXING-ORCHESTRATOR] [DEBUG] 🚫 Filtered: dataservice\src\datamodels\connections\database.d.ts (Generated file)
[2025-11-09T09:14:31.351Z] [2025-11-09T09:14:31.352Z] [INDEXING-ORCHESTRATOR] [DEBUG] 🚫 Filtered: dataservice\src\datamodels\connections\index.d.ts (Generated file)
[2025-11-09T09:14:31.351Z] [2025-11-09T09:14:31.352Z] [INDEXING-ORCHESTRATOR] [DEBUG] 🚫 Filtered: dataservice\src\datamodels\index.d.ts (Generated file)
[2025-11-09T09:14:31.351Z] [2025-11-09T09:14:31.352Z] [INDEXING-ORCHESTRATOR] [DEBUG] 🚫 Filtered: dataservice\src\datamodels\models\index.d.ts (Generated file)
[2025-11-09T09:14:31.351Z] [2025-11-09T09:14:31.352Z] [INDEXING-ORCHESTRATOR] [DEBUG] 🚫 Filtered: dataservice\src\datamodels\models\review.model.d.ts (Generated file)
[2025-11-09T09:14:31.351Z] [2025-11-09T09:14:31.352Z] [INDEXING-ORCHESTRATOR] [DEBUG] 🚫 Filtered: dataservice\src\datamodels\models\tutor.model.d.ts (Generated file)
[2025-11-09T09:14:31.351Z] [2025-11-09T09:14:31.352Z] [INDEXING-ORCHESTRATOR] [DEBUG] 🚫 Filtered: dataservice\src\datamodels\models\user.model.d.ts (Generated file)
[2025-11-09T09:14:31.407Z] [2025-11-09T09:14:31.408Z] [INDEXING-ORCHESTRATOR] [DEBUG] 🚫 Filtered: dataservice\src\datamodels\schemas\index.d.ts (Generated file)
[2025-11-09T09:14:31.407Z] [2025-11-09T09:14:31.408Z] [INDEXING-ORCHESTRATOR] [DEBUG] 🚫 Filtered: dataservice\src\datamodels\schemas\review-clean.schema.d.ts (Generated file)
[2025-11-09T09:14:31.407Z] [2025-11-09T09:14:31.408Z] [INDEXING-ORCHESTRATOR] [DEBUG] 🚫 Filtered: dataservice\src\datamodels\schemas\tutor-clean.schema.d.ts (Generated file)
[2025-11-09T09:14:31.407Z] [2025-11-09T09:14:31.408Z] [INDEXING-ORCHESTRATOR] [DEBUG] 🚫 Filtered: dataservice\src\datamodels\schemas\user-clean.schema.d.ts (Generated file)
[2025-11-09T09:14:31.407Z] [2025-11-09T09:14:31.408Z] [INDEXING-ORCHESTRATOR] [DEBUG] 🚫 Filtered: dataservice\src\types\jsencrypt.d.ts (Generated file)
[2025-11-09T09:14:31.407Z] [2025-11-09T09:14:31.408Z] [INDEXING-ORCHESTRATOR] [DEBUG] 🚫 Filtered: models\src\common\common.types.d.ts (Generated file)
[2025-11-09T09:14:31.407Z] [2025-11-09T09:14:31.408Z] [INDEXING-ORCHESTRATOR] [DEBUG] 🚫 Filtered: models\src\index.d.ts (Generated file)
[2025-11-09T09:14:31.407Z] [2025-11-09T09:14:31.408Z] [INDEXING-ORCHESTRATOR] [DEBUG] 🚫 Filtered: models\src\tutor\tutor.types.d.ts (Generated file)
[2025-11-09T09:14:31.407Z] [2025-11-09T09:14:31.408Z] [INDEXING-ORCHESTRATOR] [DEBUG] 🚫 Filtered: models\src\user\user.types.d.ts (Generated file)
[2025-11-09T09:14:31.420Z] [2025-11-09T09:14:31.421Z] [INDEXING-ORCHESTRATOR] [DEBUG] 🚫 Filtered: web\next-env.d.ts (Generated file)
[2025-11-09T09:14:31.420Z] [2025-11-09T09:14:31.421Z] [INDEXING-ORCHESTRATOR] [INFO] ✅ Content filtering complete: 259/278 files included
[2025-11-09T09:14:31.420Z] [2025-11-09T09:14:31.421Z] [INDEXING-ORCHESTRATOR] [INFO] 📝 Processing: 259 files
[2025-11-09T09:14:31.437Z] [2025-11-09T09:14:31.438Z] [TREESITTER-CHUNKER] [INFO] ✅ Tree-sitter chunker initialized successfully (TypeScript, JavaScript, Python)
[2025-11-09T09:14:31.452Z] [2025-11-09T09:14:31.453Z] [TREESITTER-CHUNKER] [INFO] Created 2 semantic chunks from C:\Projects\educatedplanet\admin\next.config.mjs
[2025-11-09T09:14:31.460Z] [2025-11-09T09:14:31.461Z] [TREESITTER-FULL] [INFO] Extracted 1 symbols from C:\Projects\educatedplanet\admin\next.config.mjs
[2025-11-09T09:14:31.460Z] [2025-11-09T09:14:31.461Z] [INDEXING-ORCHESTRATOR] [DEBUG] 🔍 Symbol extraction for C:\Projects\educatedplanet\admin\next.config.mjs: 1 symbols, 0 imports
[2025-11-09T09:14:31.461Z] [2025-11-09T09:14:31.462Z] [INDEXING-ORCHESTRATOR] [DEBUG] 📍 Chunk 18-26: 0 candidate symbols
[2025-11-09T09:14:31.461Z] [2025-11-09T09:14:31.462Z] [INDEXING-ORCHESTRATOR] [DEBUG] ✅ Chunk symbols after filtering: 0 symbols - 
[2025-11-09T09:14:31.461Z] [2025-11-09T09:14:31.462Z] [INDEXING-ORCHESTRATOR] [DEBUG] 📍 Chunk 27-30: 0 candidate symbols
[2025-11-09T09:14:31.461Z] [2025-11-09T09:14:31.462Z] [INDEXING-ORCHESTRATOR] [DEBUG] ✅ Chunk symbols after filtering: 0 symbols - 
[2025-11-09T09:14:31.461Z] [2025-11-09T09:14:31.462Z] [INDEXING-ORCHESTRATOR] [DEBUG] Created 2 semantic chunks for C:\Projects\educatedplanet\admin\next.config.mjs
[2025-11-09T09:14:31.461Z] [2025-11-09T09:14:31.462Z] [INDEXING-ORCHESTRATOR] [DEBUG] Average chunk size: 99 characters
[2025-11-09T09:14:31.465Z] [2025-11-09T09:14:31.466Z] [TREESITTER-CHUNKER] [INFO] Created 1 semantic chunks from C:\Projects\educatedplanet\admin\postcss.config.mjs
[2025-11-09T09:14:31.467Z] [2025-11-09T09:14:31.468Z] [TREESITTER-FULL] [INFO] Extracted 1 symbols from C:\Projects\educatedplanet\admin\postcss.config.mjs
[2025-11-09T09:14:31.468Z] [2025-11-09T09:14:31.468Z] [INDEXING-ORCHESTRATOR] [DEBUG] 🔍 Symbol extraction for C:\Projects\educatedplanet\admin\postcss.config.mjs: 1 symbols, 0 imports
[2025-11-09T09:14:31.468Z] [2025-11-09T09:14:31.468Z] [INDEXING-ORCHESTRATOR] [DEBUG] 📍 Chunk 1-9: 1 candidate symbols
[2025-11-09T09:14:31.469Z] [2025-11-09T09:14:31.470Z] [INDEXING-ORCHESTRATOR] [DEBUG] ✅ Chunk symbols after filtering: 1 symbols - config
[2025-11-09T09:14:31.469Z] [2025-11-09T09:14:31.470Z] [INDEXING-ORCHESTRATOR] [DEBUG] Created 1 semantic chunks for C:\Projects\educatedplanet\admin\postcss.config.mjs
[2025-11-09T09:14:31.469Z] [2025-11-09T09:14:31.470Z] [INDEXING-ORCHESTRATOR] [DEBUG] Average chunk size: 150 characters
[2025-11-09T09:14:31.499Z] [2025-11-09T09:14:31.501Z] [TREESITTER-CHUNKER] [INFO] Created 1 semantic chunks from C:\Projects\educatedplanet\admin\eslint.config.mjs
[2025-11-09T09:14:31.541Z] [2025-11-09T09:14:31.542Z] [TREESITTER-FULL] [INFO] Extracted 0 symbols from C:\Projects\educatedplanet\admin\eslint.config.mjs
[2025-11-09T09:14:31.541Z] [2025-11-09T09:14:31.542Z] [INDEXING-ORCHESTRATOR] [DEBUG] 🔍 Symbol extraction for C:\Projects\educatedplanet\admin\eslint.config.mjs: 0 symbols, 11 imports
[2025-11-09T09:14:31.541Z] [2025-11-09T09:14:31.542Z] [INDEXING-ORCHESTRATOR] [DEBUG] 📍 Chunk 1-161: 0 candidate symbols
[2025-11-09T09:14:31.541Z] [2025-11-09T09:14:31.542Z] [INDEXING-ORCHESTRATOR] [DEBUG] ✅ Chunk symbols after filtering: 0 symbols - 
[2025-11-09T09:14:31.541Z] [2025-11-09T09:14:31.543Z] [INDEXING-ORCHESTRATOR] [DEBUG] Created 1 semantic chunks for C:\Projects\educatedplanet\admin\eslint.config.mjs
[2025-11-09T09:14:31.542Z] [2025-11-09T09:14:31.543Z] [INDEXING-ORCHESTRATOR] [DEBUG] Average chunk size: 4929 characters
[2025-11-09T09:14:31.558Z] [2025-11-09T09:14:31.559Z] [TREESITTER-CHUNKER] [INFO] Created 1 semantic chunks from C:\Projects\educatedplanet\admin\src\app\(external)\page.tsx
[2025-11-09T09:14:31.559Z] [2025-11-09T09:14:31.561Z] [TREESITTER-FULL] [INFO] Extracted 1 symbols from C:\Projects\educatedplanet\admin\src\app\(external)\page.tsx
[2025-11-09T09:14:31.559Z] [2025-11-09T09:14:31.561Z] [INDEXING-ORCHESTRATOR] [DEBUG] 🔍 Symbol extraction for C:\Projects\educatedplanet\admin\src\app\(external)\page.tsx: 1 symbols, 1 imports
[2025-11-09T09:14:31.559Z] [2025-11-09T09:14:31.561Z] [INDEXING-ORCHESTRATOR] [DEBUG] 📍 Chunk 3-6: 1 candidate symbols
[2025-11-09T09:14:31.560Z] [2025-11-09T09:14:31.561Z] [INDEXING-ORCHESTRATOR] [DEBUG] ✅ Chunk symbols after filtering: 1 symbols - Home
[2025-11-09T09:14:31.560Z] [2025-11-09T09:14:31.561Z] [INDEXING-ORCHESTRATOR] [DEBUG] Created 1 semantic chunks for C:\Projects\educatedplanet\admin\src\app\(external)\page.tsx
[2025-11-09T09:14:31.560Z] [2025-11-09T09:14:31.561Z] [INDEXING-ORCHESTRATOR] [DEBUG] Average chunk size: 83 characters
[2025-11-09T09:14:31.590Z] [2025-11-09T09:14:31.591Z] [TREESITTER-CHUNKER] [INFO] Created 1 semantic chunks from C:\Projects\educatedplanet\admin\src\app\(main)\auth\_components\login-form.tsx
[2025-11-09T09:14:31.625Z] [2025-11-09T09:14:31.626Z] [TREESITTER-FULL] [INFO] Extracted 4 symbols from C:\Projects\educatedplanet\admin\src\app\(main)\auth\_components\login-form.tsx
[2025-11-09T09:14:31.625Z] [2025-11-09T09:14:31.626Z] [INDEXING-ORCHESTRATOR] [DEBUG] 🔍 Symbol extraction for C:\Projects\educatedplanet\admin\src\app\(main)\auth\_components\login-form.tsx: 4 symbols, 12 imports
[2025-11-09T09:14:31.625Z] [2025-11-09T09:14:31.626Z] [INDEXING-ORCHESTRATOR] [DEBUG] 📍 Chunk 1-135: 4 candidate symbols
[2025-11-09T09:14:31.625Z] [2025-11-09T09:14:31.626Z] [INDEXING-ORCHESTRATOR] [DEBUG] ✅ Chunk symbols after filtering: 4 symbols - FormSchema, router, form, onSubmit
[2025-11-09T09:14:31.625Z] [2025-11-09T09:14:31.626Z] [INDEXING-ORCHESTRATOR] [DEBUG] Created 1 semantic chunks for C:\Projects\educatedplanet\admin\src\app\(main)\auth\_components\login-form.tsx
[2025-11-09T09:14:31.625Z] [2025-11-09T09:14:31.626Z] [INDEXING-ORCHESTRATOR] [DEBUG] Average chunk size: 4616 characters
[2025-11-09T09:14:31.634Z] [2025-11-09T09:14:31.635Z] [TREESITTER-CHUNKER] [INFO] Created 1 semantic chunks from C:\Projects\educatedplanet\admin\src\app\(main)\auth\login\page.tsx
[2025-11-09T09:14:31.661Z] [2025-11-09T09:14:31.663Z] [TREESITTER-FULL] [INFO] Extracted 1 symbols from C:\Projects\educatedplanet\admin\src\app\(main)\auth\login\page.tsx
[2025-11-09T09:14:31.661Z] [2025-11-09T09:14:31.663Z] [INDEXING-ORCHESTRATOR] [DEBUG] 🔍 Symbol extraction for C:\Projects\educatedplanet\admin\src\app\(main)\auth\login\page.tsx: 1 symbols, 3 imports
[2025-11-09T09:14:31.662Z] [2025-11-09T09:14:31.663Z] [INDEXING-ORCHESTRATOR] [DEBUG] 📍 Chunk 7-43: 1 candidate symbols
[2025-11-09T09:14:31.662Z] [2025-11-09T09:14:31.663Z] [INDEXING-ORCHESTRATOR] [DEBUG] ✅ Chunk symbols after filtering: 1 symbols - LoginV1
[2025-11-09T09:14:31.662Z] [2025-11-09T09:14:31.663Z] [INDEXING-ORCHESTRATOR] [DEBUG] Created 1 semantic chunks for C:\Projects\educatedplanet\admin\src\app\(main)\auth\login\page.tsx
[2025-11-09T09:14:31.662Z] [2025-11-09T09:14:31.663Z] [INDEXING-ORCHESTRATOR] [DEBUG] Average chunk size: 1504 characters
[2025-11-09T09:14:31.673Z] [2025-11-09T09:14:31.674Z] [TREESITTER-CHUNKER] [INFO] Created 1 semantic chunks from C:\Projects\educatedplanet\admin\src\app\(main)\auth\_components\register-form.tsx
[2025-11-09T09:14:31.704Z] [2025-11-09T09:14:31.705Z] [TREESITTER-FULL] [INFO] Extracted 3 symbols from C:\Projects\educatedplanet\admin\src\app\(main)\auth\_components\register-form.tsx
[2025-11-09T09:14:31.704Z] [2025-11-09T09:14:31.705Z] [INDEXING-ORCHESTRATOR] [DEBUG] 🔍 Symbol extraction for C:\Projects\educatedplanet\admin\src\app\(main)\auth\_components\register-form.tsx: 3 symbols, 8 imports
[2025-11-09T09:14:31.705Z] [2025-11-09T09:14:31.706Z] [INDEXING-ORCHESTRATOR] [DEBUG] 📍 Chunk 1-99: 3 candidate symbols
[2025-11-09T09:14:31.705Z] [2025-11-09T09:14:31.706Z] [INDEXING-ORCHESTRATOR] [DEBUG] ✅ Chunk symbols after filtering: 3 symbols - FormSchema, form, onSubmit
[2025-11-09T09:14:31.705Z] [2025-11-09T09:14:31.706Z] [INDEXING-ORCHESTRATOR] [DEBUG] Created 1 semantic chunks for C:\Projects\educatedplanet\admin\src\app\(main)\auth\_components\register-form.tsx
[2025-11-09T09:14:31.705Z] [2025-11-09T09:14:31.706Z] [INDEXING-ORCHESTRATOR] [DEBUG] Average chunk size: 3198 characters
[2025-11-09T09:14:31.715Z] [2025-11-09T09:14:31.716Z] [TREESITTER-CHUNKER] [INFO] Created 1 semantic chunks from C:\Projects\educatedplanet\admin\src\app\(main)\auth\register\page.tsx
[2025-11-09T09:14:31.732Z] [2025-11-09T09:14:31.733Z] [TREESITTER-FULL] [INFO] Extracted 1 symbols from C:\Projects\educatedplanet\admin\src\app\(main)\auth\register\page.tsx
[2025-11-09T09:14:31.732Z] [2025-11-09T09:14:31.733Z] [INDEXING-ORCHESTRATOR] [DEBUG] 🔍 Symbol extraction for C:\Projects\educatedplanet\admin\src\app\(main)\auth\register\page.tsx: 1 symbols, 3 imports
[2025-11-09T09:14:31.732Z] [2025-11-09T09:14:31.733Z] [INDEXING-ORCHESTRATOR] [DEBUG] 📍 Chunk 7-43: 1 candidate symbols
[2025-11-09T09:14:31.732Z] [2025-11-09T09:14:31.734Z] [INDEXING-ORCHESTRATOR] [DEBUG] ✅ Chunk symbols after filtering: 1 symbols - RegisterV1
[2025-11-09T09:14:31.732Z] [2025-11-09T09:14:31.734Z] [INDEXING-ORCHESTRATOR] [DEBUG] Created 1 semantic chunks for C:\Projects\educatedplanet\admin\src\app\(main)\auth\register\page.tsx
[2025-11-09T09:14:31.732Z] [2025-11-09T09:14:31.734Z] [INDEXING-ORCHESTRATOR] [DEBUG] Average chunk size: 1526 characters
[2025-11-09T09:14:31.735Z] [2025-11-09T09:14:31.736Z] [TREESITTER-CHUNKER] [INFO] Created 1 semantic chunks from C:\Projects\educatedplanet\admin\src\app\(main)\dashboard\[...not-found]\page.tsx
[2025-11-09T09:14:31.743Z] [2025-11-09T09:14:31.744Z] [TREESITTER-FULL] [INFO] Extracted 1 symbols from C:\Projects\educatedplanet\admin\src\app\(main)\dashboard\[...not-found]\page.tsx
[2025-11-09T09:14:31.743Z] [2025-11-09T09:14:31.744Z] [INDEXING-ORCHESTRATOR] [DEBUG] 🔍 Symbol extraction for C:\Projects\educatedplanet\admin\src\app\(main)\dashboard\[...not-found]\page.tsx: 1 symbols, 0 imports
[2025-11-09T09:14:31.743Z] [2025-11-09T09:14:31.744Z] [INDEXING-ORCHESTRATOR] [DEBUG] 📍 Chunk 3-10: 1 candidate symbols
[2025-11-09T09:14:31.743Z] [2025-11-09T09:14:31.744Z] [INDEXING-ORCHESTRATOR] [DEBUG] ✅ Chunk symbols after filtering: 1 symbols - DashboardNotFound
[2025-11-09T09:14:31.743Z] [2025-11-09T09:14:31.744Z] [INDEXING-ORCHESTRATOR] [DEBUG] Created 1 semantic chunks for C:\Projects\educatedplanet\admin\src\app\(main)\dashboard\[...not-found]\page.tsx
[2025-11-09T09:14:31.743Z] [2025-11-09T09:14:31.744Z] [INDEXING-ORCHESTRATOR] [DEBUG] Average chunk size: 318 characters
[2025-11-09T09:14:31.764Z] [2025-11-09T09:14:31.765Z] [TREESITTER-CHUNKER] [INFO] Created 1 semantic chunks from C:\Projects\educatedplanet\admin\src\app\(main)\dashboard\_components\sidebar\account-switcher.tsx
[2025-11-09T09:14:31.806Z] [2025-11-09T09:14:31.807Z] [TREESITTER-FULL] [INFO] Extracted 2 symbols from C:\Projects\educatedplanet\admin\src\app\(main)\dashboard\_components\sidebar\account-switcher.tsx
[2025-11-09T09:14:31.806Z] [2025-11-09T09:14:31.807Z] [INDEXING-ORCHESTRATOR] [DEBUG] 🔍 Symbol extraction for C:\Projects\educatedplanet\admin\src\app\(main)\dashboard\_components\sidebar\account-switcher.tsx: 2 symbols, 8 imports
[2025-11-09T09:14:31.806Z] [2025-11-09T09:14:31.807Z] [INDEXING-ORCHESTRATOR] [DEBUG] 📍 Chunk 1-129: 2 candidate symbols
[2025-11-09T09:14:31.806Z] [2025-11-09T09:14:31.807Z] [INDEXING-ORCHESTRATOR] [DEBUG] ✅ Chunk symbols after filtering: 2 symbols - router, handleLogout
[2025-11-09T09:14:31.806Z] [2025-11-09T09:14:31.807Z] [INDEXING-ORCHESTRATOR] [DEBUG] Created 1 semantic chunks for C:\Projects\educatedplanet\admin\src\app\(main)\dashboard\_components\sidebar\account-switcher.tsx
[2025-11-09T09:14:31.806Z] [2025-11-09T09:14:31.807Z] [INDEXING-ORCHESTRATOR] [DEBUG] Average chunk size: 4083 characters
[2025-11-09T09:14:31.807Z] [2025-11-09T09:14:31.808Z] [INDEXING-ORCHESTRATOR] [DEBUG] 📊 Processed: 10/259 files
[2025-11-09T09:14:31.819Z] [2025-11-09T09:14:31.820Z] [TREESITTER-CHUNKER] [INFO] Created 1 semantic chunks from C:\Projects\educatedplanet\admin\src\app\(main)\dashboard\_components\sidebar\app-sidebar.tsx
[2025-11-09T09:14:31.835Z] [2025-11-09T09:14:31.836Z] [TREESITTER-FULL] [INFO] Extracted 2 symbols from C:\Projects\educatedplanet\admin\src\app\(main)\dashboard\_components\sidebar\app-sidebar.tsx
[2025-11-09T09:14:31.835Z] [2025-11-09T09:14:31.836Z] [INDEXING-ORCHESTRATOR] [DEBUG] 🔍 Symbol extraction for C:\Projects\educatedplanet\admin\src\app\(main)\dashboard\_components\sidebar\app-sidebar.tsx: 2 symbols, 9 imports
[2025-11-09T09:14:31.835Z] [2025-11-09T09:14:31.836Z] [INDEXING-ORCHESTRATOR] [DEBUG] 📍 Chunk 61-86: 1 candidate symbols
[2025-11-09T09:14:31.835Z] [2025-11-09T09:14:31.836Z] [INDEXING-ORCHESTRATOR] [DEBUG] ✅ Chunk symbols after filtering: 1 symbols - AppSidebar
[2025-11-09T09:14:31.835Z] [2025-11-09T09:14:31.836Z] [INDEXING-ORCHESTRATOR] [DEBUG] Created 1 semantic chunks for C:\Projects\educatedplanet\admin\src\app\(main)\dashboard\_components\sidebar\app-sidebar.tsx
[2025-11-09T09:14:31.835Z] [2025-11-09T09:14:31.836Z] [INDEXING-ORCHESTRATOR] [DEBUG] Average chunk size: 925 characters
[2025-11-09T09:14:31.848Z] [2025-11-09T09:14:31.849Z] [TREESITTER-CHUNKER] [INFO] Created 1 semantic chunks from C:\Projects\educatedplanet\admin\src\app\(main)\dashboard\_components\sidebar\nav-documents.tsx
[2025-11-09T09:14:31.900Z] [2025-11-09T09:14:31.901Z] [TREESITTER-FULL] [INFO] Extracted 1 symbols from C:\Projects\educatedplanet\admin\src\app\(main)\dashboard\_components\sidebar\nav-documents.tsx
[2025-11-09T09:14:31.900Z] [2025-11-09T09:14:31.901Z] [INDEXING-ORCHESTRATOR] [DEBUG] 🔍 Symbol extraction for C:\Projects\educatedplanet\admin\src\app\(main)\dashboard\_components\sidebar\nav-documents.tsx: 1 symbols, 3 imports
[2025-11-09T09:14:31.900Z] [2025-11-09T09:14:31.901Z] [INDEXING-ORCHESTRATOR] [DEBUG] 📍 Chunk 22-83: 1 candidate symbols
[2025-11-09T09:14:31.900Z] [2025-11-09T09:14:31.901Z] [INDEXING-ORCHESTRATOR] [DEBUG] ✅ Chunk symbols after filtering: 1 symbols - NavDocuments
[2025-11-09T09:14:31.900Z] [2025-11-09T09:14:31.901Z] [INDEXING-ORCHESTRATOR] [DEBUG] Created 1 semantic chunks for C:\Projects\educatedplanet\admin\src\app\(main)\dashboard\_components\sidebar\nav-documents.tsx
[2025-11-09T09:14:31.900Z] [2025-11-09T09:14:31.901Z] [INDEXING-ORCHESTRATOR] [DEBUG] Average chunk size: 2094 characters
[2025-11-09T09:14:31.907Z] [2025-11-09T09:14:31.908Z] [TREESITTER-CHUNKER] [INFO] Created 1 semantic chunks from C:\Projects\educatedplanet\admin\src\app\(main)\dashboard\_components\sidebar\nav-secondary.tsx
[2025-11-09T09:14:31.919Z] [2025-11-09T09:14:31.920Z] [TREESITTER-FULL] [INFO] Extracted 1 symbols from C:\Projects\educatedplanet\admin\src\app\(main)\dashboard\_components\sidebar\nav-secondary.tsx
[2025-11-09T09:14:31.920Z] [2025-11-09T09:14:31.921Z] [INDEXING-ORCHESTRATOR] [DEBUG] 🔍 Symbol extraction for C:\Projects\educatedplanet\admin\src\app\(main)\dashboard\_components\sidebar\nav-secondary.tsx: 1 symbols, 3 imports
[2025-11-09T09:14:31.920Z] [2025-11-09T09:14:31.921Z] [INDEXING-ORCHESTRATOR] [DEBUG] 📍 Chunk 15-43: 1 candidate symbols
[2025-11-09T09:14:31.920Z] [2025-11-09T09:14:31.921Z] [INDEXING-ORCHESTRATOR] [DEBUG] ✅ Chunk symbols after filtering: 1 symbols - NavSecondary
[2025-11-09T09:14:31.920Z] [2025-11-09T09:14:31.921Z] [INDEXING-ORCHESTRATOR] [DEBUG] Created 1 semantic chunks for C:\Projects\educatedplanet\admin\src\app\(main)\dashboard\_components\sidebar\nav-secondary.tsx
[2025-11-09T09:14:31.920Z] [2025-11-09T09:14:31.921Z] [INDEXING-ORCHESTRATOR] [DEBUG] Average chunk size: 716 characters
[2025-11-09T09:14:31.963Z] [2025-11-09T09:14:31.964Z] [TREESITTER-CHUNKER] [INFO] Created 2 semantic chunks from C:\Projects\educatedplanet\admin\src\app\(main)\dashboard\_components\sidebar\nav-main.tsx
[2025-11-09T09:14:32.118Z] [2025-11-09T09:14:32.119Z] [TREESITTER-FULL] [INFO] Extracted 5 symbols from C:\Projects\educatedplanet\admin\src\app\(main)\dashboard\_components\sidebar\nav-main.tsx
[2025-11-09T09:14:32.118Z] [2025-11-09T09:14:32.119Z] [INDEXING-ORCHESTRATOR] [DEBUG] 🔍 Symbol extraction for C:\Projects\educatedplanet\admin\src\app\(main)\dashboard\_components\sidebar\nav-main.tsx: 5 symbols, 9 imports
[2025-11-09T09:14:32.118Z] [2025-11-09T09:14:32.119Z] [INDEXING-ORCHESTRATOR] [DEBUG] 📍 Chunk 31-33: 1 candidate symbols
[2025-11-09T09:14:32.118Z] [2025-11-09T09:14:32.120Z] [INDEXING-ORCHESTRATOR] [DEBUG] ✅ Chunk symbols after filtering: 1 symbols - NavMainProps
[2025-11-09T09:14:32.118Z] [2025-11-09T09:14:32.120Z] [INDEXING-ORCHESTRATOR] [DEBUG] 📍 Chunk 34-231: 4 candidate symbols
[2025-11-09T09:14:32.118Z] [2025-11-09T09:14:32.120Z] [INDEXING-ORCHESTRATOR] [DEBUG] ✅ Chunk symbols after filtering: 4 symbols - IsComingSoon, path, isItemActive, isSubmenuOpen
[2025-11-09T09:14:32.118Z] [2025-11-09T09:14:32.120Z] [INDEXING-ORCHESTRATOR] [DEBUG] Created 2 semantic chunks for C:\Projects\educatedplanet\admin\src\app\(main)\dashboard\_components\sidebar\nav-main.tsx
[2025-11-09T09:14:32.119Z] [2025-11-09T09:14:32.120Z] [INDEXING-ORCHESTRATOR] [DEBUG] Average chunk size: 3814 characters
[2025-11-09T09:14:32.145Z] [2025-11-09T09:14:32.146Z] [TREESITTER-CHUNKER] [INFO] Created 1 semantic chunks from C:\Projects\educatedplanet\admin\src\app\(main)\dashboard\_components\sidebar\nav-user.tsx
[2025-11-09T09:14:32.275Z] [2025-11-09T09:14:32.276Z] [TREESITTER-FULL] [INFO] Extracted 1 symbols from C:\Projects\educatedplanet\admin\src\app\(main)\dashboard\_components\sidebar\nav-user.tsx
[2025-11-09T09:14:32.275Z] [2025-11-09T09:14:32.276Z] [INDEXING-ORCHESTRATOR] [DEBUG] 🔍 Symbol extraction for C:\Projects\educatedplanet\admin\src\app\(main)\dashboard\_components\sidebar\nav-user.tsx: 1 symbols, 5 imports
[2025-11-09T09:14:32.275Z] [2025-11-09T09:14:32.276Z] [INDEXING-ORCHESTRATOR] [DEBUG] 📍 Chunk 18-92: 1 candidate symbols
[2025-11-09T09:14:32.275Z] [2025-11-09T09:14:32.276Z] [INDEXING-ORCHESTRATOR] [DEBUG] ✅ Chunk symbols after filtering: 1 symbols - NavUser
[2025-11-09T09:14:32.275Z] [2025-11-09T09:14:32.276Z] [INDEXING-ORCHESTRATOR] [DEBUG] Created 1 semantic chunks for C:\Projects\educatedplanet\admin\src\app\(main)\dashboard\_components\sidebar\nav-user.tsx
[2025-11-09T09:14:32.275Z] [2025-11-09T09:14:32.276Z] [INDEXING-ORCHESTRATOR] [DEBUG] Average chunk size: 2906 characters
[2025-11-09T09:14:32.365Z] [2025-11-09T09:14:32.366Z] [TREESITTER-CHUNKER] [INFO] Created 2 semantic chunks from C:\Projects\educatedplanet\admin\src\app\(main)\dashboard\classes\_components\class-modal.tsx
[2025-11-09T09:14:32.547Z] [2025-11-09T09:14:32.548Z] [TREESITTER-FULL] [INFO] Extracted 10 symbols from C:\Projects\educatedplanet\admin\src\app\(main)\dashboard\classes\_components\class-modal.tsx
[2025-11-09T09:14:32.547Z] [2025-11-09T09:14:32.548Z] [INDEXING-ORCHESTRATOR] [DEBUG] 🔍 Symbol extraction for C:\Projects\educatedplanet\admin\src\app\(main)\dashboard\classes\_components\class-modal.tsx: 10 symbols, 16 imports
[2025-11-09T09:14:32.547Z] [2025-11-09T09:14:32.548Z] [INDEXING-ORCHESTRATOR] [DEBUG] 📍 Chunk 43-49: 1 candidate symbols
[2025-11-09T09:14:32.547Z] [2025-11-09T09:14:32.548Z] [INDEXING-ORCHESTRATOR] [DEBUG] ✅ Chunk symbols after filtering: 1 symbols - ClassModalProps
[2025-11-09T09:14:32.547Z] [2025-11-09T09:14:32.548Z] [INDEXING-ORCHESTRATOR] [DEBUG] 📍 Chunk 50-511: 9 candidate symbols
[2025-11-09T09:14:32.547Z] [2025-11-09T09:14:32.548Z] [INDEXING-ORCHESTRATOR] [DEBUG] ✅ Chunk symbols after filtering: 9 symbols - form, handleSubmit, handleAddSubClass, handleRemoveSubClass, handleAddSubject, handleRemoveSubject, handleAddPrerequisite, handleRemovePrerequisite, handleOpenChange
[2025-11-09T09:14:32.547Z] [2025-11-09T09:14:32.548Z] [INDEXING-ORCHESTRATOR] [DEBUG] Created 2 semantic chunks for C:\Projects\educatedplanet\admin\src\app\(main)\dashboard\classes\_components\class-modal.tsx
[2025-11-09T09:14:32.547Z] [2025-11-09T09:14:32.548Z] [INDEXING-ORCHESTRATOR] [DEBUG] Average chunk size: 8745 characters
[2025-11-09T09:14:32.563Z] [2025-11-09T09:14:32.565Z] [TREESITTER-CHUNKER] [INFO] Created 1 semantic chunks from C:\Projects\educatedplanet\admin\src\app\(main)\dashboard\_components\sidebar\theme-switcher.tsx
[2025-11-09T09:14:32.572Z] [2025-11-09T09:14:32.573Z] [TREESITTER-FULL] [INFO] Extracted 1 symbols from C:\Projects\educatedplanet\admin\src\app\(main)\dashboard\_components\sidebar\theme-switcher.tsx
[2025-11-09T09:14:32.572Z] [2025-11-09T09:14:32.573Z] [INDEXING-ORCHESTRATOR] [DEBUG] 🔍 Symbol extraction for C:\Projects\educatedplanet\admin\src\app\(main)\dashboard\_components\sidebar\theme-switcher.tsx: 1 symbols, 5 imports
[2025-11-09T09:14:32.572Z] [2025-11-09T09:14:32.573Z] [INDEXING-ORCHESTRATOR] [DEBUG] 📍 Chunk 10-26: 1 candidate symbols
[2025-11-09T09:14:32.572Z] [2025-11-09T09:14:32.573Z] [INDEXING-ORCHESTRATOR] [DEBUG] ✅ Chunk symbols after filtering: 1 symbols - ThemeSwitcher
[2025-11-09T09:14:32.572Z] [2025-11-09T09:14:32.573Z] [INDEXING-ORCHESTRATOR] [DEBUG] Created 1 semantic chunks for C:\Projects\educatedplanet\admin\src\app\(main)\dashboard\_components\sidebar\theme-switcher.tsx
[2025-11-09T09:14:32.572Z] [2025-11-09T09:14:32.573Z] [INDEXING-ORCHESTRATOR] [DEBUG] Average chunk size: 527 characters
[2025-11-09T09:14:32.588Z] [2025-11-09T09:14:32.590Z] [TREESITTER-CHUNKER] [INFO] Created 1 semantic chunks from C:\Projects\educatedplanet\admin\src\app\(main)\dashboard\_components\sidebar\search-dialog.tsx
[2025-11-09T09:14:32.621Z] [2025-11-09T09:14:32.622Z] [TREESITTER-FULL] [INFO] Extracted 1 symbols from C:\Projects\educatedplanet\admin\src\app\(main)\dashboard\_components\sidebar\search-dialog.tsx
[2025-11-09T09:14:32.621Z] [2025-11-09T09:14:32.622Z] [INDEXING-ORCHESTRATOR] [DEBUG] 🔍 Symbol extraction for C:\Projects\educatedplanet\admin\src\app\(main)\dashboard\_components\sidebar\search-dialog.tsx: 1 symbols, 4 imports
[2025-11-09T09:14:32.621Z] [2025-11-09T09:14:32.622Z] [INDEXING-ORCHESTRATOR] [DEBUG] 📍 Chunk 1-80: 1 candidate symbols
[2025-11-09T09:14:32.621Z] [2025-11-09T09:14:32.622Z] [INDEXING-ORCHESTRATOR] [DEBUG] ✅ Chunk symbols after filtering: 1 symbols - searchItems
[2025-11-09T09:14:32.621Z] [2025-11-09T09:14:32.622Z] [INDEXING-ORCHESTRATOR] [DEBUG] Created 1 semantic chunks for C:\Projects\educatedplanet\admin\src\app\(main)\dashboard\_components\sidebar\search-dialog.tsx
[2025-11-09T09:14:32.621Z] [2025-11-09T09:14:32.622Z] [INDEXING-ORCHESTRATOR] [DEBUG] Average chunk size: 2935 characters
[2025-11-09T09:14:32.677Z] [2025-11-09T09:14:32.678Z] [TREESITTER-CHUNKER] [INFO] Created 1 semantic chunks from C:\Projects\educatedplanet\admin\src\app\(main)\dashboard\classes\_components\columns.tsx
[2025-11-09T09:14:32.811Z] [2025-11-09T09:14:32.812Z] [TREESITTER-FULL] [INFO] Extracted 5 symbols from C:\Projects\educatedplanet\admin\src\app\(main)\dashboard\classes\_components\columns.tsx
[2025-11-09T09:14:32.811Z] [2025-11-09T09:14:32.813Z] [INDEXING-ORCHESTRATOR] [DEBUG] 🔍 Symbol extraction for C:\Projects\educatedplanet\admin\src\app\(main)\dashboard\classes\_components\columns.tsx: 5 symbols, 13 imports
[2025-11-09T09:14:32.811Z] [2025-11-09T09:14:32.813Z] [INDEXING-ORCHESTRATOR] [DEBUG] 📍 Chunk 1-374: 5 candidate symbols
[2025-11-09T09:14:32.812Z] [2025-11-09T09:14:32.813Z] [INDEXING-ORCHESTRATOR] [DEBUG] ✅ Chunk symbols after filtering: 5 symbols - getCategoryVariant, getCategoryLabel, getStatusVariant, handleDelete, handleToggleStatus
[2025-11-09T09:14:32.812Z] [2025-11-09T09:14:32.813Z] [INDEXING-ORCHESTRATOR] [DEBUG] Created 1 semantic chunks for C:\Projects\educatedplanet\admin\src\app\(main)\dashboard\classes\_components\columns.tsx
[2025-11-09T09:14:32.812Z] [2025-11-09T09:14:32.813Z] [INDEXING-ORCHESTRATOR] [DEBUG] Average chunk size: 11851 characters
[2025-11-09T09:14:32.849Z] [2025-11-09T09:14:32.850Z] [TREESITTER-CHUNKER] [INFO] Created 2 semantic chunks from C:\Projects\educatedplanet\admin\src\app\(main)\dashboard\classes\_components\classes-table.tsx
[2025-11-09T09:14:32.988Z] [2025-11-09T09:14:32.989Z] [TREESITTER-FULL] [INFO] Extracted 6 symbols from C:\Projects\educatedplanet\admin\src\app\(main)\dashboard\classes\_components\classes-table.tsx
[2025-11-09T09:14:32.988Z] [2025-11-09T09:14:32.989Z] [INDEXING-ORCHESTRATOR] [DEBUG] 🔍 Symbol extraction for C:\Projects\educatedplanet\admin\src\app\(main)\dashboard\classes\_components\classes-table.tsx: 6 symbols, 15 imports
[2025-11-09T09:14:32.988Z] [2025-11-09T09:14:32.989Z] [INDEXING-ORCHESTRATOR] [DEBUG] 📍 Chunk 26-35: 1 candidate symbols
[2025-11-09T09:14:32.988Z] [2025-11-09T09:14:32.989Z] [INDEXING-ORCHESTRATOR] [DEBUG] ✅ Chunk symbols after filtering: 1 symbols - ClassesResponse
[2025-11-09T09:14:32.988Z] [2025-11-09T09:14:32.989Z] [INDEXING-ORCHESTRATOR] [DEBUG] 📍 Chunk 36-325: 5 candidate symbols
[2025-11-09T09:14:32.988Z] [2025-11-09T09:14:32.989Z] [INDEXING-ORCHESTRATOR] [DEBUG] ✅ Chunk symbols after filtering: 5 symbols - fetchClasses, handleRefresh, handleExport, handleClassSubmit, table
[2025-11-09T09:14:32.988Z] [2025-11-09T09:14:32.989Z] [INDEXING-ORCHESTRATOR] [DEBUG] Created 2 semantic chunks for C:\Projects\educatedplanet\admin\src\app\(main)\dashboard\classes\_components\classes-table.tsx
[2025-11-09T09:14:32.988Z] [2025-11-09T09:14:32.989Z] [INDEXING-ORCHESTRATOR] [DEBUG] Average chunk size: 5311 characters
[2025-11-09T09:14:32.988Z] [2025-11-09T09:14:32.989Z] [INDEXING-ORCHESTRATOR] [DEBUG] 📊 Processed: 20/259 files
[2025-11-09T09:14:33.029Z] [2025-11-09T09:14:33.030Z] [TREESITTER-CHUNKER] [INFO] Created 5 semantic chunks from C:\Projects\educatedplanet\admin\src\app\(main)\dashboard\classes\_components\schema.ts
[2025-11-09T09:14:33.075Z] [2025-11-09T09:14:33.077Z] [TREESITTER-FULL] [INFO] Extracted 8 symbols from C:\Projects\educatedplanet\admin\src\app\(main)\dashboard\classes\_components\schema.ts
[2025-11-09T09:14:33.075Z] [2025-11-09T09:14:33.077Z] [INDEXING-ORCHESTRATOR] [DEBUG] 🔍 Symbol extraction for C:\Projects\educatedplanet\admin\src\app\(main)\dashboard\classes\_components\schema.ts: 8 symbols, 1 imports
[2025-11-09T09:14:33.075Z] [2025-11-09T09:14:33.077Z] [INDEXING-ORCHESTRATOR] [DEBUG] 📍 Chunk 4-14: 0 candidate symbols
[2025-11-09T09:14:33.076Z] [2025-11-09T09:14:33.077Z] [INDEXING-ORCHESTRATOR] [DEBUG] ✅ Chunk symbols after filtering: 0 symbols - 
[2025-11-09T09:14:33.076Z] [2025-11-09T09:14:33.077Z] [INDEXING-ORCHESTRATOR] [DEBUG] 📍 Chunk 37-37: 1 candidate symbols
[2025-11-09T09:14:33.076Z] [2025-11-09T09:14:33.077Z] [INDEXING-ORCHESTRATOR] [DEBUG] ✅ Chunk symbols after filtering: 1 symbols - ClassTable
[2025-11-09T09:14:33.076Z] [2025-11-09T09:14:33.077Z] [INDEXING-ORCHESTRATOR] [DEBUG] 📍 Chunk 72-72: 1 candidate symbols
[2025-11-09T09:14:33.076Z] [2025-11-09T09:14:33.077Z] [INDEXING-ORCHESTRATOR] [DEBUG] ✅ Chunk symbols after filtering: 1 symbols - ClassForm
[2025-11-09T09:14:33.076Z] [2025-11-09T09:14:33.077Z] [INDEXING-ORCHESTRATOR] [DEBUG] 📍 Chunk 87-87: 1 candidate symbols
[2025-11-09T09:14:33.076Z] [2025-11-09T09:14:33.077Z] [INDEXING-ORCHESTRATOR] [DEBUG] ✅ Chunk symbols after filtering: 1 symbols - ClassSearch
[2025-11-09T09:14:33.076Z] [2025-11-09T09:14:33.077Z] [INDEXING-ORCHESTRATOR] [DEBUG] 📍 Chunk 97-97: 1 candidate symbols
[2025-11-09T09:14:33.076Z] [2025-11-09T09:14:33.077Z] [INDEXING-ORCHESTRATOR] [DEBUG] ✅ Chunk symbols after filtering: 1 symbols - SubClassForm
[2025-11-09T09:14:33.076Z] [2025-11-09T09:14:33.077Z] [INDEXING-ORCHESTRATOR] [DEBUG] Created 5 semantic chunks for C:\Projects\educatedplanet\admin\src\app\(main)\dashboard\classes\_components\schema.ts
[2025-11-09T09:14:33.076Z] [2025-11-09T09:14:33.077Z] [INDEXING-ORCHESTRATOR] [DEBUG] Average chunk size: 96 characters
[2025-11-09T09:14:33.079Z] [2025-11-09T09:14:33.080Z] [TREESITTER-CHUNKER] [INFO] Created 1 semantic chunks from C:\Projects\educatedplanet\admin\src\app\(main)\dashboard\coming-soon\page.tsx
[2025-11-09T09:14:33.085Z] [2025-11-09T09:14:33.086Z] [TREESITTER-FULL] [INFO] Extracted 1 symbols from C:\Projects\educatedplanet\admin\src\app\(main)\dashboard\coming-soon\page.tsx
[2025-11-09T09:14:33.085Z] [2025-11-09T09:14:33.086Z] [INDEXING-ORCHESTRATOR] [DEBUG] 🔍 Symbol extraction for C:\Projects\educatedplanet\admin\src\app\(main)\dashboard\coming-soon\page.tsx: 1 symbols, 0 imports
[2025-11-09T09:14:33.085Z] [2025-11-09T09:14:33.086Z] [INDEXING-ORCHESTRATOR] [DEBUG] 📍 Chunk 1-8: 1 candidate symbols
[2025-11-09T09:14:33.085Z] [2025-11-09T09:14:33.086Z] [INDEXING-ORCHESTRATOR] [DEBUG] ✅ Chunk symbols after filtering: 1 symbols - Page
[2025-11-09T09:14:33.085Z] [2025-11-09T09:14:33.086Z] [INDEXING-ORCHESTRATOR] [DEBUG] Created 1 semantic chunks for C:\Projects\educatedplanet\admin\src\app\(main)\dashboard\coming-soon\page.tsx
[2025-11-09T09:14:33.085Z] [2025-11-09T09:14:33.086Z] [INDEXING-ORCHESTRATOR] [DEBUG] Average chunk size: 331 characters
[2025-11-09T09:14:33.102Z] [2025-11-09T09:14:33.103Z] [TREESITTER-CHUNKER] [INFO] Created 1 semantic chunks from C:\Projects\educatedplanet\admin\src\app\(main)\dashboard\crm\_components\columns.crm.tsx
[2025-11-09T09:14:33.132Z] [2025-11-09T09:14:33.133Z] [TREESITTER-FULL] [INFO] Extracted 0 symbols from C:\Projects\educatedplanet\admin\src\app\(main)\dashboard\crm\_components\columns.crm.tsx
[2025-11-09T09:14:33.132Z] [2025-11-09T09:14:33.133Z] [INDEXING-ORCHESTRATOR] [DEBUG] 🔍 Symbol extraction for C:\Projects\educatedplanet\admin\src\app\(main)\dashboard\crm\_components\columns.crm.tsx: 0 symbols, 8 imports
[2025-11-09T09:14:33.132Z] [2025-11-09T09:14:33.133Z] [INDEXING-ORCHESTRATOR] [DEBUG] 📍 Chunk 1-84: 0 candidate symbols
[2025-11-09T09:14:33.132Z] [2025-11-09T09:14:33.133Z] [INDEXING-ORCHESTRATOR] [DEBUG] ✅ Chunk symbols after filtering: 0 symbols - 
[2025-11-09T09:14:33.132Z] [2025-11-09T09:14:33.133Z] [INDEXING-ORCHESTRATOR] [DEBUG] Created 1 semantic chunks for C:\Projects\educatedplanet\admin\src\app\(main)\dashboard\crm\_components\columns.crm.tsx
[2025-11-09T09:14:33.132Z] [2025-11-09T09:14:33.133Z] [INDEXING-ORCHESTRATOR] [DEBUG] Average chunk size: 2876 characters
[2025-11-09T09:14:33.147Z] [2025-11-09T09:14:33.149Z] [TREESITTER-CHUNKER] [INFO] Created 1 semantic chunks from C:\Projects\educatedplanet\admin\src\app\(main)\dashboard\crm\_components\overview-cards.tsx
[2025-11-09T09:14:33.187Z] [2025-11-09T09:14:33.188Z] [TREESITTER-FULL] [INFO] Extracted 1 symbols from C:\Projects\educatedplanet\admin\src\app\(main)\dashboard\crm\_components\overview-cards.tsx
[2025-11-09T09:14:33.187Z] [2025-11-09T09:14:33.188Z] [INDEXING-ORCHESTRATOR] [DEBUG] 🔍 Symbol extraction for C:\Projects\educatedplanet\admin\src\app\(main)\dashboard\crm\_components\overview-cards.tsx: 1 symbols, 6 imports
[2025-11-09T09:14:33.187Z] [2025-11-09T09:14:33.188Z] [INDEXING-ORCHESTRATOR] [DEBUG] 📍 Chunk 1-152: 1 candidate symbols
[2025-11-09T09:14:33.187Z] [2025-11-09T09:14:33.188Z] [INDEXING-ORCHESTRATOR] [DEBUG] ✅ Chunk symbols after filtering: 1 symbols - lastMonth
[2025-11-09T09:14:33.187Z] [2025-11-09T09:14:33.188Z] [INDEXING-ORCHESTRATOR] [DEBUG] Created 1 semantic chunks for C:\Projects\educatedplanet\admin\src\app\(main)\dashboard\crm\_components\overview-cards.tsx
[2025-11-09T09:14:33.187Z] [2025-11-09T09:14:33.188Z] [INDEXING-ORCHESTRATOR] [DEBUG] Average chunk size: 5874 characters
[2025-11-09T09:14:33.207Z] [2025-11-09T09:14:33.208Z] [TREESITTER-CHUNKER] [INFO] Created 1 semantic chunks from C:\Projects\educatedplanet\admin\src\app\(main)\dashboard\crm\_components\insight-cards.tsx
[2025-11-09T09:14:33.261Z] [2025-11-09T09:14:33.263Z] [TREESITTER-FULL] [INFO] Extracted 1 symbols from C:\Projects\educatedplanet\admin\src\app\(main)\dashboard\crm\_components\insight-cards.tsx
[2025-11-09T09:14:33.261Z] [2025-11-09T09:14:33.263Z] [INDEXING-ORCHESTRATOR] [DEBUG] 🔍 Symbol extraction for C:\Projects\educatedplanet\admin\src\app\(main)\dashboard\crm\_components\insight-cards.tsx: 1 symbols, 5 imports
[2025-11-09T09:14:33.261Z] [2025-11-09T09:14:33.263Z] [INDEXING-ORCHESTRATOR] [DEBUG] 📍 Chunk 1-155: 1 candidate symbols
[2025-11-09T09:14:33.261Z] [2025-11-09T09:14:33.263Z] [INDEXING-ORCHESTRATOR] [DEBUG] ✅ Chunk symbols after filtering: 1 symbols - totalLeads
[2025-11-09T09:14:33.262Z] [2025-11-09T09:14:33.263Z] [INDEXING-ORCHESTRATOR] [DEBUG] Created 1 semantic chunks for C:\Projects\educatedplanet\admin\src\app\(main)\dashboard\crm\_components\insight-cards.tsx
[2025-11-09T09:14:33.262Z] [2025-11-09T09:14:33.263Z] [INDEXING-ORCHESTRATOR] [DEBUG] Average chunk size: 6050 characters
[2025-11-09T09:14:33.276Z] [2025-11-09T09:14:33.278Z] [TREESITTER-CHUNKER] [INFO] Created 1 semantic chunks from C:\Projects\educatedplanet\admin\src\app\(main)\dashboard\crm\_components\crm.config.ts
[2025-11-09T09:14:33.308Z] [2025-11-09T09:14:33.309Z] [TREESITTER-FULL] [INFO] Extracted 15 symbols from C:\Projects\educatedplanet\admin\src\app\(main)\dashboard\crm\_components\crm.config.ts
[2025-11-09T09:14:33.308Z] [2025-11-09T09:14:33.310Z] [INDEXING-ORCHESTRATOR] [DEBUG] 🔍 Symbol extraction for C:\Projects\educatedplanet\admin\src\app\(main)\dashboard\crm\_components\crm.config.ts: 15 symbols, 1 imports
[2025-11-09T09:14:33.308Z] [2025-11-09T09:14:33.310Z] [INDEXING-ORCHESTRATOR] [DEBUG] 📍 Chunk 1-334: 15 candidate symbols
[2025-11-09T09:14:33.308Z] [2025-11-09T09:14:33.310Z] [INDEXING-ORCHESTRATOR] [DEBUG] ✅ Chunk symbols after filtering: 15 symbols - leadsChartData, leadsChartConfig, proposalsChartData, proposalsChartConfig, revenueChartData, revenueChartConfig, leadsBySourceChartData, leadsBySourceChartConfig, projectRevenueChartData, projectRevenueChartConfig, salesPipelineChartData, salesPipelineChartConfig, regionSalesData, actionItems, recentLeadsData
[2025-11-09T09:14:33.309Z] [2025-11-09T09:14:33.310Z] [INDEXING-ORCHESTRATOR] [DEBUG] Created 1 semantic chunks for C:\Projects\educatedplanet\admin\src\app\(main)\dashboard\crm\_components\crm.config.ts
[2025-11-09T09:14:33.309Z] [2025-11-09T09:14:33.310Z] [INDEXING-ORCHESTRATOR] [DEBUG] Average chunk size: 7787 characters
[2025-11-09T09:14:33.322Z] [2025-11-09T09:14:33.323Z] [TREESITTER-CHUNKER] [INFO] Created 3 semantic chunks from C:\Projects\educatedplanet\admin\src\app\(main)\dashboard\crm\_components\operational-cards.tsx
[2025-11-09T09:14:33.359Z] [2025-11-09T09:14:33.360Z] [TREESITTER-FULL] [INFO] Extracted 1 symbols from C:\Projects\educatedplanet\admin\src\app\(main)\dashboard\crm\_components\operational-cards.tsx
[2025-11-09T09:14:33.359Z] [2025-11-09T09:14:33.360Z] [INDEXING-ORCHESTRATOR] [DEBUG] 🔍 Symbol extraction for C:\Projects\educatedplanet\admin\src\app\(main)\dashboard\crm\_components\operational-cards.tsx: 1 symbols, 8 imports
[2025-11-09T09:14:33.359Z] [2025-11-09T09:14:33.360Z] [INDEXING-ORCHESTRATOR] [DEBUG] 📍 Chunk 55-60: 0 candidate symbols
[2025-11-09T09:14:33.359Z] [2025-11-09T09:14:33.360Z] [INDEXING-ORCHESTRATOR] [DEBUG] ✅ Chunk symbols after filtering: 0 symbols - 
[2025-11-09T09:14:33.359Z] [2025-11-09T09:14:33.360Z] [INDEXING-ORCHESTRATOR] [DEBUG] 📍 Chunk 93-100: 0 candidate symbols
[2025-11-09T09:14:33.359Z] [2025-11-09T09:14:33.360Z] [INDEXING-ORCHESTRATOR] [DEBUG] ✅ Chunk symbols after filtering: 0 symbols - 
[2025-11-09T09:14:33.359Z] [2025-11-09T09:14:33.360Z] [INDEXING-ORCHESTRATOR] [DEBUG] 📍 Chunk 101-116: 0 candidate symbols
[2025-11-09T09:14:33.359Z] [2025-11-09T09:14:33.360Z] [INDEXING-ORCHESTRATOR] [DEBUG] ✅ Chunk symbols after filtering: 0 symbols - 
[2025-11-09T09:14:33.359Z] [2025-11-09T09:14:33.360Z] [INDEXING-ORCHESTRATOR] [DEBUG] Created 3 semantic chunks for C:\Projects\educatedplanet\admin\src\app\(main)\dashboard\crm\_components\operational-cards.tsx
[2025-11-09T09:14:33.359Z] [2025-11-09T09:14:33.360Z] [INDEXING-ORCHESTRATOR] [DEBUG] Average chunk size: 382 characters
[2025-11-09T09:14:33.363Z] [2025-11-09T09:14:33.365Z] [TREESITTER-CHUNKER] [INFO] Created 1 semantic chunks from C:\Projects\educatedplanet\admin\src\app\(main)\dashboard\crm\_components\table-cards.tsx
[2025-11-09T09:14:33.380Z] [2025-11-09T09:14:33.381Z] [TREESITTER-FULL] [INFO] Extracted 1 symbols from C:\Projects\educatedplanet\admin\src\app\(main)\dashboard\crm\_components\table-cards.tsx
[2025-11-09T09:14:33.380Z] [2025-11-09T09:14:33.381Z] [INDEXING-ORCHESTRATOR] [DEBUG] 🔍 Symbol extraction for C:\Projects\educatedplanet\admin\src\app\(main)\dashboard\crm\_components\table-cards.tsx: 1 symbols, 9 imports
[2025-11-09T09:14:33.380Z] [2025-11-09T09:14:33.381Z] [INDEXING-ORCHESTRATOR] [DEBUG] 📍 Chunk 15-47: 1 candidate symbols
[2025-11-09T09:14:33.380Z] [2025-11-09T09:14:33.381Z] [INDEXING-ORCHESTRATOR] [DEBUG] ✅ Chunk symbols after filtering: 1 symbols - TableCards
[2025-11-09T09:14:33.380Z] [2025-11-09T09:14:33.381Z] [INDEXING-ORCHESTRATOR] [DEBUG] Created 1 semantic chunks for C:\Projects\educatedplanet\admin\src\app\(main)\dashboard\crm\_components\table-cards.tsx
[2025-11-09T09:14:33.380Z] [2025-11-09T09:14:33.381Z] [INDEXING-ORCHESTRATOR] [DEBUG] Average chunk size: 1145 characters
[2025-11-09T09:14:33.382Z] [2025-11-09T09:14:33.383Z] [TREESITTER-CHUNKER] [INFO] Created 1 semantic chunks from C:\Projects\educatedplanet\admin\src\app\(main)\dashboard\classes\page.tsx
[2025-11-09T09:14:33.383Z] [2025-11-09T09:14:33.384Z] [TREESITTER-FULL] [INFO] Extracted 1 symbols from C:\Projects\educatedplanet\admin\src\app\(main)\dashboard\classes\page.tsx
[2025-11-09T09:14:33.383Z] [2025-11-09T09:14:33.384Z] [INDEXING-ORCHESTRATOR] [DEBUG] 🔍 Symbol extraction for C:\Projects\educatedplanet\admin\src\app\(main)\dashboard\classes\page.tsx: 1 symbols, 2 imports
[2025-11-09T09:14:33.383Z] [2025-11-09T09:14:33.384Z] [INDEXING-ORCHESTRATOR] [DEBUG] 📍 Chunk 4-13: 1 candidate symbols
[2025-11-09T09:14:33.383Z] [2025-11-09T09:14:33.384Z] [INDEXING-ORCHESTRATOR] [DEBUG] ✅ Chunk symbols after filtering: 1 symbols - ClassesPage
[2025-11-09T09:14:33.383Z] [2025-11-09T09:14:33.384Z] [INDEXING-ORCHESTRATOR] [DEBUG] Created 1 semantic chunks for C:\Projects\educatedplanet\admin\src\app\(main)\dashboard\classes\page.tsx
[2025-11-09T09:14:33.383Z] [2025-11-09T09:14:33.384Z] [INDEXING-ORCHESTRATOR] [DEBUG] Average chunk size: 208 characters
[2025-11-09T09:14:33.384Z] [2025-11-09T09:14:33.385Z] [TREESITTER-CHUNKER] [INFO] Created 1 semantic chunks from C:\Projects\educatedplanet\admin\src\app\(main)\dashboard\crm\_components\schema.ts
[2025-11-09T09:14:33.386Z] [2025-11-09T09:14:33.387Z] [TREESITTER-FULL] [INFO] Extracted 1 symbols from C:\Projects\educatedplanet\admin\src\app\(main)\dashboard\crm\_components\schema.ts
[2025-11-09T09:14:33.386Z] [2025-11-09T09:14:33.387Z] [INDEXING-ORCHESTRATOR] [DEBUG] 🔍 Symbol extraction for C:\Projects\educatedplanet\admin\src\app\(main)\dashboard\crm\_components\schema.ts: 1 symbols, 1 imports
[2025-11-09T09:14:33.386Z] [2025-11-09T09:14:33.387Z] [INDEXING-ORCHESTRATOR] [DEBUG] 📍 Chunk 1-11: 1 candidate symbols
[2025-11-09T09:14:33.386Z] [2025-11-09T09:14:33.387Z] [INDEXING-ORCHESTRATOR] [DEBUG] ✅ Chunk symbols after filtering: 1 symbols - recentLeadSchema
[2025-11-09T09:14:33.386Z] [2025-11-09T09:14:33.387Z] [INDEXING-ORCHESTRATOR] [DEBUG] Created 1 semantic chunks for C:\Projects\educatedplanet\admin\src\app\(main)\dashboard\crm\_components\schema.ts
[2025-11-09T09:14:33.386Z] [2025-11-09T09:14:33.387Z] [INDEXING-ORCHESTRATOR] [DEBUG] Average chunk size: 210 characters
[2025-11-09T09:14:33.386Z] [2025-11-09T09:14:33.387Z] [INDEXING-ORCHESTRATOR] [DEBUG] 📊 Processed: 30/259 files
[2025-11-09T09:14:33.424Z] [2025-11-09T09:14:33.425Z] [TREESITTER-CHUNKER] [INFO] Created 1 semantic chunks from C:\Projects\educatedplanet\admin\src\app\(main)\dashboard\default\_components\chart-area-interactive.tsx
[2025-11-09T09:14:33.502Z] [2025-11-09T09:14:33.503Z] [TREESITTER-FULL] [INFO] Extracted 4 symbols from C:\Projects\educatedplanet\admin\src\app\(main)\dashboard\default\_components\chart-area-interactive.tsx
[2025-11-09T09:14:33.502Z] [2025-11-09T09:14:33.503Z] [INDEXING-ORCHESTRATOR] [DEBUG] 🔍 Symbol extraction for C:\Projects\educatedplanet\admin\src\app\(main)\dashboard\default\_components\chart-area-interactive.tsx: 4 symbols, 7 imports
[2025-11-09T09:14:33.502Z] [2025-11-09T09:14:33.503Z] [INDEXING-ORCHESTRATOR] [DEBUG] 📍 Chunk 1-240: 4 candidate symbols
[2025-11-09T09:14:33.502Z] [2025-11-09T09:14:33.503Z] [INDEXING-ORCHESTRATOR] [DEBUG] ✅ Chunk symbols after filtering: 4 symbols - description, chartData, isMobile, filteredData
[2025-11-09T09:14:33.502Z] [2025-11-09T09:14:33.503Z] [INDEXING-ORCHESTRATOR] [DEBUG] Created 1 semantic chunks for C:\Projects\educatedplanet\admin\src\app\(main)\dashboard\default\_components\chart-area-interactive.tsx
[2025-11-09T09:14:33.502Z] [2025-11-09T09:14:33.503Z] [INDEXING-ORCHESTRATOR] [DEBUG] Average chunk size: 10408 characters
[2025-11-09T09:14:33.504Z] [2025-11-09T09:14:33.505Z] [TREESITTER-CHUNKER] [INFO] Created 1 semantic chunks from C:\Projects\educatedplanet\admin\src\app\(main)\dashboard\crm\page.tsx
[2025-11-09T09:14:33.508Z] [2025-11-09T09:14:33.508Z] [TREESITTER-FULL] [INFO] Extracted 1 symbols from C:\Projects\educatedplanet\admin\src\app\(main)\dashboard\crm\page.tsx
[2025-11-09T09:14:33.508Z] [2025-11-09T09:14:33.509Z] [INDEXING-ORCHESTRATOR] [DEBUG] 🔍 Symbol extraction for C:\Projects\educatedplanet\admin\src\app\(main)\dashboard\crm\page.tsx: 1 symbols, 4 imports
[2025-11-09T09:14:33.508Z] [2025-11-09T09:14:33.509Z] [INDEXING-ORCHESTRATOR] [DEBUG] 📍 Chunk 6-15: 1 candidate symbols
[2025-11-09T09:14:33.508Z] [2025-11-09T09:14:33.509Z] [INDEXING-ORCHESTRATOR] [DEBUG] ✅ Chunk symbols after filtering: 1 symbols - Page
[2025-11-09T09:14:33.508Z] [2025-11-09T09:14:33.509Z] [INDEXING-ORCHESTRATOR] [DEBUG] Created 1 semantic chunks for C:\Projects\educatedplanet\admin\src\app\(main)\dashboard\crm\page.tsx
[2025-11-09T09:14:33.509Z] [2025-11-09T09:14:33.509Z] [INDEXING-ORCHESTRATOR] [DEBUG] Average chunk size: 201 characters
[2025-11-09T09:14:33.530Z] [2025-11-09T09:14:33.531Z] [TREESITTER-CHUNKER] [INFO] Created 1 semantic chunks from C:\Projects\educatedplanet\admin\src\app\(main)\dashboard\default\_components\section-cards.tsx
[2025-11-09T09:14:33.581Z] [2025-11-09T09:14:33.582Z] [TREESITTER-FULL] [INFO] Extracted 0 symbols from C:\Projects\educatedplanet\admin\src\app\(main)\dashboard\default\_components\section-cards.tsx
[2025-11-09T09:14:33.581Z] [2025-11-09T09:14:33.582Z] [INDEXING-ORCHESTRATOR] [DEBUG] 🔍 Symbol extraction for C:\Projects\educatedplanet\admin\src\app\(main)\dashboard\default\_components\section-cards.tsx: 0 symbols, 5 imports
[2025-11-09T09:14:33.581Z] [2025-11-09T09:14:33.582Z] [INDEXING-ORCHESTRATOR] [DEBUG] 📍 Chunk 1-156: 0 candidate symbols
[2025-11-09T09:14:33.581Z] [2025-11-09T09:14:33.582Z] [INDEXING-ORCHESTRATOR] [DEBUG] ✅ Chunk symbols after filtering: 0 symbols - 
[2025-11-09T09:14:33.581Z] [2025-11-09T09:14:33.582Z] [INDEXING-ORCHESTRATOR] [DEBUG] Created 1 semantic chunks for C:\Projects\educatedplanet\admin\src\app\(main)\dashboard\default\_components\section-cards.tsx
[2025-11-09T09:14:33.581Z] [2025-11-09T09:14:33.582Z] [INDEXING-ORCHESTRATOR] [DEBUG] Average chunk size: 6581 characters
[2025-11-09T09:14:33.582Z] [2025-11-09T09:14:33.584Z] [TREESITTER-CHUNKER] [INFO] Created 1 semantic chunks from C:\Projects\educatedplanet\admin\src\app\(main)\dashboard\default\_components\schema.ts
[2025-11-09T09:14:33.584Z] [2025-11-09T09:14:33.585Z] [TREESITTER-FULL] [INFO] Extracted 1 symbols from C:\Projects\educatedplanet\admin\src\app\(main)\dashboard\default\_components\schema.ts
[2025-11-09T09:14:33.584Z] [2025-11-09T09:14:33.585Z] [INDEXING-ORCHESTRATOR] [DEBUG] 🔍 Symbol extraction for C:\Projects\educatedplanet\admin\src\app\(main)\dashboard\default\_components\schema.ts: 1 symbols, 1 imports
[2025-11-09T09:14:33.584Z] [2025-11-09T09:14:33.585Z] [INDEXING-ORCHESTRATOR] [DEBUG] 📍 Chunk 1-12: 1 candidate symbols
[2025-11-09T09:14:33.584Z] [2025-11-09T09:14:33.586Z] [INDEXING-ORCHESTRATOR] [DEBUG] ✅ Chunk symbols after filtering: 1 symbols - sectionSchema
[2025-11-09T09:14:33.584Z] [2025-11-09T09:14:33.586Z] [INDEXING-ORCHESTRATOR] [DEBUG] Created 1 semantic chunks for C:\Projects\educatedplanet\admin\src\app\(main)\dashboard\default\_components\schema.ts
[2025-11-09T09:14:33.584Z] [2025-11-09T09:14:33.586Z] [INDEXING-ORCHESTRATOR] [DEBUG] Average chunk size: 228 characters
[2025-11-09T09:14:33.604Z] [2025-11-09T09:14:33.605Z] [TREESITTER-CHUNKER] [INFO] Created 1 semantic chunks from C:\Projects\educatedplanet\admin\src\app\(main)\dashboard\default\_components\table-cell-viewer.tsx
[2025-11-09T09:14:33.628Z] [2025-11-09T09:14:33.630Z] [TREESITTER-FULL] [INFO] Extracted 2 symbols from C:\Projects\educatedplanet\admin\src\app\(main)\dashboard\default\_components\table-cell-viewer.tsx
[2025-11-09T09:14:33.628Z] [2025-11-09T09:14:33.630Z] [INDEXING-ORCHESTRATOR] [DEBUG] 🔍 Symbol extraction for C:\Projects\educatedplanet\admin\src\app\(main)\dashboard\default\_components\table-cell-viewer.tsx: 2 symbols, 12 imports
[2025-11-09T09:14:33.628Z] [2025-11-09T09:14:33.630Z] [INDEXING-ORCHESTRATOR] [DEBUG] 📍 Chunk 1-186: 2 candidate symbols
[2025-11-09T09:14:33.628Z] [2025-11-09T09:14:33.630Z] [INDEXING-ORCHESTRATOR] [DEBUG] ✅ Chunk symbols after filtering: 2 symbols - chartData, isMobile
[2025-11-09T09:14:33.629Z] [2025-11-09T09:14:33.630Z] [INDEXING-ORCHESTRATOR] [DEBUG] Created 1 semantic chunks for C:\Projects\educatedplanet\admin\src\app\(main)\dashboard\default\_components\table-cell-viewer.tsx
[2025-11-09T09:14:33.629Z] [2025-11-09T09:14:33.630Z] [INDEXING-ORCHESTRATOR] [DEBUG] Average chunk size: 7557 characters
[2025-11-09T09:14:33.650Z] [2025-11-09T09:14:33.651Z] [TREESITTER-CHUNKER] [INFO] Created 1 semantic chunks from C:\Projects\educatedplanet\admin\src\app\(main)\dashboard\default\_components\data-table.tsx
[2025-11-09T09:14:33.900Z] [2025-11-09T09:14:33.901Z] [TREESITTER-FULL] [INFO] Extracted 1 symbols from C:\Projects\educatedplanet\admin\src\app\(main)\dashboard\default\_components\data-table.tsx
[2025-11-09T09:14:33.900Z] [2025-11-09T09:14:33.901Z] [INDEXING-ORCHESTRATOR] [DEBUG] 🔍 Symbol extraction for C:\Projects\educatedplanet\admin\src\app\(main)\dashboard\default\_components\data-table.tsx: 1 symbols, 15 imports
[2025-11-09T09:14:33.900Z] [2025-11-09T09:14:33.901Z] [INDEXING-ORCHESTRATOR] [DEBUG] 📍 Chunk 23-80: 1 candidate symbols
[2025-11-09T09:14:33.900Z] [2025-11-09T09:14:33.901Z] [INDEXING-ORCHESTRATOR] [DEBUG] ✅ Chunk symbols after filtering: 1 symbols - DataTable
[2025-11-09T09:14:33.900Z] [2025-11-09T09:14:33.901Z] [INDEXING-ORCHESTRATOR] [DEBUG] Created 1 semantic chunks for C:\Projects\educatedplanet\admin\src\app\(main)\dashboard\default\_components\data-table.tsx
[2025-11-09T09:14:33.900Z] [2025-11-09T09:14:33.901Z] [INDEXING-ORCHESTRATOR] [DEBUG] Average chunk size: 2958 characters
[2025-11-09T09:14:33.931Z] [2025-11-09T09:14:33.932Z] [TREESITTER-CHUNKER] [INFO] Created 1 semantic chunks from C:\Projects\educatedplanet\admin\src\app\(main)\dashboard\default\_components\columns.tsx
[2025-11-09T09:14:34.038Z] [2025-11-09T09:14:34.038Z] [TREESITTER-FULL] [INFO] Extracted 0 symbols from C:\Projects\educatedplanet\admin\src\app\(main)\dashboard\default\_components\columns.tsx
[2025-11-09T09:14:34.038Z] [2025-11-09T09:14:34.039Z] [INDEXING-ORCHESTRATOR] [DEBUG] 🔍 Symbol extraction for C:\Projects\educatedplanet\admin\src\app\(main)\dashboard\default\_components\columns.tsx: 0 symbols, 14 imports
[2025-11-09T09:14:34.038Z] [2025-11-09T09:14:34.039Z] [INDEXING-ORCHESTRATOR] [DEBUG] 📍 Chunk 1-191: 0 candidate symbols
[2025-11-09T09:14:34.038Z] [2025-11-09T09:14:34.039Z] [INDEXING-ORCHESTRATOR] [DEBUG] ✅ Chunk symbols after filtering: 0 symbols - 
[2025-11-09T09:14:34.038Z] [2025-11-09T09:14:34.039Z] [INDEXING-ORCHESTRATOR] [DEBUG] Created 1 semantic chunks for C:\Projects\educatedplanet\admin\src\app\(main)\dashboard\default\_components\columns.tsx
[2025-11-09T09:14:34.038Z] [2025-11-09T09:14:34.039Z] [INDEXING-ORCHESTRATOR] [DEBUG] Average chunk size: 6693 characters
[2025-11-09T09:14:34.051Z] [2025-11-09T09:14:34.052Z] [TREESITTER-CHUNKER] [INFO] Created 2 semantic chunks from C:\Projects\educatedplanet\admin\src\app\(main)\dashboard\finance\_components\currency-exchange.tsx
[2025-11-09T09:14:34.079Z] [2025-11-09T09:14:34.081Z] [TREESITTER-FULL] [INFO] Extracted 1 symbols from C:\Projects\educatedplanet\admin\src\app\(main)\dashboard\finance\_components\currency-exchange.tsx
[2025-11-09T09:14:34.079Z] [2025-11-09T09:14:34.081Z] [INDEXING-ORCHESTRATOR] [DEBUG] 🔍 Symbol extraction for C:\Projects\educatedplanet\admin\src\app\(main)\dashboard\finance\_components\currency-exchange.tsx: 1 symbols, 6 imports
[2025-11-09T09:14:34.079Z] [2025-11-09T09:14:34.081Z] [INDEXING-ORCHESTRATOR] [DEBUG] 📍 Chunk 11-25: 1 candidate symbols
[2025-11-09T09:14:34.079Z] [2025-11-09T09:14:34.081Z] [INDEXING-ORCHESTRATOR] [DEBUG] ✅ Chunk symbols after filtering: 1 symbols - CurrencySelector
[2025-11-09T09:14:34.080Z] [2025-11-09T09:14:34.081Z] [INDEXING-ORCHESTRATOR] [DEBUG] 📍 Chunk 26-82: 0 candidate symbols
[2025-11-09T09:14:34.080Z] [2025-11-09T09:14:34.081Z] [INDEXING-ORCHESTRATOR] [DEBUG] ✅ Chunk symbols after filtering: 0 symbols - 
[2025-11-09T09:14:34.080Z] [2025-11-09T09:14:34.081Z] [INDEXING-ORCHESTRATOR] [DEBUG] Created 2 semantic chunks for C:\Projects\educatedplanet\admin\src\app\(main)\dashboard\finance\_components\currency-exchange.tsx
[2025-11-09T09:14:34.080Z] [2025-11-09T09:14:34.081Z] [INDEXING-ORCHESTRATOR] [DEBUG] Average chunk size: 1466 characters
[2025-11-09T09:14:34.081Z] [2025-11-09T09:14:34.082Z] [TREESITTER-CHUNKER] [INFO] Created 1 semantic chunks from C:\Projects\educatedplanet\admin\src\app\(main)\dashboard\default\page.tsx
[2025-11-09T09:14:34.083Z] [2025-11-09T09:14:34.084Z] [TREESITTER-FULL] [INFO] Extracted 1 symbols from C:\Projects\educatedplanet\admin\src\app\(main)\dashboard\default\page.tsx
[2025-11-09T09:14:34.083Z] [2025-11-09T09:14:34.085Z] [INDEXING-ORCHESTRATOR] [DEBUG] 🔍 Symbol extraction for C:\Projects\educatedplanet\admin\src\app\(main)\dashboard\default\page.tsx: 1 symbols, 4 imports
[2025-11-09T09:14:34.083Z] [2025-11-09T09:14:34.085Z] [INDEXING-ORCHESTRATOR] [DEBUG] 📍 Chunk 6-14: 1 candidate symbols
[2025-11-09T09:14:34.083Z] [2025-11-09T09:14:34.085Z] [INDEXING-ORCHESTRATOR] [DEBUG] ✅ Chunk symbols after filtering: 1 symbols - Page
[2025-11-09T09:14:34.084Z] [2025-11-09T09:14:34.085Z] [INDEXING-ORCHESTRATOR] [DEBUG] Created 1 semantic chunks for C:\Projects\educatedplanet\admin\src\app\(main)\dashboard\default\page.tsx
[2025-11-09T09:14:34.084Z] [2025-11-09T09:14:34.085Z] [INDEXING-ORCHESTRATOR] [DEBUG] Average chunk size: 207 characters
[2025-11-09T09:14:34.106Z] [2025-11-09T09:14:34.107Z] [TREESITTER-CHUNKER] [INFO] Created 2 semantic chunks from C:\Projects\educatedplanet\admin\src\app\(main)\dashboard\finance\_components\account-overview.tsx
[2025-11-09T09:14:34.153Z] [2025-11-09T09:14:34.155Z] [TREESITTER-FULL] [INFO] Extracted 2 symbols from C:\Projects\educatedplanet\admin\src\app\(main)\dashboard\finance\_components\account-overview.tsx
[2025-11-09T09:14:34.153Z] [2025-11-09T09:14:34.155Z] [INDEXING-ORCHESTRATOR] [DEBUG] 🔍 Symbol extraction for C:\Projects\educatedplanet\admin\src\app\(main)\dashboard\finance\_components\account-overview.tsx: 2 symbols, 8 imports
[2025-11-09T09:14:34.153Z] [2025-11-09T09:14:34.155Z] [INDEXING-ORCHESTRATOR] [DEBUG] 📍 Chunk 13-26: 1 candidate symbols
[2025-11-09T09:14:34.153Z] [2025-11-09T09:14:34.155Z] [INDEXING-ORCHESTRATOR] [DEBUG] ✅ Chunk symbols after filtering: 1 symbols - ChipSVG
[2025-11-09T09:14:34.153Z] [2025-11-09T09:14:34.155Z] [INDEXING-ORCHESTRATOR] [DEBUG] 📍 Chunk 27-181: 1 candidate symbols
[2025-11-09T09:14:34.154Z] [2025-11-09T09:14:34.155Z] [INDEXING-ORCHESTRATOR] [DEBUG] ✅ Chunk symbols after filtering: 1 symbols - recentPayments
[2025-11-09T09:14:34.154Z] [2025-11-09T09:14:34.155Z] [INDEXING-ORCHESTRATOR] [DEBUG] Created 2 semantic chunks for C:\Projects\educatedplanet\admin\src\app\(main)\dashboard\finance\_components\account-overview.tsx
[2025-11-09T09:14:34.154Z] [2025-11-09T09:14:34.155Z] [INDEXING-ORCHESTRATOR] [DEBUG] Average chunk size: 3503 characters
[2025-11-09T09:14:34.154Z] [2025-11-09T09:14:34.155Z] [INDEXING-ORCHESTRATOR] [DEBUG] 📊 Processed: 40/259 files
[2025-11-09T09:14:34.169Z] [2025-11-09T09:14:34.170Z] [TREESITTER-CHUNKER] [INFO] Created 2 semantic chunks from C:\Projects\educatedplanet\admin\src\app\(main)\dashboard\layout.tsx
[2025-11-09T09:14:34.185Z] [2025-11-09T09:14:34.186Z] [TREESITTER-FULL] [INFO] Extracted 1 symbols from C:\Projects\educatedplanet\admin\src\app\(main)\dashboard\layout.tsx
[2025-11-09T09:14:34.185Z] [2025-11-09T09:14:34.186Z] [INDEXING-ORCHESTRATOR] [DEBUG] 🔍 Symbol extraction for C:\Projects\educatedplanet\admin\src\app\(main)\dashboard\layout.tsx: 1 symbols, 13 imports
[2025-11-09T09:14:34.185Z] [2025-11-09T09:14:34.186Z] [INDEXING-ORCHESTRATOR] [DEBUG] 📍 Chunk 53-61: 0 candidate symbols
[2025-11-09T09:14:34.185Z] [2025-11-09T09:14:34.186Z] [INDEXING-ORCHESTRATOR] [DEBUG] ✅ Chunk symbols after filtering: 0 symbols - 
[2025-11-09T09:14:34.185Z] [2025-11-09T09:14:34.186Z] [INDEXING-ORCHESTRATOR] [DEBUG] 📍 Chunk 62-85: 0 candidate symbols
[2025-11-09T09:14:34.185Z] [2025-11-09T09:14:34.186Z] [INDEXING-ORCHESTRATOR] [DEBUG] ✅ Chunk symbols after filtering: 0 symbols - 
[2025-11-09T09:14:34.185Z] [2025-11-09T09:14:34.186Z] [INDEXING-ORCHESTRATOR] [DEBUG] Created 2 semantic chunks for C:\Projects\educatedplanet\admin\src\app\(main)\dashboard\layout.tsx
[2025-11-09T09:14:34.185Z] [2025-11-09T09:14:34.186Z] [INDEXING-ORCHESTRATOR] [DEBUG] Average chunk size: 916 characters
[2025-11-09T09:14:34.198Z] [2025-11-09T09:14:34.199Z] [TREESITTER-CHUNKER] [INFO] Created 1 semantic chunks from C:\Projects\educatedplanet\admin\src\app\(main)\dashboard\finance\_components\expense-summary.tsx
[2025-11-09T09:14:34.221Z] [2025-11-09T09:14:34.223Z] [TREESITTER-FULL] [INFO] Extracted 1 symbols from C:\Projects\educatedplanet\admin\src\app\(main)\dashboard\finance\_components\expense-summary.tsx
[2025-11-09T09:14:34.221Z] [2025-11-09T09:14:34.223Z] [INDEXING-ORCHESTRATOR] [DEBUG] 🔍 Symbol extraction for C:\Projects\educatedplanet\admin\src\app\(main)\dashboard\finance\_components\expense-summary.tsx: 1 symbols, 6 imports
[2025-11-09T09:14:34.221Z] [2025-11-09T09:14:34.223Z] [INDEXING-ORCHESTRATOR] [DEBUG] 📍 Chunk 1-133: 1 candidate symbols
[2025-11-09T09:14:34.221Z] [2025-11-09T09:14:34.223Z] [INDEXING-ORCHESTRATOR] [DEBUG] ✅ Chunk symbols after filtering: 1 symbols - chartData
[2025-11-09T09:14:34.221Z] [2025-11-09T09:14:34.223Z] [INDEXING-ORCHESTRATOR] [DEBUG] Created 1 semantic chunks for C:\Projects\educatedplanet\admin\src\app\(main)\dashboard\finance\_components\expense-summary.tsx
[2025-11-09T09:14:34.223Z] [2025-11-09T09:14:34.223Z] [INDEXING-ORCHESTRATOR] [DEBUG] Average chunk size: 5494 characters
[2025-11-09T09:14:34.239Z] [2025-11-09T09:14:34.240Z] [TREESITTER-CHUNKER] [INFO] Created 1 semantic chunks from C:\Projects\educatedplanet\admin\src\app\(main)\dashboard\finance\_components\financial-overview.tsx
[2025-11-09T09:14:34.267Z] [2025-11-09T09:14:34.268Z] [TREESITTER-FULL] [INFO] Extracted 4 symbols from C:\Projects\educatedplanet\admin\src\app\(main)\dashboard\finance\_components\financial-overview.tsx
[2025-11-09T09:14:34.267Z] [2025-11-09T09:14:34.268Z] [INDEXING-ORCHESTRATOR] [DEBUG] 🔍 Symbol extraction for C:\Projects\educatedplanet\admin\src\app\(main)\dashboard\finance\_components\financial-overview.tsx: 4 symbols, 7 imports
[2025-11-09T09:14:34.267Z] [2025-11-09T09:14:34.268Z] [INDEXING-ORCHESTRATOR] [DEBUG] 📍 Chunk 1-119: 4 candidate symbols
[2025-11-09T09:14:34.267Z] [2025-11-09T09:14:34.268Z] [INDEXING-ORCHESTRATOR] [DEBUG] ✅ Chunk symbols after filtering: 4 symbols - chartData, totalIncome, totalExpenses, totalScheduled
[2025-11-09T09:14:34.267Z] [2025-11-09T09:14:34.268Z] [INDEXING-ORCHESTRATOR] [DEBUG] Created 1 semantic chunks for C:\Projects\educatedplanet\admin\src\app\(main)\dashboard\finance\_components\financial-overview.tsx
[2025-11-09T09:14:34.267Z] [2025-11-09T09:14:34.268Z] [INDEXING-ORCHESTRATOR] [DEBUG] Average chunk size: 5605 characters
[2025-11-09T09:14:34.268Z] [2025-11-09T09:14:34.269Z] [TREESITTER-CHUNKER] [INFO] Created 1 semantic chunks from C:\Projects\educatedplanet\admin\src\app\(main)\dashboard\page.tsx
[2025-11-09T09:14:34.269Z] [2025-11-09T09:14:34.270Z] [TREESITTER-FULL] [INFO] Extracted 1 symbols from C:\Projects\educatedplanet\admin\src\app\(main)\dashboard\page.tsx
[2025-11-09T09:14:34.269Z] [2025-11-09T09:14:34.270Z] [INDEXING-ORCHESTRATOR] [DEBUG] 🔍 Symbol extraction for C:\Projects\educatedplanet\admin\src\app\(main)\dashboard\page.tsx: 1 symbols, 1 imports
[2025-11-09T09:14:34.269Z] [2025-11-09T09:14:34.270Z] [INDEXING-ORCHESTRATOR] [DEBUG] 📍 Chunk 3-9: 1 candidate symbols
[2025-11-09T09:14:34.269Z] [2025-11-09T09:14:34.270Z] [INDEXING-ORCHESTRATOR] [DEBUG] ✅ Chunk symbols after filtering: 1 symbols - Page
[2025-11-09T09:14:34.269Z] [2025-11-09T09:14:34.270Z] [INDEXING-ORCHESTRATOR] [DEBUG] Created 1 semantic chunks for C:\Projects\educatedplanet\admin\src\app\(main)\dashboard\page.tsx
[2025-11-09T09:14:34.269Z] [2025-11-09T09:14:34.270Z] [INDEXING-ORCHESTRATOR] [DEBUG] Average chunk size: 206 characters
[2025-11-09T09:14:34.274Z] [2025-11-09T09:14:34.276Z] [TREESITTER-CHUNKER] [INFO] Created 1 semantic chunks from C:\Projects\educatedplanet\admin\src\app\(main)\dashboard\finance\page.tsx
[2025-11-09T09:14:34.279Z] [2025-11-09T09:14:34.280Z] [TREESITTER-FULL] [INFO] Extracted 1 symbols from C:\Projects\educatedplanet\admin\src\app\(main)\dashboard\finance\page.tsx
[2025-11-09T09:14:34.279Z] [2025-11-09T09:14:34.280Z] [INDEXING-ORCHESTRATOR] [DEBUG] 🔍 Symbol extraction for C:\Projects\educatedplanet\admin\src\app\(main)\dashboard\finance\page.tsx: 1 symbols, 4 imports
[2025-11-09T09:14:34.279Z] [2025-11-09T09:14:34.280Z] [INDEXING-ORCHESTRATOR] [DEBUG] 📍 Chunk 6-24: 1 candidate symbols
[2025-11-09T09:14:34.279Z] [2025-11-09T09:14:34.280Z] [INDEXING-ORCHESTRATOR] [DEBUG] ✅ Chunk symbols after filtering: 1 symbols - Page
[2025-11-09T09:14:34.279Z] [2025-11-09T09:14:34.280Z] [INDEXING-ORCHESTRATOR] [DEBUG] Created 1 semantic chunks for C:\Projects\educatedplanet\admin\src\app\(main)\dashboard\finance\page.tsx
[2025-11-09T09:14:34.279Z] [2025-11-09T09:14:34.280Z] [INDEXING-ORCHESTRATOR] [DEBUG] Average chunk size: 550 characters
[2025-11-09T09:14:34.296Z] [2025-11-09T09:14:34.297Z] [TREESITTER-CHUNKER] [INFO] Created 1 semantic chunks from C:\Projects\educatedplanet\admin\src\app\(main)\dashboard\users\_components\columns.tsx
[2025-11-09T09:14:34.347Z] [2025-11-09T09:14:34.348Z] [TREESITTER-FULL] [INFO] Extracted 2 symbols from C:\Projects\educatedplanet\admin\src\app\(main)\dashboard\users\_components\columns.tsx
[2025-11-09T09:14:34.347Z] [2025-11-09T09:14:34.348Z] [INDEXING-ORCHESTRATOR] [DEBUG] 🔍 Symbol extraction for C:\Projects\educatedplanet\admin\src\app\(main)\dashboard\users\_components\columns.tsx: 2 symbols, 10 imports
[2025-11-09T09:14:34.347Z] [2025-11-09T09:14:34.348Z] [INDEXING-ORCHESTRATOR] [DEBUG] 📍 Chunk 1-218: 2 candidate symbols
[2025-11-09T09:14:34.347Z] [2025-11-09T09:14:34.348Z] [INDEXING-ORCHESTRATOR] [DEBUG] ✅ Chunk symbols after filtering: 2 symbols - getRoleVariant, getRoleLabel
[2025-11-09T09:14:34.347Z] [2025-11-09T09:14:34.348Z] [INDEXING-ORCHESTRATOR] [DEBUG] Created 1 semantic chunks for C:\Projects\educatedplanet\admin\src\app\(main)\dashboard\users\_components\columns.tsx
[2025-11-09T09:14:34.347Z] [2025-11-09T09:14:34.348Z] [INDEXING-ORCHESTRATOR] [DEBUG] Average chunk size: 6534 characters
[2025-11-09T09:14:34.349Z] [2025-11-09T09:14:34.350Z] [TREESITTER-CHUNKER] [INFO] Created 1 semantic chunks from C:\Projects\educatedplanet\admin\src\app\(main)\dashboard\users\_components\schema.ts
[2025-11-09T09:14:34.353Z] [2025-11-09T09:14:34.354Z] [TREESITTER-FULL] [INFO] Extracted 2 symbols from C:\Projects\educatedplanet\admin\src\app\(main)\dashboard\users\_components\schema.ts
[2025-11-09T09:14:34.353Z] [2025-11-09T09:14:34.354Z] [INDEXING-ORCHESTRATOR] [DEBUG] 🔍 Symbol extraction for C:\Projects\educatedplanet\admin\src\app\(main)\dashboard\users\_components\schema.ts: 2 symbols, 1 imports
[2025-11-09T09:14:34.353Z] [2025-11-09T09:14:34.354Z] [INDEXING-ORCHESTRATOR] [DEBUG] 📍 Chunk 14-14: 1 candidate symbols
[2025-11-09T09:14:34.353Z] [2025-11-09T09:14:34.354Z] [INDEXING-ORCHESTRATOR] [DEBUG] ✅ Chunk symbols after filtering: 1 symbols - UserTable
[2025-11-09T09:14:34.353Z] [2025-11-09T09:14:34.354Z] [INDEXING-ORCHESTRATOR] [DEBUG] Created 1 semantic chunks for C:\Projects\educatedplanet\admin\src\app\(main)\dashboard\users\_components\schema.ts
[2025-11-09T09:14:34.353Z] [2025-11-09T09:14:34.354Z] [INDEXING-ORCHESTRATOR] [DEBUG] Average chunk size: 49 characters
[2025-11-09T09:14:34.372Z] [2025-11-09T09:14:34.374Z] [TREESITTER-CHUNKER] [INFO] Created 2 semantic chunks from C:\Projects\educatedplanet\admin\src\app\(main)\dashboard\users\_components\user-modal.tsx
[2025-11-09T09:14:34.412Z] [2025-11-09T09:14:34.413Z] [TREESITTER-FULL] [INFO] Extracted 5 symbols from C:\Projects\educatedplanet\admin\src\app\(main)\dashboard\users\_components\user-modal.tsx
[2025-11-09T09:14:34.412Z] [2025-11-09T09:14:34.413Z] [INDEXING-ORCHESTRATOR] [DEBUG] 🔍 Symbol extraction for C:\Projects\educatedplanet\admin\src\app\(main)\dashboard\users\_components\user-modal.tsx: 5 symbols, 14 imports
[2025-11-09T09:14:34.412Z] [2025-11-09T09:14:34.413Z] [INDEXING-ORCHESTRATOR] [DEBUG] 📍 Chunk 50-57: 2 candidate symbols
[2025-11-09T09:14:34.412Z] [2025-11-09T09:14:34.413Z] [INDEXING-ORCHESTRATOR] [DEBUG] ✅ Chunk symbols after filtering: 2 symbols - UserFormData, UserModalProps
[2025-11-09T09:14:34.412Z] [2025-11-09T09:14:34.413Z] [INDEXING-ORCHESTRATOR] [DEBUG] 📍 Chunk 58-258: 2 candidate symbols
[2025-11-09T09:14:34.412Z] [2025-11-09T09:14:34.413Z] [INDEXING-ORCHESTRATOR] [DEBUG] ✅ Chunk symbols after filtering: 2 symbols - form, handleSubmit
[2025-11-09T09:14:34.412Z] [2025-11-09T09:14:34.413Z] [INDEXING-ORCHESTRATOR] [DEBUG] Created 2 semantic chunks for C:\Projects\educatedplanet\admin\src\app\(main)\dashboard\users\_components\user-modal.tsx
[2025-11-09T09:14:34.412Z] [2025-11-09T09:14:34.413Z] [INDEXING-ORCHESTRATOR] [DEBUG] Average chunk size: 3523 characters
[2025-11-09T09:14:34.434Z] [2025-11-09T09:14:34.436Z] [TREESITTER-CHUNKER] [INFO] Created 1 semantic chunks from C:\Projects\educatedplanet\admin\src\app\(main)\dashboard\users\_components\users-table.tsx
[2025-11-09T09:14:34.481Z] [2025-11-09T09:14:34.482Z] [TREESITTER-FULL] [INFO] Extracted 7 symbols from C:\Projects\educatedplanet\admin\src\app\(main)\dashboard\users\_components\users-table.tsx
[2025-11-09T09:14:34.481Z] [2025-11-09T09:14:34.482Z] [INDEXING-ORCHESTRATOR] [DEBUG] 🔍 Symbol extraction for C:\Projects\educatedplanet\admin\src\app\(main)\dashboard\users\_components\users-table.tsx: 7 symbols, 16 imports
[2025-11-09T09:14:34.481Z] [2025-11-09T09:14:34.482Z] [INDEXING-ORCHESTRATOR] [DEBUG] 📍 Chunk 1-216: 7 candidate symbols
[2025-11-09T09:14:34.481Z] [2025-11-09T09:14:34.482Z] [INDEXING-ORCHESTRATOR] [DEBUG] ✅ Chunk symbols after filtering: 7 symbols - filteredData, table, handleExport, handleUserSubmit, handleDeleteUser, handleVerifyUser, uniqueRoles
[2025-11-09T09:14:34.481Z] [2025-11-09T09:14:34.482Z] [INDEXING-ORCHESTRATOR] [DEBUG] Created 1 semantic chunks for C:\Projects\educatedplanet\admin\src\app\(main)\dashboard\users\_components\users-table.tsx
[2025-11-09T09:14:34.481Z] [2025-11-09T09:14:34.482Z] [INDEXING-ORCHESTRATOR] [DEBUG] Average chunk size: 8347 characters
[2025-11-09T09:14:34.488Z] [2025-11-09T09:14:34.489Z] [TREESITTER-CHUNKER] [INFO] Created 1 semantic chunks from C:\Projects\educatedplanet\admin\src\app\(main)\dashboard\users\_components\users-data.ts
[2025-11-09T09:14:34.501Z] [2025-11-09T09:14:34.502Z] [TREESITTER-FULL] [INFO] Extracted 1 symbols from C:\Projects\educatedplanet\admin\src\app\(main)\dashboard\users\_components\users-data.ts
[2025-11-09T09:14:34.501Z] [2025-11-09T09:14:34.502Z] [INDEXING-ORCHESTRATOR] [DEBUG] 🔍 Symbol extraction for C:\Projects\educatedplanet\admin\src\app\(main)\dashboard\users\_components\users-data.ts: 1 symbols, 1 imports
[2025-11-09T09:14:34.501Z] [2025-11-09T09:14:34.502Z] [INDEXING-ORCHESTRATOR] [DEBUG] 📍 Chunk 1-169: 1 candidate symbols
[2025-11-09T09:14:34.501Z] [2025-11-09T09:14:34.502Z] [INDEXING-ORCHESTRATOR] [DEBUG] ✅ Chunk symbols after filtering: 1 symbols - usersData
[2025-11-09T09:14:34.501Z] [2025-11-09T09:14:34.502Z] [INDEXING-ORCHESTRATOR] [DEBUG] Created 1 semantic chunks for C:\Projects\educatedplanet\admin\src\app\(main)\dashboard\users\_components\users-data.ts
[2025-11-09T09:14:34.501Z] [2025-11-09T09:14:34.502Z] [INDEXING-ORCHESTRATOR] [DEBUG] Average chunk size: 4783 characters
[2025-11-09T09:14:34.501Z] [2025-11-09T09:14:34.502Z] [INDEXING-ORCHESTRATOR] [DEBUG] 📊 Processed: 50/259 files
[2025-11-09T09:14:34.520Z] [2025-11-09T09:14:34.521Z] [TREESITTER-CHUNKER] [INFO] Created 1 semantic chunks from C:\Projects\educatedplanet\admin\src\app\(main)\unauthorized\page.tsx
[2025-11-09T09:14:34.531Z] [2025-11-09T09:14:34.532Z] [TREESITTER-FULL] [INFO] Extracted 1 symbols from C:\Projects\educatedplanet\admin\src\app\(main)\unauthorized\page.tsx
[2025-11-09T09:14:34.531Z] [2025-11-09T09:14:34.532Z] [INDEXING-ORCHESTRATOR] [DEBUG] 🔍 Symbol extraction for C:\Projects\educatedplanet\admin\src\app\(main)\unauthorized\page.tsx: 1 symbols, 2 imports
[2025-11-09T09:14:34.531Z] [2025-11-09T09:14:34.532Z] [INDEXING-ORCHESTRATOR] [DEBUG] 📍 Chunk 5-27: 1 candidate symbols
[2025-11-09T09:14:34.531Z] [2025-11-09T09:14:34.532Z] [INDEXING-ORCHESTRATOR] [DEBUG] ✅ Chunk symbols after filtering: 1 symbols - page
[2025-11-09T09:14:34.531Z] [2025-11-09T09:14:34.532Z] [INDEXING-ORCHESTRATOR] [DEBUG] Created 1 semantic chunks for C:\Projects\educatedplanet\admin\src\app\(main)\unauthorized\page.tsx
[2025-11-09T09:14:34.531Z] [2025-11-09T09:14:34.532Z] [INDEXING-ORCHESTRATOR] [DEBUG] Average chunk size: 1043 characters
[2025-11-09T09:14:34.533Z] [2025-11-09T09:14:34.534Z] [TREESITTER-CHUNKER] [INFO] Created 1 semantic chunks from C:\Projects\educatedplanet\admin\src\app\api\auth\public-key\route.ts
[2025-11-09T09:14:34.536Z] [2025-11-09T09:14:34.537Z] [TREESITTER-FULL] [INFO] Extracted 1 symbols from C:\Projects\educatedplanet\admin\src\app\api\auth\public-key\route.ts
[2025-11-09T09:14:34.536Z] [2025-11-09T09:14:34.537Z] [INDEXING-ORCHESTRATOR] [DEBUG] 🔍 Symbol extraction for C:\Projects\educatedplanet\admin\src\app\api\auth\public-key\route.ts: 1 symbols, 2 imports
[2025-11-09T09:14:34.536Z] [2025-11-09T09:14:34.537Z] [INDEXING-ORCHESTRATOR] [DEBUG] 📍 Chunk 7-32: 1 candidate symbols
[2025-11-09T09:14:34.536Z] [2025-11-09T09:14:34.537Z] [INDEXING-ORCHESTRATOR] [DEBUG] ✅ Chunk symbols after filtering: 1 symbols - GET
[2025-11-09T09:14:34.536Z] [2025-11-09T09:14:34.537Z] [INDEXING-ORCHESTRATOR] [DEBUG] Created 1 semantic chunks for C:\Projects\educatedplanet\admin\src\app\api\auth\public-key\route.ts
[2025-11-09T09:14:34.536Z] [2025-11-09T09:14:34.538Z] [INDEXING-ORCHESTRATOR] [DEBUG] Average chunk size: 642 characters
[2025-11-09T09:14:34.537Z] [2025-11-09T09:14:34.538Z] [TREESITTER-CHUNKER] [INFO] Created 1 semantic chunks from C:\Projects\educatedplanet\admin\src\app\(main)\dashboard\users\page.tsx
[2025-11-09T09:14:34.538Z] [2025-11-09T09:14:34.539Z] [TREESITTER-FULL] [INFO] Extracted 1 symbols from C:\Projects\educatedplanet\admin\src\app\(main)\dashboard\users\page.tsx
[2025-11-09T09:14:34.538Z] [2025-11-09T09:14:34.539Z] [INDEXING-ORCHESTRATOR] [DEBUG] 🔍 Symbol extraction for C:\Projects\educatedplanet\admin\src\app\(main)\dashboard\users\page.tsx: 1 symbols, 1 imports
[2025-11-09T09:14:34.538Z] [2025-11-09T09:14:34.539Z] [INDEXING-ORCHESTRATOR] [DEBUG] 📍 Chunk 3-9: 1 candidate symbols
[2025-11-09T09:14:34.538Z] [2025-11-09T09:14:34.539Z] [INDEXING-ORCHESTRATOR] [DEBUG] ✅ Chunk symbols after filtering: 1 symbols - UsersPage
[2025-11-09T09:14:34.538Z] [2025-11-09T09:14:34.539Z] [INDEXING-ORCHESTRATOR] [DEBUG] Created 1 semantic chunks for C:\Projects\educatedplanet\admin\src\app\(main)\dashboard\users\page.tsx
[2025-11-09T09:14:34.538Z] [2025-11-09T09:14:34.539Z] [INDEXING-ORCHESTRATOR] [DEBUG] Average chunk size: 120 characters
[2025-11-09T09:14:34.540Z] [2025-11-09T09:14:34.541Z] [TREESITTER-CHUNKER] [INFO] Created 1 semantic chunks from C:\Projects\educatedplanet\admin\src\app\api\auth\csrf\route.ts
[2025-11-09T09:14:34.544Z] [2025-11-09T09:14:34.546Z] [TREESITTER-FULL] [INFO] Extracted 3 symbols from C:\Projects\educatedplanet\admin\src\app\api\auth\csrf\route.ts
[2025-11-09T09:14:34.544Z] [2025-11-09T09:14:34.546Z] [INDEXING-ORCHESTRATOR] [DEBUG] 🔍 Symbol extraction for C:\Projects\educatedplanet\admin\src\app\api\auth\csrf\route.ts: 3 symbols, 3 imports
[2025-11-09T09:14:34.544Z] [2025-11-09T09:14:34.546Z] [INDEXING-ORCHESTRATOR] [DEBUG] 📍 Chunk 11-42: 1 candidate symbols
[2025-11-09T09:14:34.544Z] [2025-11-09T09:14:34.546Z] [INDEXING-ORCHESTRATOR] [DEBUG] ✅ Chunk symbols after filtering: 1 symbols - GET
[2025-11-09T09:14:34.544Z] [2025-11-09T09:14:34.546Z] [INDEXING-ORCHESTRATOR] [DEBUG] Created 1 semantic chunks for C:\Projects\educatedplanet\admin\src\app\api\auth\csrf\route.ts
[2025-11-09T09:14:34.545Z] [2025-11-09T09:14:34.546Z] [INDEXING-ORCHESTRATOR] [DEBUG] Average chunk size: 908 characters
[2025-11-09T09:14:34.550Z] [2025-11-09T09:14:34.551Z] [TREESITTER-CHUNKER] [INFO] Created 1 semantic chunks from C:\Projects\educatedplanet\admin\src\app\api\auth\sign-in\email\route.ts
[2025-11-09T09:14:34.561Z] [2025-11-09T09:14:34.562Z] [TREESITTER-FULL] [INFO] Extracted 4 symbols from C:\Projects\educatedplanet\admin\src\app\api\auth\sign-in\email\route.ts
[2025-11-09T09:14:34.561Z] [2025-11-09T09:14:34.562Z] [INDEXING-ORCHESTRATOR] [DEBUG] 🔍 Symbol extraction for C:\Projects\educatedplanet\admin\src\app\api\auth\sign-in\email\route.ts: 4 symbols, 4 imports
[2025-11-09T09:14:34.561Z] [2025-11-09T09:14:34.562Z] [INDEXING-ORCHESTRATOR] [DEBUG] 📍 Chunk 16-102: 1 candidate symbols
[2025-11-09T09:14:34.561Z] [2025-11-09T09:14:34.562Z] [INDEXING-ORCHESTRATOR] [DEBUG] ✅ Chunk symbols after filtering: 1 symbols - POST
[2025-11-09T09:14:34.561Z] [2025-11-09T09:14:34.562Z] [INDEXING-ORCHESTRATOR] [DEBUG] Created 1 semantic chunks for C:\Projects\educatedplanet\admin\src\app\api\auth\sign-in\email\route.ts
[2025-11-09T09:14:34.561Z] [2025-11-09T09:14:34.562Z] [INDEXING-ORCHESTRATOR] [DEBUG] Average chunk size: 2631 characters
[2025-11-09T09:14:34.562Z] [2025-11-09T09:14:34.563Z] [TREESITTER-CHUNKER] [INFO] Created 1 semantic chunks from C:\Projects\educatedplanet\admin\src\app\api\auth\test\route.ts
[2025-11-09T09:14:34.563Z] [2025-11-09T09:14:34.564Z] [TREESITTER-FULL] [INFO] Extracted 1 symbols from C:\Projects\educatedplanet\admin\src\app\api\auth\test\route.ts
[2025-11-09T09:14:34.563Z] [2025-11-09T09:14:34.564Z] [INDEXING-ORCHESTRATOR] [DEBUG] 🔍 Symbol extraction for C:\Projects\educatedplanet\admin\src\app\api\auth\test\route.ts: 1 symbols, 1 imports
[2025-11-09T09:14:34.563Z] [2025-11-09T09:14:34.564Z] [INDEXING-ORCHESTRATOR] [DEBUG] 📍 Chunk 3-6: 1 candidate symbols
[2025-11-09T09:14:34.563Z] [2025-11-09T09:14:34.564Z] [INDEXING-ORCHESTRATOR] [DEBUG] ✅ Chunk symbols after filtering: 1 symbols - GET
[2025-11-09T09:14:34.563Z] [2025-11-09T09:14:34.564Z] [INDEXING-ORCHESTRATOR] [DEBUG] Created 1 semantic chunks for C:\Projects\educatedplanet\admin\src\app\api\auth\test\route.ts
[2025-11-09T09:14:34.563Z] [2025-11-09T09:14:34.564Z] [INDEXING-ORCHESTRATOR] [DEBUG] Average chunk size: 173 characters
[2025-11-09T09:14:34.564Z] [2025-11-09T09:14:34.566Z] [TREESITTER-CHUNKER] [INFO] Created 1 semantic chunks from C:\Projects\educatedplanet\admin\src\app\api\auth\sign-out\route.ts
[2025-11-09T09:14:34.567Z] [2025-11-09T09:14:34.569Z] [TREESITTER-FULL] [INFO] Extracted 3 symbols from C:\Projects\educatedplanet\admin\src\app\api\auth\sign-out\route.ts
[2025-11-09T09:14:34.567Z] [2025-11-09T09:14:34.569Z] [INDEXING-ORCHESTRATOR] [DEBUG] 🔍 Symbol extraction for C:\Projects\educatedplanet\admin\src\app\api\auth\sign-out\route.ts: 3 symbols, 2 imports
[2025-11-09T09:14:34.567Z] [2025-11-09T09:14:34.569Z] [INDEXING-ORCHESTRATOR] [DEBUG] 📍 Chunk 8-30: 1 candidate symbols
[2025-11-09T09:14:34.567Z] [2025-11-09T09:14:34.569Z] [INDEXING-ORCHESTRATOR] [DEBUG] ✅ Chunk symbols after filtering: 1 symbols - POST
[2025-11-09T09:14:34.567Z] [2025-11-09T09:14:34.569Z] [INDEXING-ORCHESTRATOR] [DEBUG] Created 1 semantic chunks for C:\Projects\educatedplanet\admin\src\app\api\auth\sign-out\route.ts
[2025-11-09T09:14:34.568Z] [2025-11-09T09:14:34.569Z] [INDEXING-ORCHESTRATOR] [DEBUG] Average chunk size: 583 characters
[2025-11-09T09:14:34.569Z] [2025-11-09T09:14:34.571Z] [TREESITTER-CHUNKER] [INFO] Created 1 semantic chunks from C:\Projects\educatedplanet\admin\src\app\api\auth\get-session\route.ts
[2025-11-09T09:14:34.573Z] [2025-11-09T09:14:34.574Z] [TREESITTER-FULL] [INFO] Extracted 3 symbols from C:\Projects\educatedplanet\admin\src\app\api\auth\get-session\route.ts
[2025-11-09T09:14:34.573Z] [2025-11-09T09:14:34.574Z] [INDEXING-ORCHESTRATOR] [DEBUG] 🔍 Symbol extraction for C:\Projects\educatedplanet\admin\src\app\api\auth\get-session\route.ts: 3 symbols, 2 imports
[2025-11-09T09:14:34.573Z] [2025-11-09T09:14:34.574Z] [INDEXING-ORCHESTRATOR] [DEBUG] 📍 Chunk 8-33: 1 candidate symbols
[2025-11-09T09:14:34.573Z] [2025-11-09T09:14:34.574Z] [INDEXING-ORCHESTRATOR] [DEBUG] ✅ Chunk symbols after filtering: 1 symbols - GET
[2025-11-09T09:14:34.573Z] [2025-11-09T09:14:34.574Z] [INDEXING-ORCHESTRATOR] [DEBUG] Created 1 semantic chunks for C:\Projects\educatedplanet\admin\src\app\api\auth\get-session\route.ts
[2025-11-09T09:14:34.573Z] [2025-11-09T09:14:34.574Z] [INDEXING-ORCHESTRATOR] [DEBUG] Average chunk size: 729 characters
[2025-11-09T09:14:34.581Z] [2025-11-09T09:14:34.582Z] [TREESITTER-CHUNKER] [INFO] Created 3 semantic chunks from C:\Projects\educatedplanet\admin\src\app\api\classes\[id]\route.ts
[2025-11-09T09:14:34.607Z] [2025-11-09T09:14:34.608Z] [TREESITTER-FULL] [INFO] Extracted 4 symbols from C:\Projects\educatedplanet\admin\src\app\api\classes\[id]\route.ts
[2025-11-09T09:14:34.607Z] [2025-11-09T09:14:34.608Z] [INDEXING-ORCHESTRATOR] [DEBUG] 🔍 Symbol extraction for C:\Projects\educatedplanet\admin\src\app\api\classes\[id]\route.ts: 4 symbols, 4 imports
[2025-11-09T09:14:34.607Z] [2025-11-09T09:14:34.608Z] [INDEXING-ORCHESTRATOR] [DEBUG] 📍 Chunk 12-73: 2 candidate symbols
[2025-11-09T09:14:34.607Z] [2025-11-09T09:14:34.608Z] [INDEXING-ORCHESTRATOR] [DEBUG] ✅ Chunk symbols after filtering: 2 symbols - RouteParams, GET
[2025-11-09T09:14:34.607Z] [2025-11-09T09:14:34.608Z] [INDEXING-ORCHESTRATOR] [DEBUG] 📍 Chunk 76-158: 1 candidate symbols
[2025-11-09T09:14:34.607Z] [2025-11-09T09:14:34.608Z] [INDEXING-ORCHESTRATOR] [DEBUG] ✅ Chunk symbols after filtering: 1 symbols - PUT
[2025-11-09T09:14:34.607Z] [2025-11-09T09:14:34.608Z] [INDEXING-ORCHESTRATOR] [DEBUG] 📍 Chunk 161-229: 1 candidate symbols
[2025-11-09T09:14:34.607Z] [2025-11-09T09:14:34.608Z] [INDEXING-ORCHESTRATOR] [DEBUG] ✅ Chunk symbols after filtering: 1 symbols - DELETE
[2025-11-09T09:14:34.607Z] [2025-11-09T09:14:34.608Z] [INDEXING-ORCHESTRATOR] [DEBUG] Created 3 semantic chunks for C:\Projects\educatedplanet\admin\src\app\api\classes\[id]\route.ts
[2025-11-09T09:14:34.607Z] [2025-11-09T09:14:34.608Z] [INDEXING-ORCHESTRATOR] [DEBUG] Average chunk size: 1802 characters
[2025-11-09T09:14:34.613Z] [2025-11-09T09:14:34.614Z] [TREESITTER-CHUNKER] [INFO] Created 3 semantic chunks from C:\Projects\educatedplanet\admin\src\app\api\classes\[id]\subclasses\route.ts
[2025-11-09T09:14:34.627Z] [2025-11-09T09:14:34.628Z] [TREESITTER-FULL] [INFO] Extracted 3 symbols from C:\Projects\educatedplanet\admin\src\app\api\classes\[id]\subclasses\route.ts
[2025-11-09T09:14:34.627Z] [2025-11-09T09:14:34.628Z] [INDEXING-ORCHESTRATOR] [DEBUG] 🔍 Symbol extraction for C:\Projects\educatedplanet\admin\src\app\api\classes\[id]\subclasses\route.ts: 3 symbols, 3 imports
[2025-11-09T09:14:34.627Z] [2025-11-09T09:14:34.628Z] [INDEXING-ORCHESTRATOR] [DEBUG] 📍 Chunk 11-13: 1 candidate symbols
[2025-11-09T09:14:34.627Z] [2025-11-09T09:14:34.628Z] [INDEXING-ORCHESTRATOR] [DEBUG] ✅ Chunk symbols after filtering: 1 symbols - RouteParams
[2025-11-09T09:14:34.627Z] [2025-11-09T09:14:34.628Z] [INDEXING-ORCHESTRATOR] [DEBUG] 📍 Chunk 16-88: 1 candidate symbols
[2025-11-09T09:14:34.627Z] [2025-11-09T09:14:34.628Z] [INDEXING-ORCHESTRATOR] [DEBUG] ✅ Chunk symbols after filtering: 1 symbols - POST
[2025-11-09T09:14:34.627Z] [2025-11-09T09:14:34.628Z] [INDEXING-ORCHESTRATOR] [DEBUG] 📍 Chunk 91-151: 1 candidate symbols
[2025-11-09T09:14:34.627Z] [2025-11-09T09:14:34.628Z] [INDEXING-ORCHESTRATOR] [DEBUG] ✅ Chunk symbols after filtering: 1 symbols - DELETE
[2025-11-09T09:14:34.627Z] [2025-11-09T09:14:34.628Z] [INDEXING-ORCHESTRATOR] [DEBUG] Created 3 semantic chunks for C:\Projects\educatedplanet\admin\src\app\api\classes\[id]\subclasses\route.ts
[2025-11-09T09:14:34.627Z] [2025-11-09T09:14:34.628Z] [INDEXING-ORCHESTRATOR] [DEBUG] Average chunk size: 1112 characters
[2025-11-09T09:14:34.627Z] [2025-11-09T09:14:34.628Z] [INDEXING-ORCHESTRATOR] [DEBUG] 📊 Processed: 60/259 files
[2025-11-09T09:14:34.638Z] [2025-11-09T09:14:34.640Z] [TREESITTER-CHUNKER] [INFO] Created 2 semantic chunks from C:\Projects\educatedplanet\admin\src\app\api\tutors\route.ts
[2025-11-09T09:14:34.659Z] [2025-11-09T09:14:34.661Z] [TREESITTER-FULL] [INFO] Extracted 2 symbols from C:\Projects\educatedplanet\admin\src\app\api\tutors\route.ts
[2025-11-09T09:14:34.659Z] [2025-11-09T09:14:34.661Z] [INDEXING-ORCHESTRATOR] [DEBUG] 🔍 Symbol extraction for C:\Projects\educatedplanet\admin\src\app\api\tutors\route.ts: 2 symbols, 3 imports
[2025-11-09T09:14:34.659Z] [2025-11-09T09:14:34.661Z] [INDEXING-ORCHESTRATOR] [DEBUG] 📍 Chunk 11-54: 1 candidate symbols
[2025-11-09T09:14:34.659Z] [2025-11-09T09:14:34.661Z] [INDEXING-ORCHESTRATOR] [DEBUG] ✅ Chunk symbols after filtering: 1 symbols - GET
[2025-11-09T09:14:34.659Z] [2025-11-09T09:14:34.661Z] [INDEXING-ORCHESTRATOR] [DEBUG] 📍 Chunk 57-98: 1 candidate symbols
[2025-11-09T09:14:34.659Z] [2025-11-09T09:14:34.661Z] [INDEXING-ORCHESTRATOR] [DEBUG] ✅ Chunk symbols after filtering: 1 symbols - POST
[2025-11-09T09:14:34.660Z] [2025-11-09T09:14:34.661Z] [INDEXING-ORCHESTRATOR] [DEBUG] Created 2 semantic chunks for C:\Projects\educatedplanet\admin\src\app\api\tutors\route.ts
[2025-11-09T09:14:34.660Z] [2025-11-09T09:14:34.661Z] [INDEXING-ORCHESTRATOR] [DEBUG] Average chunk size: 1646 characters
[2025-11-09T09:14:34.666Z] [2025-11-09T09:14:34.667Z] [TREESITTER-CHUNKER] [INFO] Created 2 semantic chunks from C:\Projects\educatedplanet\admin\src\app\api\classes\route.ts
[2025-11-09T09:14:34.685Z] [2025-11-09T09:14:34.686Z] [TREESITTER-FULL] [INFO] Extracted 2 symbols from C:\Projects\educatedplanet\admin\src\app\api\classes\route.ts
[2025-11-09T09:14:34.685Z] [2025-11-09T09:14:34.687Z] [INDEXING-ORCHESTRATOR] [DEBUG] 🔍 Symbol extraction for C:\Projects\educatedplanet\admin\src\app\api\classes\route.ts: 2 symbols, 4 imports
[2025-11-09T09:14:34.685Z] [2025-11-09T09:14:34.687Z] [INDEXING-ORCHESTRATOR] [DEBUG] 📍 Chunk 13-70: 1 candidate symbols
[2025-11-09T09:14:34.685Z] [2025-11-09T09:14:34.687Z] [INDEXING-ORCHESTRATOR] [DEBUG] ✅ Chunk symbols after filtering: 1 symbols - GET
[2025-11-09T09:14:34.685Z] [2025-11-09T09:14:34.687Z] [INDEXING-ORCHESTRATOR] [DEBUG] 📍 Chunk 73-143: 1 candidate symbols
[2025-11-09T09:14:34.685Z] [2025-11-09T09:14:34.687Z] [INDEXING-ORCHESTRATOR] [DEBUG] ✅ Chunk symbols after filtering: 1 symbols - POST
[2025-11-09T09:14:34.685Z] [2025-11-09T09:14:34.687Z] [INDEXING-ORCHESTRATOR] [DEBUG] Created 2 semantic chunks for C:\Projects\educatedplanet\admin\src\app\api\classes\route.ts
[2025-11-09T09:14:34.685Z] [2025-11-09T09:14:34.687Z] [INDEXING-ORCHESTRATOR] [DEBUG] Average chunk size: 1941 characters
[2025-11-09T09:14:34.695Z] [2025-11-09T09:14:34.696Z] [TREESITTER-CHUNKER] [INFO] Created 3 semantic chunks from C:\Projects\educatedplanet\admin\src\app\api\users\[id]\route.ts
[2025-11-09T09:14:34.710Z] [2025-11-09T09:14:34.711Z] [TREESITTER-FULL] [INFO] Extracted 4 symbols from C:\Projects\educatedplanet\admin\src\app\api\users\[id]\route.ts
[2025-11-09T09:14:34.710Z] [2025-11-09T09:14:34.711Z] [INDEXING-ORCHESTRATOR] [DEBUG] 🔍 Symbol extraction for C:\Projects\educatedplanet\admin\src\app\api\users\[id]\route.ts: 4 symbols, 3 imports
[2025-11-09T09:14:34.710Z] [2025-11-09T09:14:34.711Z] [INDEXING-ORCHESTRATOR] [DEBUG] 📍 Chunk 10-47: 2 candidate symbols
[2025-11-09T09:14:34.710Z] [2025-11-09T09:14:34.711Z] [INDEXING-ORCHESTRATOR] [DEBUG] ✅ Chunk symbols after filtering: 2 symbols - RouteParams, GET
[2025-11-09T09:14:34.710Z] [2025-11-09T09:14:34.711Z] [INDEXING-ORCHESTRATOR] [DEBUG] 📍 Chunk 50-94: 1 candidate symbols
[2025-11-09T09:14:34.710Z] [2025-11-09T09:14:34.711Z] [INDEXING-ORCHESTRATOR] [DEBUG] ✅ Chunk symbols after filtering: 1 symbols - PUT
[2025-11-09T09:14:34.710Z] [2025-11-09T09:14:34.711Z] [INDEXING-ORCHESTRATOR] [DEBUG] 📍 Chunk 97-126: 1 candidate symbols
[2025-11-09T09:14:34.710Z] [2025-11-09T09:14:34.711Z] [INDEXING-ORCHESTRATOR] [DEBUG] ✅ Chunk symbols after filtering: 1 symbols - DELETE
[2025-11-09T09:14:34.710Z] [2025-11-09T09:14:34.711Z] [INDEXING-ORCHESTRATOR] [DEBUG] Created 3 semantic chunks for C:\Projects\educatedplanet\admin\src\app\api\users\[id]\route.ts
[2025-11-09T09:14:34.710Z] [2025-11-09T09:14:34.711Z] [INDEXING-ORCHESTRATOR] [DEBUG] Average chunk size: 953 characters
[2025-11-09T09:14:34.713Z] [2025-11-09T09:14:34.714Z] [TREESITTER-CHUNKER] [INFO] Created 1 semantic chunks from C:\Projects\educatedplanet\admin\src\app\api\dashboard\route.ts
[2025-11-09T09:14:34.718Z] [2025-11-09T09:14:34.719Z] [TREESITTER-FULL] [INFO] Extracted 1 symbols from C:\Projects\educatedplanet\admin\src\app\api\dashboard\route.ts
[2025-11-09T09:14:34.718Z] [2025-11-09T09:14:34.719Z] [INDEXING-ORCHESTRATOR] [DEBUG] 🔍 Symbol extraction for C:\Projects\educatedplanet\admin\src\app\api\dashboard\route.ts: 1 symbols, 2 imports
[2025-11-09T09:14:34.718Z] [2025-11-09T09:14:34.719Z] [INDEXING-ORCHESTRATOR] [DEBUG] 📍 Chunk 10-42: 1 candidate symbols
[2025-11-09T09:14:34.718Z] [2025-11-09T09:14:34.720Z] [INDEXING-ORCHESTRATOR] [DEBUG] ✅ Chunk symbols after filtering: 1 symbols - GET
[2025-11-09T09:14:34.731Z] [2025-11-09T09:14:34.720Z] [INDEXING-ORCHESTRATOR] [DEBUG] Created 1 semantic chunks for C:\Projects\educatedplanet\admin\src\app\api\dashboard\route.ts
[2025-11-09T09:14:34.731Z] [2025-11-09T09:14:34.720Z] [INDEXING-ORCHESTRATOR] [DEBUG] Average chunk size: 1026 characters
[2025-11-09T09:14:34.731Z] [2025-11-09T09:14:34.725Z] [TREESITTER-CHUNKER] [INFO] Created 2 semantic chunks from C:\Projects\educatedplanet\admin\src\app\api\users\route.ts
[2025-11-09T09:14:34.735Z] [2025-11-09T09:14:34.737Z] [TREESITTER-FULL] [INFO] Extracted 2 symbols from C:\Projects\educatedplanet\admin\src\app\api\users\route.ts
[2025-11-09T09:14:34.735Z] [2025-11-09T09:14:34.737Z] [INDEXING-ORCHESTRATOR] [DEBUG] 🔍 Symbol extraction for C:\Projects\educatedplanet\admin\src\app\api\users\route.ts: 2 symbols, 3 imports
[2025-11-09T09:14:34.735Z] [2025-11-09T09:14:34.737Z] [INDEXING-ORCHESTRATOR] [DEBUG] 📍 Chunk 11-48: 1 candidate symbols
[2025-11-09T09:14:34.735Z] [2025-11-09T09:14:34.737Z] [INDEXING-ORCHESTRATOR] [DEBUG] ✅ Chunk symbols after filtering: 1 symbols - GET
[2025-11-09T09:14:34.735Z] [2025-11-09T09:14:34.737Z] [INDEXING-ORCHESTRATOR] [DEBUG] 📍 Chunk 51-84: 1 candidate symbols
[2025-11-09T09:14:34.735Z] [2025-11-09T09:14:34.737Z] [INDEXING-ORCHESTRATOR] [DEBUG] ✅ Chunk symbols after filtering: 1 symbols - POST
[2025-11-09T09:14:34.736Z] [2025-11-09T09:14:34.737Z] [INDEXING-ORCHESTRATOR] [DEBUG] Created 2 semantic chunks for C:\Projects\educatedplanet\admin\src\app\api\users\route.ts
[2025-11-09T09:14:34.736Z] [2025-11-09T09:14:34.737Z] [INDEXING-ORCHESTRATOR] [DEBUG] Average chunk size: 1109 characters
[2025-11-09T09:14:34.740Z] [2025-11-09T09:14:34.741Z] [TREESITTER-CHUNKER] [INFO] Created 1 semantic chunks from C:\Projects\educatedplanet\admin\src\app\layout.tsx
[2025-11-09T09:14:34.747Z] [2025-11-09T09:14:34.748Z] [TREESITTER-FULL] [INFO] Extracted 2 symbols from C:\Projects\educatedplanet\admin\src\app\layout.tsx
[2025-11-09T09:14:34.747Z] [2025-11-09T09:14:34.748Z] [INDEXING-ORCHESTRATOR] [DEBUG] 🔍 Symbol extraction for C:\Projects\educatedplanet\admin\src\app\layout.tsx: 2 symbols, 12 imports
[2025-11-09T09:14:34.747Z] [2025-11-09T09:14:34.748Z] [INDEXING-ORCHESTRATOR] [DEBUG] 📍 Chunk 24-60: 1 candidate symbols
[2025-11-09T09:14:34.747Z] [2025-11-09T09:14:34.748Z] [INDEXING-ORCHESTRATOR] [DEBUG] ✅ Chunk symbols after filtering: 1 symbols - RootLayout
[2025-11-09T09:14:34.747Z] [2025-11-09T09:14:34.748Z] [INDEXING-ORCHESTRATOR] [DEBUG] Created 1 semantic chunks for C:\Projects\educatedplanet\admin\src\app\layout.tsx
[2025-11-09T09:14:34.747Z] [2025-11-09T09:14:34.748Z] [INDEXING-ORCHESTRATOR] [DEBUG] Average chunk size: 1250 characters
[2025-11-09T09:14:34.752Z] [2025-11-09T09:14:34.753Z] [TREESITTER-CHUNKER] [INFO] Created 1 semantic chunks from C:\Projects\educatedplanet\admin\src\app\not-found.tsx
[2025-11-09T09:14:34.758Z] [2025-11-09T09:14:34.759Z] [TREESITTER-FULL] [INFO] Extracted 1 symbols from C:\Projects\educatedplanet\admin\src\app\not-found.tsx
[2025-11-09T09:14:34.758Z] [2025-11-09T09:14:34.759Z] [INDEXING-ORCHESTRATOR] [DEBUG] 🔍 Symbol extraction for C:\Projects\educatedplanet\admin\src\app\not-found.tsx: 1 symbols, 2 imports
[2025-11-09T09:14:34.758Z] [2025-11-09T09:14:34.759Z] [INDEXING-ORCHESTRATOR] [DEBUG] 📍 Chunk 7-17: 1 candidate symbols
[2025-11-09T09:14:34.758Z] [2025-11-09T09:14:34.759Z] [INDEXING-ORCHESTRATOR] [DEBUG] ✅ Chunk symbols after filtering: 1 symbols - NotFound
[2025-11-09T09:14:34.758Z] [2025-11-09T09:14:34.759Z] [INDEXING-ORCHESTRATOR] [DEBUG] Created 1 semantic chunks for C:\Projects\educatedplanet\admin\src\app\not-found.tsx
[2025-11-09T09:14:34.758Z] [2025-11-09T09:14:34.759Z] [INDEXING-ORCHESTRATOR] [DEBUG] Average chunk size: 431 characters
[2025-11-09T09:14:34.764Z] [2025-11-09T09:14:34.766Z] [TREESITTER-CHUNKER] [INFO] Created 2 semantic chunks from C:\Projects\educatedplanet\admin\src\components\data-table\data-table-column-header.tsx
[2025-11-09T09:14:34.774Z] [2025-11-09T09:14:34.775Z] [TREESITTER-FULL] [INFO] Extracted 2 symbols from C:\Projects\educatedplanet\admin\src\components\data-table\data-table-column-header.tsx
[2025-11-09T09:14:34.774Z] [2025-11-09T09:14:34.775Z] [INDEXING-ORCHESTRATOR] [DEBUG] 🔍 Symbol extraction for C:\Projects\educatedplanet\admin\src\components\data-table\data-table-column-header.tsx: 2 symbols, 5 imports
[2025-11-09T09:14:34.774Z] [2025-11-09T09:14:34.775Z] [INDEXING-ORCHESTRATOR] [DEBUG] 📍 Chunk 14-28: 2 candidate symbols
[2025-11-09T09:14:34.774Z] [2025-11-09T09:14:34.775Z] [INDEXING-ORCHESTRATOR] [DEBUG] ✅ Chunk symbols after filtering: 2 symbols - DataTableColumnHeaderProps, getSortIcon
[2025-11-09T09:14:34.774Z] [2025-11-09T09:14:34.776Z] [INDEXING-ORCHESTRATOR] [DEBUG] 📍 Chunk 29-70: 0 candidate symbols
[2025-11-09T09:14:34.774Z] [2025-11-09T09:14:34.776Z] [INDEXING-ORCHESTRATOR] [DEBUG] ✅ Chunk symbols after filtering: 0 symbols - 
[2025-11-09T09:14:34.774Z] [2025-11-09T09:14:34.776Z] [INDEXING-ORCHESTRATOR] [DEBUG] Created 2 semantic chunks for C:\Projects\educatedplanet\admin\src\components\data-table\data-table-column-header.tsx
[2025-11-09T09:14:34.774Z] [2025-11-09T09:14:34.776Z] [INDEXING-ORCHESTRATOR] [DEBUG] Average chunk size: 934 characters
[2025-11-09T09:14:34.781Z] [2025-11-09T09:14:34.782Z] [TREESITTER-CHUNKER] [INFO] Created 2 semantic chunks from C:\Projects\educatedplanet\admin\src\app\page.tsx
[2025-11-09T09:14:34.797Z] [2025-11-09T09:14:34.798Z] [TREESITTER-FULL] [INFO] Extracted 1 symbols from C:\Projects\educatedplanet\admin\src\app\page.tsx
[2025-11-09T09:14:34.797Z] [2025-11-09T09:14:34.798Z] [INDEXING-ORCHESTRATOR] [DEBUG] 🔍 Symbol extraction for C:\Projects\educatedplanet\admin\src\app\page.tsx: 1 symbols, 16 imports
[2025-11-09T09:14:34.797Z] [2025-11-09T09:14:34.798Z] [INDEXING-ORCHESTRATOR] [DEBUG] 📍 Chunk 53-61: 0 candidate symbols
[2025-11-09T09:14:34.797Z] [2025-11-09T09:14:34.798Z] [INDEXING-ORCHESTRATOR] [DEBUG] ✅ Chunk symbols after filtering: 0 symbols - 
[2025-11-09T09:14:34.797Z] [2025-11-09T09:14:34.798Z] [INDEXING-ORCHESTRATOR] [DEBUG] 📍 Chunk 62-102: 0 candidate symbols
[2025-11-09T09:14:34.797Z] [2025-11-09T09:14:34.798Z] [INDEXING-ORCHESTRATOR] [DEBUG] ✅ Chunk symbols after filtering: 0 symbols - 
[2025-11-09T09:14:34.797Z] [2025-11-09T09:14:34.798Z] [INDEXING-ORCHESTRATOR] [DEBUG] Created 2 semantic chunks for C:\Projects\educatedplanet\admin\src\app\page.tsx
[2025-11-09T09:14:34.797Z] [2025-11-09T09:14:34.798Z] [INDEXING-ORCHESTRATOR] [DEBUG] Average chunk size: 1096 characters
[2025-11-09T09:14:34.816Z] [2025-11-09T09:14:34.817Z] [TREESITTER-CHUNKER] [INFO] Created 2 semantic chunks from C:\Projects\educatedplanet\admin\src\components\data-table\data-table-pagination.tsx
[2025-11-09T09:14:34.843Z] [2025-11-09T09:14:34.844Z] [TREESITTER-FULL] [INFO] Extracted 1 symbols from C:\Projects\educatedplanet\admin\src\components\data-table\data-table-pagination.tsx
[2025-11-09T09:14:34.843Z] [2025-11-09T09:14:34.844Z] [INDEXING-ORCHESTRATOR] [DEBUG] 🔍 Symbol extraction for C:\Projects\educatedplanet\admin\src\components\data-table\data-table-pagination.tsx: 1 symbols, 5 imports
[2025-11-09T09:14:34.843Z] [2025-11-09T09:14:34.844Z] [INDEXING-ORCHESTRATOR] [DEBUG] 📍 Chunk 8-10: 1 candidate symbols
[2025-11-09T09:14:34.843Z] [2025-11-09T09:14:34.844Z] [INDEXING-ORCHESTRATOR] [DEBUG] ✅ Chunk symbols after filtering: 1 symbols - DataTablePaginationProps
[2025-11-09T09:14:34.843Z] [2025-11-09T09:14:34.844Z] [INDEXING-ORCHESTRATOR] [DEBUG] 📍 Chunk 11-89: 0 candidate symbols
[2025-11-09T09:14:34.844Z] [2025-11-09T09:14:34.844Z] [INDEXING-ORCHESTRATOR] [DEBUG] ✅ Chunk symbols after filtering: 0 symbols - 
[2025-11-09T09:14:34.844Z] [2025-11-09T09:14:34.844Z] [INDEXING-ORCHESTRATOR] [DEBUG] Created 2 semantic chunks for C:\Projects\educatedplanet\admin\src\components\data-table\data-table-pagination.tsx
[2025-11-09T09:14:34.844Z] [2025-11-09T09:14:34.845Z] [INDEXING-ORCHESTRATOR] [DEBUG] Average chunk size: 1533 characters
[2025-11-09T09:14:34.844Z] [2025-11-09T09:14:34.845Z] [INDEXING-ORCHESTRATOR] [DEBUG] 📊 Processed: 70/259 files
[2025-11-09T09:14:34.857Z] [2025-11-09T09:14:34.858Z] [TREESITTER-CHUNKER] [INFO] Created 3 semantic chunks from C:\Projects\educatedplanet\admin\src\components\data-table\data-table.tsx
[2025-11-09T09:14:34.878Z] [2025-11-09T09:14:34.879Z] [TREESITTER-FULL] [INFO] Extracted 5 symbols from C:\Projects\educatedplanet\admin\src\components\data-table\data-table.tsx
[2025-11-09T09:14:34.878Z] [2025-11-09T09:14:34.879Z] [INDEXING-ORCHESTRATOR] [DEBUG] 🔍 Symbol extraction for C:\Projects\educatedplanet\admin\src\components\data-table\data-table.tsx: 5 symbols, 7 imports
[2025-11-09T09:14:34.878Z] [2025-11-09T09:14:34.879Z] [INDEXING-ORCHESTRATOR] [DEBUG] 📍 Chunk 22-27: 1 candidate symbols
[2025-11-09T09:14:34.878Z] [2025-11-09T09:14:34.879Z] [INDEXING-ORCHESTRATOR] [DEBUG] ✅ Chunk symbols after filtering: 1 symbols - DataTableProps
[2025-11-09T09:14:34.878Z] [2025-11-09T09:14:34.879Z] [INDEXING-ORCHESTRATOR] [DEBUG] 📍 Chunk 77-87: 1 candidate symbols
[2025-11-09T09:14:34.878Z] [2025-11-09T09:14:34.879Z] [INDEXING-ORCHESTRATOR] [DEBUG] ✅ Chunk symbols after filtering: 1 symbols - handleDragEnd
[2025-11-09T09:14:34.878Z] [2025-11-09T09:14:34.879Z] [INDEXING-ORCHESTRATOR] [DEBUG] 📍 Chunk 88-126: 0 candidate symbols
[2025-11-09T09:14:34.878Z] [2025-11-09T09:14:34.879Z] [INDEXING-ORCHESTRATOR] [DEBUG] ✅ Chunk symbols after filtering: 0 symbols - 
[2025-11-09T09:14:34.878Z] [2025-11-09T09:14:34.879Z] [INDEXING-ORCHESTRATOR] [DEBUG] Created 3 semantic chunks for C:\Projects\educatedplanet\admin\src\components\data-table\data-table.tsx
[2025-11-09T09:14:34.878Z] [2025-11-09T09:14:34.879Z] [INDEXING-ORCHESTRATOR] [DEBUG] Average chunk size: 565 characters
[2025-11-09T09:14:34.879Z] [2025-11-09T09:14:34.880Z] [TREESITTER-CHUNKER] [INFO] Created 1 semantic chunks from C:\Projects\educatedplanet\admin\src\components\providers\providers-wrapper.tsx
[2025-11-09T09:14:34.880Z] [2025-11-09T09:14:34.881Z] [TREESITTER-FULL] [INFO] Extracted 2 symbols from C:\Projects\educatedplanet\admin\src\components\providers\providers-wrapper.tsx
[2025-11-09T09:14:34.880Z] [2025-11-09T09:14:34.881Z] [INDEXING-ORCHESTRATOR] [DEBUG] 🔍 Symbol extraction for C:\Projects\educatedplanet\admin\src\components\providers\providers-wrapper.tsx: 2 symbols, 2 imports
[2025-11-09T09:14:34.880Z] [2025-11-09T09:14:34.881Z] [INDEXING-ORCHESTRATOR] [DEBUG] 📍 Chunk 6-16: 2 candidate symbols
[2025-11-09T09:14:34.880Z] [2025-11-09T09:14:34.881Z] [INDEXING-ORCHESTRATOR] [DEBUG] ✅ Chunk symbols after filtering: 2 symbols - ProvidersWrapperProps, ProvidersWrapper
[2025-11-09T09:14:34.880Z] [2025-11-09T09:14:34.881Z] [INDEXING-ORCHESTRATOR] [DEBUG] Created 1 semantic chunks for C:\Projects\educatedplanet\admin\src\components\providers\providers-wrapper.tsx
[2025-11-09T09:14:34.880Z] [2025-11-09T09:14:34.881Z] [INDEXING-ORCHESTRATOR] [DEBUG] Average chunk size: 209 characters
[2025-11-09T09:14:34.885Z] [2025-11-09T09:14:34.886Z] [TREESITTER-CHUNKER] [INFO] Created 2 semantic chunks from C:\Projects\educatedplanet\admin\src\components\data-table\data-table-view-options.tsx
[2025-11-09T09:14:34.891Z] [2025-11-09T09:14:34.892Z] [TREESITTER-FULL] [INFO] Extracted 1 symbols from C:\Projects\educatedplanet\admin\src\components\data-table\data-table-view-options.tsx
[2025-11-09T09:14:34.891Z] [2025-11-09T09:14:34.893Z] [INDEXING-ORCHESTRATOR] [DEBUG] 🔍 Symbol extraction for C:\Projects\educatedplanet\admin\src\components\data-table\data-table-view-options.tsx: 1 symbols, 4 imports
[2025-11-09T09:14:34.891Z] [2025-11-09T09:14:34.893Z] [INDEXING-ORCHESTRATOR] [DEBUG] 📍 Chunk 16-18: 1 candidate symbols
[2025-11-09T09:14:34.891Z] [2025-11-09T09:14:34.893Z] [INDEXING-ORCHESTRATOR] [DEBUG] ✅ Chunk symbols after filtering: 1 symbols - DataTableViewOptionsProps
[2025-11-09T09:14:34.891Z] [2025-11-09T09:14:34.893Z] [INDEXING-ORCHESTRATOR] [DEBUG] 📍 Chunk 19-51: 0 candidate symbols
[2025-11-09T09:14:34.891Z] [2025-11-09T09:14:34.893Z] [INDEXING-ORCHESTRATOR] [DEBUG] ✅ Chunk symbols after filtering: 0 symbols - 
[2025-11-09T09:14:34.891Z] [2025-11-09T09:14:34.893Z] [INDEXING-ORCHESTRATOR] [DEBUG] Created 2 semantic chunks for C:\Projects\educatedplanet\admin\src\components\data-table\data-table-view-options.tsx
[2025-11-09T09:14:34.891Z] [2025-11-09T09:14:34.893Z] [INDEXING-ORCHESTRATOR] [DEBUG] Average chunk size: 590 characters
[2025-11-09T09:14:34.898Z] [2025-11-09T09:14:34.899Z] [TREESITTER-CHUNKER] [INFO] Created 1 semantic chunks from C:\Projects\educatedplanet\admin\src\components\data-table\draggable-row.tsx
[2025-11-09T09:14:34.903Z] [2025-11-09T09:14:34.904Z] [TREESITTER-FULL] [INFO] Extracted 0 symbols from C:\Projects\educatedplanet\admin\src\components\data-table\draggable-row.tsx
[2025-11-09T09:14:34.903Z] [2025-11-09T09:14:34.904Z] [INDEXING-ORCHESTRATOR] [DEBUG] 🔍 Symbol extraction for C:\Projects\educatedplanet\admin\src\components\data-table\draggable-row.tsx: 0 symbols, 4 imports
[2025-11-09T09:14:34.903Z] [2025-11-09T09:14:34.904Z] [INDEXING-ORCHESTRATOR] [DEBUG] 📍 Chunk 1-28: 0 candidate symbols
[2025-11-09T09:14:34.903Z] [2025-11-09T09:14:34.904Z] [INDEXING-ORCHESTRATOR] [DEBUG] ✅ Chunk symbols after filtering: 0 symbols - 
[2025-11-09T09:14:34.903Z] [2025-11-09T09:14:34.904Z] [INDEXING-ORCHESTRATOR] [DEBUG] Created 1 semantic chunks for C:\Projects\educatedplanet\admin\src\components\data-table\draggable-row.tsx
[2025-11-09T09:14:34.903Z] [2025-11-09T09:14:34.904Z] [INDEXING-ORCHESTRATOR] [DEBUG] Average chunk size: 951 characters
[2025-11-09T09:14:34.908Z] [2025-11-09T09:14:34.909Z] [TREESITTER-CHUNKER] [INFO] Created 2 semantic chunks from C:\Projects\educatedplanet\admin\src\components\data-table\drag-column.tsx
[2025-11-09T09:14:34.913Z] [2025-11-09T09:14:34.915Z] [TREESITTER-FULL] [INFO] Extracted 2 symbols from C:\Projects\educatedplanet\admin\src\components\data-table\drag-column.tsx
[2025-11-09T09:14:34.913Z] [2025-11-09T09:14:34.915Z] [INDEXING-ORCHESTRATOR] [DEBUG] 🔍 Symbol extraction for C:\Projects\educatedplanet\admin\src\components\data-table\drag-column.tsx: 2 symbols, 4 imports
[2025-11-09T09:14:34.913Z] [2025-11-09T09:14:34.915Z] [INDEXING-ORCHESTRATOR] [DEBUG] 📍 Chunk 7-24: 1 candidate symbols
[2025-11-09T09:14:34.913Z] [2025-11-09T09:14:34.915Z] [INDEXING-ORCHESTRATOR] [DEBUG] ✅ Chunk symbols after filtering: 1 symbols - DragHandle
[2025-11-09T09:14:34.913Z] [2025-11-09T09:14:34.915Z] [INDEXING-ORCHESTRATOR] [DEBUG] 📍 Chunk 25-33: 1 candidate symbols
[2025-11-09T09:14:34.914Z] [2025-11-09T09:14:34.915Z] [INDEXING-ORCHESTRATOR] [DEBUG] ✅ Chunk symbols after filtering: 1 symbols - dragColumn
[2025-11-09T09:14:34.914Z] [2025-11-09T09:14:34.915Z] [INDEXING-ORCHESTRATOR] [DEBUG] Created 2 semantic chunks for C:\Projects\educatedplanet\admin\src\components\data-table\drag-column.tsx
[2025-11-09T09:14:34.914Z] [2025-11-09T09:14:34.915Z] [INDEXING-ORCHESTRATOR] [DEBUG] Average chunk size: 320 characters
[2025-11-09T09:14:34.914Z] [2025-11-09T09:14:34.916Z] [TREESITTER-CHUNKER] [INFO] Created 1 semantic chunks from C:\Projects\educatedplanet\admin\src\components\data-table\table-utils.ts
[2025-11-09T09:14:34.915Z] [2025-11-09T09:14:34.917Z] [TREESITTER-FULL] [INFO] Extracted 1 symbols from C:\Projects\educatedplanet\admin\src\components\data-table\table-utils.ts
[2025-11-09T09:14:34.915Z] [2025-11-09T09:14:34.917Z] [INDEXING-ORCHESTRATOR] [DEBUG] 🔍 Symbol extraction for C:\Projects\educatedplanet\admin\src\components\data-table\table-utils.ts: 1 symbols, 2 imports
[2025-11-09T09:14:34.915Z] [2025-11-09T09:14:34.917Z] [INDEXING-ORCHESTRATOR] [DEBUG] 📍 Chunk 5-7: 1 candidate symbols
[2025-11-09T09:14:34.915Z] [2025-11-09T09:14:34.917Z] [INDEXING-ORCHESTRATOR] [DEBUG] ✅ Chunk symbols after filtering: 1 symbols - withDndColumn
[2025-11-09T09:14:34.915Z] [2025-11-09T09:14:34.917Z] [INDEXING-ORCHESTRATOR] [DEBUG] Created 1 semantic chunks for C:\Projects\educatedplanet\admin\src\components\data-table\table-utils.ts
[2025-11-09T09:14:34.916Z] [2025-11-09T09:14:34.917Z] [INDEXING-ORCHESTRATOR] [DEBUG] Average chunk size: 123 characters
[2025-11-09T09:14:34.922Z] [2025-11-09T09:14:34.923Z] [TREESITTER-CHUNKER] [INFO] Created 2 semantic chunks from C:\Projects\educatedplanet\admin\src\components\providers\global-loading-provider.tsx
[2025-11-09T09:14:34.938Z] [2025-11-09T09:14:34.939Z] [TREESITTER-FULL] [INFO] Extracted 5 symbols from C:\Projects\educatedplanet\admin\src\components\providers\global-loading-provider.tsx
[2025-11-09T09:14:34.938Z] [2025-11-09T09:14:34.939Z] [INDEXING-ORCHESTRATOR] [DEBUG] 🔍 Symbol extraction for C:\Projects\educatedplanet\admin\src\components\providers\global-loading-provider.tsx: 5 symbols, 4 imports
[2025-11-09T09:14:34.938Z] [2025-11-09T09:14:34.939Z] [INDEXING-ORCHESTRATOR] [DEBUG] 📍 Chunk 8-26: 4 candidate symbols
[2025-11-09T09:14:34.938Z] [2025-11-09T09:14:34.939Z] [INDEXING-ORCHESTRATOR] [DEBUG] ✅ Chunk symbols after filtering: 4 symbols - LoadingContextType, LoadingContext, useLoading, LoadingProviderProps
[2025-11-09T09:14:34.938Z] [2025-11-09T09:14:34.939Z] [INDEXING-ORCHESTRATOR] [DEBUG] 📍 Chunk 28-151: 1 candidate symbols
[2025-11-09T09:14:34.938Z] [2025-11-09T09:14:34.940Z] [INDEXING-ORCHESTRATOR] [DEBUG] ✅ Chunk symbols after filtering: 1 symbols - LoadingProvider
[2025-11-09T09:14:34.938Z] [2025-11-09T09:14:34.940Z] [INDEXING-ORCHESTRATOR] [DEBUG] Created 2 semantic chunks for C:\Projects\educatedplanet\admin\src\components\providers\global-loading-provider.tsx
[2025-11-09T09:14:34.938Z] [2025-11-09T09:14:34.940Z] [INDEXING-ORCHESTRATOR] [DEBUG] Average chunk size: 1915 characters
[2025-11-09T09:14:34.942Z] [2025-11-09T09:14:34.943Z] [TREESITTER-CHUNKER] [INFO] Created 2 semantic chunks from C:\Projects\educatedplanet\admin\src\components\ui\accordion.tsx
[2025-11-09T09:14:34.950Z] [2025-11-09T09:14:34.952Z] [TREESITTER-FULL] [INFO] Extracted 2 symbols from C:\Projects\educatedplanet\admin\src\components\ui\accordion.tsx
[2025-11-09T09:14:34.950Z] [2025-11-09T09:14:34.952Z] [INDEXING-ORCHESTRATOR] [DEBUG] 🔍 Symbol extraction for C:\Projects\educatedplanet\admin\src\components\ui\accordion.tsx: 2 symbols, 4 imports
[2025-11-09T09:14:34.950Z] [2025-11-09T09:14:34.952Z] [INDEXING-ORCHESTRATOR] [DEBUG] 📍 Chunk 15-48: 2 candidate symbols
[2025-11-09T09:14:34.950Z] [2025-11-09T09:14:34.952Z] [INDEXING-ORCHESTRATOR] [DEBUG] ✅ Chunk symbols after filtering: 2 symbols - AccordionItem, AccordionTrigger
[2025-11-09T09:14:34.950Z] [2025-11-09T09:14:34.952Z] [INDEXING-ORCHESTRATOR] [DEBUG] 📍 Chunk 49-67: 0 candidate symbols
[2025-11-09T09:14:34.951Z] [2025-11-09T09:14:34.952Z] [INDEXING-ORCHESTRATOR] [DEBUG] ✅ Chunk symbols after filtering: 0 symbols - 
[2025-11-09T09:14:34.951Z] [2025-11-09T09:14:34.952Z] [INDEXING-ORCHESTRATOR] [DEBUG] Created 2 semantic chunks for C:\Projects\educatedplanet\admin\src\components\ui\accordion.tsx
[2025-11-09T09:14:34.951Z] [2025-11-09T09:14:34.952Z] [INDEXING-ORCHESTRATOR] [DEBUG] Average chunk size: 872 characters
[2025-11-09T09:14:34.953Z] [2025-11-09T09:14:34.954Z] [TREESITTER-CHUNKER] [INFO] Created 1 semantic chunks from C:\Projects\educatedplanet\admin\src\components\simple-icon.tsx
[2025-11-09T09:14:34.956Z] [2025-11-09T09:14:34.957Z] [TREESITTER-FULL] [INFO] Extracted 2 symbols from C:\Projects\educatedplanet\admin\src\components\simple-icon.tsx
[2025-11-09T09:14:34.956Z] [2025-11-09T09:14:34.957Z] [INDEXING-ORCHESTRATOR] [DEBUG] 🔍 Symbol extraction for C:\Projects\educatedplanet\admin\src\components\simple-icon.tsx: 2 symbols, 3 imports
[2025-11-09T09:14:34.956Z] [2025-11-09T09:14:34.957Z] [INDEXING-ORCHESTRATOR] [DEBUG] 📍 Chunk 9-30: 2 candidate symbols
[2025-11-09T09:14:34.956Z] [2025-11-09T09:14:34.957Z] [INDEXING-ORCHESTRATOR] [DEBUG] ✅ Chunk symbols after filtering: 2 symbols - SimpleIconProps, SimpleIcon
[2025-11-09T09:14:34.956Z] [2025-11-09T09:14:34.957Z] [INDEXING-ORCHESTRATOR] [DEBUG] Created 1 semantic chunks for C:\Projects\educatedplanet\admin\src\components\simple-icon.tsx
[2025-11-09T09:14:34.956Z] [2025-11-09T09:14:34.957Z] [INDEXING-ORCHESTRATOR] [DEBUG] Average chunk size: 506 characters
[2025-11-09T09:14:34.957Z] [2025-11-09T09:14:34.959Z] [TREESITTER-CHUNKER] [INFO] Created 1 semantic chunks from C:\Projects\educatedplanet\admin\src\components\providers\query-client-provider.tsx
[2025-11-09T09:14:34.960Z] [2025-11-09T09:14:34.961Z] [TREESITTER-FULL] [INFO] Extracted 2 symbols from C:\Projects\educatedplanet\admin\src\components\providers\query-client-provider.tsx
[2025-11-09T09:14:34.960Z] [2025-11-09T09:14:34.961Z] [INDEXING-ORCHESTRATOR] [DEBUG] 🔍 Symbol extraction for C:\Projects\educatedplanet\admin\src\components\providers\query-client-provider.tsx: 2 symbols, 2 imports
[2025-11-09T09:14:34.960Z] [2025-11-09T09:14:34.961Z] [INDEXING-ORCHESTRATOR] [DEBUG] 📍 Chunk 6-28: 2 candidate symbols
[2025-11-09T09:14:34.960Z] [2025-11-09T09:14:34.961Z] [INDEXING-ORCHESTRATOR] [DEBUG] ✅ Chunk symbols after filtering: 2 symbols - QueryClientProviderProps, CustomQueryClientProvider
[2025-11-09T09:14:34.960Z] [2025-11-09T09:14:34.961Z] [INDEXING-ORCHESTRATOR] [DEBUG] Created 1 semantic chunks for C:\Projects\educatedplanet\admin\src\components\providers\query-client-provider.tsx
[2025-11-09T09:14:34.960Z] [2025-11-09T09:14:34.961Z] [INDEXING-ORCHESTRATOR] [DEBUG] Average chunk size: 482 characters
[2025-11-09T09:14:34.960Z] [2025-11-09T09:14:34.961Z] [INDEXING-ORCHESTRATOR] [DEBUG] 📊 Processed: 80/259 files
[2025-11-09T09:14:34.965Z] [2025-11-09T09:14:34.967Z] [TREESITTER-CHUNKER] [INFO] Created 4 semantic chunks from C:\Projects\educatedplanet\admin\src\components\ui\alert.tsx
[2025-11-09T09:14:34.973Z] [2025-11-09T09:14:34.974Z] [TREESITTER-FULL] [INFO] Extracted 1 symbols from C:\Projects\educatedplanet\admin\src\components\ui\alert.tsx
[2025-11-09T09:14:34.973Z] [2025-11-09T09:14:34.974Z] [INDEXING-ORCHESTRATOR] [DEBUG] 🔍 Symbol extraction for C:\Projects\educatedplanet\admin\src\components\ui\alert.tsx: 1 symbols, 3 imports
[2025-11-09T09:14:34.973Z] [2025-11-09T09:14:34.974Z] [INDEXING-ORCHESTRATOR] [DEBUG] 📍 Chunk 31-32: 0 candidate symbols
[2025-11-09T09:14:34.973Z] [2025-11-09T09:14:34.974Z] [INDEXING-ORCHESTRATOR] [DEBUG] ✅ Chunk symbols after filtering: 0 symbols - 
[2025-11-09T09:14:34.973Z] [2025-11-09T09:14:34.974Z] [INDEXING-ORCHESTRATOR] [DEBUG] 📍 Chunk 41-45: 0 candidate symbols
[2025-11-09T09:14:34.973Z] [2025-11-09T09:14:34.974Z] [INDEXING-ORCHESTRATOR] [DEBUG] ✅ Chunk symbols after filtering: 0 symbols - 
[2025-11-09T09:14:34.973Z] [2025-11-09T09:14:34.974Z] [INDEXING-ORCHESTRATOR] [DEBUG] 📍 Chunk 57-61: 0 candidate symbols
[2025-11-09T09:14:34.973Z] [2025-11-09T09:14:34.974Z] [INDEXING-ORCHESTRATOR] [DEBUG] ✅ Chunk symbols after filtering: 0 symbols - 
[2025-11-09T09:14:34.973Z] [2025-11-09T09:14:34.974Z] [INDEXING-ORCHESTRATOR] [DEBUG] 📍 Chunk 62-67: 0 candidate symbols
[2025-11-09T09:14:34.973Z] [2025-11-09T09:14:34.974Z] [INDEXING-ORCHESTRATOR] [DEBUG] ✅ Chunk symbols after filtering: 0 symbols - 
[2025-11-09T09:14:34.973Z] [2025-11-09T09:14:34.974Z] [INDEXING-ORCHESTRATOR] [DEBUG] Created 4 semantic chunks for C:\Projects\educatedplanet\admin\src\components\ui\alert.tsx
[2025-11-09T09:14:34.973Z] [2025-11-09T09:14:34.974Z] [INDEXING-ORCHESTRATOR] [DEBUG] Average chunk size: 100 characters
[2025-11-09T09:14:34.980Z] [2025-11-09T09:14:34.982Z] [TREESITTER-CHUNKER] [INFO] Created 4 semantic chunks from C:\Projects\educatedplanet\admin\src\components\ui\alert-dialog.tsx
[2025-11-09T09:14:35.000Z] [2025-11-09T09:14:35.001Z] [TREESITTER-FULL] [INFO] Extracted 2 symbols from C:\Projects\educatedplanet\admin\src\components\ui\alert-dialog.tsx
[2025-11-09T09:14:35.000Z] [2025-11-09T09:14:35.001Z] [INDEXING-ORCHESTRATOR] [DEBUG] 🔍 Symbol extraction for C:\Projects\educatedplanet\admin\src\components\ui\alert-dialog.tsx: 2 symbols, 4 imports
[2025-11-09T09:14:35.000Z] [2025-11-09T09:14:35.001Z] [INDEXING-ORCHESTRATOR] [DEBUG] 📍 Chunk 15-29: 2 candidate symbols
[2025-11-09T09:14:35.000Z] [2025-11-09T09:14:35.001Z] [INDEXING-ORCHESTRATOR] [DEBUG] ✅ Chunk symbols after filtering: 2 symbols - AlertDialogTrigger, AlertDialogPortal
[2025-11-09T09:14:35.000Z] [2025-11-09T09:14:35.001Z] [INDEXING-ORCHESTRATOR] [DEBUG] 📍 Chunk 73-74: 0 candidate symbols
[2025-11-09T09:14:35.000Z] [2025-11-09T09:14:35.001Z] [INDEXING-ORCHESTRATOR] [DEBUG] ✅ Chunk symbols after filtering: 0 symbols - 
[2025-11-09T09:14:35.000Z] [2025-11-09T09:14:35.001Z] [INDEXING-ORCHESTRATOR] [DEBUG] 📍 Chunk 86-90: 0 candidate symbols
[2025-11-09T09:14:35.000Z] [2025-11-09T09:14:35.001Z] [INDEXING-ORCHESTRATOR] [DEBUG] ✅ Chunk symbols after filtering: 0 symbols - 
[2025-11-09T09:14:35.000Z] [2025-11-09T09:14:35.001Z] [INDEXING-ORCHESTRATOR] [DEBUG] 📍 Chunk 91-158: 0 candidate symbols
[2025-11-09T09:14:35.000Z] [2025-11-09T09:14:35.001Z] [INDEXING-ORCHESTRATOR] [DEBUG] ✅ Chunk symbols after filtering: 0 symbols - 
[2025-11-09T09:14:35.000Z] [2025-11-09T09:14:35.001Z] [INDEXING-ORCHESTRATOR] [DEBUG] Created 4 semantic chunks for C:\Projects\educatedplanet\admin\src\components\ui\alert-dialog.tsx
[2025-11-09T09:14:35.000Z] [2025-11-09T09:14:35.001Z] [INDEXING-ORCHESTRATOR] [DEBUG] Average chunk size: 508 characters
[2025-11-09T09:14:35.001Z] [2025-11-09T09:14:35.003Z] [TREESITTER-CHUNKER] [INFO] Created 1 semantic chunks from C:\Projects\educatedplanet\admin\src\components\ui\aspect-ratio.tsx
[2025-11-09T09:14:35.003Z] [2025-11-09T09:14:35.004Z] [TREESITTER-FULL] [INFO] Extracted 0 symbols from C:\Projects\educatedplanet\admin\src\components\ui\aspect-ratio.tsx
[2025-11-09T09:14:35.003Z] [2025-11-09T09:14:35.004Z] [INDEXING-ORCHESTRATOR] [DEBUG] 🔍 Symbol extraction for C:\Projects\educatedplanet\admin\src\components\ui\aspect-ratio.tsx: 0 symbols, 1 imports
[2025-11-09T09:14:35.003Z] [2025-11-09T09:14:35.004Z] [INDEXING-ORCHESTRATOR] [DEBUG] 📍 Chunk 1-12: 0 candidate symbols
[2025-11-09T09:14:35.003Z] [2025-11-09T09:14:35.004Z] [INDEXING-ORCHESTRATOR] [DEBUG] ✅ Chunk symbols after filtering: 0 symbols - 
[2025-11-09T09:14:35.003Z] [2025-11-09T09:14:35.004Z] [INDEXING-ORCHESTRATOR] [DEBUG] Created 1 semantic chunks for C:\Projects\educatedplanet\admin\src\components\ui\aspect-ratio.tsx
[2025-11-09T09:14:35.003Z] [2025-11-09T09:14:35.004Z] [INDEXING-ORCHESTRATOR] [DEBUG] Average chunk size: 283 characters
[2025-11-09T09:14:35.006Z] [2025-11-09T09:14:35.007Z] [TREESITTER-CHUNKER] [INFO] Created 1 semantic chunks from C:\Projects\educatedplanet\admin\src\components\ui\avatar.tsx
[2025-11-09T09:14:35.010Z] [2025-11-09T09:14:35.011Z] [TREESITTER-FULL] [INFO] Extracted 0 symbols from C:\Projects\educatedplanet\admin\src\components\ui\avatar.tsx
[2025-11-09T09:14:35.010Z] [2025-11-09T09:14:35.011Z] [INDEXING-ORCHESTRATOR] [DEBUG] 🔍 Symbol extraction for C:\Projects\educatedplanet\admin\src\components\ui\avatar.tsx: 0 symbols, 3 imports
[2025-11-09T09:14:35.010Z] [2025-11-09T09:14:35.011Z] [INDEXING-ORCHESTRATOR] [DEBUG] 📍 Chunk 1-54: 0 candidate symbols
[2025-11-09T09:14:35.010Z] [2025-11-09T09:14:35.011Z] [INDEXING-ORCHESTRATOR] [DEBUG] ✅ Chunk symbols after filtering: 0 symbols - 
[2025-11-09T09:14:35.010Z] [2025-11-09T09:14:35.011Z] [INDEXING-ORCHESTRATOR] [DEBUG] Created 1 semantic chunks for C:\Projects\educatedplanet\admin\src\components\ui\avatar.tsx
[2025-11-09T09:14:35.012Z] [2025-11-09T09:14:35.011Z] [INDEXING-ORCHESTRATOR] [DEBUG] Average chunk size: 1143 characters
[2025-11-09T09:14:35.020Z] [2025-11-09T09:14:35.021Z] [TREESITTER-CHUNKER] [INFO] Created 7 semantic chunks from C:\Projects\educatedplanet\admin\src\components\ui\breadcrumb.tsx
[2025-11-09T09:14:35.039Z] [2025-11-09T09:14:35.040Z] [TREESITTER-FULL] [INFO] Extracted 1 symbols from C:\Projects\educatedplanet\admin\src\components\ui\breadcrumb.tsx
[2025-11-09T09:14:35.039Z] [2025-11-09T09:14:35.040Z] [INDEXING-ORCHESTRATOR] [DEBUG] 🔍 Symbol extraction for C:\Projects\educatedplanet\admin\src\components\ui\breadcrumb.tsx: 1 symbols, 4 imports
[2025-11-09T09:14:35.039Z] [2025-11-09T09:14:35.040Z] [INDEXING-ORCHESTRATOR] [DEBUG] 📍 Chunk 7-9: 1 candidate symbols
[2025-11-09T09:14:35.039Z] [2025-11-09T09:14:35.040Z] [INDEXING-ORCHESTRATOR] [DEBUG] ✅ Chunk symbols after filtering: 1 symbols - Breadcrumb
[2025-11-09T09:14:35.039Z] [2025-11-09T09:14:35.040Z] [INDEXING-ORCHESTRATOR] [DEBUG] 📍 Chunk 15-19: 0 candidate symbols
[2025-11-09T09:14:35.039Z] [2025-11-09T09:14:35.040Z] [INDEXING-ORCHESTRATOR] [DEBUG] ✅ Chunk symbols after filtering: 0 symbols - 
[2025-11-09T09:14:35.039Z] [2025-11-09T09:14:35.040Z] [INDEXING-ORCHESTRATOR] [DEBUG] 📍 Chunk 28-29: 0 candidate symbols
[2025-11-09T09:14:35.039Z] [2025-11-09T09:14:35.040Z] [INDEXING-ORCHESTRATOR] [DEBUG] ✅ Chunk symbols after filtering: 0 symbols - 
[2025-11-09T09:14:35.039Z] [2025-11-09T09:14:35.040Z] [INDEXING-ORCHESTRATOR] [DEBUG] 📍 Chunk 46-47: 0 candidate symbols
[2025-11-09T09:14:35.039Z] [2025-11-09T09:14:35.040Z] [INDEXING-ORCHESTRATOR] [DEBUG] ✅ Chunk symbols after filtering: 0 symbols - 
[2025-11-09T09:14:35.039Z] [2025-11-09T09:14:35.040Z] [INDEXING-ORCHESTRATOR] [DEBUG] 📍 Chunk 59-60: 0 candidate symbols
[2025-11-09T09:14:35.039Z] [2025-11-09T09:14:35.040Z] [INDEXING-ORCHESTRATOR] [DEBUG] ✅ Chunk symbols after filtering: 0 symbols - 
[2025-11-09T09:14:35.039Z] [2025-11-09T09:14:35.040Z] [INDEXING-ORCHESTRATOR] [DEBUG] 📍 Chunk 75-93: 0 candidate symbols
[2025-11-09T09:14:35.039Z] [2025-11-09T09:14:35.040Z] [INDEXING-ORCHESTRATOR] [DEBUG] ✅ Chunk symbols after filtering: 0 symbols - 
[2025-11-09T09:14:35.039Z] [2025-11-09T09:14:35.040Z] [INDEXING-ORCHESTRATOR] [DEBUG] 📍 Chunk 94-110: 0 candidate symbols
[2025-11-09T09:14:35.039Z] [2025-11-09T09:14:35.040Z] [INDEXING-ORCHESTRATOR] [DEBUG] ✅ Chunk symbols after filtering: 0 symbols - 
[2025-11-09T09:14:35.039Z] [2025-11-09T09:14:35.040Z] [INDEXING-ORCHESTRATOR] [DEBUG] Created 7 semantic chunks for C:\Projects\educatedplanet\admin\src\components\ui\breadcrumb.tsx
[2025-11-09T09:14:35.039Z] [2025-11-09T09:14:35.040Z] [INDEXING-ORCHESTRATOR] [DEBUG] Average chunk size: 169 characters
[2025-11-09T09:14:35.042Z] [2025-11-09T09:14:35.043Z] [TREESITTER-CHUNKER] [INFO] Created 2 semantic chunks from C:\Projects\educatedplanet\admin\src\components\ui\badge.tsx
[2025-11-09T09:14:35.048Z] [2025-11-09T09:14:35.050Z] [TREESITTER-FULL] [INFO] Extracted 2 symbols from C:\Projects\educatedplanet\admin\src\components\ui\badge.tsx
[2025-11-09T09:14:35.048Z] [2025-11-09T09:14:35.050Z] [INDEXING-ORCHESTRATOR] [DEBUG] 🔍 Symbol extraction for C:\Projects\educatedplanet\admin\src\components\ui\badge.tsx: 2 symbols, 4 imports
[2025-11-09T09:14:35.048Z] [2025-11-09T09:14:35.050Z] [INDEXING-ORCHESTRATOR] [DEBUG] 📍 Chunk 28-41: 0 candidate symbols
[2025-11-09T09:14:35.048Z] [2025-11-09T09:14:35.050Z] [INDEXING-ORCHESTRATOR] [DEBUG] ✅ Chunk symbols after filtering: 0 symbols - 
[2025-11-09T09:14:35.048Z] [2025-11-09T09:14:35.050Z] [INDEXING-ORCHESTRATOR] [DEBUG] 📍 Chunk 42-47: 0 candidate symbols
[2025-11-09T09:14:35.049Z] [2025-11-09T09:14:35.050Z] [INDEXING-ORCHESTRATOR] [DEBUG] ✅ Chunk symbols after filtering: 0 symbols - 
[2025-11-09T09:14:35.049Z] [2025-11-09T09:14:35.050Z] [INDEXING-ORCHESTRATOR] [DEBUG] Created 2 semantic chunks for C:\Projects\educatedplanet\admin\src\components\ui\badge.tsx
[2025-11-09T09:14:35.049Z] [2025-11-09T09:14:35.050Z] [INDEXING-ORCHESTRATOR] [DEBUG] Average chunk size: 201 characters
[2025-11-09T09:14:35.053Z] [2025-11-09T09:14:35.054Z] [TREESITTER-CHUNKER] [INFO] Created 2 semantic chunks from C:\Projects\educatedplanet\admin\src\components\ui\button-group.tsx
[2025-11-09T09:14:35.061Z] [2025-11-09T09:14:35.062Z] [TREESITTER-FULL] [INFO] Extracted 1 symbols from C:\Projects\educatedplanet\admin\src\components\ui\button-group.tsx
[2025-11-09T09:14:35.061Z] [2025-11-09T09:14:35.062Z] [INDEXING-ORCHESTRATOR] [DEBUG] 🔍 Symbol extraction for C:\Projects\educatedplanet\admin\src\components\ui\button-group.tsx: 1 symbols, 4 imports
[2025-11-09T09:14:35.061Z] [2025-11-09T09:14:35.062Z] [INDEXING-ORCHESTRATOR] [DEBUG] 📍 Chunk 69-73: 0 candidate symbols
[2025-11-09T09:14:35.061Z] [2025-11-09T09:14:35.062Z] [INDEXING-ORCHESTRATOR] [DEBUG] ✅ Chunk symbols after filtering: 0 symbols - 
[2025-11-09T09:14:35.061Z] [2025-11-09T09:14:35.062Z] [INDEXING-ORCHESTRATOR] [DEBUG] 📍 Chunk 74-84: 0 candidate symbols
[2025-11-09T09:14:35.061Z] [2025-11-09T09:14:35.062Z] [INDEXING-ORCHESTRATOR] [DEBUG] ✅ Chunk symbols after filtering: 0 symbols - 
[2025-11-09T09:14:35.061Z] [2025-11-09T09:14:35.062Z] [INDEXING-ORCHESTRATOR] [DEBUG] Created 2 semantic chunks for C:\Projects\educatedplanet\admin\src\components\ui\button-group.tsx
[2025-11-09T09:14:35.061Z] [2025-11-09T09:14:35.062Z] [INDEXING-ORCHESTRATOR] [DEBUG] Average chunk size: 122 characters
[2025-11-09T09:14:35.063Z] [2025-11-09T09:14:35.065Z] [TREESITTER-CHUNKER] [INFO] Created 1 semantic chunks from C:\Projects\educatedplanet\admin\src\components\ui\button.tsx
[2025-11-09T09:14:35.069Z] [2025-11-09T09:14:35.070Z] [TREESITTER-FULL] [INFO] Extracted 1 symbols from C:\Projects\educatedplanet\admin\src\components\ui\button.tsx
[2025-11-09T09:14:35.069Z] [2025-11-09T09:14:35.070Z] [INDEXING-ORCHESTRATOR] [DEBUG] 🔍 Symbol extraction for C:\Projects\educatedplanet\admin\src\components\ui\button.tsx: 1 symbols, 4 imports
[2025-11-09T09:14:35.069Z] [2025-11-09T09:14:35.071Z] [INDEXING-ORCHESTRATOR] [DEBUG] 📍 Chunk 54-60: 0 candidate symbols
[2025-11-09T09:14:35.069Z] [2025-11-09T09:14:35.071Z] [INDEXING-ORCHESTRATOR] [DEBUG] ✅ Chunk symbols after filtering: 0 symbols - 
[2025-11-09T09:14:35.069Z] [2025-11-09T09:14:35.071Z] [INDEXING-ORCHESTRATOR] [DEBUG] Created 1 semantic chunks for C:\Projects\educatedplanet\admin\src\components\ui\button.tsx
[2025-11-09T09:14:35.069Z] [2025-11-09T09:14:35.071Z] [INDEXING-ORCHESTRATOR] [DEBUG] Average chunk size: 120 characters
[2025-11-09T09:14:35.076Z] [2025-11-09T09:14:35.077Z] [TREESITTER-CHUNKER] [INFO] Created 8 semantic chunks from C:\Projects\educatedplanet\admin\src\components\ui\card.tsx
[2025-11-09T09:14:35.091Z] [2025-11-09T09:14:35.092Z] [TREESITTER-FULL] [INFO] Extracted 0 symbols from C:\Projects\educatedplanet\admin\src\components\ui\card.tsx
[2025-11-09T09:14:35.091Z] [2025-11-09T09:14:35.092Z] [INDEXING-ORCHESTRATOR] [DEBUG] 🔍 Symbol extraction for C:\Projects\educatedplanet\admin\src\components\ui\card.tsx: 0 symbols, 2 imports
[2025-11-09T09:14:35.091Z] [2025-11-09T09:14:35.092Z] [INDEXING-ORCHESTRATOR] [DEBUG] 📍 Chunk 9-13: 0 candidate symbols
[2025-11-09T09:14:35.091Z] [2025-11-09T09:14:35.092Z] [INDEXING-ORCHESTRATOR] [DEBUG] ✅ Chunk symbols after filtering: 0 symbols - 
[2025-11-09T09:14:35.091Z] [2025-11-09T09:14:35.092Z] [INDEXING-ORCHESTRATOR] [DEBUG] 📍 Chunk 22-26: 0 candidate symbols
[2025-11-09T09:14:35.091Z] [2025-11-09T09:14:35.092Z] [INDEXING-ORCHESTRATOR] [DEBUG] ✅ Chunk symbols after filtering: 0 symbols - 
[2025-11-09T09:14:35.091Z] [2025-11-09T09:14:35.092Z] [INDEXING-ORCHESTRATOR] [DEBUG] 📍 Chunk 35-36: 0 candidate symbols
[2025-11-09T09:14:35.091Z] [2025-11-09T09:14:35.092Z] [INDEXING-ORCHESTRATOR] [DEBUG] ✅ Chunk symbols after filtering: 0 symbols - 
[2025-11-09T09:14:35.091Z] [2025-11-09T09:14:35.092Z] [INDEXING-ORCHESTRATOR] [DEBUG] 📍 Chunk 45-46: 0 candidate symbols
[2025-11-09T09:14:35.091Z] [2025-11-09T09:14:35.092Z] [INDEXING-ORCHESTRATOR] [DEBUG] ✅ Chunk symbols after filtering: 0 symbols - 
[2025-11-09T09:14:35.091Z] [2025-11-09T09:14:35.092Z] [INDEXING-ORCHESTRATOR] [DEBUG] 📍 Chunk 55-59: 0 candidate symbols
[2025-11-09T09:14:35.091Z] [2025-11-09T09:14:35.092Z] [INDEXING-ORCHESTRATOR] [DEBUG] ✅ Chunk symbols after filtering: 0 symbols - 
[2025-11-09T09:14:35.091Z] [2025-11-09T09:14:35.092Z] [INDEXING-ORCHESTRATOR] [DEBUG] 📍 Chunk 68-69: 0 candidate symbols
[2025-11-09T09:14:35.091Z] [2025-11-09T09:14:35.093Z] [INDEXING-ORCHESTRATOR] [DEBUG] ✅ Chunk symbols after filtering: 0 symbols - 
[2025-11-09T09:14:35.091Z] [2025-11-09T09:14:35.093Z] [INDEXING-ORCHESTRATOR] [DEBUG] 📍 Chunk 78-79: 0 candidate symbols
[2025-11-09T09:14:35.091Z] [2025-11-09T09:14:35.093Z] [INDEXING-ORCHESTRATOR] [DEBUG] ✅ Chunk symbols after filtering: 0 symbols - 
[2025-11-09T09:14:35.091Z] [2025-11-09T09:14:35.093Z] [INDEXING-ORCHESTRATOR] [DEBUG] 📍 Chunk 80-93: 0 candidate symbols
[2025-11-09T09:14:35.091Z] [2025-11-09T09:14:35.093Z] [INDEXING-ORCHESTRATOR] [DEBUG] ✅ Chunk symbols after filtering: 0 symbols - 
[2025-11-09T09:14:35.091Z] [2025-11-09T09:14:35.093Z] [INDEXING-ORCHESTRATOR] [DEBUG] Created 8 semantic chunks for C:\Projects\educatedplanet\admin\src\components\ui\card.tsx
[2025-11-09T09:14:35.091Z] [2025-11-09T09:14:35.093Z] [INDEXING-ORCHESTRATOR] [DEBUG] Average chunk size: 107 characters
[2025-11-09T09:14:35.103Z] [2025-11-09T09:14:35.104Z] [TREESITTER-CHUNKER] [INFO] Created 6 semantic chunks from C:\Projects\educatedplanet\admin\src\components\ui\calendar.tsx
[2025-11-09T09:14:35.136Z] [2025-11-09T09:14:35.137Z] [TREESITTER-FULL] [INFO] Extracted 1 symbols from C:\Projects\educatedplanet\admin\src\components\ui\calendar.tsx
[2025-11-09T09:14:35.136Z] [2025-11-09T09:14:35.137Z] [INDEXING-ORCHESTRATOR] [DEBUG] 🔍 Symbol extraction for C:\Projects\educatedplanet\admin\src\components\ui\calendar.tsx: 1 symbols, 5 imports
[2025-11-09T09:14:35.136Z] [2025-11-09T09:14:35.137Z] [INDEXING-ORCHESTRATOR] [DEBUG] 📍 Chunk 31-37: 0 candidate symbols
[2025-11-09T09:14:35.136Z] [2025-11-09T09:14:35.137Z] [INDEXING-ORCHESTRATOR] [DEBUG] ✅ Chunk symbols after filtering: 0 symbols - 
[2025-11-09T09:14:35.136Z] [2025-11-09T09:14:35.137Z] [INDEXING-ORCHESTRATOR] [DEBUG] 📍 Chunk 136-137: 0 candidate symbols
[2025-11-09T09:14:35.136Z] [2025-11-09T09:14:35.138Z] [INDEXING-ORCHESTRATOR] [DEBUG] ✅ Chunk symbols after filtering: 0 symbols - 
[2025-11-09T09:14:35.136Z] [2025-11-09T09:14:35.138Z] [INDEXING-ORCHESTRATOR] [DEBUG] 📍 Chunk 142-146: 0 candidate symbols
[2025-11-09T09:14:35.137Z] [2025-11-09T09:14:35.138Z] [INDEXING-ORCHESTRATOR] [DEBUG] ✅ Chunk symbols after filtering: 0 symbols - 
[2025-11-09T09:14:35.137Z] [2025-11-09T09:14:35.138Z] [INDEXING-ORCHESTRATOR] [DEBUG] 📍 Chunk 151-152: 0 candidate symbols
[2025-11-09T09:14:35.137Z] [2025-11-09T09:14:35.138Z] [INDEXING-ORCHESTRATOR] [DEBUG] ✅ Chunk symbols after filtering: 0 symbols - 
[2025-11-09T09:14:35.137Z] [2025-11-09T09:14:35.138Z] [INDEXING-ORCHESTRATOR] [DEBUG] 📍 Chunk 206-211: 0 candidate symbols
[2025-11-09T09:14:35.137Z] [2025-11-09T09:14:35.138Z] [INDEXING-ORCHESTRATOR] [DEBUG] ✅ Chunk symbols after filtering: 0 symbols - 
[2025-11-09T09:14:35.137Z] [2025-11-09T09:14:35.138Z] [INDEXING-ORCHESTRATOR] [DEBUG] 📍 Chunk 212-217: 0 candidate symbols
[2025-11-09T09:14:35.137Z] [2025-11-09T09:14:35.138Z] [INDEXING-ORCHESTRATOR] [DEBUG] ✅ Chunk symbols after filtering: 0 symbols - 
[2025-11-09T09:14:35.137Z] [2025-11-09T09:14:35.138Z] [INDEXING-ORCHESTRATOR] [DEBUG] Created 6 semantic chunks for C:\Projects\educatedplanet\admin\src\components\ui\calendar.tsx
[2025-11-09T09:14:35.137Z] [2025-11-09T09:14:35.138Z] [INDEXING-ORCHESTRATOR] [DEBUG] Average chunk size: 274 characters
[2025-11-09T09:14:35.137Z] [2025-11-09T09:14:35.138Z] [INDEXING-ORCHESTRATOR] [DEBUG] 📊 Processed: 90/259 files
[2025-11-09T09:14:35.157Z] [2025-11-09T09:14:35.158Z] [TREESITTER-CHUNKER] [INFO] Created 6 semantic chunks from C:\Projects\educatedplanet\admin\src\components\ui\carousel.tsx
[2025-11-09T09:14:35.192Z] [2025-11-09T09:14:35.194Z] [TREESITTER-FULL] [INFO] Extracted 9 symbols from C:\Projects\educatedplanet\admin\src\components\ui\carousel.tsx
[2025-11-09T09:14:35.192Z] [2025-11-09T09:14:35.194Z] [INDEXING-ORCHESTRATOR] [DEBUG] 🔍 Symbol extraction for C:\Projects\educatedplanet\admin\src\components\ui\carousel.tsx: 9 symbols, 5 imports
[2025-11-09T09:14:35.192Z] [2025-11-09T09:14:35.194Z] [INDEXING-ORCHESTRATOR] [DEBUG] 📍 Chunk 12-43: 8 candidate symbols
[2025-11-09T09:14:35.192Z] [2025-11-09T09:14:35.194Z] [INDEXING-ORCHESTRATOR] [DEBUG] ✅ Chunk symbols after filtering: 8 symbols - CarouselApi, UseCarouselParameters, CarouselOptions, CarouselPlugin, CarouselProps, CarouselContextProps, CarouselContext, useCarousel
[2025-11-09T09:14:35.192Z] [2025-11-09T09:14:35.194Z] [INDEXING-ORCHESTRATOR] [DEBUG] 📍 Chunk 45-123: 1 candidate symbols
[2025-11-09T09:14:35.193Z] [2025-11-09T09:14:35.194Z] [INDEXING-ORCHESTRATOR] [DEBUG] ✅ Chunk symbols after filtering: 1 symbols - Carousel
[2025-11-09T09:14:35.193Z] [2025-11-09T09:14:35.194Z] [INDEXING-ORCHESTRATOR] [DEBUG] 📍 Chunk 145-150: 0 candidate symbols
[2025-11-09T09:14:35.193Z] [2025-11-09T09:14:35.194Z] [INDEXING-ORCHESTRATOR] [DEBUG] ✅ Chunk symbols after filtering: 0 symbols - 
[2025-11-09T09:14:35.193Z] [2025-11-09T09:14:35.194Z] [INDEXING-ORCHESTRATOR] [DEBUG] 📍 Chunk 187-194: 0 candidate symbols
[2025-11-09T09:14:35.193Z] [2025-11-09T09:14:35.194Z] [INDEXING-ORCHESTRATOR] [DEBUG] ✅ Chunk symbols after filtering: 0 symbols - 
[2025-11-09T09:14:35.193Z] [2025-11-09T09:14:35.194Z] [INDEXING-ORCHESTRATOR] [DEBUG] 📍 Chunk 217-224: 0 candidate symbols
[2025-11-09T09:14:35.193Z] [2025-11-09T09:14:35.194Z] [INDEXING-ORCHESTRATOR] [DEBUG] ✅ Chunk symbols after filtering: 0 symbols - 
[2025-11-09T09:14:35.193Z] [2025-11-09T09:14:35.194Z] [INDEXING-ORCHESTRATOR] [DEBUG] 📍 Chunk 225-242: 0 candidate symbols
[2025-11-09T09:14:35.193Z] [2025-11-09T09:14:35.194Z] [INDEXING-ORCHESTRATOR] [DEBUG] ✅ Chunk symbols after filtering: 0 symbols - 
[2025-11-09T09:14:35.193Z] [2025-11-09T09:14:35.194Z] [INDEXING-ORCHESTRATOR] [DEBUG] Created 6 semantic chunks for C:\Projects\educatedplanet\admin\src\components\ui\carousel.tsx
[2025-11-09T09:14:35.193Z] [2025-11-09T09:14:35.194Z] [INDEXING-ORCHESTRATOR] [DEBUG] Average chunk size: 623 characters
[2025-11-09T09:14:35.195Z] [2025-11-09T09:14:35.196Z] [TREESITTER-CHUNKER] [INFO] Created 1 semantic chunks from C:\Projects\educatedplanet\admin\src\components\ui\checkbox.tsx
[2025-11-09T09:14:35.198Z] [2025-11-09T09:14:35.200Z] [TREESITTER-FULL] [INFO] Extracted 1 symbols from C:\Projects\educatedplanet\admin\src\components\ui\checkbox.tsx
[2025-11-09T09:14:35.198Z] [2025-11-09T09:14:35.200Z] [INDEXING-ORCHESTRATOR] [DEBUG] 🔍 Symbol extraction for C:\Projects\educatedplanet\admin\src\components\ui\checkbox.tsx: 1 symbols, 4 imports
[2025-11-09T09:14:35.198Z] [2025-11-09T09:14:35.200Z] [INDEXING-ORCHESTRATOR] [DEBUG] 📍 Chunk 9-30: 1 candidate symbols
[2025-11-09T09:14:35.198Z] [2025-11-09T09:14:35.200Z] [INDEXING-ORCHESTRATOR] [DEBUG] ✅ Chunk symbols after filtering: 1 symbols - Checkbox
[2025-11-09T09:14:35.198Z] [2025-11-09T09:14:35.200Z] [INDEXING-ORCHESTRATOR] [DEBUG] Created 1 semantic chunks for C:\Projects\educatedplanet\admin\src\components\ui\checkbox.tsx
[2025-11-09T09:14:35.199Z] [2025-11-09T09:14:35.200Z] [INDEXING-ORCHESTRATOR] [DEBUG] Average chunk size: 1035 characters
[2025-11-09T09:14:35.221Z] [2025-11-09T09:14:35.222Z] [TREESITTER-CHUNKER] [INFO] Created 3 semantic chunks from C:\Projects\educatedplanet\admin\src\components\ui\chart.tsx
[2025-11-09T09:14:35.271Z] [2025-11-09T09:14:35.272Z] [TREESITTER-FULL] [INFO] Extracted 9 symbols from C:\Projects\educatedplanet\admin\src\components\ui\chart.tsx
[2025-11-09T09:14:35.271Z] [2025-11-09T09:14:35.272Z] [INDEXING-ORCHESTRATOR] [DEBUG] 🔍 Symbol extraction for C:\Projects\educatedplanet\admin\src\components\ui\chart.tsx: 9 symbols, 3 imports
[2025-11-09T09:14:35.271Z] [2025-11-09T09:14:35.272Z] [INDEXING-ORCHESTRATOR] [DEBUG] 📍 Chunk 11-35: 4 candidate symbols
[2025-11-09T09:14:35.271Z] [2025-11-09T09:14:35.272Z] [INDEXING-ORCHESTRATOR] [DEBUG] ✅ Chunk symbols after filtering: 4 symbols - ChartConfig, ChartContextProps, ChartContext, useChart
[2025-11-09T09:14:35.271Z] [2025-11-09T09:14:35.272Z] [INDEXING-ORCHESTRATOR] [DEBUG] 📍 Chunk 37-61: 0 candidate symbols
[2025-11-09T09:14:35.271Z] [2025-11-09T09:14:35.272Z] [INDEXING-ORCHESTRATOR] [DEBUG] ✅ Chunk symbols after filtering: 0 symbols - 
[2025-11-09T09:14:35.271Z] [2025-11-09T09:14:35.272Z] [INDEXING-ORCHESTRATOR] [DEBUG] 📍 Chunk 62-358: 4 candidate symbols
[2025-11-09T09:14:35.271Z] [2025-11-09T09:14:35.272Z] [INDEXING-ORCHESTRATOR] [DEBUG] ✅ Chunk symbols after filtering: 4 symbols - colorConfig, itemConfig, itemConfig, itemConfig
[2025-11-09T09:14:35.271Z] [2025-11-09T09:14:35.272Z] [INDEXING-ORCHESTRATOR] [DEBUG] Created 3 semantic chunks for C:\Projects\educatedplanet\admin\src\components\ui\chart.tsx
[2025-11-09T09:14:35.271Z] [2025-11-09T09:14:35.272Z] [INDEXING-ORCHESTRATOR] [DEBUG] Average chunk size: 3392 characters
[2025-11-09T09:14:35.273Z] [2025-11-09T09:14:35.274Z] [TREESITTER-CHUNKER] [INFO] Created 2 semantic chunks from C:\Projects\educatedplanet\admin\src\components\ui\collapsible.tsx
[2025-11-09T09:14:35.281Z] [2025-11-09T09:14:35.282Z] [TREESITTER-FULL] [INFO] Extracted 0 symbols from C:\Projects\educatedplanet\admin\src\components\ui\collapsible.tsx
[2025-11-09T09:14:35.281Z] [2025-11-09T09:14:35.282Z] [INDEXING-ORCHESTRATOR] [DEBUG] 🔍 Symbol extraction for C:\Projects\educatedplanet\admin\src\components\ui\collapsible.tsx: 0 symbols, 1 imports
[2025-11-09T09:14:35.281Z] [2025-11-09T09:14:35.282Z] [INDEXING-ORCHESTRATOR] [DEBUG] 📍 Chunk 11-31: 0 candidate symbols
[2025-11-09T09:14:35.281Z] [2025-11-09T09:14:35.282Z] [INDEXING-ORCHESTRATOR] [DEBUG] ✅ Chunk symbols after filtering: 0 symbols - 
[2025-11-09T09:14:35.281Z] [2025-11-09T09:14:35.282Z] [INDEXING-ORCHESTRATOR] [DEBUG] 📍 Chunk 32-34: 0 candidate symbols
[2025-11-09T09:14:35.281Z] [2025-11-09T09:14:35.282Z] [INDEXING-ORCHESTRATOR] [DEBUG] ✅ Chunk symbols after filtering: 0 symbols - 
[2025-11-09T09:14:35.281Z] [2025-11-09T09:14:35.282Z] [INDEXING-ORCHESTRATOR] [DEBUG] Created 2 semantic chunks for C:\Projects\educatedplanet\admin\src\components\ui\collapsible.tsx
[2025-11-09T09:14:35.281Z] [2025-11-09T09:14:35.282Z] [INDEXING-ORCHESTRATOR] [DEBUG] Average chunk size: 281 characters
[2025-11-09T09:14:35.291Z] [2025-11-09T09:14:35.293Z] [TREESITTER-CHUNKER] [INFO] Created 4 semantic chunks from C:\Projects\educatedplanet\admin\src\components\ui\command.tsx
[2025-11-09T09:14:35.314Z] [2025-11-09T09:14:35.315Z] [TREESITTER-FULL] [INFO] Extracted 0 symbols from C:\Projects\educatedplanet\admin\src\components\ui\command.tsx
[2025-11-09T09:14:35.314Z] [2025-11-09T09:14:35.315Z] [INDEXING-ORCHESTRATOR] [DEBUG] 🔍 Symbol extraction for C:\Projects\educatedplanet\admin\src\components\ui\command.tsx: 0 symbols, 5 imports
[2025-11-09T09:14:35.314Z] [2025-11-09T09:14:35.315Z] [INDEXING-ORCHESTRATOR] [DEBUG] 📍 Chunk 23-27: 0 candidate symbols
[2025-11-09T09:14:35.314Z] [2025-11-09T09:14:35.315Z] [INDEXING-ORCHESTRATOR] [DEBUG] ✅ Chunk symbols after filtering: 0 symbols - 
[2025-11-09T09:14:35.314Z] [2025-11-09T09:14:35.315Z] [INDEXING-ORCHESTRATOR] [DEBUG] 📍 Chunk 92-96: 0 candidate symbols
[2025-11-09T09:14:35.314Z] [2025-11-09T09:14:35.315Z] [INDEXING-ORCHESTRATOR] [DEBUG] ✅ Chunk symbols after filtering: 0 symbols - 
[2025-11-09T09:14:35.314Z] [2025-11-09T09:14:35.315Z] [INDEXING-ORCHESTRATOR] [DEBUG] 📍 Chunk 165-169: 0 candidate symbols
[2025-11-09T09:14:35.314Z] [2025-11-09T09:14:35.315Z] [INDEXING-ORCHESTRATOR] [DEBUG] ✅ Chunk symbols after filtering: 0 symbols - 
[2025-11-09T09:14:35.314Z] [2025-11-09T09:14:35.315Z] [INDEXING-ORCHESTRATOR] [DEBUG] 📍 Chunk 170-185: 0 candidate symbols
[2025-11-09T09:14:35.314Z] [2025-11-09T09:14:35.315Z] [INDEXING-ORCHESTRATOR] [DEBUG] ✅ Chunk symbols after filtering: 0 symbols - 
[2025-11-09T09:14:35.314Z] [2025-11-09T09:14:35.315Z] [INDEXING-ORCHESTRATOR] [DEBUG] Created 4 semantic chunks for C:\Projects\educatedplanet\admin\src\components\ui\command.tsx
[2025-11-09T09:14:35.314Z] [2025-11-09T09:14:35.315Z] [INDEXING-ORCHESTRATOR] [DEBUG] Average chunk size: 142 characters
[2025-11-09T09:14:35.322Z] [2025-11-09T09:14:35.323Z] [TREESITTER-CHUNKER] [INFO] Created 4 semantic chunks from C:\Projects\educatedplanet\admin\src\components\ui\dialog.tsx
[2025-11-09T09:14:35.339Z] [2025-11-09T09:14:35.340Z] [TREESITTER-FULL] [INFO] Extracted 1 symbols from C:\Projects\educatedplanet\admin\src\components\ui\dialog.tsx
[2025-11-09T09:14:35.339Z] [2025-11-09T09:14:35.340Z] [INDEXING-ORCHESTRATOR] [DEBUG] 🔍 Symbol extraction for C:\Projects\educatedplanet\admin\src\components\ui\dialog.tsx: 1 symbols, 4 imports
[2025-11-09T09:14:35.339Z] [2025-11-09T09:14:35.340Z] [INDEXING-ORCHESTRATOR] [DEBUG] 📍 Chunk 87-88: 0 candidate symbols
[2025-11-09T09:14:35.339Z] [2025-11-09T09:14:35.340Z] [INDEXING-ORCHESTRATOR] [DEBUG] ✅ Chunk symbols after filtering: 0 symbols - 
[2025-11-09T09:14:35.339Z] [2025-11-09T09:14:35.340Z] [INDEXING-ORCHESTRATOR] [DEBUG] 📍 Chunk 97-101: 0 candidate symbols
[2025-11-09T09:14:35.339Z] [2025-11-09T09:14:35.340Z] [INDEXING-ORCHESTRATOR] [DEBUG] ✅ Chunk symbols after filtering: 0 symbols - 
[2025-11-09T09:14:35.339Z] [2025-11-09T09:14:35.340Z] [INDEXING-ORCHESTRATOR] [DEBUG] 📍 Chunk 119-130: 1 candidate symbols
[2025-11-09T09:14:35.339Z] [2025-11-09T09:14:35.340Z] [INDEXING-ORCHESTRATOR] [DEBUG] ✅ Chunk symbols after filtering: 1 symbols - DialogDescription
[2025-11-09T09:14:35.339Z] [2025-11-09T09:14:35.340Z] [INDEXING-ORCHESTRATOR] [DEBUG] 📍 Chunk 131-144: 0 candidate symbols
[2025-11-09T09:14:35.339Z] [2025-11-09T09:14:35.340Z] [INDEXING-ORCHESTRATOR] [DEBUG] ✅ Chunk symbols after filtering: 0 symbols - 
[2025-11-09T09:14:35.339Z] [2025-11-09T09:14:35.340Z] [INDEXING-ORCHESTRATOR] [DEBUG] Created 4 semantic chunks for C:\Projects\educatedplanet\admin\src\components\ui\dialog.tsx
[2025-11-09T09:14:35.339Z] [2025-11-09T09:14:35.340Z] [INDEXING-ORCHESTRATOR] [DEBUG] Average chunk size: 170 characters
[2025-11-09T09:14:35.351Z] [2025-11-09T09:14:35.352Z] [TREESITTER-CHUNKER] [INFO] Created 4 semantic chunks from C:\Projects\educatedplanet\admin\src\components\ui\dropdown-menu.tsx
[2025-11-09T09:14:35.381Z] [2025-11-09T09:14:35.382Z] [TREESITTER-FULL] [INFO] Extracted 2 symbols from C:\Projects\educatedplanet\admin\src\components\ui\dropdown-menu.tsx
[2025-11-09T09:14:35.381Z] [2025-11-09T09:14:35.382Z] [INDEXING-ORCHESTRATOR] [DEBUG] 🔍 Symbol extraction for C:\Projects\educatedplanet\admin\src\components\ui\dropdown-menu.tsx: 2 symbols, 4 imports
[2025-11-09T09:14:35.381Z] [2025-11-09T09:14:35.382Z] [INDEXING-ORCHESTRATOR] [DEBUG] 📍 Chunk 15-32: 2 candidate symbols
[2025-11-09T09:14:35.381Z] [2025-11-09T09:14:35.382Z] [INDEXING-ORCHESTRATOR] [DEBUG] ✅ Chunk symbols after filtering: 2 symbols - DropdownMenuPortal, DropdownMenuTrigger
[2025-11-09T09:14:35.381Z] [2025-11-09T09:14:35.382Z] [INDEXING-ORCHESTRATOR] [DEBUG] 📍 Chunk 186-190: 0 candidate symbols
[2025-11-09T09:14:35.381Z] [2025-11-09T09:14:35.382Z] [INDEXING-ORCHESTRATOR] [DEBUG] ✅ Chunk symbols after filtering: 0 symbols - 
[2025-11-09T09:14:35.381Z] [2025-11-09T09:14:35.382Z] [INDEXING-ORCHESTRATOR] [DEBUG] 📍 Chunk 232-236: 0 candidate symbols
[2025-11-09T09:14:35.381Z] [2025-11-09T09:14:35.382Z] [INDEXING-ORCHESTRATOR] [DEBUG] ✅ Chunk symbols after filtering: 0 symbols - 
[2025-11-09T09:14:35.381Z] [2025-11-09T09:14:35.382Z] [INDEXING-ORCHESTRATOR] [DEBUG] 📍 Chunk 237-258: 0 candidate symbols
[2025-11-09T09:14:35.381Z] [2025-11-09T09:14:35.382Z] [INDEXING-ORCHESTRATOR] [DEBUG] ✅ Chunk symbols after filtering: 0 symbols - 
[2025-11-09T09:14:35.381Z] [2025-11-09T09:14:35.382Z] [INDEXING-ORCHESTRATOR] [DEBUG] Created 4 semantic chunks for C:\Projects\educatedplanet\admin\src\components\ui\dropdown-menu.tsx
[2025-11-09T09:14:35.381Z] [2025-11-09T09:14:35.382Z] [INDEXING-ORCHESTRATOR] [DEBUG] Average chunk size: 375 characters
[2025-11-09T09:14:35.392Z] [2025-11-09T09:14:35.393Z] [TREESITTER-CHUNKER] [INFO] Created 7 semantic chunks from C:\Projects\educatedplanet\admin\src\components\ui\context-menu.tsx
[2025-11-09T09:14:35.416Z] [2025-11-09T09:14:35.417Z] [TREESITTER-FULL] [INFO] Extracted 5 symbols from C:\Projects\educatedplanet\admin\src\components\ui\context-menu.tsx
[2025-11-09T09:14:35.416Z] [2025-11-09T09:14:35.417Z] [INDEXING-ORCHESTRATOR] [DEBUG] 🔍 Symbol extraction for C:\Projects\educatedplanet\admin\src\components\ui\context-menu.tsx: 5 symbols, 4 imports
[2025-11-09T09:14:35.416Z] [2025-11-09T09:14:35.417Z] [INDEXING-ORCHESTRATOR] [DEBUG] 📍 Chunk 15-37: 3 candidate symbols
[2025-11-09T09:14:35.416Z] [2025-11-09T09:14:35.417Z] [INDEXING-ORCHESTRATOR] [DEBUG] ✅ Chunk symbols after filtering: 3 symbols - ContextMenuTrigger, ContextMenuGroup, ContextMenuPortal
[2025-11-09T09:14:35.416Z] [2025-11-09T09:14:35.417Z] [INDEXING-ORCHESTRATOR] [DEBUG] 📍 Chunk 45-54: 1 candidate symbols
[2025-11-09T09:14:35.416Z] [2025-11-09T09:14:35.417Z] [INDEXING-ORCHESTRATOR] [DEBUG] ✅ Chunk symbols after filtering: 1 symbols - ContextMenuRadioGroup
[2025-11-09T09:14:35.416Z] [2025-11-09T09:14:35.417Z] [INDEXING-ORCHESTRATOR] [DEBUG] 📍 Chunk 87-91: 0 candidate symbols
[2025-11-09T09:14:35.416Z] [2025-11-09T09:14:35.417Z] [INDEXING-ORCHESTRATOR] [DEBUG] ✅ Chunk symbols after filtering: 0 symbols - 
[2025-11-09T09:14:35.416Z] [2025-11-09T09:14:35.417Z] [INDEXING-ORCHESTRATOR] [DEBUG] 📍 Chunk 128-132: 0 candidate symbols
[2025-11-09T09:14:35.416Z] [2025-11-09T09:14:35.417Z] [INDEXING-ORCHESTRATOR] [DEBUG] ✅ Chunk symbols after filtering: 0 symbols - 
[2025-11-09T09:14:35.416Z] [2025-11-09T09:14:35.417Z] [INDEXING-ORCHESTRATOR] [DEBUG] 📍 Chunk 163-185: 1 candidate symbols
[2025-11-09T09:14:35.416Z] [2025-11-09T09:14:35.417Z] [INDEXING-ORCHESTRATOR] [DEBUG] ✅ Chunk symbols after filtering: 1 symbols - ContextMenuRadioItem
[2025-11-09T09:14:35.416Z] [2025-11-09T09:14:35.417Z] [INDEXING-ORCHESTRATOR] [DEBUG] 📍 Chunk 227-231: 0 candidate symbols
[2025-11-09T09:14:35.416Z] [2025-11-09T09:14:35.417Z] [INDEXING-ORCHESTRATOR] [DEBUG] ✅ Chunk symbols after filtering: 0 symbols - 
[2025-11-09T09:14:35.416Z] [2025-11-09T09:14:35.417Z] [INDEXING-ORCHESTRATOR] [DEBUG] 📍 Chunk 232-253: 0 candidate symbols
[2025-11-09T09:14:35.416Z] [2025-11-09T09:14:35.417Z] [INDEXING-ORCHESTRATOR] [DEBUG] ✅ Chunk symbols after filtering: 0 symbols - 
[2025-11-09T09:14:35.416Z] [2025-11-09T09:14:35.417Z] [INDEXING-ORCHESTRATOR] [DEBUG] Created 7 semantic chunks for C:\Projects\educatedplanet\admin\src\components\ui\context-menu.tsx
[2025-11-09T09:14:35.416Z] [2025-11-09T09:14:35.417Z] [INDEXING-ORCHESTRATOR] [DEBUG] Average chunk size: 505 characters
[2025-11-09T09:14:35.422Z] [2025-11-09T09:14:35.423Z] [TREESITTER-CHUNKER] [INFO] Created 6 semantic chunks from C:\Projects\educatedplanet\admin\src\components\ui\empty.tsx
[2025-11-09T09:14:35.433Z] [2025-11-09T09:14:35.434Z] [TREESITTER-FULL] [INFO] Extracted 0 symbols from C:\Projects\educatedplanet\admin\src\components\ui\empty.tsx
[2025-11-09T09:14:35.433Z] [2025-11-09T09:14:35.434Z] [INDEXING-ORCHESTRATOR] [DEBUG] 🔍 Symbol extraction for C:\Projects\educatedplanet\admin\src\components\ui\empty.tsx: 0 symbols, 2 imports
[2025-11-09T09:14:35.433Z] [2025-11-09T09:14:35.434Z] [INDEXING-ORCHESTRATOR] [DEBUG] 📍 Chunk 9-13: 0 candidate symbols
[2025-11-09T09:14:35.433Z] [2025-11-09T09:14:35.434Z] [INDEXING-ORCHESTRATOR] [DEBUG] ✅ Chunk symbols after filtering: 0 symbols - 
[2025-11-09T09:14:35.433Z] [2025-11-09T09:14:35.434Z] [INDEXING-ORCHESTRATOR] [DEBUG] 📍 Chunk 22-26: 0 candidate symbols
[2025-11-09T09:14:35.433Z] [2025-11-09T09:14:35.434Z] [INDEXING-ORCHESTRATOR] [DEBUG] ✅ Chunk symbols after filtering: 0 symbols - 
[2025-11-09T09:14:35.433Z] [2025-11-09T09:14:35.434Z] [INDEXING-ORCHESTRATOR] [DEBUG] 📍 Chunk 65-66: 0 candidate symbols
[2025-11-09T09:14:35.433Z] [2025-11-09T09:14:35.435Z] [INDEXING-ORCHESTRATOR] [DEBUG] ✅ Chunk symbols after filtering: 0 symbols - 
[2025-11-09T09:14:35.433Z] [2025-11-09T09:14:35.435Z] [INDEXING-ORCHESTRATOR] [DEBUG] 📍 Chunk 75-79: 0 candidate symbols
[2025-11-09T09:14:35.433Z] [2025-11-09T09:14:35.435Z] [INDEXING-ORCHESTRATOR] [DEBUG] ✅ Chunk symbols after filtering: 0 symbols - 
[2025-11-09T09:14:35.433Z] [2025-11-09T09:14:35.435Z] [INDEXING-ORCHESTRATOR] [DEBUG] 📍 Chunk 88-92: 0 candidate symbols
[2025-11-09T09:14:35.433Z] [2025-11-09T09:14:35.435Z] [INDEXING-ORCHESTRATOR] [DEBUG] ✅ Chunk symbols after filtering: 0 symbols - 
[2025-11-09T09:14:35.433Z] [2025-11-09T09:14:35.435Z] [INDEXING-ORCHESTRATOR] [DEBUG] 📍 Chunk 93-105: 0 candidate symbols
[2025-11-09T09:14:35.433Z] [2025-11-09T09:14:35.435Z] [INDEXING-ORCHESTRATOR] [DEBUG] ✅ Chunk symbols after filtering: 0 symbols - 
[2025-11-09T09:14:35.433Z] [2025-11-09T09:14:35.435Z] [INDEXING-ORCHESTRATOR] [DEBUG] Created 6 semantic chunks for C:\Projects\educatedplanet\admin\src\components\ui\empty.tsx
[2025-11-09T09:14:35.433Z] [2025-11-09T09:14:35.435Z] [INDEXING-ORCHESTRATOR] [DEBUG] Average chunk size: 133 characters
[2025-11-09T09:14:35.441Z] [2025-11-09T09:14:35.443Z] [TREESITTER-CHUNKER] [INFO] Created 4 semantic chunks from C:\Projects\educatedplanet\admin\src\components\ui\drawer.tsx
[2025-11-09T09:14:35.462Z] [2025-11-09T09:14:35.463Z] [TREESITTER-FULL] [INFO] Extracted 1 symbols from C:\Projects\educatedplanet\admin\src\components\ui\drawer.tsx
[2025-11-09T09:14:35.462Z] [2025-11-09T09:14:35.463Z] [INDEXING-ORCHESTRATOR] [DEBUG] 🔍 Symbol extraction for C:\Projects\educatedplanet\admin\src\components\ui\drawer.tsx: 1 symbols, 3 imports
[2025-11-09T09:14:35.462Z] [2025-11-09T09:14:35.463Z] [INDEXING-ORCHESTRATOR] [DEBUG] 📍 Chunk 79-83: 0 candidate symbols
[2025-11-09T09:14:35.462Z] [2025-11-09T09:14:35.463Z] [INDEXING-ORCHESTRATOR] [DEBUG] ✅ Chunk symbols after filtering: 0 symbols - 
[2025-11-09T09:14:35.462Z] [2025-11-09T09:14:35.463Z] [INDEXING-ORCHESTRATOR] [DEBUG] 📍 Chunk 92-93: 0 candidate symbols
[2025-11-09T09:14:35.462Z] [2025-11-09T09:14:35.463Z] [INDEXING-ORCHESTRATOR] [DEBUG] ✅ Chunk symbols after filtering: 0 symbols - 
[2025-11-09T09:14:35.462Z] [2025-11-09T09:14:35.463Z] [INDEXING-ORCHESTRATOR] [DEBUG] 📍 Chunk 111-122: 1 candidate symbols
[2025-11-09T09:14:35.462Z] [2025-11-09T09:14:35.463Z] [INDEXING-ORCHESTRATOR] [DEBUG] ✅ Chunk symbols after filtering: 1 symbols - DrawerDescription
[2025-11-09T09:14:35.462Z] [2025-11-09T09:14:35.463Z] [INDEXING-ORCHESTRATOR] [DEBUG] 📍 Chunk 123-136: 0 candidate symbols
[2025-11-09T09:14:35.462Z] [2025-11-09T09:14:35.463Z] [INDEXING-ORCHESTRATOR] [DEBUG] ✅ Chunk symbols after filtering: 0 symbols - 
[2025-11-09T09:14:35.462Z] [2025-11-09T09:14:35.463Z] [INDEXING-ORCHESTRATOR] [DEBUG] Created 4 semantic chunks for C:\Projects\educatedplanet\admin\src\components\ui\drawer.tsx
[2025-11-09T09:14:35.462Z] [2025-11-09T09:14:35.463Z] [INDEXING-ORCHESTRATOR] [DEBUG] Average chunk size: 199 characters
[2025-11-09T09:14:35.462Z] [2025-11-09T09:14:35.463Z] [INDEXING-ORCHESTRATOR] [DEBUG] 📊 Processed: 100/259 files
[2025-11-09T09:14:35.479Z] [2025-11-09T09:14:35.481Z] [TREESITTER-CHUNKER] [INFO] Created 2 semantic chunks from C:\Projects\educatedplanet\admin\src\components\ui\hover-card.tsx
[2025-11-09T09:14:35.484Z] [2025-11-09T09:14:35.485Z] [TREESITTER-FULL] [INFO] Extracted 1 symbols from C:\Projects\educatedplanet\admin\src\components\ui\hover-card.tsx
[2025-11-09T09:14:35.484Z] [2025-11-09T09:14:35.485Z] [INDEXING-ORCHESTRATOR] [DEBUG] 🔍 Symbol extraction for C:\Projects\educatedplanet\admin\src\components\ui\hover-card.tsx: 1 symbols, 3 imports
[2025-11-09T09:14:35.485Z] [2025-11-09T09:14:35.486Z] [INDEXING-ORCHESTRATOR] [DEBUG] 📍 Chunk 14-20: 1 candidate symbols
[2025-11-09T09:14:35.485Z] [2025-11-09T09:14:35.486Z] [INDEXING-ORCHESTRATOR] [DEBUG] ✅ Chunk symbols after filtering: 1 symbols - HoverCardTrigger
[2025-11-09T09:14:35.485Z] [2025-11-09T09:14:35.486Z] [INDEXING-ORCHESTRATOR] [DEBUG] 📍 Chunk 21-45: 0 candidate symbols
[2025-11-09T09:14:35.485Z] [2025-11-09T09:14:35.486Z] [INDEXING-ORCHESTRATOR] [DEBUG] ✅ Chunk symbols after filtering: 0 symbols - 
[2025-11-09T09:14:35.485Z] [2025-11-09T09:14:35.486Z] [INDEXING-ORCHESTRATOR] [DEBUG] Created 2 semantic chunks for C:\Projects\educatedplanet\admin\src\components\ui\hover-card.tsx
[2025-11-09T09:14:35.485Z] [2025-11-09T09:14:35.486Z] [INDEXING-ORCHESTRATOR] [DEBUG] Average chunk size: 624 characters
[2025-11-09T09:14:35.488Z] [2025-11-09T09:14:35.489Z] [TREESITTER-CHUNKER] [INFO] Created 3 semantic chunks from C:\Projects\educatedplanet\admin\src\components\ui\kbd.tsx
[2025-11-09T09:14:35.492Z] [2025-11-09T09:14:35.493Z] [TREESITTER-FULL] [INFO] Extracted 0 symbols from C:\Projects\educatedplanet\admin\src\components\ui\kbd.tsx
[2025-11-09T09:14:35.492Z] [2025-11-09T09:14:35.493Z] [INDEXING-ORCHESTRATOR] [DEBUG] 🔍 Symbol extraction for C:\Projects\educatedplanet\admin\src\components\ui\kbd.tsx: 0 symbols, 1 imports
[2025-11-09T09:14:35.492Z] [2025-11-09T09:14:35.493Z] [INDEXING-ORCHESTRATOR] [DEBUG] 📍 Chunk 7-13: 0 candidate symbols
[2025-11-09T09:14:35.492Z] [2025-11-09T09:14:35.493Z] [INDEXING-ORCHESTRATOR] [DEBUG] ✅ Chunk symbols after filtering: 0 symbols - 
[2025-11-09T09:14:35.492Z] [2025-11-09T09:14:35.493Z] [INDEXING-ORCHESTRATOR] [DEBUG] 📍 Chunk 22-23: 0 candidate symbols
[2025-11-09T09:14:35.492Z] [2025-11-09T09:14:35.493Z] [INDEXING-ORCHESTRATOR] [DEBUG] ✅ Chunk symbols after filtering: 0 symbols - 
[2025-11-09T09:14:35.492Z] [2025-11-09T09:14:35.493Z] [INDEXING-ORCHESTRATOR] [DEBUG] 📍 Chunk 24-29: 0 candidate symbols
[2025-11-09T09:14:35.492Z] [2025-11-09T09:14:35.493Z] [INDEXING-ORCHESTRATOR] [DEBUG] ✅ Chunk symbols after filtering: 0 symbols - 
[2025-11-09T09:14:35.492Z] [2025-11-09T09:14:35.493Z] [INDEXING-ORCHESTRATOR] [DEBUG] Created 3 semantic chunks for C:\Projects\educatedplanet\admin\src\components\ui\kbd.tsx
[2025-11-09T09:14:35.492Z] [2025-11-09T09:14:35.493Z] [INDEXING-ORCHESTRATOR] [DEBUG] Average chunk size: 184 characters
[2025-11-09T09:14:35.505Z] [2025-11-09T09:14:35.507Z] [TREESITTER-CHUNKER] [INFO] Created 9 semantic chunks from C:\Projects\educatedplanet\admin\src\components\ui\field.tsx
[2025-11-09T09:14:35.535Z] [2025-11-09T09:14:35.537Z] [TREESITTER-FULL] [INFO] Extracted 1 symbols from C:\Projects\educatedplanet\admin\src\components\ui\field.tsx
[2025-11-09T09:14:35.535Z] [2025-11-09T09:14:35.537Z] [INDEXING-ORCHESTRATOR] [DEBUG] 🔍 Symbol extraction for C:\Projects\educatedplanet\admin\src\components\ui\field.tsx: 1 symbols, 5 imports
[2025-11-09T09:14:35.535Z] [2025-11-09T09:14:35.537Z] [INDEXING-ORCHESTRATOR] [DEBUG] 📍 Chunk 14-19: 0 candidate symbols
[2025-11-09T09:14:35.535Z] [2025-11-09T09:14:35.537Z] [INDEXING-ORCHESTRATOR] [DEBUG] ✅ Chunk symbols after filtering: 0 symbols - 
[2025-11-09T09:14:35.536Z] [2025-11-09T09:14:35.537Z] [INDEXING-ORCHESTRATOR] [DEBUG] 📍 Chunk 33-39: 0 candidate symbols
[2025-11-09T09:14:35.536Z] [2025-11-09T09:14:35.537Z] [INDEXING-ORCHESTRATOR] [DEBUG] ✅ Chunk symbols after filtering: 0 symbols - 
[2025-11-09T09:14:35.536Z] [2025-11-09T09:14:35.537Z] [INDEXING-ORCHESTRATOR] [DEBUG] 📍 Chunk 48-52: 0 candidate symbols
[2025-11-09T09:14:35.536Z] [2025-11-09T09:14:35.537Z] [INDEXING-ORCHESTRATOR] [DEBUG] ✅ Chunk symbols after filtering: 0 symbols - 
[2025-11-09T09:14:35.536Z] [2025-11-09T09:14:35.537Z] [INDEXING-ORCHESTRATOR] [DEBUG] 📍 Chunk 101-105: 0 candidate symbols
[2025-11-09T09:14:35.536Z] [2025-11-09T09:14:35.537Z] [INDEXING-ORCHESTRATOR] [DEBUG] ✅ Chunk symbols after filtering: 0 symbols - 
[2025-11-09T09:14:35.536Z] [2025-11-09T09:14:35.537Z] [INDEXING-ORCHESTRATOR] [DEBUG] 📍 Chunk 117-123: 0 candidate symbols
[2025-11-09T09:14:35.536Z] [2025-11-09T09:14:35.537Z] [INDEXING-ORCHESTRATOR] [DEBUG] ✅ Chunk symbols after filtering: 0 symbols - 
[2025-11-09T09:14:35.536Z] [2025-11-09T09:14:35.537Z] [INDEXING-ORCHESTRATOR] [DEBUG] 📍 Chunk 132-136: 0 candidate symbols
[2025-11-09T09:14:35.536Z] [2025-11-09T09:14:35.537Z] [INDEXING-ORCHESTRATOR] [DEBUG] ✅ Chunk symbols after filtering: 0 symbols - 
[2025-11-09T09:14:35.536Z] [2025-11-09T09:14:35.537Z] [INDEXING-ORCHESTRATOR] [DEBUG] 📍 Chunk 145-151: 0 candidate symbols
[2025-11-09T09:14:35.536Z] [2025-11-09T09:14:35.537Z] [INDEXING-ORCHESTRATOR] [DEBUG] ✅ Chunk symbols after filtering: 0 symbols - 
[2025-11-09T09:14:35.536Z] [2025-11-09T09:14:35.537Z] [INDEXING-ORCHESTRATOR] [DEBUG] 📍 Chunk 167-171: 0 candidate symbols
[2025-11-09T09:14:35.536Z] [2025-11-09T09:14:35.537Z] [INDEXING-ORCHESTRATOR] [DEBUG] ✅ Chunk symbols after filtering: 0 symbols - 
[2025-11-09T09:14:35.536Z] [2025-11-09T09:14:35.537Z] [INDEXING-ORCHESTRATOR] [DEBUG] 📍 Chunk 172-249: 1 candidate symbols
[2025-11-09T09:14:35.536Z] [2025-11-09T09:14:35.537Z] [INDEXING-ORCHESTRATOR] [DEBUG] ✅ Chunk symbols after filtering: 1 symbols - uniqueErrors
[2025-11-09T09:14:35.536Z] [2025-11-09T09:14:35.537Z] [INDEXING-ORCHESTRATOR] [DEBUG] Created 9 semantic chunks for C:\Projects\educatedplanet\admin\src\components\ui\field.tsx
[2025-11-09T09:14:35.536Z] [2025-11-09T09:14:35.537Z] [INDEXING-ORCHESTRATOR] [DEBUG] Average chunk size: 364 characters
[2025-11-09T09:14:35.544Z] [2025-11-09T09:14:35.545Z] [TREESITTER-CHUNKER] [INFO] Created 5 semantic chunks from C:\Projects\educatedplanet\admin\src\components\ui\input-group.tsx
[2025-11-09T09:14:35.565Z] [2025-11-09T09:14:35.567Z] [TREESITTER-FULL] [INFO] Extracted 0 symbols from C:\Projects\educatedplanet\admin\src\components\ui\input-group.tsx
[2025-11-09T09:14:35.565Z] [2025-11-09T09:14:35.567Z] [INDEXING-ORCHESTRATOR] [DEBUG] 🔍 Symbol extraction for C:\Projects\educatedplanet\admin\src\components\ui\input-group.tsx: 0 symbols, 6 imports
[2025-11-09T09:14:35.565Z] [2025-11-09T09:14:35.567Z] [INDEXING-ORCHESTRATOR] [DEBUG] 📍 Chunk 16-34: 0 candidate symbols
[2025-11-09T09:14:35.565Z] [2025-11-09T09:14:35.567Z] [INDEXING-ORCHESTRATOR] [DEBUG] ✅ Chunk symbols after filtering: 0 symbols - 
[2025-11-09T09:14:35.565Z] [2025-11-09T09:14:35.567Z] [INDEXING-ORCHESTRATOR] [DEBUG] 📍 Chunk 122-126: 0 candidate symbols
[2025-11-09T09:14:35.565Z] [2025-11-09T09:14:35.567Z] [INDEXING-ORCHESTRATOR] [DEBUG] ✅ Chunk symbols after filtering: 0 symbols - 
[2025-11-09T09:14:35.565Z] [2025-11-09T09:14:35.567Z] [INDEXING-ORCHESTRATOR] [DEBUG] 📍 Chunk 138-142: 0 candidate symbols
[2025-11-09T09:14:35.566Z] [2025-11-09T09:14:35.567Z] [INDEXING-ORCHESTRATOR] [DEBUG] ✅ Chunk symbols after filtering: 0 symbols - 
[2025-11-09T09:14:35.566Z] [2025-11-09T09:14:35.567Z] [INDEXING-ORCHESTRATOR] [DEBUG] 📍 Chunk 154-158: 0 candidate symbols
[2025-11-09T09:14:35.566Z] [2025-11-09T09:14:35.567Z] [INDEXING-ORCHESTRATOR] [DEBUG] ✅ Chunk symbols after filtering: 0 symbols - 
[2025-11-09T09:14:35.566Z] [2025-11-09T09:14:35.567Z] [INDEXING-ORCHESTRATOR] [DEBUG] 📍 Chunk 159-171: 0 candidate symbols
[2025-11-09T09:14:35.566Z] [2025-11-09T09:14:35.567Z] [INDEXING-ORCHESTRATOR] [DEBUG] ✅ Chunk symbols after filtering: 0 symbols - 
[2025-11-09T09:14:35.566Z] [2025-11-09T09:14:35.567Z] [INDEXING-ORCHESTRATOR] [DEBUG] Created 5 semantic chunks for C:\Projects\educatedplanet\admin\src\components\ui\input-group.tsx
[2025-11-09T09:14:35.566Z] [2025-11-09T09:14:35.567Z] [INDEXING-ORCHESTRATOR] [DEBUG] Average chunk size: 360 characters
[2025-11-09T09:14:35.580Z] [2025-11-09T09:14:35.581Z] [TREESITTER-CHUNKER] [INFO] Created 9 semantic chunks from C:\Projects\educatedplanet\admin\src\components\ui\item.tsx
[2025-11-09T09:14:35.603Z] [2025-11-09T09:14:35.605Z] [TREESITTER-FULL] [INFO] Extracted 1 symbols from C:\Projects\educatedplanet\admin\src\components\ui\item.tsx
[2025-11-09T09:14:35.603Z] [2025-11-09T09:14:35.605Z] [INDEXING-ORCHESTRATOR] [DEBUG] 🔍 Symbol extraction for C:\Projects\educatedplanet\admin\src\components\ui\item.tsx: 1 symbols, 5 imports
[2025-11-09T09:14:35.603Z] [2025-11-09T09:14:35.605Z] [INDEXING-ORCHESTRATOR] [DEBUG] 📍 Chunk 8-17: 1 candidate symbols
[2025-11-09T09:14:35.603Z] [2025-11-09T09:14:35.605Z] [INDEXING-ORCHESTRATOR] [DEBUG] ✅ Chunk symbols after filtering: 1 symbols - ItemGroup
[2025-11-09T09:14:35.603Z] [2025-11-09T09:14:35.605Z] [INDEXING-ORCHESTRATOR] [DEBUG] 📍 Chunk 27-28: 0 candidate symbols
[2025-11-09T09:14:35.603Z] [2025-11-09T09:14:35.605Z] [INDEXING-ORCHESTRATOR] [DEBUG] ✅ Chunk symbols after filtering: 0 symbols - 
[2025-11-09T09:14:35.604Z] [2025-11-09T09:14:35.605Z] [INDEXING-ORCHESTRATOR] [DEBUG] 📍 Chunk 110-114: 0 candidate symbols
[2025-11-09T09:14:35.604Z] [2025-11-09T09:14:35.605Z] [INDEXING-ORCHESTRATOR] [DEBUG] ✅ Chunk symbols after filtering: 0 symbols - 
[2025-11-09T09:14:35.604Z] [2025-11-09T09:14:35.605Z] [INDEXING-ORCHESTRATOR] [DEBUG] 📍 Chunk 123-127: 0 candidate symbols
[2025-11-09T09:14:35.604Z] [2025-11-09T09:14:35.605Z] [INDEXING-ORCHESTRATOR] [DEBUG] ✅ Chunk symbols after filtering: 0 symbols - 
[2025-11-09T09:14:35.604Z] [2025-11-09T09:14:35.605Z] [INDEXING-ORCHESTRATOR] [DEBUG] 📍 Chunk 136-141: 0 candidate symbols
[2025-11-09T09:14:35.604Z] [2025-11-09T09:14:35.605Z] [INDEXING-ORCHESTRATOR] [DEBUG] ✅ Chunk symbols after filtering: 0 symbols - 
[2025-11-09T09:14:35.604Z] [2025-11-09T09:14:35.605Z] [INDEXING-ORCHESTRATOR] [DEBUG] 📍 Chunk 150-151: 0 candidate symbols
[2025-11-09T09:14:35.604Z] [2025-11-09T09:14:35.605Z] [INDEXING-ORCHESTRATOR] [DEBUG] ✅ Chunk symbols after filtering: 0 symbols - 
[2025-11-09T09:14:35.604Z] [2025-11-09T09:14:35.605Z] [INDEXING-ORCHESTRATOR] [DEBUG] 📍 Chunk 160-164: 0 candidate symbols
[2025-11-09T09:14:35.604Z] [2025-11-09T09:14:35.605Z] [INDEXING-ORCHESTRATOR] [DEBUG] ✅ Chunk symbols after filtering: 0 symbols - 
[2025-11-09T09:14:35.604Z] [2025-11-09T09:14:35.605Z] [INDEXING-ORCHESTRATOR] [DEBUG] 📍 Chunk 173-177: 0 candidate symbols
[2025-11-09T09:14:35.604Z] [2025-11-09T09:14:35.605Z] [INDEXING-ORCHESTRATOR] [DEBUG] ✅ Chunk symbols after filtering: 0 symbols - 
[2025-11-09T09:14:35.604Z] [2025-11-09T09:14:35.605Z] [INDEXING-ORCHESTRATOR] [DEBUG] 📍 Chunk 178-194: 0 candidate symbols
[2025-11-09T09:14:35.604Z] [2025-11-09T09:14:35.605Z] [INDEXING-ORCHESTRATOR] [DEBUG] ✅ Chunk symbols after filtering: 0 symbols - 
[2025-11-09T09:14:35.604Z] [2025-11-09T09:14:35.605Z] [INDEXING-ORCHESTRATOR] [DEBUG] Created 9 semantic chunks for C:\Projects\educatedplanet\admin\src\components\ui\item.tsx
[2025-11-09T09:14:35.604Z] [2025-11-09T09:14:35.605Z] [INDEXING-ORCHESTRATOR] [DEBUG] Average chunk size: 136 characters
[2025-11-09T09:14:35.605Z] [2025-11-09T09:14:35.606Z] [TREESITTER-CHUNKER] [INFO] Created 1 semantic chunks from C:\Projects\educatedplanet\admin\src\components\ui\input.tsx
[2025-11-09T09:14:35.607Z] [2025-11-09T09:14:35.608Z] [TREESITTER-FULL] [INFO] Extracted 0 symbols from C:\Projects\educatedplanet\admin\src\components\ui\input.tsx
[2025-11-09T09:14:35.607Z] [2025-11-09T09:14:35.608Z] [INDEXING-ORCHESTRATOR] [DEBUG] 🔍 Symbol extraction for C:\Projects\educatedplanet\admin\src\components\ui\input.tsx: 0 symbols, 2 imports
[2025-11-09T09:14:35.607Z] [2025-11-09T09:14:35.608Z] [INDEXING-ORCHESTRATOR] [DEBUG] 📍 Chunk 1-22: 0 candidate symbols
[2025-11-09T09:14:35.607Z] [2025-11-09T09:14:35.608Z] [INDEXING-ORCHESTRATOR] [DEBUG] ✅ Chunk symbols after filtering: 0 symbols - 
[2025-11-09T09:14:35.607Z] [2025-11-09T09:14:35.608Z] [INDEXING-ORCHESTRATOR] [DEBUG] Created 1 semantic chunks for C:\Projects\educatedplanet\admin\src\components\ui\input.tsx
[2025-11-09T09:14:35.607Z] [2025-11-09T09:14:35.608Z] [INDEXING-ORCHESTRATOR] [DEBUG] Average chunk size: 981 characters
[2025-11-09T09:14:35.608Z] [2025-11-09T09:14:35.609Z] [TREESITTER-CHUNKER] [INFO] Created 1 semantic chunks from C:\Projects\educatedplanet\admin\src\components\ui\label.tsx
[2025-11-09T09:14:35.610Z] [2025-11-09T09:14:35.611Z] [TREESITTER-FULL] [INFO] Extracted 1 symbols from C:\Projects\educatedplanet\admin\src\components\ui\label.tsx
[2025-11-09T09:14:35.610Z] [2025-11-09T09:14:35.611Z] [INDEXING-ORCHESTRATOR] [DEBUG] 🔍 Symbol extraction for C:\Projects\educatedplanet\admin\src\components\ui\label.tsx: 1 symbols, 3 imports
[2025-11-09T09:14:35.610Z] [2025-11-09T09:14:35.611Z] [INDEXING-ORCHESTRATOR] [DEBUG] 📍 Chunk 8-24: 1 candidate symbols
[2025-11-09T09:14:35.610Z] [2025-11-09T09:14:35.611Z] [INDEXING-ORCHESTRATOR] [DEBUG] ✅ Chunk symbols after filtering: 1 symbols - Label
[2025-11-09T09:14:35.610Z] [2025-11-09T09:14:35.611Z] [INDEXING-ORCHESTRATOR] [DEBUG] Created 1 semantic chunks for C:\Projects\educatedplanet\admin\src\components\ui\label.tsx
[2025-11-09T09:14:35.610Z] [2025-11-09T09:14:35.611Z] [INDEXING-ORCHESTRATOR] [DEBUG] Average chunk size: 490 characters
[2025-11-09T09:14:35.615Z] [2025-11-09T09:14:35.616Z] [TREESITTER-CHUNKER] [INFO] Created 4 semantic chunks from C:\Projects\educatedplanet\admin\src\components\ui\input-otp.tsx
[2025-11-09T09:14:35.624Z] [2025-11-09T09:14:35.625Z] [TREESITTER-FULL] [INFO] Extracted 2 symbols from C:\Projects\educatedplanet\admin\src\components\ui\input-otp.tsx
[2025-11-09T09:14:35.624Z] [2025-11-09T09:14:35.625Z] [INDEXING-ORCHESTRATOR] [DEBUG] 🔍 Symbol extraction for C:\Projects\educatedplanet\admin\src\components\ui\input-otp.tsx: 2 symbols, 4 imports
[2025-11-09T09:14:35.624Z] [2025-11-09T09:14:35.625Z] [INDEXING-ORCHESTRATOR] [DEBUG] 📍 Chunk 9-23: 0 candidate symbols
[2025-11-09T09:14:35.624Z] [2025-11-09T09:14:35.625Z] [INDEXING-ORCHESTRATOR] [DEBUG] ✅ Chunk symbols after filtering: 0 symbols - 
[2025-11-09T09:14:35.624Z] [2025-11-09T09:14:35.625Z] [INDEXING-ORCHESTRATOR] [DEBUG] 📍 Chunk 33-34: 0 candidate symbols
[2025-11-09T09:14:35.624Z] [2025-11-09T09:14:35.625Z] [INDEXING-ORCHESTRATOR] [DEBUG] ✅ Chunk symbols after filtering: 0 symbols - 
[2025-11-09T09:14:35.624Z] [2025-11-09T09:14:35.625Z] [INDEXING-ORCHESTRATOR] [DEBUG] 📍 Chunk 53-57: 0 candidate symbols
[2025-11-09T09:14:35.624Z] [2025-11-09T09:14:35.625Z] [INDEXING-ORCHESTRATOR] [DEBUG] ✅ Chunk symbols after filtering: 0 symbols - 
[2025-11-09T09:14:35.624Z] [2025-11-09T09:14:35.625Z] [INDEXING-ORCHESTRATOR] [DEBUG] 📍 Chunk 58-78: 0 candidate symbols
[2025-11-09T09:14:35.624Z] [2025-11-09T09:14:35.625Z] [INDEXING-ORCHESTRATOR] [DEBUG] ✅ Chunk symbols after filtering: 0 symbols - 
[2025-11-09T09:14:35.624Z] [2025-11-09T09:14:35.625Z] [INDEXING-ORCHESTRATOR] [DEBUG] Created 4 semantic chunks for C:\Projects\educatedplanet\admin\src\components\ui\input-otp.tsx
[2025-11-09T09:14:35.624Z] [2025-11-09T09:14:35.625Z] [INDEXING-ORCHESTRATOR] [DEBUG] Average chunk size: 391 characters
[2025-11-09T09:14:35.633Z] [2025-11-09T09:14:35.634Z] [TREESITTER-CHUNKER] [INFO] Created 6 semantic chunks from C:\Projects\educatedplanet\admin\src\components\ui\form.tsx
[2025-11-09T09:14:35.657Z] [2025-11-09T09:14:35.658Z] [TREESITTER-FULL] [INFO] Extracted 6 symbols from C:\Projects\educatedplanet\admin\src\components\ui\form.tsx
[2025-11-09T09:14:35.657Z] [2025-11-09T09:14:35.658Z] [INDEXING-ORCHESTRATOR] [DEBUG] 🔍 Symbol extraction for C:\Projects\educatedplanet\admin\src\components\ui\form.tsx: 6 symbols, 5 imports
[2025-11-09T09:14:35.657Z] [2025-11-09T09:14:35.658Z] [INDEXING-ORCHESTRATOR] [DEBUG] 📍 Chunk 21-26: 1 candidate symbols
[2025-11-09T09:14:35.657Z] [2025-11-09T09:14:35.658Z] [INDEXING-ORCHESTRATOR] [DEBUG] ✅ Chunk symbols after filtering: 1 symbols - FormFieldContextValue
[2025-11-09T09:14:35.657Z] [2025-11-09T09:14:35.658Z] [INDEXING-ORCHESTRATOR] [DEBUG] 📍 Chunk 68-70: 1 candidate symbols
[2025-11-09T09:14:35.657Z] [2025-11-09T09:14:35.658Z] [INDEXING-ORCHESTRATOR] [DEBUG] ✅ Chunk symbols after filtering: 1 symbols - FormItemContextValue
[2025-11-09T09:14:35.657Z] [2025-11-09T09:14:35.658Z] [INDEXING-ORCHESTRATOR] [DEBUG] 📍 Chunk 83-84: 0 candidate symbols
[2025-11-09T09:14:35.657Z] [2025-11-09T09:14:35.658Z] [INDEXING-ORCHESTRATOR] [DEBUG] ✅ Chunk symbols after filtering: 0 symbols - 
[2025-11-09T09:14:35.657Z] [2025-11-09T09:14:35.658Z] [INDEXING-ORCHESTRATOR] [DEBUG] 📍 Chunk 100-133: 0 candidate symbols
[2025-11-09T09:14:35.657Z] [2025-11-09T09:14:35.658Z] [INDEXING-ORCHESTRATOR] [DEBUG] ✅ Chunk symbols after filtering: 0 symbols - 
[2025-11-09T09:14:35.657Z] [2025-11-09T09:14:35.658Z] [INDEXING-ORCHESTRATOR] [DEBUG] 📍 Chunk 150-151: 0 candidate symbols
[2025-11-09T09:14:35.657Z] [2025-11-09T09:14:35.659Z] [INDEXING-ORCHESTRATOR] [DEBUG] ✅ Chunk symbols after filtering: 0 symbols - 
[2025-11-09T09:14:35.657Z] [2025-11-09T09:14:35.659Z] [INDEXING-ORCHESTRATOR] [DEBUG] 📍 Chunk 152-168: 0 candidate symbols
[2025-11-09T09:14:35.657Z] [2025-11-09T09:14:35.659Z] [INDEXING-ORCHESTRATOR] [DEBUG] ✅ Chunk symbols after filtering: 0 symbols - 
[2025-11-09T09:14:35.657Z] [2025-11-09T09:14:35.659Z] [INDEXING-ORCHESTRATOR] [DEBUG] Created 6 semantic chunks for C:\Projects\educatedplanet\admin\src\components\ui\form.tsx
[2025-11-09T09:14:35.661Z] [2025-11-09T09:14:35.659Z] [INDEXING-ORCHESTRATOR] [DEBUG] Average chunk size: 230 characters
[2025-11-09T09:14:35.671Z] [2025-11-09T09:14:35.673Z] [TREESITTER-CHUNKER] [INFO] Created 2 semantic chunks from C:\Projects\educatedplanet\admin\src\components\ui\loading-bar.tsx
[2025-11-09T09:14:35.679Z] [2025-11-09T09:14:35.680Z] [TREESITTER-FULL] [INFO] Extracted 2 symbols from C:\Projects\educatedplanet\admin\src\components\ui\loading-bar.tsx
[2025-11-09T09:14:35.679Z] [2025-11-09T09:14:35.680Z] [INDEXING-ORCHESTRATOR] [DEBUG] 🔍 Symbol extraction for C:\Projects\educatedplanet\admin\src\components\ui\loading-bar.tsx: 2 symbols, 3 imports
[2025-11-09T09:14:35.679Z] [2025-11-09T09:14:35.680Z] [INDEXING-ORCHESTRATOR] [DEBUG] 📍 Chunk 7-10: 1 candidate symbols
[2025-11-09T09:14:35.679Z] [2025-11-09T09:14:35.680Z] [INDEXING-ORCHESTRATOR] [DEBUG] ✅ Chunk symbols after filtering: 1 symbols - AppLoadingBarProps
[2025-11-09T09:14:35.679Z] [2025-11-09T09:14:35.680Z] [INDEXING-ORCHESTRATOR] [DEBUG] 📍 Chunk 12-73: 1 candidate symbols
[2025-11-09T09:14:35.679Z] [2025-11-09T09:14:35.680Z] [INDEXING-ORCHESTRATOR] [DEBUG] ✅ Chunk symbols after filtering: 1 symbols - AppLoadingBar
[2025-11-09T09:14:35.679Z] [2025-11-09T09:14:35.680Z] [INDEXING-ORCHESTRATOR] [DEBUG] Created 2 semantic chunks for C:\Projects\educatedplanet\admin\src\components\ui\loading-bar.tsx
[2025-11-09T09:14:35.679Z] [2025-11-09T09:14:35.680Z] [INDEXING-ORCHESTRATOR] [DEBUG] Average chunk size: 798 characters
[2025-11-09T09:14:35.679Z] [2025-11-09T09:14:35.681Z] [INDEXING-ORCHESTRATOR] [DEBUG] 📊 Processed: 110/259 files
[2025-11-09T09:14:35.688Z] [2025-11-09T09:14:35.689Z] [TREESITTER-CHUNKER] [INFO] Created 2 semantic chunks from C:\Projects\educatedplanet\admin\src\components\ui\loading-link.tsx
[2025-11-09T09:14:35.701Z] [2025-11-09T09:14:35.702Z] [TREESITTER-FULL] [INFO] Extracted 2 symbols from C:\Projects\educatedplanet\admin\src\components\ui\loading-link.tsx
[2025-11-09T09:14:35.701Z] [2025-11-09T09:14:35.702Z] [INDEXING-ORCHESTRATOR] [DEBUG] 🔍 Symbol extraction for C:\Projects\educatedplanet\admin\src\components\ui\loading-link.tsx: 2 symbols, 4 imports
[2025-11-09T09:14:35.701Z] [2025-11-09T09:14:35.702Z] [INDEXING-ORCHESTRATOR] [DEBUG] 📍 Chunk 8-16: 1 candidate symbols
[2025-11-09T09:14:35.701Z] [2025-11-09T09:14:35.702Z] [INDEXING-ORCHESTRATOR] [DEBUG] ✅ Chunk symbols after filtering: 1 symbols - LoadingLinkProps
[2025-11-09T09:14:35.701Z] [2025-11-09T09:14:35.702Z] [INDEXING-ORCHESTRATOR] [DEBUG] 📍 Chunk 17-92: 1 candidate symbols
[2025-11-09T09:14:35.701Z] [2025-11-09T09:14:35.702Z] [INDEXING-ORCHESTRATOR] [DEBUG] ✅ Chunk symbols after filtering: 1 symbols - LoadingLink
[2025-11-09T09:14:35.701Z] [2025-11-09T09:14:35.702Z] [INDEXING-ORCHESTRATOR] [DEBUG] Created 2 semantic chunks for C:\Projects\educatedplanet\admin\src\components\ui\loading-link.tsx
[2025-11-09T09:14:35.701Z] [2025-11-09T09:14:35.702Z] [INDEXING-ORCHESTRATOR] [DEBUG] Average chunk size: 926 characters
[2025-11-09T09:14:35.715Z] [2025-11-09T09:14:35.716Z] [TREESITTER-CHUNKER] [INFO] Created 3 semantic chunks from C:\Projects\educatedplanet\admin\src\components\ui\menubar.tsx
[2025-11-09T09:14:35.746Z] [2025-11-09T09:14:35.747Z] [TREESITTER-FULL] [INFO] Extracted 0 symbols from C:\Projects\educatedplanet\admin\src\components\ui\menubar.tsx
[2025-11-09T09:14:35.746Z] [2025-11-09T09:14:35.747Z] [INDEXING-ORCHESTRATOR] [DEBUG] 🔍 Symbol extraction for C:\Projects\educatedplanet\admin\src\components\ui\menubar.tsx: 0 symbols, 4 imports
[2025-11-09T09:14:35.746Z] [2025-11-09T09:14:35.747Z] [INDEXING-ORCHESTRATOR] [DEBUG] 📍 Chunk 105-109: 0 candidate symbols
[2025-11-09T09:14:35.746Z] [2025-11-09T09:14:35.747Z] [INDEXING-ORCHESTRATOR] [DEBUG] ✅ Chunk symbols after filtering: 0 symbols - 
[2025-11-09T09:14:35.746Z] [2025-11-09T09:14:35.747Z] [INDEXING-ORCHESTRATOR] [DEBUG] 📍 Chunk 204-208: 0 candidate symbols
[2025-11-09T09:14:35.746Z] [2025-11-09T09:14:35.747Z] [INDEXING-ORCHESTRATOR] [DEBUG] ✅ Chunk symbols after filtering: 0 symbols - 
[2025-11-09T09:14:35.746Z] [2025-11-09T09:14:35.747Z] [INDEXING-ORCHESTRATOR] [DEBUG] 📍 Chunk 209-277: 0 candidate symbols
[2025-11-09T09:14:35.746Z] [2025-11-09T09:14:35.747Z] [INDEXING-ORCHESTRATOR] [DEBUG] ✅ Chunk symbols after filtering: 0 symbols - 
[2025-11-09T09:14:35.746Z] [2025-11-09T09:14:35.747Z] [INDEXING-ORCHESTRATOR] [DEBUG] Created 3 semantic chunks for C:\Projects\educatedplanet\admin\src\components\ui\menubar.tsx
[2025-11-09T09:14:35.746Z] [2025-11-09T09:14:35.747Z] [INDEXING-ORCHESTRATOR] [DEBUG] Average chunk size: 931 characters
[2025-11-09T09:14:35.749Z] [2025-11-09T09:14:35.750Z] [TREESITTER-CHUNKER] [INFO] Created 1 semantic chunks from C:\Projects\educatedplanet\admin\src\components\ui\loading-overlay.tsx
[2025-11-09T09:14:35.754Z] [2025-11-09T09:14:35.756Z] [TREESITTER-FULL] [INFO] Extracted 2 symbols from C:\Projects\educatedplanet\admin\src\components\ui\loading-overlay.tsx
[2025-11-09T09:14:35.754Z] [2025-11-09T09:14:35.756Z] [INDEXING-ORCHESTRATOR] [DEBUG] 🔍 Symbol extraction for C:\Projects\educatedplanet\admin\src\components\ui\loading-overlay.tsx: 2 symbols, 2 imports
[2025-11-09T09:14:35.754Z] [2025-11-09T09:14:35.756Z] [INDEXING-ORCHESTRATOR] [DEBUG] 📍 Chunk 6-34: 2 candidate symbols
[2025-11-09T09:14:35.754Z] [2025-11-09T09:14:35.756Z] [INDEXING-ORCHESTRATOR] [DEBUG] ✅ Chunk symbols after filtering: 2 symbols - LoadingOverlayProps, LoadingOverlay
[2025-11-09T09:14:35.755Z] [2025-11-09T09:14:35.756Z] [INDEXING-ORCHESTRATOR] [DEBUG] Created 1 semantic chunks for C:\Projects\educatedplanet\admin\src\components\ui\loading-overlay.tsx
[2025-11-09T09:14:35.755Z] [2025-11-09T09:14:35.756Z] [INDEXING-ORCHESTRATOR] [DEBUG] Average chunk size: 803 characters
[2025-11-09T09:14:35.763Z] [2025-11-09T09:14:35.764Z] [TREESITTER-CHUNKER] [INFO] Created 4 semantic chunks from C:\Projects\educatedplanet\admin\src\components\ui\navigation-menu.tsx
[2025-11-09T09:14:35.782Z] [2025-11-09T09:14:35.784Z] [TREESITTER-FULL] [INFO] Extracted 2 symbols from C:\Projects\educatedplanet\admin\src\components\ui\navigation-menu.tsx
[2025-11-09T09:14:35.782Z] [2025-11-09T09:14:35.784Z] [INDEXING-ORCHESTRATOR] [DEBUG] 🔍 Symbol extraction for C:\Projects\educatedplanet\admin\src\components\ui\navigation-menu.tsx: 2 symbols, 5 imports
[2025-11-09T09:14:35.782Z] [2025-11-09T09:14:35.784Z] [INDEXING-ORCHESTRATOR] [DEBUG] 📍 Chunk 39-43: 0 candidate symbols
[2025-11-09T09:14:35.782Z] [2025-11-09T09:14:35.784Z] [INDEXING-ORCHESTRATOR] [DEBUG] ✅ Chunk symbols after filtering: 0 symbols - 
[2025-11-09T09:14:35.782Z] [2025-11-09T09:14:35.784Z] [INDEXING-ORCHESTRATOR] [DEBUG] 📍 Chunk 65-83: 1 candidate symbols
[2025-11-09T09:14:35.782Z] [2025-11-09T09:14:35.784Z] [INDEXING-ORCHESTRATOR] [DEBUG] ✅ Chunk symbols after filtering: 1 symbols - NavigationMenuTrigger
[2025-11-09T09:14:35.783Z] [2025-11-09T09:14:35.784Z] [INDEXING-ORCHESTRATOR] [DEBUG] 📍 Chunk 131-135: 0 candidate symbols
[2025-11-09T09:14:35.783Z] [2025-11-09T09:14:35.784Z] [INDEXING-ORCHESTRATOR] [DEBUG] ✅ Chunk symbols after filtering: 0 symbols - 
[2025-11-09T09:14:35.783Z] [2025-11-09T09:14:35.784Z] [INDEXING-ORCHESTRATOR] [DEBUG] 📍 Chunk 136-169: 0 candidate symbols
[2025-11-09T09:14:35.783Z] [2025-11-09T09:14:35.784Z] [INDEXING-ORCHESTRATOR] [DEBUG] ✅ Chunk symbols after filtering: 0 symbols - 
[2025-11-09T09:14:35.783Z] [2025-11-09T09:14:35.784Z] [INDEXING-ORCHESTRATOR] [DEBUG] Created 4 semantic chunks for C:\Projects\educatedplanet\admin\src\components\ui\navigation-menu.tsx
[2025-11-09T09:14:35.783Z] [2025-11-09T09:14:35.784Z] [INDEXING-ORCHESTRATOR] [DEBUG] Average chunk size: 534 characters
[2025-11-09T09:14:35.792Z] [2025-11-09T09:14:35.793Z] [TREESITTER-CHUNKER] [INFO] Created 6 semantic chunks from C:\Projects\educatedplanet\admin\src\components\ui\pagination.tsx
[2025-11-09T09:14:35.815Z] [2025-11-09T09:14:35.816Z] [TREESITTER-FULL] [INFO] Extracted 0 symbols from C:\Projects\educatedplanet\admin\src\components\ui\pagination.tsx
[2025-11-09T09:14:35.815Z] [2025-11-09T09:14:35.816Z] [INDEXING-ORCHESTRATOR] [DEBUG] 🔍 Symbol extraction for C:\Projects\educatedplanet\admin\src\components\ui\pagination.tsx: 0 symbols, 4 imports
[2025-11-09T09:14:35.815Z] [2025-11-09T09:14:35.816Z] [INDEXING-ORCHESTRATOR] [DEBUG] 📍 Chunk 30-31: 0 candidate symbols
[2025-11-09T09:14:35.815Z] [2025-11-09T09:14:35.816Z] [INDEXING-ORCHESTRATOR] [DEBUG] ✅ Chunk symbols after filtering: 0 symbols - 
[2025-11-09T09:14:35.815Z] [2025-11-09T09:14:35.816Z] [INDEXING-ORCHESTRATOR] [DEBUG] 📍 Chunk 56-63: 0 candidate symbols
[2025-11-09T09:14:35.815Z] [2025-11-09T09:14:35.816Z] [INDEXING-ORCHESTRATOR] [DEBUG] ✅ Chunk symbols after filtering: 0 symbols - 
[2025-11-09T09:14:35.815Z] [2025-11-09T09:14:35.816Z] [INDEXING-ORCHESTRATOR] [DEBUG] 📍 Chunk 76-77: 0 candidate symbols
[2025-11-09T09:14:35.815Z] [2025-11-09T09:14:35.816Z] [INDEXING-ORCHESTRATOR] [DEBUG] ✅ Chunk symbols after filtering: 0 symbols - 
[2025-11-09T09:14:35.815Z] [2025-11-09T09:14:35.816Z] [INDEXING-ORCHESTRATOR] [DEBUG] 📍 Chunk 85-94: 0 candidate symbols
[2025-11-09T09:14:35.815Z] [2025-11-09T09:14:35.816Z] [INDEXING-ORCHESTRATOR] [DEBUG] ✅ Chunk symbols after filtering: 0 symbols - 
[2025-11-09T09:14:35.815Z] [2025-11-09T09:14:35.816Z] [INDEXING-ORCHESTRATOR] [DEBUG] 📍 Chunk 102-111: 0 candidate symbols
[2025-11-09T09:14:35.815Z] [2025-11-09T09:14:35.816Z] [INDEXING-ORCHESTRATOR] [DEBUG] ✅ Chunk symbols after filtering: 0 symbols - 
[2025-11-09T09:14:35.815Z] [2025-11-09T09:14:35.816Z] [INDEXING-ORCHESTRATOR] [DEBUG] 📍 Chunk 112-128: 0 candidate symbols
[2025-11-09T09:14:35.815Z] [2025-11-09T09:14:35.816Z] [INDEXING-ORCHESTRATOR] [DEBUG] ✅ Chunk symbols after filtering: 0 symbols - 
[2025-11-09T09:14:35.815Z] [2025-11-09T09:14:35.816Z] [INDEXING-ORCHESTRATOR] [DEBUG] Created 6 semantic chunks for C:\Projects\educatedplanet\admin\src\components\ui\pagination.tsx
[2025-11-09T09:14:35.815Z] [2025-11-09T09:14:35.816Z] [INDEXING-ORCHESTRATOR] [DEBUG] Average chunk size: 183 characters
[2025-11-09T09:14:35.825Z] [2025-11-09T09:14:35.826Z] [TREESITTER-CHUNKER] [INFO] Created 2 semantic chunks from C:\Projects\educatedplanet\admin\src\components\ui\password-strength.tsx
[2025-11-09T09:14:35.846Z] [2025-11-09T09:14:35.847Z] [TREESITTER-FULL] [INFO] Extracted 5 symbols from C:\Projects\educatedplanet\admin\src\components\ui\password-strength.tsx
[2025-11-09T09:14:35.846Z] [2025-11-09T09:14:35.847Z] [INDEXING-ORCHESTRATOR] [DEBUG] 🔍 Symbol extraction for C:\Projects\educatedplanet\admin\src\components\ui\password-strength.tsx: 5 symbols, 4 imports
[2025-11-09T09:14:35.846Z] [2025-11-09T09:14:35.847Z] [INDEXING-ORCHESTRATOR] [DEBUG] 📍 Chunk 8-26: 2 candidate symbols
[2025-11-09T09:14:35.846Z] [2025-11-09T09:14:35.847Z] [INDEXING-ORCHESTRATOR] [DEBUG] ✅ Chunk symbols after filtering: 2 symbols - PasswordStrengthResult, PasswordStrengthProps
[2025-11-09T09:14:35.846Z] [2025-11-09T09:14:35.847Z] [INDEXING-ORCHESTRATOR] [DEBUG] 📍 Chunk 27-117: 3 candidate symbols
[2025-11-09T09:14:35.846Z] [2025-11-09T09:14:35.847Z] [INDEXING-ORCHESTRATOR] [DEBUG] ✅ Chunk symbols after filtering: 3 symbols - strengthLabels, strengthColors, formatCrackTime
[2025-11-09T09:14:35.846Z] [2025-11-09T09:14:35.847Z] [INDEXING-ORCHESTRATOR] [DEBUG] Created 2 semantic chunks for C:\Projects\educatedplanet\admin\src\components\ui\password-strength.tsx
[2025-11-09T09:14:35.846Z] [2025-11-09T09:14:35.847Z] [INDEXING-ORCHESTRATOR] [DEBUG] Average chunk size: 1590 characters
[2025-11-09T09:14:35.849Z] [2025-11-09T09:14:35.850Z] [TREESITTER-CHUNKER] [INFO] Created 2 semantic chunks from C:\Projects\educatedplanet\admin\src\components\ui\radio-group.tsx
[2025-11-09T09:14:35.855Z] [2025-11-09T09:14:35.856Z] [TREESITTER-FULL] [INFO] Extracted 2 symbols from C:\Projects\educatedplanet\admin\src\components\ui\radio-group.tsx
[2025-11-09T09:14:35.855Z] [2025-11-09T09:14:35.856Z] [INDEXING-ORCHESTRATOR] [DEBUG] 🔍 Symbol extraction for C:\Projects\educatedplanet\admin\src\components\ui\radio-group.tsx: 2 symbols, 4 imports
[2025-11-09T09:14:35.855Z] [2025-11-09T09:14:35.856Z] [INDEXING-ORCHESTRATOR] [DEBUG] 📍 Chunk 9-43: 2 candidate symbols
[2025-11-09T09:14:35.855Z] [2025-11-09T09:14:35.856Z] [INDEXING-ORCHESTRATOR] [DEBUG] ✅ Chunk symbols after filtering: 2 symbols - RadioGroup, RadioGroupItem
[2025-11-09T09:14:35.855Z] [2025-11-09T09:14:35.856Z] [INDEXING-ORCHESTRATOR] [DEBUG] 📍 Chunk 44-46: 0 candidate symbols
[2025-11-09T09:14:35.855Z] [2025-11-09T09:14:35.856Z] [INDEXING-ORCHESTRATOR] [DEBUG] ✅ Chunk symbols after filtering: 0 symbols - 
[2025-11-09T09:14:35.855Z] [2025-11-09T09:14:35.856Z] [INDEXING-ORCHESTRATOR] [DEBUG] Created 2 semantic chunks for C:\Projects\educatedplanet\admin\src\components\ui\radio-group.tsx
[2025-11-09T09:14:35.855Z] [2025-11-09T09:14:35.856Z] [INDEXING-ORCHESTRATOR] [DEBUG] Average chunk size: 654 characters
[2025-11-09T09:14:35.857Z] [2025-11-09T09:14:35.859Z] [TREESITTER-CHUNKER] [INFO] Created 1 semantic chunks from C:\Projects\educatedplanet\admin\src\components\ui\popover.tsx
[2025-11-09T09:14:35.862Z] [2025-11-09T09:14:35.863Z] [TREESITTER-FULL] [INFO] Extracted 0 symbols from C:\Projects\educatedplanet\admin\src\components\ui\popover.tsx
[2025-11-09T09:14:35.862Z] [2025-11-09T09:14:35.864Z] [INDEXING-ORCHESTRATOR] [DEBUG] 🔍 Symbol extraction for C:\Projects\educatedplanet\admin\src\components\ui\popover.tsx: 0 symbols, 3 imports
[2025-11-09T09:14:35.862Z] [2025-11-09T09:14:35.864Z] [INDEXING-ORCHESTRATOR] [DEBUG] 📍 Chunk 1-49: 0 candidate symbols
[2025-11-09T09:14:35.862Z] [2025-11-09T09:14:35.864Z] [INDEXING-ORCHESTRATOR] [DEBUG] ✅ Chunk symbols after filtering: 0 symbols - 
[2025-11-09T09:14:35.862Z] [2025-11-09T09:14:35.864Z] [INDEXING-ORCHESTRATOR] [DEBUG] Created 1 semantic chunks for C:\Projects\educatedplanet\admin\src\components\ui\popover.tsx
[2025-11-09T09:14:35.862Z] [2025-11-09T09:14:35.864Z] [INDEXING-ORCHESTRATOR] [DEBUG] Average chunk size: 1676 characters
[2025-11-09T09:14:35.864Z] [2025-11-09T09:14:35.866Z] [TREESITTER-CHUNKER] [INFO] Created 1 semantic chunks from C:\Projects\educatedplanet\admin\src\components\ui\progress.tsx
[2025-11-09T09:14:35.871Z] [2025-11-09T09:14:35.873Z] [TREESITTER-FULL] [INFO] Extracted 0 symbols from C:\Projects\educatedplanet\admin\src\components\ui\progress.tsx
[2025-11-09T09:14:35.871Z] [2025-11-09T09:14:35.873Z] [INDEXING-ORCHESTRATOR] [DEBUG] 🔍 Symbol extraction for C:\Projects\educatedplanet\admin\src\components\ui\progress.tsx: 0 symbols, 3 imports
[2025-11-09T09:14:35.871Z] [2025-11-09T09:14:35.873Z] [INDEXING-ORCHESTRATOR] [DEBUG] 📍 Chunk 1-32: 0 candidate symbols
[2025-11-09T09:14:35.871Z] [2025-11-09T09:14:35.873Z] [INDEXING-ORCHESTRATOR] [DEBUG] ✅ Chunk symbols after filtering: 0 symbols - 
[2025-11-09T09:14:35.871Z] [2025-11-09T09:14:35.873Z] [INDEXING-ORCHESTRATOR] [DEBUG] Created 1 semantic chunks for C:\Projects\educatedplanet\admin\src\components\ui\progress.tsx
[2025-11-09T09:14:35.872Z] [2025-11-09T09:14:35.873Z] [INDEXING-ORCHESTRATOR] [DEBUG] Average chunk size: 764 characters
[2025-11-09T09:14:35.875Z] [2025-11-09T09:14:35.876Z] [TREESITTER-CHUNKER] [INFO] Created 1 semantic chunks from C:\Projects\educatedplanet\admin\src\components\ui\resizable.tsx
[2025-11-09T09:14:35.880Z] [2025-11-09T09:14:35.881Z] [TREESITTER-FULL] [INFO] Extracted 0 symbols from C:\Projects\educatedplanet\admin\src\components\ui\resizable.tsx
[2025-11-09T09:14:35.880Z] [2025-11-09T09:14:35.881Z] [INDEXING-ORCHESTRATOR] [DEBUG] 🔍 Symbol extraction for C:\Projects\educatedplanet\admin\src\components\ui\resizable.tsx: 0 symbols, 4 imports
[2025-11-09T09:14:35.880Z] [2025-11-09T09:14:35.881Z] [INDEXING-ORCHESTRATOR] [DEBUG] 📍 Chunk 1-57: 0 candidate symbols
[2025-11-09T09:14:35.880Z] [2025-11-09T09:14:35.881Z] [INDEXING-ORCHESTRATOR] [DEBUG] ✅ Chunk symbols after filtering: 0 symbols - 
[2025-11-09T09:14:35.880Z] [2025-11-09T09:14:35.881Z] [INDEXING-ORCHESTRATOR] [DEBUG] Created 1 semantic chunks for C:\Projects\educatedplanet\admin\src\components\ui\resizable.tsx
[2025-11-09T09:14:35.880Z] [2025-11-09T09:14:35.881Z] [INDEXING-ORCHESTRATOR] [DEBUG] Average chunk size: 2082 characters
[2025-11-09T09:14:35.880Z] [2025-11-09T09:14:35.881Z] [INDEXING-ORCHESTRATOR] [DEBUG] 📊 Processed: 120/259 files
[2025-11-09T09:14:35.891Z] [2025-11-09T09:14:35.892Z] [TREESITTER-CHUNKER] [INFO] Created 3 semantic chunks from C:\Projects\educatedplanet\admin\src\components\ui\scroll-area.tsx
[2025-11-09T09:14:35.898Z] [2025-11-09T09:14:35.899Z] [TREESITTER-FULL] [INFO] Extracted 2 symbols from C:\Projects\educatedplanet\admin\src\components\ui\scroll-area.tsx
[2025-11-09T09:14:35.898Z] [2025-11-09T09:14:35.899Z] [INDEXING-ORCHESTRATOR] [DEBUG] 🔍 Symbol extraction for C:\Projects\educatedplanet\admin\src\components\ui\scroll-area.tsx: 2 symbols, 3 imports
[2025-11-09T09:14:35.898Z] [2025-11-09T09:14:35.899Z] [INDEXING-ORCHESTRATOR] [DEBUG] 📍 Chunk 8-29: 1 candidate symbols
[2025-11-09T09:14:35.898Z] [2025-11-09T09:14:35.899Z] [INDEXING-ORCHESTRATOR] [DEBUG] ✅ Chunk symbols after filtering: 1 symbols - ScrollArea
[2025-11-09T09:14:35.898Z] [2025-11-09T09:14:35.899Z] [INDEXING-ORCHESTRATOR] [DEBUG] 📍 Chunk 31-56: 1 candidate symbols
[2025-11-09T09:14:35.898Z] [2025-11-09T09:14:35.899Z] [INDEXING-ORCHESTRATOR] [DEBUG] ✅ Chunk symbols after filtering: 1 symbols - ScrollBar
[2025-11-09T09:14:35.898Z] [2025-11-09T09:14:35.899Z] [INDEXING-ORCHESTRATOR] [DEBUG] 📍 Chunk 57-59: 0 candidate symbols
[2025-11-09T09:14:35.898Z] [2025-11-09T09:14:35.899Z] [INDEXING-ORCHESTRATOR] [DEBUG] ✅ Chunk symbols after filtering: 0 symbols - 
[2025-11-09T09:14:35.898Z] [2025-11-09T09:14:35.899Z] [INDEXING-ORCHESTRATOR] [DEBUG] Created 3 semantic chunks for C:\Projects\educatedplanet\admin\src\components\ui\scroll-area.tsx
[2025-11-09T09:14:35.898Z] [2025-11-09T09:14:35.899Z] [INDEXING-ORCHESTRATOR] [DEBUG] Average chunk size: 513 characters
[2025-11-09T09:14:35.900Z] [2025-11-09T09:14:35.901Z] [TREESITTER-CHUNKER] [INFO] Created 1 semantic chunks from C:\Projects\educatedplanet\admin\src\components\ui\separator.tsx
[2025-11-09T09:14:35.902Z] [2025-11-09T09:14:35.904Z] [TREESITTER-FULL] [INFO] Extracted 1 symbols from C:\Projects\educatedplanet\admin\src\components\ui\separator.tsx
[2025-11-09T09:14:35.902Z] [2025-11-09T09:14:35.904Z] [INDEXING-ORCHESTRATOR] [DEBUG] 🔍 Symbol extraction for C:\Projects\educatedplanet\admin\src\components\ui\separator.tsx: 1 symbols, 3 imports
[2025-11-09T09:14:35.902Z] [2025-11-09T09:14:35.904Z] [INDEXING-ORCHESTRATOR] [DEBUG] 📍 Chunk 8-28: 1 candidate symbols
[2025-11-09T09:14:35.902Z] [2025-11-09T09:14:35.904Z] [INDEXING-ORCHESTRATOR] [DEBUG] ✅ Chunk symbols after filtering: 1 symbols - Separator
[2025-11-09T09:14:35.903Z] [2025-11-09T09:14:35.904Z] [INDEXING-ORCHESTRATOR] [DEBUG] Created 1 semantic chunks for C:\Projects\educatedplanet\admin\src\components\ui\separator.tsx
[2025-11-09T09:14:35.903Z] [2025-11-09T09:14:35.904Z] [INDEXING-ORCHESTRATOR] [DEBUG] Average chunk size: 574 characters
[2025-11-09T09:14:35.906Z] [2025-11-09T09:14:35.907Z] [TREESITTER-CHUNKER] [INFO] Created 1 semantic chunks from C:\Projects\educatedplanet\admin\src\components\ui\slider.tsx
[2025-11-09T09:14:35.911Z] [2025-11-09T09:14:35.913Z] [TREESITTER-FULL] [INFO] Extracted 1 symbols from C:\Projects\educatedplanet\admin\src\components\ui\slider.tsx
[2025-11-09T09:14:35.911Z] [2025-11-09T09:14:35.913Z] [INDEXING-ORCHESTRATOR] [DEBUG] 🔍 Symbol extraction for C:\Projects\educatedplanet\admin\src\components\ui\slider.tsx: 1 symbols, 3 imports
[2025-11-09T09:14:35.911Z] [2025-11-09T09:14:35.913Z] [INDEXING-ORCHESTRATOR] [DEBUG] 📍 Chunk 1-64: 1 candidate symbols
[2025-11-09T09:14:35.911Z] [2025-11-09T09:14:35.913Z] [INDEXING-ORCHESTRATOR] [DEBUG] ✅ Chunk symbols after filtering: 1 symbols - _values
[2025-11-09T09:14:35.911Z] [2025-11-09T09:14:35.913Z] [INDEXING-ORCHESTRATOR] [DEBUG] Created 1 semantic chunks for C:\Projects\educatedplanet\admin\src\components\ui\slider.tsx
[2025-11-09T09:14:35.912Z] [2025-11-09T09:14:35.913Z] [INDEXING-ORCHESTRATOR] [DEBUG] Average chunk size: 2052 characters
[2025-11-09T09:14:35.921Z] [2025-11-09T09:14:35.923Z] [TREESITTER-CHUNKER] [INFO] Created 5 semantic chunks from C:\Projects\educatedplanet\admin\src\components\ui\select.tsx
[2025-11-09T09:14:35.957Z] [2025-11-09T09:14:35.958Z] [TREESITTER-FULL] [INFO] Extracted 0 symbols from C:\Projects\educatedplanet\admin\src\components\ui\select.tsx
[2025-11-09T09:14:35.957Z] [2025-11-09T09:14:35.958Z] [INDEXING-ORCHESTRATOR] [DEBUG] 🔍 Symbol extraction for C:\Projects\educatedplanet\admin\src\components\ui\select.tsx: 0 symbols, 4 imports
[2025-11-09T09:14:35.957Z] [2025-11-09T09:14:35.958Z] [INDEXING-ORCHESTRATOR] [DEBUG] 📍 Chunk 27-88: 0 candidate symbols
[2025-11-09T09:14:35.957Z] [2025-11-09T09:14:35.958Z] [INDEXING-ORCHESTRATOR] [DEBUG] ✅ Chunk symbols after filtering: 0 symbols - 
[2025-11-09T09:14:35.957Z] [2025-11-09T09:14:35.958Z] [INDEXING-ORCHESTRATOR] [DEBUG] 📍 Chunk 64-70: 0 candidate symbols
[2025-11-09T09:14:35.957Z] [2025-11-09T09:14:35.958Z] [INDEXING-ORCHESTRATOR] [DEBUG] ✅ Chunk symbols after filtering: 0 symbols - 
[2025-11-09T09:14:35.957Z] [2025-11-09T09:14:35.958Z] [INDEXING-ORCHESTRATOR] [DEBUG] 📍 Chunk 90-125: 0 candidate symbols
[2025-11-09T09:14:35.957Z] [2025-11-09T09:14:35.958Z] [INDEXING-ORCHESTRATOR] [DEBUG] ✅ Chunk symbols after filtering: 0 symbols - 
[2025-11-09T09:14:35.957Z] [2025-11-09T09:14:35.958Z] [INDEXING-ORCHESTRATOR] [DEBUG] 📍 Chunk 127-174: 0 candidate symbols
[2025-11-09T09:14:35.957Z] [2025-11-09T09:14:35.958Z] [INDEXING-ORCHESTRATOR] [DEBUG] ✅ Chunk symbols after filtering: 0 symbols - 
[2025-11-09T09:14:35.957Z] [2025-11-09T09:14:35.958Z] [INDEXING-ORCHESTRATOR] [DEBUG] 📍 Chunk 175-188: 0 candidate symbols
[2025-11-09T09:14:35.957Z] [2025-11-09T09:14:35.958Z] [INDEXING-ORCHESTRATOR] [DEBUG] ✅ Chunk symbols after filtering: 0 symbols - 
[2025-11-09T09:14:35.957Z] [2025-11-09T09:14:35.958Z] [INDEXING-ORCHESTRATOR] [DEBUG] Created 5 semantic chunks for C:\Projects\educatedplanet\admin\src\components\ui\select.tsx
[2025-11-09T09:14:35.957Z] [2025-11-09T09:14:35.958Z] [INDEXING-ORCHESTRATOR] [DEBUG] Average chunk size: 1313 characters
[2025-11-09T09:14:35.958Z] [2025-11-09T09:14:35.960Z] [TREESITTER-CHUNKER] [INFO] Created 2 semantic chunks from C:\Projects\educatedplanet\admin\src\components\ui\skeleton.tsx
[2025-11-09T09:14:35.960Z] [2025-11-09T09:14:35.961Z] [TREESITTER-FULL] [INFO] Extracted 0 symbols from C:\Projects\educatedplanet\admin\src\components\ui\skeleton.tsx
[2025-11-09T09:14:35.960Z] [2025-11-09T09:14:35.961Z] [INDEXING-ORCHESTRATOR] [DEBUG] 🔍 Symbol extraction for C:\Projects\educatedplanet\admin\src\components\ui\skeleton.tsx: 0 symbols, 1 imports
[2025-11-09T09:14:35.960Z] [2025-11-09T09:14:35.961Z] [INDEXING-ORCHESTRATOR] [DEBUG] 📍 Chunk 7-8: 0 candidate symbols
[2025-11-09T09:14:35.960Z] [2025-11-09T09:14:35.961Z] [INDEXING-ORCHESTRATOR] [DEBUG] ✅ Chunk symbols after filtering: 0 symbols - 
[2025-11-09T09:14:35.960Z] [2025-11-09T09:14:35.961Z] [INDEXING-ORCHESTRATOR] [DEBUG] 📍 Chunk 9-14: 0 candidate symbols
[2025-11-09T09:14:35.960Z] [2025-11-09T09:14:35.961Z] [INDEXING-ORCHESTRATOR] [DEBUG] ✅ Chunk symbols after filtering: 0 symbols - 
[2025-11-09T09:14:35.960Z] [2025-11-09T09:14:35.961Z] [INDEXING-ORCHESTRATOR] [DEBUG] Created 2 semantic chunks for C:\Projects\educatedplanet\admin\src\components\ui\skeleton.tsx
[2025-11-09T09:14:35.960Z] [2025-11-09T09:14:35.961Z] [INDEXING-ORCHESTRATOR] [DEBUG] Average chunk size: 52 characters
[2025-11-09T09:14:35.963Z] [2025-11-09T09:14:35.965Z] [TREESITTER-CHUNKER] [INFO] Created 2 semantic chunks from C:\Projects\educatedplanet\admin\src\components\ui\simple-loading-bar.tsx
[2025-11-09T09:14:35.975Z] [2025-11-09T09:14:35.976Z] [TREESITTER-FULL] [INFO] Extracted 1 symbols from C:\Projects\educatedplanet\admin\src\components\ui\simple-loading-bar.tsx
[2025-11-09T09:14:35.975Z] [2025-11-09T09:14:35.977Z] [INDEXING-ORCHESTRATOR] [DEBUG] 🔍 Symbol extraction for C:\Projects\educatedplanet\admin\src\components\ui\simple-loading-bar.tsx: 1 symbols, 2 imports
[2025-11-09T09:14:35.975Z] [2025-11-09T09:14:35.977Z] [INDEXING-ORCHESTRATOR] [DEBUG] 📍 Chunk 6-8: 1 candidate symbols
[2025-11-09T09:14:35.975Z] [2025-11-09T09:14:35.977Z] [INDEXING-ORCHESTRATOR] [DEBUG] ✅ Chunk symbols after filtering: 1 symbols - SimpleLoadingBarProps
[2025-11-09T09:14:35.975Z] [2025-11-09T09:14:35.977Z] [INDEXING-ORCHESTRATOR] [DEBUG] 📍 Chunk 9-69: 0 candidate symbols
[2025-11-09T09:14:35.975Z] [2025-11-09T09:14:35.977Z] [INDEXING-ORCHESTRATOR] [DEBUG] ✅ Chunk symbols after filtering: 0 symbols - 
[2025-11-09T09:14:35.975Z] [2025-11-09T09:14:35.977Z] [INDEXING-ORCHESTRATOR] [DEBUG] Created 2 semantic chunks for C:\Projects\educatedplanet\admin\src\components\ui\simple-loading-bar.tsx
[2025-11-09T09:14:35.975Z] [2025-11-09T09:14:35.977Z] [INDEXING-ORCHESTRATOR] [DEBUG] Average chunk size: 737 characters
[2025-11-09T09:14:36.016Z] [2025-11-09T09:14:36.017Z] [TREESITTER-CHUNKER] [INFO] Created 25 semantic chunks from C:\Projects\educatedplanet\admin\src\components\ui\sidebar.tsx
[2025-11-09T09:14:36.205Z] [2025-11-09T09:14:36.206Z] [TREESITTER-FULL] [INFO] Extracted 8 symbols from C:\Projects\educatedplanet\admin\src\components\ui\sidebar.tsx
[2025-11-09T09:14:36.205Z] [2025-11-09T09:14:36.206Z] [INDEXING-ORCHESTRATOR] [DEBUG] 🔍 Symbol extraction for C:\Projects\educatedplanet\admin\src\components\ui\sidebar.tsx: 8 symbols, 12 imports
[2025-11-09T09:14:36.205Z] [2025-11-09T09:14:36.206Z] [INDEXING-ORCHESTRATOR] [DEBUG] 📍 Chunk 35-54: 3 candidate symbols
[2025-11-09T09:14:36.205Z] [2025-11-09T09:14:36.206Z] [INDEXING-ORCHESTRATOR] [DEBUG] ✅ Chunk symbols after filtering: 3 symbols - SidebarContextProps, SidebarContext, useSidebar
[2025-11-09T09:14:36.205Z] [2025-11-09T09:14:36.206Z] [INDEXING-ORCHESTRATOR] [DEBUG] 📍 Chunk 141-145: 0 candidate symbols
[2025-11-09T09:14:36.205Z] [2025-11-09T09:14:36.207Z] [INDEXING-ORCHESTRATOR] [DEBUG] ✅ Chunk symbols after filtering: 0 symbols - 
[2025-11-09T09:14:36.205Z] [2025-11-09T09:14:36.207Z] [INDEXING-ORCHESTRATOR] [DEBUG] 📍 Chunk 172-176: 0 candidate symbols
[2025-11-09T09:14:36.205Z] [2025-11-09T09:14:36.207Z] [INDEXING-ORCHESTRATOR] [DEBUG] ✅ Chunk symbols after filtering: 0 symbols - 
[2025-11-09T09:14:36.205Z] [2025-11-09T09:14:36.207Z] [INDEXING-ORCHESTRATOR] [DEBUG] 📍 Chunk 231-242: 0 candidate symbols
[2025-11-09T09:14:36.205Z] [2025-11-09T09:14:36.207Z] [INDEXING-ORCHESTRATOR] [DEBUG] ✅ Chunk symbols after filtering: 0 symbols - 
[2025-11-09T09:14:36.205Z] [2025-11-09T09:14:36.207Z] [INDEXING-ORCHESTRATOR] [DEBUG] 📍 Chunk 293-302: 0 candidate symbols
[2025-11-09T09:14:36.205Z] [2025-11-09T09:14:36.207Z] [INDEXING-ORCHESTRATOR] [DEBUG] ✅ Chunk symbols after filtering: 0 symbols - 
[2025-11-09T09:14:36.205Z] [2025-11-09T09:14:36.207Z] [INDEXING-ORCHESTRATOR] [DEBUG] 📍 Chunk 311-316: 0 candidate symbols
[2025-11-09T09:14:36.205Z] [2025-11-09T09:14:36.207Z] [INDEXING-ORCHESTRATOR] [DEBUG] ✅ Chunk symbols after filtering: 0 symbols - 
[2025-11-09T09:14:36.205Z] [2025-11-09T09:14:36.207Z] [INDEXING-ORCHESTRATOR] [DEBUG] 📍 Chunk 329-330: 0 candidate symbols
[2025-11-09T09:14:36.205Z] [2025-11-09T09:14:36.207Z] [INDEXING-ORCHESTRATOR] [DEBUG] ✅ Chunk symbols after filtering: 0 symbols - 
[2025-11-09T09:14:36.205Z] [2025-11-09T09:14:36.207Z] [INDEXING-ORCHESTRATOR] [DEBUG] 📍 Chunk 340-341: 0 candidate symbols
[2025-11-09T09:14:36.205Z] [2025-11-09T09:14:36.207Z] [INDEXING-ORCHESTRATOR] [DEBUG] ✅ Chunk symbols after filtering: 0 symbols - 
[2025-11-09T09:14:36.205Z] [2025-11-09T09:14:36.207Z] [INDEXING-ORCHESTRATOR] [DEBUG] 📍 Chunk 351-352: 0 candidate symbols
[2025-11-09T09:14:36.205Z] [2025-11-09T09:14:36.207Z] [INDEXING-ORCHESTRATOR] [DEBUG] ✅ Chunk symbols after filtering: 0 symbols - 
[2025-11-09T09:14:36.205Z] [2025-11-09T09:14:36.207Z] [INDEXING-ORCHESTRATOR] [DEBUG] 📍 Chunk 365-366: 0 candidate symbols
[2025-11-09T09:14:36.205Z] [2025-11-09T09:14:36.207Z] [INDEXING-ORCHESTRATOR] [DEBUG] ✅ Chunk symbols after filtering: 0 symbols - 
[2025-11-09T09:14:36.205Z] [2025-11-09T09:14:36.207Z] [INDEXING-ORCHESTRATOR] [DEBUG] 📍 Chunk 376-380: 0 candidate symbols
[2025-11-09T09:14:36.205Z] [2025-11-09T09:14:36.207Z] [INDEXING-ORCHESTRATOR] [DEBUG] ✅ Chunk symbols after filtering: 0 symbols - 
[2025-11-09T09:14:36.205Z] [2025-11-09T09:14:36.207Z] [INDEXING-ORCHESTRATOR] [DEBUG] 📍 Chunk 390-391: 0 candidate symbols
[2025-11-09T09:14:36.205Z] [2025-11-09T09:14:36.207Z] [INDEXING-ORCHESTRATOR] [DEBUG] ✅ Chunk symbols after filtering: 0 symbols - 
[2025-11-09T09:14:36.205Z] [2025-11-09T09:14:36.207Z] [INDEXING-ORCHESTRATOR] [DEBUG] 📍 Chunk 407-412: 0 candidate symbols
[2025-11-09T09:14:36.205Z] [2025-11-09T09:14:36.207Z] [INDEXING-ORCHESTRATOR] [DEBUG] ✅ Chunk symbols after filtering: 0 symbols - 
[2025-11-09T09:14:36.205Z] [2025-11-09T09:14:36.207Z] [INDEXING-ORCHESTRATOR] [DEBUG] 📍 Chunk 428-435: 0 candidate symbols
[2025-11-09T09:14:36.205Z] [2025-11-09T09:14:36.207Z] [INDEXING-ORCHESTRATOR] [DEBUG] ✅ Chunk symbols after filtering: 0 symbols - 
[2025-11-09T09:14:36.205Z] [2025-11-09T09:14:36.207Z] [INDEXING-ORCHESTRATOR] [DEBUG] 📍 Chunk 448-449: 0 candidate symbols
[2025-11-09T09:14:36.205Z] [2025-11-09T09:14:36.207Z] [INDEXING-ORCHESTRATOR] [DEBUG] ✅ Chunk symbols after filtering: 0 symbols - 
[2025-11-09T09:14:36.205Z] [2025-11-09T09:14:36.207Z] [INDEXING-ORCHESTRATOR] [DEBUG] 📍 Chunk 459-460: 0 candidate symbols
[2025-11-09T09:14:36.205Z] [2025-11-09T09:14:36.207Z] [INDEXING-ORCHESTRATOR] [DEBUG] ✅ Chunk symbols after filtering: 0 symbols - 
[2025-11-09T09:14:36.205Z] [2025-11-09T09:14:36.207Z] [INDEXING-ORCHESTRATOR] [DEBUG] 📍 Chunk 470-471: 0 candidate symbols
[2025-11-09T09:14:36.205Z] [2025-11-09T09:14:36.207Z] [INDEXING-ORCHESTRATOR] [DEBUG] ✅ Chunk symbols after filtering: 0 symbols - 
[2025-11-09T09:14:36.205Z] [2025-11-09T09:14:36.207Z] [INDEXING-ORCHESTRATOR] [DEBUG] 📍 Chunk 520-521: 0 candidate symbols
[2025-11-09T09:14:36.205Z] [2025-11-09T09:14:36.207Z] [INDEXING-ORCHESTRATOR] [DEBUG] ✅ Chunk symbols after filtering: 0 symbols - 
[2025-11-09T09:14:36.205Z] [2025-11-09T09:14:36.207Z] [INDEXING-ORCHESTRATOR] [DEBUG] 📍 Chunk 563-575: 0 candidate symbols
[2025-11-09T09:14:36.205Z] [2025-11-09T09:14:36.207Z] [INDEXING-ORCHESTRATOR] [DEBUG] ✅ Chunk symbols after filtering: 0 symbols - 
[2025-11-09T09:14:36.206Z] [2025-11-09T09:14:36.207Z] [INDEXING-ORCHESTRATOR] [DEBUG] 📍 Chunk 588-597: 0 candidate symbols
[2025-11-09T09:14:36.206Z] [2025-11-09T09:14:36.207Z] [INDEXING-ORCHESTRATOR] [DEBUG] ✅ Chunk symbols after filtering: 0 symbols - 
[2025-11-09T09:14:36.206Z] [2025-11-09T09:14:36.207Z] [INDEXING-ORCHESTRATOR] [DEBUG] 📍 Chunk 618-619: 0 candidate symbols
[2025-11-09T09:14:36.206Z] [2025-11-09T09:14:36.207Z] [INDEXING-ORCHESTRATOR] [DEBUG] ✅ Chunk symbols after filtering: 0 symbols - 
[2025-11-09T09:14:36.206Z] [2025-11-09T09:14:36.207Z] [INDEXING-ORCHESTRATOR] [DEBUG] 📍 Chunk 645-650: 0 candidate symbols
[2025-11-09T09:14:36.206Z] [2025-11-09T09:14:36.207Z] [INDEXING-ORCHESTRATOR] [DEBUG] ✅ Chunk symbols after filtering: 0 symbols - 
[2025-11-09T09:14:36.206Z] [2025-11-09T09:14:36.207Z] [INDEXING-ORCHESTRATOR] [DEBUG] 📍 Chunk 663-664: 0 candidate symbols
[2025-11-09T09:14:36.206Z] [2025-11-09T09:14:36.207Z] [INDEXING-ORCHESTRATOR] [DEBUG] ✅ Chunk symbols after filtering: 0 symbols - 
[2025-11-09T09:14:36.206Z] [2025-11-09T09:14:36.207Z] [INDEXING-ORCHESTRATOR] [DEBUG] 📍 Chunk 688-696: 0 candidate symbols
[2025-11-09T09:14:36.206Z] [2025-11-09T09:14:36.207Z] [INDEXING-ORCHESTRATOR] [DEBUG] ✅ Chunk symbols after filtering: 0 symbols - 
[2025-11-09T09:14:36.206Z] [2025-11-09T09:14:36.207Z] [INDEXING-ORCHESTRATOR] [DEBUG] 📍 Chunk 697-727: 0 candidate symbols
[2025-11-09T09:14:36.206Z] [2025-11-09T09:14:36.207Z] [INDEXING-ORCHESTRATOR] [DEBUG] ✅ Chunk symbols after filtering: 0 symbols - 
[2025-11-09T09:14:36.206Z] [2025-11-09T09:14:36.207Z] [INDEXING-ORCHESTRATOR] [DEBUG] Created 25 semantic chunks for C:\Projects\educatedplanet\admin\src\components\ui\sidebar.tsx
[2025-11-09T09:14:36.206Z] [2025-11-09T09:14:36.207Z] [INDEXING-ORCHESTRATOR] [DEBUG] Average chunk size: 301 characters
[2025-11-09T09:14:36.209Z] [2025-11-09T09:14:36.210Z] [TREESITTER-CHUNKER] [INFO] Created 1 semantic chunks from C:\Projects\educatedplanet\admin\src\components\ui\sonner.tsx
[2025-11-09T09:14:36.214Z] [2025-11-09T09:14:36.215Z] [TREESITTER-FULL] [INFO] Extracted 0 symbols from C:\Projects\educatedplanet\admin\src\components\ui\sonner.tsx
[2025-11-09T09:14:36.214Z] [2025-11-09T09:14:36.215Z] [INDEXING-ORCHESTRATOR] [DEBUG] 🔍 Symbol extraction for C:\Projects\educatedplanet\admin\src\components\ui\sonner.tsx: 0 symbols, 3 imports
[2025-11-09T09:14:36.214Z] [2025-11-09T09:14:36.215Z] [INDEXING-ORCHESTRATOR] [DEBUG] 📍 Chunk 1-42: 0 candidate symbols
[2025-11-09T09:14:36.214Z] [2025-11-09T09:14:36.215Z] [INDEXING-ORCHESTRATOR] [DEBUG] ✅ Chunk symbols after filtering: 0 symbols - 
[2025-11-09T09:14:36.214Z] [2025-11-09T09:14:36.215Z] [INDEXING-ORCHESTRATOR] [DEBUG] Created 1 semantic chunks for C:\Projects\educatedplanet\admin\src\components\ui\sonner.tsx
[2025-11-09T09:14:36.214Z] [2025-11-09T09:14:36.215Z] [INDEXING-ORCHESTRATOR] [DEBUG] Average chunk size: 1201 characters
[2025-11-09T09:14:36.215Z] [2025-11-09T09:14:36.216Z] [TREESITTER-CHUNKER] [INFO] Created 1 semantic chunks from C:\Projects\educatedplanet\admin\src\components\ui\spinner.tsx
[2025-11-09T09:14:36.217Z] [2025-11-09T09:14:36.218Z] [TREESITTER-FULL] [INFO] Extracted 0 symbols from C:\Projects\educatedplanet\admin\src\components\ui\spinner.tsx
[2025-11-09T09:14:36.217Z] [2025-11-09T09:14:36.218Z] [INDEXING-ORCHESTRATOR] [DEBUG] 🔍 Symbol extraction for C:\Projects\educatedplanet\admin\src\components\ui\spinner.tsx: 0 symbols, 2 imports
[2025-11-09T09:14:36.217Z] [2025-11-09T09:14:36.218Z] [INDEXING-ORCHESTRATOR] [DEBUG] 📍 Chunk 1-17: 0 candidate symbols
[2025-11-09T09:14:36.217Z] [2025-11-09T09:14:36.218Z] [INDEXING-ORCHESTRATOR] [DEBUG] ✅ Chunk symbols after filtering: 0 symbols - 
[2025-11-09T09:14:36.217Z] [2025-11-09T09:14:36.218Z] [INDEXING-ORCHESTRATOR] [DEBUG] Created 1 semantic chunks for C:\Projects\educatedplanet\admin\src\components\ui\spinner.tsx
[2025-11-09T09:14:36.217Z] [2025-11-09T09:14:36.218Z] [INDEXING-ORCHESTRATOR] [DEBUG] Average chunk size: 345 characters
[2025-11-09T09:14:36.224Z] [2025-11-09T09:14:36.225Z] [TREESITTER-CHUNKER] [INFO] Created 4 semantic chunks from C:\Projects\educatedplanet\admin\src\components\ui\sheet.tsx
[2025-11-09T09:14:36.243Z] [2025-11-09T09:14:36.245Z] [TREESITTER-FULL] [INFO] Extracted 1 symbols from C:\Projects\educatedplanet\admin\src\components\ui\sheet.tsx
[2025-11-09T09:14:36.243Z] [2025-11-09T09:14:36.245Z] [INDEXING-ORCHESTRATOR] [DEBUG] 🔍 Symbol extraction for C:\Projects\educatedplanet\admin\src\components\ui\sheet.tsx: 1 symbols, 4 imports
[2025-11-09T09:14:36.243Z] [2025-11-09T09:14:36.245Z] [INDEXING-ORCHESTRATOR] [DEBUG] 📍 Chunk 88-89: 0 candidate symbols
[2025-11-09T09:14:36.243Z] [2025-11-09T09:14:36.245Z] [INDEXING-ORCHESTRATOR] [DEBUG] ✅ Chunk symbols after filtering: 0 symbols - 
[2025-11-09T09:14:36.243Z] [2025-11-09T09:14:36.245Z] [INDEXING-ORCHESTRATOR] [DEBUG] 📍 Chunk 98-99: 0 candidate symbols
[2025-11-09T09:14:36.243Z] [2025-11-09T09:14:36.245Z] [INDEXING-ORCHESTRATOR] [DEBUG] ✅ Chunk symbols after filtering: 0 symbols - 
[2025-11-09T09:14:36.244Z] [2025-11-09T09:14:36.245Z] [INDEXING-ORCHESTRATOR] [DEBUG] 📍 Chunk 117-128: 1 candidate symbols
[2025-11-09T09:14:36.244Z] [2025-11-09T09:14:36.245Z] [INDEXING-ORCHESTRATOR] [DEBUG] ✅ Chunk symbols after filtering: 1 symbols - SheetDescription
[2025-11-09T09:14:36.244Z] [2025-11-09T09:14:36.245Z] [INDEXING-ORCHESTRATOR] [DEBUG] 📍 Chunk 129-140: 0 candidate symbols
[2025-11-09T09:14:36.244Z] [2025-11-09T09:14:36.245Z] [INDEXING-ORCHESTRATOR] [DEBUG] ✅ Chunk symbols after filtering: 0 symbols - 
[2025-11-09T09:14:36.244Z] [2025-11-09T09:14:36.245Z] [INDEXING-ORCHESTRATOR] [DEBUG] Created 4 semantic chunks for C:\Projects\educatedplanet\admin\src\components\ui\sheet.tsx
[2025-11-09T09:14:36.244Z] [2025-11-09T09:14:36.245Z] [INDEXING-ORCHESTRATOR] [DEBUG] Average chunk size: 141 characters
[2025-11-09T09:14:36.244Z] [2025-11-09T09:14:36.245Z] [INDEXING-ORCHESTRATOR] [DEBUG] 📊 Processed: 130/259 files
[2025-11-09T09:14:36.256Z] [2025-11-09T09:14:36.257Z] [TREESITTER-CHUNKER] [INFO] Created 1 semantic chunks from C:\Projects\educatedplanet\admin\src\components\ui\switch.tsx
[2025-11-09T09:14:36.259Z] [2025-11-09T09:14:36.260Z] [TREESITTER-FULL] [INFO] Extracted 0 symbols from C:\Projects\educatedplanet\admin\src\components\ui\switch.tsx
[2025-11-09T09:14:36.259Z] [2025-11-09T09:14:36.260Z] [INDEXING-ORCHESTRATOR] [DEBUG] 🔍 Symbol extraction for C:\Projects\educatedplanet\admin\src\components\ui\switch.tsx: 0 symbols, 3 imports
[2025-11-09T09:14:36.259Z] [2025-11-09T09:14:36.260Z] [INDEXING-ORCHESTRATOR] [DEBUG] 📍 Chunk 1-32: 0 candidate symbols
[2025-11-09T09:14:36.259Z] [2025-11-09T09:14:36.260Z] [INDEXING-ORCHESTRATOR] [DEBUG] ✅ Chunk symbols after filtering: 0 symbols - 
[2025-11-09T09:14:36.259Z] [2025-11-09T09:14:36.260Z] [INDEXING-ORCHESTRATOR] [DEBUG] Created 1 semantic chunks for C:\Projects\educatedplanet\admin\src\components\ui\switch.tsx
[2025-11-09T09:14:36.259Z] [2025-11-09T09:14:36.260Z] [INDEXING-ORCHESTRATOR] [DEBUG] Average chunk size: 1201 characters
[2025-11-09T09:14:36.260Z] [2025-11-09T09:14:36.261Z] [TREESITTER-CHUNKER] [INFO] Created 2 semantic chunks from C:\Projects\educatedplanet\admin\src\components\ui\textarea.tsx
[2025-11-09T09:14:36.262Z] [2025-11-09T09:14:36.263Z] [TREESITTER-FULL] [INFO] Extracted 0 symbols from C:\Projects\educatedplanet\admin\src\components\ui\textarea.tsx
[2025-11-09T09:14:36.262Z] [2025-11-09T09:14:36.263Z] [INDEXING-ORCHESTRATOR] [DEBUG] 🔍 Symbol extraction for C:\Projects\educatedplanet\admin\src\components\ui\textarea.tsx: 0 symbols, 2 imports
[2025-11-09T09:14:36.262Z] [2025-11-09T09:14:36.263Z] [INDEXING-ORCHESTRATOR] [DEBUG] 📍 Chunk 9-13: 0 candidate symbols
[2025-11-09T09:14:36.262Z] [2025-11-09T09:14:36.263Z] [INDEXING-ORCHESTRATOR] [DEBUG] ✅ Chunk symbols after filtering: 0 symbols - 
[2025-11-09T09:14:36.262Z] [2025-11-09T09:14:36.263Z] [INDEXING-ORCHESTRATOR] [DEBUG] 📍 Chunk 14-19: 0 candidate symbols
[2025-11-09T09:14:36.262Z] [2025-11-09T09:14:36.263Z] [INDEXING-ORCHESTRATOR] [DEBUG] ✅ Chunk symbols after filtering: 0 symbols - 
[2025-11-09T09:14:36.262Z] [2025-11-09T09:14:36.263Z] [INDEXING-ORCHESTRATOR] [DEBUG] Created 2 semantic chunks for C:\Projects\educatedplanet\admin\src\components\ui\textarea.tsx
[2025-11-09T09:14:36.262Z] [2025-11-09T09:14:36.263Z] [INDEXING-ORCHESTRATOR] [DEBUG] Average chunk size: 274 characters
[2025-11-09T09:14:36.265Z] [2025-11-09T09:14:36.266Z] [TREESITTER-CHUNKER] [INFO] Created 2 semantic chunks from C:\Projects\educatedplanet\admin\src\components\ui\tabs.tsx
[2025-11-09T09:14:36.271Z] [2025-11-09T09:14:36.272Z] [TREESITTER-FULL] [INFO] Extracted 1 symbols from C:\Projects\educatedplanet\admin\src\components\ui\tabs.tsx
[2025-11-09T09:14:36.271Z] [2025-11-09T09:14:36.272Z] [INDEXING-ORCHESTRATOR] [DEBUG] 🔍 Symbol extraction for C:\Projects\educatedplanet\admin\src\components\ui\tabs.tsx: 1 symbols, 3 imports
[2025-11-09T09:14:36.271Z] [2025-11-09T09:14:36.272Z] [INDEXING-ORCHESTRATOR] [DEBUG] 📍 Chunk 8-19: 1 candidate symbols
[2025-11-09T09:14:36.271Z] [2025-11-09T09:14:36.272Z] [INDEXING-ORCHESTRATOR] [DEBUG] ✅ Chunk symbols after filtering: 1 symbols - Tabs
[2025-11-09T09:14:36.271Z] [2025-11-09T09:14:36.272Z] [INDEXING-ORCHESTRATOR] [DEBUG] 📍 Chunk 20-67: 0 candidate symbols
[2025-11-09T09:14:36.271Z] [2025-11-09T09:14:36.272Z] [INDEXING-ORCHESTRATOR] [DEBUG] ✅ Chunk symbols after filtering: 0 symbols - 
[2025-11-09T09:14:36.271Z] [2025-11-09T09:14:36.272Z] [INDEXING-ORCHESTRATOR] [DEBUG] Created 2 semantic chunks for C:\Projects\educatedplanet\admin\src\components\ui\tabs.tsx
[2025-11-09T09:14:36.271Z] [2025-11-09T09:14:36.272Z] [INDEXING-ORCHESTRATOR] [DEBUG] Average chunk size: 944 characters
[2025-11-09T09:14:36.278Z] [2025-11-09T09:14:36.280Z] [TREESITTER-CHUNKER] [INFO] Created 9 semantic chunks from C:\Projects\educatedplanet\admin\src\components\ui\table.tsx
[2025-11-09T09:14:36.295Z] [2025-11-09T09:14:36.296Z] [TREESITTER-FULL] [INFO] Extracted 0 symbols from C:\Projects\educatedplanet\admin\src\components\ui\table.tsx
[2025-11-09T09:14:36.295Z] [2025-11-09T09:14:36.296Z] [INDEXING-ORCHESTRATOR] [DEBUG] 🔍 Symbol extraction for C:\Projects\educatedplanet\admin\src\components\ui\table.tsx: 0 symbols, 2 imports
[2025-11-09T09:14:36.295Z] [2025-11-09T09:14:36.296Z] [INDEXING-ORCHESTRATOR] [DEBUG] 📍 Chunk 15-16: 0 candidate symbols
[2025-11-09T09:14:36.295Z] [2025-11-09T09:14:36.296Z] [INDEXING-ORCHESTRATOR] [DEBUG] ✅ Chunk symbols after filtering: 0 symbols - 
[2025-11-09T09:14:36.295Z] [2025-11-09T09:14:36.296Z] [INDEXING-ORCHESTRATOR] [DEBUG] 📍 Chunk 26-27: 0 candidate symbols
[2025-11-09T09:14:36.295Z] [2025-11-09T09:14:36.296Z] [INDEXING-ORCHESTRATOR] [DEBUG] ✅ Chunk symbols after filtering: 0 symbols - 
[2025-11-09T09:14:36.295Z] [2025-11-09T09:14:36.296Z] [INDEXING-ORCHESTRATOR] [DEBUG] 📍 Chunk 36-37: 0 candidate symbols
[2025-11-09T09:14:36.295Z] [2025-11-09T09:14:36.296Z] [INDEXING-ORCHESTRATOR] [DEBUG] ✅ Chunk symbols after filtering: 0 symbols - 
[2025-11-09T09:14:36.295Z] [2025-11-09T09:14:36.296Z] [INDEXING-ORCHESTRATOR] [DEBUG] 📍 Chunk 46-50: 0 candidate symbols
[2025-11-09T09:14:36.295Z] [2025-11-09T09:14:36.296Z] [INDEXING-ORCHESTRATOR] [DEBUG] ✅ Chunk symbols after filtering: 0 symbols - 
[2025-11-09T09:14:36.295Z] [2025-11-09T09:14:36.296Z] [INDEXING-ORCHESTRATOR] [DEBUG] 📍 Chunk 59-63: 0 candidate symbols
[2025-11-09T09:14:36.295Z] [2025-11-09T09:14:36.296Z] [INDEXING-ORCHESTRATOR] [DEBUG] ✅ Chunk symbols after filtering: 0 symbols - 
[2025-11-09T09:14:36.295Z] [2025-11-09T09:14:36.296Z] [INDEXING-ORCHESTRATOR] [DEBUG] 📍 Chunk 72-76: 0 candidate symbols
[2025-11-09T09:14:36.295Z] [2025-11-09T09:14:36.296Z] [INDEXING-ORCHESTRATOR] [DEBUG] ✅ Chunk symbols after filtering: 0 symbols - 
[2025-11-09T09:14:36.295Z] [2025-11-09T09:14:36.296Z] [INDEXING-ORCHESTRATOR] [DEBUG] 📍 Chunk 85-89: 0 candidate symbols
[2025-11-09T09:14:36.295Z] [2025-11-09T09:14:36.296Z] [INDEXING-ORCHESTRATOR] [DEBUG] ✅ Chunk symbols after filtering: 0 symbols - 
[2025-11-09T09:14:36.295Z] [2025-11-09T09:14:36.296Z] [INDEXING-ORCHESTRATOR] [DEBUG] 📍 Chunk 101-102: 0 candidate symbols
[2025-11-09T09:14:36.295Z] [2025-11-09T09:14:36.296Z] [INDEXING-ORCHESTRATOR] [DEBUG] ✅ Chunk symbols after filtering: 0 symbols - 
[2025-11-09T09:14:36.295Z] [2025-11-09T09:14:36.296Z] [INDEXING-ORCHESTRATOR] [DEBUG] 📍 Chunk 103-117: 0 candidate symbols
[2025-11-09T09:14:36.295Z] [2025-11-09T09:14:36.296Z] [INDEXING-ORCHESTRATOR] [DEBUG] ✅ Chunk symbols after filtering: 0 symbols - 
[2025-11-09T09:14:36.295Z] [2025-11-09T09:14:36.296Z] [INDEXING-ORCHESTRATOR] [DEBUG] Created 9 semantic chunks for C:\Projects\educatedplanet\admin\src\components\ui\table.tsx
[2025-11-09T09:14:36.295Z] [2025-11-09T09:14:36.296Z] [INDEXING-ORCHESTRATOR] [DEBUG] Average chunk size: 113 characters
[2025-11-09T09:14:36.300Z] [2025-11-09T09:14:36.301Z] [TREESITTER-CHUNKER] [INFO] Created 3 semantic chunks from C:\Projects\educatedplanet\admin\src\components\ui\toggle-group.tsx
[2025-11-09T09:14:36.309Z] [2025-11-09T09:14:36.310Z] [TREESITTER-FULL] [INFO] Extracted 2 symbols from C:\Projects\educatedplanet\admin\src\components\ui\toggle-group.tsx
[2025-11-09T09:14:36.309Z] [2025-11-09T09:14:36.310Z] [INDEXING-ORCHESTRATOR] [DEBUG] 🔍 Symbol extraction for C:\Projects\educatedplanet\admin\src\components\ui\toggle-group.tsx: 2 symbols, 5 imports
[2025-11-09T09:14:36.309Z] [2025-11-09T09:14:36.310Z] [INDEXING-ORCHESTRATOR] [DEBUG] 📍 Chunk 20-66: 1 candidate symbols
[2025-11-09T09:14:36.309Z] [2025-11-09T09:14:36.310Z] [INDEXING-ORCHESTRATOR] [DEBUG] ✅ Chunk symbols after filtering: 1 symbols - ToggleGroup
[2025-11-09T09:14:36.309Z] [2025-11-09T09:14:36.310Z] [INDEXING-ORCHESTRATOR] [DEBUG] 📍 Chunk 67-76: 0 candidate symbols
[2025-11-09T09:14:36.309Z] [2025-11-09T09:14:36.310Z] [INDEXING-ORCHESTRATOR] [DEBUG] ✅ Chunk symbols after filtering: 0 symbols - 
[2025-11-09T09:14:36.309Z] [2025-11-09T09:14:36.310Z] [INDEXING-ORCHESTRATOR] [DEBUG] 📍 Chunk 77-84: 0 candidate symbols
[2025-11-09T09:14:36.309Z] [2025-11-09T09:14:36.310Z] [INDEXING-ORCHESTRATOR] [DEBUG] ✅ Chunk symbols after filtering: 0 symbols - 
[2025-11-09T09:14:36.309Z] [2025-11-09T09:14:36.310Z] [INDEXING-ORCHESTRATOR] [DEBUG] Created 3 semantic chunks for C:\Projects\educatedplanet\admin\src\components\ui\toggle-group.tsx
[2025-11-09T09:14:36.309Z] [2025-11-09T09:14:36.310Z] [INDEXING-ORCHESTRATOR] [DEBUG] Average chunk size: 636 characters
[2025-11-09T09:14:36.311Z] [2025-11-09T09:14:36.312Z] [TREESITTER-CHUNKER] [INFO] Created 1 semantic chunks from C:\Projects\educatedplanet\admin\src\components\ui\toggle.tsx
[2025-11-09T09:14:36.315Z] [2025-11-09T09:14:36.316Z] [TREESITTER-FULL] [INFO] Extracted 1 symbols from C:\Projects\educatedplanet\admin\src\components\ui\toggle.tsx
[2025-11-09T09:14:36.315Z] [2025-11-09T09:14:36.316Z] [INDEXING-ORCHESTRATOR] [DEBUG] 🔍 Symbol extraction for C:\Projects\educatedplanet\admin\src\components\ui\toggle.tsx: 1 symbols, 4 imports
[2025-11-09T09:14:36.315Z] [2025-11-09T09:14:36.316Z] [INDEXING-ORCHESTRATOR] [DEBUG] 📍 Chunk 1-48: 1 candidate symbols
[2025-11-09T09:14:36.315Z] [2025-11-09T09:14:36.316Z] [INDEXING-ORCHESTRATOR] [DEBUG] ✅ Chunk symbols after filtering: 1 symbols - toggleVariants
[2025-11-09T09:14:36.315Z] [2025-11-09T09:14:36.316Z] [INDEXING-ORCHESTRATOR] [DEBUG] Created 1 semantic chunks for C:\Projects\educatedplanet\admin\src\components\ui\toggle.tsx
[2025-11-09T09:14:36.315Z] [2025-11-09T09:14:36.316Z] [INDEXING-ORCHESTRATOR] [DEBUG] Average chunk size: 1610 characters
[2025-11-09T09:14:36.316Z] [2025-11-09T09:14:36.317Z] [TREESITTER-CHUNKER] [INFO] Created 1 semantic chunks from C:\Projects\educatedplanet\admin\src\config\app-config.ts
[2025-11-09T09:14:36.317Z] [2025-11-09T09:14:36.318Z] [TREESITTER-FULL] [INFO] Extracted 2 symbols from C:\Projects\educatedplanet\admin\src\config\app-config.ts
[2025-11-09T09:14:36.317Z] [2025-11-09T09:14:36.318Z] [INDEXING-ORCHESTRATOR] [DEBUG] 🔍 Symbol extraction for C:\Projects\educatedplanet\admin\src\config\app-config.ts: 2 symbols, 1 imports
[2025-11-09T09:14:36.317Z] [2025-11-09T09:14:36.318Z] [INDEXING-ORCHESTRATOR] [DEBUG] 📍 Chunk 1-15: 2 candidate symbols
[2025-11-09T09:14:36.317Z] [2025-11-09T09:14:36.318Z] [INDEXING-ORCHESTRATOR] [DEBUG] ✅ Chunk symbols after filtering: 2 symbols - currentYear, APP_CONFIG
[2025-11-09T09:14:36.317Z] [2025-11-09T09:14:36.318Z] [INDEXING-ORCHESTRATOR] [DEBUG] Created 1 semantic chunks for C:\Projects\educatedplanet\admin\src\config\app-config.ts
[2025-11-09T09:14:36.317Z] [2025-11-09T09:14:36.318Z] [INDEXING-ORCHESTRATOR] [DEBUG] Average chunk size: 570 characters
[2025-11-09T09:14:36.322Z] [2025-11-09T09:14:36.323Z] [TREESITTER-CHUNKER] [INFO] Created 1 semantic chunks from C:\Projects\educatedplanet\admin\src\data\tutors.ts
[2025-11-09T09:14:36.331Z] [2025-11-09T09:14:36.333Z] [TREESITTER-FULL] [INFO] Extracted 2 symbols from C:\Projects\educatedplanet\admin\src\data\tutors.ts
[2025-11-09T09:14:36.331Z] [2025-11-09T09:14:36.333Z] [INDEXING-ORCHESTRATOR] [DEBUG] 🔍 Symbol extraction for C:\Projects\educatedplanet\admin\src\data\tutors.ts: 2 symbols, 1 imports
[2025-11-09T09:14:36.331Z] [2025-11-09T09:14:36.333Z] [INDEXING-ORCHESTRATOR] [DEBUG] 📍 Chunk 1-118: 2 candidate symbols
[2025-11-09T09:14:36.331Z] [2025-11-09T09:14:36.333Z] [INDEXING-ORCHESTRATOR] [DEBUG] ✅ Chunk symbols after filtering: 2 symbols - tutors, reviews
[2025-11-09T09:14:36.332Z] [2025-11-09T09:14:36.333Z] [INDEXING-ORCHESTRATOR] [DEBUG] Created 1 semantic chunks for C:\Projects\educatedplanet\admin\src\data\tutors.ts
[2025-11-09T09:14:36.332Z] [2025-11-09T09:14:36.333Z] [INDEXING-ORCHESTRATOR] [DEBUG] Average chunk size: 2966 characters
[2025-11-09T09:14:36.338Z] [2025-11-09T09:14:36.340Z] [TREESITTER-CHUNKER] [INFO] Created 3 semantic chunks from C:\Projects\educatedplanet\admin\src\components\ui\tooltip.tsx
[2025-11-09T09:14:36.346Z] [2025-11-09T09:14:36.347Z] [TREESITTER-FULL] [INFO] Extracted 2 symbols from C:\Projects\educatedplanet\admin\src\components\ui\tooltip.tsx
[2025-11-09T09:14:36.346Z] [2025-11-09T09:14:36.347Z] [INDEXING-ORCHESTRATOR] [DEBUG] 🔍 Symbol extraction for C:\Projects\educatedplanet\admin\src\components\ui\tooltip.tsx: 2 symbols, 3 imports
[2025-11-09T09:14:36.346Z] [2025-11-09T09:14:36.347Z] [INDEXING-ORCHESTRATOR] [DEBUG] 📍 Chunk 8-29: 2 candidate symbols
[2025-11-09T09:14:36.346Z] [2025-11-09T09:14:36.347Z] [INDEXING-ORCHESTRATOR] [DEBUG] ✅ Chunk symbols after filtering: 2 symbols - TooltipProvider, Tooltip
[2025-11-09T09:14:36.346Z] [2025-11-09T09:14:36.347Z] [INDEXING-ORCHESTRATOR] [DEBUG] 📍 Chunk 37-59: 0 candidate symbols
[2025-11-09T09:14:36.346Z] [2025-11-09T09:14:36.347Z] [INDEXING-ORCHESTRATOR] [DEBUG] ✅ Chunk symbols after filtering: 0 symbols - 
[2025-11-09T09:14:36.346Z] [2025-11-09T09:14:36.347Z] [INDEXING-ORCHESTRATOR] [DEBUG] 📍 Chunk 60-62: 0 candidate symbols
[2025-11-09T09:14:36.346Z] [2025-11-09T09:14:36.347Z] [INDEXING-ORCHESTRATOR] [DEBUG] ✅ Chunk symbols after filtering: 0 symbols - 
[2025-11-09T09:14:36.346Z] [2025-11-09T09:14:36.347Z] [INDEXING-ORCHESTRATOR] [DEBUG] Created 3 semantic chunks for C:\Projects\educatedplanet\admin\src\components\ui\tooltip.tsx
[2025-11-09T09:14:36.346Z] [2025-11-09T09:14:36.347Z] [INDEXING-ORCHESTRATOR] [DEBUG] Average chunk size: 538 characters
[2025-11-09T09:14:36.348Z] [2025-11-09T09:14:36.349Z] [TREESITTER-CHUNKER] [INFO] Created 1 semantic chunks from C:\Projects\educatedplanet\admin\src\data\users.ts
[2025-11-09T09:14:36.350Z] [2025-11-09T09:14:36.351Z] [TREESITTER-FULL] [INFO] Extracted 2 symbols from C:\Projects\educatedplanet\admin\src\data\users.ts
[2025-11-09T09:14:36.350Z] [2025-11-09T09:14:36.351Z] [INDEXING-ORCHESTRATOR] [DEBUG] 🔍 Symbol extraction for C:\Projects\educatedplanet\admin\src\data\users.ts: 2 symbols, 1 imports
[2025-11-09T09:14:36.350Z] [2025-11-09T09:14:36.351Z] [INDEXING-ORCHESTRATOR] [DEBUG] 📍 Chunk 1-29: 2 candidate symbols
[2025-11-09T09:14:36.350Z] [2025-11-09T09:14:36.351Z] [INDEXING-ORCHESTRATOR] [DEBUG] ✅ Chunk symbols after filtering: 2 symbols - users, rootUser
[2025-11-09T09:14:36.350Z] [2025-11-09T09:14:36.351Z] [INDEXING-ORCHESTRATOR] [DEBUG] Created 1 semantic chunks for C:\Projects\educatedplanet\admin\src\data\users.ts
[2025-11-09T09:14:36.350Z] [2025-11-09T09:14:36.351Z] [INDEXING-ORCHESTRATOR] [DEBUG] Average chunk size: 711 characters
[2025-11-09T09:14:36.350Z] [2025-11-09T09:14:36.351Z] [INDEXING-ORCHESTRATOR] [DEBUG] 📊 Processed: 140/259 files
[2025-11-09T09:14:36.355Z] [2025-11-09T09:14:36.357Z] [TREESITTER-CHUNKER] [INFO] Created 1 semantic chunks from C:\Projects\educatedplanet\admin\src\hooks\api\index.ts
[2025-11-09T09:14:36.356Z] [2025-11-09T09:14:36.358Z] [TREESITTER-FULL] [INFO] Extracted 0 symbols from C:\Projects\educatedplanet\admin\src\hooks\api\index.ts
[2025-11-09T09:14:36.356Z] [2025-11-09T09:14:36.358Z] [INDEXING-ORCHESTRATOR] [DEBUG] 🔍 Symbol extraction for C:\Projects\educatedplanet\admin\src\hooks\api\index.ts: 0 symbols, 0 imports
[2025-11-09T09:14:36.356Z] [2025-11-09T09:14:36.358Z] [INDEXING-ORCHESTRATOR] [DEBUG] 📍 Chunk 1-49: 0 candidate symbols
[2025-11-09T09:14:36.356Z] [2025-11-09T09:14:36.358Z] [INDEXING-ORCHESTRATOR] [DEBUG] ✅ Chunk symbols after filtering: 0 symbols - 
[2025-11-09T09:14:36.356Z] [2025-11-09T09:14:36.358Z] [INDEXING-ORCHESTRATOR] [DEBUG] Created 1 semantic chunks for C:\Projects\educatedplanet\admin\src\hooks\api\index.ts
[2025-11-09T09:14:36.357Z] [2025-11-09T09:14:36.358Z] [INDEXING-ORCHESTRATOR] [DEBUG] Average chunk size: 747 characters
[2025-11-09T09:14:36.365Z] [2025-11-09T09:14:36.367Z] [TREESITTER-CHUNKER] [INFO] Created 1 semantic chunks from C:\Projects\educatedplanet\admin\src\hooks\api\use-reviews.ts
[2025-11-09T09:14:36.394Z] [2025-11-09T09:14:36.395Z] [TREESITTER-FULL] [INFO] Extracted 8 symbols from C:\Projects\educatedplanet\admin\src\hooks\api\use-reviews.ts
[2025-11-09T09:14:36.394Z] [2025-11-09T09:14:36.395Z] [INDEXING-ORCHESTRATOR] [DEBUG] 🔍 Symbol extraction for C:\Projects\educatedplanet\admin\src\hooks\api\use-reviews.ts: 8 symbols, 3 imports
[2025-11-09T09:14:36.394Z] [2025-11-09T09:14:36.395Z] [INDEXING-ORCHESTRATOR] [DEBUG] 📍 Chunk 1-149: 8 candidate symbols
[2025-11-09T09:14:36.394Z] [2025-11-09T09:14:36.395Z] [INDEXING-ORCHESTRATOR] [DEBUG] ✅ Chunk symbols after filtering: 8 symbols - reviewKeys, useReviews, useReview, useReviewStats, useCreateReview, useUpdateReview, useDeleteReview, useBulkDeleteReviews
[2025-11-09T09:14:36.394Z] [2025-11-09T09:14:36.395Z] [INDEXING-ORCHESTRATOR] [DEBUG] Created 1 semantic chunks for C:\Projects\educatedplanet\admin\src\hooks\api\use-reviews.ts
[2025-11-09T09:14:36.394Z] [2025-11-09T09:14:36.396Z] [INDEXING-ORCHESTRATOR] [DEBUG] Average chunk size: 4631 characters
[2025-11-09T09:14:36.397Z] [2025-11-09T09:14:36.399Z] [TREESITTER-CHUNKER] [INFO] Created 1 semantic chunks from C:\Projects\educatedplanet\admin\src\hooks\api\use-dashboard.ts
[2025-11-09T09:14:36.404Z] [2025-11-09T09:14:36.405Z] [TREESITTER-FULL] [INFO] Extracted 4 symbols from C:\Projects\educatedplanet\admin\src\hooks\api\use-dashboard.ts
[2025-11-09T09:14:36.404Z] [2025-11-09T09:14:36.406Z] [INDEXING-ORCHESTRATOR] [DEBUG] 🔍 Symbol extraction for C:\Projects\educatedplanet\admin\src\hooks\api\use-dashboard.ts: 4 symbols, 2 imports
[2025-11-09T09:14:36.404Z] [2025-11-09T09:14:36.406Z] [INDEXING-ORCHESTRATOR] [DEBUG] 📍 Chunk 1-49: 4 candidate symbols
[2025-11-09T09:14:36.404Z] [2025-11-09T09:14:36.406Z] [INDEXING-ORCHESTRATOR] [DEBUG] ✅ Chunk symbols after filtering: 4 symbols - dashboardKeys, useDashboardOverview, useRecentActivities, useRefreshDashboard
[2025-11-09T09:14:36.404Z] [2025-11-09T09:14:36.406Z] [INDEXING-ORCHESTRATOR] [DEBUG] Created 1 semantic chunks for C:\Projects\educatedplanet\admin\src\hooks\api\use-dashboard.ts
[2025-11-09T09:14:36.404Z] [2025-11-09T09:14:36.406Z] [INDEXING-ORCHESTRATOR] [DEBUG] Average chunk size: 1506 characters
[2025-11-09T09:14:36.416Z] [2025-11-09T09:14:36.417Z] [TREESITTER-CHUNKER] [INFO] Created 1 semantic chunks from C:\Projects\educatedplanet\admin\src\hooks\api\use-tutors.ts
[2025-11-09T09:14:36.460Z] [2025-11-09T09:14:36.461Z] [TREESITTER-FULL] [INFO] Extracted 10 symbols from C:\Projects\educatedplanet\admin\src\hooks\api\use-tutors.ts
[2025-11-09T09:14:36.460Z] [2025-11-09T09:14:36.461Z] [INDEXING-ORCHESTRATOR] [DEBUG] 🔍 Symbol extraction for C:\Projects\educatedplanet\admin\src\hooks\api\use-tutors.ts: 10 symbols, 3 imports
[2025-11-09T09:14:36.460Z] [2025-11-09T09:14:36.461Z] [INDEXING-ORCHESTRATOR] [DEBUG] 📍 Chunk 1-197: 10 candidate symbols
[2025-11-09T09:14:36.460Z] [2025-11-09T09:14:36.461Z] [INDEXING-ORCHESTRATOR] [DEBUG] ✅ Chunk symbols after filtering: 10 symbols - tutorKeys, useTutors, useTutor, useTutorStats, useCreateTutor, useUpdateTutor, useDeleteTutor, useVerifyTutor, useBulkDeleteTutors, useBulkVerifyTutors
[2025-11-09T09:14:36.460Z] [2025-11-09T09:14:36.461Z] [INDEXING-ORCHESTRATOR] [DEBUG] Created 1 semantic chunks for C:\Projects\educatedplanet\admin\src\hooks\api\use-tutors.ts
[2025-11-09T09:14:36.460Z] [2025-11-09T09:14:36.461Z] [INDEXING-ORCHESTRATOR] [DEBUG] Average chunk size: 6211 characters
[2025-11-09T09:14:36.468Z] [2025-11-09T09:14:36.469Z] [TREESITTER-CHUNKER] [INFO] Created 1 semantic chunks from C:\Projects\educatedplanet\admin\src\hooks\api\use-users.ts
[2025-11-09T09:14:36.497Z] [2025-11-09T09:14:36.498Z] [TREESITTER-FULL] [INFO] Extracted 8 symbols from C:\Projects\educatedplanet\admin\src\hooks\api\use-users.ts
[2025-11-09T09:14:36.497Z] [2025-11-09T09:14:36.498Z] [INDEXING-ORCHESTRATOR] [DEBUG] 🔍 Symbol extraction for C:\Projects\educatedplanet\admin\src\hooks\api\use-users.ts: 8 symbols, 3 imports
[2025-11-09T09:14:36.497Z] [2025-11-09T09:14:36.498Z] [INDEXING-ORCHESTRATOR] [DEBUG] 📍 Chunk 1-149: 8 candidate symbols
[2025-11-09T09:14:36.497Z] [2025-11-09T09:14:36.498Z] [INDEXING-ORCHESTRATOR] [DEBUG] ✅ Chunk symbols after filtering: 8 symbols - userKeys, useUsers, useUser, useUserStats, useCreateUser, useUpdateUser, useDeleteUser, useBulkDeleteUsers
[2025-11-09T09:14:36.497Z] [2025-11-09T09:14:36.498Z] [INDEXING-ORCHESTRATOR] [DEBUG] Created 1 semantic chunks for C:\Projects\educatedplanet\admin\src\hooks\api\use-users.ts
[2025-11-09T09:14:36.497Z] [2025-11-09T09:14:36.498Z] [INDEXING-ORCHESTRATOR] [DEBUG] Average chunk size: 4481 characters
[2025-11-09T09:14:36.500Z] [2025-11-09T09:14:36.502Z] [TREESITTER-CHUNKER] [INFO] Created 2 semantic chunks from C:\Projects\educatedplanet\admin\src\hooks\use-data-table-instance.ts
[2025-11-09T09:14:36.507Z] [2025-11-09T09:14:36.508Z] [TREESITTER-FULL] [INFO] Extracted 2 symbols from C:\Projects\educatedplanet\admin\src\hooks\use-data-table-instance.ts
[2025-11-09T09:14:36.507Z] [2025-11-09T09:14:36.508Z] [INDEXING-ORCHESTRATOR] [DEBUG] 🔍 Symbol extraction for C:\Projects\educatedplanet\admin\src\hooks\use-data-table-instance.ts: 2 symbols, 2 imports
[2025-11-09T09:14:36.507Z] [2025-11-09T09:14:36.508Z] [INDEXING-ORCHESTRATOR] [DEBUG] 📍 Chunk 17-25: 1 candidate symbols
[2025-11-09T09:14:36.507Z] [2025-11-09T09:14:36.508Z] [INDEXING-ORCHESTRATOR] [DEBUG] ✅ Chunk symbols after filtering: 1 symbols - UseDataTableInstanceProps
[2025-11-09T09:14:36.507Z] [2025-11-09T09:14:36.508Z] [INDEXING-ORCHESTRATOR] [DEBUG] 📍 Chunk 27-71: 1 candidate symbols
[2025-11-09T09:14:36.507Z] [2025-11-09T09:14:36.508Z] [INDEXING-ORCHESTRATOR] [DEBUG] ✅ Chunk symbols after filtering: 1 symbols - useDataTableInstance
[2025-11-09T09:14:36.507Z] [2025-11-09T09:14:36.508Z] [INDEXING-ORCHESTRATOR] [DEBUG] Created 2 semantic chunks for C:\Projects\educatedplanet\admin\src\hooks\use-data-table-instance.ts
[2025-11-09T09:14:36.507Z] [2025-11-09T09:14:36.508Z] [INDEXING-ORCHESTRATOR] [DEBUG] Average chunk size: 890 characters
[2025-11-09T09:14:36.508Z] [2025-11-09T09:14:36.510Z] [TREESITTER-CHUNKER] [INFO] Created 1 semantic chunks from C:\Projects\educatedplanet\admin\src\hooks\use-mobile.ts
[2025-11-09T09:14:36.511Z] [2025-11-09T09:14:36.513Z] [TREESITTER-FULL] [INFO] Extracted 1 symbols from C:\Projects\educatedplanet\admin\src\hooks\use-mobile.ts
[2025-11-09T09:14:36.511Z] [2025-11-09T09:14:36.513Z] [INDEXING-ORCHESTRATOR] [DEBUG] 🔍 Symbol extraction for C:\Projects\educatedplanet\admin\src\hooks\use-mobile.ts: 1 symbols, 1 imports
[2025-11-09T09:14:36.511Z] [2025-11-09T09:14:36.513Z] [INDEXING-ORCHESTRATOR] [DEBUG] 📍 Chunk 5-19: 1 candidate symbols
[2025-11-09T09:14:36.511Z] [2025-11-09T09:14:36.513Z] [INDEXING-ORCHESTRATOR] [DEBUG] ✅ Chunk symbols after filtering: 1 symbols - useIsMobile
[2025-11-09T09:14:36.511Z] [2025-11-09T09:14:36.513Z] [INDEXING-ORCHESTRATOR] [DEBUG] Created 1 semantic chunks for C:\Projects\educatedplanet\admin\src\hooks\use-mobile.ts
[2025-11-09T09:14:36.512Z] [2025-11-09T09:14:36.513Z] [INDEXING-ORCHESTRATOR] [DEBUG] Average chunk size: 517 characters
[2025-11-09T09:14:36.513Z] [2025-11-09T09:14:36.514Z] [TREESITTER-CHUNKER] [INFO] Created 1 semantic chunks from C:\Projects\educatedplanet\admin\src\hooks\use-navigation-loading.ts
[2025-11-09T09:14:36.519Z] [2025-11-09T09:14:36.520Z] [TREESITTER-FULL] [INFO] Extracted 1 symbols from C:\Projects\educatedplanet\admin\src\hooks\use-navigation-loading.ts
[2025-11-09T09:14:36.519Z] [2025-11-09T09:14:36.520Z] [INDEXING-ORCHESTRATOR] [DEBUG] 🔍 Symbol extraction for C:\Projects\educatedplanet\admin\src\hooks\use-navigation-loading.ts: 1 symbols, 3 imports
[2025-11-09T09:14:36.519Z] [2025-11-09T09:14:36.520Z] [INDEXING-ORCHESTRATOR] [DEBUG] 📍 Chunk 7-40: 1 candidate symbols
[2025-11-09T09:14:36.519Z] [2025-11-09T09:14:36.520Z] [INDEXING-ORCHESTRATOR] [DEBUG] ✅ Chunk symbols after filtering: 1 symbols - useNavigationLoading
[2025-11-09T09:14:36.519Z] [2025-11-09T09:14:36.520Z] [INDEXING-ORCHESTRATOR] [DEBUG] Created 1 semantic chunks for C:\Projects\educatedplanet\admin\src\hooks\use-navigation-loading.ts
[2025-11-09T09:14:36.519Z] [2025-11-09T09:14:36.520Z] [INDEXING-ORCHESTRATOR] [DEBUG] Average chunk size: 816 characters
[2025-11-09T09:14:36.529Z] [2025-11-09T09:14:36.530Z] [TREESITTER-CHUNKER] [INFO] Created 4 semantic chunks from C:\Projects\educatedplanet\admin\src\lib\auth-client.tsx
[2025-11-09T09:14:36.557Z] [2025-11-09T09:14:36.558Z] [TREESITTER-FULL] [INFO] Extracted 11 symbols from C:\Projects\educatedplanet\admin\src\lib\auth-client.tsx
[2025-11-09T09:14:36.557Z] [2025-11-09T09:14:36.558Z] [INDEXING-ORCHESTRATOR] [DEBUG] 🔍 Symbol extraction for C:\Projects\educatedplanet\admin\src\lib\auth-client.tsx: 11 symbols, 3 imports
[2025-11-09T09:14:36.557Z] [2025-11-09T09:14:36.558Z] [INDEXING-ORCHESTRATOR] [DEBUG] 📍 Chunk 8-45: 5 candidate symbols
[2025-11-09T09:14:36.557Z] [2025-11-09T09:14:36.558Z] [INDEXING-ORCHESTRATOR] [DEBUG] ✅ Chunk symbols after filtering: 5 symbols - User, Session, SignInResponse, SessionResponse, AuthContextType
[2025-11-09T09:14:36.557Z] [2025-11-09T09:14:36.558Z] [INDEXING-ORCHESTRATOR] [DEBUG] 📍 Chunk 50-168: 1 candidate symbols
[2025-11-09T09:14:36.557Z] [2025-11-09T09:14:36.558Z] [INDEXING-ORCHESTRATOR] [DEBUG] ✅ Chunk symbols after filtering: 1 symbols - AuthProvider
[2025-11-09T09:14:36.557Z] [2025-11-09T09:14:36.558Z] [INDEXING-ORCHESTRATOR] [DEBUG] 📍 Chunk 171-177: 1 candidate symbols
[2025-11-09T09:14:36.557Z] [2025-11-09T09:14:36.558Z] [INDEXING-ORCHESTRATOR] [DEBUG] ✅ Chunk symbols after filtering: 1 symbols - useAuth
[2025-11-09T09:14:36.557Z] [2025-11-09T09:14:36.558Z] [INDEXING-ORCHESTRATOR] [DEBUG] 📍 Chunk 178-222: 3 candidate symbols
[2025-11-09T09:14:36.557Z] [2025-11-09T09:14:36.558Z] [INDEXING-ORCHESTRATOR] [DEBUG] ✅ Chunk symbols after filtering: 3 symbols - signIn, signOut, getSession
[2025-11-09T09:14:36.557Z] [2025-11-09T09:14:36.558Z] [INDEXING-ORCHESTRATOR] [DEBUG] Created 4 semantic chunks for C:\Projects\educatedplanet\admin\src\lib\auth-client.tsx
[2025-11-09T09:14:36.557Z] [2025-11-09T09:14:36.558Z] [INDEXING-ORCHESTRATOR] [DEBUG] Average chunk size: 1326 characters
[2025-11-09T09:14:36.573Z] [2025-11-09T09:14:36.574Z] [TREESITTER-CHUNKER] [INFO] Created 1 semantic chunks from C:\Projects\educatedplanet\admin\src\lib\api.ts
[2025-11-09T09:14:36.625Z] [2025-11-09T09:14:36.626Z] [TREESITTER-FULL] [INFO] Extracted 11 symbols from C:\Projects\educatedplanet\admin\src\lib\api.ts
[2025-11-09T09:14:36.625Z] [2025-11-09T09:14:36.626Z] [INDEXING-ORCHESTRATOR] [DEBUG] 🔍 Symbol extraction for C:\Projects\educatedplanet\admin\src\lib\api.ts: 11 symbols, 2 imports
[2025-11-09T09:14:36.625Z] [2025-11-09T09:14:36.626Z] [INDEXING-ORCHESTRATOR] [DEBUG] 📍 Chunk 1-397: 11 candidate symbols
[2025-11-09T09:14:36.625Z] [2025-11-09T09:14:36.626Z] [INDEXING-ORCHESTRATOR] [DEBUG] ✅ Chunk symbols after filtering: 11 symbols - userService, tutorService, reviewService, transformUserSearchResult, transformTutorSearchResult, transformReviewSearchResult, userApi, tutorApi, reviewApi, dashboardApi, api
[2025-11-09T09:14:36.625Z] [2025-11-09T09:14:36.626Z] [INDEXING-ORCHESTRATOR] [DEBUG] Created 1 semantic chunks for C:\Projects\educatedplanet\admin\src\lib\api.ts
[2025-11-09T09:14:36.625Z] [2025-11-09T09:14:36.626Z] [INDEXING-ORCHESTRATOR] [DEBUG] Average chunk size: 10532 characters
[2025-11-09T09:14:36.625Z] [2025-11-09T09:14:36.626Z] [INDEXING-ORCHESTRATOR] [DEBUG] 📊 Processed: 150/259 files
[2025-11-09T09:14:36.643Z] [2025-11-09T09:14:36.644Z] [TREESITTER-CHUNKER] [INFO] Created 1 semantic chunks from C:\Projects\educatedplanet\admin\src\lib\auth-custom.ts
[2025-11-09T09:14:36.651Z] [2025-11-09T09:14:36.652Z] [TREESITTER-FULL] [INFO] Extracted 5 symbols from C:\Projects\educatedplanet\admin\src\lib\auth-custom.ts
[2025-11-09T09:14:36.651Z] [2025-11-09T09:14:36.652Z] [INDEXING-ORCHESTRATOR] [DEBUG] 🔍 Symbol extraction for C:\Projects\educatedplanet\admin\src\lib\auth-custom.ts: 5 symbols, 4 imports
[2025-11-09T09:14:36.651Z] [2025-11-09T09:14:36.652Z] [INDEXING-ORCHESTRATOR] [DEBUG] 📍 Chunk 1-93: 5 candidate symbols
[2025-11-09T09:14:36.651Z] [2025-11-09T09:14:36.652Z] [INDEXING-ORCHESTRATOR] [DEBUG] ✅ Chunk symbols after filtering: 5 symbols - client, db, customPasswordHash, authConfig, authConfig
[2025-11-09T09:14:36.651Z] [2025-11-09T09:14:36.652Z] [INDEXING-ORCHESTRATOR] [DEBUG] Created 1 semantic chunks for C:\Projects\educatedplanet\admin\src\lib\auth-custom.ts
[2025-11-09T09:14:36.651Z] [2025-11-09T09:14:36.652Z] [INDEXING-ORCHESTRATOR] [DEBUG] Average chunk size: 2589 characters
[2025-11-09T09:14:36.654Z] [2025-11-09T09:14:36.655Z] [TREESITTER-CHUNKER] [INFO] Created 1 semantic chunks from C:\Projects\educatedplanet\admin\src\lib\auth-simple.ts
[2025-11-09T09:14:36.660Z] [2025-11-09T09:14:36.661Z] [TREESITTER-FULL] [INFO] Extracted 5 symbols from C:\Projects\educatedplanet\admin\src\lib\auth-simple.ts
[2025-11-09T09:14:36.660Z] [2025-11-09T09:14:36.661Z] [INDEXING-ORCHESTRATOR] [DEBUG] 🔍 Symbol extraction for C:\Projects\educatedplanet\admin\src\lib\auth-simple.ts: 5 symbols, 4 imports
[2025-11-09T09:14:36.660Z] [2025-11-09T09:14:36.661Z] [INDEXING-ORCHESTRATOR] [DEBUG] 📍 Chunk 1-68: 5 candidate symbols
[2025-11-09T09:14:36.660Z] [2025-11-09T09:14:36.661Z] [INDEXING-ORCHESTRATOR] [DEBUG] ✅ Chunk symbols after filtering: 5 symbols - client, db, adapter, authConfig, authConfig
[2025-11-09T09:14:36.660Z] [2025-11-09T09:14:36.661Z] [INDEXING-ORCHESTRATOR] [DEBUG] Created 1 semantic chunks for C:\Projects\educatedplanet\admin\src\lib\auth-simple.ts
[2025-11-09T09:14:36.660Z] [2025-11-09T09:14:36.661Z] [INDEXING-ORCHESTRATOR] [DEBUG] Average chunk size: 1979 characters
[2025-11-09T09:14:36.661Z] [2025-11-09T09:14:36.662Z] [TREESITTER-CHUNKER] [INFO] Created 1 semantic chunks from C:\Projects\educatedplanet\admin\src\lib\layout-utils.ts
[2025-11-09T09:14:36.662Z] [2025-11-09T09:14:36.663Z] [TREESITTER-FULL] [INFO] Extracted 2 symbols from C:\Projects\educatedplanet\admin\src\lib\layout-utils.ts
[2025-11-09T09:14:36.662Z] [2025-11-09T09:14:36.663Z] [INDEXING-ORCHESTRATOR] [DEBUG] 🔍 Symbol extraction for C:\Projects\educatedplanet\admin\src\lib\layout-utils.ts: 2 symbols, 0 imports
[2025-11-09T09:14:36.662Z] [2025-11-09T09:14:36.664Z] [INDEXING-ORCHESTRATOR] [DEBUG] 📍 Chunk 1-13: 2 candidate symbols
[2025-11-09T09:14:36.662Z] [2025-11-09T09:14:36.664Z] [INDEXING-ORCHESTRATOR] [DEBUG] ✅ Chunk symbols after filtering: 2 symbols - updateContentLayout, updateNavbarStyle
[2025-11-09T09:14:36.662Z] [2025-11-09T09:14:36.664Z] [INDEXING-ORCHESTRATOR] [DEBUG] Created 1 semantic chunks for C:\Projects\educatedplanet\admin\src\lib\layout-utils.ts
[2025-11-09T09:14:36.662Z] [2025-11-09T09:14:36.664Z] [INDEXING-ORCHESTRATOR] [DEBUG] Average chunk size: 435 characters
[2025-11-09T09:14:36.666Z] [2025-11-09T09:14:36.667Z] [TREESITTER-CHUNKER] [INFO] Created 3 semantic chunks from C:\Projects\educatedplanet\admin\src\lib\auth-utils.ts
[2025-11-09T09:14:36.672Z] [2025-11-09T09:14:36.673Z] [TREESITTER-FULL] [INFO] Extracted 8 symbols from C:\Projects\educatedplanet\admin\src\lib\auth-utils.ts
[2025-11-09T09:14:36.672Z] [2025-11-09T09:14:36.673Z] [INDEXING-ORCHESTRATOR] [DEBUG] 🔍 Symbol extraction for C:\Projects\educatedplanet\admin\src\lib\auth-utils.ts: 8 symbols, 3 imports
[2025-11-09T09:14:36.672Z] [2025-11-09T09:14:36.673Z] [INDEXING-ORCHESTRATOR] [DEBUG] 📍 Chunk 6-41: 3 candidate symbols
[2025-11-09T09:14:36.672Z] [2025-11-09T09:14:36.673Z] [INDEXING-ORCHESTRATOR] [DEBUG] ✅ Chunk symbols after filtering: 3 symbols - User, Session, getServerSession
[2025-11-09T09:14:36.672Z] [2025-11-09T09:14:36.673Z] [INDEXING-ORCHESTRATOR] [DEBUG] 📍 Chunk 47-100: 5 candidate symbols
[2025-11-09T09:14:36.672Z] [2025-11-09T09:14:36.673Z] [INDEXING-ORCHESTRATOR] [DEBUG] ✅ Chunk symbols after filtering: 5 symbols - requireAuth, requireRole, hasRole, getCurrentUser, isAuthenticated
[2025-11-09T09:14:36.672Z] [2025-11-09T09:14:36.673Z] [INDEXING-ORCHESTRATOR] [DEBUG] 📍 Chunk 101-103: 0 candidate symbols
[2025-11-09T09:14:36.672Z] [2025-11-09T09:14:36.673Z] [INDEXING-ORCHESTRATOR] [DEBUG] ✅ Chunk symbols after filtering: 0 symbols - 
[2025-11-09T09:14:36.672Z] [2025-11-09T09:14:36.673Z] [INDEXING-ORCHESTRATOR] [DEBUG] Created 3 semantic chunks for C:\Projects\educatedplanet\admin\src\lib\auth-utils.ts
[2025-11-09T09:14:36.672Z] [2025-11-09T09:14:36.673Z] [INDEXING-ORCHESTRATOR] [DEBUG] Average chunk size: 645 characters
[2025-11-09T09:14:36.677Z] [2025-11-09T09:14:36.678Z] [TREESITTER-CHUNKER] [INFO] Created 1 semantic chunks from C:\Projects\educatedplanet\admin\src\lib\auth.ts
[2025-11-09T09:14:36.688Z] [2025-11-09T09:14:36.689Z] [TREESITTER-FULL] [INFO] Extracted 5 symbols from C:\Projects\educatedplanet\admin\src\lib\auth.ts
[2025-11-09T09:14:36.688Z] [2025-11-09T09:14:36.689Z] [INDEXING-ORCHESTRATOR] [DEBUG] 🔍 Symbol extraction for C:\Projects\educatedplanet\admin\src\lib\auth.ts: 5 symbols, 4 imports
[2025-11-09T09:14:36.688Z] [2025-11-09T09:14:36.689Z] [INDEXING-ORCHESTRATOR] [DEBUG] 📍 Chunk 1-75: 5 candidate symbols
[2025-11-09T09:14:36.688Z] [2025-11-09T09:14:36.689Z] [INDEXING-ORCHESTRATOR] [DEBUG] ✅ Chunk symbols after filtering: 5 symbols - client, db, customPasswordHash, authConfig, authConfig
[2025-11-09T09:14:36.688Z] [2025-11-09T09:14:36.689Z] [INDEXING-ORCHESTRATOR] [DEBUG] Created 1 semantic chunks for C:\Projects\educatedplanet\admin\src\lib\auth.ts
[2025-11-09T09:14:36.688Z] [2025-11-09T09:14:36.689Z] [INDEXING-ORCHESTRATOR] [DEBUG] Average chunk size: 2027 characters
[2025-11-09T09:14:36.719Z] [2025-11-09T09:14:36.720Z] [TREESITTER-CHUNKER] [INFO] Created 1 semantic chunks from C:\Projects\educatedplanet\admin\src\lib\static-api.ts
[2025-11-09T09:14:36.820Z] [2025-11-09T09:14:36.821Z] [TREESITTER-FULL] [INFO] Extracted 11 symbols from C:\Projects\educatedplanet\admin\src\lib\static-api.ts
[2025-11-09T09:14:36.820Z] [2025-11-09T09:14:36.821Z] [INDEXING-ORCHESTRATOR] [DEBUG] 🔍 Symbol extraction for C:\Projects\educatedplanet\admin\src\lib\static-api.ts: 11 symbols, 3 imports
[2025-11-09T09:14:36.820Z] [2025-11-09T09:14:36.821Z] [INDEXING-ORCHESTRATOR] [DEBUG] 📍 Chunk 1-540: 11 candidate symbols
[2025-11-09T09:14:36.820Z] [2025-11-09T09:14:36.821Z] [INDEXING-ORCHESTRATOR] [DEBUG] ✅ Chunk symbols after filtering: 11 symbols - transformUserSearchResult, transformTutorSearchResult, transformReviewSearchResult, userApi, tutorApi, reviewApi, dashboardApi, api, userService, tutorService, reviewService
[2025-11-09T09:14:36.820Z] [2025-11-09T09:14:36.821Z] [INDEXING-ORCHESTRATOR] [DEBUG] Created 1 semantic chunks for C:\Projects\educatedplanet\admin\src\lib\static-api.ts
[2025-11-09T09:14:36.820Z] [2025-11-09T09:14:36.821Z] [INDEXING-ORCHESTRATOR] [DEBUG] Average chunk size: 16126 characters
[2025-11-09T09:14:36.829Z] [2025-11-09T09:14:36.830Z] [TREESITTER-CHUNKER] [INFO] Created 1 semantic chunks from C:\Projects\educatedplanet\admin\src\lib\seed-database.ts
[2025-11-09T09:14:36.831Z] [2025-11-09T09:14:36.833Z] [TREESITTER-FULL] [INFO] Extracted 1 symbols from C:\Projects\educatedplanet\admin\src\lib\seed-database.ts
[2025-11-09T09:14:36.831Z] [2025-11-09T09:14:36.833Z] [INDEXING-ORCHESTRATOR] [DEBUG] 🔍 Symbol extraction for C:\Projects\educatedplanet\admin\src\lib\seed-database.ts: 1 symbols, 1 imports
[2025-11-09T09:14:36.831Z] [2025-11-09T09:14:36.833Z] [INDEXING-ORCHESTRATOR] [DEBUG] 📍 Chunk 5-28: 1 candidate symbols
[2025-11-09T09:14:36.831Z] [2025-11-09T09:14:36.833Z] [INDEXING-ORCHESTRATOR] [DEBUG] ✅ Chunk symbols after filtering: 1 symbols - seedDatabase
[2025-11-09T09:14:36.832Z] [2025-11-09T09:14:36.833Z] [INDEXING-ORCHESTRATOR] [DEBUG] Created 1 semantic chunks for C:\Projects\educatedplanet\admin\src\lib\seed-database.ts
[2025-11-09T09:14:36.832Z] [2025-11-09T09:14:36.833Z] [INDEXING-ORCHESTRATOR] [DEBUG] Average chunk size: 661 characters
[2025-11-09T09:14:36.834Z] [2025-11-09T09:14:36.835Z] [TREESITTER-CHUNKER] [INFO] Created 2 semantic chunks from C:\Projects\educatedplanet\admin\src\lib\utils.ts
[2025-11-09T09:14:36.839Z] [2025-11-09T09:14:36.841Z] [TREESITTER-FULL] [INFO] Extracted 3 symbols from C:\Projects\educatedplanet\admin\src\lib\utils.ts
[2025-11-09T09:14:36.839Z] [2025-11-09T09:14:36.841Z] [INDEXING-ORCHESTRATOR] [DEBUG] 🔍 Symbol extraction for C:\Projects\educatedplanet\admin\src\lib\utils.ts: 3 symbols, 2 imports
[2025-11-09T09:14:36.839Z] [2025-11-09T09:14:36.841Z] [INDEXING-ORCHESTRATOR] [DEBUG] 📍 Chunk 4-6: 1 candidate symbols
[2025-11-09T09:14:36.839Z] [2025-11-09T09:14:36.841Z] [INDEXING-ORCHESTRATOR] [DEBUG] ✅ Chunk symbols after filtering: 1 symbols - cn
[2025-11-09T09:14:36.839Z] [2025-11-09T09:14:36.841Z] [INDEXING-ORCHESTRATOR] [DEBUG] 📍 Chunk 22-42: 1 candidate symbols
[2025-11-09T09:14:36.839Z] [2025-11-09T09:14:36.841Z] [INDEXING-ORCHESTRATOR] [DEBUG] ✅ Chunk symbols after filtering: 1 symbols - formatCurrency
[2025-11-09T09:14:36.840Z] [2025-11-09T09:14:36.841Z] [INDEXING-ORCHESTRATOR] [DEBUG] Created 2 semantic chunks for C:\Projects\educatedplanet\admin\src\lib\utils.ts
[2025-11-09T09:14:36.840Z] [2025-11-09T09:14:36.841Z] [INDEXING-ORCHESTRATOR] [DEBUG] Average chunk size: 360 characters
[2025-11-09T09:14:36.840Z] [2025-11-09T09:14:36.842Z] [TREESITTER-CHUNKER] [INFO] Created 1 semantic chunks from C:\Projects\educatedplanet\admin\src\lib\theme-utils.ts
[2025-11-09T09:14:36.842Z] [2025-11-09T09:14:36.843Z] [TREESITTER-FULL] [INFO] Extracted 1 symbols from C:\Projects\educatedplanet\admin\src\lib\theme-utils.ts
[2025-11-09T09:14:36.842Z] [2025-11-09T09:14:36.843Z] [INDEXING-ORCHESTRATOR] [DEBUG] 🔍 Symbol extraction for C:\Projects\educatedplanet\admin\src\lib\theme-utils.ts: 1 symbols, 0 imports
[2025-11-09T09:14:36.842Z] [2025-11-09T09:14:36.843Z] [INDEXING-ORCHESTRATOR] [DEBUG] 📍 Chunk 1-8: 1 candidate symbols
[2025-11-09T09:14:36.842Z] [2025-11-09T09:14:36.843Z] [INDEXING-ORCHESTRATOR] [DEBUG] ✅ Chunk symbols after filtering: 1 symbols - updateThemeMode
[2025-11-09T09:14:36.842Z] [2025-11-09T09:14:36.843Z] [INDEXING-ORCHESTRATOR] [DEBUG] Created 1 semantic chunks for C:\Projects\educatedplanet\admin\src\lib\theme-utils.ts
[2025-11-09T09:14:36.842Z] [2025-11-09T09:14:36.843Z] [INDEXING-ORCHESTRATOR] [DEBUG] Average chunk size: 281 characters
[2025-11-09T09:14:36.847Z] [2025-11-09T09:14:36.848Z] [TREESITTER-CHUNKER] [INFO] Created 2 semantic chunks from C:\Projects\educatedplanet\admin\src\navigation\sidebar\sidebar-items.ts
[2025-11-09T09:14:36.859Z] [2025-11-09T09:14:36.861Z] [TREESITTER-FULL] [INFO] Extracted 4 symbols from C:\Projects\educatedplanet\admin\src\navigation\sidebar\sidebar-items.ts
[2025-11-09T09:14:36.859Z] [2025-11-09T09:14:36.861Z] [INDEXING-ORCHESTRATOR] [DEBUG] 🔍 Symbol extraction for C:\Projects\educatedplanet\admin\src\navigation\sidebar\sidebar-items.ts: 4 symbols, 1 imports
[2025-11-09T09:14:36.859Z] [2025-11-09T09:14:36.861Z] [INDEXING-ORCHESTRATOR] [DEBUG] 📍 Chunk 23-46: 3 candidate symbols
[2025-11-09T09:14:36.859Z] [2025-11-09T09:14:36.861Z] [INDEXING-ORCHESTRATOR] [DEBUG] ✅ Chunk symbols after filtering: 3 symbols - NavSubItem, NavMainItem, NavGroup
[2025-11-09T09:14:36.859Z] [2025-11-09T09:14:36.861Z] [INDEXING-ORCHESTRATOR] [DEBUG] 📍 Chunk 47-175: 1 candidate symbols
[2025-11-09T09:14:36.859Z] [2025-11-09T09:14:36.861Z] [INDEXING-ORCHESTRATOR] [DEBUG] ✅ Chunk symbols after filtering: 1 symbols - sidebarItems
[2025-11-09T09:14:36.860Z] [2025-11-09T09:14:36.861Z] [INDEXING-ORCHESTRATOR] [DEBUG] Created 2 semantic chunks for C:\Projects\educatedplanet\admin\src\navigation\sidebar\sidebar-items.ts
[2025-11-09T09:14:36.860Z] [2025-11-09T09:14:36.861Z] [INDEXING-ORCHESTRATOR] [DEBUG] Average chunk size: 1617 characters
[2025-11-09T09:14:36.860Z] [2025-11-09T09:14:36.861Z] [INDEXING-ORCHESTRATOR] [DEBUG] 📊 Processed: 160/259 files
[2025-11-09T09:14:36.865Z] [2025-11-09T09:14:36.866Z] [TREESITTER-CHUNKER] [INFO] Created 3 semantic chunks from C:\Projects\educatedplanet\admin\src\proxy.ts
[2025-11-09T09:14:36.874Z] [2025-11-09T09:14:36.875Z] [TREESITTER-FULL] [INFO] Extracted 5 symbols from C:\Projects\educatedplanet\admin\src\proxy.ts
[2025-11-09T09:14:36.874Z] [2025-11-09T09:14:36.876Z] [INDEXING-ORCHESTRATOR] [DEBUG] 🔍 Symbol extraction for C:\Projects\educatedplanet\admin\src\proxy.ts: 5 symbols, 1 imports
[2025-11-09T09:14:36.874Z] [2025-11-09T09:14:36.876Z] [INDEXING-ORCHESTRATOR] [DEBUG] 📍 Chunk 13-64: 1 candidate symbols
[2025-11-09T09:14:36.874Z] [2025-11-09T09:14:36.876Z] [INDEXING-ORCHESTRATOR] [DEBUG] ✅ Chunk symbols after filtering: 1 symbols - rateLimitMiddleware
[2025-11-09T09:14:36.874Z] [2025-11-09T09:14:36.876Z] [INDEXING-ORCHESTRATOR] [DEBUG] 📍 Chunk 69-79: 2 candidate symbols
[2025-11-09T09:14:36.874Z] [2025-11-09T09:14:36.876Z] [INDEXING-ORCHESTRATOR] [DEBUG] ✅ Chunk symbols after filtering: 2 symbols - clearRateLimitForIP, getProgressiveDelay
[2025-11-09T09:14:36.874Z] [2025-11-09T09:14:36.876Z] [INDEXING-ORCHESTRATOR] [DEBUG] 📍 Chunk 80-85: 0 candidate symbols
[2025-11-09T09:14:36.874Z] [2025-11-09T09:14:36.876Z] [INDEXING-ORCHESTRATOR] [DEBUG] ✅ Chunk symbols after filtering: 0 symbols - 
[2025-11-09T09:14:36.874Z] [2025-11-09T09:14:36.876Z] [INDEXING-ORCHESTRATOR] [DEBUG] Created 3 semantic chunks for C:\Projects\educatedplanet\admin\src\proxy.ts
[2025-11-09T09:14:36.874Z] [2025-11-09T09:14:36.876Z] [INDEXING-ORCHESTRATOR] [DEBUG] Average chunk size: 752 characters
[2025-11-09T09:14:36.877Z] [2025-11-09T09:14:36.878Z] [TREESITTER-CHUNKER] [INFO] Created 1 semantic chunks from C:\Projects\educatedplanet\admin\src\server\server-actions.ts
[2025-11-09T09:14:36.880Z] [2025-11-09T09:14:36.882Z] [TREESITTER-FULL] [INFO] Extracted 3 symbols from C:\Projects\educatedplanet\admin\src\server\server-actions.ts
[2025-11-09T09:14:36.881Z] [2025-11-09T09:14:36.882Z] [INDEXING-ORCHESTRATOR] [DEBUG] 🔍 Symbol extraction for C:\Projects\educatedplanet\admin\src\server\server-actions.ts: 3 symbols, 1 imports
[2025-11-09T09:14:36.881Z] [2025-11-09T09:14:36.882Z] [INDEXING-ORCHESTRATOR] [DEBUG] 📍 Chunk 5-27: 3 candidate symbols
[2025-11-09T09:14:36.884Z] [2025-11-09T09:14:36.885Z] [INDEXING-ORCHESTRATOR] [DEBUG] ✅ Chunk symbols after filtering: 3 symbols - getValueFromCookie, setValueToCookie, getPreference
[2025-11-09T09:14:36.884Z] [2025-11-09T09:14:36.885Z] [INDEXING-ORCHESTRATOR] [DEBUG] Created 1 semantic chunks for C:\Projects\educatedplanet\admin\src\server\server-actions.ts
[2025-11-09T09:14:36.884Z] [2025-11-09T09:14:36.885Z] [INDEXING-ORCHESTRATOR] [DEBUG] Average chunk size: 820 characters
[2025-11-09T09:14:36.890Z] [2025-11-09T09:14:36.891Z] [TREESITTER-CHUNKER] [INFO] Created 2 semantic chunks from C:\Projects\educatedplanet\admin\src\scripts\generate-theme-presets.ts
[2025-11-09T09:14:36.908Z] [2025-11-09T09:14:36.909Z] [TREESITTER-FULL] [INFO] Extracted 11 symbols from C:\Projects\educatedplanet\admin\src\scripts\generate-theme-presets.ts
[2025-11-09T09:14:36.908Z] [2025-11-09T09:14:36.909Z] [INDEXING-ORCHESTRATOR] [DEBUG] 🔍 Symbol extraction for C:\Projects\educatedplanet\admin\src\scripts\generate-theme-presets.ts: 11 symbols, 3 imports
[2025-11-09T09:14:36.908Z] [2025-11-09T09:14:36.909Z] [INDEXING-ORCHESTRATOR] [DEBUG] 📍 Chunk 112-122: 1 candidate symbols
[2025-11-09T09:14:36.908Z] [2025-11-09T09:14:36.909Z] [INDEXING-ORCHESTRATOR] [DEBUG] ✅ Chunk symbols after filtering: 1 symbols - main
[2025-11-09T09:14:36.908Z] [2025-11-09T09:14:36.909Z] [INDEXING-ORCHESTRATOR] [DEBUG] 📍 Chunk 123-128: 0 candidate symbols
[2025-11-09T09:14:36.908Z] [2025-11-09T09:14:36.909Z] [INDEXING-ORCHESTRATOR] [DEBUG] ✅ Chunk symbols after filtering: 0 symbols - 
[2025-11-09T09:14:36.908Z] [2025-11-09T09:14:36.909Z] [INDEXING-ORCHESTRATOR] [DEBUG] Created 2 semantic chunks for C:\Projects\educatedplanet\admin\src\scripts\generate-theme-presets.ts
[2025-11-09T09:14:36.908Z] [2025-11-09T09:14:36.909Z] [INDEXING-ORCHESTRATOR] [DEBUG] Average chunk size: 221 characters
[2025-11-09T09:14:36.909Z] [2025-11-09T09:14:36.910Z] [TREESITTER-CHUNKER] [INFO] Created 2 semantic chunks from C:\Projects\educatedplanet\admin\src\proxy.disabled.ts
[2025-11-09T09:14:36.909Z] [2025-11-09T09:14:36.911Z] [TREESITTER-FULL] [INFO] Extracted 2 symbols from C:\Projects\educatedplanet\admin\src\proxy.disabled.ts
[2025-11-09T09:14:36.909Z] [2025-11-09T09:14:36.911Z] [INDEXING-ORCHESTRATOR] [DEBUG] 🔍 Symbol extraction for C:\Projects\educatedplanet\admin\src\proxy.disabled.ts: 2 symbols, 1 imports
[2025-11-09T09:14:36.909Z] [2025-11-09T09:14:36.911Z] [INDEXING-ORCHESTRATOR] [DEBUG] 📍 Chunk 10-17: 1 candidate symbols
[2025-11-09T09:14:36.909Z] [2025-11-09T09:14:36.911Z] [INDEXING-ORCHESTRATOR] [DEBUG] ✅ Chunk symbols after filtering: 1 symbols - proxy
[2025-11-09T09:14:36.909Z] [2025-11-09T09:14:36.911Z] [INDEXING-ORCHESTRATOR] [DEBUG] 📍 Chunk 18-26: 1 candidate symbols
[2025-11-09T09:14:36.910Z] [2025-11-09T09:14:36.911Z] [INDEXING-ORCHESTRATOR] [DEBUG] ✅ Chunk symbols after filtering: 1 symbols - config
[2025-11-09T09:14:36.910Z] [2025-11-09T09:14:36.911Z] [INDEXING-ORCHESTRATOR] [DEBUG] Created 2 semantic chunks for C:\Projects\educatedplanet\admin\src\proxy.disabled.ts
[2025-11-09T09:14:36.910Z] [2025-11-09T09:14:36.911Z] [INDEXING-ORCHESTRATOR] [DEBUG] Average chunk size: 237 characters
[2025-11-09T09:14:36.911Z] [2025-11-09T09:14:36.912Z] [TREESITTER-CHUNKER] [INFO] Created 2 semantic chunks from C:\Projects\educatedplanet\admin\src\stores\preferences\preferences-store.ts
[2025-11-09T09:14:36.913Z] [2025-11-09T09:14:36.914Z] [TREESITTER-FULL] [INFO] Extracted 2 symbols from C:\Projects\educatedplanet\admin\src\stores\preferences\preferences-store.ts
[2025-11-09T09:14:36.913Z] [2025-11-09T09:14:36.914Z] [INDEXING-ORCHESTRATOR] [DEBUG] 🔍 Symbol extraction for C:\Projects\educatedplanet\admin\src\stores\preferences\preferences-store.ts: 2 symbols, 2 imports
[2025-11-09T09:14:36.913Z] [2025-11-09T09:14:36.914Z] [INDEXING-ORCHESTRATOR] [DEBUG] 📍 Chunk 5-8: 1 candidate symbols
[2025-11-09T09:14:36.913Z] [2025-11-09T09:14:36.914Z] [INDEXING-ORCHESTRATOR] [DEBUG] ✅ Chunk symbols after filtering: 1 symbols - PreferencesState
[2025-11-09T09:14:36.913Z] [2025-11-09T09:14:36.914Z] [INDEXING-ORCHESTRATOR] [DEBUG] 📍 Chunk 9-15: 1 candidate symbols
[2025-11-09T09:14:36.913Z] [2025-11-09T09:14:36.914Z] [INDEXING-ORCHESTRATOR] [DEBUG] ✅ Chunk symbols after filtering: 1 symbols - createPreferencesStore
[2025-11-09T09:14:36.913Z] [2025-11-09T09:14:36.914Z] [INDEXING-ORCHESTRATOR] [DEBUG] Created 2 semantic chunks for C:\Projects\educatedplanet\admin\src\stores\preferences\preferences-store.ts
[2025-11-09T09:14:36.913Z] [2025-11-09T09:14:36.914Z] [INDEXING-ORCHESTRATOR] [DEBUG] Average chunk size: 164 characters
[2025-11-09T09:14:36.915Z] [2025-11-09T09:14:36.917Z] [TREESITTER-CHUNKER] [INFO] Created 1 semantic chunks from C:\Projects\educatedplanet\admin\src\stores\preferences\preferences-provider.tsx
[2025-11-09T09:14:36.920Z] [2025-11-09T09:14:36.921Z] [TREESITTER-FULL] [INFO] Extracted 3 symbols from C:\Projects\educatedplanet\admin\src\stores\preferences\preferences-provider.tsx
[2025-11-09T09:14:36.920Z] [2025-11-09T09:14:36.921Z] [INDEXING-ORCHESTRATOR] [DEBUG] 🔍 Symbol extraction for C:\Projects\educatedplanet\admin\src\stores\preferences\preferences-provider.tsx: 3 symbols, 3 imports
[2025-11-09T09:14:36.920Z] [2025-11-09T09:14:36.921Z] [INDEXING-ORCHESTRATOR] [DEBUG] 📍 Chunk 1-30: 3 candidate symbols
[2025-11-09T09:14:36.920Z] [2025-11-09T09:14:36.921Z] [INDEXING-ORCHESTRATOR] [DEBUG] ✅ Chunk symbols after filtering: 3 symbols - PreferencesStoreContext, storeRef, usePreferencesStore
[2025-11-09T09:14:36.920Z] [2025-11-09T09:14:36.921Z] [INDEXING-ORCHESTRATOR] [DEBUG] Created 1 semantic chunks for C:\Projects\educatedplanet\admin\src\stores\preferences\preferences-provider.tsx
[2025-11-09T09:14:36.920Z] [2025-11-09T09:14:36.921Z] [INDEXING-ORCHESTRATOR] [DEBUG] Average chunk size: 978 characters
[2025-11-09T09:14:36.921Z] [2025-11-09T09:14:36.922Z] [TREESITTER-CHUNKER] [INFO] Created 1 semantic chunks from C:\Projects\educatedplanet\admin\src\types\preferences\theme.ts
[2025-11-09T09:14:36.922Z] [2025-11-09T09:14:36.923Z] [TREESITTER-FULL] [INFO] Extracted 3 symbols from C:\Projects\educatedplanet\admin\src\types\preferences\theme.ts
[2025-11-09T09:14:36.922Z] [2025-11-09T09:14:36.923Z] [INDEXING-ORCHESTRATOR] [DEBUG] 🔍 Symbol extraction for C:\Projects\educatedplanet\admin\src\types\preferences\theme.ts: 3 symbols, 0 imports
[2025-11-09T09:14:36.922Z] [2025-11-09T09:14:36.923Z] [INDEXING-ORCHESTRATOR] [DEBUG] 📍 Chunk 14-14: 1 candidate symbols
[2025-11-09T09:14:36.922Z] [2025-11-09T09:14:36.923Z] [INDEXING-ORCHESTRATOR] [DEBUG] ✅ Chunk symbols after filtering: 1 symbols - ThemeMode
[2025-11-09T09:14:36.922Z] [2025-11-09T09:14:36.923Z] [INDEXING-ORCHESTRATOR] [DEBUG] Created 1 semantic chunks for C:\Projects\educatedplanet\admin\src\types\preferences\theme.ts
[2025-11-09T09:14:36.922Z] [2025-11-09T09:14:36.923Z] [INDEXING-ORCHESTRATOR] [DEBUG] Average chunk size: 52 characters
[2025-11-09T09:14:36.928Z] [2025-11-09T09:14:36.929Z] [TREESITTER-CHUNKER] [INFO] Created 2 semantic chunks from C:\Projects\educatedplanet\admin\src\utils\encryption.ts
[2025-11-09T09:14:36.935Z] [2025-11-09T09:14:36.936Z] [TREESITTER-FULL] [INFO] Extracted 3 symbols from C:\Projects\educatedplanet\admin\src\utils\encryption.ts
[2025-11-09T09:14:36.935Z] [2025-11-09T09:14:36.936Z] [INDEXING-ORCHESTRATOR] [DEBUG] 🔍 Symbol extraction for C:\Projects\educatedplanet\admin\src\utils\encryption.ts: 3 symbols, 1 imports
[2025-11-09T09:14:36.935Z] [2025-11-09T09:14:36.936Z] [INDEXING-ORCHESTRATOR] [DEBUG] 📍 Chunk 10-44: 1 candidate symbols
[2025-11-09T09:14:36.935Z] [2025-11-09T09:14:36.936Z] [INDEXING-ORCHESTRATOR] [DEBUG] ✅ Chunk symbols after filtering: 1 symbols - getPublicKey
[2025-11-09T09:14:36.935Z] [2025-11-09T09:14:36.936Z] [INDEXING-ORCHESTRATOR] [DEBUG] 📍 Chunk 49-73: 2 candidate symbols
[2025-11-09T09:14:36.935Z] [2025-11-09T09:14:36.936Z] [INDEXING-ORCHESTRATOR] [DEBUG] ✅ Chunk symbols after filtering: 2 symbols - encryptPassword, clearPublicKeyCache
[2025-11-09T09:14:36.935Z] [2025-11-09T09:14:36.936Z] [INDEXING-ORCHESTRATOR] [DEBUG] Created 2 semantic chunks for C:\Projects\educatedplanet\admin\src\utils\encryption.ts
[2025-11-09T09:14:36.935Z] [2025-11-09T09:14:36.936Z] [INDEXING-ORCHESTRATOR] [DEBUG] Average chunk size: 845 characters
[2025-11-09T09:14:36.938Z] [2025-11-09T09:14:36.939Z] [TREESITTER-CHUNKER] [INFO] Created 4 semantic chunks from C:\Projects\educatedplanet\admin\src\types\preferences\layout.ts
[2025-11-09T09:14:36.942Z] [2025-11-09T09:14:36.943Z] [TREESITTER-FULL] [INFO] Extracted 12 symbols from C:\Projects\educatedplanet\admin\src\types\preferences\layout.ts
[2025-11-09T09:14:36.942Z] [2025-11-09T09:14:36.943Z] [INDEXING-ORCHESTRATOR] [DEBUG] 🔍 Symbol extraction for C:\Projects\educatedplanet\admin\src\types\preferences\layout.ts: 12 symbols, 0 imports
[2025-11-09T09:14:36.942Z] [2025-11-09T09:14:36.943Z] [INDEXING-ORCHESTRATOR] [DEBUG] 📍 Chunk 8-8: 1 candidate symbols
[2025-11-09T09:14:36.942Z] [2025-11-09T09:14:36.943Z] [INDEXING-ORCHESTRATOR] [DEBUG] ✅ Chunk symbols after filtering: 1 symbols - SidebarVariant
[2025-11-09T09:14:36.942Z] [2025-11-09T09:14:36.943Z] [INDEXING-ORCHESTRATOR] [DEBUG] 📍 Chunk 16-16: 1 candidate symbols
[2025-11-09T09:14:36.942Z] [2025-11-09T09:14:36.943Z] [INDEXING-ORCHESTRATOR] [DEBUG] ✅ Chunk symbols after filtering: 1 symbols - SidebarCollapsible
[2025-11-09T09:14:36.942Z] [2025-11-09T09:14:36.943Z] [INDEXING-ORCHESTRATOR] [DEBUG] 📍 Chunk 24-24: 1 candidate symbols
[2025-11-09T09:14:36.942Z] [2025-11-09T09:14:36.943Z] [INDEXING-ORCHESTRATOR] [DEBUG] ✅ Chunk symbols after filtering: 1 symbols - ContentLayout
[2025-11-09T09:14:36.942Z] [2025-11-09T09:14:36.943Z] [INDEXING-ORCHESTRATOR] [DEBUG] 📍 Chunk 32-32: 1 candidate symbols
[2025-11-09T09:14:36.942Z] [2025-11-09T09:14:36.943Z] [INDEXING-ORCHESTRATOR] [DEBUG] ✅ Chunk symbols after filtering: 1 symbols - NavbarStyle
[2025-11-09T09:14:36.942Z] [2025-11-09T09:14:36.943Z] [INDEXING-ORCHESTRATOR] [DEBUG] Created 4 semantic chunks for C:\Projects\educatedplanet\admin\src\types\preferences\layout.ts
[2025-11-09T09:14:36.942Z] [2025-11-09T09:14:36.943Z] [INDEXING-ORCHESTRATOR] [DEBUG] Average chunk size: 62 characters
[2025-11-09T09:14:36.943Z] [2025-11-09T09:14:36.944Z] [TREESITTER-CHUNKER] [INFO] Created 1 semantic chunks from C:\Projects\educatedplanet\admin\src\utils\get-csrf-token.ts
[2025-11-09T09:14:36.944Z] [2025-11-09T09:14:36.946Z] [TREESITTER-FULL] [INFO] Extracted 1 symbols from C:\Projects\educatedplanet\admin\src\utils\get-csrf-token.ts
[2025-11-09T09:14:36.944Z] [2025-11-09T09:14:36.946Z] [INDEXING-ORCHESTRATOR] [DEBUG] 🔍 Symbol extraction for C:\Projects\educatedplanet\admin\src\utils\get-csrf-token.ts: 1 symbols, 0 imports
[2025-11-09T09:14:36.944Z] [2025-11-09T09:14:36.946Z] [INDEXING-ORCHESTRATOR] [DEBUG] 📍 Chunk 4-14: 1 candidate symbols
[2025-11-09T09:14:36.944Z] [2025-11-09T09:14:36.946Z] [INDEXING-ORCHESTRATOR] [DEBUG] ✅ Chunk symbols after filtering: 1 symbols - getCSRFToken
[2025-11-09T09:14:36.944Z] [2025-11-09T09:14:36.946Z] [INDEXING-ORCHESTRATOR] [DEBUG] Created 1 semantic chunks for C:\Projects\educatedplanet\admin\src\utils\get-csrf-token.ts
[2025-11-09T09:14:36.945Z] [2025-11-09T09:14:36.946Z] [INDEXING-ORCHESTRATOR] [DEBUG] Average chunk size: 275 characters
[2025-11-09T09:14:36.945Z] [2025-11-09T09:14:36.946Z] [INDEXING-ORCHESTRATOR] [DEBUG] 📊 Processed: 170/259 files
[2025-11-09T09:14:36.946Z] [2025-11-09T09:14:36.947Z] [TREESITTER-CHUNKER] [INFO] Created 1 semantic chunks from C:\Projects\educatedplanet\common\src\index.ts
[2025-11-09T09:14:36.946Z] [2025-11-09T09:14:36.948Z] [TREESITTER-FULL] [INFO] Extracted 0 symbols from C:\Projects\educatedplanet\common\src\index.ts
[2025-11-09T09:14:36.946Z] [2025-11-09T09:14:36.948Z] [INDEXING-ORCHESTRATOR] [DEBUG] 🔍 Symbol extraction for C:\Projects\educatedplanet\common\src\index.ts: 0 symbols, 0 imports
[2025-11-09T09:14:36.947Z] [2025-11-09T09:14:36.948Z] [INDEXING-ORCHESTRATOR] [DEBUG] 📍 Chunk 1-4: 0 candidate symbols
[2025-11-09T09:14:36.947Z] [2025-11-09T09:14:36.948Z] [INDEXING-ORCHESTRATOR] [DEBUG] ✅ Chunk symbols after filtering: 0 symbols - 
[2025-11-09T09:14:36.947Z] [2025-11-09T09:14:36.948Z] [INDEXING-ORCHESTRATOR] [DEBUG] Created 1 semantic chunks for C:\Projects\educatedplanet\common\src\index.ts
[2025-11-09T09:14:36.947Z] [2025-11-09T09:14:36.948Z] [INDEXING-ORCHESTRATOR] [DEBUG] Average chunk size: 142 characters
[2025-11-09T09:14:36.949Z] [2025-11-09T09:14:36.950Z] [TREESITTER-CHUNKER] [INFO] Created 1 semantic chunks from C:\Projects\educatedplanet\common\src\constants\index.ts
[2025-11-09T09:14:36.952Z] [2025-11-09T09:14:36.954Z] [TREESITTER-FULL] [INFO] Extracted 6 symbols from C:\Projects\educatedplanet\common\src\constants\index.ts
[2025-11-09T09:14:36.953Z] [2025-11-09T09:14:36.954Z] [INDEXING-ORCHESTRATOR] [DEBUG] 🔍 Symbol extraction for C:\Projects\educatedplanet\common\src\constants\index.ts: 6 symbols, 0 imports
[2025-11-09T09:14:36.953Z] [2025-11-09T09:14:36.954Z] [INDEXING-ORCHESTRATOR] [DEBUG] 📍 Chunk 1-78: 6 candidate symbols
[2025-11-09T09:14:36.953Z] [2025-11-09T09:14:36.954Z] [INDEXING-ORCHESTRATOR] [DEBUG] ✅ Chunk symbols after filtering: 6 symbols - APP_CONFIG, LOCATIONS, SUBJECTS, CLASS_LEVELS, USER_ROLES, TEACHING_MODES
[2025-11-09T09:14:36.953Z] [2025-11-09T09:14:36.954Z] [INDEXING-ORCHESTRATOR] [DEBUG] Created 1 semantic chunks for C:\Projects\educatedplanet\common\src\constants\index.ts
[2025-11-09T09:14:36.953Z] [2025-11-09T09:14:36.954Z] [INDEXING-ORCHESTRATOR] [DEBUG] Average chunk size: 1296 characters
[2025-11-09T09:14:36.954Z] [2025-11-09T09:14:36.955Z] [TREESITTER-CHUNKER] [INFO] Created 2 semantic chunks from C:\Projects\educatedplanet\common\src\utils\password.ts
[2025-11-09T09:14:36.955Z] [2025-11-09T09:14:36.956Z] [TREESITTER-FULL] [INFO] Extracted 4 symbols from C:\Projects\educatedplanet\common\src\utils\password.ts
[2025-11-09T09:14:36.955Z] [2025-11-09T09:14:36.956Z] [INDEXING-ORCHESTRATOR] [DEBUG] 🔍 Symbol extraction for C:\Projects\educatedplanet\common\src\utils\password.ts: 4 symbols, 1 imports
[2025-11-09T09:14:36.955Z] [2025-11-09T09:14:36.956Z] [INDEXING-ORCHESTRATOR] [DEBUG] 📍 Chunk 6-16: 2 candidate symbols
[2025-11-09T09:14:36.955Z] [2025-11-09T09:14:36.956Z] [INDEXING-ORCHESTRATOR] [DEBUG] ✅ Chunk symbols after filtering: 2 symbols - hashPassword, verifyPassword
[2025-11-09T09:14:36.955Z] [2025-11-09T09:14:36.956Z] [INDEXING-ORCHESTRATOR] [DEBUG] 📍 Chunk 22-22: 1 candidate symbols
[2025-11-09T09:14:36.955Z] [2025-11-09T09:14:36.956Z] [INDEXING-ORCHESTRATOR] [DEBUG] ✅ Chunk symbols after filtering: 1 symbols - PasswordVerifyResult
[2025-11-09T09:14:36.955Z] [2025-11-09T09:14:36.956Z] [INDEXING-ORCHESTRATOR] [DEBUG] Created 2 semantic chunks for C:\Projects\educatedplanet\common\src\utils\password.ts
[2025-11-09T09:14:36.955Z] [2025-11-09T09:14:36.956Z] [INDEXING-ORCHESTRATOR] [DEBUG] Average chunk size: 190 characters
[2025-11-09T09:14:36.957Z] [2025-11-09T09:14:36.958Z] [TREESITTER-CHUNKER] [INFO] Created 2 semantic chunks from C:\Projects\educatedplanet\common\src\utils\index.ts
[2025-11-09T09:14:36.964Z] [2025-11-09T09:14:36.965Z] [TREESITTER-FULL] [INFO] Extracted 5 symbols from C:\Projects\educatedplanet\common\src\utils\index.ts
[2025-11-09T09:14:36.964Z] [2025-11-09T09:14:36.965Z] [INDEXING-ORCHESTRATOR] [DEBUG] 🔍 Symbol extraction for C:\Projects\educatedplanet\common\src\utils\index.ts: 5 symbols, 0 imports
[2025-11-09T09:14:36.964Z] [2025-11-09T09:14:36.965Z] [INDEXING-ORCHESTRATOR] [DEBUG] 📍 Chunk 6-44: 5 candidate symbols
[2025-11-09T09:14:36.964Z] [2025-11-09T09:14:36.965Z] [INDEXING-ORCHESTRATOR] [DEBUG] ✅ Chunk symbols after filtering: 5 symbols - formatTutorName, formatCurrency, generateSlug, isEmpty, truncateText
[2025-11-09T09:14:36.964Z] [2025-11-09T09:14:36.965Z] [INDEXING-ORCHESTRATOR] [DEBUG] 📍 Chunk 45-47: 0 candidate symbols
[2025-11-09T09:14:36.964Z] [2025-11-09T09:14:36.965Z] [INDEXING-ORCHESTRATOR] [DEBUG] ✅ Chunk symbols after filtering: 0 symbols - 
[2025-11-09T09:14:36.964Z] [2025-11-09T09:14:36.965Z] [INDEXING-ORCHESTRATOR] [DEBUG] Created 2 semantic chunks for C:\Projects\educatedplanet\common\src\utils\index.ts
[2025-11-09T09:14:36.964Z] [2025-11-09T09:14:36.965Z] [INDEXING-ORCHESTRATOR] [DEBUG] Average chunk size: 470 characters
[2025-11-09T09:14:36.971Z] [2025-11-09T09:14:36.972Z] [TREESITTER-CHUNKER] [INFO] 🔍 Found class: DatabaseConnection (126 lines)
[2025-11-09T09:14:36.971Z] [2025-11-09T09:14:36.972Z] [TREESITTER-CHUNKER] [INFO] 📦 Keeping small class intact: DatabaseConnection (126 lines <= 150)
[2025-11-09T09:14:36.976Z] [2025-11-09T09:14:36.977Z] [TREESITTER-CHUNKER] [INFO] Created 2 semantic chunks from C:\Projects\educatedplanet\dataservice\src\datamodels\connections\database.js
[2025-11-09T09:14:37.003Z] [2025-11-09T09:14:37.004Z] [TREESITTER-FULL] [INFO] Extracted 4 symbols from C:\Projects\educatedplanet\dataservice\src\datamodels\connections\database.js
[2025-11-09T09:14:37.003Z] [2025-11-09T09:14:37.005Z] [INDEXING-ORCHESTRATOR] [DEBUG] 🔍 Symbol extraction for C:\Projects\educatedplanet\dataservice\src\datamodels\connections\database.js: 4 symbols, 0 imports
[2025-11-09T09:14:37.003Z] [2025-11-09T09:14:37.005Z] [INDEXING-ORCHESTRATOR] [DEBUG] 📍 Chunk 27-152: 1 candidate symbols
[2025-11-09T09:14:37.003Z] [2025-11-09T09:14:37.005Z] [INDEXING-ORCHESTRATOR] [DEBUG] ✅ Chunk symbols after filtering: 1 symbols - DatabaseConnection
[2025-11-09T09:14:37.003Z] [2025-11-09T09:14:37.005Z] [INDEXING-ORCHESTRATOR] [DEBUG] 📍 Chunk 153-174: 2 candidate symbols
[2025-11-09T09:14:37.003Z] [2025-11-09T09:14:37.005Z] [INDEXING-ORCHESTRATOR] [DEBUG] ✅ Chunk symbols after filtering: 2 symbols - initializeDatabase, closeDatabase
[2025-11-09T09:14:37.004Z] [2025-11-09T09:14:37.005Z] [INDEXING-ORCHESTRATOR] [DEBUG] Created 2 semantic chunks for C:\Projects\educatedplanet\dataservice\src\datamodels\connections\database.js
[2025-11-09T09:14:37.004Z] [2025-11-09T09:14:37.005Z] [INDEXING-ORCHESTRATOR] [DEBUG] Average chunk size: 2344 characters
[2025-11-09T09:14:37.006Z] [2025-11-09T09:14:37.007Z] [TREESITTER-CHUNKER] [INFO] 🔍 Found class: unknown (188 lines)
[2025-11-09T09:14:37.006Z] [2025-11-09T09:14:37.007Z] [TREESITTER-CHUNKER] [INFO] 📤 Splitting large class: unknown (188 lines > 150)
[2025-11-09T09:14:37.006Z] [2025-11-09T09:14:37.007Z] [TREESITTER-CHUNKER] [INFO] 🔧 Extracting methods from large class with 2 children
[2025-11-09T09:14:37.006Z] [2025-11-09T09:14:37.008Z] [TREESITTER-CHUNKER] [INFO] 🔍 Checking 26 nodes for methods (using class_body)
[2025-11-09T09:14:37.006Z] [2025-11-09T09:14:37.008Z] [TREESITTER-CHUNKER] [INFO]    Child type: public_field_definition at lines 37-37
[2025-11-09T09:14:37.006Z] [2025-11-09T09:14:37.008Z] [TREESITTER-CHUNKER] [INFO]    Child type: public_field_definition at lines 38-38
[2025-11-09T09:14:37.006Z] [2025-11-09T09:14:37.008Z] [TREESITTER-CHUNKER] [INFO]    Child type: public_field_definition at lines 39-39
[2025-11-09T09:14:37.006Z] [2025-11-09T09:14:37.008Z] [TREESITTER-CHUNKER] [INFO]    Child type: method_definition at lines 41-46
[2025-11-09T09:14:37.006Z] [2025-11-09T09:14:37.008Z] [TREESITTER-CHUNKER] [INFO]    🎯 Found method: unknown (6 lines, 138 chars)
[2025-11-09T09:14:37.006Z] [2025-11-09T09:14:37.008Z] [TREESITTER-CHUNKER] [INFO]    ✅ Added method chunk: unknown
[2025-11-09T09:14:37.006Z] [2025-11-09T09:14:37.008Z] [TREESITTER-CHUNKER] [INFO]    Child type: comment at lines 48-50
[2025-11-09T09:14:37.006Z] [2025-11-09T09:14:37.008Z] [TREESITTER-CHUNKER] [INFO]    Child type: method_definition at lines 51-56
[2025-11-09T09:14:37.006Z] [2025-11-09T09:14:37.008Z] [TREESITTER-CHUNKER] [INFO]    🎯 Found method: unknown (6 lines, 201 chars)
[2025-11-09T09:14:37.006Z] [2025-11-09T09:14:37.008Z] [TREESITTER-CHUNKER] [INFO]    ✅ Added method chunk: unknown
[2025-11-09T09:14:37.007Z] [2025-11-09T09:14:37.008Z] [TREESITTER-CHUNKER] [INFO]    Child type: comment at lines 58-60
[2025-11-09T09:14:37.007Z] [2025-11-09T09:14:37.008Z] [TREESITTER-CHUNKER] [INFO]    Child type: method_definition at lines 61-97
[2025-11-09T09:14:37.007Z] [2025-11-09T09:14:37.008Z] [TREESITTER-CHUNKER] [INFO]    🎯 Found method: unknown (37 lines, 1098 chars)
[2025-11-09T09:14:37.007Z] [2025-11-09T09:14:37.008Z] [TREESITTER-CHUNKER] [INFO]    ✅ Added method chunk: unknown
[2025-11-09T09:14:37.007Z] [2025-11-09T09:14:37.008Z] [TREESITTER-CHUNKER] [INFO]    Child type: comment at lines 99-101
[2025-11-09T09:14:37.007Z] [2025-11-09T09:14:37.008Z] [TREESITTER-CHUNKER] [INFO]    Child type: method_definition at lines 102-116
[2025-11-09T09:14:37.007Z] [2025-11-09T09:14:37.008Z] [TREESITTER-CHUNKER] [INFO]    🎯 Found method: unknown (15 lines, 382 chars)
[2025-11-09T09:14:37.007Z] [2025-11-09T09:14:37.008Z] [TREESITTER-CHUNKER] [INFO]    ✅ Added method chunk: unknown
[2025-11-09T09:14:37.007Z] [2025-11-09T09:14:37.008Z] [TREESITTER-CHUNKER] [INFO]    Child type: comment at lines 118-120
[2025-11-09T09:14:37.007Z] [2025-11-09T09:14:37.008Z] [TREESITTER-CHUNKER] [INFO]    Child type: method_definition at lines 121-123
[2025-11-09T09:14:37.007Z] [2025-11-09T09:14:37.008Z] [TREESITTER-CHUNKER] [INFO]    🎯 Found method: unknown (3 lines, 112 chars)
[2025-11-09T09:14:37.007Z] [2025-11-09T09:14:37.008Z] [TREESITTER-CHUNKER] [INFO]    ✅ Added method chunk: unknown
[2025-11-09T09:14:37.007Z] [2025-11-09T09:14:37.008Z] [TREESITTER-CHUNKER] [INFO]    Child type: comment at lines 125-127
[2025-11-09T09:14:37.007Z] [2025-11-09T09:14:37.008Z] [TREESITTER-CHUNKER] [INFO]    Child type: method_definition at lines 128-130
[2025-11-09T09:14:37.007Z] [2025-11-09T09:14:37.008Z] [TREESITTER-CHUNKER] [INFO]    🎯 Found method: unknown (3 lines, 64 chars)
[2025-11-09T09:14:37.007Z] [2025-11-09T09:14:37.008Z] [TREESITTER-CHUNKER] [INFO]    ✅ Added method chunk: unknown
[2025-11-09T09:14:37.007Z] [2025-11-09T09:14:37.008Z] [TREESITTER-CHUNKER] [INFO]    Child type: comment at lines 132-134
[2025-11-09T09:14:37.007Z] [2025-11-09T09:14:37.008Z] [TREESITTER-CHUNKER] [INFO]    Child type: method_definition at lines 135-140
[2025-11-09T09:14:37.007Z] [2025-11-09T09:14:37.008Z] [TREESITTER-CHUNKER] [INFO]    🎯 Found method: unknown (6 lines, 170 chars)
[2025-11-09T09:14:37.007Z] [2025-11-09T09:14:37.009Z] [TREESITTER-CHUNKER] [INFO]    ✅ Added method chunk: unknown
[2025-11-09T09:14:37.007Z] [2025-11-09T09:14:37.009Z] [TREESITTER-CHUNKER] [INFO]    Child type: comment at lines 142-144
[2025-11-09T09:14:37.007Z] [2025-11-09T09:14:37.009Z] [TREESITTER-CHUNKER] [INFO]    Child type: method_definition at lines 145-152
[2025-11-09T09:14:37.007Z] [2025-11-09T09:14:37.009Z] [TREESITTER-CHUNKER] [INFO]    🎯 Found method: unknown (8 lines, 314 chars)
[2025-11-09T09:14:37.007Z] [2025-11-09T09:14:37.009Z] [TREESITTER-CHUNKER] [INFO]    ✅ Added method chunk: unknown
[2025-11-09T09:14:37.007Z] [2025-11-09T09:14:37.009Z] [TREESITTER-CHUNKER] [INFO]    Child type: comment at lines 154-156
[2025-11-09T09:14:37.007Z] [2025-11-09T09:14:37.009Z] [TREESITTER-CHUNKER] [INFO]    Child type: method_definition at lines 157-164
[2025-11-09T09:14:37.007Z] [2025-11-09T09:14:37.009Z] [TREESITTER-CHUNKER] [INFO]    🎯 Found method: unknown (8 lines, 321 chars)
[2025-11-09T09:14:37.007Z] [2025-11-09T09:14:37.009Z] [TREESITTER-CHUNKER] [INFO]    ✅ Added method chunk: unknown
[2025-11-09T09:14:37.007Z] [2025-11-09T09:14:37.009Z] [TREESITTER-CHUNKER] [INFO]    Child type: comment at lines 166-168
[2025-11-09T09:14:37.007Z] [2025-11-09T09:14:37.009Z] [TREESITTER-CHUNKER] [INFO]    Child type: method_definition at lines 169-176
[2025-11-09T09:14:37.007Z] [2025-11-09T09:14:37.009Z] [TREESITTER-CHUNKER] [INFO]    🎯 Found method: unknown (8 lines, 328 chars)
[2025-11-09T09:14:37.007Z] [2025-11-09T09:14:37.009Z] [TREESITTER-CHUNKER] [INFO]    ✅ Added method chunk: unknown
[2025-11-09T09:14:37.007Z] [2025-11-09T09:14:37.009Z] [TREESITTER-CHUNKER] [INFO]    Child type: comment at lines 178-180
[2025-11-09T09:14:37.007Z] [2025-11-09T09:14:37.009Z] [TREESITTER-CHUNKER] [INFO]    Child type: method_definition at lines 181-201
[2025-11-09T09:14:37.007Z] [2025-11-09T09:14:37.009Z] [TREESITTER-CHUNKER] [INFO]    🎯 Found method: unknown (21 lines, 756 chars)
[2025-11-09T09:14:37.007Z] [2025-11-09T09:14:37.009Z] [TREESITTER-CHUNKER] [INFO]    ✅ Added method chunk: unknown
[2025-11-09T09:14:37.007Z] [2025-11-09T09:14:37.009Z] [TREESITTER-CHUNKER] [INFO]    Child type: comment at lines 203-205
[2025-11-09T09:14:37.007Z] [2025-11-09T09:14:37.009Z] [TREESITTER-CHUNKER] [INFO]    Child type: method_definition at lines 206-222
[2025-11-09T09:14:37.008Z] [2025-11-09T09:14:37.009Z] [TREESITTER-CHUNKER] [INFO]    🎯 Found method: unknown (17 lines, 446 chars)
[2025-11-09T09:14:37.008Z] [2025-11-09T09:14:37.009Z] [TREESITTER-CHUNKER] [INFO]    ✅ Added method chunk: unknown
[2025-11-09T09:14:37.008Z] [2025-11-09T09:14:37.009Z] [TREESITTER-CHUNKER] [INFO] 🏁 Extracted 12 methods from large class
[2025-11-09T09:14:37.013Z] [2025-11-09T09:14:37.014Z] [TREESITTER-CHUNKER] [INFO] Created 7 semantic chunks from C:\Projects\educatedplanet\dataservice\src\datamodels\connections\database.ts
[2025-11-09T09:14:37.039Z] [2025-11-09T09:14:37.040Z] [TREESITTER-FULL] [INFO] Extracted 6 symbols from C:\Projects\educatedplanet\dataservice\src\datamodels\connections\database.ts
[2025-11-09T09:14:37.039Z] [2025-11-09T09:14:37.040Z] [INDEXING-ORCHESTRATOR] [DEBUG] 🔍 Symbol extraction for C:\Projects\educatedplanet\dataservice\src\datamodels\connections\database.ts: 6 symbols, 4 imports
[2025-11-09T09:14:37.039Z] [2025-11-09T09:14:37.040Z] [INDEXING-ORCHESTRATOR] [DEBUG] 📍 Chunk 9-12: 1 candidate symbols
[2025-11-09T09:14:37.039Z] [2025-11-09T09:14:37.040Z] [INDEXING-ORCHESTRATOR] [DEBUG] ✅ Chunk symbols after filtering: 1 symbols - DatabaseConfig
[2025-11-09T09:14:37.039Z] [2025-11-09T09:14:37.040Z] [INDEXING-ORCHESTRATOR] [DEBUG] 📍 Chunk 36-56: 0 candidate symbols
[2025-11-09T09:14:37.039Z] [2025-11-09T09:14:37.040Z] [INDEXING-ORCHESTRATOR] [DEBUG] ✅ Chunk symbols after filtering: 0 symbols - 
[2025-11-09T09:14:37.039Z] [2025-11-09T09:14:37.040Z] [INDEXING-ORCHESTRATOR] [DEBUG] 📍 Chunk 61-97: 0 candidate symbols
[2025-11-09T09:14:37.039Z] [2025-11-09T09:14:37.040Z] [INDEXING-ORCHESTRATOR] [DEBUG] ✅ Chunk symbols after filtering: 0 symbols - 
[2025-11-09T09:14:37.039Z] [2025-11-09T09:14:37.040Z] [INDEXING-ORCHESTRATOR] [DEBUG] 📍 Chunk 102-152: 0 candidate symbols
[2025-11-09T09:14:37.039Z] [2025-11-09T09:14:37.040Z] [INDEXING-ORCHESTRATOR] [DEBUG] ✅ Chunk symbols after filtering: 0 symbols - 
[2025-11-09T09:14:37.039Z] [2025-11-09T09:14:37.040Z] [INDEXING-ORCHESTRATOR] [DEBUG] 📍 Chunk 157-176: 0 candidate symbols
[2025-11-09T09:14:37.039Z] [2025-11-09T09:14:37.040Z] [INDEXING-ORCHESTRATOR] [DEBUG] ✅ Chunk symbols after filtering: 0 symbols - 
[2025-11-09T09:14:37.039Z] [2025-11-09T09:14:37.040Z] [INDEXING-ORCHESTRATOR] [DEBUG] 📍 Chunk 181-222: 0 candidate symbols
[2025-11-09T09:14:37.039Z] [2025-11-09T09:14:37.040Z] [INDEXING-ORCHESTRATOR] [DEBUG] ✅ Chunk symbols after filtering: 0 symbols - 
[2025-11-09T09:14:37.039Z] [2025-11-09T09:14:37.040Z] [INDEXING-ORCHESTRATOR] [DEBUG] 📍 Chunk 223-244: 3 candidate symbols
[2025-11-09T09:14:37.039Z] [2025-11-09T09:14:37.040Z] [INDEXING-ORCHESTRATOR] [DEBUG] ✅ Chunk symbols after filtering: 3 symbols - databaseConnection, initializeDatabase, closeDatabase
[2025-11-09T09:14:37.039Z] [2025-11-09T09:14:37.040Z] [INDEXING-ORCHESTRATOR] [DEBUG] Created 7 semantic chunks for C:\Projects\educatedplanet\dataservice\src\datamodels\connections\database.ts
[2025-11-09T09:14:37.039Z] [2025-11-09T09:14:37.040Z] [INDEXING-ORCHESTRATOR] [DEBUG] Average chunk size: 769 characters
[2025-11-09T09:14:37.040Z] [2025-11-09T09:14:37.041Z] [TREESITTER-CHUNKER] [INFO] Created 2 semantic chunks from C:\Projects\educatedplanet\dataservice\run-seeder.js
[2025-11-09T09:14:37.042Z] [2025-11-09T09:14:37.044Z] [TREESITTER-FULL] [INFO] Extracted 1 symbols from C:\Projects\educatedplanet\dataservice\run-seeder.js
[2025-11-09T09:14:37.042Z] [2025-11-09T09:14:37.044Z] [INDEXING-ORCHESTRATOR] [DEBUG] 🔍 Symbol extraction for C:\Projects\educatedplanet\dataservice\run-seeder.js: 1 symbols, 2 imports
[2025-11-09T09:14:37.042Z] [2025-11-09T09:14:37.044Z] [INDEXING-ORCHESTRATOR] [DEBUG] 📍 Chunk 11-21: 1 candidate symbols
[2025-11-09T09:14:37.042Z] [2025-11-09T09:14:37.044Z] [INDEXING-ORCHESTRATOR] [DEBUG] ✅ Chunk symbols after filtering: 1 symbols - runSeeder
[2025-11-09T09:14:37.042Z] [2025-11-09T09:14:37.044Z] [INDEXING-ORCHESTRATOR] [DEBUG] 📍 Chunk 22-24: 0 candidate symbols
[2025-11-09T09:14:37.043Z] [2025-11-09T09:14:37.044Z] [INDEXING-ORCHESTRATOR] [DEBUG] ✅ Chunk symbols after filtering: 0 symbols - 
[2025-11-09T09:14:37.043Z] [2025-11-09T09:14:37.044Z] [INDEXING-ORCHESTRATOR] [DEBUG] Created 2 semantic chunks for C:\Projects\educatedplanet\dataservice\run-seeder.js
[2025-11-09T09:14:37.043Z] [2025-11-09T09:14:37.044Z] [INDEXING-ORCHESTRATOR] [DEBUG] Average chunk size: 157 characters
[2025-11-09T09:14:37.059Z] [2025-11-09T09:14:37.061Z] [TREESITTER-CHUNKER] [INFO] Created 1 semantic chunks from C:\Projects\educatedplanet\common\src\validation\index.ts
[2025-11-09T09:14:37.094Z] [2025-11-09T09:14:37.095Z] [TREESITTER-FULL] [INFO] Extracted 32 symbols from C:\Projects\educatedplanet\common\src\validation\index.ts
[2025-11-09T09:14:37.094Z] [2025-11-09T09:14:37.095Z] [INDEXING-ORCHESTRATOR] [DEBUG] 🔍 Symbol extraction for C:\Projects\educatedplanet\common\src\validation\index.ts: 32 symbols, 1 imports
[2025-11-09T09:14:37.094Z] [2025-11-09T09:14:37.095Z] [INDEXING-ORCHESTRATOR] [DEBUG] 📍 Chunk 160-169: 10 candidate symbols
[2025-11-09T09:14:37.094Z] [2025-11-09T09:14:37.095Z] [INDEXING-ORCHESTRATOR] [DEBUG] ✅ Chunk symbols after filtering: 10 symbols - LoginInput, TutorBasicInfoInput, TutorTeachingInput, TutorLocationInput, ReviewInput, CreateClassInput, UpdateClassInput, ClassSearchParamsInput, AddSubClassInput, RemoveSubClassInput
[2025-11-09T09:14:37.094Z] [2025-11-09T09:14:37.095Z] [INDEXING-ORCHESTRATOR] [DEBUG] Created 1 semantic chunks for C:\Projects\educatedplanet\common\src\validation\index.ts
[2025-11-09T09:14:37.094Z] [2025-11-09T09:14:37.095Z] [INDEXING-ORCHESTRATOR] [DEBUG] Average chunk size: 662 characters
[2025-11-09T09:14:37.095Z] [2025-11-09T09:14:37.097Z] [TREESITTER-CHUNKER] [INFO] Created 1 semantic chunks from C:\Projects\educatedplanet\dataservice\src\datamodels\connections\index.ts
[2025-11-09T09:14:37.097Z] [2025-11-09T09:14:37.098Z] [TREESITTER-FULL] [INFO] Extracted 1 symbols from C:\Projects\educatedplanet\dataservice\src\datamodels\connections\index.ts
[2025-11-09T09:14:37.097Z] [2025-11-09T09:14:37.098Z] [INDEXING-ORCHESTRATOR] [DEBUG] 🔍 Symbol extraction for C:\Projects\educatedplanet\dataservice\src\datamodels\connections\index.ts: 1 symbols, 1 imports
[2025-11-09T09:14:37.097Z] [2025-11-09T09:14:37.098Z] [INDEXING-ORCHESTRATOR] [DEBUG] 📍 Chunk 1-21: 1 candidate symbols
[2025-11-09T09:14:37.097Z] [2025-11-09T09:14:37.098Z] [INDEXING-ORCHESTRATOR] [DEBUG] ✅ Chunk symbols after filtering: 1 symbols - getModel
[2025-11-09T09:14:37.097Z] [2025-11-09T09:14:37.098Z] [INDEXING-ORCHESTRATOR] [DEBUG] Created 1 semantic chunks for C:\Projects\educatedplanet\dataservice\src\datamodels\connections\index.ts
[2025-11-09T09:14:37.097Z] [2025-11-09T09:14:37.098Z] [INDEXING-ORCHESTRATOR] [DEBUG] Average chunk size: 475 characters
[2025-11-09T09:14:37.100Z] [2025-11-09T09:14:37.101Z] [TREESITTER-CHUNKER] [INFO] Created 1 semantic chunks from C:\Projects\educatedplanet\dataservice\src\datamodels\connections\index.js
[2025-11-09T09:14:37.104Z] [2025-11-09T09:14:37.105Z] [TREESITTER-FULL] [INFO] Extracted 1 symbols from C:\Projects\educatedplanet\dataservice\src\datamodels\connections\index.js
[2025-11-09T09:14:37.104Z] [2025-11-09T09:14:37.106Z] [INDEXING-ORCHESTRATOR] [DEBUG] 🔍 Symbol extraction for C:\Projects\educatedplanet\dataservice\src\datamodels\connections\index.js: 1 symbols, 0 imports
[2025-11-09T09:14:37.104Z] [2025-11-09T09:14:37.106Z] [INDEXING-ORCHESTRATOR] [DEBUG] 📍 Chunk 1-13: 1 candidate symbols
[2025-11-09T09:14:37.104Z] [2025-11-09T09:14:37.106Z] [INDEXING-ORCHESTRATOR] [DEBUG] ✅ Chunk symbols after filtering: 1 symbols - database_1
[2025-11-09T09:14:37.105Z] [2025-11-09T09:14:37.106Z] [INDEXING-ORCHESTRATOR] [DEBUG] Created 1 semantic chunks for C:\Projects\educatedplanet\dataservice\src\datamodels\connections\index.js
[2025-11-09T09:14:37.105Z] [2025-11-09T09:14:37.106Z] [INDEXING-ORCHESTRATOR] [DEBUG] Average chunk size: 992 characters
[2025-11-09T09:14:37.105Z] [2025-11-09T09:14:37.106Z] [INDEXING-ORCHESTRATOR] [DEBUG] 📊 Processed: 180/259 files
[2025-11-09T09:14:37.117Z] [2025-11-09T09:14:37.119Z] [TREESITTER-CHUNKER] [INFO] Created 3 semantic chunks from C:\Projects\educatedplanet\dataservice\src\datamodels\models\class.model.ts
[2025-11-09T09:14:37.146Z] [2025-11-09T09:14:37.147Z] [TREESITTER-FULL] [INFO] Extracted 4 symbols from C:\Projects\educatedplanet\dataservice\src\datamodels\models\class.model.ts
[2025-11-09T09:14:37.146Z] [2025-11-09T09:14:37.147Z] [INDEXING-ORCHESTRATOR] [DEBUG] 🔍 Symbol extraction for C:\Projects\educatedplanet\dataservice\src\datamodels\models\class.model.ts: 4 symbols, 3 imports
[2025-11-09T09:14:37.146Z] [2025-11-09T09:14:37.147Z] [INDEXING-ORCHESTRATOR] [DEBUG] 📍 Chunk 5-18: 2 candidate symbols
[2025-11-09T09:14:37.146Z] [2025-11-09T09:14:37.147Z] [INDEXING-ORCHESTRATOR] [DEBUG] ✅ Chunk symbols after filtering: 2 symbols - IClassDocument, IClassModel
[2025-11-09T09:14:37.146Z] [2025-11-09T09:14:37.147Z] [INDEXING-ORCHESTRATOR] [DEBUG] 📍 Chunk 23-34: 1 candidate symbols
[2025-11-09T09:14:37.146Z] [2025-11-09T09:14:37.147Z] [INDEXING-ORCHESTRATOR] [DEBUG] ✅ Chunk symbols after filtering: 1 symbols - getClassModel
[2025-11-09T09:14:37.146Z] [2025-11-09T09:14:37.147Z] [INDEXING-ORCHESTRATOR] [DEBUG] 📍 Chunk 35-169: 1 candidate symbols
[2025-11-09T09:14:37.146Z] [2025-11-09T09:14:37.147Z] [INDEXING-ORCHESTRATOR] [DEBUG] ✅ Chunk symbols after filtering: 1 symbols - ClassQueries
[2025-11-09T09:14:37.146Z] [2025-11-09T09:14:37.147Z] [INDEXING-ORCHESTRATOR] [DEBUG] Created 3 semantic chunks for C:\Projects\educatedplanet\dataservice\src\datamodels\models\class.model.ts
[2025-11-09T09:14:37.146Z] [2025-11-09T09:14:37.147Z] [INDEXING-ORCHESTRATOR] [DEBUG] Average chunk size: 1623 characters
[2025-11-09T09:14:37.148Z] [2025-11-09T09:14:37.150Z] [TREESITTER-CHUNKER] [INFO] Created 1 semantic chunks from C:\Projects\educatedplanet\dataservice\src\datamodels\models\index.js
[2025-11-09T09:14:37.154Z] [2025-11-09T09:14:37.155Z] [TREESITTER-FULL] [INFO] Extracted 3 symbols from C:\Projects\educatedplanet\dataservice\src\datamodels\models\index.js
[2025-11-09T09:14:37.154Z] [2025-11-09T09:14:37.155Z] [INDEXING-ORCHESTRATOR] [DEBUG] 🔍 Symbol extraction for C:\Projects\educatedplanet\dataservice\src\datamodels\models\index.js: 3 symbols, 0 imports
[2025-11-09T09:14:37.154Z] [2025-11-09T09:14:37.155Z] [INDEXING-ORCHESTRATOR] [DEBUG] 📍 Chunk 1-16: 3 candidate symbols
[2025-11-09T09:14:37.154Z] [2025-11-09T09:14:37.155Z] [INDEXING-ORCHESTRATOR] [DEBUG] ✅ Chunk symbols after filtering: 3 symbols - user_model_1, tutor_model_1, review_model_1
[2025-11-09T09:14:37.154Z] [2025-11-09T09:14:37.155Z] [INDEXING-ORCHESTRATOR] [DEBUG] Created 1 semantic chunks for C:\Projects\educatedplanet\dataservice\src\datamodels\models\index.js
[2025-11-09T09:14:37.154Z] [2025-11-09T09:14:37.155Z] [INDEXING-ORCHESTRATOR] [DEBUG] Average chunk size: 1186 characters
[2025-11-09T09:14:37.155Z] [2025-11-09T09:14:37.156Z] [TREESITTER-CHUNKER] [INFO] Created 1 semantic chunks from C:\Projects\educatedplanet\dataservice\src\datamodels\index.ts
[2025-11-09T09:14:37.156Z] [2025-11-09T09:14:37.157Z] [TREESITTER-FULL] [INFO] Extracted 0 symbols from C:\Projects\educatedplanet\dataservice\src\datamodels\index.ts
[2025-11-09T09:14:37.156Z] [2025-11-09T09:14:37.157Z] [INDEXING-ORCHESTRATOR] [DEBUG] 🔍 Symbol extraction for C:\Projects\educatedplanet\dataservice\src\datamodels\index.ts: 0 symbols, 0 imports
[2025-11-09T09:14:37.156Z] [2025-11-09T09:14:37.157Z] [INDEXING-ORCHESTRATOR] [DEBUG] 📍 Chunk 1-42: 0 candidate symbols
[2025-11-09T09:14:37.156Z] [2025-11-09T09:14:37.157Z] [INDEXING-ORCHESTRATOR] [DEBUG] ✅ Chunk symbols after filtering: 0 symbols - 
[2025-11-09T09:14:37.156Z] [2025-11-09T09:14:37.157Z] [INDEXING-ORCHESTRATOR] [DEBUG] Created 1 semantic chunks for C:\Projects\educatedplanet\dataservice\src\datamodels\index.ts
[2025-11-09T09:14:37.156Z] [2025-11-09T09:14:37.157Z] [INDEXING-ORCHESTRATOR] [DEBUG] Average chunk size: 785 characters
[2025-11-09T09:14:37.168Z] [2025-11-09T09:14:37.170Z] [TREESITTER-CHUNKER] [INFO] Created 1 semantic chunks from C:\Projects\educatedplanet\dataservice\src\datamodels\models\review.model.ts
[2025-11-09T09:14:37.201Z] [2025-11-09T09:14:37.203Z] [TREESITTER-FULL] [INFO] Extracted 2 symbols from C:\Projects\educatedplanet\dataservice\src\datamodels\models\review.model.ts
[2025-11-09T09:14:37.202Z] [2025-11-09T09:14:37.203Z] [INDEXING-ORCHESTRATOR] [DEBUG] 🔍 Symbol extraction for C:\Projects\educatedplanet\dataservice\src\datamodels\models\review.model.ts: 2 symbols, 3 imports
[2025-11-09T09:14:37.202Z] [2025-11-09T09:14:37.203Z] [INDEXING-ORCHESTRATOR] [DEBUG] 📍 Chunk 1-304: 2 candidate symbols
[2025-11-09T09:14:37.202Z] [2025-11-09T09:14:37.203Z] [INDEXING-ORCHESTRATOR] [DEBUG] ✅ Chunk symbols after filtering: 2 symbols - ReviewModel, ReviewQueries
[2025-11-09T09:14:37.202Z] [2025-11-09T09:14:37.203Z] [INDEXING-ORCHESTRATOR] [DEBUG] Created 1 semantic chunks for C:\Projects\educatedplanet\dataservice\src\datamodels\models\review.model.ts
[2025-11-09T09:14:37.202Z] [2025-11-09T09:14:37.203Z] [INDEXING-ORCHESTRATOR] [DEBUG] Average chunk size: 6592 characters
[2025-11-09T09:14:37.208Z] [2025-11-09T09:14:37.209Z] [TREESITTER-CHUNKER] [INFO] Created 1 semantic chunks from C:\Projects\educatedplanet\dataservice\src\datamodels\index.js
[2025-11-09T09:14:37.228Z] [2025-11-09T09:14:37.229Z] [TREESITTER-FULL] [INFO] Extracted 3 symbols from C:\Projects\educatedplanet\dataservice\src\datamodels\index.js
[2025-11-09T09:14:37.228Z] [2025-11-09T09:14:37.229Z] [INDEXING-ORCHESTRATOR] [DEBUG] 🔍 Symbol extraction for C:\Projects\educatedplanet\dataservice\src\datamodels\index.js: 3 symbols, 0 imports
[2025-11-09T09:14:37.228Z] [2025-11-09T09:14:37.229Z] [INDEXING-ORCHESTRATOR] [DEBUG] 📍 Chunk 1-45: 3 candidate symbols
[2025-11-09T09:14:37.228Z] [2025-11-09T09:14:37.229Z] [INDEXING-ORCHESTRATOR] [DEBUG] ✅ Chunk symbols after filtering: 3 symbols - connections_1, schemas_1, models_1
[2025-11-09T09:14:37.228Z] [2025-11-09T09:14:37.229Z] [INDEXING-ORCHESTRATOR] [DEBUG] Created 1 semantic chunks for C:\Projects\educatedplanet\dataservice\src\datamodels\index.js
[2025-11-09T09:14:37.228Z] [2025-11-09T09:14:37.229Z] [INDEXING-ORCHESTRATOR] [DEBUG] Average chunk size: 3251 characters
[2025-11-09T09:14:37.239Z] [2025-11-09T09:14:37.240Z] [TREESITTER-CHUNKER] [INFO] Created 1 semantic chunks from C:\Projects\educatedplanet\dataservice\src\datamodels\models\review.model.js
[2025-11-09T09:14:37.277Z] [2025-11-09T09:14:37.278Z] [TREESITTER-FULL] [INFO] Extracted 1 symbols from C:\Projects\educatedplanet\dataservice\src\datamodels\models\review.model.js
[2025-11-09T09:14:37.277Z] [2025-11-09T09:14:37.278Z] [INDEXING-ORCHESTRATOR] [DEBUG] 🔍 Symbol extraction for C:\Projects\educatedplanet\dataservice\src\datamodels\models\review.model.js: 1 symbols, 0 imports
[2025-11-09T09:14:37.277Z] [2025-11-09T09:14:37.278Z] [INDEXING-ORCHESTRATOR] [DEBUG] 📍 Chunk 1-237: 1 candidate symbols
[2025-11-09T09:14:37.277Z] [2025-11-09T09:14:37.278Z] [INDEXING-ORCHESTRATOR] [DEBUG] ✅ Chunk symbols after filtering: 1 symbols - mongoose_1
[2025-11-09T09:14:37.277Z] [2025-11-09T09:14:37.278Z] [INDEXING-ORCHESTRATOR] [DEBUG] Created 1 semantic chunks for C:\Projects\educatedplanet\dataservice\src\datamodels\models\review.model.js
[2025-11-09T09:14:37.277Z] [2025-11-09T09:14:37.278Z] [INDEXING-ORCHESTRATOR] [DEBUG] Average chunk size: 7085 characters
[2025-11-09T09:14:37.278Z] [2025-11-09T09:14:37.279Z] [TREESITTER-CHUNKER] [INFO] Created 1 semantic chunks from C:\Projects\educatedplanet\dataservice\src\datamodels\models\index.ts
[2025-11-09T09:14:37.278Z] [2025-11-09T09:14:37.280Z] [TREESITTER-FULL] [INFO] Extracted 0 symbols from C:\Projects\educatedplanet\dataservice\src\datamodels\models\index.ts
[2025-11-09T09:14:37.278Z] [2025-11-09T09:14:37.280Z] [INDEXING-ORCHESTRATOR] [DEBUG] 🔍 Symbol extraction for C:\Projects\educatedplanet\dataservice\src\datamodels\models\index.ts: 0 symbols, 0 imports
[2025-11-09T09:14:37.278Z] [2025-11-09T09:14:37.280Z] [INDEXING-ORCHESTRATOR] [DEBUG] 📍 Chunk 1-9: 0 candidate symbols
[2025-11-09T09:14:37.278Z] [2025-11-09T09:14:37.280Z] [INDEXING-ORCHESTRATOR] [DEBUG] ✅ Chunk symbols after filtering: 0 symbols - 
[2025-11-09T09:14:37.278Z] [2025-11-09T09:14:37.280Z] [INDEXING-ORCHESTRATOR] [DEBUG] Created 1 semantic chunks for C:\Projects\educatedplanet\dataservice\src\datamodels\models\index.ts
[2025-11-09T09:14:37.278Z] [2025-11-09T09:14:37.280Z] [INDEXING-ORCHESTRATOR] [DEBUG] Average chunk size: 334 characters
[2025-11-09T09:14:37.292Z] [2025-11-09T09:14:37.293Z] [TREESITTER-CHUNKER] [INFO] Created 1 semantic chunks from C:\Projects\educatedplanet\dataservice\src\datamodels\models\tutor.model.js
[2025-11-09T09:14:37.333Z] [2025-11-09T09:14:37.334Z] [TREESITTER-FULL] [INFO] Extracted 1 symbols from C:\Projects\educatedplanet\dataservice\src\datamodels\models\tutor.model.js
[2025-11-09T09:14:37.333Z] [2025-11-09T09:14:37.334Z] [INDEXING-ORCHESTRATOR] [DEBUG] 🔍 Symbol extraction for C:\Projects\educatedplanet\dataservice\src\datamodels\models\tutor.model.js: 1 symbols, 0 imports
[2025-11-09T09:14:37.333Z] [2025-11-09T09:14:37.334Z] [INDEXING-ORCHESTRATOR] [DEBUG] 📍 Chunk 1-224: 1 candidate symbols
[2025-11-09T09:14:37.333Z] [2025-11-09T09:14:37.334Z] [INDEXING-ORCHESTRATOR] [DEBUG] ✅ Chunk symbols after filtering: 1 symbols - mongoose_1
[2025-11-09T09:14:37.333Z] [2025-11-09T09:14:37.334Z] [INDEXING-ORCHESTRATOR] [DEBUG] Created 1 semantic chunks for C:\Projects\educatedplanet\dataservice\src\datamodels\models\tutor.model.js
[2025-11-09T09:14:37.333Z] [2025-11-09T09:14:37.334Z] [INDEXING-ORCHESTRATOR] [DEBUG] Average chunk size: 7645 characters
[2025-11-09T09:14:37.345Z] [2025-11-09T09:14:37.347Z] [TREESITTER-CHUNKER] [INFO] Created 1 semantic chunks from C:\Projects\educatedplanet\dataservice\src\datamodels\models\tutor.model.ts
[2025-11-09T09:14:37.389Z] [2025-11-09T09:14:37.390Z] [TREESITTER-FULL] [INFO] Extracted 2 symbols from C:\Projects\educatedplanet\dataservice\src\datamodels\models\tutor.model.ts
[2025-11-09T09:14:37.389Z] [2025-11-09T09:14:37.390Z] [INDEXING-ORCHESTRATOR] [DEBUG] 🔍 Symbol extraction for C:\Projects\educatedplanet\dataservice\src\datamodels\models\tutor.model.ts: 2 symbols, 4 imports
[2025-11-09T09:14:37.389Z] [2025-11-09T09:14:37.390Z] [INDEXING-ORCHESTRATOR] [DEBUG] 📍 Chunk 1-305: 2 candidate symbols
[2025-11-09T09:14:37.389Z] [2025-11-09T09:14:37.390Z] [INDEXING-ORCHESTRATOR] [DEBUG] ✅ Chunk symbols after filtering: 2 symbols - TutorModel, TutorQueries
[2025-11-09T09:14:37.389Z] [2025-11-09T09:14:37.390Z] [INDEXING-ORCHESTRATOR] [DEBUG] Created 1 semantic chunks for C:\Projects\educatedplanet\dataservice\src\datamodels\models\tutor.model.ts
[2025-11-09T09:14:37.389Z] [2025-11-09T09:14:37.390Z] [INDEXING-ORCHESTRATOR] [DEBUG] Average chunk size: 7400 characters
[2025-11-09T09:14:37.393Z] [2025-11-09T09:14:37.394Z] [TREESITTER-CHUNKER] [INFO] Created 1 semantic chunks from C:\Projects\educatedplanet\dataservice\src\datamodels\models\user.model.js
[2025-11-09T09:14:37.404Z] [2025-11-09T09:14:37.405Z] [TREESITTER-FULL] [INFO] Extracted 1 symbols from C:\Projects\educatedplanet\dataservice\src\datamodels\models\user.model.js
[2025-11-09T09:14:37.404Z] [2025-11-09T09:14:37.405Z] [INDEXING-ORCHESTRATOR] [DEBUG] 🔍 Symbol extraction for C:\Projects\educatedplanet\dataservice\src\datamodels\models\user.model.js: 1 symbols, 0 imports
[2025-11-09T09:14:37.404Z] [2025-11-09T09:14:37.405Z] [INDEXING-ORCHESTRATOR] [DEBUG] 📍 Chunk 1-79: 1 candidate symbols
[2025-11-09T09:14:37.404Z] [2025-11-09T09:14:37.405Z] [INDEXING-ORCHESTRATOR] [DEBUG] ✅ Chunk symbols after filtering: 1 symbols - mongoose_1
[2025-11-09T09:14:37.404Z] [2025-11-09T09:14:37.405Z] [INDEXING-ORCHESTRATOR] [DEBUG] Created 1 semantic chunks for C:\Projects\educatedplanet\dataservice\src\datamodels\models\user.model.js
[2025-11-09T09:14:37.404Z] [2025-11-09T09:14:37.405Z] [INDEXING-ORCHESTRATOR] [DEBUG] Average chunk size: 2326 characters
[2025-11-09T09:14:37.404Z] [2025-11-09T09:14:37.405Z] [INDEXING-ORCHESTRATOR] [DEBUG] 📊 Processed: 190/259 files
[2025-11-09T09:14:37.416Z] [2025-11-09T09:14:37.417Z] [TREESITTER-CHUNKER] [INFO] Created 1 semantic chunks from C:\Projects\educatedplanet\dataservice\src\datamodels\schemas\index.js
[2025-11-09T09:14:37.419Z] [2025-11-09T09:14:37.420Z] [TREESITTER-FULL] [INFO] Extracted 3 symbols from C:\Projects\educatedplanet\dataservice\src\datamodels\schemas\index.js
[2025-11-09T09:14:37.419Z] [2025-11-09T09:14:37.420Z] [INDEXING-ORCHESTRATOR] [DEBUG] 🔍 Symbol extraction for C:\Projects\educatedplanet\dataservice\src\datamodels\schemas\index.js: 3 symbols, 0 imports
[2025-11-09T09:14:37.419Z] [2025-11-09T09:14:37.420Z] [INDEXING-ORCHESTRATOR] [DEBUG] 📍 Chunk 1-13: 3 candidate symbols
[2025-11-09T09:14:37.419Z] [2025-11-09T09:14:37.420Z] [INDEXING-ORCHESTRATOR] [DEBUG] ✅ Chunk symbols after filtering: 3 symbols - user_clean_schema_1, tutor_clean_schema_1, review_clean_schema_1
[2025-11-09T09:14:37.419Z] [2025-11-09T09:14:37.420Z] [INDEXING-ORCHESTRATOR] [DEBUG] Created 1 semantic chunks for C:\Projects\educatedplanet\dataservice\src\datamodels\schemas\index.js
[2025-11-09T09:14:37.419Z] [2025-11-09T09:14:37.420Z] [INDEXING-ORCHESTRATOR] [DEBUG] Average chunk size: 809 characters
[2025-11-09T09:14:37.423Z] [2025-11-09T09:14:37.424Z] [TREESITTER-CHUNKER] [INFO] Created 2 semantic chunks from C:\Projects\educatedplanet\dataservice\src\datamodels\models\user.model.ts
[2025-11-09T09:14:37.432Z] [2025-11-09T09:14:37.433Z] [TREESITTER-FULL] [INFO] Extracted 3 symbols from C:\Projects\educatedplanet\dataservice\src\datamodels\models\user.model.ts
[2025-11-09T09:14:37.432Z] [2025-11-09T09:14:37.433Z] [INDEXING-ORCHESTRATOR] [DEBUG] 🔍 Symbol extraction for C:\Projects\educatedplanet\dataservice\src\datamodels\models\user.model.ts: 3 symbols, 2 imports
[2025-11-09T09:14:37.432Z] [2025-11-09T09:14:37.433Z] [INDEXING-ORCHESTRATOR] [DEBUG] 📍 Chunk 7-10: 1 candidate symbols
[2025-11-09T09:14:37.432Z] [2025-11-09T09:14:37.433Z] [INDEXING-ORCHESTRATOR] [DEBUG] ✅ Chunk symbols after filtering: 1 symbols - getUserModel
[2025-11-09T09:14:37.432Z] [2025-11-09T09:14:37.433Z] [INDEXING-ORCHESTRATOR] [DEBUG] 📍 Chunk 11-98: 2 candidate symbols
[2025-11-09T09:14:37.432Z] [2025-11-09T09:14:37.433Z] [INDEXING-ORCHESTRATOR] [DEBUG] ✅ Chunk symbols after filtering: 2 symbols - UserModel, UserQueries
[2025-11-09T09:14:37.432Z] [2025-11-09T09:14:37.433Z] [INDEXING-ORCHESTRATOR] [DEBUG] Created 2 semantic chunks for C:\Projects\educatedplanet\dataservice\src\datamodels\models\user.model.ts
[2025-11-09T09:14:37.432Z] [2025-11-09T09:14:37.433Z] [INDEXING-ORCHESTRATOR] [DEBUG] Average chunk size: 1039 characters
[2025-11-09T09:14:37.436Z] [2025-11-09T09:14:37.437Z] [TREESITTER-CHUNKER] [INFO] Created 1 semantic chunks from C:\Projects\educatedplanet\dataservice\src\datamodels\schemas\class.schema.ts
[2025-11-09T09:14:37.448Z] [2025-11-09T09:14:37.449Z] [TREESITTER-FULL] [INFO] Extracted 1 symbols from C:\Projects\educatedplanet\dataservice\src\datamodels\schemas\class.schema.ts
[2025-11-09T09:14:37.448Z] [2025-11-09T09:14:37.449Z] [INDEXING-ORCHESTRATOR] [DEBUG] 🔍 Symbol extraction for C:\Projects\educatedplanet\dataservice\src\datamodels\schemas\class.schema.ts: 1 symbols, 3 imports
[2025-11-09T09:14:37.448Z] [2025-11-09T09:14:37.449Z] [INDEXING-ORCHESTRATOR] [DEBUG] 📍 Chunk 1-79: 1 candidate symbols
[2025-11-09T09:14:37.448Z] [2025-11-09T09:14:37.449Z] [INDEXING-ORCHESTRATOR] [DEBUG] ✅ Chunk symbols after filtering: 1 symbols - classSchemaDefinition
[2025-11-09T09:14:37.448Z] [2025-11-09T09:14:37.449Z] [INDEXING-ORCHESTRATOR] [DEBUG] Created 1 semantic chunks for C:\Projects\educatedplanet\dataservice\src\datamodels\schemas\class.schema.ts
[2025-11-09T09:14:37.448Z] [2025-11-09T09:14:37.449Z] [INDEXING-ORCHESTRATOR] [DEBUG] Average chunk size: 2321 characters
[2025-11-09T09:14:37.449Z] [2025-11-09T09:14:37.450Z] [TREESITTER-CHUNKER] [INFO] Created 1 semantic chunks from C:\Projects\educatedplanet\dataservice\src\datamodels\schemas\index.ts
[2025-11-09T09:14:37.450Z] [2025-11-09T09:14:37.451Z] [TREESITTER-FULL] [INFO] Extracted 0 symbols from C:\Projects\educatedplanet\dataservice\src\datamodels\schemas\index.ts
[2025-11-09T09:14:37.450Z] [2025-11-09T09:14:37.451Z] [INDEXING-ORCHESTRATOR] [DEBUG] 🔍 Symbol extraction for C:\Projects\educatedplanet\dataservice\src\datamodels\schemas\index.ts: 0 symbols, 0 imports
[2025-11-09T09:14:37.450Z] [2025-11-09T09:14:37.451Z] [INDEXING-ORCHESTRATOR] [DEBUG] 📍 Chunk 1-13: 0 candidate symbols
[2025-11-09T09:14:37.450Z] [2025-11-09T09:14:37.451Z] [INDEXING-ORCHESTRATOR] [DEBUG] ✅ Chunk symbols after filtering: 0 symbols - 
[2025-11-09T09:14:37.450Z] [2025-11-09T09:14:37.451Z] [INDEXING-ORCHESTRATOR] [DEBUG] Created 1 semantic chunks for C:\Projects\educatedplanet\dataservice\src\datamodels\schemas\index.ts
[2025-11-09T09:14:37.450Z] [2025-11-09T09:14:37.451Z] [INDEXING-ORCHESTRATOR] [DEBUG] Average chunk size: 503 characters
[2025-11-09T09:14:37.455Z] [2025-11-09T09:14:37.457Z] [TREESITTER-CHUNKER] [INFO] Created 2 semantic chunks from C:\Projects\educatedplanet\dataservice\src\datamodels\schemas\review-clean.schema.ts
[2025-11-09T09:14:37.474Z] [2025-11-09T09:14:37.475Z] [TREESITTER-FULL] [INFO] Extracted 2 symbols from C:\Projects\educatedplanet\dataservice\src\datamodels\schemas\review-clean.schema.ts
[2025-11-09T09:14:37.474Z] [2025-11-09T09:14:37.475Z] [INDEXING-ORCHESTRATOR] [DEBUG] 🔍 Symbol extraction for C:\Projects\educatedplanet\dataservice\src\datamodels\schemas\review-clean.schema.ts: 2 symbols, 2 imports
[2025-11-09T09:14:37.474Z] [2025-11-09T09:14:37.475Z] [INDEXING-ORCHESTRATOR] [DEBUG] 📍 Chunk 7-25: 1 candidate symbols
[2025-11-09T09:14:37.474Z] [2025-11-09T09:14:37.475Z] [INDEXING-ORCHESTRATOR] [DEBUG] ✅ Chunk symbols after filtering: 1 symbols - IReviewDocument
[2025-11-09T09:14:37.474Z] [2025-11-09T09:14:37.475Z] [INDEXING-ORCHESTRATOR] [DEBUG] 📍 Chunk 26-140: 1 candidate symbols
[2025-11-09T09:14:37.474Z] [2025-11-09T09:14:37.475Z] [INDEXING-ORCHESTRATOR] [DEBUG] ✅ Chunk symbols after filtering: 1 symbols - reviewSchema
[2025-11-09T09:14:37.474Z] [2025-11-09T09:14:37.475Z] [INDEXING-ORCHESTRATOR] [DEBUG] Created 2 semantic chunks for C:\Projects\educatedplanet\dataservice\src\datamodels\schemas\review-clean.schema.ts
[2025-11-09T09:14:37.474Z] [2025-11-09T09:14:37.475Z] [INDEXING-ORCHESTRATOR] [DEBUG] Average chunk size: 1458 characters
[2025-11-09T09:14:37.484Z] [2025-11-09T09:14:37.485Z] [TREESITTER-CHUNKER] [INFO] Created 1 semantic chunks from C:\Projects\educatedplanet\dataservice\src\datamodels\schemas\tutor-clean.schema.js
[2025-11-09T09:14:37.516Z] [2025-11-09T09:14:37.517Z] [TREESITTER-FULL] [INFO] Extracted 2 symbols from C:\Projects\educatedplanet\dataservice\src\datamodels\schemas\tutor-clean.schema.js
[2025-11-09T09:14:37.516Z] [2025-11-09T09:14:37.517Z] [INDEXING-ORCHESTRATOR] [DEBUG] 🔍 Symbol extraction for C:\Projects\educatedplanet\dataservice\src\datamodels\schemas\tutor-clean.schema.js: 2 symbols, 0 imports
[2025-11-09T09:14:37.516Z] [2025-11-09T09:14:37.517Z] [INDEXING-ORCHESTRATOR] [DEBUG] 📍 Chunk 1-206: 2 candidate symbols
[2025-11-09T09:14:37.516Z] [2025-11-09T09:14:37.517Z] [INDEXING-ORCHESTRATOR] [DEBUG] ✅ Chunk symbols after filtering: 2 symbols - mongoose_1, tutorSchema
[2025-11-09T09:14:37.516Z] [2025-11-09T09:14:37.517Z] [INDEXING-ORCHESTRATOR] [DEBUG] Created 1 semantic chunks for C:\Projects\educatedplanet\dataservice\src\datamodels\schemas\tutor-clean.schema.js
[2025-11-09T09:14:37.516Z] [2025-11-09T09:14:37.517Z] [INDEXING-ORCHESTRATOR] [DEBUG] Average chunk size: 5368 characters
[2025-11-09T09:14:37.525Z] [2025-11-09T09:14:37.527Z] [TREESITTER-CHUNKER] [INFO] Created 2 semantic chunks from C:\Projects\educatedplanet\dataservice\src\datamodels\schemas\tutor-clean.schema.ts
[2025-11-09T09:14:37.545Z] [2025-11-09T09:14:37.546Z] [TREESITTER-FULL] [INFO] Extracted 2 symbols from C:\Projects\educatedplanet\dataservice\src\datamodels\schemas\tutor-clean.schema.ts
[2025-11-09T09:14:37.545Z] [2025-11-09T09:14:37.546Z] [INDEXING-ORCHESTRATOR] [DEBUG] 🔍 Symbol extraction for C:\Projects\educatedplanet\dataservice\src\datamodels\schemas\tutor-clean.schema.ts: 2 symbols, 2 imports
[2025-11-09T09:14:37.545Z] [2025-11-09T09:14:37.546Z] [INDEXING-ORCHESTRATOR] [DEBUG] 📍 Chunk 7-28: 1 candidate symbols
[2025-11-09T09:14:37.545Z] [2025-11-09T09:14:37.546Z] [INDEXING-ORCHESTRATOR] [DEBUG] ✅ Chunk symbols after filtering: 1 symbols - ITutorDocument
[2025-11-09T09:14:37.545Z] [2025-11-09T09:14:37.546Z] [INDEXING-ORCHESTRATOR] [DEBUG] 📍 Chunk 29-204: 1 candidate symbols
[2025-11-09T09:14:37.545Z] [2025-11-09T09:14:37.546Z] [INDEXING-ORCHESTRATOR] [DEBUG] ✅ Chunk symbols after filtering: 1 symbols - tutorSchema
[2025-11-09T09:14:37.545Z] [2025-11-09T09:14:37.546Z] [INDEXING-ORCHESTRATOR] [DEBUG] Created 2 semantic chunks for C:\Projects\educatedplanet\dataservice\src\datamodels\schemas\tutor-clean.schema.ts
[2025-11-09T09:14:37.545Z] [2025-11-09T09:14:37.546Z] [INDEXING-ORCHESTRATOR] [DEBUG] Average chunk size: 1896 characters
[2025-11-09T09:14:37.553Z] [2025-11-09T09:14:37.555Z] [TREESITTER-CHUNKER] [INFO] Created 2 semantic chunks from C:\Projects\educatedplanet\dataservice\src\datamodels\schemas\user-clean.schema.ts
[2025-11-09T09:14:37.568Z] [2025-11-09T09:14:37.569Z] [TREESITTER-FULL] [INFO] Extracted 2 symbols from C:\Projects\educatedplanet\dataservice\src\datamodels\schemas\user-clean.schema.ts
[2025-11-09T09:14:37.568Z] [2025-11-09T09:14:37.569Z] [INDEXING-ORCHESTRATOR] [DEBUG] 🔍 Symbol extraction for C:\Projects\educatedplanet\dataservice\src\datamodels\schemas\user-clean.schema.ts: 2 symbols, 3 imports
[2025-11-09T09:14:37.568Z] [2025-11-09T09:14:37.569Z] [INDEXING-ORCHESTRATOR] [DEBUG] 📍 Chunk 8-23: 1 candidate symbols
[2025-11-09T09:14:37.568Z] [2025-11-09T09:14:37.569Z] [INDEXING-ORCHESTRATOR] [DEBUG] ✅ Chunk symbols after filtering: 1 symbols - IUserDocument
[2025-11-09T09:14:37.568Z] [2025-11-09T09:14:37.569Z] [INDEXING-ORCHESTRATOR] [DEBUG] 📍 Chunk 24-142: 1 candidate symbols
[2025-11-09T09:14:37.568Z] [2025-11-09T09:14:37.569Z] [INDEXING-ORCHESTRATOR] [DEBUG] ✅ Chunk symbols after filtering: 1 symbols - userSchema
[2025-11-09T09:14:37.568Z] [2025-11-09T09:14:37.569Z] [INDEXING-ORCHESTRATOR] [DEBUG] Created 2 semantic chunks for C:\Projects\educatedplanet\dataservice\src\datamodels\schemas\user-clean.schema.ts
[2025-11-09T09:14:37.568Z] [2025-11-09T09:14:37.569Z] [INDEXING-ORCHESTRATOR] [DEBUG] Average chunk size: 1380 characters
[2025-11-09T09:14:37.576Z] [2025-11-09T09:14:37.577Z] [TREESITTER-CHUNKER] [INFO] Created 1 semantic chunks from C:\Projects\educatedplanet\dataservice\src\datamodels\schemas\user-clean.schema.js
[2025-11-09T09:14:37.603Z] [2025-11-09T09:14:37.604Z] [TREESITTER-FULL] [INFO] Extracted 3 symbols from C:\Projects\educatedplanet\dataservice\src\datamodels\schemas\user-clean.schema.js
[2025-11-09T09:14:37.603Z] [2025-11-09T09:14:37.604Z] [INDEXING-ORCHESTRATOR] [DEBUG] 🔍 Symbol extraction for C:\Projects\educatedplanet\dataservice\src\datamodels\schemas\user-clean.schema.js: 3 symbols, 0 imports
[2025-11-09T09:14:37.603Z] [2025-11-09T09:14:37.604Z] [INDEXING-ORCHESTRATOR] [DEBUG] 📍 Chunk 1-155: 3 candidate symbols
[2025-11-09T09:14:37.603Z] [2025-11-09T09:14:37.604Z] [INDEXING-ORCHESTRATOR] [DEBUG] ✅ Chunk symbols after filtering: 3 symbols - mongoose_1, validator_1, userSchema
[2025-11-09T09:14:37.603Z] [2025-11-09T09:14:37.604Z] [INDEXING-ORCHESTRATOR] [DEBUG] Created 1 semantic chunks for C:\Projects\educatedplanet\dataservice\src\datamodels\schemas\user-clean.schema.js
[2025-11-09T09:14:37.603Z] [2025-11-09T09:14:37.604Z] [INDEXING-ORCHESTRATOR] [DEBUG] Average chunk size: 4434 characters
[2025-11-09T09:14:37.611Z] [2025-11-09T09:14:37.612Z] [TREESITTER-CHUNKER] [INFO] Created 1 semantic chunks from C:\Projects\educatedplanet\dataservice\src\datamodels\schemas\review-clean.schema.js
[2025-11-09T09:14:37.638Z] [2025-11-09T09:14:37.639Z] [TREESITTER-FULL] [INFO] Extracted 2 symbols from C:\Projects\educatedplanet\dataservice\src\datamodels\schemas\review-clean.schema.js
[2025-11-09T09:14:37.638Z] [2025-11-09T09:14:37.639Z] [INDEXING-ORCHESTRATOR] [DEBUG] 🔍 Symbol extraction for C:\Projects\educatedplanet\dataservice\src\datamodels\schemas\review-clean.schema.js: 2 symbols, 0 imports
[2025-11-09T09:14:37.638Z] [2025-11-09T09:14:37.639Z] [INDEXING-ORCHESTRATOR] [DEBUG] 📍 Chunk 1-148: 2 candidate symbols
[2025-11-09T09:14:37.638Z] [2025-11-09T09:14:37.639Z] [INDEXING-ORCHESTRATOR] [DEBUG] ✅ Chunk symbols after filtering: 2 symbols - mongoose_1, reviewSchema
[2025-11-09T09:14:37.638Z] [2025-11-09T09:14:37.639Z] [INDEXING-ORCHESTRATOR] [DEBUG] Created 1 semantic chunks for C:\Projects\educatedplanet\dataservice\src\datamodels\schemas\review-clean.schema.js
[2025-11-09T09:14:37.638Z] [2025-11-09T09:14:37.639Z] [INDEXING-ORCHESTRATOR] [DEBUG] Average chunk size: 4299 characters
[2025-11-09T09:14:37.638Z] [2025-11-09T09:14:37.639Z] [INDEXING-ORCHESTRATOR] [DEBUG] 📊 Processed: 200/259 files
[2025-11-09T09:14:37.649Z] [2025-11-09T09:14:37.651Z] [TREESITTER-CHUNKER] [INFO] 🔍 Found class: unknown (77 lines)
[2025-11-09T09:14:37.649Z] [2025-11-09T09:14:37.651Z] [TREESITTER-CHUNKER] [INFO] 📦 Keeping small class intact: unknown (77 lines <= 150)
[2025-11-09T09:14:37.651Z] [2025-11-09T09:14:37.653Z] [TREESITTER-CHUNKER] [INFO] Created 2 semantic chunks from C:\Projects\educatedplanet\dataservice\src\repositories\user.repository.ts
[2025-11-09T09:14:37.661Z] [2025-11-09T09:14:37.662Z] [TREESITTER-FULL] [INFO] Extracted 2 symbols from C:\Projects\educatedplanet\dataservice\src\repositories\user.repository.ts
[2025-11-09T09:14:37.661Z] [2025-11-09T09:14:37.662Z] [INDEXING-ORCHESTRATOR] [DEBUG] 🔍 Symbol extraction for C:\Projects\educatedplanet\dataservice\src\repositories\user.repository.ts: 2 symbols, 3 imports
[2025-11-09T09:14:37.661Z] [2025-11-09T09:14:37.662Z] [INDEXING-ORCHESTRATOR] [DEBUG] 📍 Chunk 8-84: 1 candidate symbols
[2025-11-09T09:14:37.661Z] [2025-11-09T09:14:37.662Z] [INDEXING-ORCHESTRATOR] [DEBUG] ✅ Chunk symbols after filtering: 1 symbols - UserRepository
[2025-11-09T09:14:37.661Z] [2025-11-09T09:14:37.662Z] [INDEXING-ORCHESTRATOR] [DEBUG] 📍 Chunk 85-87: 1 candidate symbols
[2025-11-09T09:14:37.661Z] [2025-11-09T09:14:37.662Z] [INDEXING-ORCHESTRATOR] [DEBUG] ✅ Chunk symbols after filtering: 1 symbols - userRepository
[2025-11-09T09:14:37.661Z] [2025-11-09T09:14:37.662Z] [INDEXING-ORCHESTRATOR] [DEBUG] Created 2 semantic chunks for C:\Projects\educatedplanet\dataservice\src\repositories\user.repository.ts
[2025-11-09T09:14:37.661Z] [2025-11-09T09:14:37.662Z] [INDEXING-ORCHESTRATOR] [DEBUG] Average chunk size: 1071 characters
[2025-11-09T09:14:37.661Z] [2025-11-09T09:14:37.663Z] [TREESITTER-CHUNKER] [INFO] Created 0 semantic chunks from C:\Projects\educatedplanet\dataservice\src\repository\user.repository.ts
[2025-11-09T09:14:37.661Z] [2025-11-09T09:14:37.663Z] [TREESITTER-FULL] [INFO] Extracted 0 symbols from C:\Projects\educatedplanet\dataservice\src\repository\user.repository.ts
[2025-11-09T09:14:37.661Z] [2025-11-09T09:14:37.663Z] [INDEXING-ORCHESTRATOR] [DEBUG] 🔍 Symbol extraction for C:\Projects\educatedplanet\dataservice\src\repository\user.repository.ts: 0 symbols, 0 imports
[2025-11-09T09:14:37.662Z] [2025-11-09T09:14:37.663Z] [INDEXING-ORCHESTRATOR] [DEBUG] Created 0 semantic chunks for C:\Projects\educatedplanet\dataservice\src\repository\user.repository.ts
[2025-11-09T09:14:37.664Z] [2025-11-09T09:14:37.665Z] [TREESITTER-CHUNKER] [INFO] Created 1 semantic chunks from C:\Projects\educatedplanet\dataservice\src\index.ts
[2025-11-09T09:14:37.666Z] [2025-11-09T09:14:37.668Z] [TREESITTER-FULL] [INFO] Extracted 0 symbols from C:\Projects\educatedplanet\dataservice\src\index.ts
[2025-11-09T09:14:37.666Z] [2025-11-09T09:14:37.668Z] [INDEXING-ORCHESTRATOR] [DEBUG] 🔍 Symbol extraction for C:\Projects\educatedplanet\dataservice\src\index.ts: 0 symbols, 0 imports
[2025-11-09T09:14:37.666Z] [2025-11-09T09:14:37.668Z] [INDEXING-ORCHESTRATOR] [DEBUG] 📍 Chunk 1-91: 0 candidate symbols
[2025-11-09T09:14:37.666Z] [2025-11-09T09:14:37.668Z] [INDEXING-ORCHESTRATOR] [DEBUG] ✅ Chunk symbols after filtering: 0 symbols - 
[2025-11-09T09:14:37.666Z] [2025-11-09T09:14:37.668Z] [INDEXING-ORCHESTRATOR] [DEBUG] Created 1 semantic chunks for C:\Projects\educatedplanet\dataservice\src\index.ts
[2025-11-09T09:14:37.666Z] [2025-11-09T09:14:37.668Z] [INDEXING-ORCHESTRATOR] [DEBUG] Average chunk size: 2191 characters
[2025-11-09T09:14:37.675Z] [2025-11-09T09:14:37.676Z] [TREESITTER-CHUNKER] [INFO] Created 4 semantic chunks from C:\Projects\educatedplanet\dataservice\src\services\auth.service.ts
[2025-11-09T09:14:37.697Z] [2025-11-09T09:14:37.698Z] [TREESITTER-FULL] [INFO] Extracted 7 symbols from C:\Projects\educatedplanet\dataservice\src\services\auth.service.ts
[2025-11-09T09:14:37.697Z] [2025-11-09T09:14:37.698Z] [INDEXING-ORCHESTRATOR] [DEBUG] 🔍 Symbol extraction for C:\Projects\educatedplanet\dataservice\src\services\auth.service.ts: 7 symbols, 4 imports
[2025-11-09T09:14:37.697Z] [2025-11-09T09:14:37.698Z] [INDEXING-ORCHESTRATOR] [DEBUG] 📍 Chunk 11-44: 3 candidate symbols
[2025-11-09T09:14:37.697Z] [2025-11-09T09:14:37.698Z] [INDEXING-ORCHESTRATOR] [DEBUG] ✅ Chunk symbols after filtering: 3 symbols - ensureDbInitialized, AuthSession, UserSessionResponse
[2025-11-09T09:14:37.697Z] [2025-11-09T09:14:37.698Z] [INDEXING-ORCHESTRATOR] [DEBUG] 📍 Chunk 49-115: 1 candidate symbols
[2025-11-09T09:14:37.697Z] [2025-11-09T09:14:37.698Z] [INDEXING-ORCHESTRATOR] [DEBUG] ✅ Chunk symbols after filtering: 1 symbols - authenticateUser
[2025-11-09T09:14:37.697Z] [2025-11-09T09:14:37.698Z] [INDEXING-ORCHESTRATOR] [DEBUG] 📍 Chunk 120-169: 1 candidate symbols
[2025-11-09T09:14:37.697Z] [2025-11-09T09:14:37.698Z] [INDEXING-ORCHESTRATOR] [DEBUG] ✅ Chunk symbols after filtering: 1 symbols - validateSession
[2025-11-09T09:14:37.697Z] [2025-11-09T09:14:37.698Z] [INDEXING-ORCHESTRATOR] [DEBUG] 📍 Chunk 174-208: 2 candidate symbols
[2025-11-09T09:14:37.697Z] [2025-11-09T09:14:37.698Z] [INDEXING-ORCHESTRATOR] [DEBUG] ✅ Chunk symbols after filtering: 2 symbols - invalidateSession, userExists
[2025-11-09T09:14:37.697Z] [2025-11-09T09:14:37.698Z] [INDEXING-ORCHESTRATOR] [DEBUG] Created 4 semantic chunks for C:\Projects\educatedplanet\dataservice\src\services\auth.service.ts
[2025-11-09T09:14:37.697Z] [2025-11-09T09:14:37.699Z] [INDEXING-ORCHESTRATOR] [DEBUG] Average chunk size: 1181 characters
[2025-11-09T09:14:37.718Z] [2025-11-09T09:14:37.719Z] [TREESITTER-CHUNKER] [INFO] Created 4 semantic chunks from C:\Projects\educatedplanet\dataservice\src\seeder\classseeder.ts
[2025-11-09T09:14:37.760Z] [2025-11-09T09:14:37.761Z] [TREESITTER-FULL] [INFO] Extracted 4 symbols from C:\Projects\educatedplanet\dataservice\src\seeder\classseeder.ts
[2025-11-09T09:14:37.760Z] [2025-11-09T09:14:37.761Z] [INDEXING-ORCHESTRATOR] [DEBUG] 🔍 Symbol extraction for C:\Projects\educatedplanet\dataservice\src\seeder\classseeder.ts: 4 symbols, 2 imports
[2025-11-09T09:14:37.760Z] [2025-11-09T09:14:37.761Z] [INDEXING-ORCHESTRATOR] [DEBUG] 📍 Chunk 4-17: 1 candidate symbols
[2025-11-09T09:14:37.760Z] [2025-11-09T09:14:37.761Z] [INDEXING-ORCHESTRATOR] [DEBUG] ✅ Chunk symbols after filtering: 1 symbols - ClassSeedData
[2025-11-09T09:14:37.760Z] [2025-11-09T09:14:37.761Z] [INDEXING-ORCHESTRATOR] [DEBUG] 📍 Chunk 319-355: 1 candidate symbols
[2025-11-09T09:14:37.760Z] [2025-11-09T09:14:37.761Z] [INDEXING-ORCHESTRATOR] [DEBUG] ✅ Chunk symbols after filtering: 1 symbols - seedClasses
[2025-11-09T09:14:37.760Z] [2025-11-09T09:14:37.761Z] [INDEXING-ORCHESTRATOR] [DEBUG] 📍 Chunk 358-378: 1 candidate symbols
[2025-11-09T09:14:37.760Z] [2025-11-09T09:14:37.761Z] [INDEXING-ORCHESTRATOR] [DEBUG] ✅ Chunk symbols after filtering: 1 symbols - clearClasses
[2025-11-09T09:14:37.760Z] [2025-11-09T09:14:37.761Z] [INDEXING-ORCHESTRATOR] [DEBUG] 📍 Chunk 379-381: 0 candidate symbols
[2025-11-09T09:14:37.760Z] [2025-11-09T09:14:37.761Z] [INDEXING-ORCHESTRATOR] [DEBUG] ✅ Chunk symbols after filtering: 0 symbols - 
[2025-11-09T09:14:37.760Z] [2025-11-09T09:14:37.761Z] [INDEXING-ORCHESTRATOR] [DEBUG] Created 4 semantic chunks for C:\Projects\educatedplanet\dataservice\src\seeder\classseeder.ts
[2025-11-09T09:14:37.760Z] [2025-11-09T09:14:37.761Z] [INDEXING-ORCHESTRATOR] [DEBUG] Average chunk size: 564 characters
[2025-11-09T09:14:37.764Z] [2025-11-09T09:14:37.765Z] [TREESITTER-CHUNKER] [INFO] 🔍 Found class: unknown (6 lines)
[2025-11-09T09:14:37.764Z] [2025-11-09T09:14:37.765Z] [TREESITTER-CHUNKER] [INFO] 📦 Keeping small class intact: unknown (6 lines <= 150)
[2025-11-09T09:14:37.778Z] [2025-11-09T09:14:37.779Z] [TREESITTER-CHUNKER] [INFO] Created 10 semantic chunks from C:\Projects\educatedplanet\dataservice\src\seeder\userseeder.ts
[2025-11-09T09:14:37.835Z] [2025-11-09T09:14:37.836Z] [TREESITTER-FULL] [INFO] Extracted 10 symbols from C:\Projects\educatedplanet\dataservice\src\seeder\userseeder.ts
[2025-11-09T09:14:37.835Z] [2025-11-09T09:14:37.836Z] [INDEXING-ORCHESTRATOR] [DEBUG] 🔍 Symbol extraction for C:\Projects\educatedplanet\dataservice\src\seeder\userseeder.ts: 10 symbols, 4 imports
[2025-11-09T09:14:37.835Z] [2025-11-09T09:14:37.836Z] [INDEXING-ORCHESTRATOR] [DEBUG] 📍 Chunk 7-15: 1 candidate symbols
[2025-11-09T09:14:37.835Z] [2025-11-09T09:14:37.836Z] [INDEXING-ORCHESTRATOR] [DEBUG] ✅ Chunk symbols after filtering: 1 symbols - UserData
[2025-11-09T09:14:37.835Z] [2025-11-09T09:14:37.836Z] [INDEXING-ORCHESTRATOR] [DEBUG] 📍 Chunk 26-31: 1 candidate symbols
[2025-11-09T09:14:37.835Z] [2025-11-09T09:14:37.836Z] [INDEXING-ORCHESTRATOR] [DEBUG] ✅ Chunk symbols after filtering: 1 symbols - SeederError
[2025-11-09T09:14:37.835Z] [2025-11-09T09:14:37.836Z] [INDEXING-ORCHESTRATOR] [DEBUG] 📍 Chunk 38-59: 1 candidate symbols
[2025-11-09T09:14:37.835Z] [2025-11-09T09:14:37.836Z] [INDEXING-ORCHESTRATOR] [DEBUG] ✅ Chunk symbols after filtering: 1 symbols - validateUserData
[2025-11-09T09:14:37.835Z] [2025-11-09T09:14:37.836Z] [INDEXING-ORCHESTRATOR] [DEBUG] 📍 Chunk 65-76: 1 candidate symbols
[2025-11-09T09:14:37.835Z] [2025-11-09T09:14:37.836Z] [INDEXING-ORCHESTRATOR] [DEBUG] ✅ Chunk symbols after filtering: 1 symbols - getDataFilePath
[2025-11-09T09:14:37.835Z] [2025-11-09T09:14:37.836Z] [INDEXING-ORCHESTRATOR] [DEBUG] 📍 Chunk 82-131: 1 candidate symbols
[2025-11-09T09:14:37.835Z] [2025-11-09T09:14:37.836Z] [INDEXING-ORCHESTRATOR] [DEBUG] ✅ Chunk symbols after filtering: 1 symbols - readUsersData
[2025-11-09T09:14:37.835Z] [2025-11-09T09:14:37.836Z] [INDEXING-ORCHESTRATOR] [DEBUG] 📍 Chunk 138-144: 1 candidate symbols
[2025-11-09T09:14:37.835Z] [2025-11-09T09:14:37.836Z] [INDEXING-ORCHESTRATOR] [DEBUG] ✅ Chunk symbols after filtering: 1 symbols - hashPassword
[2025-11-09T09:14:37.835Z] [2025-11-09T09:14:37.836Z] [INDEXING-ORCHESTRATOR] [DEBUG] 📍 Chunk 151-262: 1 candidate symbols
[2025-11-09T09:14:37.835Z] [2025-11-09T09:14:37.836Z] [INDEXING-ORCHESTRATOR] [DEBUG] ✅ Chunk symbols after filtering: 1 symbols - createUser
[2025-11-09T09:14:37.835Z] [2025-11-09T09:14:37.836Z] [INDEXING-ORCHESTRATOR] [DEBUG] 📍 Chunk 268-281: 1 candidate symbols
[2025-11-09T09:14:37.835Z] [2025-11-09T09:14:37.836Z] [INDEXING-ORCHESTRATOR] [DEBUG] ✅ Chunk symbols after filtering: 1 symbols - clearModelCache
[2025-11-09T09:14:37.835Z] [2025-11-09T09:14:37.836Z] [INDEXING-ORCHESTRATOR] [DEBUG] 📍 Chunk 287-356: 1 candidate symbols
[2025-11-09T09:14:37.835Z] [2025-11-09T09:14:37.836Z] [INDEXING-ORCHESTRATOR] [DEBUG] ✅ Chunk symbols after filtering: 1 symbols - seedUsers
[2025-11-09T09:14:37.835Z] [2025-11-09T09:14:37.836Z] [INDEXING-ORCHESTRATOR] [DEBUG] 📍 Chunk 362-402: 1 candidate symbols
[2025-11-09T09:14:37.835Z] [2025-11-09T09:14:37.836Z] [INDEXING-ORCHESTRATOR] [DEBUG] ✅ Chunk symbols after filtering: 1 symbols - resetSeededUsers
[2025-11-09T09:14:37.835Z] [2025-11-09T09:14:37.836Z] [INDEXING-ORCHESTRATOR] [DEBUG] Created 10 semantic chunks for C:\Projects\educatedplanet\dataservice\src\seeder\userseeder.ts
[2025-11-09T09:14:37.835Z] [2025-11-09T09:14:37.836Z] [INDEXING-ORCHESTRATOR] [DEBUG] Average chunk size: 1202 characters
[2025-11-09T09:14:37.838Z] [2025-11-09T09:14:37.839Z] [TREESITTER-CHUNKER] [INFO] 🔍 Found class: unknown (253 lines)
[2025-11-09T09:14:37.838Z] [2025-11-09T09:14:37.839Z] [TREESITTER-CHUNKER] [INFO] 📤 Splitting large class: unknown (253 lines > 150)
[2025-11-09T09:14:37.838Z] [2025-11-09T09:14:37.839Z] [TREESITTER-CHUNKER] [INFO] 🔧 Extracting methods from large class with 2 children
[2025-11-09T09:14:37.838Z] [2025-11-09T09:14:37.839Z] [TREESITTER-CHUNKER] [INFO] 🔍 Checking 28 nodes for methods (using class_body)
[2025-11-09T09:14:37.838Z] [2025-11-09T09:14:37.839Z] [TREESITTER-CHUNKER] [INFO]    Child type: public_field_definition at lines 15-15
[2025-11-09T09:14:37.838Z] [2025-11-09T09:14:37.839Z] [TREESITTER-CHUNKER] [INFO]    Child type: method_definition at lines 17-22
[2025-11-09T09:14:37.838Z] [2025-11-09T09:14:37.839Z] [TREESITTER-CHUNKER] [INFO]    🎯 Found method: unknown (6 lines, 144 chars)
[2025-11-09T09:14:37.838Z] [2025-11-09T09:14:37.839Z] [TREESITTER-CHUNKER] [INFO]    ✅ Added method chunk: unknown
[2025-11-09T09:14:37.838Z] [2025-11-09T09:14:37.839Z] [TREESITTER-CHUNKER] [INFO]    Child type: comment at lines 24-24
[2025-11-09T09:14:37.838Z] [2025-11-09T09:14:37.839Z] [TREESITTER-CHUNKER] [INFO]    Child type: method_definition at lines 25-40
[2025-11-09T09:14:37.838Z] [2025-11-09T09:14:37.839Z] [TREESITTER-CHUNKER] [INFO]    🎯 Found method: unknown (16 lines, 569 chars)
[2025-11-09T09:14:37.838Z] [2025-11-09T09:14:37.839Z] [TREESITTER-CHUNKER] [INFO]    ✅ Added method chunk: unknown
[2025-11-09T09:14:37.838Z] [2025-11-09T09:14:37.839Z] [TREESITTER-CHUNKER] [INFO]    Child type: comment at lines 42-42
[2025-11-09T09:14:37.838Z] [2025-11-09T09:14:37.839Z] [TREESITTER-CHUNKER] [INFO]    Child type: method_definition at lines 43-67
[2025-11-09T09:14:37.838Z] [2025-11-09T09:14:37.839Z] [TREESITTER-CHUNKER] [INFO]    🎯 Found method: unknown (25 lines, 933 chars)
[2025-11-09T09:14:37.838Z] [2025-11-09T09:14:37.839Z] [TREESITTER-CHUNKER] [INFO]    ✅ Added method chunk: unknown
[2025-11-09T09:14:37.838Z] [2025-11-09T09:14:37.839Z] [TREESITTER-CHUNKER] [INFO]    Child type: method_definition at lines 69-86
[2025-11-09T09:14:37.838Z] [2025-11-09T09:14:37.839Z] [TREESITTER-CHUNKER] [INFO]    🎯 Found method: unknown (18 lines, 623 chars)
[2025-11-09T09:14:37.838Z] [2025-11-09T09:14:37.839Z] [TREESITTER-CHUNKER] [INFO]    ✅ Added method chunk: unknown
[2025-11-09T09:14:37.838Z] [2025-11-09T09:14:37.839Z] [TREESITTER-CHUNKER] [INFO]    Child type: method_definition at lines 88-105
[2025-11-09T09:14:37.838Z] [2025-11-09T09:14:37.839Z] [TREESITTER-CHUNKER] [INFO]    🎯 Found method: unknown (18 lines, 585 chars)
[2025-11-09T09:14:37.838Z] [2025-11-09T09:14:37.839Z] [TREESITTER-CHUNKER] [INFO]    ✅ Added method chunk: unknown
[2025-11-09T09:14:37.838Z] [2025-11-09T09:14:37.839Z] [TREESITTER-CHUNKER] [INFO]    Child type: method_definition at lines 107-111
[2025-11-09T09:14:37.838Z] [2025-11-09T09:14:37.839Z] [TREESITTER-CHUNKER] [INFO]    🎯 Found method: unknown (5 lines, 199 chars)
[2025-11-09T09:14:37.838Z] [2025-11-09T09:14:37.839Z] [TREESITTER-CHUNKER] [INFO]    ✅ Added method chunk: unknown
[2025-11-09T09:14:37.838Z] [2025-11-09T09:14:37.839Z] [TREESITTER-CHUNKER] [INFO]    Child type: method_definition at lines 113-117
[2025-11-09T09:14:37.838Z] [2025-11-09T09:14:37.840Z] [TREESITTER-CHUNKER] [INFO]    🎯 Found method: unknown (5 lines, 207 chars)
[2025-11-09T09:14:37.838Z] [2025-11-09T09:14:37.840Z] [TREESITTER-CHUNKER] [INFO]    ✅ Added method chunk: unknown
[2025-11-09T09:14:37.838Z] [2025-11-09T09:14:37.840Z] [TREESITTER-CHUNKER] [INFO]    Child type: method_definition at lines 119-123
[2025-11-09T09:14:37.838Z] [2025-11-09T09:14:37.840Z] [TREESITTER-CHUNKER] [INFO]    🎯 Found method: unknown (5 lines, 220 chars)
[2025-11-09T09:14:37.838Z] [2025-11-09T09:14:37.840Z] [TREESITTER-CHUNKER] [INFO]    ✅ Added method chunk: unknown
[2025-11-09T09:14:37.838Z] [2025-11-09T09:14:37.840Z] [TREESITTER-CHUNKER] [INFO]    Child type: comment at lines 125-125
[2025-11-09T09:14:37.838Z] [2025-11-09T09:14:37.840Z] [TREESITTER-CHUNKER] [INFO]    Child type: method_definition at lines 126-146
[2025-11-09T09:14:37.838Z] [2025-11-09T09:14:37.840Z] [TREESITTER-CHUNKER] [INFO]    🎯 Found method: unknown (21 lines, 748 chars)
[2025-11-09T09:14:37.838Z] [2025-11-09T09:14:37.840Z] [TREESITTER-CHUNKER] [INFO]    ✅ Added method chunk: unknown
[2025-11-09T09:14:37.838Z] [2025-11-09T09:14:37.840Z] [TREESITTER-CHUNKER] [INFO]    Child type: method_definition at lines 148-153
[2025-11-09T09:14:37.838Z] [2025-11-09T09:14:37.840Z] [TREESITTER-CHUNKER] [INFO]    🎯 Found method: unknown (6 lines, 271 chars)
[2025-11-09T09:14:37.838Z] [2025-11-09T09:14:37.840Z] [TREESITTER-CHUNKER] [INFO]    ✅ Added method chunk: unknown
[2025-11-09T09:14:37.838Z] [2025-11-09T09:14:37.840Z] [TREESITTER-CHUNKER] [INFO]    Child type: method_definition at lines 155-173
[2025-11-09T09:14:37.838Z] [2025-11-09T09:14:37.840Z] [TREESITTER-CHUNKER] [INFO]    🎯 Found method: unknown (19 lines, 601 chars)
[2025-11-09T09:14:37.838Z] [2025-11-09T09:14:37.840Z] [TREESITTER-CHUNKER] [INFO]    ✅ Added method chunk: unknown
[2025-11-09T09:14:37.838Z] [2025-11-09T09:14:37.840Z] [TREESITTER-CHUNKER] [INFO]    Child type: method_definition at lines 175-179
[2025-11-09T09:14:37.838Z] [2025-11-09T09:14:37.840Z] [TREESITTER-CHUNKER] [INFO]    🎯 Found method: unknown (5 lines, 240 chars)
[2025-11-09T09:14:37.838Z] [2025-11-09T09:14:37.840Z] [TREESITTER-CHUNKER] [INFO]    ✅ Added method chunk: unknown
[2025-11-09T09:14:37.838Z] [2025-11-09T09:14:37.840Z] [TREESITTER-CHUNKER] [INFO]    Child type: comment at lines 181-181
[2025-11-09T09:14:37.838Z] [2025-11-09T09:14:37.840Z] [TREESITTER-CHUNKER] [INFO]    Child type: method_definition at lines 182-190
[2025-11-09T09:14:37.838Z] [2025-11-09T09:14:37.840Z] [TREESITTER-CHUNKER] [INFO]    🎯 Found method: unknown (9 lines, 301 chars)
[2025-11-09T09:14:37.838Z] [2025-11-09T09:14:37.840Z] [TREESITTER-CHUNKER] [INFO]    ✅ Added method chunk: unknown
[2025-11-09T09:14:37.839Z] [2025-11-09T09:14:37.840Z] [TREESITTER-CHUNKER] [INFO]    Child type: comment at lines 192-192
[2025-11-09T09:14:37.839Z] [2025-11-09T09:14:37.840Z] [TREESITTER-CHUNKER] [INFO]    Child type: method_definition at lines 193-196
[2025-11-09T09:14:37.839Z] [2025-11-09T09:14:37.840Z] [TREESITTER-CHUNKER] [INFO]    🎯 Found method: unknown (4 lines, 170 chars)
[2025-11-09T09:14:37.839Z] [2025-11-09T09:14:37.840Z] [TREESITTER-CHUNKER] [INFO]    ✅ Added method chunk: unknown
[2025-11-09T09:14:37.839Z] [2025-11-09T09:14:37.840Z] [TREESITTER-CHUNKER] [INFO]    Child type: method_definition at lines 198-213
[2025-11-09T09:14:37.839Z] [2025-11-09T09:14:37.840Z] [TREESITTER-CHUNKER] [INFO]    🎯 Found method: unknown (16 lines, 508 chars)
[2025-11-09T09:14:37.839Z] [2025-11-09T09:14:37.840Z] [TREESITTER-CHUNKER] [INFO]    ✅ Added method chunk: unknown
[2025-11-09T09:14:37.839Z] [2025-11-09T09:14:37.840Z] [TREESITTER-CHUNKER] [INFO]    Child type: method_definition at lines 215-234
[2025-11-09T09:14:37.839Z] [2025-11-09T09:14:37.840Z] [TREESITTER-CHUNKER] [INFO]    🎯 Found method: unknown (20 lines, 584 chars)
[2025-11-09T09:14:37.839Z] [2025-11-09T09:14:37.840Z] [TREESITTER-CHUNKER] [INFO]    ✅ Added method chunk: unknown
[2025-11-09T09:14:37.839Z] [2025-11-09T09:14:37.840Z] [TREESITTER-CHUNKER] [INFO]    Child type: comment at lines 236-236
[2025-11-09T09:14:37.839Z] [2025-11-09T09:14:37.840Z] [TREESITTER-CHUNKER] [INFO]    Child type: method_definition at lines 237-252
[2025-11-09T09:14:37.839Z] [2025-11-09T09:14:37.840Z] [TREESITTER-CHUNKER] [INFO]    🎯 Found method: unknown (16 lines, 501 chars)
[2025-11-09T09:14:37.839Z] [2025-11-09T09:14:37.840Z] [TREESITTER-CHUNKER] [INFO]    ✅ Added method chunk: unknown
[2025-11-09T09:14:37.839Z] [2025-11-09T09:14:37.840Z] [TREESITTER-CHUNKER] [INFO]    Child type: comment at lines 254-254
[2025-11-09T09:14:37.839Z] [2025-11-09T09:14:37.840Z] [TREESITTER-CHUNKER] [INFO]    Child type: method_definition at lines 255-259
[2025-11-09T09:14:37.839Z] [2025-11-09T09:14:37.840Z] [TREESITTER-CHUNKER] [INFO]    🎯 Found method: unknown (5 lines, 229 chars)
[2025-11-09T09:14:37.839Z] [2025-11-09T09:14:37.840Z] [TREESITTER-CHUNKER] [INFO]    ✅ Added method chunk: unknown
[2025-11-09T09:14:37.839Z] [2025-11-09T09:14:37.840Z] [TREESITTER-CHUNKER] [INFO]    Child type: comment at lines 261-261
[2025-11-09T09:14:37.839Z] [2025-11-09T09:14:37.840Z] [TREESITTER-CHUNKER] [INFO]    Child type: method_definition at lines 262-265
[2025-11-09T09:14:37.839Z] [2025-11-09T09:14:37.840Z] [TREESITTER-CHUNKER] [INFO]    🎯 Found method: unknown (4 lines, 162 chars)
[2025-11-09T09:14:37.839Z] [2025-11-09T09:14:37.840Z] [TREESITTER-CHUNKER] [INFO]    ✅ Added method chunk: unknown
[2025-11-09T09:14:37.839Z] [2025-11-09T09:14:37.840Z] [TREESITTER-CHUNKER] [INFO] 🏁 Extracted 19 methods from large class
[2025-11-09T09:14:37.848Z] [2025-11-09T09:14:37.849Z] [TREESITTER-CHUNKER] [INFO] Created 8 semantic chunks from C:\Projects\educatedplanet\dataservice\src\services\class.service.ts
[2025-11-09T09:14:37.897Z] [2025-11-09T09:14:37.899Z] [TREESITTER-FULL] [INFO] Extracted 2 symbols from C:\Projects\educatedplanet\dataservice\src\services\class.service.ts
[2025-11-09T09:14:37.897Z] [2025-11-09T09:14:37.899Z] [INDEXING-ORCHESTRATOR] [DEBUG] 🔍 Symbol extraction for C:\Projects\educatedplanet\dataservice\src\services\class.service.ts: 2 symbols, 3 imports
[2025-11-09T09:14:37.897Z] [2025-11-09T09:14:37.899Z] [INDEXING-ORCHESTRATOR] [DEBUG] 📍 Chunk 14-40: 0 candidate symbols
[2025-11-09T09:14:37.897Z] [2025-11-09T09:14:37.899Z] [INDEXING-ORCHESTRATOR] [DEBUG] ✅ Chunk symbols after filtering: 0 symbols - 
[2025-11-09T09:14:37.897Z] [2025-11-09T09:14:37.899Z] [INDEXING-ORCHESTRATOR] [DEBUG] 📍 Chunk 43-67: 0 candidate symbols
[2025-11-09T09:14:37.898Z] [2025-11-09T09:14:37.899Z] [INDEXING-ORCHESTRATOR] [DEBUG] ✅ Chunk symbols after filtering: 0 symbols - 
[2025-11-09T09:14:37.898Z] [2025-11-09T09:14:37.899Z] [INDEXING-ORCHESTRATOR] [DEBUG] 📍 Chunk 69-111: 0 candidate symbols
[2025-11-09T09:14:37.898Z] [2025-11-09T09:14:37.899Z] [INDEXING-ORCHESTRATOR] [DEBUG] ✅ Chunk symbols after filtering: 0 symbols - 
[2025-11-09T09:14:37.898Z] [2025-11-09T09:14:37.899Z] [INDEXING-ORCHESTRATOR] [DEBUG] 📍 Chunk 113-153: 0 candidate symbols
[2025-11-09T09:14:37.898Z] [2025-11-09T09:14:37.899Z] [INDEXING-ORCHESTRATOR] [DEBUG] ✅ Chunk symbols after filtering: 0 symbols - 
[2025-11-09T09:14:37.898Z] [2025-11-09T09:14:37.899Z] [INDEXING-ORCHESTRATOR] [DEBUG] 📍 Chunk 155-196: 0 candidate symbols
[2025-11-09T09:14:37.898Z] [2025-11-09T09:14:37.899Z] [INDEXING-ORCHESTRATOR] [DEBUG] ✅ Chunk symbols after filtering: 0 symbols - 
[2025-11-09T09:14:37.898Z] [2025-11-09T09:14:37.899Z] [INDEXING-ORCHESTRATOR] [DEBUG] 📍 Chunk 198-234: 0 candidate symbols
[2025-11-09T09:14:37.898Z] [2025-11-09T09:14:37.899Z] [INDEXING-ORCHESTRATOR] [DEBUG] ✅ Chunk symbols after filtering: 0 symbols - 
[2025-11-09T09:14:37.898Z] [2025-11-09T09:14:37.899Z] [INDEXING-ORCHESTRATOR] [DEBUG] 📍 Chunk 237-265: 0 candidate symbols
[2025-11-09T09:14:37.898Z] [2025-11-09T09:14:37.899Z] [INDEXING-ORCHESTRATOR] [DEBUG] ✅ Chunk symbols after filtering: 0 symbols - 
[2025-11-09T09:14:37.898Z] [2025-11-09T09:14:37.899Z] [INDEXING-ORCHESTRATOR] [DEBUG] 📍 Chunk 266-269: 1 candidate symbols
[2025-11-09T09:14:37.898Z] [2025-11-09T09:14:37.899Z] [INDEXING-ORCHESTRATOR] [DEBUG] ✅ Chunk symbols after filtering: 1 symbols - classService
[2025-11-09T09:14:37.898Z] [2025-11-09T09:14:37.899Z] [INDEXING-ORCHESTRATOR] [DEBUG] Created 8 semantic chunks for C:\Projects\educatedplanet\dataservice\src\services\class.service.ts
[2025-11-09T09:14:37.898Z] [2025-11-09T09:14:37.899Z] [INDEXING-ORCHESTRATOR] [DEBUG] Average chunk size: 1021 characters
[2025-11-09T09:14:37.900Z] [2025-11-09T09:14:37.901Z] [TREESITTER-CHUNKER] [INFO] 🔍 Found class: unknown (158 lines)
[2025-11-09T09:14:37.900Z] [2025-11-09T09:14:37.901Z] [TREESITTER-CHUNKER] [INFO] 📤 Splitting large class: unknown (158 lines > 150)
[2025-11-09T09:14:37.900Z] [2025-11-09T09:14:37.901Z] [TREESITTER-CHUNKER] [INFO] 🔧 Extracting methods from large class with 2 children
[2025-11-09T09:14:37.900Z] [2025-11-09T09:14:37.901Z] [TREESITTER-CHUNKER] [INFO] 🔍 Checking 17 nodes for methods (using class_body)
[2025-11-09T09:14:37.900Z] [2025-11-09T09:14:37.901Z] [TREESITTER-CHUNKER] [INFO]    Child type: public_field_definition at lines 13-13
[2025-11-09T09:14:37.900Z] [2025-11-09T09:14:37.901Z] [TREESITTER-CHUNKER] [INFO]    Child type: public_field_definition at lines 14-14
[2025-11-09T09:14:37.900Z] [2025-11-09T09:14:37.901Z] [TREESITTER-CHUNKER] [INFO]    Child type: method_definition at lines 16-16
[2025-11-09T09:14:37.900Z] [2025-11-09T09:14:37.901Z] [TREESITTER-CHUNKER] [INFO]    🎯 Found method: unknown (1 lines, 24 chars)
[2025-11-09T09:14:37.900Z] [2025-11-09T09:14:37.901Z] [TREESITTER-CHUNKER] [INFO]    ❌ Method too small: unknown (24 < 30)
[2025-11-09T09:14:37.900Z] [2025-11-09T09:14:37.901Z] [TREESITTER-CHUNKER] [INFO]    Child type: comment at lines 18-20
[2025-11-09T09:14:37.900Z] [2025-11-09T09:14:37.901Z] [TREESITTER-CHUNKER] [INFO]    Child type: method_definition at lines 21-26
[2025-11-09T09:14:37.900Z] [2025-11-09T09:14:37.901Z] [TREESITTER-CHUNKER] [INFO]    🎯 Found method: unknown (6 lines, 186 chars)
[2025-11-09T09:14:37.900Z] [2025-11-09T09:14:37.901Z] [TREESITTER-CHUNKER] [INFO]    ✅ Added method chunk: unknown
[2025-11-09T09:14:37.900Z] [2025-11-09T09:14:37.901Z] [TREESITTER-CHUNKER] [INFO]    Child type: comment at lines 28-30
[2025-11-09T09:14:37.900Z] [2025-11-09T09:14:37.902Z] [TREESITTER-CHUNKER] [INFO]    Child type: method_definition at lines 31-69
[2025-11-09T09:14:37.900Z] [2025-11-09T09:14:37.902Z] [TREESITTER-CHUNKER] [INFO]    🎯 Found method: unknown (39 lines, 1131 chars)
[2025-11-09T09:14:37.900Z] [2025-11-09T09:14:37.902Z] [TREESITTER-CHUNKER] [INFO]    ✅ Added method chunk: unknown
[2025-11-09T09:14:37.901Z] [2025-11-09T09:14:37.902Z] [TREESITTER-CHUNKER] [INFO]    Child type: comment at lines 71-73
[2025-11-09T09:14:37.901Z] [2025-11-09T09:14:37.902Z] [TREESITTER-CHUNKER] [INFO]    Child type: method_definition at lines 74-87
[2025-11-09T09:14:37.901Z] [2025-11-09T09:14:37.902Z] [TREESITTER-CHUNKER] [INFO]    🎯 Found method: unknown (14 lines, 336 chars)
[2025-11-09T09:14:37.901Z] [2025-11-09T09:14:37.902Z] [TREESITTER-CHUNKER] [INFO]    ✅ Added method chunk: unknown
[2025-11-09T09:14:37.901Z] [2025-11-09T09:14:37.902Z] [TREESITTER-CHUNKER] [INFO]    Child type: comment at lines 89-91
[2025-11-09T09:14:37.901Z] [2025-11-09T09:14:37.902Z] [TREESITTER-CHUNKER] [INFO]    Child type: method_definition at lines 92-94
[2025-11-09T09:14:37.901Z] [2025-11-09T09:14:37.902Z] [TREESITTER-CHUNKER] [INFO]    🎯 Found method: unknown (3 lines, 111 chars)
[2025-11-09T09:14:37.901Z] [2025-11-09T09:14:37.902Z] [TREESITTER-CHUNKER] [INFO]    ✅ Added method chunk: unknown
[2025-11-09T09:14:37.901Z] [2025-11-09T09:14:37.902Z] [TREESITTER-CHUNKER] [INFO]    Child type: comment at lines 96-98
[2025-11-09T09:14:37.901Z] [2025-11-09T09:14:37.902Z] [TREESITTER-CHUNKER] [INFO]    Child type: method_definition at lines 99-107
[2025-11-09T09:14:37.901Z] [2025-11-09T09:14:37.902Z] [TREESITTER-CHUNKER] [INFO]    🎯 Found method: unknown (9 lines, 252 chars)
[2025-11-09T09:14:37.901Z] [2025-11-09T09:14:37.902Z] [TREESITTER-CHUNKER] [INFO]    ✅ Added method chunk: unknown
[2025-11-09T09:14:37.901Z] [2025-11-09T09:14:37.902Z] [TREESITTER-CHUNKER] [INFO]    Child type: comment at lines 109-111
[2025-11-09T09:14:37.901Z] [2025-11-09T09:14:37.902Z] [TREESITTER-CHUNKER] [INFO]    Child type: method_definition at lines 112-136
[2025-11-09T09:14:37.902Z] [2025-11-09T09:14:37.902Z] [TREESITTER-CHUNKER] [INFO]    🎯 Found method: unknown (25 lines, 657 chars)
[2025-11-09T09:14:37.902Z] [2025-11-09T09:14:37.902Z] [TREESITTER-CHUNKER] [INFO]    ✅ Added method chunk: unknown
[2025-11-09T09:14:37.902Z] [2025-11-09T09:14:37.902Z] [TREESITTER-CHUNKER] [INFO]    Child type: comment at lines 138-140
[2025-11-09T09:14:37.902Z] [2025-11-09T09:14:37.902Z] [TREESITTER-CHUNKER] [INFO]    Child type: method_definition at lines 141-168
[2025-11-09T09:14:37.902Z] [2025-11-09T09:14:37.903Z] [TREESITTER-CHUNKER] [INFO]    🎯 Found method: unknown (28 lines, 699 chars)
[2025-11-09T09:14:37.902Z] [2025-11-09T09:14:37.903Z] [TREESITTER-CHUNKER] [INFO]    ✅ Added method chunk: unknown
[2025-11-09T09:14:37.902Z] [2025-11-09T09:14:37.903Z] [TREESITTER-CHUNKER] [INFO] 🏁 Extracted 7 methods from large class
[2025-11-09T09:14:37.909Z] [2025-11-09T09:14:37.910Z] [TREESITTER-CHUNKER] [INFO] Created 6 semantic chunks from C:\Projects\educatedplanet\dataservice\src\services\database.service.ts
[2025-11-09T09:14:37.936Z] [2025-11-09T09:14:37.937Z] [TREESITTER-FULL] [INFO] Extracted 3 symbols from C:\Projects\educatedplanet\dataservice\src\services\database.service.ts
[2025-11-09T09:14:37.936Z] [2025-11-09T09:14:37.937Z] [INDEXING-ORCHESTRATOR] [DEBUG] 🔍 Symbol extraction for C:\Projects\educatedplanet\dataservice\src\services\database.service.ts: 3 symbols, 1 imports
[2025-11-09T09:14:37.936Z] [2025-11-09T09:14:37.937Z] [INDEXING-ORCHESTRATOR] [DEBUG] 📍 Chunk 3-7: 1 candidate symbols
[2025-11-09T09:14:37.936Z] [2025-11-09T09:14:37.937Z] [INDEXING-ORCHESTRATOR] [DEBUG] ✅ Chunk symbols after filtering: 1 symbols - DatabaseConfig
[2025-11-09T09:14:37.936Z] [2025-11-09T09:14:37.937Z] [INDEXING-ORCHESTRATOR] [DEBUG] 📍 Chunk 12-26: 0 candidate symbols
[2025-11-09T09:14:37.936Z] [2025-11-09T09:14:37.937Z] [INDEXING-ORCHESTRATOR] [DEBUG] ✅ Chunk symbols after filtering: 0 symbols - 
[2025-11-09T09:14:37.936Z] [2025-11-09T09:14:37.937Z] [INDEXING-ORCHESTRATOR] [DEBUG] 📍 Chunk 31-69: 0 candidate symbols
[2025-11-09T09:14:37.936Z] [2025-11-09T09:14:37.937Z] [INDEXING-ORCHESTRATOR] [DEBUG] ✅ Chunk symbols after filtering: 0 symbols - 
[2025-11-09T09:14:37.936Z] [2025-11-09T09:14:37.937Z] [INDEXING-ORCHESTRATOR] [DEBUG] 📍 Chunk 74-107: 0 candidate symbols
[2025-11-09T09:14:37.936Z] [2025-11-09T09:14:37.937Z] [INDEXING-ORCHESTRATOR] [DEBUG] ✅ Chunk symbols after filtering: 0 symbols - 
[2025-11-09T09:14:37.936Z] [2025-11-09T09:14:37.937Z] [INDEXING-ORCHESTRATOR] [DEBUG] 📍 Chunk 112-168: 0 candidate symbols
[2025-11-09T09:14:37.936Z] [2025-11-09T09:14:37.937Z] [INDEXING-ORCHESTRATOR] [DEBUG] ✅ Chunk symbols after filtering: 0 symbols - 
[2025-11-09T09:14:37.936Z] [2025-11-09T09:14:37.937Z] [INDEXING-ORCHESTRATOR] [DEBUG] 📍 Chunk 169-172: 1 candidate symbols
[2025-11-09T09:14:37.936Z] [2025-11-09T09:14:37.937Z] [INDEXING-ORCHESTRATOR] [DEBUG] ✅ Chunk symbols after filtering: 1 symbols - databaseService
[2025-11-09T09:14:37.936Z] [2025-11-09T09:14:37.937Z] [INDEXING-ORCHESTRATOR] [DEBUG] Created 6 semantic chunks for C:\Projects\educatedplanet\dataservice\src\services\database.service.ts
[2025-11-09T09:14:37.936Z] [2025-11-09T09:14:37.937Z] [INDEXING-ORCHESTRATOR] [DEBUG] Average chunk size: 652 characters
[2025-11-09T09:14:37.943Z] [2025-11-09T09:14:37.944Z] [TREESITTER-CHUNKER] [INFO] 🔍 Found class: unknown (318 lines)
[2025-11-09T09:14:37.943Z] [2025-11-09T09:14:37.944Z] [TREESITTER-CHUNKER] [INFO] 📤 Splitting large class: unknown (318 lines > 150)
[2025-11-09T09:14:37.943Z] [2025-11-09T09:14:37.944Z] [TREESITTER-CHUNKER] [INFO] 🔧 Extracting methods from large class with 2 children
[2025-11-09T09:14:37.943Z] [2025-11-09T09:14:37.945Z] [TREESITTER-CHUNKER] [INFO] 🔍 Checking 46 nodes for methods (using class_body)
[2025-11-09T09:14:37.943Z] [2025-11-09T09:14:37.945Z] [TREESITTER-CHUNKER] [INFO]    Child type: public_field_definition at lines 14-14
[2025-11-09T09:14:37.943Z] [2025-11-09T09:14:37.945Z] [TREESITTER-CHUNKER] [INFO]    Child type: method_definition at lines 16-21
[2025-11-09T09:14:37.943Z] [2025-11-09T09:14:37.945Z] [TREESITTER-CHUNKER] [INFO]    🎯 Found method: unknown (6 lines, 170 chars)
[2025-11-09T09:14:37.943Z] [2025-11-09T09:14:37.945Z] [TREESITTER-CHUNKER] [INFO]    ✅ Added method chunk: unknown
[2025-11-09T09:14:37.943Z] [2025-11-09T09:14:37.945Z] [TREESITTER-CHUNKER] [INFO]    Child type: comment at lines 23-25
[2025-11-09T09:14:37.943Z] [2025-11-09T09:14:37.945Z] [TREESITTER-CHUNKER] [INFO]    Child type: method_definition at lines 26-42
[2025-11-09T09:14:37.943Z] [2025-11-09T09:14:37.945Z] [TREESITTER-CHUNKER] [INFO]    🎯 Found method: unknown (17 lines, 606 chars)
[2025-11-09T09:14:37.943Z] [2025-11-09T09:14:37.945Z] [TREESITTER-CHUNKER] [INFO]    ✅ Added method chunk: unknown
[2025-11-09T09:14:37.943Z] [2025-11-09T09:14:37.945Z] [TREESITTER-CHUNKER] [INFO]    Child type: comment at lines 43-45
[2025-11-09T09:14:37.943Z] [2025-11-09T09:14:37.945Z] [TREESITTER-CHUNKER] [INFO]    Child type: method_definition at lines 46-77
[2025-11-09T09:14:37.943Z] [2025-11-09T09:14:37.945Z] [TREESITTER-CHUNKER] [INFO]    🎯 Found method: unknown (32 lines, 907 chars)
[2025-11-09T09:14:37.943Z] [2025-11-09T09:14:37.945Z] [TREESITTER-CHUNKER] [INFO]    ✅ Added method chunk: unknown
[2025-11-09T09:14:37.944Z] [2025-11-09T09:14:37.945Z] [TREESITTER-CHUNKER] [INFO]    Child type: comment at lines 79-81
[2025-11-09T09:14:37.944Z] [2025-11-09T09:14:37.945Z] [TREESITTER-CHUNKER] [INFO]    Child type: method_definition at lines 82-87
[2025-11-09T09:14:37.944Z] [2025-11-09T09:14:37.945Z] [TREESITTER-CHUNKER] [INFO]    🎯 Found method: unknown (6 lines, 230 chars)
[2025-11-09T09:14:37.944Z] [2025-11-09T09:14:37.945Z] [TREESITTER-CHUNKER] [INFO]    ✅ Added method chunk: unknown
[2025-11-09T09:14:37.944Z] [2025-11-09T09:14:37.945Z] [TREESITTER-CHUNKER] [INFO]    Child type: comment at lines 89-91
[2025-11-09T09:14:37.944Z] [2025-11-09T09:14:37.945Z] [TREESITTER-CHUNKER] [INFO]    Child type: method_definition at lines 92-115
[2025-11-09T09:14:37.944Z] [2025-11-09T09:14:37.945Z] [TREESITTER-CHUNKER] [INFO]    🎯 Found method: unknown (24 lines, 613 chars)
[2025-11-09T09:14:37.944Z] [2025-11-09T09:14:37.945Z] [TREESITTER-CHUNKER] [INFO]    ✅ Added method chunk: unknown
[2025-11-09T09:14:37.944Z] [2025-11-09T09:14:37.945Z] [TREESITTER-CHUNKER] [INFO]    Child type: comment at lines 117-119
[2025-11-09T09:14:37.944Z] [2025-11-09T09:14:37.945Z] [TREESITTER-CHUNKER] [INFO]    Child type: method_definition at lines 120-123
[2025-11-09T09:14:37.944Z] [2025-11-09T09:14:37.945Z] [TREESITTER-CHUNKER] [INFO]    🎯 Found method: unknown (4 lines, 200 chars)
[2025-11-09T09:14:37.944Z] [2025-11-09T09:14:37.945Z] [TREESITTER-CHUNKER] [INFO]    ✅ Added method chunk: unknown
[2025-11-09T09:14:37.944Z] [2025-11-09T09:14:37.945Z] [TREESITTER-CHUNKER] [INFO]    Child type: comment at lines 125-127
[2025-11-09T09:14:37.944Z] [2025-11-09T09:14:37.945Z] [TREESITTER-CHUNKER] [INFO]    Child type: method_definition at lines 128-131
[2025-11-09T09:14:37.944Z] [2025-11-09T09:14:37.945Z] [TREESITTER-CHUNKER] [INFO]    🎯 Found method: unknown (4 lines, 190 chars)
[2025-11-09T09:14:37.944Z] [2025-11-09T09:14:37.945Z] [TREESITTER-CHUNKER] [INFO]    ✅ Added method chunk: unknown
[2025-11-09T09:14:37.944Z] [2025-11-09T09:14:37.945Z] [TREESITTER-CHUNKER] [INFO]    Child type: comment at lines 133-135
[2025-11-09T09:14:37.944Z] [2025-11-09T09:14:37.946Z] [TREESITTER-CHUNKER] [INFO]    Child type: method_definition at lines 136-139
[2025-11-09T09:14:37.944Z] [2025-11-09T09:14:37.946Z] [TREESITTER-CHUNKER] [INFO]    🎯 Found method: unknown (4 lines, 220 chars)
[2025-11-09T09:14:37.944Z] [2025-11-09T09:14:37.946Z] [TREESITTER-CHUNKER] [INFO]    ✅ Added method chunk: unknown
[2025-11-09T09:14:37.944Z] [2025-11-09T09:14:37.946Z] [TREESITTER-CHUNKER] [INFO]    Child type: comment at lines 141-143
[2025-11-09T09:14:37.944Z] [2025-11-09T09:14:37.946Z] [TREESITTER-CHUNKER] [INFO]    Child type: method_definition at lines 144-151
[2025-11-09T09:14:37.944Z] [2025-11-09T09:14:37.946Z] [TREESITTER-CHUNKER] [INFO]    🎯 Found method: unknown (8 lines, 424 chars)
[2025-11-09T09:14:37.945Z] [2025-11-09T09:14:37.946Z] [TREESITTER-CHUNKER] [INFO]    ✅ Added method chunk: unknown
[2025-11-09T09:14:37.945Z] [2025-11-09T09:14:37.946Z] [TREESITTER-CHUNKER] [INFO]    Child type: comment at lines 153-155
[2025-11-09T09:14:37.945Z] [2025-11-09T09:14:37.946Z] [TREESITTER-CHUNKER] [INFO]    Child type: method_definition at lines 156-159
[2025-11-09T09:14:37.945Z] [2025-11-09T09:14:37.946Z] [TREESITTER-CHUNKER] [INFO]    🎯 Found method: unknown (4 lines, 199 chars)
[2025-11-09T09:14:37.945Z] [2025-11-09T09:14:37.946Z] [TREESITTER-CHUNKER] [INFO]    ✅ Added method chunk: unknown
[2025-11-09T09:14:37.945Z] [2025-11-09T09:14:37.946Z] [TREESITTER-CHUNKER] [INFO]    Child type: comment at lines 161-163
[2025-11-09T09:14:37.945Z] [2025-11-09T09:14:37.946Z] [TREESITTER-CHUNKER] [INFO]    Child type: method_definition at lines 164-167
[2025-11-09T09:14:37.945Z] [2025-11-09T09:14:37.946Z] [TREESITTER-CHUNKER] [INFO]    🎯 Found method: unknown (4 lines, 194 chars)
[2025-11-09T09:14:37.945Z] [2025-11-09T09:14:37.946Z] [TREESITTER-CHUNKER] [INFO]    ✅ Added method chunk: unknown
[2025-11-09T09:14:37.945Z] [2025-11-09T09:14:37.946Z] [TREESITTER-CHUNKER] [INFO]    Child type: comment at lines 169-171
[2025-11-09T09:14:37.945Z] [2025-11-09T09:14:37.946Z] [TREESITTER-CHUNKER] [INFO]    Child type: method_definition at lines 172-175
[2025-11-09T09:14:37.945Z] [2025-11-09T09:14:37.946Z] [TREESITTER-CHUNKER] [INFO]    🎯 Found method: unknown (4 lines, 190 chars)
[2025-11-09T09:14:37.945Z] [2025-11-09T09:14:37.946Z] [TREESITTER-CHUNKER] [INFO]    ✅ Added method chunk: unknown
[2025-11-09T09:14:37.945Z] [2025-11-09T09:14:37.946Z] [TREESITTER-CHUNKER] [INFO]    Child type: comment at lines 177-179
[2025-11-09T09:14:37.945Z] [2025-11-09T09:14:37.946Z] [TREESITTER-CHUNKER] [INFO]    Child type: method_definition at lines 180-199
[2025-11-09T09:14:37.945Z] [2025-11-09T09:14:37.947Z] [TREESITTER-CHUNKER] [INFO]    🎯 Found method: unknown (20 lines, 883 chars)
[2025-11-09T09:14:37.945Z] [2025-11-09T09:14:37.947Z] [TREESITTER-CHUNKER] [INFO]    ✅ Added method chunk: unknown
[2025-11-09T09:14:37.945Z] [2025-11-09T09:14:37.947Z] [TREESITTER-CHUNKER] [INFO]    Child type: comment at lines 201-203
[2025-11-09T09:14:37.945Z] [2025-11-09T09:14:37.947Z] [TREESITTER-CHUNKER] [INFO]    Child type: method_definition at lines 204-207
[2025-11-09T09:14:37.945Z] [2025-11-09T09:14:37.947Z] [TREESITTER-CHUNKER] [INFO]    🎯 Found method: unknown (4 lines, 230 chars)
[2025-11-09T09:14:37.945Z] [2025-11-09T09:14:37.947Z] [TREESITTER-CHUNKER] [INFO]    ✅ Added method chunk: unknown
[2025-11-09T09:14:37.945Z] [2025-11-09T09:14:37.947Z] [TREESITTER-CHUNKER] [INFO]    Child type: comment at lines 209-211
[2025-11-09T09:14:37.945Z] [2025-11-09T09:14:37.947Z] [TREESITTER-CHUNKER] [INFO]    Child type: method_definition at lines 212-215
[2025-11-09T09:14:37.946Z] [2025-11-09T09:14:37.947Z] [TREESITTER-CHUNKER] [INFO]    🎯 Found method: unknown (4 lines, 238 chars)
[2025-11-09T09:14:37.946Z] [2025-11-09T09:14:37.947Z] [TREESITTER-CHUNKER] [INFO]    ✅ Added method chunk: unknown
[2025-11-09T09:14:37.946Z] [2025-11-09T09:14:37.947Z] [TREESITTER-CHUNKER] [INFO]    Child type: comment at lines 217-219
[2025-11-09T09:14:37.946Z] [2025-11-09T09:14:37.947Z] [TREESITTER-CHUNKER] [INFO]    Child type: method_definition at lines 220-227
[2025-11-09T09:14:37.946Z] [2025-11-09T09:14:37.947Z] [TREESITTER-CHUNKER] [INFO]    🎯 Found method: unknown (8 lines, 338 chars)
[2025-11-09T09:14:37.946Z] [2025-11-09T09:14:37.947Z] [TREESITTER-CHUNKER] [INFO]    ✅ Added method chunk: unknown
[2025-11-09T09:14:37.946Z] [2025-11-09T09:14:37.947Z] [TREESITTER-CHUNKER] [INFO]    Child type: comment at lines 229-231
[2025-11-09T09:14:37.946Z] [2025-11-09T09:14:37.947Z] [TREESITTER-CHUNKER] [INFO]    Child type: method_definition at lines 232-234
[2025-11-09T09:14:37.946Z] [2025-11-09T09:14:37.947Z] [TREESITTER-CHUNKER] [INFO]    🎯 Found method: unknown (3 lines, 141 chars)
[2025-11-09T09:14:37.946Z] [2025-11-09T09:14:37.947Z] [TREESITTER-CHUNKER] [INFO]    ✅ Added method chunk: unknown
[2025-11-09T09:14:37.946Z] [2025-11-09T09:14:37.947Z] [TREESITTER-CHUNKER] [INFO]    Child type: comment at lines 236-238
[2025-11-09T09:14:37.946Z] [2025-11-09T09:14:37.947Z] [TREESITTER-CHUNKER] [INFO]    Child type: method_definition at lines 239-241
[2025-11-09T09:14:37.946Z] [2025-11-09T09:14:37.947Z] [TREESITTER-CHUNKER] [INFO]    🎯 Found method: unknown (3 lines, 141 chars)
[2025-11-09T09:14:37.946Z] [2025-11-09T09:14:37.947Z] [TREESITTER-CHUNKER] [INFO]    ✅ Added method chunk: unknown
[2025-11-09T09:14:37.946Z] [2025-11-09T09:14:37.947Z] [TREESITTER-CHUNKER] [INFO]    Child type: comment at lines 243-245
[2025-11-09T09:14:37.946Z] [2025-11-09T09:14:37.947Z] [TREESITTER-CHUNKER] [INFO]    Child type: method_definition at lines 246-248
[2025-11-09T09:14:37.946Z] [2025-11-09T09:14:37.948Z] [TREESITTER-CHUNKER] [INFO]    🎯 Found method: unknown (3 lines, 133 chars)
[2025-11-09T09:14:37.946Z] [2025-11-09T09:14:37.948Z] [TREESITTER-CHUNKER] [INFO]    ✅ Added method chunk: unknown
[2025-11-09T09:14:37.946Z] [2025-11-09T09:14:37.948Z] [TREESITTER-CHUNKER] [INFO]    Child type: comment at lines 250-252
[2025-11-09T09:14:37.946Z] [2025-11-09T09:14:37.948Z] [TREESITTER-CHUNKER] [INFO]    Child type: method_definition at lines 253-255
[2025-11-09T09:14:37.946Z] [2025-11-09T09:14:37.948Z] [TREESITTER-CHUNKER] [INFO]    🎯 Found method: unknown (3 lines, 128 chars)
[2025-11-09T09:14:37.946Z] [2025-11-09T09:14:37.948Z] [TREESITTER-CHUNKER] [INFO]    ✅ Added method chunk: unknown
[2025-11-09T09:14:37.946Z] [2025-11-09T09:14:37.948Z] [TREESITTER-CHUNKER] [INFO]    Child type: comment at lines 257-259
[2025-11-09T09:14:37.946Z] [2025-11-09T09:14:37.948Z] [TREESITTER-CHUNKER] [INFO]    Child type: method_definition at lines 260-262
[2025-11-09T09:14:37.947Z] [2025-11-09T09:14:37.948Z] [TREESITTER-CHUNKER] [INFO]    🎯 Found method: unknown (3 lines, 120 chars)
[2025-11-09T09:14:37.947Z] [2025-11-09T09:14:37.948Z] [TREESITTER-CHUNKER] [INFO]    ✅ Added method chunk: unknown
[2025-11-09T09:14:37.947Z] [2025-11-09T09:14:37.948Z] [TREESITTER-CHUNKER] [INFO]    Child type: comment at lines 264-266
[2025-11-09T09:14:37.947Z] [2025-11-09T09:14:37.948Z] [TREESITTER-CHUNKER] [INFO]    Child type: method_definition at lines 267-272
[2025-11-09T09:14:37.947Z] [2025-11-09T09:14:37.948Z] [TREESITTER-CHUNKER] [INFO]    🎯 Found method: unknown (6 lines, 143 chars)
[2025-11-09T09:14:37.947Z] [2025-11-09T09:14:37.948Z] [TREESITTER-CHUNKER] [INFO]    ✅ Added method chunk: unknown
[2025-11-09T09:14:37.947Z] [2025-11-09T09:14:37.948Z] [TREESITTER-CHUNKER] [INFO]    Child type: comment at lines 274-276
[2025-11-09T09:14:37.947Z] [2025-11-09T09:14:37.948Z] [TREESITTER-CHUNKER] [INFO]    Child type: method_definition at lines 277-329
[2025-11-09T09:14:37.947Z] [2025-11-09T09:14:37.948Z] [TREESITTER-CHUNKER] [INFO]    🎯 Found method: unknown (53 lines, 1609 chars)
[2025-11-09T09:14:37.947Z] [2025-11-09T09:14:37.949Z] [TREESITTER-CHUNKER] [INFO]    ✅ Added method chunk: unknown
[2025-11-09T09:14:37.947Z] [2025-11-09T09:14:37.949Z] [TREESITTER-CHUNKER] [INFO] 🏁 Extracted 23 methods from large class
[2025-11-09T09:14:37.965Z] [2025-11-09T09:14:37.966Z] [TREESITTER-CHUNKER] [INFO] Created 9 semantic chunks from C:\Projects\educatedplanet\dataservice\src\services\tutor.service.ts
[2025-11-09T09:14:38.126Z] [2025-11-09T09:14:38.127Z] [TREESITTER-FULL] [INFO] Extracted 2 symbols from C:\Projects\educatedplanet\dataservice\src\services\tutor.service.ts
[2025-11-09T09:14:38.126Z] [2025-11-09T09:14:38.127Z] [INDEXING-ORCHESTRATOR] [DEBUG] 🔍 Symbol extraction for C:\Projects\educatedplanet\dataservice\src\services\tutor.service.ts: 2 symbols, 3 imports
[2025-11-09T09:14:38.126Z] [2025-11-09T09:14:38.127Z] [INDEXING-ORCHESTRATOR] [DEBUG] 📍 Chunk 13-42: 0 candidate symbols
[2025-11-09T09:14:38.126Z] [2025-11-09T09:14:38.127Z] [INDEXING-ORCHESTRATOR] [DEBUG] ✅ Chunk symbols after filtering: 0 symbols - 
[2025-11-09T09:14:38.126Z] [2025-11-09T09:14:38.127Z] [INDEXING-ORCHESTRATOR] [DEBUG] 📍 Chunk 46-87: 0 candidate symbols
[2025-11-09T09:14:38.126Z] [2025-11-09T09:14:38.127Z] [INDEXING-ORCHESTRATOR] [DEBUG] ✅ Chunk symbols after filtering: 0 symbols - 
[2025-11-09T09:14:38.126Z] [2025-11-09T09:14:38.127Z] [INDEXING-ORCHESTRATOR] [DEBUG] 📍 Chunk 92-139: 0 candidate symbols
[2025-11-09T09:14:38.126Z] [2025-11-09T09:14:38.127Z] [INDEXING-ORCHESTRATOR] [DEBUG] ✅ Chunk symbols after filtering: 0 symbols - 
[2025-11-09T09:14:38.126Z] [2025-11-09T09:14:38.127Z] [INDEXING-ORCHESTRATOR] [DEBUG] 📍 Chunk 144-175: 0 candidate symbols
[2025-11-09T09:14:38.126Z] [2025-11-09T09:14:38.128Z] [INDEXING-ORCHESTRATOR] [DEBUG] ✅ Chunk symbols after filtering: 0 symbols - 
[2025-11-09T09:14:38.126Z] [2025-11-09T09:14:38.128Z] [INDEXING-ORCHESTRATOR] [DEBUG] 📍 Chunk 180-215: 0 candidate symbols
[2025-11-09T09:14:38.126Z] [2025-11-09T09:14:38.128Z] [INDEXING-ORCHESTRATOR] [DEBUG] ✅ Chunk symbols after filtering: 0 symbols - 
[2025-11-09T09:14:38.126Z] [2025-11-09T09:14:38.128Z] [INDEXING-ORCHESTRATOR] [DEBUG] 📍 Chunk 220-262: 0 candidate symbols
[2025-11-09T09:14:38.126Z] [2025-11-09T09:14:38.128Z] [INDEXING-ORCHESTRATOR] [DEBUG] ✅ Chunk symbols after filtering: 0 symbols - 
[2025-11-09T09:14:38.126Z] [2025-11-09T09:14:38.128Z] [INDEXING-ORCHESTRATOR] [DEBUG] 📍 Chunk 267-272: 0 candidate symbols
[2025-11-09T09:14:38.126Z] [2025-11-09T09:14:38.128Z] [INDEXING-ORCHESTRATOR] [DEBUG] ✅ Chunk symbols after filtering: 0 symbols - 
[2025-11-09T09:14:38.126Z] [2025-11-09T09:14:38.128Z] [INDEXING-ORCHESTRATOR] [DEBUG] 📍 Chunk 277-329: 0 candidate symbols
[2025-11-09T09:14:38.126Z] [2025-11-09T09:14:38.128Z] [INDEXING-ORCHESTRATOR] [DEBUG] ✅ Chunk symbols after filtering: 0 symbols - 
[2025-11-09T09:14:38.126Z] [2025-11-09T09:14:38.128Z] [INDEXING-ORCHESTRATOR] [DEBUG] 📍 Chunk 330-333: 1 candidate symbols
[2025-11-09T09:14:38.126Z] [2025-11-09T09:14:38.128Z] [INDEXING-ORCHESTRATOR] [DEBUG] ✅ Chunk symbols after filtering: 1 symbols - tutorService
[2025-11-09T09:14:38.126Z] [2025-11-09T09:14:38.128Z] [INDEXING-ORCHESTRATOR] [DEBUG] Created 9 semantic chunks for C:\Projects\educatedplanet\dataservice\src\services\tutor.service.ts
[2025-11-09T09:14:38.126Z] [2025-11-09T09:14:38.128Z] [INDEXING-ORCHESTRATOR] [DEBUG] Average chunk size: 1017 characters
[2025-11-09T09:14:38.130Z] [2025-11-09T09:14:38.132Z] [TREESITTER-CHUNKER] [INFO] 🔍 Found class: unknown (320 lines)
[2025-11-09T09:14:38.130Z] [2025-11-09T09:14:38.132Z] [TREESITTER-CHUNKER] [INFO] 📤 Splitting large class: unknown (320 lines > 150)
[2025-11-09T09:14:38.131Z] [2025-11-09T09:14:38.132Z] [TREESITTER-CHUNKER] [INFO] 🔧 Extracting methods from large class with 2 children
[2025-11-09T09:14:38.131Z] [2025-11-09T09:14:38.132Z] [TREESITTER-CHUNKER] [INFO] 🔍 Checking 46 nodes for methods (using class_body)
[2025-11-09T09:14:38.131Z] [2025-11-09T09:14:38.132Z] [TREESITTER-CHUNKER] [INFO]    Child type: public_field_definition at lines 14-14
[2025-11-09T09:14:38.131Z] [2025-11-09T09:14:38.132Z] [TREESITTER-CHUNKER] [INFO]    Child type: method_definition at lines 16-21
[2025-11-09T09:14:38.131Z] [2025-11-09T09:14:38.132Z] [TREESITTER-CHUNKER] [INFO]    🎯 Found method: unknown (6 lines, 172 chars)
[2025-11-09T09:14:38.131Z] [2025-11-09T09:14:38.132Z] [TREESITTER-CHUNKER] [INFO]    ✅ Added method chunk: unknown
[2025-11-09T09:14:38.131Z] [2025-11-09T09:14:38.132Z] [TREESITTER-CHUNKER] [INFO]    Child type: comment at lines 23-25
[2025-11-09T09:14:38.131Z] [2025-11-09T09:14:38.132Z] [TREESITTER-CHUNKER] [INFO]    Child type: method_definition at lines 26-38
[2025-11-09T09:14:38.131Z] [2025-11-09T09:14:38.132Z] [TREESITTER-CHUNKER] [INFO]    🎯 Found method: unknown (13 lines, 500 chars)
[2025-11-09T09:14:38.131Z] [2025-11-09T09:14:38.132Z] [TREESITTER-CHUNKER] [INFO]    ✅ Added method chunk: unknown
[2025-11-09T09:14:38.131Z] [2025-11-09T09:14:38.132Z] [TREESITTER-CHUNKER] [INFO]    Child type: comment at lines 39-41
[2025-11-09T09:14:38.131Z] [2025-11-09T09:14:38.132Z] [TREESITTER-CHUNKER] [INFO]    Child type: method_definition at lines 42-72
[2025-11-09T09:14:38.131Z] [2025-11-09T09:14:38.133Z] [TREESITTER-CHUNKER] [INFO]    🎯 Found method: unknown (31 lines, 955 chars)
[2025-11-09T09:14:38.131Z] [2025-11-09T09:14:38.133Z] [TREESITTER-CHUNKER] [INFO]    ✅ Added method chunk: unknown
[2025-11-09T09:14:38.131Z] [2025-11-09T09:14:38.133Z] [TREESITTER-CHUNKER] [INFO]    Child type: comment at lines 74-76
[2025-11-09T09:14:38.131Z] [2025-11-09T09:14:38.133Z] [TREESITTER-CHUNKER] [INFO]    Child type: method_definition at lines 77-82
[2025-11-09T09:14:38.131Z] [2025-11-09T09:14:38.133Z] [TREESITTER-CHUNKER] [INFO]    🎯 Found method: unknown (6 lines, 237 chars)
[2025-11-09T09:14:38.131Z] [2025-11-09T09:14:38.133Z] [TREESITTER-CHUNKER] [INFO]    ✅ Added method chunk: unknown
[2025-11-09T09:14:38.131Z] [2025-11-09T09:14:38.133Z] [TREESITTER-CHUNKER] [INFO]    Child type: comment at lines 84-86
[2025-11-09T09:14:38.131Z] [2025-11-09T09:14:38.133Z] [TREESITTER-CHUNKER] [INFO]    Child type: method_definition at lines 87-98
[2025-11-09T09:14:38.132Z] [2025-11-09T09:14:38.133Z] [TREESITTER-CHUNKER] [INFO]    🎯 Found method: unknown (12 lines, 349 chars)
[2025-11-09T09:14:38.132Z] [2025-11-09T09:14:38.133Z] [TREESITTER-CHUNKER] [INFO]    ✅ Added method chunk: unknown
[2025-11-09T09:14:38.132Z] [2025-11-09T09:14:38.133Z] [TREESITTER-CHUNKER] [INFO]    Child type: comment at lines 100-102
[2025-11-09T09:14:38.132Z] [2025-11-09T09:14:38.133Z] [TREESITTER-CHUNKER] [INFO]    Child type: method_definition at lines 103-109
[2025-11-09T09:14:38.132Z] [2025-11-09T09:14:38.133Z] [TREESITTER-CHUNKER] [INFO]    🎯 Found method: unknown (7 lines, 206 chars)
[2025-11-09T09:14:38.132Z] [2025-11-09T09:14:38.133Z] [TREESITTER-CHUNKER] [INFO]    ✅ Added method chunk: unknown
[2025-11-09T09:14:38.132Z] [2025-11-09T09:14:38.133Z] [TREESITTER-CHUNKER] [INFO]    Child type: comment at lines 111-113
[2025-11-09T09:14:38.132Z] [2025-11-09T09:14:38.133Z] [TREESITTER-CHUNKER] [INFO]    Child type: method_definition at lines 114-117
[2025-11-09T09:14:38.132Z] [2025-11-09T09:14:38.133Z] [TREESITTER-CHUNKER] [INFO]    🎯 Found method: unknown (4 lines, 207 chars)
[2025-11-09T09:14:38.132Z] [2025-11-09T09:14:38.133Z] [TREESITTER-CHUNKER] [INFO]    ✅ Added method chunk: unknown
[2025-11-09T09:14:38.132Z] [2025-11-09T09:14:38.133Z] [TREESITTER-CHUNKER] [INFO]    Child type: comment at lines 119-121
[2025-11-09T09:14:38.132Z] [2025-11-09T09:14:38.133Z] [TREESITTER-CHUNKER] [INFO]    Child type: method_definition at lines 122-129
[2025-11-09T09:14:38.132Z] [2025-11-09T09:14:38.133Z] [TREESITTER-CHUNKER] [INFO]    🎯 Found method: unknown (8 lines, 344 chars)
[2025-11-09T09:14:38.132Z] [2025-11-09T09:14:38.134Z] [TREESITTER-CHUNKER] [INFO]    ✅ Added method chunk: unknown
[2025-11-09T09:14:38.132Z] [2025-11-09T09:14:38.134Z] [TREESITTER-CHUNKER] [INFO]    Child type: comment at lines 131-133
[2025-11-09T09:14:38.132Z] [2025-11-09T09:14:38.134Z] [TREESITTER-CHUNKER] [INFO]    Child type: method_definition at lines 134-156
[2025-11-09T09:14:38.144Z] [2025-11-09T09:14:38.146Z] [TREESITTER-CHUNKER] [INFO]    🎯 Found method: unknown (23 lines, 728 chars)
[2025-11-09T09:14:38.145Z] [2025-11-09T09:14:38.146Z] [TREESITTER-CHUNKER] [INFO]    ✅ Added method chunk: unknown
[2025-11-09T09:14:38.145Z] [2025-11-09T09:14:38.147Z] [TREESITTER-CHUNKER] [INFO]    Child type: comment at lines 158-160
[2025-11-09T09:14:38.146Z] [2025-11-09T09:14:38.147Z] [TREESITTER-CHUNKER] [INFO]    Child type: method_definition at lines 161-173
[2025-11-09T09:14:38.146Z] [2025-11-09T09:14:38.147Z] [TREESITTER-CHUNKER] [INFO]    🎯 Found method: unknown (13 lines, 558 chars)
[2025-11-09T09:14:38.146Z] [2025-11-09T09:14:38.148Z] [TREESITTER-CHUNKER] [INFO]    ✅ Added method chunk: unknown
[2025-11-09T09:14:38.147Z] [2025-11-09T09:14:38.148Z] [TREESITTER-CHUNKER] [INFO]    Child type: comment at lines 175-177
[2025-11-09T09:14:38.147Z] [2025-11-09T09:14:38.148Z] [TREESITTER-CHUNKER] [INFO]    Child type: method_definition at lines 178-181
[2025-11-09T09:14:38.147Z] [2025-11-09T09:14:38.149Z] [TREESITTER-CHUNKER] [INFO]    🎯 Found method: unknown (4 lines, 238 chars)
[2025-11-09T09:14:38.148Z] [2025-11-09T09:14:38.149Z] [TREESITTER-CHUNKER] [INFO]    ✅ Added method chunk: unknown
[2025-11-09T09:14:38.148Z] [2025-11-09T09:14:38.150Z] [TREESITTER-CHUNKER] [INFO]    Child type: comment at lines 183-185
[2025-11-09T09:14:38.149Z] [2025-11-09T09:14:38.150Z] [TREESITTER-CHUNKER] [INFO]    Child type: method_definition at lines 186-189
[2025-11-09T09:14:38.149Z] [2025-11-09T09:14:38.150Z] [TREESITTER-CHUNKER] [INFO]    🎯 Found method: unknown (4 lines, 259 chars)
[2025-11-09T09:14:38.149Z] [2025-11-09T09:14:38.151Z] [TREESITTER-CHUNKER] [INFO]    ✅ Added method chunk: unknown
[2025-11-09T09:14:38.150Z] [2025-11-09T09:14:38.151Z] [TREESITTER-CHUNKER] [INFO]    Child type: comment at lines 191-193
[2025-11-09T09:14:38.150Z] [2025-11-09T09:14:38.151Z] [TREESITTER-CHUNKER] [INFO]    Child type: method_definition at lines 194-196
[2025-11-09T09:14:38.150Z] [2025-11-09T09:14:38.152Z] [TREESITTER-CHUNKER] [INFO]    🎯 Found method: unknown (3 lines, 121 chars)
[2025-11-09T09:14:38.151Z] [2025-11-09T09:14:38.152Z] [TREESITTER-CHUNKER] [INFO]    ✅ Added method chunk: unknown
[2025-11-09T09:14:38.151Z] [2025-11-09T09:14:38.152Z] [TREESITTER-CHUNKER] [INFO]    Child type: comment at lines 198-200
[2025-11-09T09:14:38.151Z] [2025-11-09T09:14:38.152Z] [TREESITTER-CHUNKER] [INFO]    Child type: method_definition at lines 201-203
[2025-11-09T09:14:38.151Z] [2025-11-09T09:14:38.152Z] [TREESITTER-CHUNKER] [INFO]    🎯 Found method: unknown (3 lines, 125 chars)
[2025-11-09T09:14:38.151Z] [2025-11-09T09:14:38.152Z] [TREESITTER-CHUNKER] [INFO]    ✅ Added method chunk: unknown
[2025-11-09T09:14:38.151Z] [2025-11-09T09:14:38.152Z] [TREESITTER-CHUNKER] [INFO]    Child type: comment at lines 205-207
[2025-11-09T09:14:38.151Z] [2025-11-09T09:14:38.152Z] [TREESITTER-CHUNKER] [INFO]    Child type: method_definition at lines 208-210
[2025-11-09T09:14:38.151Z] [2025-11-09T09:14:38.152Z] [TREESITTER-CHUNKER] [INFO]    🎯 Found method: unknown (3 lines, 129 chars)
[2025-11-09T09:14:38.151Z] [2025-11-09T09:14:38.152Z] [TREESITTER-CHUNKER] [INFO]    ✅ Added method chunk: unknown
[2025-11-09T09:14:38.151Z] [2025-11-09T09:14:38.152Z] [TREESITTER-CHUNKER] [INFO]    Child type: comment at lines 212-214
[2025-11-09T09:14:38.151Z] [2025-11-09T09:14:38.152Z] [TREESITTER-CHUNKER] [INFO]    Child type: method_definition at lines 215-228
[2025-11-09T09:14:38.151Z] [2025-11-09T09:14:38.152Z] [TREESITTER-CHUNKER] [INFO]    🎯 Found method: unknown (14 lines, 455 chars)
[2025-11-09T09:14:38.151Z] [2025-11-09T09:14:38.152Z] [TREESITTER-CHUNKER] [INFO]    ✅ Added method chunk: unknown
[2025-11-09T09:14:38.151Z] [2025-11-09T09:14:38.152Z] [TREESITTER-CHUNKER] [INFO]    Child type: comment at lines 230-232
[2025-11-09T09:14:38.151Z] [2025-11-09T09:14:38.152Z] [TREESITTER-CHUNKER] [INFO]    Child type: method_definition at lines 233-240
[2025-11-09T09:14:38.151Z] [2025-11-09T09:14:38.153Z] [TREESITTER-CHUNKER] [INFO]    🎯 Found method: unknown (8 lines, 216 chars)
[2025-11-09T09:14:38.151Z] [2025-11-09T09:14:38.153Z] [TREESITTER-CHUNKER] [INFO]    ✅ Added method chunk: unknown
[2025-11-09T09:14:38.151Z] [2025-11-09T09:14:38.153Z] [TREESITTER-CHUNKER] [INFO]    Child type: comment at lines 242-244
[2025-11-09T09:14:38.151Z] [2025-11-09T09:14:38.153Z] [TREESITTER-CHUNKER] [INFO]    Child type: method_definition at lines 245-250
[2025-11-09T09:14:38.151Z] [2025-11-09T09:14:38.153Z] [TREESITTER-CHUNKER] [INFO]    🎯 Found method: unknown (6 lines, 169 chars)
[2025-11-09T09:14:38.151Z] [2025-11-09T09:14:38.153Z] [TREESITTER-CHUNKER] [INFO]    ✅ Added method chunk: unknown
[2025-11-09T09:14:38.151Z] [2025-11-09T09:14:38.153Z] [TREESITTER-CHUNKER] [INFO]    Child type: comment at lines 252-254
[2025-11-09T09:14:38.152Z] [2025-11-09T09:14:38.153Z] [TREESITTER-CHUNKER] [INFO]    Child type: method_definition at lines 255-261
[2025-11-09T09:14:38.152Z] [2025-11-09T09:14:38.153Z] [TREESITTER-CHUNKER] [INFO]    🎯 Found method: unknown (7 lines, 248 chars)
[2025-11-09T09:14:38.152Z] [2025-11-09T09:14:38.153Z] [TREESITTER-CHUNKER] [INFO]    ✅ Added method chunk: unknown
[2025-11-09T09:14:38.152Z] [2025-11-09T09:14:38.153Z] [TREESITTER-CHUNKER] [INFO]    Child type: comment at lines 263-265
[2025-11-09T09:14:38.152Z] [2025-11-09T09:14:38.153Z] [TREESITTER-CHUNKER] [INFO]    Child type: method_definition at lines 266-283
[2025-11-09T09:14:38.152Z] [2025-11-09T09:14:38.153Z] [TREESITTER-CHUNKER] [INFO]    🎯 Found method: unknown (18 lines, 490 chars)
[2025-11-09T09:14:38.152Z] [2025-11-09T09:14:38.153Z] [TREESITTER-CHUNKER] [INFO]    ✅ Added method chunk: unknown
[2025-11-09T09:14:38.152Z] [2025-11-09T09:14:38.153Z] [TREESITTER-CHUNKER] [INFO]    Child type: comment at lines 285-287
[2025-11-09T09:14:38.152Z] [2025-11-09T09:14:38.153Z] [TREESITTER-CHUNKER] [INFO]    Child type: method_definition at lines 288-290
[2025-11-09T09:14:38.152Z] [2025-11-09T09:14:38.153Z] [TREESITTER-CHUNKER] [INFO]    🎯 Found method: unknown (3 lines, 129 chars)
[2025-11-09T09:14:38.152Z] [2025-11-09T09:14:38.153Z] [TREESITTER-CHUNKER] [INFO]    ✅ Added method chunk: unknown
[2025-11-09T09:14:38.152Z] [2025-11-09T09:14:38.153Z] [TREESITTER-CHUNKER] [INFO]    Child type: comment at lines 292-294
[2025-11-09T09:14:38.152Z] [2025-11-09T09:14:38.153Z] [TREESITTER-CHUNKER] [INFO]    Child type: method_definition at lines 295-298
[2025-11-09T09:14:38.152Z] [2025-11-09T09:14:38.154Z] [TREESITTER-CHUNKER] [INFO]    🎯 Found method: unknown (4 lines, 199 chars)
[2025-11-09T09:14:38.152Z] [2025-11-09T09:14:38.154Z] [TREESITTER-CHUNKER] [INFO]    ✅ Added method chunk: unknown
[2025-11-09T09:14:38.152Z] [2025-11-09T09:14:38.154Z] [TREESITTER-CHUNKER] [INFO]    Child type: comment at lines 300-302
[2025-11-09T09:14:38.152Z] [2025-11-09T09:14:38.154Z] [TREESITTER-CHUNKER] [INFO]    Child type: method_definition at lines 303-331
[2025-11-09T09:14:38.152Z] [2025-11-09T09:14:38.154Z] [TREESITTER-CHUNKER] [INFO]    🎯 Found method: unknown (29 lines, 965 chars)
[2025-11-09T09:14:38.152Z] [2025-11-09T09:14:38.154Z] [TREESITTER-CHUNKER] [INFO]    ✅ Added method chunk: unknown
[2025-11-09T09:14:38.152Z] [2025-11-09T09:14:38.154Z] [TREESITTER-CHUNKER] [INFO] 🏁 Extracted 23 methods from large class
[2025-11-09T09:14:38.163Z] [2025-11-09T09:14:38.165Z] [TREESITTER-CHUNKER] [INFO] Created 9 semantic chunks from C:\Projects\educatedplanet\dataservice\src\services\review.service.ts
[2025-11-09T09:14:38.205Z] [2025-11-09T09:14:38.206Z] [TREESITTER-FULL] [INFO] Extracted 2 symbols from C:\Projects\educatedplanet\dataservice\src\services\review.service.ts
[2025-11-09T09:14:38.205Z] [2025-11-09T09:14:38.206Z] [INDEXING-ORCHESTRATOR] [DEBUG] 🔍 Symbol extraction for C:\Projects\educatedplanet\dataservice\src\services\review.service.ts: 2 symbols, 3 imports
[2025-11-09T09:14:38.205Z] [2025-11-09T09:14:38.206Z] [INDEXING-ORCHESTRATOR] [DEBUG] 📍 Chunk 13-38: 0 candidate symbols
[2025-11-09T09:14:38.205Z] [2025-11-09T09:14:38.206Z] [INDEXING-ORCHESTRATOR] [DEBUG] ✅ Chunk symbols after filtering: 0 symbols - 
[2025-11-09T09:14:38.205Z] [2025-11-09T09:14:38.206Z] [INDEXING-ORCHESTRATOR] [DEBUG] 📍 Chunk 42-82: 0 candidate symbols
[2025-11-09T09:14:38.205Z] [2025-11-09T09:14:38.206Z] [INDEXING-ORCHESTRATOR] [DEBUG] ✅ Chunk symbols after filtering: 0 symbols - 
[2025-11-09T09:14:38.205Z] [2025-11-09T09:14:38.206Z] [INDEXING-ORCHESTRATOR] [DEBUG] 📍 Chunk 87-129: 0 candidate symbols
[2025-11-09T09:14:38.205Z] [2025-11-09T09:14:38.206Z] [INDEXING-ORCHESTRATOR] [DEBUG] ✅ Chunk symbols after filtering: 0 symbols - 
[2025-11-09T09:14:38.205Z] [2025-11-09T09:14:38.206Z] [INDEXING-ORCHESTRATOR] [DEBUG] 📍 Chunk 134-173: 0 candidate symbols
[2025-11-09T09:14:38.205Z] [2025-11-09T09:14:38.206Z] [INDEXING-ORCHESTRATOR] [DEBUG] ✅ Chunk symbols after filtering: 0 symbols - 
[2025-11-09T09:14:38.205Z] [2025-11-09T09:14:38.206Z] [INDEXING-ORCHESTRATOR] [DEBUG] 📍 Chunk 178-210: 0 candidate symbols
[2025-11-09T09:14:38.205Z] [2025-11-09T09:14:38.206Z] [INDEXING-ORCHESTRATOR] [DEBUG] ✅ Chunk symbols after filtering: 0 symbols - 
[2025-11-09T09:14:38.205Z] [2025-11-09T09:14:38.206Z] [INDEXING-ORCHESTRATOR] [DEBUG] 📍 Chunk 215-261: 0 candidate symbols
[2025-11-09T09:14:38.205Z] [2025-11-09T09:14:38.206Z] [INDEXING-ORCHESTRATOR] [DEBUG] ✅ Chunk symbols after filtering: 0 symbols - 
[2025-11-09T09:14:38.205Z] [2025-11-09T09:14:38.206Z] [INDEXING-ORCHESTRATOR] [DEBUG] 📍 Chunk 266-298: 0 candidate symbols
[2025-11-09T09:14:38.205Z] [2025-11-09T09:14:38.206Z] [INDEXING-ORCHESTRATOR] [DEBUG] ✅ Chunk symbols after filtering: 0 symbols - 
[2025-11-09T09:14:38.205Z] [2025-11-09T09:14:38.206Z] [INDEXING-ORCHESTRATOR] [DEBUG] 📍 Chunk 303-331: 0 candidate symbols
[2025-11-09T09:14:38.205Z] [2025-11-09T09:14:38.206Z] [INDEXING-ORCHESTRATOR] [DEBUG] ✅ Chunk symbols after filtering: 0 symbols - 
[2025-11-09T09:14:38.205Z] [2025-11-09T09:14:38.206Z] [INDEXING-ORCHESTRATOR] [DEBUG] 📍 Chunk 332-335: 1 candidate symbols
[2025-11-09T09:14:38.205Z] [2025-11-09T09:14:38.206Z] [INDEXING-ORCHESTRATOR] [DEBUG] ✅ Chunk symbols after filtering: 1 symbols - reviewService
[2025-11-09T09:14:38.205Z] [2025-11-09T09:14:38.206Z] [INDEXING-ORCHESTRATOR] [DEBUG] Created 9 semantic chunks for C:\Projects\educatedplanet\dataservice\src\services\review.service.ts
[2025-11-09T09:14:38.205Z] [2025-11-09T09:14:38.206Z] [INDEXING-ORCHESTRATOR] [DEBUG] Average chunk size: 987 characters
[2025-11-09T09:14:38.205Z] [2025-11-09T09:14:38.206Z] [INDEXING-ORCHESTRATOR] [DEBUG] 📊 Processed: 210/259 files
[2025-11-09T09:14:38.232Z] [2025-11-09T09:14:38.233Z] [TREESITTER-CHUNKER] [INFO] Created 3 semantic chunks from C:\Projects\educatedplanet\dataservice\src\utils\rsa-keys.ts
[2025-11-09T09:14:38.244Z] [2025-11-09T09:14:38.245Z] [TREESITTER-FULL] [INFO] Extracted 6 symbols from C:\Projects\educatedplanet\dataservice\src\utils\rsa-keys.ts
[2025-11-09T09:14:38.244Z] [2025-11-09T09:14:38.245Z] [INDEXING-ORCHESTRATOR] [DEBUG] 🔍 Symbol extraction for C:\Projects\educatedplanet\dataservice\src\utils\rsa-keys.ts: 6 symbols, 2 imports
[2025-11-09T09:14:38.244Z] [2025-11-09T09:14:38.245Z] [INDEXING-ORCHESTRATOR] [DEBUG] 📍 Chunk 17-66: 3 candidate symbols
[2025-11-09T09:14:38.244Z] [2025-11-09T09:14:38.245Z] [INDEXING-ORCHESTRATOR] [DEBUG] ✅ Chunk symbols after filtering: 3 symbols - initializeRSAKeys, getPublicKey, getPrivateKey
[2025-11-09T09:14:38.244Z] [2025-11-09T09:14:38.245Z] [INDEXING-ORCHESTRATOR] [DEBUG] 📍 Chunk 71-115: 2 candidate symbols
[2025-11-09T09:14:38.244Z] [2025-11-09T09:14:38.245Z] [INDEXING-ORCHESTRATOR] [DEBUG] ✅ Chunk symbols after filtering: 2 symbols - decryptWithPrivateKey, encryptWithPublicKey
[2025-11-09T09:14:38.244Z] [2025-11-09T09:14:38.245Z] [INDEXING-ORCHESTRATOR] [DEBUG] 📍 Chunk 120-140: 1 candidate symbols
[2025-11-09T09:14:38.244Z] [2025-11-09T09:14:38.245Z] [INDEXING-ORCHESTRATOR] [DEBUG] ✅ Chunk symbols after filtering: 1 symbols - regenerateRSAKeys
[2025-11-09T09:14:38.244Z] [2025-11-09T09:14:38.245Z] [INDEXING-ORCHESTRATOR] [DEBUG] Created 3 semantic chunks for C:\Projects\educatedplanet\dataservice\src\utils\rsa-keys.ts
[2025-11-09T09:14:38.244Z] [2025-11-09T09:14:38.245Z] [INDEXING-ORCHESTRATOR] [DEBUG] Average chunk size: 979 characters
[2025-11-09T09:14:38.247Z] [2025-11-09T09:14:38.248Z] [TREESITTER-CHUNKER] [INFO] 🔍 Found class: unknown (323 lines)
[2025-11-09T09:14:38.247Z] [2025-11-09T09:14:38.248Z] [TREESITTER-CHUNKER] [INFO] 📤 Splitting large class: unknown (323 lines > 150)
[2025-11-09T09:14:38.247Z] [2025-11-09T09:14:38.248Z] [TREESITTER-CHUNKER] [INFO] 🔧 Extracting methods from large class with 2 children
[2025-11-09T09:14:38.247Z] [2025-11-09T09:14:38.248Z] [TREESITTER-CHUNKER] [INFO] 🔍 Checking 30 nodes for methods (using class_body)
[2025-11-09T09:14:38.247Z] [2025-11-09T09:14:38.248Z] [TREESITTER-CHUNKER] [INFO]    Child type: public_field_definition at lines 17-17
[2025-11-09T09:14:38.247Z] [2025-11-09T09:14:38.248Z] [TREESITTER-CHUNKER] [INFO]    Child type: method_definition at lines 19-24
[2025-11-09T09:14:38.247Z] [2025-11-09T09:14:38.248Z] [TREESITTER-CHUNKER] [INFO]    🎯 Found method: unknown (6 lines, 168 chars)
[2025-11-09T09:14:38.247Z] [2025-11-09T09:14:38.248Z] [TREESITTER-CHUNKER] [INFO]    ✅ Added method chunk: unknown
[2025-11-09T09:14:38.247Z] [2025-11-09T09:14:38.248Z] [TREESITTER-CHUNKER] [INFO]    Child type: comment at lines 25-27
[2025-11-09T09:14:38.247Z] [2025-11-09T09:14:38.249Z] [TREESITTER-CHUNKER] [INFO]    Child type: method_definition at lines 28-39
[2025-11-09T09:14:38.247Z] [2025-11-09T09:14:38.249Z] [TREESITTER-CHUNKER] [INFO]    🎯 Found method: unknown (12 lines, 392 chars)
[2025-11-09T09:14:38.247Z] [2025-11-09T09:14:38.249Z] [TREESITTER-CHUNKER] [INFO]    ✅ Added method chunk: unknown
[2025-11-09T09:14:38.247Z] [2025-11-09T09:14:38.249Z] [TREESITTER-CHUNKER] [INFO]    Child type: comment at lines 40-42
[2025-11-09T09:14:38.247Z] [2025-11-09T09:14:38.249Z] [TREESITTER-CHUNKER] [INFO]    Child type: method_definition at lines 43-71
[2025-11-09T09:14:38.247Z] [2025-11-09T09:14:38.249Z] [TREESITTER-CHUNKER] [INFO]    🎯 Found method: unknown (29 lines, 929 chars)
[2025-11-09T09:14:38.247Z] [2025-11-09T09:14:38.249Z] [TREESITTER-CHUNKER] [INFO]    ✅ Added method chunk: unknown
[2025-11-09T09:14:38.247Z] [2025-11-09T09:14:38.249Z] [TREESITTER-CHUNKER] [INFO]    Child type: comment at lines 73-75
[2025-11-09T09:14:38.247Z] [2025-11-09T09:14:38.249Z] [TREESITTER-CHUNKER] [INFO]    Child type: method_definition at lines 76-85
[2025-11-09T09:14:38.247Z] [2025-11-09T09:14:38.249Z] [TREESITTER-CHUNKER] [INFO]    🎯 Found method: unknown (10 lines, 308 chars)
[2025-11-09T09:14:38.247Z] [2025-11-09T09:14:38.249Z] [TREESITTER-CHUNKER] [INFO]    ✅ Added method chunk: unknown
[2025-11-09T09:14:38.247Z] [2025-11-09T09:14:38.249Z] [TREESITTER-CHUNKER] [INFO]    Child type: comment at lines 87-89
[2025-11-09T09:14:38.247Z] [2025-11-09T09:14:38.249Z] [TREESITTER-CHUNKER] [INFO]    Child type: method_definition at lines 90-97
[2025-11-09T09:14:38.247Z] [2025-11-09T09:14:38.249Z] [TREESITTER-CHUNKER] [INFO]    🎯 Found method: unknown (8 lines, 285 chars)
[2025-11-09T09:14:38.247Z] [2025-11-09T09:14:38.249Z] [TREESITTER-CHUNKER] [INFO]    ✅ Added method chunk: unknown
[2025-11-09T09:14:38.247Z] [2025-11-09T09:14:38.249Z] [TREESITTER-CHUNKER] [INFO]    Child type: comment at lines 99-101
[2025-11-09T09:14:38.247Z] [2025-11-09T09:14:38.249Z] [TREESITTER-CHUNKER] [INFO]    Child type: method_definition at lines 102-109
[2025-11-09T09:14:38.248Z] [2025-11-09T09:14:38.249Z] [TREESITTER-CHUNKER] [INFO]    🎯 Found method: unknown (8 lines, 299 chars)
[2025-11-09T09:14:38.248Z] [2025-11-09T09:14:38.249Z] [TREESITTER-CHUNKER] [INFO]    ✅ Added method chunk: unknown
[2025-11-09T09:14:38.248Z] [2025-11-09T09:14:38.249Z] [TREESITTER-CHUNKER] [INFO]    Child type: comment at lines 111-113
[2025-11-09T09:14:38.248Z] [2025-11-09T09:14:38.249Z] [TREESITTER-CHUNKER] [INFO]    Child type: method_definition at lines 114-160
[2025-11-09T09:14:38.248Z] [2025-11-09T09:14:38.249Z] [TREESITTER-CHUNKER] [INFO]    🎯 Found method: unknown (47 lines, 1109 chars)
[2025-11-09T09:14:38.248Z] [2025-11-09T09:14:38.249Z] [TREESITTER-CHUNKER] [INFO]    ✅ Added method chunk: unknown
[2025-11-09T09:14:38.248Z] [2025-11-09T09:14:38.249Z] [TREESITTER-CHUNKER] [INFO]    Child type: comment at lines 162-164
[2025-11-09T09:14:38.248Z] [2025-11-09T09:14:38.249Z] [TREESITTER-CHUNKER] [INFO]    Child type: method_definition at lines 165-189
[2025-11-09T09:14:38.248Z] [2025-11-09T09:14:38.249Z] [TREESITTER-CHUNKER] [INFO]    🎯 Found method: unknown (25 lines, 878 chars)
[2025-11-09T09:14:38.248Z] [2025-11-09T09:14:38.249Z] [TREESITTER-CHUNKER] [INFO]    ✅ Added method chunk: unknown
[2025-11-09T09:14:38.248Z] [2025-11-09T09:14:38.249Z] [TREESITTER-CHUNKER] [INFO]    Child type: comment at lines 191-193
[2025-11-09T09:14:38.248Z] [2025-11-09T09:14:38.249Z] [TREESITTER-CHUNKER] [INFO]    Child type: method_definition at lines 194-201
[2025-11-09T09:14:38.248Z] [2025-11-09T09:14:38.249Z] [TREESITTER-CHUNKER] [INFO]    🎯 Found method: unknown (8 lines, 276 chars)
[2025-11-09T09:14:38.248Z] [2025-11-09T09:14:38.249Z] [TREESITTER-CHUNKER] [INFO]    ✅ Added method chunk: unknown
[2025-11-09T09:14:38.248Z] [2025-11-09T09:14:38.249Z] [TREESITTER-CHUNKER] [INFO]    Child type: comment at lines 203-205
[2025-11-09T09:14:38.248Z] [2025-11-09T09:14:38.249Z] [TREESITTER-CHUNKER] [INFO]    Child type: method_definition at lines 206-213
[2025-11-09T09:14:38.248Z] [2025-11-09T09:14:38.249Z] [TREESITTER-CHUNKER] [INFO]    🎯 Found method: unknown (8 lines, 304 chars)
[2025-11-09T09:14:38.248Z] [2025-11-09T09:14:38.249Z] [TREESITTER-CHUNKER] [INFO]    ✅ Added method chunk: unknown
[2025-11-09T09:14:38.248Z] [2025-11-09T09:14:38.249Z] [TREESITTER-CHUNKER] [INFO]    Child type: comment at lines 215-217
[2025-11-09T09:14:38.248Z] [2025-11-09T09:14:38.249Z] [TREESITTER-CHUNKER] [INFO]    Child type: method_definition at lines 218-238
[2025-11-09T09:14:38.248Z] [2025-11-09T09:14:38.249Z] [TREESITTER-CHUNKER] [INFO]    🎯 Found method: unknown (21 lines, 646 chars)
[2025-11-09T09:14:38.248Z] [2025-11-09T09:14:38.249Z] [TREESITTER-CHUNKER] [INFO]    ✅ Added method chunk: unknown
[2025-11-09T09:14:38.248Z] [2025-11-09T09:14:38.249Z] [TREESITTER-CHUNKER] [INFO]    Child type: comment at lines 240-242
[2025-11-09T09:14:38.248Z] [2025-11-09T09:14:38.249Z] [TREESITTER-CHUNKER] [INFO]    Child type: method_definition at lines 243-266
[2025-11-09T09:14:38.248Z] [2025-11-09T09:14:38.249Z] [TREESITTER-CHUNKER] [INFO]    🎯 Found method: unknown (24 lines, 860 chars)
[2025-11-09T09:14:38.248Z] [2025-11-09T09:14:38.249Z] [TREESITTER-CHUNKER] [INFO]    ✅ Added method chunk: unknown
[2025-11-09T09:14:38.248Z] [2025-11-09T09:14:38.249Z] [TREESITTER-CHUNKER] [INFO]    Child type: comment at lines 268-270
[2025-11-09T09:14:38.248Z] [2025-11-09T09:14:38.249Z] [TREESITTER-CHUNKER] [INFO]    Child type: method_definition at lines 271-299
[2025-11-09T09:14:38.248Z] [2025-11-09T09:14:38.249Z] [TREESITTER-CHUNKER] [INFO]    🎯 Found method: unknown (29 lines, 804 chars)
[2025-11-09T09:14:38.248Z] [2025-11-09T09:14:38.249Z] [TREESITTER-CHUNKER] [INFO]    ✅ Added method chunk: unknown
[2025-11-09T09:14:38.248Z] [2025-11-09T09:14:38.249Z] [TREESITTER-CHUNKER] [INFO]    Child type: comment at lines 301-303
[2025-11-09T09:14:38.248Z] [2025-11-09T09:14:38.250Z] [TREESITTER-CHUNKER] [INFO]    Child type: method_definition at lines 304-320
[2025-11-09T09:14:38.248Z] [2025-11-09T09:14:38.250Z] [TREESITTER-CHUNKER] [INFO]    🎯 Found method: unknown (17 lines, 541 chars)
[2025-11-09T09:14:38.248Z] [2025-11-09T09:14:38.250Z] [TREESITTER-CHUNKER] [INFO]    ✅ Added method chunk: unknown
[2025-11-09T09:14:38.248Z] [2025-11-09T09:14:38.250Z] [TREESITTER-CHUNKER] [INFO]    Child type: comment at lines 322-324
[2025-11-09T09:14:38.248Z] [2025-11-09T09:14:38.250Z] [TREESITTER-CHUNKER] [INFO]    Child type: method_definition at lines 325-337
[2025-11-09T09:14:38.248Z] [2025-11-09T09:14:38.250Z] [TREESITTER-CHUNKER] [INFO]    🎯 Found method: unknown (13 lines, 398 chars)
[2025-11-09T09:14:38.248Z] [2025-11-09T09:14:38.250Z] [TREESITTER-CHUNKER] [INFO]    ✅ Added method chunk: unknown
[2025-11-09T09:14:38.248Z] [2025-11-09T09:14:38.250Z] [TREESITTER-CHUNKER] [INFO] 🏁 Extracted 15 methods from large class
[2025-11-09T09:14:38.257Z] [2025-11-09T09:14:38.258Z] [TREESITTER-CHUNKER] [INFO] Created 10 semantic chunks from C:\Projects\educatedplanet\dataservice\src\services\user.service.ts
[2025-11-09T09:14:38.297Z] [2025-11-09T09:14:38.298Z] [TREESITTER-FULL] [INFO] Extracted 2 symbols from C:\Projects\educatedplanet\dataservice\src\services\user.service.ts
[2025-11-09T09:14:38.297Z] [2025-11-09T09:14:38.299Z] [INDEXING-ORCHESTRATOR] [DEBUG] 🔍 Symbol extraction for C:\Projects\educatedplanet\dataservice\src\services\user.service.ts: 2 symbols, 5 imports
[2025-11-09T09:14:38.297Z] [2025-11-09T09:14:38.299Z] [INDEXING-ORCHESTRATOR] [DEBUG] 📍 Chunk 16-39: 0 candidate symbols
[2025-11-09T09:14:38.297Z] [2025-11-09T09:14:38.299Z] [INDEXING-ORCHESTRATOR] [DEBUG] ✅ Chunk symbols after filtering: 0 symbols - 
[2025-11-09T09:14:38.297Z] [2025-11-09T09:14:38.299Z] [INDEXING-ORCHESTRATOR] [DEBUG] 📍 Chunk 43-85: 0 candidate symbols
[2025-11-09T09:14:38.297Z] [2025-11-09T09:14:38.299Z] [INDEXING-ORCHESTRATOR] [DEBUG] ✅ Chunk symbols after filtering: 0 symbols - 
[2025-11-09T09:14:38.297Z] [2025-11-09T09:14:38.299Z] [INDEXING-ORCHESTRATOR] [DEBUG] 📍 Chunk 90-109: 0 candidate symbols
[2025-11-09T09:14:38.297Z] [2025-11-09T09:14:38.299Z] [INDEXING-ORCHESTRATOR] [DEBUG] ✅ Chunk symbols after filtering: 0 symbols - 
[2025-11-09T09:14:38.297Z] [2025-11-09T09:14:38.299Z] [INDEXING-ORCHESTRATOR] [DEBUG] 📍 Chunk 114-160: 0 candidate symbols
[2025-11-09T09:14:38.297Z] [2025-11-09T09:14:38.299Z] [INDEXING-ORCHESTRATOR] [DEBUG] ✅ Chunk symbols after filtering: 0 symbols - 
[2025-11-09T09:14:38.297Z] [2025-11-09T09:14:38.299Z] [INDEXING-ORCHESTRATOR] [DEBUG] 📍 Chunk 165-201: 0 candidate symbols
[2025-11-09T09:14:38.298Z] [2025-11-09T09:14:38.299Z] [INDEXING-ORCHESTRATOR] [DEBUG] ✅ Chunk symbols after filtering: 0 symbols - 
[2025-11-09T09:14:38.298Z] [2025-11-09T09:14:38.299Z] [INDEXING-ORCHESTRATOR] [DEBUG] 📍 Chunk 206-238: 0 candidate symbols
[2025-11-09T09:14:38.298Z] [2025-11-09T09:14:38.299Z] [INDEXING-ORCHESTRATOR] [DEBUG] ✅ Chunk symbols after filtering: 0 symbols - 
[2025-11-09T09:14:38.298Z] [2025-11-09T09:14:38.299Z] [INDEXING-ORCHESTRATOR] [DEBUG] 📍 Chunk 243-266: 0 candidate symbols
[2025-11-09T09:14:38.298Z] [2025-11-09T09:14:38.299Z] [INDEXING-ORCHESTRATOR] [DEBUG] ✅ Chunk symbols after filtering: 0 symbols - 
[2025-11-09T09:14:38.298Z] [2025-11-09T09:14:38.299Z] [INDEXING-ORCHESTRATOR] [DEBUG] 📍 Chunk 271-320: 0 candidate symbols
[2025-11-09T09:14:38.298Z] [2025-11-09T09:14:38.299Z] [INDEXING-ORCHESTRATOR] [DEBUG] ✅ Chunk symbols after filtering: 0 symbols - 
[2025-11-09T09:14:38.298Z] [2025-11-09T09:14:38.299Z] [INDEXING-ORCHESTRATOR] [DEBUG] 📍 Chunk 325-337: 0 candidate symbols
[2025-11-09T09:14:38.298Z] [2025-11-09T09:14:38.299Z] [INDEXING-ORCHESTRATOR] [DEBUG] ✅ Chunk symbols after filtering: 0 symbols - 
[2025-11-09T09:14:38.298Z] [2025-11-09T09:14:38.299Z] [INDEXING-ORCHESTRATOR] [DEBUG] 📍 Chunk 338-341: 1 candidate symbols
[2025-11-09T09:14:38.298Z] [2025-11-09T09:14:38.299Z] [INDEXING-ORCHESTRATOR] [DEBUG] ✅ Chunk symbols after filtering: 1 symbols - userService
[2025-11-09T09:14:38.298Z] [2025-11-09T09:14:38.299Z] [INDEXING-ORCHESTRATOR] [DEBUG] Created 10 semantic chunks for C:\Projects\educatedplanet\dataservice\src\services\user.service.ts
[2025-11-09T09:14:38.298Z] [2025-11-09T09:14:38.299Z] [INDEXING-ORCHESTRATOR] [DEBUG] Average chunk size: 861 characters
[2025-11-09T09:14:38.307Z] [2025-11-09T09:14:38.308Z] [TREESITTER-CHUNKER] [INFO] Created 3 semantic chunks from C:\Projects\educatedplanet\models\src\common\common.types.ts
[2025-11-09T09:14:38.318Z] [2025-11-09T09:14:38.319Z] [TREESITTER-FULL] [INFO] Extracted 21 symbols from C:\Projects\educatedplanet\models\src\common\common.types.ts
[2025-11-09T09:14:38.318Z] [2025-11-09T09:14:38.319Z] [INDEXING-ORCHESTRATOR] [DEBUG] 🔍 Symbol extraction for C:\Projects\educatedplanet\models\src\common\common.types.ts: 21 symbols, 0 imports
[2025-11-09T09:14:38.318Z] [2025-11-09T09:14:38.319Z] [INDEXING-ORCHESTRATOR] [DEBUG] 📍 Chunk 8-86: 8 candidate symbols
[2025-11-09T09:14:38.318Z] [2025-11-09T09:14:38.319Z] [INDEXING-ORCHESTRATOR] [DEBUG] ✅ Chunk symbols after filtering: 8 symbols - ApiResponse, ApiError, PaginationParams, PaginationMeta, PaginatedResponse, BaseEntity, Status, VerificationStatus
[2025-11-09T09:14:38.318Z] [2025-11-09T09:14:38.319Z] [INDEXING-ORCHESTRATOR] [DEBUG] 📍 Chunk 91-109: 2 candidate symbols
[2025-11-09T09:14:38.318Z] [2025-11-09T09:14:38.319Z] [INDEXING-ORCHESTRATOR] [DEBUG] ✅ Chunk symbols after filtering: 2 symbols - Subject, ClassLevel
[2025-11-09T09:14:38.318Z] [2025-11-09T09:14:38.319Z] [INDEXING-ORCHESTRATOR] [DEBUG] 📍 Chunk 128-206: 10 candidate symbols
[2025-11-09T09:14:38.318Z] [2025-11-09T09:14:38.319Z] [INDEXING-ORCHESTRATOR] [DEBUG] ✅ Chunk symbols after filtering: 10 symbols - BhubaneswarArea, SearchFilters, LoadingState, ThemeMode, Currency, FileUpload, FormErrors, ComponentProps, ColorVariant, SizeVariant
[2025-11-09T09:14:38.318Z] [2025-11-09T09:14:38.319Z] [INDEXING-ORCHESTRATOR] [DEBUG] Created 3 semantic chunks for C:\Projects\educatedplanet\models\src\common\common.types.ts
[2025-11-09T09:14:38.318Z] [2025-11-09T09:14:38.319Z] [INDEXING-ORCHESTRATOR] [DEBUG] Average chunk size: 1004 characters
[2025-11-09T09:14:38.322Z] [2025-11-09T09:14:38.323Z] [TREESITTER-CHUNKER] [INFO] Created 2 semantic chunks from C:\Projects\educatedplanet\models\src\class\types.ts
[2025-11-09T09:14:38.327Z] [2025-11-09T09:14:38.329Z] [TREESITTER-FULL] [INFO] Extracted 9 symbols from C:\Projects\educatedplanet\models\src\class\types.ts
[2025-11-09T09:14:38.327Z] [2025-11-09T09:14:38.329Z] [INDEXING-ORCHESTRATOR] [DEBUG] 🔍 Symbol extraction for C:\Projects\educatedplanet\models\src\class\types.ts: 9 symbols, 0 imports
[2025-11-09T09:14:38.327Z] [2025-11-09T09:14:38.329Z] [INDEXING-ORCHESTRATOR] [DEBUG] 📍 Chunk 2-48: 3 candidate symbols
[2025-11-09T09:14:38.327Z] [2025-11-09T09:14:38.329Z] [INDEXING-ORCHESTRATOR] [DEBUG] ✅ Chunk symbols after filtering: 3 symbols - Class, ClassMetadata, CreateClassInput
[2025-11-09T09:14:38.327Z] [2025-11-09T09:14:38.329Z] [INDEXING-ORCHESTRATOR] [DEBUG] 📍 Chunk 50-100: 6 candidate symbols
[2025-11-09T09:14:38.328Z] [2025-11-09T09:14:38.329Z] [INDEXING-ORCHESTRATOR] [DEBUG] ✅ Chunk symbols after filtering: 6 symbols - UpdateClassInput, ClassSearchParams, ClassWithSubClasses, AddSubClassInput, RemoveSubClassInput, PaginatedResponse
[2025-11-09T09:14:38.328Z] [2025-11-09T09:14:38.329Z] [INDEXING-ORCHESTRATOR] [DEBUG] Created 2 semantic chunks for C:\Projects\educatedplanet\models\src\class\types.ts
[2025-11-09T09:14:38.328Z] [2025-11-09T09:14:38.329Z] [INDEXING-ORCHESTRATOR] [DEBUG] Average chunk size: 1264 characters
[2025-11-09T09:14:38.329Z] [2025-11-09T09:14:38.331Z] [TREESITTER-CHUNKER] [INFO] Created 1 semantic chunks from C:\Projects\educatedplanet\models\src\common\common.types.js
[2025-11-09T09:14:38.333Z] [2025-11-09T09:14:38.335Z] [TREESITTER-FULL] [INFO] Extracted 0 symbols from C:\Projects\educatedplanet\models\src\common\common.types.js
[2025-11-09T09:14:38.333Z] [2025-11-09T09:14:38.335Z] [INDEXING-ORCHESTRATOR] [DEBUG] 🔍 Symbol extraction for C:\Projects\educatedplanet\models\src\common\common.types.js: 0 symbols, 0 imports
[2025-11-09T09:14:38.333Z] [2025-11-09T09:14:38.335Z] [INDEXING-ORCHESTRATOR] [DEBUG] 📍 Chunk 1-37: 0 candidate symbols
[2025-11-09T09:14:38.333Z] [2025-11-09T09:14:38.335Z] [INDEXING-ORCHESTRATOR] [DEBUG] ✅ Chunk symbols after filtering: 0 symbols - 
[2025-11-09T09:14:38.333Z] [2025-11-09T09:14:38.335Z] [INDEXING-ORCHESTRATOR] [DEBUG] Created 1 semantic chunks for C:\Projects\educatedplanet\models\src\common\common.types.js
[2025-11-09T09:14:38.334Z] [2025-11-09T09:14:38.335Z] [INDEXING-ORCHESTRATOR] [DEBUG] Average chunk size: 1064 characters
[2025-11-09T09:14:38.336Z] [2025-11-09T09:14:38.337Z] [TREESITTER-CHUNKER] [INFO] Created 1 semantic chunks from C:\Projects\educatedplanet\models\src\index.js
[2025-11-09T09:14:38.343Z] [2025-11-09T09:14:38.345Z] [TREESITTER-FULL] [INFO] Extracted 0 symbols from C:\Projects\educatedplanet\models\src\index.js
[2025-11-09T09:14:38.343Z] [2025-11-09T09:14:38.345Z] [INDEXING-ORCHESTRATOR] [DEBUG] 🔍 Symbol extraction for C:\Projects\educatedplanet\models\src\index.js: 0 symbols, 0 imports
[2025-11-09T09:14:38.344Z] [2025-11-09T09:14:38.345Z] [INDEXING-ORCHESTRATOR] [DEBUG] 📍 Chunk 1-27: 0 candidate symbols
[2025-11-09T09:14:38.344Z] [2025-11-09T09:14:38.345Z] [INDEXING-ORCHESTRATOR] [DEBUG] ✅ Chunk symbols after filtering: 0 symbols - 
[2025-11-09T09:14:38.344Z] [2025-11-09T09:14:38.345Z] [INDEXING-ORCHESTRATOR] [DEBUG] Created 1 semantic chunks for C:\Projects\educatedplanet\models\src\index.js
[2025-11-09T09:14:38.344Z] [2025-11-09T09:14:38.345Z] [INDEXING-ORCHESTRATOR] [DEBUG] Average chunk size: 1176 characters
[2025-11-09T09:14:38.344Z] [2025-11-09T09:14:38.345Z] [TREESITTER-CHUNKER] [INFO] Created 1 semantic chunks from C:\Projects\educatedplanet\models\src\common\index.ts
[2025-11-09T09:14:38.344Z] [2025-11-09T09:14:38.345Z] [TREESITTER-FULL] [INFO] Extracted 0 symbols from C:\Projects\educatedplanet\models\src\common\index.ts
[2025-11-09T09:14:38.344Z] [2025-11-09T09:14:38.346Z] [INDEXING-ORCHESTRATOR] [DEBUG] 🔍 Symbol extraction for C:\Projects\educatedplanet\models\src\common\index.ts: 0 symbols, 0 imports
[2025-11-09T09:14:38.344Z] [2025-11-09T09:14:38.346Z] [INDEXING-ORCHESTRATOR] [DEBUG] 📍 Chunk 1-5: 0 candidate symbols
[2025-11-09T09:14:38.344Z] [2025-11-09T09:14:38.346Z] [INDEXING-ORCHESTRATOR] [DEBUG] ✅ Chunk symbols after filtering: 0 symbols - 
[2025-11-09T09:14:38.344Z] [2025-11-09T09:14:38.346Z] [INDEXING-ORCHESTRATOR] [DEBUG] Created 1 semantic chunks for C:\Projects\educatedplanet\models\src\common\index.ts
[2025-11-09T09:14:38.344Z] [2025-11-09T09:14:38.346Z] [INDEXING-ORCHESTRATOR] [DEBUG] Average chunk size: 64 characters
[2025-11-09T09:14:38.346Z] [2025-11-09T09:14:38.347Z] [TREESITTER-CHUNKER] [INFO] Created 1 semantic chunks from C:\Projects\educatedplanet\models\src\index.ts
[2025-11-09T09:14:38.349Z] [2025-11-09T09:14:38.350Z] [TREESITTER-FULL] [INFO] Extracted 0 symbols from C:\Projects\educatedplanet\models\src\index.ts
[2025-11-09T09:14:38.349Z] [2025-11-09T09:14:38.350Z] [INDEXING-ORCHESTRATOR] [DEBUG] 🔍 Symbol extraction for C:\Projects\educatedplanet\models\src\index.ts: 0 symbols, 0 imports
[2025-11-09T09:14:38.349Z] [2025-11-09T09:14:38.350Z] [INDEXING-ORCHESTRATOR] [DEBUG] 📍 Chunk 1-96: 0 candidate symbols
[2025-11-09T09:14:38.349Z] [2025-11-09T09:14:38.350Z] [INDEXING-ORCHESTRATOR] [DEBUG] ✅ Chunk symbols after filtering: 0 symbols - 
[2025-11-09T09:14:38.349Z] [2025-11-09T09:14:38.350Z] [INDEXING-ORCHESTRATOR] [DEBUG] Created 1 semantic chunks for C:\Projects\educatedplanet\models\src\index.ts
[2025-11-09T09:14:38.349Z] [2025-11-09T09:14:38.350Z] [INDEXING-ORCHESTRATOR] [DEBUG] Average chunk size: 1774 characters
[2025-11-09T09:14:38.352Z] [2025-11-09T09:14:38.353Z] [TREESITTER-CHUNKER] [INFO] Created 1 semantic chunks from C:\Projects\educatedplanet\models\src\tutor\index.ts
[2025-11-09T09:14:38.352Z] [2025-11-09T09:14:38.353Z] [TREESITTER-FULL] [INFO] Extracted 0 symbols from C:\Projects\educatedplanet\models\src\tutor\index.ts
[2025-11-09T09:14:38.352Z] [2025-11-09T09:14:38.354Z] [INDEXING-ORCHESTRATOR] [DEBUG] 🔍 Symbol extraction for C:\Projects\educatedplanet\models\src\tutor\index.ts: 0 symbols, 0 imports
[2025-11-09T09:14:38.352Z] [2025-11-09T09:14:38.354Z] [INDEXING-ORCHESTRATOR] [DEBUG] 📍 Chunk 1-5: 0 candidate symbols
[2025-11-09T09:14:38.352Z] [2025-11-09T09:14:38.354Z] [INDEXING-ORCHESTRATOR] [DEBUG] ✅ Chunk symbols after filtering: 0 symbols - 
[2025-11-09T09:14:38.352Z] [2025-11-09T09:14:38.354Z] [INDEXING-ORCHESTRATOR] [DEBUG] Created 1 semantic chunks for C:\Projects\educatedplanet\models\src\tutor\index.ts
[2025-11-09T09:14:38.352Z] [2025-11-09T09:14:38.354Z] [INDEXING-ORCHESTRATOR] [DEBUG] Average chunk size: 70 characters
[2025-11-09T09:14:38.353Z] [2025-11-09T09:14:38.354Z] [TREESITTER-CHUNKER] [INFO] Created 1 semantic chunks from C:\Projects\educatedplanet\models\src\tutor\tutor.types.js
[2025-11-09T09:14:38.353Z] [2025-11-09T09:14:38.355Z] [TREESITTER-FULL] [INFO] Extracted 0 symbols from C:\Projects\educatedplanet\models\src\tutor\tutor.types.js
[2025-11-09T09:14:38.353Z] [2025-11-09T09:14:38.355Z] [INDEXING-ORCHESTRATOR] [DEBUG] 🔍 Symbol extraction for C:\Projects\educatedplanet\models\src\tutor\tutor.types.js: 0 symbols, 0 imports
[2025-11-09T09:14:38.353Z] [2025-11-09T09:14:38.355Z] [INDEXING-ORCHESTRATOR] [DEBUG] 📍 Chunk 1-3: 0 candidate symbols
[2025-11-09T09:14:38.353Z] [2025-11-09T09:14:38.355Z] [INDEXING-ORCHESTRATOR] [DEBUG] ✅ Chunk symbols after filtering: 0 symbols - 
[2025-11-09T09:14:38.353Z] [2025-11-09T09:14:38.355Z] [INDEXING-ORCHESTRATOR] [DEBUG] Created 1 semantic chunks for C:\Projects\educatedplanet\models\src\tutor\tutor.types.js
[2025-11-09T09:14:38.353Z] [2025-11-09T09:14:38.355Z] [INDEXING-ORCHESTRATOR] [DEBUG] Average chunk size: 116 characters
[2025-11-09T09:14:38.353Z] [2025-11-09T09:14:38.355Z] [INDEXING-ORCHESTRATOR] [DEBUG] 📊 Processed: 220/259 files
[2025-11-09T09:14:38.361Z] [2025-11-09T09:14:38.363Z] [TREESITTER-CHUNKER] [INFO] Created 4 semantic chunks from C:\Projects\educatedplanet\models\src\tutor\tutor.types.ts
[2025-11-09T09:14:38.375Z] [2025-11-09T09:14:38.377Z] [TREESITTER-FULL] [INFO] Extracted 20 symbols from C:\Projects\educatedplanet\models\src\tutor\tutor.types.ts
[2025-11-09T09:14:38.375Z] [2025-11-09T09:14:38.377Z] [INDEXING-ORCHESTRATOR] [DEBUG] 🔍 Symbol extraction for C:\Projects\educatedplanet\models\src\tutor\tutor.types.ts: 20 symbols, 0 imports
[2025-11-09T09:14:38.376Z] [2025-11-09T09:14:38.377Z] [INDEXING-ORCHESTRATOR] [DEBUG] 📍 Chunk 5-81: 8 candidate symbols
[2025-11-09T09:14:38.376Z] [2025-11-09T09:14:38.377Z] [INDEXING-ORCHESTRATOR] [DEBUG] ✅ Chunk symbols after filtering: 8 symbols - Tutor, TutorRating, TeachingMode, TutorLocation, TutorPrice, TutorSearchFilters, TutorCardVariant, ExtendedTutor
[2025-11-09T09:14:38.376Z] [2025-11-09T09:14:38.377Z] [INDEXING-ORCHESTRATOR] [DEBUG] 📍 Chunk 86-140: 6 candidate symbols
[2025-11-09T09:14:38.376Z] [2025-11-09T09:14:38.377Z] [INDEXING-ORCHESTRATOR] [DEBUG] ✅ Chunk symbols after filtering: 6 symbols - Education, Language, Availability, WeekdayAvailability, TimeSlot, Review
[2025-11-09T09:14:38.376Z] [2025-11-09T09:14:38.377Z] [INDEXING-ORCHESTRATOR] [DEBUG] 📍 Chunk 149-232: 5 candidate symbols
[2025-11-09T09:14:38.376Z] [2025-11-09T09:14:38.377Z] [INDEXING-ORCHESTRATOR] [DEBUG] ✅ Chunk symbols after filtering: 5 symbols - CreateTutorInput, UpdateTutorInput, TutorSearchParams, CreateReviewInput, UpdateReviewInput
[2025-11-09T09:14:38.376Z] [2025-11-09T09:14:38.377Z] [INDEXING-ORCHESTRATOR] [DEBUG] 📍 Chunk 237-245: 1 candidate symbols
[2025-11-09T09:14:38.376Z] [2025-11-09T09:14:38.377Z] [INDEXING-ORCHESTRATOR] [DEBUG] ✅ Chunk symbols after filtering: 1 symbols - ReviewSearchParams
[2025-11-09T09:14:38.376Z] [2025-11-09T09:14:38.377Z] [INDEXING-ORCHESTRATOR] [DEBUG] Created 4 semantic chunks for C:\Projects\educatedplanet\models\src\tutor\tutor.types.ts
[2025-11-09T09:14:38.376Z] [2025-11-09T09:14:38.377Z] [INDEXING-ORCHESTRATOR] [DEBUG] Average chunk size: 1013 characters
[2025-11-09T09:14:38.380Z] [2025-11-09T09:14:38.381Z] [TREESITTER-CHUNKER] [INFO] Created 3 semantic chunks from C:\Projects\educatedplanet\models\src\user\user.types.ts
[2025-11-09T09:14:38.387Z] [2025-11-09T09:14:38.388Z] [TREESITTER-FULL] [INFO] Extracted 15 symbols from C:\Projects\educatedplanet\models\src\user\user.types.ts
[2025-11-09T09:14:38.387Z] [2025-11-09T09:14:38.388Z] [INDEXING-ORCHESTRATOR] [DEBUG] 🔍 Symbol extraction for C:\Projects\educatedplanet\models\src\user\user.types.ts: 15 symbols, 0 imports
[2025-11-09T09:14:38.387Z] [2025-11-09T09:14:38.388Z] [INDEXING-ORCHESTRATOR] [DEBUG] 📍 Chunk 4-90: 8 candidate symbols
[2025-11-09T09:14:38.387Z] [2025-11-09T09:14:38.388Z] [INDEXING-ORCHESTRATOR] [DEBUG] ✅ Chunk symbols after filtering: 8 symbols - User, UserRole, UserRegistration, UserLogin, UserProfile, Address, UserPreferences, NotificationPreferences
[2025-11-09T09:14:38.387Z] [2025-11-09T09:14:38.388Z] [INDEXING-ORCHESTRATOR] [DEBUG] 📍 Chunk 95-119: 3 candidate symbols
[2025-11-09T09:14:38.387Z] [2025-11-09T09:14:38.388Z] [INDEXING-ORCHESTRATOR] [DEBUG] ✅ Chunk symbols after filtering: 3 symbols - PrivacySettings, ExtendedUser, UserStats
[2025-11-09T09:14:38.387Z] [2025-11-09T09:14:38.388Z] [INDEXING-ORCHESTRATOR] [DEBUG] 📍 Chunk 128-167: 4 candidate symbols
[2025-11-09T09:14:38.387Z] [2025-11-09T09:14:38.388Z] [INDEXING-ORCHESTRATOR] [DEBUG] ✅ Chunk symbols after filtering: 4 symbols - CreateUserInput, UpdateUserInput, LoginInput, UserSearchParams
[2025-11-09T09:14:38.387Z] [2025-11-09T09:14:38.388Z] [INDEXING-ORCHESTRATOR] [DEBUG] Created 3 semantic chunks for C:\Projects\educatedplanet\models\src\user\user.types.ts
[2025-11-09T09:14:38.387Z] [2025-11-09T09:14:38.388Z] [INDEXING-ORCHESTRATOR] [DEBUG] Average chunk size: 852 characters
[2025-11-09T09:14:38.387Z] [2025-11-09T09:14:38.389Z] [TREESITTER-CHUNKER] [INFO] Created 1 semantic chunks from C:\Projects\educatedplanet\models\src\user\user.types.js
[2025-11-09T09:14:38.388Z] [2025-11-09T09:14:38.389Z] [TREESITTER-FULL] [INFO] Extracted 0 symbols from C:\Projects\educatedplanet\models\src\user\user.types.js
[2025-11-09T09:14:38.388Z] [2025-11-09T09:14:38.389Z] [INDEXING-ORCHESTRATOR] [DEBUG] 🔍 Symbol extraction for C:\Projects\educatedplanet\models\src\user\user.types.js: 0 symbols, 0 imports
[2025-11-09T09:14:38.388Z] [2025-11-09T09:14:38.389Z] [INDEXING-ORCHESTRATOR] [DEBUG] 📍 Chunk 1-3: 0 candidate symbols
[2025-11-09T09:14:38.388Z] [2025-11-09T09:14:38.389Z] [INDEXING-ORCHESTRATOR] [DEBUG] ✅ Chunk symbols after filtering: 0 symbols - 
[2025-11-09T09:14:38.388Z] [2025-11-09T09:14:38.389Z] [INDEXING-ORCHESTRATOR] [DEBUG] Created 1 semantic chunks for C:\Projects\educatedplanet\models\src\user\user.types.js
[2025-11-09T09:14:38.388Z] [2025-11-09T09:14:38.389Z] [INDEXING-ORCHESTRATOR] [DEBUG] Average chunk size: 115 characters
[2025-11-09T09:14:38.388Z] [2025-11-09T09:14:38.390Z] [TREESITTER-CHUNKER] [INFO] Created 1 semantic chunks from C:\Projects\educatedplanet\models\src\user\index.ts
[2025-11-09T09:14:38.388Z] [2025-11-09T09:14:38.390Z] [TREESITTER-FULL] [INFO] Extracted 0 symbols from C:\Projects\educatedplanet\models\src\user\index.ts
[2025-11-09T09:14:38.388Z] [2025-11-09T09:14:38.390Z] [INDEXING-ORCHESTRATOR] [DEBUG] 🔍 Symbol extraction for C:\Projects\educatedplanet\models\src\user\index.ts: 0 symbols, 0 imports
[2025-11-09T09:14:38.388Z] [2025-11-09T09:14:38.390Z] [INDEXING-ORCHESTRATOR] [DEBUG] 📍 Chunk 1-5: 0 candidate symbols
[2025-11-09T09:14:38.388Z] [2025-11-09T09:14:38.390Z] [INDEXING-ORCHESTRATOR] [DEBUG] ✅ Chunk symbols after filtering: 0 symbols - 
[2025-11-09T09:14:38.388Z] [2025-11-09T09:14:38.390Z] [INDEXING-ORCHESTRATOR] [DEBUG] Created 1 semantic chunks for C:\Projects\educatedplanet\models\src\user\index.ts
[2025-11-09T09:14:38.388Z] [2025-11-09T09:14:38.390Z] [INDEXING-ORCHESTRATOR] [DEBUG] Average chunk size: 68 characters
[2025-11-09T09:14:38.427Z] [2025-11-09T09:14:38.428Z] [TREESITTER-CHUNKER] [INFO] Created 1 semantic chunks from C:\Projects\educatedplanet\web\app\demo\page.tsx
[2025-11-09T09:14:38.670Z] [2025-11-09T09:14:38.671Z] [TREESITTER-FULL] [INFO] Extracted 3 symbols from C:\Projects\educatedplanet\web\app\demo\page.tsx
[2025-11-09T09:14:38.670Z] [2025-11-09T09:14:38.671Z] [INDEXING-ORCHESTRATOR] [DEBUG] 🔍 Symbol extraction for C:\Projects\educatedplanet\web\app\demo\page.tsx: 3 symbols, 6 imports
[2025-11-09T09:14:38.670Z] [2025-11-09T09:14:38.671Z] [INDEXING-ORCHESTRATOR] [DEBUG] 📍 Chunk 1-343: 3 candidate symbols
[2025-11-09T09:14:38.670Z] [2025-11-09T09:14:38.671Z] [INDEXING-ORCHESTRATOR] [DEBUG] ✅ Chunk symbols after filtering: 3 symbols - features, components, demoTutors
[2025-11-09T09:14:38.670Z] [2025-11-09T09:14:38.671Z] [INDEXING-ORCHESTRATOR] [DEBUG] Created 1 semantic chunks for C:\Projects\educatedplanet\web\app\demo\page.tsx
[2025-11-09T09:14:38.670Z] [2025-11-09T09:14:38.671Z] [INDEXING-ORCHESTRATOR] [DEBUG] Average chunk size: 13510 characters
[2025-11-09T09:14:38.673Z] [2025-11-09T09:14:38.674Z] [TREESITTER-CHUNKER] [INFO] Created 1 semantic chunks from C:\Projects\educatedplanet\web\app\layout.tsx
[2025-11-09T09:14:38.678Z] [2025-11-09T09:14:38.679Z] [TREESITTER-FULL] [INFO] Extracted 5 symbols from C:\Projects\educatedplanet\web\app\layout.tsx
[2025-11-09T09:14:38.678Z] [2025-11-09T09:14:38.679Z] [INDEXING-ORCHESTRATOR] [DEBUG] 🔍 Symbol extraction for C:\Projects\educatedplanet\web\app\layout.tsx: 5 symbols, 4 imports
[2025-11-09T09:14:38.678Z] [2025-11-09T09:14:38.679Z] [INDEXING-ORCHESTRATOR] [DEBUG] 📍 Chunk 32-49: 1 candidate symbols
[2025-11-09T09:14:38.678Z] [2025-11-09T09:14:38.679Z] [INDEXING-ORCHESTRATOR] [DEBUG] ✅ Chunk symbols after filtering: 1 symbols - RootLayout
[2025-11-09T09:14:38.678Z] [2025-11-09T09:14:38.679Z] [INDEXING-ORCHESTRATOR] [DEBUG] Created 1 semantic chunks for C:\Projects\educatedplanet\web\app\layout.tsx
[2025-11-09T09:14:38.678Z] [2025-11-09T09:14:38.679Z] [INDEXING-ORCHESTRATOR] [DEBUG] Average chunk size: 392 characters
[2025-11-09T09:14:38.680Z] [2025-11-09T09:14:38.682Z] [TREESITTER-CHUNKER] [INFO] Created 1 semantic chunks from C:\Projects\educatedplanet\web\app\featured-tutors-demo\page.tsx
[2025-11-09T09:14:38.687Z] [2025-11-09T09:14:38.689Z] [TREESITTER-FULL] [INFO] Extracted 1 symbols from C:\Projects\educatedplanet\web\app\featured-tutors-demo\page.tsx
[2025-11-09T09:14:38.687Z] [2025-11-09T09:14:38.689Z] [INDEXING-ORCHESTRATOR] [DEBUG] 🔍 Symbol extraction for C:\Projects\educatedplanet\web\app\featured-tutors-demo\page.tsx: 1 symbols, 1 imports
[2025-11-09T09:14:38.687Z] [2025-11-09T09:14:38.689Z] [INDEXING-ORCHESTRATOR] [DEBUG] 📍 Chunk 3-30: 1 candidate symbols
[2025-11-09T09:14:38.687Z] [2025-11-09T09:14:38.689Z] [INDEXING-ORCHESTRATOR] [DEBUG] ✅ Chunk symbols after filtering: 1 symbols - FeaturedTutorsDemoPage
[2025-11-09T09:14:38.687Z] [2025-11-09T09:14:38.689Z] [INDEXING-ORCHESTRATOR] [DEBUG] Created 1 semantic chunks for C:\Projects\educatedplanet\web\app\featured-tutors-demo\page.tsx
[2025-11-09T09:14:38.688Z] [2025-11-09T09:14:38.689Z] [INDEXING-ORCHESTRATOR] [DEBUG] Average chunk size: 924 characters
[2025-11-09T09:14:38.689Z] [2025-11-09T09:14:38.690Z] [TREESITTER-CHUNKER] [INFO] Created 1 semantic chunks from C:\Projects\educatedplanet\web\app\page.tsx
[2025-11-09T09:14:38.691Z] [2025-11-09T09:14:38.692Z] [TREESITTER-FULL] [INFO] Extracted 1 symbols from C:\Projects\educatedplanet\web\app\page.tsx
[2025-11-09T09:14:38.691Z] [2025-11-09T09:14:38.692Z] [INDEXING-ORCHESTRATOR] [DEBUG] 🔍 Symbol extraction for C:\Projects\educatedplanet\web\app\page.tsx: 1 symbols, 2 imports
[2025-11-09T09:14:38.691Z] [2025-11-09T09:14:38.692Z] [INDEXING-ORCHESTRATOR] [DEBUG] 📍 Chunk 6-21: 1 candidate symbols
[2025-11-09T09:14:38.691Z] [2025-11-09T09:14:38.692Z] [INDEXING-ORCHESTRATOR] [DEBUG] ✅ Chunk symbols after filtering: 1 symbols - Home
[2025-11-09T09:14:38.691Z] [2025-11-09T09:14:38.692Z] [INDEXING-ORCHESTRATOR] [DEBUG] Created 1 semantic chunks for C:\Projects\educatedplanet\web\app\page.tsx
[2025-11-09T09:14:38.691Z] [2025-11-09T09:14:38.692Z] [INDEXING-ORCHESTRATOR] [DEBUG] Average chunk size: 507 characters
[2025-11-09T09:14:38.705Z] [2025-11-09T09:14:38.706Z] [TREESITTER-CHUNKER] [INFO] Created 3 semantic chunks from C:\Projects\educatedplanet\web\components\auth\login-modal.tsx
[2025-11-09T09:14:38.757Z] [2025-11-09T09:14:38.758Z] [TREESITTER-FULL] [INFO] Extracted 6 symbols from C:\Projects\educatedplanet\web\components\auth\login-modal.tsx
[2025-11-09T09:14:38.757Z] [2025-11-09T09:14:38.758Z] [INDEXING-ORCHESTRATOR] [DEBUG] 🔍 Symbol extraction for C:\Projects\educatedplanet\web\components\auth\login-modal.tsx: 6 symbols, 6 imports
[2025-11-09T09:14:38.757Z] [2025-11-09T09:14:38.758Z] [INDEXING-ORCHESTRATOR] [DEBUG] 📍 Chunk 10-67: 4 candidate symbols
[2025-11-09T09:14:38.757Z] [2025-11-09T09:14:38.758Z] [INDEXING-ORCHESTRATOR] [DEBUG] ✅ Chunk symbols after filtering: 4 symbols - LoginModalProps, OTPFormProps, OTPForm, OTPVerifyProps
[2025-11-09T09:14:38.757Z] [2025-11-09T09:14:38.758Z] [INDEXING-ORCHESTRATOR] [DEBUG] 📍 Chunk 69-128: 1 candidate symbols
[2025-11-09T09:14:38.757Z] [2025-11-09T09:14:38.758Z] [INDEXING-ORCHESTRATOR] [DEBUG] ✅ Chunk symbols after filtering: 1 symbols - OTPVerify
[2025-11-09T09:14:38.757Z] [2025-11-09T09:14:38.758Z] [INDEXING-ORCHESTRATOR] [DEBUG] 📍 Chunk 130-215: 1 candidate symbols
[2025-11-09T09:14:38.757Z] [2025-11-09T09:14:38.758Z] [INDEXING-ORCHESTRATOR] [DEBUG] ✅ Chunk symbols after filtering: 1 symbols - LoginModal
[2025-11-09T09:14:38.757Z] [2025-11-09T09:14:38.758Z] [INDEXING-ORCHESTRATOR] [DEBUG] Created 3 semantic chunks for C:\Projects\educatedplanet\web\components\auth\login-modal.tsx
[2025-11-09T09:14:38.757Z] [2025-11-09T09:14:38.758Z] [INDEXING-ORCHESTRATOR] [DEBUG] Average chunk size: 1713 characters
[2025-11-09T09:14:38.758Z] [2025-11-09T09:14:38.759Z] [TREESITTER-CHUNKER] [INFO] Created 1 semantic chunks from C:\Projects\educatedplanet\web\components\auth\index.ts
[2025-11-09T09:14:38.758Z] [2025-11-09T09:14:38.759Z] [TREESITTER-FULL] [INFO] Extracted 0 symbols from C:\Projects\educatedplanet\web\components\auth\index.ts
[2025-11-09T09:14:38.758Z] [2025-11-09T09:14:38.759Z] [INDEXING-ORCHESTRATOR] [DEBUG] 🔍 Symbol extraction for C:\Projects\educatedplanet\web\components\auth\index.ts: 0 symbols, 0 imports
[2025-11-09T09:14:38.758Z] [2025-11-09T09:14:38.759Z] [INDEXING-ORCHESTRATOR] [DEBUG] 📍 Chunk 1-1: 0 candidate symbols
[2025-11-09T09:14:38.758Z] [2025-11-09T09:14:38.759Z] [INDEXING-ORCHESTRATOR] [DEBUG] ✅ Chunk symbols after filtering: 0 symbols - 
[2025-11-09T09:14:38.758Z] [2025-11-09T09:14:38.759Z] [INDEXING-ORCHESTRATOR] [DEBUG] Created 1 semantic chunks for C:\Projects\educatedplanet\web\components\auth\index.ts
[2025-11-09T09:14:38.758Z] [2025-11-09T09:14:38.759Z] [INDEXING-ORCHESTRATOR] [DEBUG] Average chunk size: 42 characters
[2025-11-09T09:14:38.758Z] [2025-11-09T09:14:38.759Z] [INDEXING-ORCHESTRATOR] [DEBUG] 📊 Processed: 230/259 files
[2025-11-09T09:14:38.769Z] [2025-11-09T09:14:38.770Z] [TREESITTER-CHUNKER] [INFO] Created 2 semantic chunks from C:\Projects\educatedplanet\web\components\featured-tutors\rating-stars.tsx
[2025-11-09T09:14:38.778Z] [2025-11-09T09:14:38.780Z] [TREESITTER-FULL] [INFO] Extracted 4 symbols from C:\Projects\educatedplanet\web\components\featured-tutors\rating-stars.tsx
[2025-11-09T09:14:38.778Z] [2025-11-09T09:14:38.780Z] [INDEXING-ORCHESTRATOR] [DEBUG] 🔍 Symbol extraction for C:\Projects\educatedplanet\web\components\featured-tutors\rating-stars.tsx: 4 symbols, 3 imports
[2025-11-09T09:14:38.778Z] [2025-11-09T09:14:38.780Z] [INDEXING-ORCHESTRATOR] [DEBUG] 📍 Chunk 7-13: 1 candidate symbols
[2025-11-09T09:14:38.778Z] [2025-11-09T09:14:38.780Z] [INDEXING-ORCHESTRATOR] [DEBUG] ✅ Chunk symbols after filtering: 1 symbols - RatingStarsProps
[2025-11-09T09:14:38.778Z] [2025-11-09T09:14:38.780Z] [INDEXING-ORCHESTRATOR] [DEBUG] 📍 Chunk 14-95: 3 candidate symbols
[2025-11-09T09:14:38.779Z] [2025-11-09T09:14:38.780Z] [INDEXING-ORCHESTRATOR] [DEBUG] ✅ Chunk symbols after filtering: 3 symbols - fullStars, sizeClasses, textSizes
[2025-11-09T09:14:38.779Z] [2025-11-09T09:14:38.780Z] [INDEXING-ORCHESTRATOR] [DEBUG] Created 2 semantic chunks for C:\Projects\educatedplanet\web\components\featured-tutors\rating-stars.tsx
[2025-11-09T09:14:38.779Z] [2025-11-09T09:14:38.780Z] [INDEXING-ORCHESTRATOR] [DEBUG] Average chunk size: 1117 characters
[2025-11-09T09:14:38.779Z] [2025-11-09T09:14:38.780Z] [TREESITTER-CHUNKER] [INFO] Created 1 semantic chunks from C:\Projects\educatedplanet\web\components\featured-tutors\index.ts
[2025-11-09T09:14:38.779Z] [2025-11-09T09:14:38.781Z] [TREESITTER-FULL] [INFO] Extracted 0 symbols from C:\Projects\educatedplanet\web\components\featured-tutors\index.ts
[2025-11-09T09:14:38.779Z] [2025-11-09T09:14:38.781Z] [INDEXING-ORCHESTRATOR] [DEBUG] 🔍 Symbol extraction for C:\Projects\educatedplanet\web\components\featured-tutors\index.ts: 0 symbols, 0 imports
[2025-11-09T09:14:38.779Z] [2025-11-09T09:14:38.781Z] [INDEXING-ORCHESTRATOR] [DEBUG] 📍 Chunk 1-4: 0 candidate symbols
[2025-11-09T09:14:38.779Z] [2025-11-09T09:14:38.781Z] [INDEXING-ORCHESTRATOR] [DEBUG] ✅ Chunk symbols after filtering: 0 symbols - 
[2025-11-09T09:14:38.779Z] [2025-11-09T09:14:38.781Z] [INDEXING-ORCHESTRATOR] [DEBUG] Created 1 semantic chunks for C:\Projects\educatedplanet\web\components\featured-tutors\index.ts
[2025-11-09T09:14:38.779Z] [2025-11-09T09:14:38.781Z] [INDEXING-ORCHESTRATOR] [DEBUG] Average chunk size: 209 characters
[2025-11-09T09:14:38.788Z] [2025-11-09T09:14:38.789Z] [TREESITTER-CHUNKER] [INFO] Created 2 semantic chunks from C:\Projects\educatedplanet\web\components\featured-tutors\featured-tutors-section.tsx
[2025-11-09T09:14:38.804Z] [2025-11-09T09:14:38.806Z] [TREESITTER-FULL] [INFO] Extracted 1 symbols from C:\Projects\educatedplanet\web\components\featured-tutors\featured-tutors-section.tsx
[2025-11-09T09:14:38.804Z] [2025-11-09T09:14:38.806Z] [INDEXING-ORCHESTRATOR] [DEBUG] 🔍 Symbol extraction for C:\Projects\educatedplanet\web\components\featured-tutors\featured-tutors-section.tsx: 1 symbols, 7 imports
[2025-11-09T09:14:38.804Z] [2025-11-09T09:14:38.806Z] [INDEXING-ORCHESTRATOR] [DEBUG] 📍 Chunk 11-18: 1 candidate symbols
[2025-11-09T09:14:38.804Z] [2025-11-09T09:14:38.806Z] [INDEXING-ORCHESTRATOR] [DEBUG] ✅ Chunk symbols after filtering: 1 symbols - FeaturedTutorsSectionProps
[2025-11-09T09:14:38.804Z] [2025-11-09T09:14:38.806Z] [INDEXING-ORCHESTRATOR] [DEBUG] 📍 Chunk 19-140: 0 candidate symbols
[2025-11-09T09:14:38.805Z] [2025-11-09T09:14:38.806Z] [INDEXING-ORCHESTRATOR] [DEBUG] ✅ Chunk symbols after filtering: 0 symbols - 
[2025-11-09T09:14:38.805Z] [2025-11-09T09:14:38.806Z] [INDEXING-ORCHESTRATOR] [DEBUG] Created 2 semantic chunks for C:\Projects\educatedplanet\web\components\featured-tutors\featured-tutors-section.tsx
[2025-11-09T09:14:38.805Z] [2025-11-09T09:14:38.806Z] [INDEXING-ORCHESTRATOR] [DEBUG] Average chunk size: 2325 characters
[2025-11-09T09:14:38.818Z] [2025-11-09T09:14:38.819Z] [TREESITTER-CHUNKER] [INFO] Created 2 semantic chunks from C:\Projects\educatedplanet\web\components\featured-tutors\tutor-card.tsx
[2025-11-09T09:14:38.862Z] [2025-11-09T09:14:38.863Z] [TREESITTER-FULL] [INFO] Extracted 3 symbols from C:\Projects\educatedplanet\web\components\featured-tutors\tutor-card.tsx
[2025-11-09T09:14:38.862Z] [2025-11-09T09:14:38.863Z] [INDEXING-ORCHESTRATOR] [DEBUG] 🔍 Symbol extraction for C:\Projects\educatedplanet\web\components\featured-tutors\tutor-card.tsx: 3 symbols, 12 imports
[2025-11-09T09:14:38.862Z] [2025-11-09T09:14:38.863Z] [INDEXING-ORCHESTRATOR] [DEBUG] 📍 Chunk 16-22: 1 candidate symbols
[2025-11-09T09:14:38.862Z] [2025-11-09T09:14:38.863Z] [INDEXING-ORCHESTRATOR] [DEBUG] ✅ Chunk symbols after filtering: 1 symbols - TutorCardProps
[2025-11-09T09:14:38.862Z] [2025-11-09T09:14:38.863Z] [INDEXING-ORCHESTRATOR] [DEBUG] 📍 Chunk 23-190: 2 candidate symbols
[2025-11-09T09:14:38.862Z] [2025-11-09T09:14:38.863Z] [INDEXING-ORCHESTRATOR] [DEBUG] ✅ Chunk symbols after filtering: 2 symbols - handleViewProfile, variantStyles
[2025-11-09T09:14:38.862Z] [2025-11-09T09:14:38.863Z] [INDEXING-ORCHESTRATOR] [DEBUG] Created 2 semantic chunks for C:\Projects\educatedplanet\web\components\featured-tutors\tutor-card.tsx
[2025-11-09T09:14:38.862Z] [2025-11-09T09:14:38.863Z] [INDEXING-ORCHESTRATOR] [DEBUG] Average chunk size: 3176 characters
[2025-11-09T09:14:38.866Z] [2025-11-09T09:14:38.868Z] [TREESITTER-CHUNKER] [INFO] Created 2 semantic chunks from C:\Projects\educatedplanet\web\components\featured-tutors\teaching-mode-badge.tsx
[2025-11-09T09:14:38.877Z] [2025-11-09T09:14:38.878Z] [TREESITTER-FULL] [INFO] Extracted 4 symbols from C:\Projects\educatedplanet\web\components\featured-tutors\teaching-mode-badge.tsx
[2025-11-09T09:14:38.877Z] [2025-11-09T09:14:38.878Z] [INDEXING-ORCHESTRATOR] [DEBUG] 🔍 Symbol extraction for C:\Projects\educatedplanet\web\components\featured-tutors\teaching-mode-badge.tsx: 4 symbols, 4 imports
[2025-11-09T09:14:38.877Z] [2025-11-09T09:14:38.878Z] [INDEXING-ORCHESTRATOR] [DEBUG] 📍 Chunk 8-12: 1 candidate symbols
[2025-11-09T09:14:38.877Z] [2025-11-09T09:14:38.878Z] [INDEXING-ORCHESTRATOR] [DEBUG] ✅ Chunk symbols after filtering: 1 symbols - TeachingModeBadgeProps
[2025-11-09T09:14:38.877Z] [2025-11-09T09:14:38.878Z] [INDEXING-ORCHESTRATOR] [DEBUG] 📍 Chunk 13-81: 3 candidate symbols
[2025-11-09T09:14:38.877Z] [2025-11-09T09:14:38.878Z] [INDEXING-ORCHESTRATOR] [DEBUG] ✅ Chunk symbols after filtering: 3 symbols - getBadgeInfo, sizeClasses, iconSizes
[2025-11-09T09:14:38.877Z] [2025-11-09T09:14:38.878Z] [INDEXING-ORCHESTRATOR] [DEBUG] Created 2 semantic chunks for C:\Projects\educatedplanet\web\components\featured-tutors\teaching-mode-badge.tsx
[2025-11-09T09:14:38.877Z] [2025-11-09T09:14:38.878Z] [INDEXING-ORCHESTRATOR] [DEBUG] Average chunk size: 999 characters
[2025-11-09T09:14:38.887Z] [2025-11-09T09:14:38.888Z] [TREESITTER-CHUNKER] [INFO] Created 1 semantic chunks from C:\Projects\educatedplanet\web\components\featured-tutors\integration-example.tsx
[2025-11-09T09:14:38.907Z] [2025-11-09T09:14:38.908Z] [TREESITTER-FULL] [INFO] Extracted 0 symbols from C:\Projects\educatedplanet\web\components\featured-tutors\integration-example.tsx
[2025-11-09T09:14:38.907Z] [2025-11-09T09:14:38.909Z] [INDEXING-ORCHESTRATOR] [DEBUG] 🔍 Symbol extraction for C:\Projects\educatedplanet\web\components\featured-tutors\integration-example.tsx: 0 symbols, 4 imports
[2025-11-09T09:14:38.907Z] [2025-11-09T09:14:38.909Z] [INDEXING-ORCHESTRATOR] [DEBUG] 📍 Chunk 1-103: 0 candidate symbols
[2025-11-09T09:14:38.907Z] [2025-11-09T09:14:38.909Z] [INDEXING-ORCHESTRATOR] [DEBUG] ✅ Chunk symbols after filtering: 0 symbols - 
[2025-11-09T09:14:38.907Z] [2025-11-09T09:14:38.909Z] [INDEXING-ORCHESTRATOR] [DEBUG] Created 1 semantic chunks for C:\Projects\educatedplanet\web\components\featured-tutors\integration-example.tsx
[2025-11-09T09:14:38.907Z] [2025-11-09T09:14:38.909Z] [INDEXING-ORCHESTRATOR] [DEBUG] Average chunk size: 4831 characters
[2025-11-09T09:14:38.914Z] [2025-11-09T09:14:38.915Z] [TREESITTER-CHUNKER] [INFO] Created 2 semantic chunks from C:\Projects\educatedplanet\web\components\header\header.tsx
[2025-11-09T09:14:38.954Z] [2025-11-09T09:14:38.955Z] [TREESITTER-FULL] [INFO] Extracted 2 symbols from C:\Projects\educatedplanet\web\components\header\header.tsx
[2025-11-09T09:14:38.954Z] [2025-11-09T09:14:38.955Z] [INDEXING-ORCHESTRATOR] [DEBUG] 🔍 Symbol extraction for C:\Projects\educatedplanet\web\components\header\header.tsx: 2 symbols, 8 imports
[2025-11-09T09:14:38.954Z] [2025-11-09T09:14:38.955Z] [INDEXING-ORCHESTRATOR] [DEBUG] 📍 Chunk 12-14: 1 candidate symbols
[2025-11-09T09:14:38.954Z] [2025-11-09T09:14:38.955Z] [INDEXING-ORCHESTRATOR] [DEBUG] ✅ Chunk symbols after filtering: 1 symbols - HeaderProps
[2025-11-09T09:14:38.954Z] [2025-11-09T09:14:38.955Z] [INDEXING-ORCHESTRATOR] [DEBUG] 📍 Chunk 16-84: 1 candidate symbols
[2025-11-09T09:14:38.954Z] [2025-11-09T09:14:38.955Z] [INDEXING-ORCHESTRATOR] [DEBUG] ✅ Chunk symbols after filtering: 1 symbols - Header
[2025-11-09T09:14:38.954Z] [2025-11-09T09:14:38.955Z] [INDEXING-ORCHESTRATOR] [DEBUG] Created 2 semantic chunks for C:\Projects\educatedplanet\web\components\header\header.tsx
[2025-11-09T09:14:38.954Z] [2025-11-09T09:14:38.955Z] [INDEXING-ORCHESTRATOR] [DEBUG] Average chunk size: 1094 characters
[2025-11-09T09:14:38.957Z] [2025-11-09T09:14:38.959Z] [TREESITTER-CHUNKER] [INFO] Created 1 semantic chunks from C:\Projects\educatedplanet\web\components\header\index.ts
[2025-11-09T09:14:38.958Z] [2025-11-09T09:14:38.959Z] [TREESITTER-FULL] [INFO] Extracted 0 symbols from C:\Projects\educatedplanet\web\components\header\index.ts
[2025-11-09T09:14:38.958Z] [2025-11-09T09:14:38.960Z] [INDEXING-ORCHESTRATOR] [DEBUG] 🔍 Symbol extraction for C:\Projects\educatedplanet\web\components\header\index.ts: 0 symbols, 0 imports
[2025-11-09T09:14:38.958Z] [2025-11-09T09:14:38.960Z] [INDEXING-ORCHESTRATOR] [DEBUG] 📍 Chunk 1-4: 0 candidate symbols
[2025-11-09T09:14:38.958Z] [2025-11-09T09:14:38.960Z] [INDEXING-ORCHESTRATOR] [DEBUG] ✅ Chunk symbols after filtering: 0 symbols - 
[2025-11-09T09:14:38.958Z] [2025-11-09T09:14:38.960Z] [INDEXING-ORCHESTRATOR] [DEBUG] Created 1 semantic chunks for C:\Projects\educatedplanet\web\components\header\index.ts
[2025-11-09T09:14:38.958Z] [2025-11-09T09:14:38.960Z] [INDEXING-ORCHESTRATOR] [DEBUG] Average chunk size: 148 characters
[2025-11-09T09:14:38.965Z] [2025-11-09T09:14:38.967Z] [TREESITTER-CHUNKER] [INFO] Created 2 semantic chunks from C:\Projects\educatedplanet\web\components\header\mobile-menu.tsx
[2025-11-09T09:14:38.976Z] [2025-11-09T09:14:38.977Z] [TREESITTER-FULL] [INFO] Extracted 2 symbols from C:\Projects\educatedplanet\web\components\header\mobile-menu.tsx
[2025-11-09T09:14:38.976Z] [2025-11-09T09:14:38.977Z] [INDEXING-ORCHESTRATOR] [DEBUG] 🔍 Symbol extraction for C:\Projects\educatedplanet\web\components\header\mobile-menu.tsx: 2 symbols, 8 imports
[2025-11-09T09:14:38.976Z] [2025-11-09T09:14:38.977Z] [INDEXING-ORCHESTRATOR] [DEBUG] 📍 Chunk 12-14: 1 candidate symbols
[2025-11-09T09:14:38.976Z] [2025-11-09T09:14:38.977Z] [INDEXING-ORCHESTRATOR] [DEBUG] ✅ Chunk symbols after filtering: 1 symbols - MobileMenuProps
[2025-11-09T09:14:38.976Z] [2025-11-09T09:14:38.977Z] [INDEXING-ORCHESTRATOR] [DEBUG] 📍 Chunk 15-68: 1 candidate symbols
[2025-11-09T09:14:38.976Z] [2025-11-09T09:14:38.977Z] [INDEXING-ORCHESTRATOR] [DEBUG] ✅ Chunk symbols after filtering: 1 symbols - handleNavClick
[2025-11-09T09:14:38.976Z] [2025-11-09T09:14:38.977Z] [INDEXING-ORCHESTRATOR] [DEBUG] Created 2 semantic chunks for C:\Projects\educatedplanet\web\components\header\mobile-menu.tsx
[2025-11-09T09:14:38.976Z] [2025-11-09T09:14:38.977Z] [INDEXING-ORCHESTRATOR] [DEBUG] Average chunk size: 701 characters
[2025-11-09T09:14:38.983Z] [2025-11-09T09:14:38.984Z] [TREESITTER-CHUNKER] [INFO] Created 1 semantic chunks from C:\Projects\educatedplanet\web\components\header\logo.tsx
[2025-11-09T09:14:38.990Z] [2025-11-09T09:14:38.991Z] [TREESITTER-FULL] [INFO] Extracted 2 symbols from C:\Projects\educatedplanet\web\components\header\logo.tsx
[2025-11-09T09:14:38.990Z] [2025-11-09T09:14:38.992Z] [INDEXING-ORCHESTRATOR] [DEBUG] 🔍 Symbol extraction for C:\Projects\educatedplanet\web\components\header\logo.tsx: 2 symbols, 2 imports
[2025-11-09T09:14:38.990Z] [2025-11-09T09:14:38.992Z] [INDEXING-ORCHESTRATOR] [DEBUG] 📍 Chunk 4-53: 2 candidate symbols
[2025-11-09T09:14:38.991Z] [2025-11-09T09:14:38.992Z] [INDEXING-ORCHESTRATOR] [DEBUG] ✅ Chunk symbols after filtering: 2 symbols - LogoProps, Logo
[2025-11-09T09:14:38.991Z] [2025-11-09T09:14:38.992Z] [INDEXING-ORCHESTRATOR] [DEBUG] Created 1 semantic chunks for C:\Projects\educatedplanet\web\components\header\logo.tsx
[2025-11-09T09:14:38.991Z] [2025-11-09T09:14:38.992Z] [INDEXING-ORCHESTRATOR] [DEBUG] Average chunk size: 1194 characters
[2025-11-09T09:14:38.991Z] [2025-11-09T09:14:38.992Z] [INDEXING-ORCHESTRATOR] [DEBUG] 📊 Processed: 240/259 files
[2025-11-09T09:14:39.022Z] [2025-11-09T09:14:39.023Z] [TREESITTER-CHUNKER] [INFO] Created 2 semantic chunks from C:\Projects\educatedplanet\web\components\hero\hero-section.tsx
[2025-11-09T09:14:39.659Z] [2025-11-09T09:14:39.244Z] [TREESITTER-FULL] [INFO] Extracted 2 symbols from C:\Projects\educatedplanet\web\components\hero\hero-section.tsx
[2025-11-09T09:14:39.659Z] [2025-11-09T09:14:39.244Z] [INDEXING-ORCHESTRATOR] [DEBUG] 🔍 Symbol extraction for C:\Projects\educatedplanet\web\components\hero\hero-section.tsx: 2 symbols, 6 imports
[2025-11-09T09:14:39.659Z] [2025-11-09T09:14:39.245Z] [INDEXING-ORCHESTRATOR] [DEBUG] 📍 Chunk 10-12: 1 candidate symbols
[2025-11-09T09:14:39.659Z] [2025-11-09T09:14:39.245Z] [INDEXING-ORCHESTRATOR] [DEBUG] ✅ Chunk symbols after filtering: 1 symbols - HeroSectionProps
[2025-11-09T09:14:39.659Z] [2025-11-09T09:14:39.245Z] [INDEXING-ORCHESTRATOR] [DEBUG] 📍 Chunk 14-176: 1 candidate symbols
[2025-11-09T09:14:39.659Z] [2025-11-09T09:14:39.245Z] [INDEXING-ORCHESTRATOR] [DEBUG] ✅ Chunk symbols after filtering: 1 symbols - HeroSection
[2025-11-09T09:14:39.659Z] [2025-11-09T09:14:39.245Z] [INDEXING-ORCHESTRATOR] [DEBUG] Created 2 semantic chunks for C:\Projects\educatedplanet\web\components\hero\hero-section.tsx
[2025-11-09T09:14:39.659Z] [2025-11-09T09:14:39.245Z] [INDEXING-ORCHESTRATOR] [DEBUG] Average chunk size: 3196 characters
[2025-11-09T09:14:39.659Z] [2025-11-09T09:14:39.253Z] [TREESITTER-CHUNKER] [INFO] Created 1 semantic chunks from C:\Projects\educatedplanet\web\components\header\navigation.tsx
[2025-11-09T09:14:39.659Z] [2025-11-09T09:14:39.267Z] [TREESITTER-FULL] [INFO] Extracted 3 symbols from C:\Projects\educatedplanet\web\components\header\navigation.tsx
[2025-11-09T09:14:39.659Z] [2025-11-09T09:14:39.267Z] [INDEXING-ORCHESTRATOR] [DEBUG] 🔍 Symbol extraction for C:\Projects\educatedplanet\web\components\header\navigation.tsx: 3 symbols, 3 imports
[2025-11-09T09:14:39.659Z] [2025-11-09T09:14:39.267Z] [INDEXING-ORCHESTRATOR] [DEBUG] 📍 Chunk 7-74: 3 candidate symbols
[2025-11-09T09:14:39.659Z] [2025-11-09T09:14:39.267Z] [INDEXING-ORCHESTRATOR] [DEBUG] ✅ Chunk symbols after filtering: 3 symbols - NavigationProps, NavItemProps, NavItem
[2025-11-09T09:14:39.659Z] [2025-11-09T09:14:39.267Z] [INDEXING-ORCHESTRATOR] [DEBUG] Created 1 semantic chunks for C:\Projects\educatedplanet\web\components\header\navigation.tsx
[2025-11-09T09:14:39.659Z] [2025-11-09T09:14:39.267Z] [INDEXING-ORCHESTRATOR] [DEBUG] Average chunk size: 1439 characters
[2025-11-09T09:14:39.659Z] [2025-11-09T09:14:39.268Z] [TREESITTER-CHUNKER] [INFO] Created 1 semantic chunks from C:\Projects\educatedplanet\web\components\hero\index.ts
[2025-11-09T09:14:39.659Z] [2025-11-09T09:14:39.269Z] [TREESITTER-FULL] [INFO] Extracted 0 symbols from C:\Projects\educatedplanet\web\components\hero\index.ts
[2025-11-09T09:14:39.659Z] [2025-11-09T09:14:39.270Z] [INDEXING-ORCHESTRATOR] [DEBUG] 🔍 Symbol extraction for C:\Projects\educatedplanet\web\components\hero\index.ts: 0 symbols, 0 imports
[2025-11-09T09:14:39.659Z] [2025-11-09T09:14:39.270Z] [INDEXING-ORCHESTRATOR] [DEBUG] 📍 Chunk 1-2: 0 candidate symbols
[2025-11-09T09:14:39.659Z] [2025-11-09T09:14:39.270Z] [INDEXING-ORCHESTRATOR] [DEBUG] ✅ Chunk symbols after filtering: 0 symbols - 
[2025-11-09T09:14:39.659Z] [2025-11-09T09:14:39.270Z] [INDEXING-ORCHESTRATOR] [DEBUG] Created 1 semantic chunks for C:\Projects\educatedplanet\web\components\hero\index.ts
[2025-11-09T09:14:39.659Z] [2025-11-09T09:14:39.270Z] [INDEXING-ORCHESTRATOR] [DEBUG] Average chunk size: 99 characters
[2025-11-09T09:14:39.659Z] [2025-11-09T09:14:39.277Z] [TREESITTER-CHUNKER] [INFO] Created 2 semantic chunks from C:\Projects\educatedplanet\web\components\ui\badge.tsx
[2025-11-09T09:14:39.659Z] [2025-11-09T09:14:39.286Z] [TREESITTER-FULL] [INFO] Extracted 3 symbols from C:\Projects\educatedplanet\web\components\ui\badge.tsx
[2025-11-09T09:14:39.659Z] [2025-11-09T09:14:39.287Z] [INDEXING-ORCHESTRATOR] [DEBUG] 🔍 Symbol extraction for C:\Projects\educatedplanet\web\components\ui\badge.tsx: 3 symbols, 3 imports
[2025-11-09T09:14:39.659Z] [2025-11-09T09:14:39.287Z] [INDEXING-ORCHESTRATOR] [DEBUG] 📍 Chunk 26-34: 2 candidate symbols
[2025-11-09T09:14:39.659Z] [2025-11-09T09:14:39.287Z] [INDEXING-ORCHESTRATOR] [DEBUG] ✅ Chunk symbols after filtering: 2 symbols - BadgeProps, Badge
[2025-11-09T09:14:39.659Z] [2025-11-09T09:14:39.287Z] [INDEXING-ORCHESTRATOR] [DEBUG] 📍 Chunk 35-36: 0 candidate symbols
[2025-11-09T09:14:39.659Z] [2025-11-09T09:14:39.287Z] [INDEXING-ORCHESTRATOR] [DEBUG] ✅ Chunk symbols after filtering: 0 symbols - 
[2025-11-09T09:14:39.659Z] [2025-11-09T09:14:39.287Z] [INDEXING-ORCHESTRATOR] [DEBUG] Created 2 semantic chunks for C:\Projects\educatedplanet\web\components\ui\badge.tsx
[2025-11-09T09:14:39.659Z] [2025-11-09T09:14:39.287Z] [INDEXING-ORCHESTRATOR] [DEBUG] Average chunk size: 150 characters
[2025-11-09T09:14:39.659Z] [2025-11-09T09:14:39.300Z] [TREESITTER-CHUNKER] [INFO] Created 1 semantic chunks from C:\Projects\educatedplanet\web\components\ui\card.tsx
[2025-11-09T09:14:39.659Z] [2025-11-09T09:14:39.348Z] [TREESITTER-FULL] [INFO] Extracted 0 symbols from C:\Projects\educatedplanet\web\components\ui\card.tsx
[2025-11-09T09:14:39.659Z] [2025-11-09T09:14:39.348Z] [INDEXING-ORCHESTRATOR] [DEBUG] 🔍 Symbol extraction for C:\Projects\educatedplanet\web\components\ui\card.tsx: 0 symbols, 2 imports
[2025-11-09T09:14:39.659Z] [2025-11-09T09:14:39.348Z] [INDEXING-ORCHESTRATOR] [DEBUG] 📍 Chunk 1-79: 0 candidate symbols
[2025-11-09T09:14:39.659Z] [2025-11-09T09:14:39.348Z] [INDEXING-ORCHESTRATOR] [DEBUG] ✅ Chunk symbols after filtering: 0 symbols - 
[2025-11-09T09:14:39.659Z] [2025-11-09T09:14:39.348Z] [INDEXING-ORCHESTRATOR] [DEBUG] Created 1 semantic chunks for C:\Projects\educatedplanet\web\components\ui\card.tsx
[2025-11-09T09:14:39.659Z] [2025-11-09T09:14:39.348Z] [INDEXING-ORCHESTRATOR] [DEBUG] Average chunk size: 1876 characters
[2025-11-09T09:14:39.659Z] [2025-11-09T09:14:39.354Z] [TREESITTER-CHUNKER] [INFO] Created 2 semantic chunks from C:\Projects\educatedplanet\web\components\ui\button.tsx
[2025-11-09T09:14:39.659Z] [2025-11-09T09:14:39.368Z] [TREESITTER-FULL] [INFO] Extracted 3 symbols from C:\Projects\educatedplanet\web\components\ui\button.tsx
[2025-11-09T09:14:39.659Z] [2025-11-09T09:14:39.368Z] [INDEXING-ORCHESTRATOR] [DEBUG] 🔍 Symbol extraction for C:\Projects\educatedplanet\web\components\ui\button.tsx: 3 symbols, 4 imports
[2025-11-09T09:14:39.659Z] [2025-11-09T09:14:39.368Z] [INDEXING-ORCHESTRATOR] [DEBUG] 📍 Chunk 36-40: 1 candidate symbols
[2025-11-09T09:14:39.659Z] [2025-11-09T09:14:39.368Z] [INDEXING-ORCHESTRATOR] [DEBUG] ✅ Chunk symbols after filtering: 1 symbols - ButtonProps
[2025-11-09T09:14:39.659Z] [2025-11-09T09:14:39.368Z] [INDEXING-ORCHESTRATOR] [DEBUG] 📍 Chunk 41-56: 1 candidate symbols
[2025-11-09T09:14:39.659Z] [2025-11-09T09:14:39.368Z] [INDEXING-ORCHESTRATOR] [DEBUG] ✅ Chunk symbols after filtering: 1 symbols - Button
[2025-11-09T09:14:39.659Z] [2025-11-09T09:14:39.368Z] [INDEXING-ORCHESTRATOR] [DEBUG] Created 2 semantic chunks for C:\Projects\educatedplanet\web\components\ui\button.tsx
[2025-11-09T09:14:39.659Z] [2025-11-09T09:14:39.368Z] [INDEXING-ORCHESTRATOR] [DEBUG] Average chunk size: 268 characters
[2025-11-09T09:14:39.659Z] [2025-11-09T09:14:39.389Z] [TREESITTER-CHUNKER] [INFO] Created 1 semantic chunks from C:\Projects\educatedplanet\web\components\ui\dialog.tsx
[2025-11-09T09:14:39.659Z] [2025-11-09T09:14:39.416Z] [TREESITTER-FULL] [INFO] Extracted 0 symbols from C:\Projects\educatedplanet\web\components\ui\dialog.tsx
[2025-11-09T09:14:39.659Z] [2025-11-09T09:14:39.416Z] [INDEXING-ORCHESTRATOR] [DEBUG] 🔍 Symbol extraction for C:\Projects\educatedplanet\web\components\ui\dialog.tsx: 0 symbols, 4 imports
[2025-11-09T09:14:39.659Z] [2025-11-09T09:14:39.416Z] [INDEXING-ORCHESTRATOR] [DEBUG] 📍 Chunk 1-120: 0 candidate symbols
[2025-11-09T09:14:39.659Z] [2025-11-09T09:14:39.416Z] [INDEXING-ORCHESTRATOR] [DEBUG] ✅ Chunk symbols after filtering: 0 symbols - 
[2025-11-09T09:14:39.659Z] [2025-11-09T09:14:39.416Z] [INDEXING-ORCHESTRATOR] [DEBUG] Created 1 semantic chunks for C:\Projects\educatedplanet\web\components\ui\dialog.tsx
[2025-11-09T09:14:39.659Z] [2025-11-09T09:14:39.416Z] [INDEXING-ORCHESTRATOR] [DEBUG] Average chunk size: 3855 characters
[2025-11-09T09:14:39.659Z] [2025-11-09T09:14:39.419Z] [TREESITTER-CHUNKER] [INFO] Created 2 semantic chunks from C:\Projects\educatedplanet\web\components\ui\input.tsx
[2025-11-09T09:14:39.659Z] [2025-11-09T09:14:39.425Z] [TREESITTER-FULL] [INFO] Extracted 2 symbols from C:\Projects\educatedplanet\web\components\ui\input.tsx
[2025-11-09T09:14:39.659Z] [2025-11-09T09:14:39.425Z] [INDEXING-ORCHESTRATOR] [DEBUG] 🔍 Symbol extraction for C:\Projects\educatedplanet\web\components\ui\input.tsx: 2 symbols, 2 imports
[2025-11-09T09:14:39.659Z] [2025-11-09T09:14:39.425Z] [INDEXING-ORCHESTRATOR] [DEBUG] 📍 Chunk 5-6: 1 candidate symbols
[2025-11-09T09:14:39.659Z] [2025-11-09T09:14:39.425Z] [INDEXING-ORCHESTRATOR] [DEBUG] ✅ Chunk symbols after filtering: 1 symbols - InputProps
[2025-11-09T09:14:39.659Z] [2025-11-09T09:14:39.425Z] [INDEXING-ORCHESTRATOR] [DEBUG] 📍 Chunk 7-25: 1 candidate symbols
[2025-11-09T09:14:39.659Z] [2025-11-09T09:14:39.425Z] [INDEXING-ORCHESTRATOR] [DEBUG] ✅ Chunk symbols after filtering: 1 symbols - Input
[2025-11-09T09:14:39.659Z] [2025-11-09T09:14:39.425Z] [INDEXING-ORCHESTRATOR] [DEBUG] Created 2 semantic chunks for C:\Projects\educatedplanet\web\components\ui\input.tsx
[2025-11-09T09:14:39.659Z] [2025-11-09T09:14:39.425Z] [INDEXING-ORCHESTRATOR] [DEBUG] Average chunk size: 374 characters
[2025-11-09T09:14:39.659Z] [2025-11-09T09:14:39.428Z] [TREESITTER-CHUNKER] [INFO] Created 1 semantic chunks from C:\Projects\educatedplanet\web\components\ui\label.tsx
[2025-11-09T09:14:39.659Z] [2025-11-09T09:14:39.433Z] [TREESITTER-FULL] [INFO] Extracted 1 symbols from C:\Projects\educatedplanet\web\components\ui\label.tsx
[2025-11-09T09:14:39.659Z] [2025-11-09T09:14:39.433Z] [INDEXING-ORCHESTRATOR] [DEBUG] 🔍 Symbol extraction for C:\Projects\educatedplanet\web\components\ui\label.tsx: 1 symbols, 4 imports
[2025-11-09T09:14:39.659Z] [2025-11-09T09:14:39.434Z] [INDEXING-ORCHESTRATOR] [DEBUG] 📍 Chunk 1-24: 1 candidate symbols
[2025-11-09T09:14:39.659Z] [2025-11-09T09:14:39.434Z] [INDEXING-ORCHESTRATOR] [DEBUG] ✅ Chunk symbols after filtering: 1 symbols - labelVariants
[2025-11-09T09:14:39.659Z] [2025-11-09T09:14:39.434Z] [INDEXING-ORCHESTRATOR] [DEBUG] Created 1 semantic chunks for C:\Projects\educatedplanet\web\components\ui\label.tsx
[2025-11-09T09:14:39.659Z] [2025-11-09T09:14:39.434Z] [INDEXING-ORCHESTRATOR] [DEBUG] Average chunk size: 709 characters
[2025-11-09T09:14:39.659Z] [2025-11-09T09:14:39.458Z] [TREESITTER-CHUNKER] [INFO] Created 1 semantic chunks from C:\Projects\educatedplanet\web\components\ui\select.tsx
[2025-11-09T09:14:39.659Z] [2025-11-09T09:14:39.506Z] [TREESITTER-FULL] [INFO] Extracted 3 symbols from C:\Projects\educatedplanet\web\components\ui\select.tsx
[2025-11-09T09:14:39.659Z] [2025-11-09T09:14:39.506Z] [INDEXING-ORCHESTRATOR] [DEBUG] 🔍 Symbol extraction for C:\Projects\educatedplanet\web\components\ui\select.tsx: 3 symbols, 4 imports
[2025-11-09T09:14:39.659Z] [2025-11-09T09:14:39.506Z] [INDEXING-ORCHESTRATOR] [DEBUG] 📍 Chunk 1-158: 3 candidate symbols
[2025-11-09T09:14:39.659Z] [2025-11-09T09:14:39.506Z] [INDEXING-ORCHESTRATOR] [DEBUG] ✅ Chunk symbols after filtering: 3 symbols - SelectTrigger, SelectScrollUpButton, SelectScrollDownButton
[2025-11-09T09:14:39.659Z] [2025-11-09T09:14:39.506Z] [INDEXING-ORCHESTRATOR] [DEBUG] Created 1 semantic chunks for C:\Projects\educatedplanet\web\components\ui\select.tsx
[2025-11-09T09:14:39.659Z] [2025-11-09T09:14:39.506Z] [INDEXING-ORCHESTRATOR] [DEBUG] Average chunk size: 5614 characters
[2025-11-09T09:14:39.659Z] [2025-11-09T09:14:39.506Z] [INDEXING-ORCHESTRATOR] [DEBUG] 📊 Processed: 250/259 files
[2025-11-09T09:14:39.659Z] [2025-11-09T09:14:39.525Z] [TREESITTER-CHUNKER] [INFO] Created 2 semantic chunks from C:\Projects\educatedplanet\web\components\ui\sheet.tsx
[2025-11-09T09:14:39.659Z] [2025-11-09T09:14:39.555Z] [TREESITTER-FULL] [INFO] Extracted 3 symbols from C:\Projects\educatedplanet\web\components\ui\sheet.tsx
[2025-11-09T09:14:39.659Z] [2025-11-09T09:14:39.555Z] [INDEXING-ORCHESTRATOR] [DEBUG] 🔍 Symbol extraction for C:\Projects\educatedplanet\web\components\ui\sheet.tsx: 3 symbols, 5 imports
[2025-11-09T09:14:39.659Z] [2025-11-09T09:14:39.555Z] [INDEXING-ORCHESTRATOR] [DEBUG] 📍 Chunk 35-39: 1 candidate symbols
[2025-11-09T09:14:39.659Z] [2025-11-09T09:14:39.555Z] [INDEXING-ORCHESTRATOR] [DEBUG] ✅ Chunk symbols after filtering: 1 symbols - SheetContentProps
[2025-11-09T09:14:39.659Z] [2025-11-09T09:14:39.555Z] [INDEXING-ORCHESTRATOR] [DEBUG] 📍 Chunk 40-144: 1 candidate symbols
[2025-11-09T09:14:39.659Z] [2025-11-09T09:14:39.555Z] [INDEXING-ORCHESTRATOR] [DEBUG] ✅ Chunk symbols after filtering: 1 symbols - SheetContent
[2025-11-09T09:14:39.659Z] [2025-11-09T09:14:39.555Z] [INDEXING-ORCHESTRATOR] [DEBUG] Created 2 semantic chunks for C:\Projects\educatedplanet\web\components\ui\sheet.tsx
[2025-11-09T09:14:39.659Z] [2025-11-09T09:14:39.555Z] [INDEXING-ORCHESTRATOR] [DEBUG] Average chunk size: 1611 characters
[2025-11-09T09:14:39.659Z] [2025-11-09T09:14:39.558Z] [TREESITTER-CHUNKER] [INFO] Created 1 semantic chunks from C:\Projects\educatedplanet\web\components\ui\separator.tsx
[2025-11-09T09:14:39.659Z] [2025-11-09T09:14:39.561Z] [TREESITTER-FULL] [INFO] Extracted 0 symbols from C:\Projects\educatedplanet\web\components\ui\separator.tsx
[2025-11-09T09:14:39.659Z] [2025-11-09T09:14:39.561Z] [INDEXING-ORCHESTRATOR] [DEBUG] 🔍 Symbol extraction for C:\Projects\educatedplanet\web\components\ui\separator.tsx: 0 symbols, 3 imports
[2025-11-09T09:14:39.659Z] [2025-11-09T09:14:39.561Z] [INDEXING-ORCHESTRATOR] [DEBUG] 📍 Chunk 1-29: 0 candidate symbols
[2025-11-09T09:14:39.659Z] [2025-11-09T09:14:39.561Z] [INDEXING-ORCHESTRATOR] [DEBUG] ✅ Chunk symbols after filtering: 0 symbols - 
[2025-11-09T09:14:39.659Z] [2025-11-09T09:14:39.561Z] [INDEXING-ORCHESTRATOR] [DEBUG] Created 1 semantic chunks for C:\Projects\educatedplanet\web\components\ui\separator.tsx
[2025-11-09T09:14:39.659Z] [2025-11-09T09:14:39.561Z] [INDEXING-ORCHESTRATOR] [DEBUG] Average chunk size: 755 characters
[2025-11-09T09:14:39.659Z] [2025-11-09T09:14:39.569Z] [TREESITTER-CHUNKER] [INFO] Created 1 semantic chunks from C:\Projects\educatedplanet\web\data\featured-tutors-data.ts
[2025-11-09T09:14:39.659Z] [2025-11-09T09:14:39.589Z] [TREESITTER-FULL] [INFO] Extracted 1 symbols from C:\Projects\educatedplanet\web\data\featured-tutors-data.ts
[2025-11-09T09:14:39.659Z] [2025-11-09T09:14:39.589Z] [INDEXING-ORCHESTRATOR] [DEBUG] 🔍 Symbol extraction for C:\Projects\educatedplanet\web\data\featured-tutors-data.ts: 1 symbols, 1 imports
[2025-11-09T09:14:39.659Z] [2025-11-09T09:14:39.589Z] [INDEXING-ORCHESTRATOR] [DEBUG] 📍 Chunk 1-208: 1 candidate symbols
[2025-11-09T09:14:39.659Z] [2025-11-09T09:14:39.589Z] [INDEXING-ORCHESTRATOR] [DEBUG] ✅ Chunk symbols after filtering: 1 symbols - featuredTutors
[2025-11-09T09:14:39.659Z] [2025-11-09T09:14:39.589Z] [INDEXING-ORCHESTRATOR] [DEBUG] Created 1 semantic chunks for C:\Projects\educatedplanet\web\data\featured-tutors-data.ts
[2025-11-09T09:14:39.659Z] [2025-11-09T09:14:39.589Z] [INDEXING-ORCHESTRATOR] [DEBUG] Average chunk size: 4754 characters
[2025-11-09T09:14:39.659Z] [2025-11-09T09:14:39.590Z] [TREESITTER-CHUNKER] [INFO] Created 1 semantic chunks from C:\Projects\educatedplanet\web\eslint.config.mjs
[2025-11-09T09:14:39.659Z] [2025-11-09T09:14:39.591Z] [TREESITTER-FULL] [INFO] Extracted 1 symbols from C:\Projects\educatedplanet\web\eslint.config.mjs
[2025-11-09T09:14:39.659Z] [2025-11-09T09:14:39.591Z] [INDEXING-ORCHESTRATOR] [DEBUG] 🔍 Symbol extraction for C:\Projects\educatedplanet\web\eslint.config.mjs: 1 symbols, 3 imports
[2025-11-09T09:14:39.659Z] [2025-11-09T09:14:39.591Z] [INDEXING-ORCHESTRATOR] [DEBUG] 📍 Chunk 1-19: 1 candidate symbols
[2025-11-09T09:14:39.659Z] [2025-11-09T09:14:39.591Z] [INDEXING-ORCHESTRATOR] [DEBUG] ✅ Chunk symbols after filtering: 1 symbols - eslintConfig
[2025-11-09T09:14:39.659Z] [2025-11-09T09:14:39.591Z] [INDEXING-ORCHESTRATOR] [DEBUG] Created 1 semantic chunks for C:\Projects\educatedplanet\web\eslint.config.mjs
[2025-11-09T09:14:39.659Z] [2025-11-09T09:14:39.591Z] [INDEXING-ORCHESTRATOR] [DEBUG] Average chunk size: 464 characters
[2025-11-09T09:14:39.659Z] [2025-11-09T09:14:39.608Z] [TREESITTER-CHUNKER] [INFO] Created 6 semantic chunks from C:\Projects\educatedplanet\web\examples\header-usage.tsx
[2025-11-09T09:14:39.677Z] [2025-11-09T09:14:39.679Z] [TREESITTER-FULL] [INFO] Extracted 7 symbols from C:\Projects\educatedplanet\web\examples\header-usage.tsx
[2025-11-09T09:14:39.677Z] [2025-11-09T09:14:39.679Z] [INDEXING-ORCHESTRATOR] [DEBUG] 🔍 Symbol extraction for C:\Projects\educatedplanet\web\examples\header-usage.tsx: 7 symbols, 7 imports
[2025-11-09T09:14:39.677Z] [2025-11-09T09:14:39.679Z] [INDEXING-ORCHESTRATOR] [DEBUG] 📍 Chunk 13-23: 1 candidate symbols
[2025-11-09T09:14:39.677Z] [2025-11-09T09:14:39.679Z] [INDEXING-ORCHESTRATOR] [DEBUG] ✅ Chunk symbols after filtering: 1 symbols - BasicLayout
[2025-11-09T09:14:39.678Z] [2025-11-09T09:14:39.679Z] [INDEXING-ORCHESTRATOR] [DEBUG] 📍 Chunk 26-67: 1 candidate symbols
[2025-11-09T09:14:39.678Z] [2025-11-09T09:14:39.679Z] [INDEXING-ORCHESTRATOR] [DEBUG] ✅ Chunk symbols after filtering: 1 symbols - CustomHeaderExample
[2025-11-09T09:14:39.678Z] [2025-11-09T09:14:39.679Z] [INDEXING-ORCHESTRATOR] [DEBUG] 📍 Chunk 70-125: 3 candidate symbols
[2025-11-09T09:14:39.678Z] [2025-11-09T09:14:39.679Z] [INDEXING-ORCHESTRATOR] [DEBUG] ✅ Chunk symbols after filtering: 3 symbols - MinimalHeader, CustomNavigationHeader, FullPageLayout
[2025-11-09T09:14:39.678Z] [2025-11-09T09:14:39.679Z] [INDEXING-ORCHESTRATOR] [DEBUG] 📍 Chunk 128-169: 1 candidate symbols
[2025-11-09T09:14:39.678Z] [2025-11-09T09:14:39.679Z] [INDEXING-ORCHESTRATOR] [DEBUG] ✅ Chunk symbols after filtering: 1 symbols - HeaderWithSearch
[2025-11-09T09:14:39.678Z] [2025-11-09T09:14:39.679Z] [INDEXING-ORCHESTRATOR] [DEBUG] 📍 Chunk 172-197: 1 candidate symbols
[2025-11-09T09:14:39.678Z] [2025-11-09T09:14:39.679Z] [INDEXING-ORCHESTRATOR] [DEBUG] ✅ Chunk symbols after filtering: 1 symbols - DashboardHeader
[2025-11-09T09:14:39.678Z] [2025-11-09T09:14:39.679Z] [INDEXING-ORCHESTRATOR] [DEBUG] 📍 Chunk 198-216: 0 candidate symbols
[2025-11-09T09:14:39.678Z] [2025-11-09T09:14:39.679Z] [INDEXING-ORCHESTRATOR] [DEBUG] ✅ Chunk symbols after filtering: 0 symbols - 
[2025-11-09T09:14:39.678Z] [2025-11-09T09:14:39.679Z] [INDEXING-ORCHESTRATOR] [DEBUG] Created 6 semantic chunks for C:\Projects\educatedplanet\web\examples\header-usage.tsx
[2025-11-09T09:14:39.678Z] [2025-11-09T09:14:39.679Z] [INDEXING-ORCHESTRATOR] [DEBUG] Average chunk size: 910 characters
[2025-11-09T09:14:39.692Z] [2025-11-09T09:14:39.693Z] [TREESITTER-CHUNKER] [INFO] Created 3 semantic chunks from C:\Projects\educatedplanet\web\examples\hero-usage.tsx
[2025-11-09T09:14:39.778Z] [2025-11-09T09:14:39.779Z] [TREESITTER-FULL] [INFO] Extracted 4 symbols from C:\Projects\educatedplanet\web\examples\hero-usage.tsx
[2025-11-09T09:14:39.778Z] [2025-11-09T09:14:39.779Z] [INDEXING-ORCHESTRATOR] [DEBUG] 🔍 Symbol extraction for C:\Projects\educatedplanet\web\examples\hero-usage.tsx: 4 symbols, 3 imports
[2025-11-09T09:14:39.778Z] [2025-11-09T09:14:39.779Z] [INDEXING-ORCHESTRATOR] [DEBUG] 📍 Chunk 11-58: 2 candidate symbols
[2025-11-09T09:14:39.778Z] [2025-11-09T09:14:39.779Z] [INDEXING-ORCHESTRATOR] [DEBUG] ✅ Chunk symbols after filtering: 2 symbols - BasicHeroExample, HeroWithState
[2025-11-09T09:14:39.778Z] [2025-11-09T09:14:39.779Z] [INDEXING-ORCHESTRATOR] [DEBUG] 📍 Chunk 61-82: 1 candidate symbols
[2025-11-09T09:14:39.778Z] [2025-11-09T09:14:39.779Z] [INDEXING-ORCHESTRATOR] [DEBUG] ✅ Chunk symbols after filtering: 1 symbols - HeroWithAnalytics
[2025-11-09T09:14:39.778Z] [2025-11-09T09:14:39.779Z] [INDEXING-ORCHESTRATOR] [DEBUG] 📍 Chunk 83-183: 1 candidate symbols
[2025-11-09T09:14:39.778Z] [2025-11-09T09:14:39.779Z] [INDEXING-ORCHESTRATOR] [DEBUG] ✅ Chunk symbols after filtering: 1 symbols - handleSearch
[2025-11-09T09:14:39.778Z] [2025-11-09T09:14:39.780Z] [INDEXING-ORCHESTRATOR] [DEBUG] Created 3 semantic chunks for C:\Projects\educatedplanet\web\examples\hero-usage.tsx
[2025-11-09T09:14:39.778Z] [2025-11-09T09:14:39.780Z] [INDEXING-ORCHESTRATOR] [DEBUG] Average chunk size: 1730 characters
[2025-11-09T09:14:39.784Z] [2025-11-09T09:14:39.786Z] [TREESITTER-CHUNKER] [INFO] Created 1 semantic chunks from C:\Projects\educatedplanet\web\next.config.ts
[2025-11-09T09:14:39.787Z] [2025-11-09T09:14:39.788Z] [TREESITTER-FULL] [INFO] Extracted 1 symbols from C:\Projects\educatedplanet\web\next.config.ts
[2025-11-09T09:14:39.787Z] [2025-11-09T09:14:39.788Z] [INDEXING-ORCHESTRATOR] [DEBUG] 🔍 Symbol extraction for C:\Projects\educatedplanet\web\next.config.ts: 1 symbols, 1 imports
[2025-11-09T09:14:39.787Z] [2025-11-09T09:14:39.788Z] [INDEXING-ORCHESTRATOR] [DEBUG] 📍 Chunk 1-27: 1 candidate symbols
[2025-11-09T09:14:39.787Z] [2025-11-09T09:14:39.788Z] [INDEXING-ORCHESTRATOR] [DEBUG] ✅ Chunk symbols after filtering: 1 symbols - nextConfig
[2025-11-09T09:14:39.787Z] [2025-11-09T09:14:39.788Z] [INDEXING-ORCHESTRATOR] [DEBUG] Created 1 semantic chunks for C:\Projects\educatedplanet\web\next.config.ts
[2025-11-09T09:14:39.787Z] [2025-11-09T09:14:39.788Z] [INDEXING-ORCHESTRATOR] [DEBUG] Average chunk size: 516 characters
[2025-11-09T09:14:39.788Z] [2025-11-09T09:14:39.789Z] [TREESITTER-CHUNKER] [INFO] Created 1 semantic chunks from C:\Projects\educatedplanet\web\lib\utils.ts
[2025-11-09T09:14:39.789Z] [2025-11-09T09:14:39.790Z] [TREESITTER-FULL] [INFO] Extracted 1 symbols from C:\Projects\educatedplanet\web\lib\utils.ts
[2025-11-09T09:14:39.789Z] [2025-11-09T09:14:39.790Z] [INDEXING-ORCHESTRATOR] [DEBUG] 🔍 Symbol extraction for C:\Projects\educatedplanet\web\lib\utils.ts: 1 symbols, 2 imports
[2025-11-09T09:14:39.789Z] [2025-11-09T09:14:39.790Z] [INDEXING-ORCHESTRATOR] [DEBUG] 📍 Chunk 4-6: 1 candidate symbols
[2025-11-09T09:14:39.789Z] [2025-11-09T09:14:39.790Z] [INDEXING-ORCHESTRATOR] [DEBUG] ✅ Chunk symbols after filtering: 1 symbols - cn
[2025-11-09T09:14:39.789Z] [2025-11-09T09:14:39.790Z] [INDEXING-ORCHESTRATOR] [DEBUG] Created 1 semantic chunks for C:\Projects\educatedplanet\web\lib\utils.ts
[2025-11-09T09:14:39.789Z] [2025-11-09T09:14:39.790Z] [INDEXING-ORCHESTRATOR] [DEBUG] Average chunk size: 71 characters
[2025-11-09T09:14:39.790Z] [2025-11-09T09:14:39.791Z] [TREESITTER-CHUNKER] [INFO] Created 1 semantic chunks from C:\Projects\educatedplanet\web\postcss.config.mjs
[2025-11-09T09:14:39.790Z] [2025-11-09T09:14:39.792Z] [TREESITTER-FULL] [INFO] Extracted 1 symbols from C:\Projects\educatedplanet\web\postcss.config.mjs
[2025-11-09T09:14:39.790Z] [2025-11-09T09:14:39.792Z] [INDEXING-ORCHESTRATOR] [DEBUG] 🔍 Symbol extraction for C:\Projects\educatedplanet\web\postcss.config.mjs: 1 symbols, 0 imports
[2025-11-09T09:14:39.791Z] [2025-11-09T09:14:39.792Z] [INDEXING-ORCHESTRATOR] [DEBUG] 📍 Chunk 1-8: 1 candidate symbols
[2025-11-09T09:14:39.791Z] [2025-11-09T09:14:39.792Z] [INDEXING-ORCHESTRATOR] [DEBUG] ✅ Chunk symbols after filtering: 1 symbols - config
[2025-11-09T09:14:39.791Z] [2025-11-09T09:14:39.792Z] [INDEXING-ORCHESTRATOR] [DEBUG] Created 1 semantic chunks for C:\Projects\educatedplanet\web\postcss.config.mjs
[2025-11-09T09:14:39.791Z] [2025-11-09T09:14:39.792Z] [INDEXING-ORCHESTRATOR] [DEBUG] Average chunk size: 93 characters
[2025-11-09T09:14:39.791Z] [2025-11-09T09:14:39.792Z] [INDEXING-ORCHESTRATOR] [DEBUG] 📊 Processed: 259/259 files
[2025-11-09T09:14:39.791Z] [2025-11-09T09:14:39.792Z] [INDEXING-ORCHESTRATOR] [INFO] Uploading 557 chunks to vector store...
[2025-11-09T09:14:39.791Z] [2025-11-09T09:14:39.792Z] [INDEXING-ORCHESTRATOR] [INFO] Uploading 557 chunks to vector store and local metadata...
[2025-11-09T09:14:39.791Z] [2025-11-09T09:14:39.792Z] [INDEXING-ORCHESTRATOR] [INFO] 📦 Processing batch 1/56 (10 chunks)
[2025-11-09T09:14:39.791Z] [2025-11-09T09:14:39.792Z] [INDEXING-ORCHESTRATOR] [DEBUG] 🧠 Generating embeddings for 10 chunks...
[2025-11-09T09:14:43.232Z] [2025-11-09T09:14:43.233Z] [INDEXING-ORCHESTRATOR] [DEBUG] ✅ Generated 10 embeddings
[2025-11-09T09:14:43.232Z] [2025-11-09T09:14:43.234Z] [INDEXING-ORCHESTRATOR] [DEBUG] ⬆️  Upserting 10 vectors to namespace: mcp_b0e62d81bd2a51d5
[2025-11-09T09:14:45.214Z] [2025-11-09T09:14:45.215Z] [INDEXING-ORCHESTRATOR] [WARN] ⚠️ Skipping batch 1 after retries failed. Continuing with remaining batches.
[2025-11-09T09:14:45.214Z] [2025-11-09T09:14:45.215Z] [INDEXING-ORCHESTRATOR] [WARN] Skipped batch error: "Turbopuffer upsert error (400): {\"error\":\"💔 This upsert contains duplicate document IDs and was not written. You should ensure that individual upserts do not include duplicate documents. The duplicated IDs in this batch were the following: C:\\\\Projects\\\\educatedplanet\\\\admin\\\\src\\\\app\\\\(main)\\\\auth\\\\_compon\",\"status\":\"error\"}"
[2025-11-09T09:14:45.214Z] [2025-11-09T09:14:45.215Z] [INDEXING-ORCHESTRATOR] [INFO] 📦 Processing batch 2/56 (10 chunks)
[2025-11-09T09:14:45.214Z] [2025-11-09T09:14:45.215Z] [INDEXING-ORCHESTRATOR] [DEBUG] 🧠 Generating embeddings for 10 chunks...
[2025-11-09T09:14:47.970Z] [2025-11-09T09:14:47.971Z] [INDEXING-ORCHESTRATOR] [DEBUG] ✅ Generated 10 embeddings
[2025-11-09T09:14:47.971Z] [2025-11-09T09:14:47.971Z] [INDEXING-ORCHESTRATOR] [DEBUG] ⬆️  Upserting 10 vectors to namespace: mcp_b0e62d81bd2a51d5
[2025-11-09T09:14:49.499Z] [2025-11-09T09:14:49.500Z] [INDEXING-ORCHESTRATOR] [WARN] ⚠️ Skipping batch 2 after retries failed. Continuing with remaining batches.
[2025-11-09T09:14:49.501Z] [2025-11-09T09:14:49.500Z] [INDEXING-ORCHESTRATOR] [WARN] Skipped batch error: "Turbopuffer upsert error (400): {\"error\":\"💔 This upsert contains duplicate document IDs and was not written. You should ensure that individual upserts do not include duplicate documents. The duplicated IDs in this batch were the following: C:\\\\Projects\\\\educatedplanet\\\\admin\\\\src\\\\app\\\\(main)\\\\dashboard\\\\_c\",\"status\":\"error\"}"
[2025-11-09T09:14:49.501Z] [2025-11-09T09:14:49.500Z] [INDEXING-ORCHESTRATOR] [INFO] 📦 Processing batch 3/56 (10 chunks)
[2025-11-09T09:14:49.501Z] [2025-11-09T09:14:49.500Z] [INDEXING-ORCHESTRATOR] [DEBUG] 🧠 Generating embeddings for 10 chunks...
[2025-11-09T09:14:52.644Z] [2025-11-09T09:14:52.645Z] [INDEXING-ORCHESTRATOR] [DEBUG] ✅ Generated 10 embeddings
[2025-11-09T09:14:52.644Z] [2025-11-09T09:14:52.646Z] [INDEXING-ORCHESTRATOR] [DEBUG] ⬆️  Upserting 10 vectors to namespace: mcp_b0e62d81bd2a51d5
[2025-11-09T09:14:54.413Z] [2025-11-09T09:14:54.414Z] [INDEXING-ORCHESTRATOR] [WARN] ⚠️ Skipping batch 3 after retries failed. Continuing with remaining batches.
[2025-11-09T09:14:54.414Z] [2025-11-09T09:14:54.414Z] [INDEXING-ORCHESTRATOR] [WARN] Skipped batch error: "Turbopuffer upsert error (400): {\"error\":\"💔 This upsert contains duplicate document IDs and was not written. You should ensure that individual upserts do not include duplicate documents. The duplicated IDs in this batch were the following: C:\\\\Projects\\\\educatedplanet\\\\admin\\\\src\\\\app\\\\(main)\\\\dashboard\\\\cl\",\"status\":\"error\"}"
[2025-11-09T09:14:54.414Z] [2025-11-09T09:14:54.414Z] [INDEXING-ORCHESTRATOR] [INFO] 📦 Processing batch 4/56 (10 chunks)
[2025-11-09T09:14:54.414Z] [2025-11-09T09:14:54.414Z] [INDEXING-ORCHESTRATOR] [DEBUG] 🧠 Generating embeddings for 10 chunks...
[2025-11-09T09:14:57.213Z] [2025-11-09T09:14:57.214Z] [INDEXING-ORCHESTRATOR] [DEBUG] ✅ Generated 10 embeddings
[2025-11-09T09:14:57.213Z] [2025-11-09T09:14:57.215Z] [INDEXING-ORCHESTRATOR] [DEBUG] ⬆️  Upserting 10 vectors to namespace: mcp_b0e62d81bd2a51d5
[2025-11-09T09:14:58.526Z] [2025-11-09T09:14:58.527Z] [INDEXING-ORCHESTRATOR] [WARN] ⚠️ Skipping batch 4 after retries failed. Continuing with remaining batches.
[2025-11-09T09:14:58.526Z] [2025-11-09T09:14:58.527Z] [INDEXING-ORCHESTRATOR] [WARN] Skipped batch error: "Turbopuffer upsert error (400): {\"error\":\"💔 This upsert contains duplicate document IDs and was not written. You should ensure that individual upserts do not include duplicate documents. The duplicated IDs in this batch were the following: C:\\\\Projects\\\\educatedplanet\\\\admin\\\\src\\\\app\\\\(main)\\\\dashboard\\\\cr\",\"status\":\"error\"}"
[2025-11-09T09:14:58.527Z] [2025-11-09T09:14:58.528Z] [INDEXING-ORCHESTRATOR] [INFO] 📦 Processing batch 5/56 (10 chunks)
[2025-11-09T09:14:58.527Z] [2025-11-09T09:14:58.528Z] [INDEXING-ORCHESTRATOR] [DEBUG] 🧠 Generating embeddings for 10 chunks...
[2025-11-09T09:15:00.969Z] [2025-11-09T09:15:00.970Z] [INDEXING-ORCHESTRATOR] [DEBUG] ✅ Generated 10 embeddings
[2025-11-09T09:15:00.969Z] [2025-11-09T09:15:00.970Z] [INDEXING-ORCHESTRATOR] [DEBUG] ⬆️  Upserting 10 vectors to namespace: mcp_b0e62d81bd2a51d5
[2025-11-09T09:15:02.196Z] [2025-11-09T09:15:02.197Z] [INDEXING-ORCHESTRATOR] [WARN] ⚠️ Skipping batch 5 after retries failed. Continuing with remaining batches.
[2025-11-09T09:15:02.196Z] [2025-11-09T09:15:02.197Z] [INDEXING-ORCHESTRATOR] [WARN] Skipped batch error: "Turbopuffer upsert error (400): {\"error\":\"💔 This upsert contains duplicate document IDs and was not written. You should ensure that individual upserts do not include duplicate documents. The duplicated IDs in this batch were the following: C:\\\\Projects\\\\educatedplanet\\\\admin\\\\src\\\\app\\\\(main)\\\\dashboard\\\\de,C:\\\\Projects\\\\educatedplanet\\\\admin\\\\src\\\\app\\\\(main)\\\\dashboard\\\\fi\",\"status\":\"error\"}"
[2025-11-09T09:15:02.196Z] [2025-11-09T09:15:02.197Z] [INDEXING-ORCHESTRATOR] [INFO] 📦 Processing batch 6/56 (10 chunks)
[2025-11-09T09:15:02.196Z] [2025-11-09T09:15:02.197Z] [INDEXING-ORCHESTRATOR] [DEBUG] 🧠 Generating embeddings for 10 chunks...
[2025-11-09T09:15:03.637Z] [2025-11-09T09:15:03.638Z] [INDEXING-ORCHESTRATOR] [DEBUG] ✅ Generated 10 embeddings
[2025-11-09T09:15:03.637Z] [2025-11-09T09:15:03.638Z] [INDEXING-ORCHESTRATOR] [DEBUG] ⬆️  Upserting 10 vectors to namespace: mcp_b0e62d81bd2a51d5
[2025-11-09T09:15:05.163Z] [2025-11-09T09:15:05.163Z] [INDEXING-ORCHESTRATOR] [WARN] ⚠️ Skipping batch 6 after retries failed. Continuing with remaining batches.
[2025-11-09T09:15:05.164Z] [2025-11-09T09:15:05.164Z] [INDEXING-ORCHESTRATOR] [WARN] Skipped batch error: "Turbopuffer upsert error (400): {\"error\":\"💔 This upsert contains duplicate document IDs and was not written. You should ensure that individual upserts do not include duplicate documents. The duplicated IDs in this batch were the following: C:\\\\Projects\\\\educatedplanet\\\\admin\\\\src\\\\app\\\\(main)\\\\dashboard\\\\fi,C:\\\\Projects\\\\educatedplanet\\\\admin\\\\src\\\\app\\\\(main)\\\\dashboard\\\\la,C:\\\\Projects\\\\educatedplanet\\\\admin\\\\src\\\\app\\\\(main)\\\\dashboard\\\\us\",\"status\":\"error\"}"
[2025-11-09T09:15:05.164Z] [2025-11-09T09:15:05.164Z] [INDEXING-ORCHESTRATOR] [INFO] 📦 Processing batch 7/56 (10 chunks)
[2025-11-09T09:15:05.164Z] [2025-11-09T09:15:05.164Z] [INDEXING-ORCHESTRATOR] [DEBUG] 🧠 Generating embeddings for 10 chunks...
[2025-11-09T09:15:06.714Z] [2025-11-09T09:15:06.714Z] [INDEXING-ORCHESTRATOR] [DEBUG] ✅ Generated 10 embeddings
[2025-11-09T09:15:06.714Z] [2025-11-09T09:15:06.714Z] [INDEXING-ORCHESTRATOR] [DEBUG] ⬆️  Upserting 10 vectors to namespace: mcp_b0e62d81bd2a51d5
[2025-11-09T09:15:07.851Z] [2025-11-09T09:15:07.852Z] [INDEXING-ORCHESTRATOR] [WARN] ⚠️ Skipping batch 7 after retries failed. Continuing with remaining batches.
[2025-11-09T09:15:07.851Z] [2025-11-09T09:15:07.853Z] [INDEXING-ORCHESTRATOR] [WARN] Skipped batch error: "Turbopuffer upsert error (400): {\"error\":\"💔 This upsert contains duplicate document IDs and was not written. You should ensure that individual upserts do not include duplicate documents. The duplicated IDs in this batch were the following: C:\\\\Projects\\\\educatedplanet\\\\admin\\\\src\\\\app\\\\(main)\\\\dashboard\\\\us\",\"status\":\"error\"}"
[2025-11-09T09:15:07.852Z] [2025-11-09T09:15:07.853Z] [INDEXING-ORCHESTRATOR] [INFO] 📦 Processing batch 8/56 (10 chunks)
[2025-11-09T09:15:07.852Z] [2025-11-09T09:15:07.853Z] [INDEXING-ORCHESTRATOR] [DEBUG] 🧠 Generating embeddings for 10 chunks...
[2025-11-09T09:15:09.330Z] [2025-11-09T09:15:09.331Z] [INDEXING-ORCHESTRATOR] [DEBUG] ✅ Generated 10 embeddings
[2025-11-09T09:15:09.330Z] [2025-11-09T09:15:09.331Z] [INDEXING-ORCHESTRATOR] [DEBUG] ⬆️  Upserting 10 vectors to namespace: mcp_b0e62d81bd2a51d5
[2025-11-09T09:15:10.443Z] [2025-11-09T09:15:10.444Z] [INDEXING-ORCHESTRATOR] [WARN] ⚠️ Skipping batch 8 after retries failed. Continuing with remaining batches.
[2025-11-09T09:15:10.443Z] [2025-11-09T09:15:10.444Z] [INDEXING-ORCHESTRATOR] [WARN] Skipped batch error: "Turbopuffer upsert error (400): {\"error\":\"💔 This upsert contains duplicate document IDs and was not written. You should ensure that individual upserts do not include duplicate documents. The duplicated IDs in this batch were the following: C:\\\\Projects\\\\educatedplanet\\\\admin\\\\src\\\\app\\\\api\\\\classes\\\\[id]\\\\ro,C:\\\\Projects\\\\educatedplanet\\\\admin\\\\src\\\\app\\\\api\\\\classes\\\\[id]\\\\su,C:\\\\Projects\\\\educatedplanet\\\\admin\\\\src\\\\app\\\\api\\\\classes\\\\route_c\",\"status\":\"error\"}"
[2025-11-09T09:15:10.443Z] [2025-11-09T09:15:10.444Z] [INDEXING-ORCHESTRATOR] [INFO] 📦 Processing batch 9/56 (10 chunks)
[2025-11-09T09:15:10.443Z] [2025-11-09T09:15:10.445Z] [INDEXING-ORCHESTRATOR] [DEBUG] 🧠 Generating embeddings for 10 chunks...
[2025-11-09T09:15:12.154Z] [2025-11-09T09:15:12.155Z] [INDEXING-ORCHESTRATOR] [DEBUG] ✅ Generated 10 embeddings
[2025-11-09T09:15:12.154Z] [2025-11-09T09:15:12.155Z] [INDEXING-ORCHESTRATOR] [DEBUG] ⬆️  Upserting 10 vectors to namespace: mcp_b0e62d81bd2a51d5
[2025-11-09T09:15:13.406Z] [2025-11-09T09:15:13.406Z] [INDEXING-ORCHESTRATOR] [WARN] ⚠️ Skipping batch 9 after retries failed. Continuing with remaining batches.
[2025-11-09T09:15:13.406Z] [2025-11-09T09:15:13.406Z] [INDEXING-ORCHESTRATOR] [WARN] Skipped batch error: "Turbopuffer upsert error (400): {\"error\":\"💔 This upsert contains duplicate document IDs and was not written. You should ensure that individual upserts do not include duplicate documents. The duplicated IDs in this batch were the following: C:\\\\Projects\\\\educatedplanet\\\\admin\\\\src\\\\app\\\\api\\\\tutors\\\\route_20,C:\\\\Projects\\\\educatedplanet\\\\admin\\\\src\\\\app\\\\api\\\\users\\\\[id]\\\\rout,C:\\\\Projects\\\\educatedplanet\\\\admin\\\\src\\\\app\\\\api\\\\users\\\\route_e11\",\"status\":\"error\"}"
[2025-11-09T09:15:13.406Z] [2025-11-09T09:15:13.407Z] [INDEXING-ORCHESTRATOR] [INFO] 📦 Processing batch 10/56 (10 chunks)
[2025-11-09T09:15:13.407Z] [2025-11-09T09:15:13.407Z] [INDEXING-ORCHESTRATOR] [DEBUG] 🧠 Generating embeddings for 10 chunks...
[2025-11-09T09:15:15.919Z] [2025-11-09T09:15:15.921Z] [INDEXING-ORCHESTRATOR] [DEBUG] ✅ Generated 10 embeddings
[2025-11-09T09:15:15.919Z] [2025-11-09T09:15:15.921Z] [INDEXING-ORCHESTRATOR] [DEBUG] ⬆️  Upserting 10 vectors to namespace: mcp_b0e62d81bd2a51d5
[2025-11-09T09:15:17.054Z] [2025-11-09T09:15:17.055Z] [INDEXING-ORCHESTRATOR] [WARN] ⚠️ Skipping batch 10 after retries failed. Continuing with remaining batches.
[2025-11-09T09:15:17.055Z] [2025-11-09T09:15:17.055Z] [INDEXING-ORCHESTRATOR] [WARN] Skipped batch error: "Turbopuffer upsert error (400): {\"error\":\"💔 This upsert contains duplicate document IDs and was not written. You should ensure that individual upserts do not include duplicate documents. The duplicated IDs in this batch were the following: C:\\\\Projects\\\\educatedplanet\\\\admin\\\\src\\\\components\\\\data-table\\\\d\",\"status\":\"error\"}"
[2025-11-09T09:15:17.055Z] [2025-11-09T09:15:17.056Z] [INDEXING-ORCHESTRATOR] [INFO] 📦 Processing batch 11/56 (10 chunks)
[2025-11-09T09:15:17.055Z] [2025-11-09T09:15:17.056Z] [INDEXING-ORCHESTRATOR] [DEBUG] 🧠 Generating embeddings for 10 chunks...
[2025-11-09T09:15:18.587Z] [2025-11-09T09:15:18.588Z] [INDEXING-ORCHESTRATOR] [DEBUG] ✅ Generated 10 embeddings
[2025-11-09T09:15:18.587Z] [2025-11-09T09:15:18.588Z] [INDEXING-ORCHESTRATOR] [DEBUG] ⬆️  Upserting 10 vectors to namespace: mcp_b0e62d81bd2a51d5
[2025-11-09T09:15:19.804Z] [2025-11-09T09:15:19.805Z] [INDEXING-ORCHESTRATOR] [WARN] ⚠️ Skipping batch 11 after retries failed. Continuing with remaining batches.
[2025-11-09T09:15:19.804Z] [2025-11-09T09:15:19.805Z] [INDEXING-ORCHESTRATOR] [WARN] Skipped batch error: "Turbopuffer upsert error (400): {\"error\":\"💔 This upsert contains duplicate document IDs and was not written. You should ensure that individual upserts do not include duplicate documents. The duplicated IDs in this batch were the following: C:\\\\Projects\\\\educatedplanet\\\\admin\\\\src\\\\components\\\\data-table\\\\d,C:\\\\Projects\\\\educatedplanet\\\\admin\\\\src\\\\components\\\\providers\\\\gl\",\"status\":\"error\"}"
[2025-11-09T09:15:19.804Z] [2025-11-09T09:15:19.805Z] [INDEXING-ORCHESTRATOR] [INFO] 📦 Processing batch 12/56 (10 chunks)
[2025-11-09T09:15:19.804Z] [2025-11-09T09:15:19.805Z] [INDEXING-ORCHESTRATOR] [DEBUG] 🧠 Generating embeddings for 10 chunks...
[2025-11-09T09:15:21.860Z] [2025-11-09T09:15:21.861Z] [INDEXING-ORCHESTRATOR] [DEBUG] ✅ Generated 10 embeddings
[2025-11-09T09:15:21.860Z] [2025-11-09T09:15:21.861Z] [INDEXING-ORCHESTRATOR] [DEBUG] ⬆️  Upserting 10 vectors to namespace: mcp_b0e62d81bd2a51d5
[2025-11-09T09:15:22.979Z] [2025-11-09T09:15:22.980Z] [INDEXING-ORCHESTRATOR] [WARN] ⚠️ Skipping batch 12 after retries failed. Continuing with remaining batches.
[2025-11-09T09:15:22.979Z] [2025-11-09T09:15:22.981Z] [INDEXING-ORCHESTRATOR] [WARN] Skipped batch error: "Turbopuffer upsert error (400): {\"error\":\"💔 This upsert contains duplicate document IDs and was not written. You should ensure that individual upserts do not include duplicate documents. The duplicated IDs in this batch were the following: C:\\\\Projects\\\\educatedplanet\\\\admin\\\\src\\\\components\\\\ui\\\\accordion,C:\\\\Projects\\\\educatedplanet\\\\admin\\\\src\\\\components\\\\ui\\\\alert-dia,C:\\\\Projects\\\\educatedplanet\\\\admin\\\\src\\\\components\\\\ui\\\\alert_b3f\",\"status\":\"error\"}"
[2025-11-09T09:15:22.980Z] [2025-11-09T09:15:22.981Z] [INDEXING-ORCHESTRATOR] [INFO] 📦 Processing batch 13/56 (10 chunks)
[2025-11-09T09:15:22.980Z] [2025-11-09T09:15:22.981Z] [INDEXING-ORCHESTRATOR] [DEBUG] 🧠 Generating embeddings for 10 chunks...
[2025-11-09T09:15:24.827Z] [2025-11-09T09:15:24.828Z] [INDEXING-ORCHESTRATOR] [DEBUG] ✅ Generated 10 embeddings
[2025-11-09T09:15:24.827Z] [2025-11-09T09:15:24.828Z] [INDEXING-ORCHESTRATOR] [DEBUG] ⬆️  Upserting 10 vectors to namespace: mcp_b0e62d81bd2a51d5
[2025-11-09T09:15:26.158Z] [2025-11-09T09:15:26.159Z] [INDEXING-ORCHESTRATOR] [WARN] ⚠️ Skipping batch 13 after retries failed. Continuing with remaining batches.
[2025-11-09T09:15:26.158Z] [2025-11-09T09:15:26.159Z] [INDEXING-ORCHESTRATOR] [WARN] Skipped batch error: "Turbopuffer upsert error (400): {\"error\":\"💔 This upsert contains duplicate document IDs and was not written. You should ensure that individual upserts do not include duplicate documents. The duplicated IDs in this batch were the following: C:\\\\Projects\\\\educatedplanet\\\\admin\\\\src\\\\components\\\\ui\\\\badge_838,C:\\\\Projects\\\\educatedplanet\\\\admin\\\\src\\\\components\\\\ui\\\\breadcrum\",\"status\":\"error\"}"
[2025-11-09T09:15:26.158Z] [2025-11-09T09:15:26.159Z] [INDEXING-ORCHESTRATOR] [INFO] 📦 Processing batch 14/56 (10 chunks)
[2025-11-09T09:15:26.159Z] [2025-11-09T09:15:26.159Z] [INDEXING-ORCHESTRATOR] [DEBUG] 🧠 Generating embeddings for 10 chunks...
[2025-11-09T09:15:28.296Z] [2025-11-09T09:15:28.297Z] [INDEXING-ORCHESTRATOR] [DEBUG] ✅ Generated 10 embeddings
[2025-11-09T09:15:28.296Z] [2025-11-09T09:15:28.297Z] [INDEXING-ORCHESTRATOR] [DEBUG] ⬆️  Upserting 10 vectors to namespace: mcp_b0e62d81bd2a51d5
[2025-11-09T09:15:29.445Z] [2025-11-09T09:15:29.446Z] [INDEXING-ORCHESTRATOR] [WARN] ⚠️ Skipping batch 14 after retries failed. Continuing with remaining batches.
[2025-11-09T09:15:29.445Z] [2025-11-09T09:15:29.446Z] [INDEXING-ORCHESTRATOR] [WARN] Skipped batch error: "Turbopuffer upsert error (400): {\"error\":\"💔 This upsert contains duplicate document IDs and was not written. You should ensure that individual upserts do not include duplicate documents. The duplicated IDs in this batch were the following: C:\\\\Projects\\\\educatedplanet\\\\admin\\\\src\\\\components\\\\ui\\\\button-gr,C:\\\\Projects\\\\educatedplanet\\\\admin\\\\src\\\\components\\\\ui\\\\calendar_\",\"status\":\"error\"}"
[2025-11-09T09:15:29.446Z] [2025-11-09T09:15:29.446Z] [INDEXING-ORCHESTRATOR] [INFO] 📦 Processing batch 15/56 (10 chunks)
[2025-11-09T09:15:29.446Z] [2025-11-09T09:15:29.446Z] [INDEXING-ORCHESTRATOR] [DEBUG] 🧠 Generating embeddings for 10 chunks...
[2025-11-09T09:15:32.308Z] [2025-11-09T09:15:32.304Z] [INDEXING-ORCHESTRATOR] [DEBUG] ✅ Generated 10 embeddings
[2025-11-09T09:15:32.308Z] [2025-11-09T09:15:32.304Z] [INDEXING-ORCHESTRATOR] [DEBUG] ⬆️  Upserting 10 vectors to namespace: mcp_b0e62d81bd2a51d5
[2025-11-09T09:15:33.539Z] [2025-11-09T09:15:33.535Z] [INDEXING-ORCHESTRATOR] [WARN] ⚠️ Skipping batch 15 after retries failed. Continuing with remaining batches.
[2025-11-09T09:15:33.539Z] [2025-11-09T09:15:33.535Z] [INDEXING-ORCHESTRATOR] [WARN] Skipped batch error: "Turbopuffer upsert error (400): {\"error\":\"💔 This upsert contains duplicate document IDs and was not written. You should ensure that individual upserts do not include duplicate documents. The duplicated IDs in this batch were the following: C:\\\\Projects\\\\educatedplanet\\\\admin\\\\src\\\\components\\\\ui\\\\card_9cfa,C:\\\\Projects\\\\educatedplanet\\\\admin\\\\src\\\\components\\\\ui\\\\carousel_\",\"status\":\"error\"}"
[2025-11-09T09:15:33.539Z] [2025-11-09T09:15:33.535Z] [INDEXING-ORCHESTRATOR] [INFO] 📦 Processing batch 16/56 (10 chunks)
[2025-11-09T09:15:33.540Z] [2025-11-09T09:15:33.535Z] [INDEXING-ORCHESTRATOR] [DEBUG] 🧠 Generating embeddings for 10 chunks...
[2025-11-09T09:15:35.168Z] [2025-11-09T09:15:35.164Z] [INDEXING-ORCHESTRATOR] [DEBUG] ✅ Generated 10 embeddings
[2025-11-09T09:15:35.168Z] [2025-11-09T09:15:35.164Z] [INDEXING-ORCHESTRATOR] [DEBUG] ⬆️  Upserting 10 vectors to namespace: mcp_b0e62d81bd2a51d5
[2025-11-09T09:15:36.294Z] [2025-11-09T09:15:36.290Z] [INDEXING-ORCHESTRATOR] [WARN] ⚠️ Skipping batch 16 after retries failed. Continuing with remaining batches.
[2025-11-09T09:15:36.294Z] [2025-11-09T09:15:36.290Z] [INDEXING-ORCHESTRATOR] [WARN] Skipped batch error: "Turbopuffer upsert error (400): {\"error\":\"💔 This upsert contains duplicate document IDs and was not written. You should ensure that individual upserts do not include duplicate documents. The duplicated IDs in this batch were the following: C:\\\\Projects\\\\educatedplanet\\\\admin\\\\src\\\\components\\\\ui\\\\carousel_,C:\\\\Projects\\\\educatedplanet\\\\admin\\\\src\\\\components\\\\ui\\\\chart_cc5,C:\\\\Projects\\\\educatedplanet\\\\admin\\\\src\\\\components\\\\ui\\\\collapsib\",\"status\":\"error\"}"
[2025-11-09T09:15:36.294Z] [2025-11-09T09:15:36.290Z] [INDEXING-ORCHESTRATOR] [INFO] 📦 Processing batch 17/56 (10 chunks)
[2025-11-09T09:15:36.295Z] [2025-11-09T09:15:36.290Z] [INDEXING-ORCHESTRATOR] [DEBUG] 🧠 Generating embeddings for 10 chunks...
[2025-11-09T09:15:37.925Z] [2025-11-09T09:15:37.921Z] [INDEXING-ORCHESTRATOR] [DEBUG] ✅ Generated 10 embeddings
[2025-11-09T09:15:37.925Z] [2025-11-09T09:15:37.921Z] [INDEXING-ORCHESTRATOR] [DEBUG] ⬆️  Upserting 10 vectors to namespace: mcp_b0e62d81bd2a51d5
[2025-11-09T09:15:39.130Z] [2025-11-09T09:15:39.126Z] [INDEXING-ORCHESTRATOR] [WARN] ⚠️ Skipping batch 17 after retries failed. Continuing with remaining batches.
[2025-11-09T09:15:39.131Z] [2025-11-09T09:15:39.126Z] [INDEXING-ORCHESTRATOR] [WARN] Skipped batch error: "Turbopuffer upsert error (400): {\"error\":\"💔 This upsert contains duplicate document IDs and was not written. You should ensure that individual upserts do not include duplicate documents. The duplicated IDs in this batch were the following: C:\\\\Projects\\\\educatedplanet\\\\admin\\\\src\\\\components\\\\ui\\\\command_a,C:\\\\Projects\\\\educatedplanet\\\\admin\\\\src\\\\components\\\\ui\\\\context-m\",\"status\":\"error\"}"
[2025-11-09T09:15:39.131Z] [2025-11-09T09:15:39.126Z] [INDEXING-ORCHESTRATOR] [INFO] 📦 Processing batch 18/56 (10 chunks)
[2025-11-09T09:15:39.131Z] [2025-11-09T09:15:39.126Z] [INDEXING-ORCHESTRATOR] [DEBUG] 🧠 Generating embeddings for 10 chunks...
[2025-11-09T09:15:40.601Z] [2025-11-09T09:15:40.597Z] [INDEXING-ORCHESTRATOR] [DEBUG] ✅ Generated 10 embeddings
[2025-11-09T09:15:40.601Z] [2025-11-09T09:15:40.597Z] [INDEXING-ORCHESTRATOR] [DEBUG] ⬆️  Upserting 10 vectors to namespace: mcp_b0e62d81bd2a51d5
[2025-11-09T09:15:41.675Z] [2025-11-09T09:15:41.671Z] [INDEXING-ORCHESTRATOR] [WARN] ⚠️ Skipping batch 18 after retries failed. Continuing with remaining batches.
[2025-11-09T09:15:41.676Z] [2025-11-09T09:15:41.671Z] [INDEXING-ORCHESTRATOR] [WARN] Skipped batch error: "Turbopuffer upsert error (400): {\"error\":\"💔 This upsert contains duplicate document IDs and was not written. You should ensure that individual upserts do not include duplicate documents. The duplicated IDs in this batch were the following: C:\\\\Projects\\\\educatedplanet\\\\admin\\\\src\\\\components\\\\ui\\\\dialog_d2,C:\\\\Projects\\\\educatedplanet\\\\admin\\\\src\\\\components\\\\ui\\\\drawer_06\",\"status\":\"error\"}"
[2025-11-09T09:15:41.677Z] [2025-11-09T09:15:41.672Z] [INDEXING-ORCHESTRATOR] [INFO] 📦 Processing batch 19/56 (10 chunks)
[2025-11-09T09:15:41.677Z] [2025-11-09T09:15:41.672Z] [INDEXING-ORCHESTRATOR] [DEBUG] 🧠 Generating embeddings for 10 chunks...
[2025-11-09T09:15:43.557Z] [2025-11-09T09:15:43.553Z] [INDEXING-ORCHESTRATOR] [DEBUG] ✅ Generated 10 embeddings
[2025-11-09T09:15:43.557Z] [2025-11-09T09:15:43.553Z] [INDEXING-ORCHESTRATOR] [DEBUG] ⬆️  Upserting 10 vectors to namespace: mcp_b0e62d81bd2a51d5
[2025-11-09T09:15:44.694Z] [2025-11-09T09:15:44.689Z] [INDEXING-ORCHESTRATOR] [WARN] ⚠️ Skipping batch 19 after retries failed. Continuing with remaining batches.
[2025-11-09T09:15:44.694Z] [2025-11-09T09:15:44.690Z] [INDEXING-ORCHESTRATOR] [WARN] Skipped batch error: "Turbopuffer upsert error (400): {\"error\":\"💔 This upsert contains duplicate document IDs and was not written. You should ensure that individual upserts do not include duplicate documents. The duplicated IDs in this batch were the following: C:\\\\Projects\\\\educatedplanet\\\\admin\\\\src\\\\components\\\\ui\\\\dropdown-,C:\\\\Projects\\\\educatedplanet\\\\admin\\\\src\\\\components\\\\ui\\\\empty_abb\",\"status\":\"error\"}"
[2025-11-09T09:15:44.694Z] [2025-11-09T09:15:44.690Z] [INDEXING-ORCHESTRATOR] [INFO] 📦 Processing batch 20/56 (10 chunks)
[2025-11-09T09:15:44.694Z] [2025-11-09T09:15:44.690Z] [INDEXING-ORCHESTRATOR] [DEBUG] 🧠 Generating embeddings for 10 chunks...
[2025-11-09T09:15:46.546Z] [2025-11-09T09:15:46.541Z] [INDEXING-ORCHESTRATOR] [DEBUG] ✅ Generated 10 embeddings
[2025-11-09T09:15:46.546Z] [2025-11-09T09:15:46.542Z] [INDEXING-ORCHESTRATOR] [DEBUG] ⬆️  Upserting 10 vectors to namespace: mcp_b0e62d81bd2a51d5
[2025-11-09T09:15:47.756Z] [2025-11-09T09:15:47.752Z] [INDEXING-ORCHESTRATOR] [WARN] ⚠️ Skipping batch 20 after retries failed. Continuing with remaining batches.
[2025-11-09T09:15:47.756Z] [2025-11-09T09:15:47.752Z] [INDEXING-ORCHESTRATOR] [WARN] Skipped batch error: "Turbopuffer upsert error (400): {\"error\":\"💔 This upsert contains duplicate document IDs and was not written. You should ensure that individual upserts do not include duplicate documents. The duplicated IDs in this batch were the following: C:\\\\Projects\\\\educatedplanet\\\\admin\\\\src\\\\components\\\\ui\\\\field_823,C:\\\\Projects\\\\educatedplanet\\\\admin\\\\src\\\\components\\\\ui\\\\form_1e95\",\"status\":\"error\"}"
[2025-11-09T09:15:47.757Z] [2025-11-09T09:15:47.752Z] [INDEXING-ORCHESTRATOR] [INFO] 📦 Processing batch 21/56 (10 chunks)
[2025-11-09T09:15:47.757Z] [2025-11-09T09:15:47.752Z] [INDEXING-ORCHESTRATOR] [DEBUG] 🧠 Generating embeddings for 10 chunks...
[2025-11-09T09:15:50.489Z] [2025-11-09T09:15:50.485Z] [INDEXING-ORCHESTRATOR] [DEBUG] ✅ Generated 10 embeddings
[2025-11-09T09:15:50.489Z] [2025-11-09T09:15:50.485Z] [INDEXING-ORCHESTRATOR] [DEBUG] ⬆️  Upserting 10 vectors to namespace: mcp_b0e62d81bd2a51d5
[2025-11-09T09:15:51.703Z] [2025-11-09T09:15:51.699Z] [INDEXING-ORCHESTRATOR] [WARN] ⚠️ Skipping batch 21 after retries failed. Continuing with remaining batches.
[2025-11-09T09:15:51.704Z] [2025-11-09T09:15:51.699Z] [INDEXING-ORCHESTRATOR] [WARN] Skipped batch error: "Turbopuffer upsert error (400): {\"error\":\"💔 This upsert contains duplicate document IDs and was not written. You should ensure that individual upserts do not include duplicate documents. The duplicated IDs in this batch were the following: C:\\\\Projects\\\\educatedplanet\\\\admin\\\\src\\\\components\\\\ui\\\\form_1e95,C:\\\\Projects\\\\educatedplanet\\\\admin\\\\src\\\\components\\\\ui\\\\hover-car,C:\\\\Projects\\\\educatedplanet\\\\admin\\\\src\\\\components\\\\ui\\\\input-gro\",\"status\":\"error\"}"
[2025-11-09T09:15:51.704Z] [2025-11-09T09:15:51.699Z] [INDEXING-ORCHESTRATOR] [INFO] 📦 Processing batch 22/56 (10 chunks)
[2025-11-09T09:15:51.704Z] [2025-11-09T09:15:51.699Z] [INDEXING-ORCHESTRATOR] [DEBUG] 🧠 Generating embeddings for 10 chunks...
[2025-11-09T09:15:53.945Z] [2025-11-09T09:15:53.941Z] [INDEXING-ORCHESTRATOR] [DEBUG] ✅ Generated 10 embeddings
[2025-11-09T09:15:53.945Z] [2025-11-09T09:15:53.941Z] [INDEXING-ORCHESTRATOR] [DEBUG] ⬆️  Upserting 10 vectors to namespace: mcp_b0e62d81bd2a51d5
[2025-11-09T09:15:55.204Z] [2025-11-09T09:15:55.199Z] [INDEXING-ORCHESTRATOR] [WARN] ⚠️ Skipping batch 22 after retries failed. Continuing with remaining batches.
[2025-11-09T09:15:55.204Z] [2025-11-09T09:15:55.200Z] [INDEXING-ORCHESTRATOR] [WARN] Skipped batch error: "Turbopuffer upsert error (400): {\"error\":\"💔 This upsert contains duplicate document IDs and was not written. You should ensure that individual upserts do not include duplicate documents. The duplicated IDs in this batch were the following: C:\\\\Projects\\\\educatedplanet\\\\admin\\\\src\\\\components\\\\ui\\\\input-otp,C:\\\\Projects\\\\educatedplanet\\\\admin\\\\src\\\\components\\\\ui\\\\item_b373\",\"status\":\"error\"}"
[2025-11-09T09:15:55.204Z] [2025-11-09T09:15:55.200Z] [INDEXING-ORCHESTRATOR] [INFO] 📦 Processing batch 23/56 (10 chunks)
[2025-11-09T09:15:55.204Z] [2025-11-09T09:15:55.200Z] [INDEXING-ORCHESTRATOR] [DEBUG] 🧠 Generating embeddings for 10 chunks...
[2025-11-09T09:15:57.591Z] [2025-11-09T09:15:57.587Z] [INDEXING-ORCHESTRATOR] [DEBUG] ✅ Generated 10 embeddings
[2025-11-09T09:15:57.591Z] [2025-11-09T09:15:57.587Z] [INDEXING-ORCHESTRATOR] [DEBUG] ⬆️  Upserting 10 vectors to namespace: mcp_b0e62d81bd2a51d5
[2025-11-09T09:15:58.713Z] [2025-11-09T09:15:58.708Z] [INDEXING-ORCHESTRATOR] [WARN] ⚠️ Skipping batch 23 after retries failed. Continuing with remaining batches.
[2025-11-09T09:15:58.713Z] [2025-11-09T09:15:58.709Z] [INDEXING-ORCHESTRATOR] [WARN] Skipped batch error: "Turbopuffer upsert error (400): {\"error\":\"💔 This upsert contains duplicate document IDs and was not written. You should ensure that individual upserts do not include duplicate documents. The duplicated IDs in this batch were the following: C:\\\\Projects\\\\educatedplanet\\\\admin\\\\src\\\\components\\\\ui\\\\item_b373,C:\\\\Projects\\\\educatedplanet\\\\admin\\\\src\\\\components\\\\ui\\\\kbd_50c2f\",\"status\":\"error\"}"
[2025-11-09T09:15:58.713Z] [2025-11-09T09:15:58.709Z] [INDEXING-ORCHESTRATOR] [INFO] 📦 Processing batch 24/56 (10 chunks)
[2025-11-09T09:15:58.714Z] [2025-11-09T09:15:58.709Z] [INDEXING-ORCHESTRATOR] [DEBUG] 🧠 Generating embeddings for 10 chunks...
[2025-11-09T09:16:02.386Z] [2025-11-09T09:16:02.382Z] [INDEXING-ORCHESTRATOR] [DEBUG] ✅ Generated 10 embeddings
[2025-11-09T09:16:02.386Z] [2025-11-09T09:16:02.382Z] [INDEXING-ORCHESTRATOR] [DEBUG] ⬆️  Upserting 10 vectors to namespace: mcp_b0e62d81bd2a51d5
[2025-11-09T09:16:03.813Z] [2025-11-09T09:16:03.809Z] [INDEXING-ORCHESTRATOR] [WARN] ⚠️ Skipping batch 24 after retries failed. Continuing with remaining batches.
[2025-11-09T09:16:03.814Z] [2025-11-09T09:16:03.809Z] [INDEXING-ORCHESTRATOR] [WARN] Skipped batch error: "Turbopuffer upsert error (400): {\"error\":\"💔 This upsert contains duplicate document IDs and was not written. You should ensure that individual upserts do not include duplicate documents. The duplicated IDs in this batch were the following: C:\\\\Projects\\\\educatedplanet\\\\admin\\\\src\\\\components\\\\ui\\\\loading-l,C:\\\\Projects\\\\educatedplanet\\\\admin\\\\src\\\\components\\\\ui\\\\menubar_7,C:\\\\Projects\\\\educatedplanet\\\\admin\\\\src\\\\components\\\\ui\\\\navigatio\",\"status\":\"error\"}"
[2025-11-09T09:16:03.814Z] [2025-11-09T09:16:03.809Z] [INDEXING-ORCHESTRATOR] [INFO] 📦 Processing batch 25/56 (10 chunks)
[2025-11-09T09:16:03.814Z] [2025-11-09T09:16:03.809Z] [INDEXING-ORCHESTRATOR] [DEBUG] 🧠 Generating embeddings for 10 chunks...
[2025-11-09T09:16:06.572Z] [2025-11-09T09:16:06.568Z] [INDEXING-ORCHESTRATOR] [DEBUG] ✅ Generated 10 embeddings
[2025-11-09T09:16:06.572Z] [2025-11-09T09:16:06.568Z] [INDEXING-ORCHESTRATOR] [DEBUG] ⬆️  Upserting 10 vectors to namespace: mcp_b0e62d81bd2a51d5
[2025-11-09T09:16:07.726Z] [2025-11-09T09:16:07.721Z] [INDEXING-ORCHESTRATOR] [WARN] ⚠️ Skipping batch 25 after retries failed. Continuing with remaining batches.
[2025-11-09T09:16:07.726Z] [2025-11-09T09:16:07.722Z] [INDEXING-ORCHESTRATOR] [WARN] Skipped batch error: "Turbopuffer upsert error (400): {\"error\":\"💔 This upsert contains duplicate document IDs and was not written. You should ensure that individual upserts do not include duplicate documents. The duplicated IDs in this batch were the following: C:\\\\Projects\\\\educatedplanet\\\\admin\\\\src\\\\components\\\\ui\\\\paginatio,C:\\\\Projects\\\\educatedplanet\\\\admin\\\\src\\\\components\\\\ui\\\\password-\",\"status\":\"error\"}"
[2025-11-09T09:16:07.726Z] [2025-11-09T09:16:07.722Z] [INDEXING-ORCHESTRATOR] [INFO] 📦 Processing batch 26/56 (10 chunks)
[2025-11-09T09:16:07.726Z] [2025-11-09T09:16:07.722Z] [INDEXING-ORCHESTRATOR] [DEBUG] 🧠 Generating embeddings for 10 chunks...
[2025-11-09T09:16:09.254Z] [2025-11-09T09:16:09.250Z] [INDEXING-ORCHESTRATOR] [DEBUG] ✅ Generated 10 embeddings
[2025-11-09T09:16:09.254Z] [2025-11-09T09:16:09.251Z] [INDEXING-ORCHESTRATOR] [DEBUG] ⬆️  Upserting 10 vectors to namespace: mcp_b0e62d81bd2a51d5
[2025-11-09T09:16:10.490Z] [2025-11-09T09:16:10.486Z] [INDEXING-ORCHESTRATOR] [WARN] ⚠️ Skipping batch 26 after retries failed. Continuing with remaining batches.
[2025-11-09T09:16:10.490Z] [2025-11-09T09:16:10.486Z] [INDEXING-ORCHESTRATOR] [WARN] Skipped batch error: "Turbopuffer upsert error (400): {\"error\":\"💔 This upsert contains duplicate document IDs and was not written. You should ensure that individual upserts do not include duplicate documents. The duplicated IDs in this batch were the following: C:\\\\Projects\\\\educatedplanet\\\\admin\\\\src\\\\components\\\\ui\\\\radio-gro,C:\\\\Projects\\\\educatedplanet\\\\admin\\\\src\\\\components\\\\ui\\\\scroll-ar,C:\\\\Projects\\\\educatedplanet\\\\admin\\\\src\\\\components\\\\ui\\\\select_64\",\"status\":\"error\"}"
[2025-11-09T09:16:10.491Z] [2025-11-09T09:16:10.486Z] [INDEXING-ORCHESTRATOR] [INFO] 📦 Processing batch 27/56 (10 chunks)
[2025-11-09T09:16:10.491Z] [2025-11-09T09:16:10.486Z] [INDEXING-ORCHESTRATOR] [DEBUG] 🧠 Generating embeddings for 10 chunks...
[2025-11-09T09:16:12.238Z] [2025-11-09T09:16:12.234Z] [INDEXING-ORCHESTRATOR] [DEBUG] ✅ Generated 10 embeddings
[2025-11-09T09:16:12.238Z] [2025-11-09T09:16:12.234Z] [INDEXING-ORCHESTRATOR] [DEBUG] ⬆️  Upserting 10 vectors to namespace: mcp_b0e62d81bd2a51d5
[2025-11-09T09:16:13.461Z] [2025-11-09T09:16:13.457Z] [INDEXING-ORCHESTRATOR] [WARN] ⚠️ Skipping batch 27 after retries failed. Continuing with remaining batches.
[2025-11-09T09:16:13.461Z] [2025-11-09T09:16:13.457Z] [INDEXING-ORCHESTRATOR] [WARN] Skipped batch error: "Turbopuffer upsert error (400): {\"error\":\"💔 This upsert contains duplicate document IDs and was not written. You should ensure that individual upserts do not include duplicate documents. The duplicated IDs in this batch were the following: C:\\\\Projects\\\\educatedplanet\\\\admin\\\\src\\\\components\\\\ui\\\\select_64,C:\\\\Projects\\\\educatedplanet\\\\admin\\\\src\\\\components\\\\ui\\\\sheet_8a0,C:\\\\Projects\\\\educatedplanet\\\\admin\\\\src\\\\components\\\\ui\\\\sidebar_3\",\"status\":\"error\"}"
[2025-11-09T09:16:13.461Z] [2025-11-09T09:16:13.457Z] [INDEXING-ORCHESTRATOR] [INFO] 📦 Processing batch 28/56 (10 chunks)
[2025-11-09T09:16:13.461Z] [2025-11-09T09:16:13.457Z] [INDEXING-ORCHESTRATOR] [DEBUG] 🧠 Generating embeddings for 10 chunks...
[2025-11-09T09:16:15.212Z] [2025-11-09T09:16:15.208Z] [INDEXING-ORCHESTRATOR] [DEBUG] ✅ Generated 10 embeddings
[2025-11-09T09:16:15.212Z] [2025-11-09T09:16:15.208Z] [INDEXING-ORCHESTRATOR] [DEBUG] ⬆️  Upserting 10 vectors to namespace: mcp_b0e62d81bd2a51d5
[2025-11-09T09:16:16.431Z] [2025-11-09T09:16:16.427Z] [INDEXING-ORCHESTRATOR] [WARN] ⚠️ Skipping batch 28 after retries failed. Continuing with remaining batches.
[2025-11-09T09:16:16.431Z] [2025-11-09T09:16:16.427Z] [INDEXING-ORCHESTRATOR] [WARN] Skipped batch error: "Turbopuffer upsert error (400): {\"error\":\"💔 This upsert contains duplicate document IDs and was not written. You should ensure that individual upserts do not include duplicate documents. The duplicated IDs in this batch were the following: C:\\\\Projects\\\\educatedplanet\\\\admin\\\\src\\\\components\\\\ui\\\\sidebar_3\",\"status\":\"error\"}"
[2025-11-09T09:16:16.431Z] [2025-11-09T09:16:16.427Z] [INDEXING-ORCHESTRATOR] [INFO] 📦 Processing batch 29/56 (10 chunks)
[2025-11-09T09:16:16.431Z] [2025-11-09T09:16:16.427Z] [INDEXING-ORCHESTRATOR] [DEBUG] 🧠 Generating embeddings for 10 chunks...
[2025-11-09T09:16:18.277Z] [2025-11-09T09:16:18.272Z] [INDEXING-ORCHESTRATOR] [DEBUG] ✅ Generated 10 embeddings
[2025-11-09T09:16:18.277Z] [2025-11-09T09:16:18.273Z] [INDEXING-ORCHESTRATOR] [DEBUG] ⬆️  Upserting 10 vectors to namespace: mcp_b0e62d81bd2a51d5
[2025-11-09T09:16:19.542Z] [2025-11-09T09:16:19.538Z] [INDEXING-ORCHESTRATOR] [WARN] ⚠️ Skipping batch 29 after retries failed. Continuing with remaining batches.
[2025-11-09T09:16:19.543Z] [2025-11-09T09:16:19.538Z] [INDEXING-ORCHESTRATOR] [WARN] Skipped batch error: "Turbopuffer upsert error (400): {\"error\":\"💔 This upsert contains duplicate document IDs and was not written. You should ensure that individual upserts do not include duplicate documents. The duplicated IDs in this batch were the following: C:\\\\Projects\\\\educatedplanet\\\\admin\\\\src\\\\components\\\\ui\\\\sidebar_3\",\"status\":\"error\"}"
[2025-11-09T09:16:19.543Z] [2025-11-09T09:16:19.538Z] [INDEXING-ORCHESTRATOR] [INFO] 📦 Processing batch 30/56 (10 chunks)
[2025-11-09T09:16:19.543Z] [2025-11-09T09:16:19.539Z] [INDEXING-ORCHESTRATOR] [DEBUG] 🧠 Generating embeddings for 10 chunks...
[2025-11-09T09:16:21.618Z] [2025-11-09T09:16:21.614Z] [INDEXING-ORCHESTRATOR] [DEBUG] ✅ Generated 10 embeddings
[2025-11-09T09:16:21.618Z] [2025-11-09T09:16:21.614Z] [INDEXING-ORCHESTRATOR] [DEBUG] ⬆️  Upserting 10 vectors to namespace: mcp_b0e62d81bd2a51d5
[2025-11-09T09:16:22.742Z] [2025-11-09T09:16:22.738Z] [INDEXING-ORCHESTRATOR] [WARN] ⚠️ Skipping batch 30 after retries failed. Continuing with remaining batches.
[2025-11-09T09:16:22.743Z] [2025-11-09T09:16:22.738Z] [INDEXING-ORCHESTRATOR] [WARN] Skipped batch error: "Turbopuffer upsert error (400): {\"error\":\"💔 This upsert contains duplicate document IDs and was not written. You should ensure that individual upserts do not include duplicate documents. The duplicated IDs in this batch were the following: C:\\\\Projects\\\\educatedplanet\\\\admin\\\\src\\\\components\\\\ui\\\\sidebar_3,C:\\\\Projects\\\\educatedplanet\\\\admin\\\\src\\\\components\\\\ui\\\\simple-lo,C:\\\\Projects\\\\educatedplanet\\\\admin\\\\src\\\\components\\\\ui\\\\skeleton_\",\"status\":\"error\"}"
[2025-11-09T09:16:22.743Z] [2025-11-09T09:16:22.739Z] [INDEXING-ORCHESTRATOR] [INFO] 📦 Processing batch 31/56 (10 chunks)
[2025-11-09T09:16:22.743Z] [2025-11-09T09:16:22.739Z] [INDEXING-ORCHESTRATOR] [DEBUG] 🧠 Generating embeddings for 10 chunks...
[2025-11-09T09:16:24.377Z] [2025-11-09T09:16:24.373Z] [INDEXING-ORCHESTRATOR] [DEBUG] ✅ Generated 10 embeddings
[2025-11-09T09:16:24.377Z] [2025-11-09T09:16:24.373Z] [INDEXING-ORCHESTRATOR] [DEBUG] ⬆️  Upserting 10 vectors to namespace: mcp_b0e62d81bd2a51d5
[2025-11-09T09:16:25.699Z] [2025-11-09T09:16:25.695Z] [INDEXING-ORCHESTRATOR] [WARN] ⚠️ Skipping batch 31 after retries failed. Continuing with remaining batches.
[2025-11-09T09:16:25.699Z] [2025-11-09T09:16:25.695Z] [INDEXING-ORCHESTRATOR] [WARN] Skipped batch error: "Turbopuffer upsert error (400): {\"error\":\"💔 This upsert contains duplicate document IDs and was not written. You should ensure that individual upserts do not include duplicate documents. The duplicated IDs in this batch were the following: C:\\\\Projects\\\\educatedplanet\\\\admin\\\\src\\\\components\\\\ui\\\\table_076\",\"status\":\"error\"}"
[2025-11-09T09:16:25.699Z] [2025-11-09T09:16:25.696Z] [INDEXING-ORCHESTRATOR] [INFO] 📦 Processing batch 32/56 (10 chunks)
[2025-11-09T09:16:25.699Z] [2025-11-09T09:16:25.696Z] [INDEXING-ORCHESTRATOR] [DEBUG] 🧠 Generating embeddings for 10 chunks...
[2025-11-09T09:16:27.253Z] [2025-11-09T09:16:27.249Z] [INDEXING-ORCHESTRATOR] [DEBUG] ✅ Generated 10 embeddings
[2025-11-09T09:16:27.254Z] [2025-11-09T09:16:27.249Z] [INDEXING-ORCHESTRATOR] [DEBUG] ⬆️  Upserting 10 vectors to namespace: mcp_b0e62d81bd2a51d5
[2025-11-09T09:16:28.381Z] [2025-11-09T09:16:28.377Z] [INDEXING-ORCHESTRATOR] [WARN] ⚠️ Skipping batch 32 after retries failed. Continuing with remaining batches.
[2025-11-09T09:16:28.381Z] [2025-11-09T09:16:28.377Z] [INDEXING-ORCHESTRATOR] [WARN] Skipped batch error: "Turbopuffer upsert error (400): {\"error\":\"💔 This upsert contains duplicate document IDs and was not written. You should ensure that individual upserts do not include duplicate documents. The duplicated IDs in this batch were the following: C:\\\\Projects\\\\educatedplanet\\\\admin\\\\src\\\\components\\\\ui\\\\textarea_,C:\\\\Projects\\\\educatedplanet\\\\admin\\\\src\\\\components\\\\ui\\\\toggle-gr,C:\\\\Projects\\\\educatedplanet\\\\admin\\\\src\\\\components\\\\ui\\\\tooltip_a\",\"status\":\"error\"}"
[2025-11-09T09:16:28.381Z] [2025-11-09T09:16:28.377Z] [INDEXING-ORCHESTRATOR] [INFO] 📦 Processing batch 33/56 (10 chunks)
[2025-11-09T09:16:28.382Z] [2025-11-09T09:16:28.377Z] [INDEXING-ORCHESTRATOR] [DEBUG] 🧠 Generating embeddings for 10 chunks...
[2025-11-09T09:16:30.361Z] [2025-11-09T09:16:30.357Z] [INDEXING-ORCHESTRATOR] [DEBUG] ✅ Generated 10 embeddings
[2025-11-09T09:16:30.362Z] [2025-11-09T09:16:30.358Z] [INDEXING-ORCHESTRATOR] [DEBUG] ⬆️  Upserting 10 vectors to namespace: mcp_b0e62d81bd2a51d5
[2025-11-09T09:16:31.787Z] [2025-11-09T09:16:31.783Z] [INDEXING-ORCHESTRATOR] [WARN] ⚠️ Skipping batch 33 after retries failed. Continuing with remaining batches.
[2025-11-09T09:16:31.787Z] [2025-11-09T09:16:31.783Z] [INDEXING-ORCHESTRATOR] [WARN] Skipped batch error: "Turbopuffer upsert error (400): {\"error\":\"💔 This upsert contains duplicate document IDs and was not written. You should ensure that individual upserts do not include duplicate documents. The duplicated IDs in this batch were the following: C:\\\\Projects\\\\educatedplanet\\\\admin\\\\src\\\\hooks\\\\use-data-table-in\",\"status\":\"error\"}"
[2025-11-09T09:16:31.787Z] [2025-11-09T09:16:31.783Z] [INDEXING-ORCHESTRATOR] [INFO] 📦 Processing batch 34/56 (10 chunks)
[2025-11-09T09:16:31.787Z] [2025-11-09T09:16:31.783Z] [INDEXING-ORCHESTRATOR] [DEBUG] 🧠 Generating embeddings for 10 chunks...
[2025-11-09T09:16:33.455Z] [2025-11-09T09:16:33.456Z] [INDEXING-ORCHESTRATOR] [DEBUG] ✅ Generated 10 embeddings
[2025-11-09T09:16:33.456Z] [2025-11-09T09:16:33.456Z] [INDEXING-ORCHESTRATOR] [DEBUG] ⬆️  Upserting 10 vectors to namespace: mcp_b0e62d81bd2a51d5
[2025-11-09T09:16:34.642Z] [2025-11-09T09:16:34.643Z] [INDEXING-ORCHESTRATOR] [WARN] ⚠️ Skipping batch 34 after retries failed. Continuing with remaining batches.
[2025-11-09T09:16:34.642Z] [2025-11-09T09:16:34.643Z] [INDEXING-ORCHESTRATOR] [WARN] Skipped batch error: "Turbopuffer upsert error (400): {\"error\":\"💔 This upsert contains duplicate document IDs and was not written. You should ensure that individual upserts do not include duplicate documents. The duplicated IDs in this batch were the following: C:\\\\Projects\\\\educatedplanet\\\\admin\\\\src\\\\lib\\\\auth-client_f2a8061\",\"status\":\"error\"}"
[2025-11-09T09:16:34.643Z] [2025-11-09T09:16:34.643Z] [INDEXING-ORCHESTRATOR] [INFO] 📦 Processing batch 35/56 (10 chunks)
[2025-11-09T09:16:34.643Z] [2025-11-09T09:16:34.643Z] [INDEXING-ORCHESTRATOR] [DEBUG] 🧠 Generating embeddings for 10 chunks...
[2025-11-09T09:16:36.199Z] [2025-11-09T09:16:36.199Z] [INDEXING-ORCHESTRATOR] [DEBUG] ✅ Generated 10 embeddings
[2025-11-09T09:16:36.199Z] [2025-11-09T09:16:36.199Z] [INDEXING-ORCHESTRATOR] [DEBUG] ⬆️  Upserting 10 vectors to namespace: mcp_b0e62d81bd2a51d5
[2025-11-09T09:16:37.557Z] [2025-11-09T09:16:37.557Z] [INDEXING-ORCHESTRATOR] [WARN] ⚠️ Skipping batch 35 after retries failed. Continuing with remaining batches.
[2025-11-09T09:16:37.557Z] [2025-11-09T09:16:37.557Z] [INDEXING-ORCHESTRATOR] [WARN] Skipped batch error: "Turbopuffer upsert error (400): {\"error\":\"💔 This upsert contains duplicate document IDs and was not written. You should ensure that individual upserts do not include duplicate documents. The duplicated IDs in this batch were the following: C:\\\\Projects\\\\educatedplanet\\\\admin\\\\src\\\\lib\\\\auth-utils_11f215ce\",\"status\":\"error\"}"
[2025-11-09T09:16:37.557Z] [2025-11-09T09:16:37.558Z] [INDEXING-ORCHESTRATOR] [INFO] 📦 Processing batch 36/56 (10 chunks)
[2025-11-09T09:16:37.557Z] [2025-11-09T09:16:37.558Z] [INDEXING-ORCHESTRATOR] [DEBUG] 🧠 Generating embeddings for 10 chunks...
[2025-11-09T09:16:39.067Z] [2025-11-09T09:16:39.068Z] [INDEXING-ORCHESTRATOR] [DEBUG] ✅ Generated 10 embeddings
[2025-11-09T09:16:39.067Z] [2025-11-09T09:16:39.068Z] [INDEXING-ORCHESTRATOR] [DEBUG] ⬆️  Upserting 10 vectors to namespace: mcp_b0e62d81bd2a51d5
[2025-11-09T09:16:40.212Z] [2025-11-09T09:16:40.213Z] [INDEXING-ORCHESTRATOR] [WARN] ⚠️ Skipping batch 36 after retries failed. Continuing with remaining batches.
[2025-11-09T09:16:40.212Z] [2025-11-09T09:16:40.213Z] [INDEXING-ORCHESTRATOR] [WARN] Skipped batch error: "Turbopuffer upsert error (400): {\"error\":\"💔 This upsert contains duplicate document IDs and was not written. You should ensure that individual upserts do not include duplicate documents. The duplicated IDs in this batch were the following: C:\\\\Projects\\\\educatedplanet\\\\admin\\\\src\\\\scripts\\\\generate-theme-\",\"status\":\"error\"}"
[2025-11-09T09:16:40.212Z] [2025-11-09T09:16:40.213Z] [INDEXING-ORCHESTRATOR] [INFO] 📦 Processing batch 37/56 (10 chunks)
[2025-11-09T09:16:40.212Z] [2025-11-09T09:16:40.213Z] [INDEXING-ORCHESTRATOR] [DEBUG] 🧠 Generating embeddings for 10 chunks...
