[2025-11-25T17:03:45.934Z] 🔧 Intelligent Context MCP Configuration:
[2025-11-25T17:03:45.935Z] ==================================================
[2025-11-25T17:03:45.935Z] 📊 Log Level: INFO
[2025-11-25T17:03:45.935Z] 🌟 Wildcard Backend: ✅ Enabled (all-in-one solution)
[2025-11-25T17:03:45.935Z] 🚀 Available Capabilities:
[2025-11-25T17:03:45.935Z] 🔄 Result Reranking: ✅ Enabled (via Wildcard)
[2025-11-25T17:03:45.935Z] 🔍 Vector Search: ✅ Enabled (via Wildcard)
[2025-11-25T17:03:45.935Z] 📐 Embeddings: ✅ Enabled (via Wildcard)
[2025-11-25T17:03:45.935Z] ==================================================
[2025-11-25T17:03:45.936Z] 🔧 Intelligent Context MCP Configuration:
[2025-11-25T17:03:45.937Z] ==================================================
[2025-11-25T17:03:45.937Z] 📊 Log Level: INFO
[2025-11-25T17:03:45.937Z] 🌟 Wildcard Backend: ✅ Enabled (all-in-one solution)
[2025-11-25T17:03:45.937Z] 🚀 Available Capabilities:
[2025-11-25T17:03:45.937Z] 🔄 Result Reranking: ✅ Enabled (via Wildcard)
[2025-11-25T17:03:45.937Z] 🔍 Vector Search: ✅ Enabled (via Wildcard)
[2025-11-25T17:03:45.937Z] 📐 Embeddings: ✅ Enabled (via Wildcard)
[2025-11-25T17:03:45.937Z] ==================================================
[2025-11-25T17:03:45.939Z] [DEBUG] NamespaceManagerService.initialize() called
[2025-11-25T17:03:45.939Z] [DEBUG] Loading registry from: C:\Users\RakaThinkpad\.codex-context\indexed-codebases.json
[2025-11-25T17:03:45.940Z] 🔧 Capabilities: {"reranking":false,"vectorSearch":false,"localBM25":true}
[2025-11-25T17:03:45.940Z] 🌐 Wildcard backend: ENABLED (using hosted Fastify backend)
[2025-11-25T17:03:45.940Z]    Base URL: https://deepcontext.mcp.wild-card.ai
[2025-11-25T17:03:45.940Z] ⚠️  Jina API key not provided - result reranking will be disabled
[2025-11-25T17:03:45.940Z] 💡 Set JINA_API_KEY environment variable to enable result reranking
[2025-11-25T17:03:45.940Z] [DEBUG] NamespaceManagerService.initialize() called
[2025-11-25T17:03:45.940Z] [DEBUG] Loading registry from: C:\Users\RakaThinkpad\.codex-context\indexed-codebases.json
[2025-11-25T17:03:45.941Z] [BACKGROUND] Starting indexing for: c:\Projects\educatedplanet
[2025-11-25T17:03:45.941Z] [BACKGROUND] Using Wildcard API
[2025-11-25T17:03:45.941Z] [BACKGROUND] Wildcard API Key: 3de72897c9...
[2025-11-25T17:03:45.941Z] [BACKGROUND] Wildcard API URL: undefined
[2025-11-25T17:03:45.941Z] 🔧 Intelligent Context MCP Configuration:
[2025-11-25T17:03:45.942Z] ==================================================
[2025-11-25T17:03:45.942Z] 📊 Log Level: INFO
[2025-11-25T17:03:45.942Z] 🌟 Wildcard Backend: ✅ Enabled (all-in-one solution)
[2025-11-25T17:03:45.942Z] 🚀 Available Capabilities:
[2025-11-25T17:03:45.942Z] 🔄 Result Reranking: ✅ Enabled (via Wildcard)
[2025-11-25T17:03:45.942Z] 🔍 Vector Search: ✅ Enabled (via Wildcard)
[2025-11-25T17:03:45.942Z] 📐 Embeddings: ✅ Enabled (via Wildcard)
[2025-11-25T17:03:45.942Z] ==================================================
[2025-11-25T17:03:45.942Z] 🔧 Intelligent Context MCP Configuration:
[2025-11-25T17:03:45.942Z] ==================================================
[2025-11-25T17:03:45.942Z] 📊 Log Level: INFO
[2025-11-25T17:03:45.942Z] 🌟 Wildcard Backend: ✅ Enabled (all-in-one solution)
[2025-11-25T17:03:45.942Z] 🚀 Available Capabilities:
[2025-11-25T17:03:45.942Z] 🔄 Result Reranking: ✅ Enabled (via Wildcard)
[2025-11-25T17:03:45.942Z] 🔍 Vector Search: ✅ Enabled (via Wildcard)
[2025-11-25T17:03:45.942Z] 📐 Embeddings: ✅ Enabled (via Wildcard)
[2025-11-25T17:03:45.943Z] [BACKGROUND] Initialized successfully
[2025-11-25T17:03:45.943Z] ==================================================
[2025-11-25T17:03:45.943Z] [DEBUG] NamespaceManagerService.initialize() called
[2025-11-25T17:03:45.943Z] [DEBUG] Loading registry from: C:\Users\RakaThinkpad\.codex-context\indexed-codebases.json
[2025-11-25T17:03:45.945Z] [DEBUG] Successfully loaded 3 indexed codebases
[2025-11-25T17:03:45.948Z] [2025-11-25T17:03:45.947Z] [NamespaceManagerService] [INFO] 📂 Loaded 3 indexed codebases from disk
[2025-11-25T17:03:45.948Z] [DEBUG] NamespaceManagerService initialized with 3 indexed codebases
[2025-11-25T17:03:45.948Z] [2025-11-25T17:03:45.950Z] [NamespaceManagerService] [INFO] 🚀 NamespaceManagerService initialized with 3 indexed codebases
[2025-11-25T17:03:45.953Z] [DEBUG] Successfully loaded 3 indexed codebases
[2025-11-25T17:03:45.953Z] [2025-11-25T17:03:45.954Z] [NamespaceManagerService] [INFO] 📂 Loaded 3 indexed codebases from disk
[2025-11-25T17:03:45.953Z] [DEBUG] NamespaceManagerService initialized with 3 indexed codebases
[2025-11-25T17:03:45.953Z] [2025-11-25T17:03:45.954Z] [NamespaceManagerService] [INFO] 🚀 NamespaceManagerService initialized with 3 indexed codebases
[2025-11-25T17:03:45.953Z] [DEBUG] Successfully loaded 3 indexed codebases
[2025-11-25T17:03:45.953Z] [2025-11-25T17:03:45.955Z] [NamespaceManagerService] [INFO] 📂 Loaded 3 indexed codebases from disk
[2025-11-25T17:03:45.953Z] [DEBUG] NamespaceManagerService initialized with 3 indexed codebases
[2025-11-25T17:03:45.953Z] [2025-11-25T17:03:45.955Z] [NamespaceManagerService] [INFO] 🚀 NamespaceManagerService initialized with 3 indexed codebases
[2025-11-25T17:03:46.050Z] [2025-11-25T17:03:46.052Z] [TREESITTER-FULL] [INFO] ✅ Tree-sitter parsers initialized successfully (TypeScript, JavaScript, Python)
[2025-11-25T17:03:46.051Z] [2025-11-25T17:03:46.052Z] [TREESITTER-FULL] [INFO] ✅ Tree-sitter parsers initialized successfully (TypeScript, JavaScript, Python)
[2025-11-25T17:03:46.051Z] [2025-11-25T17:03:46.052Z] [TREESITTER-FULL] [INFO] ✅ Tree-sitter parsers initialized successfully (TypeScript, JavaScript, Python)
[2025-11-25T17:03:46.051Z] [2025-11-25T17:03:46.052Z] [STANDALONE-INTEGRATION] [INFO] Initialized with 3 indexed codebases
[2025-11-25T17:03:46.051Z] [2025-11-25T17:03:46.052Z] [STANDALONE-INTEGRATION] [INFO] Initialized with 3 indexed codebases
[2025-11-25T17:03:46.051Z] [2025-11-25T17:03:46.052Z] [STANDALONE-INTEGRATION] [INFO] Initialized with 3 indexed codebases
[2025-11-25T17:03:46.051Z] 🔍 Registry initialized successfully
[2025-11-25T17:03:46.051Z] [BACKGROUND] Namespace manager initialized
[2025-11-25T17:03:46.051Z] [BACKGROUND] About to start indexCodebase()...
[2025-11-25T17:03:46.051Z] [BACKGROUND] Codebase path: c:\Projects\educatedplanet
[2025-11-25T17:03:46.051Z] [BACKGROUND] Force reindex: true
[2025-11-25T17:03:46.052Z] [2025-11-25T17:03:46.054Z] [INDEXING-ORCHESTRATOR] [INFO] 🚀 Starting indexing: c:\Projects\educatedplanet
[2025-11-25T17:03:46.052Z] [2025-11-25T17:03:46.054Z] [INDEXING-ORCHESTRATOR] [DEBUG] 📋 Options: {"force":true,"filtering":true,"dependencies":true}
[2025-11-25T17:03:46.052Z] [2025-11-25T17:03:46.054Z] [TREESITTER-FULL] [INFO] ✅ Tree-sitter parsers initialized successfully (TypeScript, JavaScript, Python)
[2025-11-25T17:03:46.052Z] 🚀 Intelligent Context MCP Server ready!
[2025-11-25T17:03:46.052Z] 🔄 Result Reranking: ❌ Disabled
[2025-11-25T17:03:46.052Z] 📝 Local BM25 Search: ✅ Always Available
[2025-11-25T17:03:46.052Z] 🔌 Transport: stdio
[2025-11-25T17:03:46.079Z] [2025-11-25T17:03:46.080Z] [INDEXING-ORCHESTRATOR] [INFO] 🔍 Content filtering 322 files...
[2025-11-25T17:03:46.108Z] [2025-11-25T17:03:46.109Z] [INDEXING-ORCHESTRATOR] [DEBUG] 🚫 Filtered: admin\next-env.d.ts (Generated file)
[2025-11-25T17:03:46.155Z] [2025-11-25T17:03:46.157Z] [INDEXING-ORCHESTRATOR] [DEBUG] 🚫 Filtered: admin\src\components\ui\password-strength.tsx (Mostly comments (documentation file))
[2025-11-25T17:03:46.188Z] [2025-11-25T17:03:46.190Z] [INDEXING-ORCHESTRATOR] [DEBUG] 🚫 Filtered: admin\src\utils\csrf.ts (Very long identifiers (likely obfuscated))
[2025-11-25T17:03:46.188Z] [2025-11-25T17:03:46.190Z] [INDEXING-ORCHESTRATOR] [DEBUG] 🚫 Filtered: dataservice\src\datamodels\connections\database.d.ts (Generated file)
[2025-11-25T17:03:46.189Z] [2025-11-25T17:03:46.190Z] [INDEXING-ORCHESTRATOR] [DEBUG] 🚫 Filtered: dataservice\src\datamodels\connections\index.d.ts (Generated file)
[2025-11-25T17:03:46.189Z] [2025-11-25T17:03:46.190Z] [INDEXING-ORCHESTRATOR] [DEBUG] 🚫 Filtered: dataservice\src\datamodels\index.d.ts (Generated file)
[2025-11-25T17:03:46.189Z] [2025-11-25T17:03:46.190Z] [INDEXING-ORCHESTRATOR] [DEBUG] 🚫 Filtered: dataservice\src\datamodels\models\index.d.ts (Generated file)
[2025-11-25T17:03:46.189Z] [2025-11-25T17:03:46.190Z] [INDEXING-ORCHESTRATOR] [DEBUG] 🚫 Filtered: dataservice\src\datamodels\models\review.model.d.ts (Generated file)
[2025-11-25T17:03:46.189Z] [2025-11-25T17:03:46.190Z] [INDEXING-ORCHESTRATOR] [DEBUG] 🚫 Filtered: dataservice\src\datamodels\models\tutor.model.d.ts (Generated file)
[2025-11-25T17:03:46.189Z] [2025-11-25T17:03:46.190Z] [INDEXING-ORCHESTRATOR] [DEBUG] 🚫 Filtered: dataservice\src\datamodels\models\user.model.d.ts (Generated file)
[2025-11-25T17:03:46.189Z] [2025-11-25T17:03:46.190Z] [INDEXING-ORCHESTRATOR] [DEBUG] 🚫 Filtered: dataservice\src\datamodels\schemas\index.d.ts (Generated file)
[2025-11-25T17:03:46.189Z] [2025-11-25T17:03:46.190Z] [INDEXING-ORCHESTRATOR] [DEBUG] 🚫 Filtered: dataservice\src\datamodels\schemas\review-clean.schema.d.ts (Generated file)
[2025-11-25T17:03:46.189Z] [2025-11-25T17:03:46.190Z] [INDEXING-ORCHESTRATOR] [DEBUG] 🚫 Filtered: dataservice\src\datamodels\schemas\tutor-clean.schema.d.ts (Generated file)
[2025-11-25T17:03:46.189Z] [2025-11-25T17:03:46.190Z] [INDEXING-ORCHESTRATOR] [DEBUG] 🚫 Filtered: dataservice\src\datamodels\schemas\user-clean.schema.d.ts (Generated file)
[2025-11-25T17:03:46.213Z] [2025-11-25T17:03:46.214Z] [INDEXING-ORCHESTRATOR] [DEBUG] 🚫 Filtered: dataservice\src\types\jsencrypt.d.ts (Generated file)
[2025-11-25T17:03:46.213Z] [2025-11-25T17:03:46.214Z] [INDEXING-ORCHESTRATOR] [DEBUG] 🚫 Filtered: models\src\common\common.types.d.ts (Generated file)
[2025-11-25T17:03:46.213Z] [2025-11-25T17:03:46.214Z] [INDEXING-ORCHESTRATOR] [DEBUG] 🚫 Filtered: models\src\index.d.ts (Generated file)
[2025-11-25T17:03:46.213Z] [2025-11-25T17:03:46.214Z] [INDEXING-ORCHESTRATOR] [DEBUG] 🚫 Filtered: models\src\tutor\tutor.types.d.ts (Generated file)
[2025-11-25T17:03:46.213Z] [2025-11-25T17:03:46.214Z] [INDEXING-ORCHESTRATOR] [DEBUG] 🚫 Filtered: models\src\user\user.types.d.ts (Generated file)
[2025-11-25T17:03:46.219Z] [2025-11-25T17:03:46.221Z] [INDEXING-ORCHESTRATOR] [DEBUG] 🚫 Filtered: web\next-env.d.ts (Generated file)
[2025-11-25T17:03:46.219Z] [2025-11-25T17:03:46.221Z] [INDEXING-ORCHESTRATOR] [INFO] ✅ Content filtering complete: 302/322 files included
[2025-11-25T17:03:46.219Z] [2025-11-25T17:03:46.221Z] [INDEXING-ORCHESTRATOR] [INFO] 📝 Processing: 302 files
[2025-11-25T17:03:46.227Z] [2025-11-25T17:03:46.229Z] [TREESITTER-CHUNKER] [INFO] ✅ Tree-sitter chunker initialized successfully (TypeScript, JavaScript, Python)
[2025-11-25T17:03:46.243Z] [2025-11-25T17:03:46.244Z] [TREESITTER-CHUNKER] [INFO] Created 1 semantic chunks from c:\Projects\educatedplanet\admin\src\app\(external)\page.tsx
[2025-11-25T17:03:46.245Z] [2025-11-25T17:03:46.246Z] [TREESITTER-FULL] [INFO] Extracted 1 symbols from c:\Projects\educatedplanet\admin\src\app\(external)\page.tsx
[2025-11-25T17:03:46.245Z] [2025-11-25T17:03:46.246Z] [INDEXING-ORCHESTRATOR] [DEBUG] 🔍 Symbol extraction for c:\Projects\educatedplanet\admin\src\app\(external)\page.tsx: 1 symbols, 1 imports
[2025-11-25T17:03:46.245Z] [2025-11-25T17:03:46.247Z] [INDEXING-ORCHESTRATOR] [DEBUG] 📍 Chunk 3-6: 1 candidate symbols
[2025-11-25T17:03:46.245Z] [2025-11-25T17:03:46.247Z] [INDEXING-ORCHESTRATOR] [DEBUG] ✅ Chunk symbols after filtering: 1 symbols - Home
[2025-11-25T17:03:46.245Z] [2025-11-25T17:03:46.247Z] [INDEXING-ORCHESTRATOR] [DEBUG] Created 1 semantic chunks for c:\Projects\educatedplanet\admin\src\app\(external)\page.tsx
[2025-11-25T17:03:46.245Z] [2025-11-25T17:03:46.247Z] [INDEXING-ORCHESTRATOR] [DEBUG] Average chunk size: 83 characters
[2025-11-25T17:03:46.259Z] [2025-11-25T17:03:46.260Z] [TREESITTER-CHUNKER] [INFO] Created 1 semantic chunks from c:\Projects\educatedplanet\admin\eslint.config.mjs
[2025-11-25T17:03:46.276Z] [2025-11-25T17:03:46.277Z] [TREESITTER-FULL] [INFO] Extracted 0 symbols from c:\Projects\educatedplanet\admin\eslint.config.mjs
[2025-11-25T17:03:46.276Z] [2025-11-25T17:03:46.277Z] [INDEXING-ORCHESTRATOR] [DEBUG] 🔍 Symbol extraction for c:\Projects\educatedplanet\admin\eslint.config.mjs: 0 symbols, 11 imports
[2025-11-25T17:03:46.276Z] [2025-11-25T17:03:46.277Z] [INDEXING-ORCHESTRATOR] [DEBUG] 📍 Chunk 1-161: 0 candidate symbols
[2025-11-25T17:03:46.276Z] [2025-11-25T17:03:46.277Z] [INDEXING-ORCHESTRATOR] [DEBUG] ✅ Chunk symbols after filtering: 0 symbols - 
[2025-11-25T17:03:46.276Z] [2025-11-25T17:03:46.277Z] [INDEXING-ORCHESTRATOR] [DEBUG] Created 1 semantic chunks for c:\Projects\educatedplanet\admin\eslint.config.mjs
[2025-11-25T17:03:46.276Z] [2025-11-25T17:03:46.277Z] [INDEXING-ORCHESTRATOR] [DEBUG] Average chunk size: 4929 characters
[2025-11-25T17:03:46.277Z] [2025-11-25T17:03:46.279Z] [TREESITTER-CHUNKER] [INFO] Created 2 semantic chunks from c:\Projects\educatedplanet\admin\next.config.mjs
[2025-11-25T17:03:46.280Z] [2025-11-25T17:03:46.281Z] [TREESITTER-FULL] [INFO] Extracted 1 symbols from c:\Projects\educatedplanet\admin\next.config.mjs
[2025-11-25T17:03:46.280Z] [2025-11-25T17:03:46.281Z] [INDEXING-ORCHESTRATOR] [DEBUG] 🔍 Symbol extraction for c:\Projects\educatedplanet\admin\next.config.mjs: 1 symbols, 0 imports
[2025-11-25T17:03:46.280Z] [2025-11-25T17:03:46.281Z] [INDEXING-ORCHESTRATOR] [DEBUG] 📍 Chunk 18-26: 0 candidate symbols
[2025-11-25T17:03:46.280Z] [2025-11-25T17:03:46.281Z] [INDEXING-ORCHESTRATOR] [DEBUG] ✅ Chunk symbols after filtering: 0 symbols - 
[2025-11-25T17:03:46.280Z] [2025-11-25T17:03:46.281Z] [INDEXING-ORCHESTRATOR] [DEBUG] 📍 Chunk 27-30: 0 candidate symbols
[2025-11-25T17:03:46.280Z] [2025-11-25T17:03:46.281Z] [INDEXING-ORCHESTRATOR] [DEBUG] ✅ Chunk symbols after filtering: 0 symbols - 
[2025-11-25T17:03:46.280Z] [2025-11-25T17:03:46.281Z] [INDEXING-ORCHESTRATOR] [DEBUG] Created 2 semantic chunks for c:\Projects\educatedplanet\admin\next.config.mjs
[2025-11-25T17:03:46.280Z] [2025-11-25T17:03:46.281Z] [INDEXING-ORCHESTRATOR] [DEBUG] Average chunk size: 99 characters
[2025-11-25T17:03:46.299Z] [2025-11-25T17:03:46.301Z] [TREESITTER-CHUNKER] [INFO] Created 1 semantic chunks from c:\Projects\educatedplanet\admin\src\app\(main)\auth\_components\login-form.tsx
[2025-11-25T17:03:46.325Z] [2025-11-25T17:03:46.327Z] [TREESITTER-FULL] [INFO] Extracted 4 symbols from c:\Projects\educatedplanet\admin\src\app\(main)\auth\_components\login-form.tsx
[2025-11-25T17:03:46.325Z] [2025-11-25T17:03:46.327Z] [INDEXING-ORCHESTRATOR] [DEBUG] 🔍 Symbol extraction for c:\Projects\educatedplanet\admin\src\app\(main)\auth\_components\login-form.tsx: 4 symbols, 12 imports
[2025-11-25T17:03:46.326Z] [2025-11-25T17:03:46.327Z] [INDEXING-ORCHESTRATOR] [DEBUG] 📍 Chunk 1-135: 4 candidate symbols
[2025-11-25T17:03:46.326Z] [2025-11-25T17:03:46.327Z] [INDEXING-ORCHESTRATOR] [DEBUG] ✅ Chunk symbols after filtering: 4 symbols - FormSchema, router, form, onSubmit
[2025-11-25T17:03:46.326Z] [2025-11-25T17:03:46.327Z] [INDEXING-ORCHESTRATOR] [DEBUG] Created 1 semantic chunks for c:\Projects\educatedplanet\admin\src\app\(main)\auth\_components\login-form.tsx
[2025-11-25T17:03:46.326Z] [2025-11-25T17:03:46.327Z] [INDEXING-ORCHESTRATOR] [DEBUG] Average chunk size: 4616 characters
[2025-11-25T17:03:46.326Z] [2025-11-25T17:03:46.328Z] [TREESITTER-CHUNKER] [INFO] Created 1 semantic chunks from c:\Projects\educatedplanet\admin\postcss.config.mjs
[2025-11-25T17:03:46.327Z] [2025-11-25T17:03:46.328Z] [TREESITTER-FULL] [INFO] Extracted 1 symbols from c:\Projects\educatedplanet\admin\postcss.config.mjs
[2025-11-25T17:03:46.327Z] [2025-11-25T17:03:46.328Z] [INDEXING-ORCHESTRATOR] [DEBUG] 🔍 Symbol extraction for c:\Projects\educatedplanet\admin\postcss.config.mjs: 1 symbols, 0 imports
[2025-11-25T17:03:46.327Z] [2025-11-25T17:03:46.328Z] [INDEXING-ORCHESTRATOR] [DEBUG] 📍 Chunk 1-9: 1 candidate symbols
[2025-11-25T17:03:46.327Z] [2025-11-25T17:03:46.328Z] [INDEXING-ORCHESTRATOR] [DEBUG] ✅ Chunk symbols after filtering: 1 symbols - config
[2025-11-25T17:03:46.327Z] [2025-11-25T17:03:46.328Z] [INDEXING-ORCHESTRATOR] [DEBUG] Created 1 semantic chunks for c:\Projects\educatedplanet\admin\postcss.config.mjs
[2025-11-25T17:03:46.327Z] [2025-11-25T17:03:46.328Z] [INDEXING-ORCHESTRATOR] [DEBUG] Average chunk size: 150 characters
[2025-11-25T17:03:46.336Z] [2025-11-25T17:03:46.337Z] [TREESITTER-CHUNKER] [INFO] Created 1 semantic chunks from c:\Projects\educatedplanet\admin\src\app\(main)\auth\_components\register-form.tsx
[2025-11-25T17:03:46.354Z] [2025-11-25T17:03:46.355Z] [TREESITTER-FULL] [INFO] Extracted 3 symbols from c:\Projects\educatedplanet\admin\src\app\(main)\auth\_components\register-form.tsx
[2025-11-25T17:03:46.354Z] [2025-11-25T17:03:46.355Z] [INDEXING-ORCHESTRATOR] [DEBUG] 🔍 Symbol extraction for c:\Projects\educatedplanet\admin\src\app\(main)\auth\_components\register-form.tsx: 3 symbols, 7 imports
[2025-11-25T17:03:46.354Z] [2025-11-25T17:03:46.355Z] [INDEXING-ORCHESTRATOR] [DEBUG] 📍 Chunk 1-99: 3 candidate symbols
[2025-11-25T17:03:46.354Z] [2025-11-25T17:03:46.355Z] [INDEXING-ORCHESTRATOR] [DEBUG] ✅ Chunk symbols after filtering: 3 symbols - FormSchema, form, onSubmit
[2025-11-25T17:03:46.354Z] [2025-11-25T17:03:46.355Z] [INDEXING-ORCHESTRATOR] [DEBUG] Created 1 semantic chunks for c:\Projects\educatedplanet\admin\src\app\(main)\auth\_components\register-form.tsx
[2025-11-25T17:03:46.354Z] [2025-11-25T17:03:46.355Z] [INDEXING-ORCHESTRATOR] [DEBUG] Average chunk size: 3200 characters
[2025-11-25T17:03:46.355Z] [2025-11-25T17:03:46.357Z] [TREESITTER-CHUNKER] [INFO] Created 1 semantic chunks from c:\Projects\educatedplanet\admin\src\app\(main)\dashboard\[...not-found]\page.tsx
[2025-11-25T17:03:46.358Z] [2025-11-25T17:03:46.360Z] [TREESITTER-FULL] [INFO] Extracted 1 symbols from c:\Projects\educatedplanet\admin\src\app\(main)\dashboard\[...not-found]\page.tsx
[2025-11-25T17:03:46.358Z] [2025-11-25T17:03:46.360Z] [INDEXING-ORCHESTRATOR] [DEBUG] 🔍 Symbol extraction for c:\Projects\educatedplanet\admin\src\app\(main)\dashboard\[...not-found]\page.tsx: 1 symbols, 0 imports
[2025-11-25T17:03:46.358Z] [2025-11-25T17:03:46.360Z] [INDEXING-ORCHESTRATOR] [DEBUG] 📍 Chunk 3-10: 1 candidate symbols
[2025-11-25T17:03:46.358Z] [2025-11-25T17:03:46.360Z] [INDEXING-ORCHESTRATOR] [DEBUG] ✅ Chunk symbols after filtering: 1 symbols - DashboardNotFound
[2025-11-25T17:03:46.358Z] [2025-11-25T17:03:46.360Z] [INDEXING-ORCHESTRATOR] [DEBUG] Created 1 semantic chunks for c:\Projects\educatedplanet\admin\src\app\(main)\dashboard\[...not-found]\page.tsx
[2025-11-25T17:03:46.358Z] [2025-11-25T17:03:46.360Z] [INDEXING-ORCHESTRATOR] [DEBUG] Average chunk size: 318 characters
[2025-11-25T17:03:46.364Z] [2025-11-25T17:03:46.365Z] [TREESITTER-CHUNKER] [INFO] Created 1 semantic chunks from c:\Projects\educatedplanet\admin\src\app\(main)\auth\login\page.tsx
[2025-11-25T17:03:46.384Z] [2025-11-25T17:03:46.385Z] [TREESITTER-FULL] [INFO] Extracted 1 symbols from c:\Projects\educatedplanet\admin\src\app\(main)\auth\login\page.tsx
[2025-11-25T17:03:46.384Z] [2025-11-25T17:03:46.385Z] [INDEXING-ORCHESTRATOR] [DEBUG] 🔍 Symbol extraction for c:\Projects\educatedplanet\admin\src\app\(main)\auth\login\page.tsx: 1 symbols, 3 imports
[2025-11-25T17:03:46.384Z] [2025-11-25T17:03:46.385Z] [INDEXING-ORCHESTRATOR] [DEBUG] 📍 Chunk 7-43: 1 candidate symbols
[2025-11-25T17:03:46.384Z] [2025-11-25T17:03:46.385Z] [INDEXING-ORCHESTRATOR] [DEBUG] ✅ Chunk symbols after filtering: 1 symbols - LoginV1
[2025-11-25T17:03:46.384Z] [2025-11-25T17:03:46.385Z] [INDEXING-ORCHESTRATOR] [DEBUG] Created 1 semantic chunks for c:\Projects\educatedplanet\admin\src\app\(main)\auth\login\page.tsx
[2025-11-25T17:03:46.384Z] [2025-11-25T17:03:46.385Z] [INDEXING-ORCHESTRATOR] [DEBUG] Average chunk size: 1504 characters
[2025-11-25T17:03:46.389Z] [2025-11-25T17:03:46.391Z] [TREESITTER-CHUNKER] [INFO] Created 1 semantic chunks from c:\Projects\educatedplanet\admin\src\app\(main)\dashboard\_components\sidebar-provider-wrapper.tsx
[2025-11-25T17:03:46.393Z] [2025-11-25T17:03:46.394Z] [TREESITTER-FULL] [INFO] Extracted 2 symbols from c:\Projects\educatedplanet\admin\src\app\(main)\dashboard\_components\sidebar-provider-wrapper.tsx
[2025-11-25T17:03:46.393Z] [2025-11-25T17:03:46.394Z] [INDEXING-ORCHESTRATOR] [DEBUG] 🔍 Symbol extraction for c:\Projects\educatedplanet\admin\src\app\(main)\dashboard\_components\sidebar-provider-wrapper.tsx: 2 symbols, 2 imports
[2025-11-25T17:03:46.393Z] [2025-11-25T17:03:46.394Z] [INDEXING-ORCHESTRATOR] [DEBUG] 📍 Chunk 6-33: 2 candidate symbols
[2025-11-25T17:03:46.393Z] [2025-11-25T17:03:46.394Z] [INDEXING-ORCHESTRATOR] [DEBUG] ✅ Chunk symbols after filtering: 2 symbols - SidebarProviderWrapperProps, SidebarProviderWrapper
[2025-11-25T17:03:46.393Z] [2025-11-25T17:03:46.394Z] [INDEXING-ORCHESTRATOR] [DEBUG] Created 1 semantic chunks for c:\Projects\educatedplanet\admin\src\app\(main)\dashboard\_components\sidebar-provider-wrapper.tsx
[2025-11-25T17:03:46.393Z] [2025-11-25T17:03:46.394Z] [INDEXING-ORCHESTRATOR] [DEBUG] Average chunk size: 721 characters
[2025-11-25T17:03:46.398Z] [2025-11-25T17:03:46.399Z] [TREESITTER-CHUNKER] [INFO] Created 1 semantic chunks from c:\Projects\educatedplanet\admin\src\app\(main)\auth\register\page.tsx
[2025-11-25T17:03:46.412Z] [2025-11-25T17:03:46.413Z] [TREESITTER-FULL] [INFO] Extracted 1 symbols from c:\Projects\educatedplanet\admin\src\app\(main)\auth\register\page.tsx
[2025-11-25T17:03:46.412Z] [2025-11-25T17:03:46.413Z] [INDEXING-ORCHESTRATOR] [DEBUG] 🔍 Symbol extraction for c:\Projects\educatedplanet\admin\src\app\(main)\auth\register\page.tsx: 1 symbols, 3 imports
[2025-11-25T17:03:46.412Z] [2025-11-25T17:03:46.414Z] [INDEXING-ORCHESTRATOR] [DEBUG] 📍 Chunk 7-43: 1 candidate symbols
[2025-11-25T17:03:46.412Z] [2025-11-25T17:03:46.414Z] [INDEXING-ORCHESTRATOR] [DEBUG] ✅ Chunk symbols after filtering: 1 symbols - RegisterV1
[2025-11-25T17:03:46.412Z] [2025-11-25T17:03:46.414Z] [INDEXING-ORCHESTRATOR] [DEBUG] Created 1 semantic chunks for c:\Projects\educatedplanet\admin\src\app\(main)\auth\register\page.tsx
[2025-11-25T17:03:46.412Z] [2025-11-25T17:03:46.414Z] [INDEXING-ORCHESTRATOR] [DEBUG] Average chunk size: 1526 characters
[2025-11-25T17:03:46.412Z] [2025-11-25T17:03:46.414Z] [INDEXING-ORCHESTRATOR] [DEBUG] 📊 Processed: 10/302 files
[2025-11-25T17:03:46.422Z] [2025-11-25T17:03:46.424Z] [TREESITTER-CHUNKER] [INFO] Created 1 semantic chunks from c:\Projects\educatedplanet\admin\src\app\(main)\dashboard\_components\sidebar\nav-secondary.tsx
[2025-11-25T17:03:46.428Z] [2025-11-25T17:03:46.429Z] [TREESITTER-FULL] [INFO] Extracted 1 symbols from c:\Projects\educatedplanet\admin\src\app\(main)\dashboard\_components\sidebar\nav-secondary.tsx
[2025-11-25T17:03:46.428Z] [2025-11-25T17:03:46.429Z] [INDEXING-ORCHESTRATOR] [DEBUG] 🔍 Symbol extraction for c:\Projects\educatedplanet\admin\src\app\(main)\dashboard\_components\sidebar\nav-secondary.tsx: 1 symbols, 3 imports
[2025-11-25T17:03:46.428Z] [2025-11-25T17:03:46.429Z] [INDEXING-ORCHESTRATOR] [DEBUG] 📍 Chunk 15-43: 1 candidate symbols
[2025-11-25T17:03:46.428Z] [2025-11-25T17:03:46.429Z] [INDEXING-ORCHESTRATOR] [DEBUG] ✅ Chunk symbols after filtering: 1 symbols - NavSecondary
[2025-11-25T17:03:46.428Z] [2025-11-25T17:03:46.429Z] [INDEXING-ORCHESTRATOR] [DEBUG] Created 1 semantic chunks for c:\Projects\educatedplanet\admin\src\app\(main)\dashboard\_components\sidebar\nav-secondary.tsx
[2025-11-25T17:03:46.428Z] [2025-11-25T17:03:46.429Z] [INDEXING-ORCHESTRATOR] [DEBUG] Average chunk size: 716 characters
[2025-11-25T17:03:46.433Z] [2025-11-25T17:03:46.435Z] [TREESITTER-CHUNKER] [INFO] Created 2 semantic chunks from c:\Projects\educatedplanet\admin\src\app\(main)\dashboard\_components\sidebar\account-switcher.tsx
[2025-11-25T17:03:46.455Z] [2025-11-25T17:03:46.456Z] [TREESITTER-FULL] [INFO] Extracted 2 symbols from c:\Projects\educatedplanet\admin\src\app\(main)\dashboard\_components\sidebar\account-switcher.tsx
[2025-11-25T17:03:46.455Z] [2025-11-25T17:03:46.456Z] [INDEXING-ORCHESTRATOR] [DEBUG] 🔍 Symbol extraction for c:\Projects\educatedplanet\admin\src\app\(main)\dashboard\_components\sidebar\account-switcher.tsx: 2 symbols, 9 imports
[2025-11-25T17:03:46.456Z] [2025-11-25T17:03:46.456Z] [INDEXING-ORCHESTRATOR] [DEBUG] 📍 Chunk 22-24: 1 candidate symbols
[2025-11-25T17:03:46.456Z] [2025-11-25T17:03:46.456Z] [INDEXING-ORCHESTRATOR] [DEBUG] ✅ Chunk symbols after filtering: 1 symbols - AccountSwitcherProps
[2025-11-25T17:03:46.456Z] [2025-11-25T17:03:46.456Z] [INDEXING-ORCHESTRATOR] [DEBUG] 📍 Chunk 26-100: 1 candidate symbols
[2025-11-25T17:03:46.456Z] [2025-11-25T17:03:46.456Z] [INDEXING-ORCHESTRATOR] [DEBUG] ✅ Chunk symbols after filtering: 1 symbols - AccountSwitcher
[2025-11-25T17:03:46.456Z] [2025-11-25T17:03:46.456Z] [INDEXING-ORCHESTRATOR] [DEBUG] Created 2 semantic chunks for c:\Projects\educatedplanet\admin\src\app\(main)\dashboard\_components\sidebar\account-switcher.tsx
[2025-11-25T17:03:46.456Z] [2025-11-25T17:03:46.456Z] [INDEXING-ORCHESTRATOR] [DEBUG] Average chunk size: 1364 characters
[2025-11-25T17:03:46.461Z] [2025-11-25T17:03:46.463Z] [TREESITTER-CHUNKER] [INFO] Created 1 semantic chunks from c:\Projects\educatedplanet\admin\src\app\(main)\dashboard\_components\sidebar\nav-documents.tsx
[2025-11-25T17:03:46.482Z] [2025-11-25T17:03:46.484Z] [TREESITTER-FULL] [INFO] Extracted 1 symbols from c:\Projects\educatedplanet\admin\src\app\(main)\dashboard\_components\sidebar\nav-documents.tsx
[2025-11-25T17:03:46.482Z] [2025-11-25T17:03:46.484Z] [INDEXING-ORCHESTRATOR] [DEBUG] 🔍 Symbol extraction for c:\Projects\educatedplanet\admin\src\app\(main)\dashboard\_components\sidebar\nav-documents.tsx: 1 symbols, 3 imports
[2025-11-25T17:03:46.483Z] [2025-11-25T17:03:46.484Z] [INDEXING-ORCHESTRATOR] [DEBUG] 📍 Chunk 22-83: 1 candidate symbols
[2025-11-25T17:03:46.483Z] [2025-11-25T17:03:46.484Z] [INDEXING-ORCHESTRATOR] [DEBUG] ✅ Chunk symbols after filtering: 1 symbols - NavDocuments
[2025-11-25T17:03:46.483Z] [2025-11-25T17:03:46.484Z] [INDEXING-ORCHESTRATOR] [DEBUG] Created 1 semantic chunks for c:\Projects\educatedplanet\admin\src\app\(main)\dashboard\_components\sidebar\nav-documents.tsx
[2025-11-25T17:03:46.483Z] [2025-11-25T17:03:46.484Z] [INDEXING-ORCHESTRATOR] [DEBUG] Average chunk size: 2094 characters
[2025-11-25T17:03:46.487Z] [2025-11-25T17:03:46.489Z] [TREESITTER-CHUNKER] [INFO] Created 1 semantic chunks from c:\Projects\educatedplanet\admin\src\app\(main)\dashboard\_components\sidebar\app-sidebar.tsx
[2025-11-25T17:03:46.499Z] [2025-11-25T17:03:46.501Z] [TREESITTER-FULL] [INFO] Extracted 3 symbols from c:\Projects\educatedplanet\admin\src\app\(main)\dashboard\_components\sidebar\app-sidebar.tsx
[2025-11-25T17:03:46.499Z] [2025-11-25T17:03:46.501Z] [INDEXING-ORCHESTRATOR] [DEBUG] 🔍 Symbol extraction for c:\Projects\educatedplanet\admin\src\app\(main)\dashboard\_components\sidebar\app-sidebar.tsx: 3 symbols, 8 imports
[2025-11-25T17:03:46.499Z] [2025-11-25T17:03:46.501Z] [INDEXING-ORCHESTRATOR] [DEBUG] 📍 Chunk 59-88: 2 candidate symbols
[2025-11-25T17:03:46.499Z] [2025-11-25T17:03:46.501Z] [INDEXING-ORCHESTRATOR] [DEBUG] ✅ Chunk symbols after filtering: 2 symbols - AppSidebarProps, AppSidebar
[2025-11-25T17:03:46.499Z] [2025-11-25T17:03:46.501Z] [INDEXING-ORCHESTRATOR] [DEBUG] Created 1 semantic chunks for c:\Projects\educatedplanet\admin\src\app\(main)\dashboard\_components\sidebar\app-sidebar.tsx
[2025-11-25T17:03:46.499Z] [2025-11-25T17:03:46.501Z] [INDEXING-ORCHESTRATOR] [DEBUG] Average chunk size: 1025 characters
[2025-11-25T17:03:46.502Z] [2025-11-25T17:03:46.503Z] [TREESITTER-CHUNKER] [INFO] Created 1 semantic chunks from c:\Projects\educatedplanet\admin\src\app\(main)\dashboard\_components\sidebar\theme-switcher.tsx
[2025-11-25T17:03:46.506Z] [2025-11-25T17:03:46.507Z] [TREESITTER-FULL] [INFO] Extracted 1 symbols from c:\Projects\educatedplanet\admin\src\app\(main)\dashboard\_components\sidebar\theme-switcher.tsx
[2025-11-25T17:03:46.506Z] [2025-11-25T17:03:46.507Z] [INDEXING-ORCHESTRATOR] [DEBUG] 🔍 Symbol extraction for c:\Projects\educatedplanet\admin\src\app\(main)\dashboard\_components\sidebar\theme-switcher.tsx: 1 symbols, 5 imports
[2025-11-25T17:03:46.506Z] [2025-11-25T17:03:46.507Z] [INDEXING-ORCHESTRATOR] [DEBUG] 📍 Chunk 10-26: 1 candidate symbols
[2025-11-25T17:03:46.506Z] [2025-11-25T17:03:46.507Z] [INDEXING-ORCHESTRATOR] [DEBUG] ✅ Chunk symbols after filtering: 1 symbols - ThemeSwitcher
[2025-11-25T17:03:46.506Z] [2025-11-25T17:03:46.507Z] [INDEXING-ORCHESTRATOR] [DEBUG] Created 1 semantic chunks for c:\Projects\educatedplanet\admin\src\app\(main)\dashboard\_components\sidebar\theme-switcher.tsx
[2025-11-25T17:03:46.506Z] [2025-11-25T17:03:46.507Z] [INDEXING-ORCHESTRATOR] [DEBUG] Average chunk size: 527 characters
[2025-11-25T17:03:46.512Z] [2025-11-25T17:03:46.514Z] [TREESITTER-CHUNKER] [INFO] Created 1 semantic chunks from c:\Projects\educatedplanet\admin\src\app\(main)\dashboard\_components\sidebar\search-dialog.tsx
[2025-11-25T17:03:46.528Z] [2025-11-25T17:03:46.530Z] [TREESITTER-FULL] [INFO] Extracted 1 symbols from c:\Projects\educatedplanet\admin\src\app\(main)\dashboard\_components\sidebar\search-dialog.tsx
[2025-11-25T17:03:46.528Z] [2025-11-25T17:03:46.530Z] [INDEXING-ORCHESTRATOR] [DEBUG] 🔍 Symbol extraction for c:\Projects\educatedplanet\admin\src\app\(main)\dashboard\_components\sidebar\search-dialog.tsx: 1 symbols, 4 imports
[2025-11-25T17:03:46.528Z] [2025-11-25T17:03:46.530Z] [INDEXING-ORCHESTRATOR] [DEBUG] 📍 Chunk 1-80: 1 candidate symbols
[2025-11-25T17:03:46.528Z] [2025-11-25T17:03:46.530Z] [INDEXING-ORCHESTRATOR] [DEBUG] ✅ Chunk symbols after filtering: 1 symbols - searchItems
[2025-11-25T17:03:46.528Z] [2025-11-25T17:03:46.530Z] [INDEXING-ORCHESTRATOR] [DEBUG] Created 1 semantic chunks for c:\Projects\educatedplanet\admin\src\app\(main)\dashboard\_components\sidebar\search-dialog.tsx
[2025-11-25T17:03:46.528Z] [2025-11-25T17:03:46.530Z] [INDEXING-ORCHESTRATOR] [DEBUG] Average chunk size: 2935 characters
[2025-11-25T17:03:46.546Z] [2025-11-25T17:03:46.547Z] [TREESITTER-CHUNKER] [INFO] Created 2 semantic chunks from c:\Projects\educatedplanet\admin\src\app\(main)\dashboard\_components\sidebar\nav-main.tsx
[2025-11-25T17:03:46.588Z] [2025-11-25T17:03:46.589Z] [TREESITTER-FULL] [INFO] Extracted 5 symbols from c:\Projects\educatedplanet\admin\src\app\(main)\dashboard\_components\sidebar\nav-main.tsx
[2025-11-25T17:03:46.588Z] [2025-11-25T17:03:46.590Z] [INDEXING-ORCHESTRATOR] [DEBUG] 🔍 Symbol extraction for c:\Projects\educatedplanet\admin\src\app\(main)\dashboard\_components\sidebar\nav-main.tsx: 5 symbols, 9 imports
[2025-11-25T17:03:46.588Z] [2025-11-25T17:03:46.590Z] [INDEXING-ORCHESTRATOR] [DEBUG] 📍 Chunk 31-33: 1 candidate symbols
[2025-11-25T17:03:46.588Z] [2025-11-25T17:03:46.590Z] [INDEXING-ORCHESTRATOR] [DEBUG] ✅ Chunk symbols after filtering: 1 symbols - NavMainProps
[2025-11-25T17:03:46.588Z] [2025-11-25T17:03:46.590Z] [INDEXING-ORCHESTRATOR] [DEBUG] 📍 Chunk 34-231: 4 candidate symbols
[2025-11-25T17:03:46.588Z] [2025-11-25T17:03:46.590Z] [INDEXING-ORCHESTRATOR] [DEBUG] ✅ Chunk symbols after filtering: 4 symbols - IsComingSoon, path, isItemActive, isSubmenuOpen
[2025-11-25T17:03:46.588Z] [2025-11-25T17:03:46.590Z] [INDEXING-ORCHESTRATOR] [DEBUG] Created 2 semantic chunks for c:\Projects\educatedplanet\admin\src\app\(main)\dashboard\_components\sidebar\nav-main.tsx
[2025-11-25T17:03:46.588Z] [2025-11-25T17:03:46.590Z] [INDEXING-ORCHESTRATOR] [DEBUG] Average chunk size: 3789 characters
[2025-11-25T17:03:46.595Z] [2025-11-25T17:03:46.596Z] [TREESITTER-CHUNKER] [INFO] Created 1 semantic chunks from c:\Projects\educatedplanet\admin\src\app\(main)\dashboard\_components\sidebar\nav-user.tsx
[2025-11-25T17:03:46.646Z] [2025-11-25T17:03:46.647Z] [TREESITTER-FULL] [INFO] Extracted 1 symbols from c:\Projects\educatedplanet\admin\src\app\(main)\dashboard\_components\sidebar\nav-user.tsx
[2025-11-25T17:03:46.646Z] [2025-11-25T17:03:46.647Z] [INDEXING-ORCHESTRATOR] [DEBUG] 🔍 Symbol extraction for c:\Projects\educatedplanet\admin\src\app\(main)\dashboard\_components\sidebar\nav-user.tsx: 1 symbols, 6 imports
[2025-11-25T17:03:46.646Z] [2025-11-25T17:03:46.647Z] [INDEXING-ORCHESTRATOR] [DEBUG] 📍 Chunk 19-89: 1 candidate symbols
[2025-11-25T17:03:46.646Z] [2025-11-25T17:03:46.647Z] [INDEXING-ORCHESTRATOR] [DEBUG] ✅ Chunk symbols after filtering: 1 symbols - NavUser
[2025-11-25T17:03:46.646Z] [2025-11-25T17:03:46.647Z] [INDEXING-ORCHESTRATOR] [DEBUG] Created 1 semantic chunks for c:\Projects\educatedplanet\admin\src\app\(main)\dashboard\_components\sidebar\nav-user.tsx
[2025-11-25T17:03:46.646Z] [2025-11-25T17:03:46.647Z] [INDEXING-ORCHESTRATOR] [DEBUG] Average chunk size: 2817 characters
[2025-11-25T17:03:46.684Z] [2025-11-25T17:03:46.686Z] [TREESITTER-CHUNKER] [INFO] Created 2 semantic chunks from c:\Projects\educatedplanet\admin\src\app\(main)\dashboard\classes\_components\class-modal.tsx
[2025-11-25T17:03:46.793Z] [2025-11-25T17:03:46.795Z] [TREESITTER-FULL] [INFO] Extracted 10 symbols from c:\Projects\educatedplanet\admin\src\app\(main)\dashboard\classes\_components\class-modal.tsx
[2025-11-25T17:03:46.793Z] [2025-11-25T17:03:46.795Z] [INDEXING-ORCHESTRATOR] [DEBUG] 🔍 Symbol extraction for c:\Projects\educatedplanet\admin\src\app\(main)\dashboard\classes\_components\class-modal.tsx: 10 symbols, 16 imports
[2025-11-25T17:03:46.794Z] [2025-11-25T17:03:46.795Z] [INDEXING-ORCHESTRATOR] [DEBUG] 📍 Chunk 43-49: 1 candidate symbols
[2025-11-25T17:03:46.794Z] [2025-11-25T17:03:46.795Z] [INDEXING-ORCHESTRATOR] [DEBUG] ✅ Chunk symbols after filtering: 1 symbols - ClassModalProps
[2025-11-25T17:03:46.794Z] [2025-11-25T17:03:46.795Z] [INDEXING-ORCHESTRATOR] [DEBUG] 📍 Chunk 50-518: 9 candidate symbols
[2025-11-25T17:03:46.794Z] [2025-11-25T17:03:46.795Z] [INDEXING-ORCHESTRATOR] [DEBUG] ✅ Chunk symbols after filtering: 9 symbols - form, handleSubmit, handleAddSubClass, handleRemoveSubClass, handleAddSubject, handleRemoveSubject, handleAddPrerequisite, handleRemovePrerequisite, handleOpenChange
[2025-11-25T17:03:46.794Z] [2025-11-25T17:03:46.795Z] [INDEXING-ORCHESTRATOR] [DEBUG] Created 2 semantic chunks for c:\Projects\educatedplanet\admin\src\app\(main)\dashboard\classes\_components\class-modal.tsx
[2025-11-25T17:03:46.794Z] [2025-11-25T17:03:46.795Z] [INDEXING-ORCHESTRATOR] [DEBUG] Average chunk size: 8834 characters
[2025-11-25T17:03:46.831Z] [2025-11-25T17:03:46.832Z] [TREESITTER-CHUNKER] [INFO] Created 2 semantic chunks from c:\Projects\educatedplanet\admin\src\app\(main)\dashboard\classes\_components\classes-table.tsx
[2025-11-25T17:03:46.914Z] [2025-11-25T17:03:46.915Z] [TREESITTER-FULL] [INFO] Extracted 6 symbols from c:\Projects\educatedplanet\admin\src\app\(main)\dashboard\classes\_components\classes-table.tsx
[2025-11-25T17:03:46.914Z] [2025-11-25T17:03:46.915Z] [INDEXING-ORCHESTRATOR] [DEBUG] 🔍 Symbol extraction for c:\Projects\educatedplanet\admin\src\app\(main)\dashboard\classes\_components\classes-table.tsx: 6 symbols, 15 imports
[2025-11-25T17:03:46.914Z] [2025-11-25T17:03:46.915Z] [INDEXING-ORCHESTRATOR] [DEBUG] 📍 Chunk 26-36: 1 candidate symbols
[2025-11-25T17:03:46.914Z] [2025-11-25T17:03:46.915Z] [INDEXING-ORCHESTRATOR] [DEBUG] ✅ Chunk symbols after filtering: 1 symbols - ClassesResponse
[2025-11-25T17:03:46.914Z] [2025-11-25T17:03:46.915Z] [INDEXING-ORCHESTRATOR] [DEBUG] 📍 Chunk 37-313: 5 candidate symbols
[2025-11-25T17:03:46.914Z] [2025-11-25T17:03:46.915Z] [INDEXING-ORCHESTRATOR] [DEBUG] ✅ Chunk symbols after filtering: 5 symbols - fetchClasses, handleRefresh, handleExport, handleClassSubmit, table
[2025-11-25T17:03:46.914Z] [2025-11-25T17:03:46.915Z] [INDEXING-ORCHESTRATOR] [DEBUG] Created 2 semantic chunks for c:\Projects\educatedplanet\admin\src\app\(main)\dashboard\classes\_components\classes-table.tsx
[2025-11-25T17:03:46.914Z] [2025-11-25T17:03:46.915Z] [INDEXING-ORCHESTRATOR] [DEBUG] Average chunk size: 5146 characters
[2025-11-25T17:03:46.914Z] [2025-11-25T17:03:46.915Z] [INDEXING-ORCHESTRATOR] [DEBUG] 📊 Processed: 20/302 files
[2025-11-25T17:03:46.941Z] [2025-11-25T17:03:46.943Z] [TREESITTER-CHUNKER] [INFO] Created 1 semantic chunks from c:\Projects\educatedplanet\admin\src\app\(main)\dashboard\classes\page.tsx
[2025-11-25T17:03:46.943Z] [2025-11-25T17:03:46.944Z] [TREESITTER-FULL] [INFO] Extracted 1 symbols from c:\Projects\educatedplanet\admin\src\app\(main)\dashboard\classes\page.tsx
[2025-11-25T17:03:46.943Z] [2025-11-25T17:03:46.944Z] [INDEXING-ORCHESTRATOR] [DEBUG] 🔍 Symbol extraction for c:\Projects\educatedplanet\admin\src\app\(main)\dashboard\classes\page.tsx: 1 symbols, 2 imports
[2025-11-25T17:03:46.943Z] [2025-11-25T17:03:46.944Z] [INDEXING-ORCHESTRATOR] [DEBUG] 📍 Chunk 4-13: 1 candidate symbols
[2025-11-25T17:03:46.943Z] [2025-11-25T17:03:46.944Z] [INDEXING-ORCHESTRATOR] [DEBUG] ✅ Chunk symbols after filtering: 1 symbols - ClassesPage
[2025-11-25T17:03:46.943Z] [2025-11-25T17:03:46.944Z] [INDEXING-ORCHESTRATOR] [DEBUG] Created 1 semantic chunks for c:\Projects\educatedplanet\admin\src\app\(main)\dashboard\classes\page.tsx
[2025-11-25T17:03:46.943Z] [2025-11-25T17:03:46.945Z] [INDEXING-ORCHESTRATOR] [DEBUG] Average chunk size: 208 characters
[2025-11-25T17:03:46.994Z] [2025-11-25T17:03:46.996Z] [TREESITTER-CHUNKER] [INFO] Created 1 semantic chunks from c:\Projects\educatedplanet\admin\src\app\(main)\dashboard\classes\_components\columns.tsx
[2025-11-25T17:03:47.095Z] [2025-11-25T17:03:47.096Z] [TREESITTER-FULL] [INFO] Extracted 7 symbols from c:\Projects\educatedplanet\admin\src\app\(main)\dashboard\classes\_components\columns.tsx
[2025-11-25T17:03:47.095Z] [2025-11-25T17:03:47.096Z] [INDEXING-ORCHESTRATOR] [DEBUG] 🔍 Symbol extraction for c:\Projects\educatedplanet\admin\src\app\(main)\dashboard\classes\_components\columns.tsx: 7 symbols, 14 imports
[2025-11-25T17:03:47.095Z] [2025-11-25T17:03:47.096Z] [INDEXING-ORCHESTRATOR] [DEBUG] 📍 Chunk 1-431: 7 candidate symbols
[2025-11-25T17:03:47.095Z] [2025-11-25T17:03:47.096Z] [INDEXING-ORCHESTRATOR] [DEBUG] ✅ Chunk symbols after filtering: 7 symbols - getCategoryVariant, getCategoryLabel, getStatusVariant, handleDelete, handleEditClick, handleEditSubmit, handleToggleStatus
[2025-11-25T17:03:47.095Z] [2025-11-25T17:03:47.096Z] [INDEXING-ORCHESTRATOR] [DEBUG] Created 1 semantic chunks for c:\Projects\educatedplanet\admin\src\app\(main)\dashboard\classes\_components\columns.tsx
[2025-11-25T17:03:47.095Z] [2025-11-25T17:03:47.096Z] [INDEXING-ORCHESTRATOR] [DEBUG] Average chunk size: 13917 characters
[2025-11-25T17:03:47.104Z] [2025-11-25T17:03:47.105Z] [TREESITTER-CHUNKER] [INFO] Created 5 semantic chunks from c:\Projects\educatedplanet\admin\src\app\(main)\dashboard\classes\_components\schema.ts
[2025-11-25T17:03:47.139Z] [2025-11-25T17:03:47.140Z] [TREESITTER-FULL] [INFO] Extracted 8 symbols from c:\Projects\educatedplanet\admin\src\app\(main)\dashboard\classes\_components\schema.ts
[2025-11-25T17:03:47.139Z] [2025-11-25T17:03:47.140Z] [INDEXING-ORCHESTRATOR] [DEBUG] 🔍 Symbol extraction for c:\Projects\educatedplanet\admin\src\app\(main)\dashboard\classes\_components\schema.ts: 8 symbols, 1 imports
[2025-11-25T17:03:47.139Z] [2025-11-25T17:03:47.140Z] [INDEXING-ORCHESTRATOR] [DEBUG] 📍 Chunk 4-14: 0 candidate symbols
[2025-11-25T17:03:47.139Z] [2025-11-25T17:03:47.140Z] [INDEXING-ORCHESTRATOR] [DEBUG] ✅ Chunk symbols after filtering: 0 symbols - 
[2025-11-25T17:03:47.139Z] [2025-11-25T17:03:47.140Z] [INDEXING-ORCHESTRATOR] [DEBUG] 📍 Chunk 37-37: 1 candidate symbols
[2025-11-25T17:03:47.139Z] [2025-11-25T17:03:47.140Z] [INDEXING-ORCHESTRATOR] [DEBUG] ✅ Chunk symbols after filtering: 1 symbols - ClassTable
[2025-11-25T17:03:47.139Z] [2025-11-25T17:03:47.140Z] [INDEXING-ORCHESTRATOR] [DEBUG] 📍 Chunk 72-72: 1 candidate symbols
[2025-11-25T17:03:47.139Z] [2025-11-25T17:03:47.140Z] [INDEXING-ORCHESTRATOR] [DEBUG] ✅ Chunk symbols after filtering: 1 symbols - ClassForm
[2025-11-25T17:03:47.139Z] [2025-11-25T17:03:47.140Z] [INDEXING-ORCHESTRATOR] [DEBUG] 📍 Chunk 87-87: 1 candidate symbols
[2025-11-25T17:03:47.139Z] [2025-11-25T17:03:47.140Z] [INDEXING-ORCHESTRATOR] [DEBUG] ✅ Chunk symbols after filtering: 1 symbols - ClassSearch
[2025-11-25T17:03:47.139Z] [2025-11-25T17:03:47.140Z] [INDEXING-ORCHESTRATOR] [DEBUG] 📍 Chunk 97-97: 1 candidate symbols
[2025-11-25T17:03:47.139Z] [2025-11-25T17:03:47.140Z] [INDEXING-ORCHESTRATOR] [DEBUG] ✅ Chunk symbols after filtering: 1 symbols - SubClassForm
[2025-11-25T17:03:47.139Z] [2025-11-25T17:03:47.140Z] [INDEXING-ORCHESTRATOR] [DEBUG] Created 5 semantic chunks for c:\Projects\educatedplanet\admin\src\app\(main)\dashboard\classes\_components\schema.ts
[2025-11-25T17:03:47.139Z] [2025-11-25T17:03:47.140Z] [INDEXING-ORCHESTRATOR] [DEBUG] Average chunk size: 96 characters
[2025-11-25T17:03:47.141Z] [2025-11-25T17:03:47.143Z] [TREESITTER-CHUNKER] [INFO] Created 1 semantic chunks from c:\Projects\educatedplanet\admin\src\app\(main)\dashboard\coming-soon\page.tsx
[2025-11-25T17:03:47.145Z] [2025-11-25T17:03:47.146Z] [TREESITTER-FULL] [INFO] Extracted 1 symbols from c:\Projects\educatedplanet\admin\src\app\(main)\dashboard\coming-soon\page.tsx
[2025-11-25T17:03:47.145Z] [2025-11-25T17:03:47.146Z] [INDEXING-ORCHESTRATOR] [DEBUG] 🔍 Symbol extraction for c:\Projects\educatedplanet\admin\src\app\(main)\dashboard\coming-soon\page.tsx: 1 symbols, 0 imports
[2025-11-25T17:03:47.145Z] [2025-11-25T17:03:47.146Z] [INDEXING-ORCHESTRATOR] [DEBUG] 📍 Chunk 1-8: 1 candidate symbols
[2025-11-25T17:03:47.145Z] [2025-11-25T17:03:47.146Z] [INDEXING-ORCHESTRATOR] [DEBUG] ✅ Chunk symbols after filtering: 1 symbols - Page
[2025-11-25T17:03:47.145Z] [2025-11-25T17:03:47.146Z] [INDEXING-ORCHESTRATOR] [DEBUG] Created 1 semantic chunks for c:\Projects\educatedplanet\admin\src\app\(main)\dashboard\coming-soon\page.tsx
[2025-11-25T17:03:47.145Z] [2025-11-25T17:03:47.146Z] [INDEXING-ORCHESTRATOR] [DEBUG] Average chunk size: 331 characters
[2025-11-25T17:03:47.158Z] [2025-11-25T17:03:47.159Z] [TREESITTER-CHUNKER] [INFO] Created 1 semantic chunks from c:\Projects\educatedplanet\admin\src\app\(main)\dashboard\crm\_components\columns.crm.tsx
[2025-11-25T17:03:47.176Z] [2025-11-25T17:03:47.178Z] [TREESITTER-FULL] [INFO] Extracted 0 symbols from c:\Projects\educatedplanet\admin\src\app\(main)\dashboard\crm\_components\columns.crm.tsx
[2025-11-25T17:03:47.176Z] [2025-11-25T17:03:47.178Z] [INDEXING-ORCHESTRATOR] [DEBUG] 🔍 Symbol extraction for c:\Projects\educatedplanet\admin\src\app\(main)\dashboard\crm\_components\columns.crm.tsx: 0 symbols, 8 imports
[2025-11-25T17:03:47.177Z] [2025-11-25T17:03:47.178Z] [INDEXING-ORCHESTRATOR] [DEBUG] 📍 Chunk 1-84: 0 candidate symbols
[2025-11-25T17:03:47.177Z] [2025-11-25T17:03:47.178Z] [INDEXING-ORCHESTRATOR] [DEBUG] ✅ Chunk symbols after filtering: 0 symbols - 
[2025-11-25T17:03:47.177Z] [2025-11-25T17:03:47.178Z] [INDEXING-ORCHESTRATOR] [DEBUG] Created 1 semantic chunks for c:\Projects\educatedplanet\admin\src\app\(main)\dashboard\crm\_components\columns.crm.tsx
[2025-11-25T17:03:47.177Z] [2025-11-25T17:03:47.178Z] [INDEXING-ORCHESTRATOR] [DEBUG] Average chunk size: 2876 characters
[2025-11-25T17:03:47.194Z] [2025-11-25T17:03:47.196Z] [TREESITTER-CHUNKER] [INFO] Created 1 semantic chunks from c:\Projects\educatedplanet\admin\src\app\(main)\dashboard\crm\_components\crm.config.ts
[2025-11-25T17:03:47.217Z] [2025-11-25T17:03:47.219Z] [TREESITTER-FULL] [INFO] Extracted 15 symbols from c:\Projects\educatedplanet\admin\src\app\(main)\dashboard\crm\_components\crm.config.ts
[2025-11-25T17:03:47.217Z] [2025-11-25T17:03:47.219Z] [INDEXING-ORCHESTRATOR] [DEBUG] 🔍 Symbol extraction for c:\Projects\educatedplanet\admin\src\app\(main)\dashboard\crm\_components\crm.config.ts: 15 symbols, 1 imports
[2025-11-25T17:03:47.217Z] [2025-11-25T17:03:47.219Z] [INDEXING-ORCHESTRATOR] [DEBUG] 📍 Chunk 1-334: 15 candidate symbols
[2025-11-25T17:03:47.217Z] [2025-11-25T17:03:47.219Z] [INDEXING-ORCHESTRATOR] [DEBUG] ✅ Chunk symbols after filtering: 15 symbols - leadsChartData, leadsChartConfig, proposalsChartData, proposalsChartConfig, revenueChartData, revenueChartConfig, leadsBySourceChartData, leadsBySourceChartConfig, projectRevenueChartData, projectRevenueChartConfig, salesPipelineChartData, salesPipelineChartConfig, regionSalesData, actionItems, recentLeadsData
[2025-11-25T17:03:47.217Z] [2025-11-25T17:03:47.219Z] [INDEXING-ORCHESTRATOR] [DEBUG] Created 1 semantic chunks for c:\Projects\educatedplanet\admin\src\app\(main)\dashboard\crm\_components\crm.config.ts
[2025-11-25T17:03:47.217Z] [2025-11-25T17:03:47.219Z] [INDEXING-ORCHESTRATOR] [DEBUG] Average chunk size: 7787 characters
[2025-11-25T17:03:47.235Z] [2025-11-25T17:03:47.236Z] [TREESITTER-CHUNKER] [INFO] Created 1 semantic chunks from c:\Projects\educatedplanet\admin\src\app\(main)\dashboard\crm\_components\insight-cards.tsx
[2025-11-25T17:03:47.275Z] [2025-11-25T17:03:47.277Z] [TREESITTER-FULL] [INFO] Extracted 1 symbols from c:\Projects\educatedplanet\admin\src\app\(main)\dashboard\crm\_components\insight-cards.tsx
[2025-11-25T17:03:47.276Z] [2025-11-25T17:03:47.277Z] [INDEXING-ORCHESTRATOR] [DEBUG] 🔍 Symbol extraction for c:\Projects\educatedplanet\admin\src\app\(main)\dashboard\crm\_components\insight-cards.tsx: 1 symbols, 5 imports
[2025-11-25T17:03:47.276Z] [2025-11-25T17:03:47.277Z] [INDEXING-ORCHESTRATOR] [DEBUG] 📍 Chunk 1-155: 1 candidate symbols
[2025-11-25T17:03:47.276Z] [2025-11-25T17:03:47.277Z] [INDEXING-ORCHESTRATOR] [DEBUG] ✅ Chunk symbols after filtering: 1 symbols - totalLeads
[2025-11-25T17:03:47.276Z] [2025-11-25T17:03:47.277Z] [INDEXING-ORCHESTRATOR] [DEBUG] Created 1 semantic chunks for c:\Projects\educatedplanet\admin\src\app\(main)\dashboard\crm\_components\insight-cards.tsx
[2025-11-25T17:03:47.276Z] [2025-11-25T17:03:47.277Z] [INDEXING-ORCHESTRATOR] [DEBUG] Average chunk size: 6050 characters
[2025-11-25T17:03:47.290Z] [2025-11-25T17:03:47.291Z] [TREESITTER-CHUNKER] [INFO] Created 1 semantic chunks from c:\Projects\educatedplanet\admin\src\app\(main)\dashboard\crm\_components\overview-cards.tsx
[2025-11-25T17:03:47.319Z] [2025-11-25T17:03:47.321Z] [TREESITTER-FULL] [INFO] Extracted 1 symbols from c:\Projects\educatedplanet\admin\src\app\(main)\dashboard\crm\_components\overview-cards.tsx
[2025-11-25T17:03:47.319Z] [2025-11-25T17:03:47.321Z] [INDEXING-ORCHESTRATOR] [DEBUG] 🔍 Symbol extraction for c:\Projects\educatedplanet\admin\src\app\(main)\dashboard\crm\_components\overview-cards.tsx: 1 symbols, 6 imports
[2025-11-25T17:03:47.319Z] [2025-11-25T17:03:47.321Z] [INDEXING-ORCHESTRATOR] [DEBUG] 📍 Chunk 1-152: 1 candidate symbols
[2025-11-25T17:03:47.319Z] [2025-11-25T17:03:47.321Z] [INDEXING-ORCHESTRATOR] [DEBUG] ✅ Chunk symbols after filtering: 1 symbols - lastMonth
[2025-11-25T17:03:47.319Z] [2025-11-25T17:03:47.321Z] [INDEXING-ORCHESTRATOR] [DEBUG] Created 1 semantic chunks for c:\Projects\educatedplanet\admin\src\app\(main)\dashboard\crm\_components\overview-cards.tsx
[2025-11-25T17:03:47.319Z] [2025-11-25T17:03:47.321Z] [INDEXING-ORCHESTRATOR] [DEBUG] Average chunk size: 5874 characters
[2025-11-25T17:03:47.331Z] [2025-11-25T17:03:47.332Z] [TREESITTER-CHUNKER] [INFO] Created 3 semantic chunks from c:\Projects\educatedplanet\admin\src\app\(main)\dashboard\crm\_components\operational-cards.tsx
[2025-11-25T17:03:47.361Z] [2025-11-25T17:03:47.362Z] [TREESITTER-FULL] [INFO] Extracted 1 symbols from c:\Projects\educatedplanet\admin\src\app\(main)\dashboard\crm\_components\operational-cards.tsx
[2025-11-25T17:03:47.361Z] [2025-11-25T17:03:47.362Z] [INDEXING-ORCHESTRATOR] [DEBUG] 🔍 Symbol extraction for c:\Projects\educatedplanet\admin\src\app\(main)\dashboard\crm\_components\operational-cards.tsx: 1 symbols, 8 imports
[2025-11-25T17:03:47.361Z] [2025-11-25T17:03:47.362Z] [INDEXING-ORCHESTRATOR] [DEBUG] 📍 Chunk 55-60: 0 candidate symbols
[2025-11-25T17:03:47.361Z] [2025-11-25T17:03:47.362Z] [INDEXING-ORCHESTRATOR] [DEBUG] ✅ Chunk symbols after filtering: 0 symbols - 
[2025-11-25T17:03:47.361Z] [2025-11-25T17:03:47.362Z] [INDEXING-ORCHESTRATOR] [DEBUG] 📍 Chunk 93-100: 0 candidate symbols
[2025-11-25T17:03:47.361Z] [2025-11-25T17:03:47.362Z] [INDEXING-ORCHESTRATOR] [DEBUG] ✅ Chunk symbols after filtering: 0 symbols - 
[2025-11-25T17:03:47.361Z] [2025-11-25T17:03:47.362Z] [INDEXING-ORCHESTRATOR] [DEBUG] 📍 Chunk 101-116: 0 candidate symbols
[2025-11-25T17:03:47.361Z] [2025-11-25T17:03:47.362Z] [INDEXING-ORCHESTRATOR] [DEBUG] ✅ Chunk symbols after filtering: 0 symbols - 
[2025-11-25T17:03:47.361Z] [2025-11-25T17:03:47.362Z] [INDEXING-ORCHESTRATOR] [DEBUG] Created 3 semantic chunks for c:\Projects\educatedplanet\admin\src\app\(main)\dashboard\crm\_components\operational-cards.tsx
[2025-11-25T17:03:47.361Z] [2025-11-25T17:03:47.362Z] [INDEXING-ORCHESTRATOR] [DEBUG] Average chunk size: 382 characters
[2025-11-25T17:03:47.362Z] [2025-11-25T17:03:47.363Z] [TREESITTER-CHUNKER] [INFO] Created 1 semantic chunks from c:\Projects\educatedplanet\admin\src\app\(main)\dashboard\crm\_components\schema.ts
[2025-11-25T17:03:47.363Z] [2025-11-25T17:03:47.365Z] [TREESITTER-FULL] [INFO] Extracted 1 symbols from c:\Projects\educatedplanet\admin\src\app\(main)\dashboard\crm\_components\schema.ts
[2025-11-25T17:03:47.363Z] [2025-11-25T17:03:47.365Z] [INDEXING-ORCHESTRATOR] [DEBUG] 🔍 Symbol extraction for c:\Projects\educatedplanet\admin\src\app\(main)\dashboard\crm\_components\schema.ts: 1 symbols, 1 imports
[2025-11-25T17:03:47.363Z] [2025-11-25T17:03:47.365Z] [INDEXING-ORCHESTRATOR] [DEBUG] 📍 Chunk 1-11: 1 candidate symbols
[2025-11-25T17:03:47.363Z] [2025-11-25T17:03:47.365Z] [INDEXING-ORCHESTRATOR] [DEBUG] ✅ Chunk symbols after filtering: 1 symbols - recentLeadSchema
[2025-11-25T17:03:47.363Z] [2025-11-25T17:03:47.365Z] [INDEXING-ORCHESTRATOR] [DEBUG] Created 1 semantic chunks for c:\Projects\educatedplanet\admin\src\app\(main)\dashboard\crm\_components\schema.ts
[2025-11-25T17:03:47.363Z] [2025-11-25T17:03:47.365Z] [INDEXING-ORCHESTRATOR] [DEBUG] Average chunk size: 210 characters
[2025-11-25T17:03:47.363Z] [2025-11-25T17:03:47.365Z] [INDEXING-ORCHESTRATOR] [DEBUG] 📊 Processed: 30/302 files
[2025-11-25T17:03:47.373Z] [2025-11-25T17:03:47.375Z] [TREESITTER-CHUNKER] [INFO] Created 1 semantic chunks from c:\Projects\educatedplanet\admin\src\app\(main)\dashboard\crm\_components\table-cards.tsx
[2025-11-25T17:03:47.386Z] [2025-11-25T17:03:47.388Z] [TREESITTER-FULL] [INFO] Extracted 1 symbols from c:\Projects\educatedplanet\admin\src\app\(main)\dashboard\crm\_components\table-cards.tsx
[2025-11-25T17:03:47.386Z] [2025-11-25T17:03:47.388Z] [INDEXING-ORCHESTRATOR] [DEBUG] 🔍 Symbol extraction for c:\Projects\educatedplanet\admin\src\app\(main)\dashboard\crm\_components\table-cards.tsx: 1 symbols, 9 imports
[2025-11-25T17:03:47.386Z] [2025-11-25T17:03:47.388Z] [INDEXING-ORCHESTRATOR] [DEBUG] 📍 Chunk 15-47: 1 candidate symbols
[2025-11-25T17:03:47.386Z] [2025-11-25T17:03:47.388Z] [INDEXING-ORCHESTRATOR] [DEBUG] ✅ Chunk symbols after filtering: 1 symbols - TableCards
[2025-11-25T17:03:47.386Z] [2025-11-25T17:03:47.388Z] [INDEXING-ORCHESTRATOR] [DEBUG] Created 1 semantic chunks for c:\Projects\educatedplanet\admin\src\app\(main)\dashboard\crm\_components\table-cards.tsx
[2025-11-25T17:03:47.387Z] [2025-11-25T17:03:47.388Z] [INDEXING-ORCHESTRATOR] [DEBUG] Average chunk size: 1145 characters
[2025-11-25T17:03:47.388Z] [2025-11-25T17:03:47.389Z] [TREESITTER-CHUNKER] [INFO] Created 1 semantic chunks from c:\Projects\educatedplanet\admin\src\app\(main)\dashboard\crm\page.tsx
[2025-11-25T17:03:47.390Z] [2025-11-25T17:03:47.391Z] [TREESITTER-FULL] [INFO] Extracted 1 symbols from c:\Projects\educatedplanet\admin\src\app\(main)\dashboard\crm\page.tsx
[2025-11-25T17:03:47.390Z] [2025-11-25T17:03:47.391Z] [INDEXING-ORCHESTRATOR] [DEBUG] 🔍 Symbol extraction for c:\Projects\educatedplanet\admin\src\app\(main)\dashboard\crm\page.tsx: 1 symbols, 4 imports
[2025-11-25T17:03:47.390Z] [2025-11-25T17:03:47.391Z] [INDEXING-ORCHESTRATOR] [DEBUG] 📍 Chunk 6-15: 1 candidate symbols
[2025-11-25T17:03:47.390Z] [2025-11-25T17:03:47.391Z] [INDEXING-ORCHESTRATOR] [DEBUG] ✅ Chunk symbols after filtering: 1 symbols - Page
[2025-11-25T17:03:47.390Z] [2025-11-25T17:03:47.391Z] [INDEXING-ORCHESTRATOR] [DEBUG] Created 1 semantic chunks for c:\Projects\educatedplanet\admin\src\app\(main)\dashboard\crm\page.tsx
[2025-11-25T17:03:47.390Z] [2025-11-25T17:03:47.391Z] [INDEXING-ORCHESTRATOR] [DEBUG] Average chunk size: 201 characters
[2025-11-25T17:03:47.406Z] [2025-11-25T17:03:47.407Z] [TREESITTER-CHUNKER] [INFO] Created 1 semantic chunks from c:\Projects\educatedplanet\admin\src\app\(main)\dashboard\default\_components\columns.tsx
[2025-11-25T17:03:47.461Z] [2025-11-25T17:03:47.462Z] [TREESITTER-FULL] [INFO] Extracted 0 symbols from c:\Projects\educatedplanet\admin\src\app\(main)\dashboard\default\_components\columns.tsx
[2025-11-25T17:03:47.461Z] [2025-11-25T17:03:47.462Z] [INDEXING-ORCHESTRATOR] [DEBUG] 🔍 Symbol extraction for c:\Projects\educatedplanet\admin\src\app\(main)\dashboard\default\_components\columns.tsx: 0 symbols, 14 imports
[2025-11-25T17:03:47.461Z] [2025-11-25T17:03:47.462Z] [INDEXING-ORCHESTRATOR] [DEBUG] 📍 Chunk 1-191: 0 candidate symbols
[2025-11-25T17:03:47.461Z] [2025-11-25T17:03:47.462Z] [INDEXING-ORCHESTRATOR] [DEBUG] ✅ Chunk symbols after filtering: 0 symbols - 
[2025-11-25T17:03:47.461Z] [2025-11-25T17:03:47.462Z] [INDEXING-ORCHESTRATOR] [DEBUG] Created 1 semantic chunks for c:\Projects\educatedplanet\admin\src\app\(main)\dashboard\default\_components\columns.tsx
[2025-11-25T17:03:47.461Z] [2025-11-25T17:03:47.462Z] [INDEXING-ORCHESTRATOR] [DEBUG] Average chunk size: 6693 characters
[2025-11-25T17:03:47.483Z] [2025-11-25T17:03:47.485Z] [TREESITTER-CHUNKER] [INFO] Created 1 semantic chunks from c:\Projects\educatedplanet\admin\src\app\(main)\dashboard\default\_components\chart-area-interactive.tsx
[2025-11-25T17:03:47.543Z] [2025-11-25T17:03:47.544Z] [TREESITTER-FULL] [INFO] Extracted 4 symbols from c:\Projects\educatedplanet\admin\src\app\(main)\dashboard\default\_components\chart-area-interactive.tsx
[2025-11-25T17:03:47.543Z] [2025-11-25T17:03:47.544Z] [INDEXING-ORCHESTRATOR] [DEBUG] 🔍 Symbol extraction for c:\Projects\educatedplanet\admin\src\app\(main)\dashboard\default\_components\chart-area-interactive.tsx: 4 symbols, 7 imports
[2025-11-25T17:03:47.543Z] [2025-11-25T17:03:47.544Z] [INDEXING-ORCHESTRATOR] [DEBUG] 📍 Chunk 1-240: 4 candidate symbols
[2025-11-25T17:03:47.543Z] [2025-11-25T17:03:47.544Z] [INDEXING-ORCHESTRATOR] [DEBUG] ✅ Chunk symbols after filtering: 4 symbols - description, chartData, isMobile, filteredData
[2025-11-25T17:03:47.543Z] [2025-11-25T17:03:47.544Z] [INDEXING-ORCHESTRATOR] [DEBUG] Created 1 semantic chunks for c:\Projects\educatedplanet\admin\src\app\(main)\dashboard\default\_components\chart-area-interactive.tsx
[2025-11-25T17:03:47.543Z] [2025-11-25T17:03:47.545Z] [INDEXING-ORCHESTRATOR] [DEBUG] Average chunk size: 10408 characters
[2025-11-25T17:03:47.557Z] [2025-11-25T17:03:47.559Z] [TREESITTER-CHUNKER] [INFO] Created 1 semantic chunks from c:\Projects\educatedplanet\admin\src\app\(main)\dashboard\default\_components\table-cell-viewer.tsx
[2025-11-25T17:03:47.581Z] [2025-11-25T17:03:47.583Z] [TREESITTER-FULL] [INFO] Extracted 2 symbols from c:\Projects\educatedplanet\admin\src\app\(main)\dashboard\default\_components\table-cell-viewer.tsx
[2025-11-25T17:03:47.581Z] [2025-11-25T17:03:47.583Z] [INDEXING-ORCHESTRATOR] [DEBUG] 🔍 Symbol extraction for c:\Projects\educatedplanet\admin\src\app\(main)\dashboard\default\_components\table-cell-viewer.tsx: 2 symbols, 12 imports
[2025-11-25T17:03:47.581Z] [2025-11-25T17:03:47.583Z] [INDEXING-ORCHESTRATOR] [DEBUG] 📍 Chunk 1-186: 2 candidate symbols
[2025-11-25T17:03:47.581Z] [2025-11-25T17:03:47.583Z] [INDEXING-ORCHESTRATOR] [DEBUG] ✅ Chunk symbols after filtering: 2 symbols - chartData, isMobile
[2025-11-25T17:03:47.581Z] [2025-11-25T17:03:47.583Z] [INDEXING-ORCHESTRATOR] [DEBUG] Created 1 semantic chunks for c:\Projects\educatedplanet\admin\src\app\(main)\dashboard\default\_components\table-cell-viewer.tsx
[2025-11-25T17:03:47.581Z] [2025-11-25T17:03:47.583Z] [INDEXING-ORCHESTRATOR] [DEBUG] Average chunk size: 7557 characters
[2025-11-25T17:03:47.582Z] [2025-11-25T17:03:47.584Z] [TREESITTER-CHUNKER] [INFO] Created 1 semantic chunks from c:\Projects\educatedplanet\admin\src\app\(main)\dashboard\default\_components\schema.ts
[2025-11-25T17:03:47.584Z] [2025-11-25T17:03:47.586Z] [TREESITTER-FULL] [INFO] Extracted 1 symbols from c:\Projects\educatedplanet\admin\src\app\(main)\dashboard\default\_components\schema.ts
[2025-11-25T17:03:47.584Z] [2025-11-25T17:03:47.586Z] [INDEXING-ORCHESTRATOR] [DEBUG] 🔍 Symbol extraction for c:\Projects\educatedplanet\admin\src\app\(main)\dashboard\default\_components\schema.ts: 1 symbols, 1 imports
[2025-11-25T17:03:47.584Z] [2025-11-25T17:03:47.586Z] [INDEXING-ORCHESTRATOR] [DEBUG] 📍 Chunk 1-12: 1 candidate symbols
[2025-11-25T17:03:47.584Z] [2025-11-25T17:03:47.586Z] [INDEXING-ORCHESTRATOR] [DEBUG] ✅ Chunk symbols after filtering: 1 symbols - sectionSchema
[2025-11-25T17:03:47.584Z] [2025-11-25T17:03:47.586Z] [INDEXING-ORCHESTRATOR] [DEBUG] Created 1 semantic chunks for c:\Projects\educatedplanet\admin\src\app\(main)\dashboard\default\_components\schema.ts
[2025-11-25T17:03:47.584Z] [2025-11-25T17:03:47.586Z] [INDEXING-ORCHESTRATOR] [DEBUG] Average chunk size: 228 characters
[2025-11-25T17:03:47.594Z] [2025-11-25T17:03:47.595Z] [TREESITTER-CHUNKER] [INFO] Created 1 semantic chunks from c:\Projects\educatedplanet\admin\src\app\(main)\dashboard\default\_components\data-table.tsx
[2025-11-25T17:03:47.763Z] [2025-11-25T17:03:47.764Z] [TREESITTER-FULL] [INFO] Extracted 1 symbols from c:\Projects\educatedplanet\admin\src\app\(main)\dashboard\default\_components\data-table.tsx
[2025-11-25T17:03:47.763Z] [2025-11-25T17:03:47.764Z] [INDEXING-ORCHESTRATOR] [DEBUG] 🔍 Symbol extraction for c:\Projects\educatedplanet\admin\src\app\(main)\dashboard\default\_components\data-table.tsx: 1 symbols, 15 imports
[2025-11-25T17:03:47.763Z] [2025-11-25T17:03:47.764Z] [INDEXING-ORCHESTRATOR] [DEBUG] 📍 Chunk 23-80: 1 candidate symbols
[2025-11-25T17:03:47.763Z] [2025-11-25T17:03:47.764Z] [INDEXING-ORCHESTRATOR] [DEBUG] ✅ Chunk symbols after filtering: 1 symbols - DataTable
[2025-11-25T17:03:47.763Z] [2025-11-25T17:03:47.765Z] [INDEXING-ORCHESTRATOR] [DEBUG] Created 1 semantic chunks for c:\Projects\educatedplanet\admin\src\app\(main)\dashboard\default\_components\data-table.tsx
[2025-11-25T17:03:47.763Z] [2025-11-25T17:03:47.765Z] [INDEXING-ORCHESTRATOR] [DEBUG] Average chunk size: 2958 characters
[2025-11-25T17:03:47.779Z] [2025-11-25T17:03:47.781Z] [TREESITTER-CHUNKER] [INFO] Created 2 semantic chunks from c:\Projects\educatedplanet\admin\src\app\(main)\dashboard\finance\_components\account-overview.tsx
[2025-11-25T17:03:47.814Z] [2025-11-25T17:03:47.815Z] [TREESITTER-FULL] [INFO] Extracted 2 symbols from c:\Projects\educatedplanet\admin\src\app\(main)\dashboard\finance\_components\account-overview.tsx
[2025-11-25T17:03:47.814Z] [2025-11-25T17:03:47.816Z] [INDEXING-ORCHESTRATOR] [DEBUG] 🔍 Symbol extraction for c:\Projects\educatedplanet\admin\src\app\(main)\dashboard\finance\_components\account-overview.tsx: 2 symbols, 8 imports
[2025-11-25T17:03:47.814Z] [2025-11-25T17:03:47.816Z] [INDEXING-ORCHESTRATOR] [DEBUG] 📍 Chunk 13-26: 1 candidate symbols
[2025-11-25T17:03:47.814Z] [2025-11-25T17:03:47.816Z] [INDEXING-ORCHESTRATOR] [DEBUG] ✅ Chunk symbols after filtering: 1 symbols - ChipSVG
[2025-11-25T17:03:47.814Z] [2025-11-25T17:03:47.816Z] [INDEXING-ORCHESTRATOR] [DEBUG] 📍 Chunk 27-181: 1 candidate symbols
[2025-11-25T17:03:47.814Z] [2025-11-25T17:03:47.816Z] [INDEXING-ORCHESTRATOR] [DEBUG] ✅ Chunk symbols after filtering: 1 symbols - recentPayments
[2025-11-25T17:03:47.814Z] [2025-11-25T17:03:47.816Z] [INDEXING-ORCHESTRATOR] [DEBUG] Created 2 semantic chunks for c:\Projects\educatedplanet\admin\src\app\(main)\dashboard\finance\_components\account-overview.tsx
[2025-11-25T17:03:47.814Z] [2025-11-25T17:03:47.816Z] [INDEXING-ORCHESTRATOR] [DEBUG] Average chunk size: 3503 characters
[2025-11-25T17:03:47.832Z] [2025-11-25T17:03:47.833Z] [TREESITTER-CHUNKER] [INFO] Created 1 semantic chunks from c:\Projects\educatedplanet\admin\src\app\(main)\dashboard\default\_components\section-cards.tsx
[2025-11-25T17:03:47.881Z] [2025-11-25T17:03:47.882Z] [TREESITTER-FULL] [INFO] Extracted 0 symbols from c:\Projects\educatedplanet\admin\src\app\(main)\dashboard\default\_components\section-cards.tsx
[2025-11-25T17:03:47.881Z] [2025-11-25T17:03:47.882Z] [INDEXING-ORCHESTRATOR] [DEBUG] 🔍 Symbol extraction for c:\Projects\educatedplanet\admin\src\app\(main)\dashboard\default\_components\section-cards.tsx: 0 symbols, 5 imports
[2025-11-25T17:03:47.881Z] [2025-11-25T17:03:47.882Z] [INDEXING-ORCHESTRATOR] [DEBUG] 📍 Chunk 1-156: 0 candidate symbols
[2025-11-25T17:03:47.881Z] [2025-11-25T17:03:47.882Z] [INDEXING-ORCHESTRATOR] [DEBUG] ✅ Chunk symbols after filtering: 0 symbols - 
[2025-11-25T17:03:47.881Z] [2025-11-25T17:03:47.882Z] [INDEXING-ORCHESTRATOR] [DEBUG] Created 1 semantic chunks for c:\Projects\educatedplanet\admin\src\app\(main)\dashboard\default\_components\section-cards.tsx
[2025-11-25T17:03:47.881Z] [2025-11-25T17:03:47.882Z] [INDEXING-ORCHESTRATOR] [DEBUG] Average chunk size: 6581 characters
[2025-11-25T17:03:47.882Z] [2025-11-25T17:03:47.883Z] [TREESITTER-CHUNKER] [INFO] Created 1 semantic chunks from c:\Projects\educatedplanet\admin\src\app\(main)\dashboard\default\page.tsx
[2025-11-25T17:03:47.884Z] [2025-11-25T17:03:47.885Z] [TREESITTER-FULL] [INFO] Extracted 1 symbols from c:\Projects\educatedplanet\admin\src\app\(main)\dashboard\default\page.tsx
[2025-11-25T17:03:47.884Z] [2025-11-25T17:03:47.885Z] [INDEXING-ORCHESTRATOR] [DEBUG] 🔍 Symbol extraction for c:\Projects\educatedplanet\admin\src\app\(main)\dashboard\default\page.tsx: 1 symbols, 4 imports
[2025-11-25T17:03:47.884Z] [2025-11-25T17:03:47.885Z] [INDEXING-ORCHESTRATOR] [DEBUG] 📍 Chunk 6-14: 1 candidate symbols
[2025-11-25T17:03:47.884Z] [2025-11-25T17:03:47.885Z] [INDEXING-ORCHESTRATOR] [DEBUG] ✅ Chunk symbols after filtering: 1 symbols - Page
[2025-11-25T17:03:47.884Z] [2025-11-25T17:03:47.885Z] [INDEXING-ORCHESTRATOR] [DEBUG] Created 1 semantic chunks for c:\Projects\educatedplanet\admin\src\app\(main)\dashboard\default\page.tsx
[2025-11-25T17:03:47.884Z] [2025-11-25T17:03:47.885Z] [INDEXING-ORCHESTRATOR] [DEBUG] Average chunk size: 207 characters
[2025-11-25T17:03:47.884Z] [2025-11-25T17:03:47.885Z] [INDEXING-ORCHESTRATOR] [DEBUG] 📊 Processed: 40/302 files
[2025-11-25T17:03:47.910Z] [2025-11-25T17:03:47.911Z] [TREESITTER-CHUNKER] [INFO] Created 1 semantic chunks from c:\Projects\educatedplanet\admin\src\app\(main)\dashboard\finance\_components\expense-summary.tsx
[2025-11-25T17:03:47.930Z] [2025-11-25T17:03:47.932Z] [TREESITTER-FULL] [INFO] Extracted 1 symbols from c:\Projects\educatedplanet\admin\src\app\(main)\dashboard\finance\_components\expense-summary.tsx
[2025-11-25T17:03:47.930Z] [2025-11-25T17:03:47.932Z] [INDEXING-ORCHESTRATOR] [DEBUG] 🔍 Symbol extraction for c:\Projects\educatedplanet\admin\src\app\(main)\dashboard\finance\_components\expense-summary.tsx: 1 symbols, 6 imports
[2025-11-25T17:03:47.930Z] [2025-11-25T17:03:47.932Z] [INDEXING-ORCHESTRATOR] [DEBUG] 📍 Chunk 1-133: 1 candidate symbols
[2025-11-25T17:03:47.930Z] [2025-11-25T17:03:47.932Z] [INDEXING-ORCHESTRATOR] [DEBUG] ✅ Chunk symbols after filtering: 1 symbols - chartData
[2025-11-25T17:03:47.930Z] [2025-11-25T17:03:47.932Z] [INDEXING-ORCHESTRATOR] [DEBUG] Created 1 semantic chunks for c:\Projects\educatedplanet\admin\src\app\(main)\dashboard\finance\_components\expense-summary.tsx
[2025-11-25T17:03:47.930Z] [2025-11-25T17:03:47.932Z] [INDEXING-ORCHESTRATOR] [DEBUG] Average chunk size: 5494 characters
[2025-11-25T17:03:47.943Z] [2025-11-25T17:03:47.944Z] [TREESITTER-CHUNKER] [INFO] Created 1 semantic chunks from c:\Projects\educatedplanet\admin\src\app\(main)\dashboard\finance\_components\financial-overview.tsx
[2025-11-25T17:03:47.971Z] [2025-11-25T17:03:47.972Z] [TREESITTER-FULL] [INFO] Extracted 4 symbols from c:\Projects\educatedplanet\admin\src\app\(main)\dashboard\finance\_components\financial-overview.tsx
[2025-11-25T17:03:47.971Z] [2025-11-25T17:03:47.972Z] [INDEXING-ORCHESTRATOR] [DEBUG] 🔍 Symbol extraction for c:\Projects\educatedplanet\admin\src\app\(main)\dashboard\finance\_components\financial-overview.tsx: 4 symbols, 7 imports
[2025-11-25T17:03:47.971Z] [2025-11-25T17:03:47.972Z] [INDEXING-ORCHESTRATOR] [DEBUG] 📍 Chunk 1-119: 4 candidate symbols
[2025-11-25T17:03:47.971Z] [2025-11-25T17:03:47.972Z] [INDEXING-ORCHESTRATOR] [DEBUG] ✅ Chunk symbols after filtering: 4 symbols - chartData, totalIncome, totalExpenses, totalScheduled
[2025-11-25T17:03:47.971Z] [2025-11-25T17:03:47.972Z] [INDEXING-ORCHESTRATOR] [DEBUG] Created 1 semantic chunks for c:\Projects\educatedplanet\admin\src\app\(main)\dashboard\finance\_components\financial-overview.tsx
[2025-11-25T17:03:47.971Z] [2025-11-25T17:03:47.973Z] [INDEXING-ORCHESTRATOR] [DEBUG] Average chunk size: 5605 characters
[2025-11-25T17:03:47.972Z] [2025-11-25T17:03:47.974Z] [TREESITTER-CHUNKER] [INFO] Created 1 semantic chunks from c:\Projects\educatedplanet\admin\src\app\(main)\dashboard\page.tsx
[2025-11-25T17:03:47.973Z] [2025-11-25T17:03:47.974Z] [TREESITTER-FULL] [INFO] Extracted 1 symbols from c:\Projects\educatedplanet\admin\src\app\(main)\dashboard\page.tsx
[2025-11-25T17:03:47.973Z] [2025-11-25T17:03:47.974Z] [INDEXING-ORCHESTRATOR] [DEBUG] 🔍 Symbol extraction for c:\Projects\educatedplanet\admin\src\app\(main)\dashboard\page.tsx: 1 symbols, 1 imports
[2025-11-25T17:03:47.973Z] [2025-11-25T17:03:47.974Z] [INDEXING-ORCHESTRATOR] [DEBUG] 📍 Chunk 3-9: 1 candidate symbols
[2025-11-25T17:03:47.973Z] [2025-11-25T17:03:47.974Z] [INDEXING-ORCHESTRATOR] [DEBUG] ✅ Chunk symbols after filtering: 1 symbols - Page
[2025-11-25T17:03:47.974Z] [2025-11-25T17:03:47.974Z] [INDEXING-ORCHESTRATOR] [DEBUG] Created 1 semantic chunks for c:\Projects\educatedplanet\admin\src\app\(main)\dashboard\page.tsx
[2025-11-25T17:03:47.974Z] [2025-11-25T17:03:47.975Z] [INDEXING-ORCHESTRATOR] [DEBUG] Average chunk size: 206 characters
[2025-11-25T17:03:47.976Z] [2025-11-25T17:03:47.977Z] [TREESITTER-CHUNKER] [INFO] Created 1 semantic chunks from c:\Projects\educatedplanet\admin\src\app\(main)\dashboard\finance\page.tsx
[2025-11-25T17:03:47.979Z] [2025-11-25T17:03:47.981Z] [TREESITTER-FULL] [INFO] Extracted 1 symbols from c:\Projects\educatedplanet\admin\src\app\(main)\dashboard\finance\page.tsx
[2025-11-25T17:03:47.979Z] [2025-11-25T17:03:47.981Z] [INDEXING-ORCHESTRATOR] [DEBUG] 🔍 Symbol extraction for c:\Projects\educatedplanet\admin\src\app\(main)\dashboard\finance\page.tsx: 1 symbols, 4 imports
[2025-11-25T17:03:47.979Z] [2025-11-25T17:03:47.981Z] [INDEXING-ORCHESTRATOR] [DEBUG] 📍 Chunk 6-24: 1 candidate symbols
[2025-11-25T17:03:47.979Z] [2025-11-25T17:03:47.981Z] [INDEXING-ORCHESTRATOR] [DEBUG] ✅ Chunk symbols after filtering: 1 symbols - Page
[2025-11-25T17:03:47.979Z] [2025-11-25T17:03:47.981Z] [INDEXING-ORCHESTRATOR] [DEBUG] Created 1 semantic chunks for c:\Projects\educatedplanet\admin\src\app\(main)\dashboard\finance\page.tsx
[2025-11-25T17:03:47.979Z] [2025-11-25T17:03:47.981Z] [INDEXING-ORCHESTRATOR] [DEBUG] Average chunk size: 550 characters
[2025-11-25T17:03:47.990Z] [2025-11-25T17:03:47.992Z] [TREESITTER-CHUNKER] [INFO] Created 2 semantic chunks from c:\Projects\educatedplanet\admin\src\app\(main)\dashboard\finance\_components\currency-exchange.tsx
[2025-11-25T17:03:48.006Z] [2025-11-25T17:03:48.008Z] [TREESITTER-FULL] [INFO] Extracted 1 symbols from c:\Projects\educatedplanet\admin\src\app\(main)\dashboard\finance\_components\currency-exchange.tsx
[2025-11-25T17:03:48.006Z] [2025-11-25T17:03:48.008Z] [INDEXING-ORCHESTRATOR] [DEBUG] 🔍 Symbol extraction for c:\Projects\educatedplanet\admin\src\app\(main)\dashboard\finance\_components\currency-exchange.tsx: 1 symbols, 6 imports
[2025-11-25T17:03:48.006Z] [2025-11-25T17:03:48.008Z] [INDEXING-ORCHESTRATOR] [DEBUG] 📍 Chunk 11-25: 1 candidate symbols
[2025-11-25T17:03:48.006Z] [2025-11-25T17:03:48.008Z] [INDEXING-ORCHESTRATOR] [DEBUG] ✅ Chunk symbols after filtering: 1 symbols - CurrencySelector
[2025-11-25T17:03:48.006Z] [2025-11-25T17:03:48.008Z] [INDEXING-ORCHESTRATOR] [DEBUG] 📍 Chunk 26-82: 0 candidate symbols
[2025-11-25T17:03:48.006Z] [2025-11-25T17:03:48.008Z] [INDEXING-ORCHESTRATOR] [DEBUG] ✅ Chunk symbols after filtering: 0 symbols - 
[2025-11-25T17:03:48.006Z] [2025-11-25T17:03:48.008Z] [INDEXING-ORCHESTRATOR] [DEBUG] Created 2 semantic chunks for c:\Projects\educatedplanet\admin\src\app\(main)\dashboard\finance\_components\currency-exchange.tsx
[2025-11-25T17:03:48.006Z] [2025-11-25T17:03:48.008Z] [INDEXING-ORCHESTRATOR] [DEBUG] Average chunk size: 1466 characters
[2025-11-25T17:03:48.035Z] [2025-11-25T17:03:48.036Z] [TREESITTER-CHUNKER] [INFO] Created 1 semantic chunks from c:\Projects\educatedplanet\admin\src\app\(main)\dashboard\subjects\_components\columns.tsx
[2025-11-25T17:03:48.131Z] [2025-11-25T17:03:48.133Z] [TREESITTER-FULL] [INFO] Extracted 9 symbols from c:\Projects\educatedplanet\admin\src\app\(main)\dashboard\subjects\_components\columns.tsx
[2025-11-25T17:03:48.131Z] [2025-11-25T17:03:48.133Z] [INDEXING-ORCHESTRATOR] [DEBUG] 🔍 Symbol extraction for c:\Projects\educatedplanet\admin\src\app\(main)\dashboard\subjects\_components\columns.tsx: 9 symbols, 14 imports
[2025-11-25T17:03:48.131Z] [2025-11-25T17:03:48.133Z] [INDEXING-ORCHESTRATOR] [DEBUG] 📍 Chunk 1-469: 9 candidate symbols
[2025-11-25T17:03:48.131Z] [2025-11-25T17:03:48.133Z] [INDEXING-ORCHESTRATOR] [DEBUG] ✅ Chunk symbols after filtering: 9 symbols - getTypeVariant, getTypeLabel, getStatusVariant, getDifficultyVariant, handleDelete, handleToggleStatus, handleTogglePopular, handleEditClick, handleEditSubmit
[2025-11-25T17:03:48.131Z] [2025-11-25T17:03:48.133Z] [INDEXING-ORCHESTRATOR] [DEBUG] Created 1 semantic chunks for c:\Projects\educatedplanet\admin\src\app\(main)\dashboard\subjects\_components\columns.tsx
[2025-11-25T17:03:48.131Z] [2025-11-25T17:03:48.133Z] [INDEXING-ORCHESTRATOR] [DEBUG] Average chunk size: 15154 characters
[2025-11-25T17:03:48.141Z] [2025-11-25T17:03:48.142Z] [TREESITTER-CHUNKER] [INFO] Created 4 semantic chunks from c:\Projects\educatedplanet\admin\src\app\(main)\dashboard\subjects\_components\schema.ts
[2025-11-25T17:03:48.187Z] [2025-11-25T17:03:48.188Z] [TREESITTER-FULL] [INFO] Extracted 8 symbols from c:\Projects\educatedplanet\admin\src\app\(main)\dashboard\subjects\_components\schema.ts
[2025-11-25T17:03:48.187Z] [2025-11-25T17:03:48.188Z] [INDEXING-ORCHESTRATOR] [DEBUG] 🔍 Symbol extraction for c:\Projects\educatedplanet\admin\src\app\(main)\dashboard\subjects\_components\schema.ts: 8 symbols, 2 imports
[2025-11-25T17:03:48.187Z] [2025-11-25T17:03:48.188Z] [INDEXING-ORCHESTRATOR] [DEBUG] 📍 Chunk 33-33: 1 candidate symbols
[2025-11-25T17:03:48.187Z] [2025-11-25T17:03:48.188Z] [INDEXING-ORCHESTRATOR] [DEBUG] ✅ Chunk symbols after filtering: 1 symbols - SubjectTable
[2025-11-25T17:03:48.187Z] [2025-11-25T17:03:48.188Z] [INDEXING-ORCHESTRATOR] [DEBUG] 📍 Chunk 75-75: 1 candidate symbols
[2025-11-25T17:03:48.187Z] [2025-11-25T17:03:48.188Z] [INDEXING-ORCHESTRATOR] [DEBUG] ✅ Chunk symbols after filtering: 1 symbols - SubjectForm
[2025-11-25T17:03:48.187Z] [2025-11-25T17:03:48.188Z] [INDEXING-ORCHESTRATOR] [DEBUG] 📍 Chunk 91-91: 1 candidate symbols
[2025-11-25T17:03:48.187Z] [2025-11-25T17:03:48.188Z] [INDEXING-ORCHESTRATOR] [DEBUG] ✅ Chunk symbols after filtering: 1 symbols - SubjectSearch
[2025-11-25T17:03:48.187Z] [2025-11-25T17:03:48.188Z] [INDEXING-ORCHESTRATOR] [DEBUG] 📍 Chunk 98-98: 1 candidate symbols
[2025-11-25T17:03:48.187Z] [2025-11-25T17:03:48.188Z] [INDEXING-ORCHESTRATOR] [DEBUG] ✅ Chunk symbols after filtering: 1 symbols - KeywordForm
[2025-11-25T17:03:48.187Z] [2025-11-25T17:03:48.188Z] [INDEXING-ORCHESTRATOR] [DEBUG] Created 4 semantic chunks for c:\Projects\educatedplanet\admin\src\app\(main)\dashboard\subjects\_components\schema.ts
[2025-11-25T17:03:48.187Z] [2025-11-25T17:03:48.188Z] [INDEXING-ORCHESTRATOR] [DEBUG] Average chunk size: 54 characters
[2025-11-25T17:03:48.240Z] [2025-11-25T17:03:48.242Z] [TREESITTER-CHUNKER] [INFO] Created 2 semantic chunks from c:\Projects\educatedplanet\admin\src\app\(main)\dashboard\subjects\_components\subject-modal.tsx
[2025-11-25T17:03:48.447Z] [2025-11-25T17:03:48.449Z] [TREESITTER-FULL] [INFO] Extracted 16 symbols from c:\Projects\educatedplanet\admin\src\app\(main)\dashboard\subjects\_components\subject-modal.tsx
[2025-11-25T17:03:48.447Z] [2025-11-25T17:03:48.449Z] [INDEXING-ORCHESTRATOR] [DEBUG] 🔍 Symbol extraction for c:\Projects\educatedplanet\admin\src\app\(main)\dashboard\subjects\_components\subject-modal.tsx: 16 symbols, 18 imports
[2025-11-25T17:03:48.447Z] [2025-11-25T17:03:48.449Z] [INDEXING-ORCHESTRATOR] [DEBUG] 📍 Chunk 45-51: 1 candidate symbols
[2025-11-25T17:03:48.447Z] [2025-11-25T17:03:48.449Z] [INDEXING-ORCHESTRATOR] [DEBUG] ✅ Chunk symbols after filtering: 1 symbols - SubjectModalProps
[2025-11-25T17:03:48.447Z] [2025-11-25T17:03:48.449Z] [INDEXING-ORCHESTRATOR] [DEBUG] 📍 Chunk 52-687: 15 candidate symbols
[2025-11-25T17:03:48.448Z] [2025-11-25T17:03:48.449Z] [INDEXING-ORCHESTRATOR] [DEBUG] ✅ Chunk symbols after filtering: 15 symbols - form, handleSubmit, handleAddKeyword, handleRemoveKeyword, handleAddTopic, handleRemoveTopic, handleAddSkill, handleRemoveSkill, handleAddCareerPath, handleRemoveCareerPath, handleAddExam, handleRemoveExam, handleAddPrerequisite, handleRemovePrerequisite, handleOpenChange
[2025-11-25T17:03:48.448Z] [2025-11-25T17:03:48.449Z] [INDEXING-ORCHESTRATOR] [DEBUG] Created 2 semantic chunks for c:\Projects\educatedplanet\admin\src\app\(main)\dashboard\subjects\_components\subject-modal.tsx
[2025-11-25T17:03:48.448Z] [2025-11-25T17:03:48.449Z] [INDEXING-ORCHESTRATOR] [DEBUG] Average chunk size: 12166 characters
[2025-11-25T17:03:48.453Z] [2025-11-25T17:03:48.455Z] [TREESITTER-CHUNKER] [INFO] Created 2 semantic chunks from c:\Projects\educatedplanet\admin\src\app\(main)\dashboard\layout.tsx
[2025-11-25T17:03:48.466Z] [2025-11-25T17:03:48.467Z] [TREESITTER-FULL] [INFO] Extracted 1 symbols from c:\Projects\educatedplanet\admin\src\app\(main)\dashboard\layout.tsx
[2025-11-25T17:03:48.466Z] [2025-11-25T17:03:48.468Z] [INDEXING-ORCHESTRATOR] [DEBUG] 🔍 Symbol extraction for c:\Projects\educatedplanet\admin\src\app\(main)\dashboard\layout.tsx: 1 symbols, 13 imports
[2025-11-25T17:03:48.466Z] [2025-11-25T17:03:48.468Z] [INDEXING-ORCHESTRATOR] [DEBUG] 📍 Chunk 53-61: 0 candidate symbols
[2025-11-25T17:03:48.466Z] [2025-11-25T17:03:48.468Z] [INDEXING-ORCHESTRATOR] [DEBUG] ✅ Chunk symbols after filtering: 0 symbols - 
[2025-11-25T17:03:48.466Z] [2025-11-25T17:03:48.468Z] [INDEXING-ORCHESTRATOR] [DEBUG] 📍 Chunk 62-86: 0 candidate symbols
[2025-11-25T17:03:48.466Z] [2025-11-25T17:03:48.468Z] [INDEXING-ORCHESTRATOR] [DEBUG] ✅ Chunk symbols after filtering: 0 symbols - 
[2025-11-25T17:03:48.466Z] [2025-11-25T17:03:48.468Z] [INDEXING-ORCHESTRATOR] [DEBUG] Created 2 semantic chunks for c:\Projects\educatedplanet\admin\src\app\(main)\dashboard\layout.tsx
[2025-11-25T17:03:48.466Z] [2025-11-25T17:03:48.468Z] [INDEXING-ORCHESTRATOR] [DEBUG] Average chunk size: 998 characters
[2025-11-25T17:03:48.490Z] [2025-11-25T17:03:48.492Z] [TREESITTER-CHUNKER] [INFO] Created 2 semantic chunks from c:\Projects\educatedplanet\admin\src\app\(main)\dashboard\subjects\_components\subjects-table.tsx
[2025-11-25T17:03:48.557Z] [2025-11-25T17:03:48.559Z] [TREESITTER-FULL] [INFO] Extracted 6 symbols from c:\Projects\educatedplanet\admin\src\app\(main)\dashboard\subjects\_components\subjects-table.tsx
[2025-11-25T17:03:48.557Z] [2025-11-25T17:03:48.559Z] [INDEXING-ORCHESTRATOR] [DEBUG] 🔍 Symbol extraction for c:\Projects\educatedplanet\admin\src\app\(main)\dashboard\subjects\_components\subjects-table.tsx: 6 symbols, 14 imports
[2025-11-25T17:03:48.557Z] [2025-11-25T17:03:48.559Z] [INDEXING-ORCHESTRATOR] [DEBUG] 📍 Chunk 25-35: 1 candidate symbols
[2025-11-25T17:03:48.557Z] [2025-11-25T17:03:48.559Z] [INDEXING-ORCHESTRATOR] [DEBUG] ✅ Chunk symbols after filtering: 1 symbols - SubjectsResponse
[2025-11-25T17:03:48.557Z] [2025-11-25T17:03:48.559Z] [INDEXING-ORCHESTRATOR] [DEBUG] 📍 Chunk 36-322: 5 candidate symbols
[2025-11-25T17:03:48.557Z] [2025-11-25T17:03:48.559Z] [INDEXING-ORCHESTRATOR] [DEBUG] ✅ Chunk symbols after filtering: 5 symbols - fetchSubjects, handleRefresh, handleExport, handleSubjectSubmit, table
[2025-11-25T17:03:48.557Z] [2025-11-25T17:03:48.559Z] [INDEXING-ORCHESTRATOR] [DEBUG] Created 2 semantic chunks for c:\Projects\educatedplanet\admin\src\app\(main)\dashboard\subjects\_components\subjects-table.tsx
[2025-11-25T17:03:48.557Z] [2025-11-25T17:03:48.559Z] [INDEXING-ORCHESTRATOR] [DEBUG] Average chunk size: 5558 characters
[2025-11-25T17:03:48.557Z] [2025-11-25T17:03:48.559Z] [INDEXING-ORCHESTRATOR] [DEBUG] 📊 Processed: 50/302 files
[2025-11-25T17:03:48.581Z] [2025-11-25T17:03:48.582Z] [TREESITTER-CHUNKER] [INFO] Created 1 semantic chunks from c:\Projects\educatedplanet\admin\src\app\(main)\dashboard\subjects\page.tsx
[2025-11-25T17:03:48.582Z] [2025-11-25T17:03:48.583Z] [TREESITTER-FULL] [INFO] Extracted 1 symbols from c:\Projects\educatedplanet\admin\src\app\(main)\dashboard\subjects\page.tsx
[2025-11-25T17:03:48.582Z] [2025-11-25T17:03:48.583Z] [INDEXING-ORCHESTRATOR] [DEBUG] 🔍 Symbol extraction for c:\Projects\educatedplanet\admin\src\app\(main)\dashboard\subjects\page.tsx: 1 symbols, 2 imports
[2025-11-25T17:03:48.582Z] [2025-11-25T17:03:48.583Z] [INDEXING-ORCHESTRATOR] [DEBUG] 📍 Chunk 4-13: 1 candidate symbols
[2025-11-25T17:03:48.582Z] [2025-11-25T17:03:48.583Z] [INDEXING-ORCHESTRATOR] [DEBUG] ✅ Chunk symbols after filtering: 1 symbols - SubjectsPage
[2025-11-25T17:03:48.582Z] [2025-11-25T17:03:48.583Z] [INDEXING-ORCHESTRATOR] [DEBUG] Created 1 semantic chunks for c:\Projects\educatedplanet\admin\src\app\(main)\dashboard\subjects\page.tsx
[2025-11-25T17:03:48.582Z] [2025-11-25T17:03:48.583Z] [INDEXING-ORCHESTRATOR] [DEBUG] Average chunk size: 210 characters
[2025-11-25T17:03:48.632Z] [2025-11-25T17:03:48.633Z] [TREESITTER-CHUNKER] [INFO] Created 2 semantic chunks from c:\Projects\educatedplanet\admin\src\app\(main)\dashboard\tutors\_components\tutors-table.tsx
[2025-11-25T17:03:48.831Z] [2025-11-25T17:03:48.833Z] [TREESITTER-FULL] [INFO] Extracted 8 symbols from c:\Projects\educatedplanet\admin\src\app\(main)\dashboard\tutors\_components\tutors-table.tsx
[2025-11-25T17:03:48.831Z] [2025-11-25T17:03:48.833Z] [INDEXING-ORCHESTRATOR] [DEBUG] 🔍 Symbol extraction for c:\Projects\educatedplanet\admin\src\app\(main)\dashboard\tutors\_components\tutors-table.tsx: 8 symbols, 15 imports
[2025-11-25T17:03:48.831Z] [2025-11-25T17:03:48.833Z] [INDEXING-ORCHESTRATOR] [DEBUG] 📍 Chunk 583-592: 0 candidate symbols
[2025-11-25T17:03:48.831Z] [2025-11-25T17:03:48.833Z] [INDEXING-ORCHESTRATOR] [DEBUG] ✅ Chunk symbols after filtering: 0 symbols - 
[2025-11-25T17:03:48.831Z] [2025-11-25T17:03:48.833Z] [INDEXING-ORCHESTRATOR] [DEBUG] 📍 Chunk 593-624: 0 candidate symbols
[2025-11-25T17:03:48.831Z] [2025-11-25T17:03:48.833Z] [INDEXING-ORCHESTRATOR] [DEBUG] ✅ Chunk symbols after filtering: 0 symbols - 
[2025-11-25T17:03:48.832Z] [2025-11-25T17:03:48.833Z] [INDEXING-ORCHESTRATOR] [DEBUG] Created 2 semantic chunks for c:\Projects\educatedplanet\admin\src\app\(main)\dashboard\tutors\_components\tutors-table.tsx
[2025-11-25T17:03:48.832Z] [2025-11-25T17:03:48.833Z] [INDEXING-ORCHESTRATOR] [DEBUG] Average chunk size: 729 characters
[2025-11-25T17:03:48.838Z] [2025-11-25T17:03:48.840Z] [TREESITTER-CHUNKER] [WARN] File c:\Projects\educatedplanet\admin\src\app\(main)\dashboard\tutors\_components\tutor-form.tsx (35363 chars) exceeds Tree-sitter limit, using smart pre-chunking
[2025-11-25T17:03:48.838Z] [2025-11-25T17:03:48.840Z] [TREESITTER-CHUNKER] [INFO] Using intelligent TreeSitter range-based parsing for large file: c:\Projects\educatedplanet\admin\src\app\(main)\dashboard\tutors\_components\tutor-form.tsx
[2025-11-25T17:03:48.841Z] [2025-11-25T17:03:48.842Z] [TREESITTER-CHUNKER] [INFO] Created 2 intelligent windows for TreeSitter parsing
[2025-11-25T17:03:48.910Z] [2025-11-25T17:03:48.911Z] [TREESITTER-CHUNKER] [INFO] ✅ Intelligent range-based parsing complete: 1 chunks, 71ms
[2025-11-25T17:03:48.994Z] [2025-11-25T17:03:48.996Z] [TREESITTER-FULL] [INFO] Extracted 23 symbols from c:\Projects\educatedplanet\admin\src\app\(main)\dashboard\tutors\_components\tutor-form.tsx:lines0-500
[2025-11-25T17:03:49.120Z] [2025-11-25T17:03:49.122Z] [TREESITTER-FULL] [INFO] Extracted 0 symbols from c:\Projects\educatedplanet\admin\src\app\(main)\dashboard\tutors\_components\tutor-form.tsx:lines500-900
[2025-11-25T17:03:49.120Z] [2025-11-25T17:03:49.122Z] [INDEXING-ORCHESTRATOR] [DEBUG] 🔍 Symbol extraction for c:\Projects\educatedplanet\admin\src\app\(main)\dashboard\tutors\_components\tutor-form.tsx: 23 symbols, 23 imports
[2025-11-25T17:03:49.120Z] [2025-11-25T17:03:49.122Z] [INDEXING-ORCHESTRATOR] [DEBUG] 📍 Chunk 47-51: 1 candidate symbols
[2025-11-25T17:03:49.120Z] [2025-11-25T17:03:49.122Z] [INDEXING-ORCHESTRATOR] [DEBUG] ✅ Chunk symbols after filtering: 1 symbols - TutorFormProps
[2025-11-25T17:03:49.120Z] [2025-11-25T17:03:49.122Z] [INDEXING-ORCHESTRATOR] [DEBUG] Created 1 semantic chunks for c:\Projects\educatedplanet\admin\src\app\(main)\dashboard\tutors\_components\tutor-form.tsx
[2025-11-25T17:03:49.120Z] [2025-11-25T17:03:49.122Z] [INDEXING-ORCHESTRATOR] [DEBUG] Average chunk size: 121 characters
[2025-11-25T17:03:49.135Z] [2025-11-25T17:03:49.136Z] [TREESITTER-CHUNKER] [INFO] Created 3 semantic chunks from c:\Projects\educatedplanet\admin\src\app\(main)\dashboard\tutors\_components\schema.ts
[2025-11-25T17:03:49.188Z] [2025-11-25T17:03:49.190Z] [TREESITTER-FULL] [INFO] Extracted 7 symbols from c:\Projects\educatedplanet\admin\src\app\(main)\dashboard\tutors\_components\schema.ts
[2025-11-25T17:03:49.188Z] [2025-11-25T17:03:49.190Z] [INDEXING-ORCHESTRATOR] [DEBUG] 🔍 Symbol extraction for c:\Projects\educatedplanet\admin\src\app\(main)\dashboard\tutors\_components\schema.ts: 7 symbols, 2 imports
[2025-11-25T17:03:49.189Z] [2025-11-25T17:03:49.190Z] [INDEXING-ORCHESTRATOR] [DEBUG] 📍 Chunk 37-37: 1 candidate symbols
[2025-11-25T17:03:49.189Z] [2025-11-25T17:03:49.190Z] [INDEXING-ORCHESTRATOR] [DEBUG] ✅ Chunk symbols after filtering: 1 symbols - TutorTable
[2025-11-25T17:03:49.189Z] [2025-11-25T17:03:49.190Z] [INDEXING-ORCHESTRATOR] [DEBUG] 📍 Chunk 174-174: 1 candidate symbols
[2025-11-25T17:03:49.189Z] [2025-11-25T17:03:49.190Z] [INDEXING-ORCHESTRATOR] [DEBUG] ✅ Chunk symbols after filtering: 1 symbols - TutorForm
[2025-11-25T17:03:49.189Z] [2025-11-25T17:03:49.190Z] [INDEXING-ORCHESTRATOR] [DEBUG] 📍 Chunk 190-190: 1 candidate symbols
[2025-11-25T17:03:49.189Z] [2025-11-25T17:03:49.190Z] [INDEXING-ORCHESTRATOR] [DEBUG] ✅ Chunk symbols after filtering: 1 symbols - TutorSearchParams
[2025-11-25T17:03:49.189Z] [2025-11-25T17:03:49.190Z] [INDEXING-ORCHESTRATOR] [DEBUG] Created 3 semantic chunks for c:\Projects\educatedplanet\admin\src\app\(main)\dashboard\tutors\_components\schema.ts
[2025-11-25T17:03:49.189Z] [2025-11-25T17:03:49.190Z] [INDEXING-ORCHESTRATOR] [DEBUG] Average chunk size: 53 characters
[2025-11-25T17:03:49.218Z] [2025-11-25T17:03:49.220Z] [TREESITTER-CHUNKER] [INFO] Created 1 semantic chunks from c:\Projects\educatedplanet\admin\src\app\(main)\dashboard\users\_components\columns.tsx
[2025-11-25T17:03:49.314Z] [2025-11-25T17:03:49.316Z] [TREESITTER-FULL] [INFO] Extracted 6 symbols from c:\Projects\educatedplanet\admin\src\app\(main)\dashboard\users\_components\columns.tsx
[2025-11-25T17:03:49.314Z] [2025-11-25T17:03:49.316Z] [INDEXING-ORCHESTRATOR] [DEBUG] 🔍 Symbol extraction for c:\Projects\educatedplanet\admin\src\app\(main)\dashboard\users\_components\columns.tsx: 6 symbols, 15 imports
[2025-11-25T17:03:49.314Z] [2025-11-25T17:03:49.316Z] [INDEXING-ORCHESTRATOR] [DEBUG] 📍 Chunk 1-383: 6 candidate symbols
[2025-11-25T17:03:49.314Z] [2025-11-25T17:03:49.316Z] [INDEXING-ORCHESTRATOR] [DEBUG] ✅ Chunk symbols after filtering: 6 symbols - getRoleVariant, getRoleLabel, handleDelete, handleEditClick, handleEditSubmit, handleToggleVerification
[2025-11-25T17:03:49.314Z] [2025-11-25T17:03:49.316Z] [INDEXING-ORCHESTRATOR] [DEBUG] Created 1 semantic chunks for c:\Projects\educatedplanet\admin\src\app\(main)\dashboard\users\_components\columns.tsx
[2025-11-25T17:03:49.315Z] [2025-11-25T17:03:49.316Z] [INDEXING-ORCHESTRATOR] [DEBUG] Average chunk size: 12731 characters
[2025-11-25T17:03:49.322Z] [2025-11-25T17:03:49.323Z] [TREESITTER-CHUNKER] [INFO] Created 1 semantic chunks from c:\Projects\educatedplanet\admin\src\app\(main)\dashboard\tutors\add\page.tsx
[2025-11-25T17:03:49.339Z] [2025-11-25T17:03:49.341Z] [TREESITTER-FULL] [INFO] Extracted 1 symbols from c:\Projects\educatedplanet\admin\src\app\(main)\dashboard\tutors\add\page.tsx
[2025-11-25T17:03:49.339Z] [2025-11-25T17:03:49.341Z] [INDEXING-ORCHESTRATOR] [DEBUG] 🔍 Symbol extraction for c:\Projects\educatedplanet\admin\src\app\(main)\dashboard\tutors\add\page.tsx: 1 symbols, 6 imports
[2025-11-25T17:03:49.339Z] [2025-11-25T17:03:49.341Z] [INDEXING-ORCHESTRATOR] [DEBUG] 📍 Chunk 8-40: 1 candidate symbols
[2025-11-25T17:03:49.339Z] [2025-11-25T17:03:49.341Z] [INDEXING-ORCHESTRATOR] [DEBUG] ✅ Chunk symbols after filtering: 1 symbols - AddTutorPage
[2025-11-25T17:03:49.339Z] [2025-11-25T17:03:49.341Z] [INDEXING-ORCHESTRATOR] [DEBUG] Created 1 semantic chunks for c:\Projects\educatedplanet\admin\src\app\(main)\dashboard\tutors\add\page.tsx
[2025-11-25T17:03:49.339Z] [2025-11-25T17:03:49.341Z] [INDEXING-ORCHESTRATOR] [DEBUG] Average chunk size: 1010 characters
[2025-11-25T17:03:49.370Z] [2025-11-25T17:03:49.372Z] [TREESITTER-CHUNKER] [INFO] Created 1 semantic chunks from c:\Projects\educatedplanet\admin\src\app\(main)\dashboard\tutors\_components\columns.tsx
[2025-11-25T17:03:49.498Z] [2025-11-25T17:03:49.499Z] [TREESITTER-FULL] [INFO] Extracted 6 symbols from c:\Projects\educatedplanet\admin\src\app\(main)\dashboard\tutors\_components\columns.tsx
[2025-11-25T17:03:49.498Z] [2025-11-25T17:03:49.499Z] [INDEXING-ORCHESTRATOR] [DEBUG] 🔍 Symbol extraction for c:\Projects\educatedplanet\admin\src\app\(main)\dashboard\tutors\_components\columns.tsx: 6 symbols, 14 imports
[2025-11-25T17:03:49.498Z] [2025-11-25T17:03:49.499Z] [INDEXING-ORCHESTRATOR] [DEBUG] 📍 Chunk 1-419: 6 candidate symbols
[2025-11-25T17:03:49.498Z] [2025-11-25T17:03:49.499Z] [INDEXING-ORCHESTRATOR] [DEBUG] ✅ Chunk symbols after filtering: 6 symbols - getStatusVariant, getStatusIcon, RatingStars, handleStatusChange, handleVerify, handleFeature
[2025-11-25T17:03:49.498Z] [2025-11-25T17:03:49.499Z] [INDEXING-ORCHESTRATOR] [DEBUG] Created 1 semantic chunks for c:\Projects\educatedplanet\admin\src\app\(main)\dashboard\tutors\_components\columns.tsx
[2025-11-25T17:03:49.498Z] [2025-11-25T17:03:49.499Z] [INDEXING-ORCHESTRATOR] [DEBUG] Average chunk size: 14260 characters
[2025-11-25T17:03:49.499Z] [2025-11-25T17:03:49.500Z] [TREESITTER-CHUNKER] [INFO] Created 1 semantic chunks from c:\Projects\educatedplanet\admin\src\app\(main)\dashboard\tutors\page.tsx
[2025-11-25T17:03:49.500Z] [2025-11-25T17:03:49.501Z] [TREESITTER-FULL] [INFO] Extracted 1 symbols from c:\Projects\educatedplanet\admin\src\app\(main)\dashboard\tutors\page.tsx
[2025-11-25T17:03:49.500Z] [2025-11-25T17:03:49.501Z] [INDEXING-ORCHESTRATOR] [DEBUG] 🔍 Symbol extraction for c:\Projects\educatedplanet\admin\src\app\(main)\dashboard\tutors\page.tsx: 1 symbols, 2 imports
[2025-11-25T17:03:49.500Z] [2025-11-25T17:03:49.501Z] [INDEXING-ORCHESTRATOR] [DEBUG] 📍 Chunk 4-13: 1 candidate symbols
[2025-11-25T17:03:49.500Z] [2025-11-25T17:03:49.501Z] [INDEXING-ORCHESTRATOR] [DEBUG] ✅ Chunk symbols after filtering: 1 symbols - TutorsPage
[2025-11-25T17:03:49.500Z] [2025-11-25T17:03:49.501Z] [INDEXING-ORCHESTRATOR] [DEBUG] Created 1 semantic chunks for c:\Projects\educatedplanet\admin\src\app\(main)\dashboard\tutors\page.tsx
[2025-11-25T17:03:49.500Z] [2025-11-25T17:03:49.501Z] [INDEXING-ORCHESTRATOR] [DEBUG] Average chunk size: 206 characters
[2025-11-25T17:03:49.504Z] [2025-11-25T17:03:49.505Z] [TREESITTER-CHUNKER] [INFO] Created 2 semantic chunks from c:\Projects\educatedplanet\admin\src\app\(main)\dashboard\users\_components\schema.ts
[2025-11-25T17:03:49.510Z] [2025-11-25T17:03:49.511Z] [TREESITTER-FULL] [INFO] Extracted 4 symbols from c:\Projects\educatedplanet\admin\src\app\(main)\dashboard\users\_components\schema.ts
[2025-11-25T17:03:49.510Z] [2025-11-25T17:03:49.511Z] [INDEXING-ORCHESTRATOR] [DEBUG] 🔍 Symbol extraction for c:\Projects\educatedplanet\admin\src\app\(main)\dashboard\users\_components\schema.ts: 4 symbols, 1 imports
[2025-11-25T17:03:49.510Z] [2025-11-25T17:03:49.511Z] [INDEXING-ORCHESTRATOR] [DEBUG] 📍 Chunk 15-15: 1 candidate symbols
[2025-11-25T17:03:49.510Z] [2025-11-25T17:03:49.511Z] [INDEXING-ORCHESTRATOR] [DEBUG] ✅ Chunk symbols after filtering: 1 symbols - UserTable
[2025-11-25T17:03:49.510Z] [2025-11-25T17:03:49.511Z] [INDEXING-ORCHESTRATOR] [DEBUG] 📍 Chunk 28-28: 1 candidate symbols
[2025-11-25T17:03:49.510Z] [2025-11-25T17:03:49.511Z] [INDEXING-ORCHESTRATOR] [DEBUG] ✅ Chunk symbols after filtering: 1 symbols - UserForm
[2025-11-25T17:03:49.510Z] [2025-11-25T17:03:49.512Z] [INDEXING-ORCHESTRATOR] [DEBUG] Created 2 semantic chunks for c:\Projects\educatedplanet\admin\src\app\(main)\dashboard\users\_components\schema.ts
[2025-11-25T17:03:49.510Z] [2025-11-25T17:03:49.512Z] [INDEXING-ORCHESTRATOR] [DEBUG] Average chunk size: 48 characters
[2025-11-25T17:03:49.519Z] [2025-11-25T17:03:49.521Z] [TREESITTER-CHUNKER] [INFO] Created 2 semantic chunks from c:\Projects\educatedplanet\admin\src\app\(main)\dashboard\tutors\edit\[tutorId]\page.tsx
[2025-11-25T17:03:49.552Z] [2025-11-25T17:03:49.553Z] [TREESITTER-FULL] [INFO] Extracted 2 symbols from c:\Projects\educatedplanet\admin\src\app\(main)\dashboard\tutors\edit\[tutorId]\page.tsx
[2025-11-25T17:03:49.552Z] [2025-11-25T17:03:49.553Z] [INDEXING-ORCHESTRATOR] [DEBUG] 🔍 Symbol extraction for c:\Projects\educatedplanet\admin\src\app\(main)\dashboard\tutors\edit\[tutorId]\page.tsx: 2 symbols, 7 imports
[2025-11-25T17:03:49.552Z] [2025-11-25T17:03:49.553Z] [INDEXING-ORCHESTRATOR] [DEBUG] 📍 Chunk 10-33: 1 candidate symbols
[2025-11-25T17:03:49.552Z] [2025-11-25T17:03:49.553Z] [INDEXING-ORCHESTRATOR] [DEBUG] ✅ Chunk symbols after filtering: 1 symbols - getTutor
[2025-11-25T17:03:49.552Z] [2025-11-25T17:03:49.553Z] [INDEXING-ORCHESTRATOR] [DEBUG] 📍 Chunk 35-134: 1 candidate symbols
[2025-11-25T17:03:49.552Z] [2025-11-25T17:03:49.553Z] [INDEXING-ORCHESTRATOR] [DEBUG] ✅ Chunk symbols after filtering: 1 symbols - EditTutorPage
[2025-11-25T17:03:49.552Z] [2025-11-25T17:03:49.553Z] [INDEXING-ORCHESTRATOR] [DEBUG] Created 2 semantic chunks for c:\Projects\educatedplanet\admin\src\app\(main)\dashboard\tutors\edit\[tutorId]\page.tsx
[2025-11-25T17:03:49.552Z] [2025-11-25T17:03:49.553Z] [INDEXING-ORCHESTRATOR] [DEBUG] Average chunk size: 2173 characters
[2025-11-25T17:03:49.552Z] [2025-11-25T17:03:49.553Z] [INDEXING-ORCHESTRATOR] [DEBUG] 📊 Processed: 60/302 files
[2025-11-25T17:03:49.602Z] [2025-11-25T17:03:49.604Z] [TREESITTER-CHUNKER] [INFO] Created 2 semantic chunks from c:\Projects\educatedplanet\admin\src\app\(main)\dashboard\users\_components\user-modal.tsx
[2025-11-25T17:03:49.648Z] [2025-11-25T17:03:49.649Z] [TREESITTER-FULL] [INFO] Extracted 6 symbols from c:\Projects\educatedplanet\admin\src\app\(main)\dashboard\users\_components\user-modal.tsx
[2025-11-25T17:03:49.648Z] [2025-11-25T17:03:49.649Z] [INDEXING-ORCHESTRATOR] [DEBUG] 🔍 Symbol extraction for c:\Projects\educatedplanet\admin\src\app\(main)\dashboard\users\_components\user-modal.tsx: 6 symbols, 14 imports
[2025-11-25T17:03:49.648Z] [2025-11-25T17:03:49.649Z] [INDEXING-ORCHESTRATOR] [DEBUG] 📍 Chunk 51-59: 2 candidate symbols
[2025-11-25T17:03:49.648Z] [2025-11-25T17:03:49.649Z] [INDEXING-ORCHESTRATOR] [DEBUG] ✅ Chunk symbols after filtering: 2 symbols - UserFormData, UserModalProps
[2025-11-25T17:03:49.648Z] [2025-11-25T17:03:49.649Z] [INDEXING-ORCHESTRATOR] [DEBUG] 📍 Chunk 60-308: 3 candidate symbols
[2025-11-25T17:03:49.648Z] [2025-11-25T17:03:49.649Z] [INDEXING-ORCHESTRATOR] [DEBUG] ✅ Chunk symbols after filtering: 3 symbols - form, handleSubmit, handleOpenChange
[2025-11-25T17:03:49.648Z] [2025-11-25T17:03:49.649Z] [INDEXING-ORCHESTRATOR] [DEBUG] Created 2 semantic chunks for c:\Projects\educatedplanet\admin\src\app\(main)\dashboard\users\_components\user-modal.tsx
[2025-11-25T17:03:49.648Z] [2025-11-25T17:03:49.649Z] [INDEXING-ORCHESTRATOR] [DEBUG] Average chunk size: 4332 characters
[2025-11-25T17:03:49.676Z] [2025-11-25T17:03:49.677Z] [TREESITTER-CHUNKER] [INFO] Created 2 semantic chunks from c:\Projects\educatedplanet\admin\src\app\(main)\dashboard\users\_components\users-table.tsx
[2025-11-25T17:03:49.739Z] [2025-11-25T17:03:49.740Z] [TREESITTER-FULL] [INFO] Extracted 5 symbols from c:\Projects\educatedplanet\admin\src\app\(main)\dashboard\users\_components\users-table.tsx
[2025-11-25T17:03:49.739Z] [2025-11-25T17:03:49.740Z] [INDEXING-ORCHESTRATOR] [DEBUG] 🔍 Symbol extraction for c:\Projects\educatedplanet\admin\src\app\(main)\dashboard\users\_components\users-table.tsx: 5 symbols, 15 imports
[2025-11-25T17:03:49.739Z] [2025-11-25T17:03:49.740Z] [INDEXING-ORCHESTRATOR] [DEBUG] 📍 Chunk 281-290: 0 candidate symbols
[2025-11-25T17:03:49.739Z] [2025-11-25T17:03:49.740Z] [INDEXING-ORCHESTRATOR] [DEBUG] ✅ Chunk symbols after filtering: 0 symbols - 
[2025-11-25T17:03:49.739Z] [2025-11-25T17:03:49.740Z] [INDEXING-ORCHESTRATOR] [DEBUG] 📍 Chunk 291-322: 0 candidate symbols
[2025-11-25T17:03:49.739Z] [2025-11-25T17:03:49.740Z] [INDEXING-ORCHESTRATOR] [DEBUG] ✅ Chunk symbols after filtering: 0 symbols - 
[2025-11-25T17:03:49.739Z] [2025-11-25T17:03:49.740Z] [INDEXING-ORCHESTRATOR] [DEBUG] Created 2 semantic chunks for c:\Projects\educatedplanet\admin\src\app\(main)\dashboard\users\_components\users-table.tsx
[2025-11-25T17:03:49.739Z] [2025-11-25T17:03:49.740Z] [INDEXING-ORCHESTRATOR] [DEBUG] Average chunk size: 726 characters
[2025-11-25T17:03:49.740Z] [2025-11-25T17:03:49.741Z] [TREESITTER-CHUNKER] [INFO] Created 1 semantic chunks from c:\Projects\educatedplanet\admin\src\app\(main)\dashboard\users\page.tsx
[2025-11-25T17:03:49.741Z] [2025-11-25T17:03:49.742Z] [TREESITTER-FULL] [INFO] Extracted 1 symbols from c:\Projects\educatedplanet\admin\src\app\(main)\dashboard\users\page.tsx
[2025-11-25T17:03:49.741Z] [2025-11-25T17:03:49.742Z] [INDEXING-ORCHESTRATOR] [DEBUG] 🔍 Symbol extraction for c:\Projects\educatedplanet\admin\src\app\(main)\dashboard\users\page.tsx: 1 symbols, 1 imports
[2025-11-25T17:03:49.741Z] [2025-11-25T17:03:49.742Z] [INDEXING-ORCHESTRATOR] [DEBUG] 📍 Chunk 3-9: 1 candidate symbols
[2025-11-25T17:03:49.741Z] [2025-11-25T17:03:49.742Z] [INDEXING-ORCHESTRATOR] [DEBUG] ✅ Chunk symbols after filtering: 1 symbols - UsersPage
[2025-11-25T17:03:49.741Z] [2025-11-25T17:03:49.742Z] [INDEXING-ORCHESTRATOR] [DEBUG] Created 1 semantic chunks for c:\Projects\educatedplanet\admin\src\app\(main)\dashboard\users\page.tsx
[2025-11-25T17:03:49.741Z] [2025-11-25T17:03:49.742Z] [INDEXING-ORCHESTRATOR] [DEBUG] Average chunk size: 120 characters
[2025-11-25T17:03:49.745Z] [2025-11-25T17:03:49.747Z] [TREESITTER-CHUNKER] [INFO] Created 3 semantic chunks from c:\Projects\educatedplanet\admin\src\app\api\admin\tutors\[id]\route.ts
[2025-11-25T17:03:49.757Z] [2025-11-25T17:03:49.758Z] [TREESITTER-FULL] [INFO] Extracted 3 symbols from c:\Projects\educatedplanet\admin\src\app\api\admin\tutors\[id]\route.ts
[2025-11-25T17:03:49.757Z] [2025-11-25T17:03:49.758Z] [INDEXING-ORCHESTRATOR] [DEBUG] 🔍 Symbol extraction for c:\Projects\educatedplanet\admin\src\app\api\admin\tutors\[id]\route.ts: 3 symbols, 3 imports
[2025-11-25T17:03:49.758Z] [2025-11-25T17:03:49.758Z] [INDEXING-ORCHESTRATOR] [DEBUG] 📍 Chunk 6-50: 1 candidate symbols
[2025-11-25T17:03:49.758Z] [2025-11-25T17:03:49.758Z] [INDEXING-ORCHESTRATOR] [DEBUG] ✅ Chunk symbols after filtering: 1 symbols - GET
[2025-11-25T17:03:49.758Z] [2025-11-25T17:03:49.759Z] [INDEXING-ORCHESTRATOR] [DEBUG] 📍 Chunk 53-96: 1 candidate symbols
[2025-11-25T17:03:49.758Z] [2025-11-25T17:03:49.759Z] [INDEXING-ORCHESTRATOR] [DEBUG] ✅ Chunk symbols after filtering: 1 symbols - PUT
[2025-11-25T17:03:49.758Z] [2025-11-25T17:03:49.759Z] [INDEXING-ORCHESTRATOR] [DEBUG] 📍 Chunk 99-135: 1 candidate symbols
[2025-11-25T17:03:49.758Z] [2025-11-25T17:03:49.759Z] [INDEXING-ORCHESTRATOR] [DEBUG] ✅ Chunk symbols after filtering: 1 symbols - DELETE
[2025-11-25T17:03:49.760Z] [2025-11-25T17:03:49.759Z] [INDEXING-ORCHESTRATOR] [DEBUG] Created 3 semantic chunks for c:\Projects\educatedplanet\admin\src\app\api\admin\tutors\[id]\route.ts
[2025-11-25T17:03:49.760Z] [2025-11-25T17:03:49.762Z] [INDEXING-ORCHESTRATOR] [DEBUG] Average chunk size: 937 characters
[2025-11-25T17:03:49.762Z] [2025-11-25T17:03:49.764Z] [TREESITTER-CHUNKER] [INFO] Created 1 semantic chunks from c:\Projects\educatedplanet\admin\src\app\api\admin\tutors\[id]\feature\route.ts
[2025-11-25T17:03:49.766Z] [2025-11-25T17:03:49.768Z] [TREESITTER-FULL] [INFO] Extracted 1 symbols from c:\Projects\educatedplanet\admin\src\app\api\admin\tutors\[id]\feature\route.ts
[2025-11-25T17:03:49.766Z] [2025-11-25T17:03:49.768Z] [INDEXING-ORCHESTRATOR] [DEBUG] 🔍 Symbol extraction for c:\Projects\educatedplanet\admin\src\app\api\admin\tutors\[id]\feature\route.ts: 1 symbols, 3 imports
[2025-11-25T17:03:49.766Z] [2025-11-25T17:03:49.768Z] [INDEXING-ORCHESTRATOR] [DEBUG] 📍 Chunk 6-44: 1 candidate symbols
[2025-11-25T17:03:49.766Z] [2025-11-25T17:03:49.768Z] [INDEXING-ORCHESTRATOR] [DEBUG] ✅ Chunk symbols after filtering: 1 symbols - POST
[2025-11-25T17:03:49.766Z] [2025-11-25T17:03:49.768Z] [INDEXING-ORCHESTRATOR] [DEBUG] Created 1 semantic chunks for c:\Projects\educatedplanet\admin\src\app\api\admin\tutors\[id]\feature\route.ts
[2025-11-25T17:03:49.766Z] [2025-11-25T17:03:49.768Z] [INDEXING-ORCHESTRATOR] [DEBUG] Average chunk size: 984 characters
[2025-11-25T17:03:49.769Z] [2025-11-25T17:03:49.770Z] [TREESITTER-CHUNKER] [INFO] Created 1 semantic chunks from c:\Projects\educatedplanet\admin\src\app\api\admin\tutors\[id]\reject\route.ts
[2025-11-25T17:03:49.775Z] [2025-11-25T17:03:49.777Z] [TREESITTER-FULL] [INFO] Extracted 1 symbols from c:\Projects\educatedplanet\admin\src\app\api\admin\tutors\[id]\reject\route.ts
[2025-11-25T17:03:49.775Z] [2025-11-25T17:03:49.777Z] [INDEXING-ORCHESTRATOR] [DEBUG] 🔍 Symbol extraction for c:\Projects\educatedplanet\admin\src\app\api\admin\tutors\[id]\reject\route.ts: 1 symbols, 3 imports
[2025-11-25T17:03:49.775Z] [2025-11-25T17:03:49.777Z] [INDEXING-ORCHESTRATOR] [DEBUG] 📍 Chunk 6-72: 1 candidate symbols
[2025-11-25T17:03:49.775Z] [2025-11-25T17:03:49.777Z] [INDEXING-ORCHESTRATOR] [DEBUG] ✅ Chunk symbols after filtering: 1 symbols - POST
[2025-11-25T17:03:49.775Z] [2025-11-25T17:03:49.777Z] [INDEXING-ORCHESTRATOR] [DEBUG] Created 1 semantic chunks for c:\Projects\educatedplanet\admin\src\app\api\admin\tutors\[id]\reject\route.ts
[2025-11-25T17:03:49.775Z] [2025-11-25T17:03:49.777Z] [INDEXING-ORCHESTRATOR] [DEBUG] Average chunk size: 1546 characters
[2025-11-25T17:03:49.778Z] [2025-11-25T17:03:49.779Z] [TREESITTER-CHUNKER] [INFO] Created 1 semantic chunks from c:\Projects\educatedplanet\admin\src\app\api\admin\tutors\[id]\verify\route.ts
[2025-11-25T17:03:49.783Z] [2025-11-25T17:03:49.785Z] [TREESITTER-FULL] [INFO] Extracted 1 symbols from c:\Projects\educatedplanet\admin\src\app\api\admin\tutors\[id]\verify\route.ts
[2025-11-25T17:03:49.783Z] [2025-11-25T17:03:49.785Z] [INDEXING-ORCHESTRATOR] [DEBUG] 🔍 Symbol extraction for c:\Projects\educatedplanet\admin\src\app\api\admin\tutors\[id]\verify\route.ts: 1 symbols, 3 imports
[2025-11-25T17:03:49.783Z] [2025-11-25T17:03:49.785Z] [INDEXING-ORCHESTRATOR] [DEBUG] 📍 Chunk 6-60: 1 candidate symbols
[2025-11-25T17:03:49.783Z] [2025-11-25T17:03:49.785Z] [INDEXING-ORCHESTRATOR] [DEBUG] ✅ Chunk symbols after filtering: 1 symbols - POST
[2025-11-25T17:03:49.783Z] [2025-11-25T17:03:49.785Z] [INDEXING-ORCHESTRATOR] [DEBUG] Created 1 semantic chunks for c:\Projects\educatedplanet\admin\src\app\api\admin\tutors\[id]\verify\route.ts
[2025-11-25T17:03:49.783Z] [2025-11-25T17:03:49.785Z] [INDEXING-ORCHESTRATOR] [DEBUG] Average chunk size: 1350 characters
[2025-11-25T17:03:49.786Z] [2025-11-25T17:03:49.788Z] [TREESITTER-CHUNKER] [INFO] Created 1 semantic chunks from c:\Projects\educatedplanet\admin\src\app\(main)\unauthorized\page.tsx
[2025-11-25T17:03:49.794Z] [2025-11-25T17:03:49.795Z] [TREESITTER-FULL] [INFO] Extracted 1 symbols from c:\Projects\educatedplanet\admin\src\app\(main)\unauthorized\page.tsx
[2025-11-25T17:03:49.794Z] [2025-11-25T17:03:49.795Z] [INDEXING-ORCHESTRATOR] [DEBUG] 🔍 Symbol extraction for c:\Projects\educatedplanet\admin\src\app\(main)\unauthorized\page.tsx: 1 symbols, 2 imports
[2025-11-25T17:03:49.794Z] [2025-11-25T17:03:49.795Z] [INDEXING-ORCHESTRATOR] [DEBUG] 📍 Chunk 5-27: 1 candidate symbols
[2025-11-25T17:03:49.794Z] [2025-11-25T17:03:49.795Z] [INDEXING-ORCHESTRATOR] [DEBUG] ✅ Chunk symbols after filtering: 1 symbols - page
[2025-11-25T17:03:49.794Z] [2025-11-25T17:03:49.795Z] [INDEXING-ORCHESTRATOR] [DEBUG] Created 1 semantic chunks for c:\Projects\educatedplanet\admin\src\app\(main)\unauthorized\page.tsx
[2025-11-25T17:03:49.794Z] [2025-11-25T17:03:49.795Z] [INDEXING-ORCHESTRATOR] [DEBUG] Average chunk size: 1043 characters
[2025-11-25T17:03:49.802Z] [2025-11-25T17:03:49.803Z] [TREESITTER-CHUNKER] [INFO] Created 1 semantic chunks from c:\Projects\educatedplanet\admin\src\app\api\admin\tutors\[id]\approve\route.ts
[2025-11-25T17:03:49.810Z] [2025-11-25T17:03:49.811Z] [TREESITTER-FULL] [INFO] Extracted 1 symbols from c:\Projects\educatedplanet\admin\src\app\api\admin\tutors\[id]\approve\route.ts
[2025-11-25T17:03:49.810Z] [2025-11-25T17:03:49.812Z] [INDEXING-ORCHESTRATOR] [DEBUG] 🔍 Symbol extraction for c:\Projects\educatedplanet\admin\src\app\api\admin\tutors\[id]\approve\route.ts: 1 symbols, 3 imports
[2025-11-25T17:03:49.810Z] [2025-11-25T17:03:49.812Z] [INDEXING-ORCHESTRATOR] [DEBUG] 📍 Chunk 6-62: 1 candidate symbols
[2025-11-25T17:03:49.810Z] [2025-11-25T17:03:49.812Z] [INDEXING-ORCHESTRATOR] [DEBUG] ✅ Chunk symbols after filtering: 1 symbols - POST
[2025-11-25T17:03:49.810Z] [2025-11-25T17:03:49.812Z] [INDEXING-ORCHESTRATOR] [DEBUG] Created 1 semantic chunks for c:\Projects\educatedplanet\admin\src\app\api\admin\tutors\[id]\approve\route.ts
[2025-11-25T17:03:49.810Z] [2025-11-25T17:03:49.812Z] [INDEXING-ORCHESTRATOR] [DEBUG] Average chunk size: 1344 characters
[2025-11-25T17:03:49.814Z] [2025-11-25T17:03:49.816Z] [TREESITTER-CHUNKER] [INFO] Created 1 semantic chunks from c:\Projects\educatedplanet\admin\src\app\api\admin\tutors\[id]\suspend\route.ts
[2025-11-25T17:03:49.822Z] [2025-11-25T17:03:49.823Z] [TREESITTER-FULL] [INFO] Extracted 1 symbols from c:\Projects\educatedplanet\admin\src\app\api\admin\tutors\[id]\suspend\route.ts
[2025-11-25T17:03:49.822Z] [2025-11-25T17:03:49.823Z] [INDEXING-ORCHESTRATOR] [DEBUG] 🔍 Symbol extraction for c:\Projects\educatedplanet\admin\src\app\api\admin\tutors\[id]\suspend\route.ts: 1 symbols, 3 imports
[2025-11-25T17:03:49.822Z] [2025-11-25T17:03:49.823Z] [INDEXING-ORCHESTRATOR] [DEBUG] 📍 Chunk 6-72: 1 candidate symbols
[2025-11-25T17:03:49.822Z] [2025-11-25T17:03:49.823Z] [INDEXING-ORCHESTRATOR] [DEBUG] ✅ Chunk symbols after filtering: 1 symbols - POST
[2025-11-25T17:03:49.822Z] [2025-11-25T17:03:49.823Z] [INDEXING-ORCHESTRATOR] [DEBUG] Created 1 semantic chunks for c:\Projects\educatedplanet\admin\src\app\api\admin\tutors\[id]\suspend\route.ts
[2025-11-25T17:03:49.822Z] [2025-11-25T17:03:49.823Z] [INDEXING-ORCHESTRATOR] [DEBUG] Average chunk size: 1554 characters
[2025-11-25T17:03:49.822Z] [2025-11-25T17:03:49.823Z] [INDEXING-ORCHESTRATOR] [DEBUG] 📊 Processed: 70/302 files
[2025-11-25T17:03:49.825Z] [2025-11-25T17:03:49.826Z] [TREESITTER-CHUNKER] [INFO] Created 1 semantic chunks from c:\Projects\educatedplanet\admin\src\app\api\admin\tutors\bulk-approve\route.ts
[2025-11-25T17:03:49.830Z] [2025-11-25T17:03:49.831Z] [TREESITTER-FULL] [INFO] Extracted 1 symbols from c:\Projects\educatedplanet\admin\src\app\api\admin\tutors\bulk-approve\route.ts
[2025-11-25T17:03:49.830Z] [2025-11-25T17:03:49.831Z] [INDEXING-ORCHESTRATOR] [DEBUG] 🔍 Symbol extraction for c:\Projects\educatedplanet\admin\src\app\api\admin\tutors\bulk-approve\route.ts: 1 symbols, 3 imports
[2025-11-25T17:03:49.830Z] [2025-11-25T17:03:49.831Z] [INDEXING-ORCHESTRATOR] [DEBUG] 📍 Chunk 6-58: 1 candidate symbols
[2025-11-25T17:03:49.830Z] [2025-11-25T17:03:49.831Z] [INDEXING-ORCHESTRATOR] [DEBUG] ✅ Chunk symbols after filtering: 1 symbols - POST
[2025-11-25T17:03:49.830Z] [2025-11-25T17:03:49.831Z] [INDEXING-ORCHESTRATOR] [DEBUG] Created 1 semantic chunks for c:\Projects\educatedplanet\admin\src\app\api\admin\tutors\bulk-approve\route.ts
[2025-11-25T17:03:49.830Z] [2025-11-25T17:03:49.831Z] [INDEXING-ORCHESTRATOR] [DEBUG] Average chunk size: 1384 characters
[2025-11-25T17:03:49.832Z] [2025-11-25T17:03:49.834Z] [TREESITTER-CHUNKER] [INFO] Created 1 semantic chunks from c:\Projects\educatedplanet\admin\src\app\api\admin\tutors\bulk-reject\route.ts
[2025-11-25T17:03:49.838Z] [2025-11-25T17:03:49.840Z] [TREESITTER-FULL] [INFO] Extracted 1 symbols from c:\Projects\educatedplanet\admin\src\app\api\admin\tutors\bulk-reject\route.ts
[2025-11-25T17:03:49.838Z] [2025-11-25T17:03:49.840Z] [INDEXING-ORCHESTRATOR] [DEBUG] 🔍 Symbol extraction for c:\Projects\educatedplanet\admin\src\app\api\admin\tutors\bulk-reject\route.ts: 1 symbols, 3 imports
[2025-11-25T17:03:49.838Z] [2025-11-25T17:03:49.840Z] [INDEXING-ORCHESTRATOR] [DEBUG] 📍 Chunk 6-69: 1 candidate symbols
[2025-11-25T17:03:49.838Z] [2025-11-25T17:03:49.840Z] [INDEXING-ORCHESTRATOR] [DEBUG] ✅ Chunk symbols after filtering: 1 symbols - POST
[2025-11-25T17:03:49.838Z] [2025-11-25T17:03:49.840Z] [INDEXING-ORCHESTRATOR] [DEBUG] Created 1 semantic chunks for c:\Projects\educatedplanet\admin\src\app\api\admin\tutors\bulk-reject\route.ts
[2025-11-25T17:03:49.838Z] [2025-11-25T17:03:49.840Z] [INDEXING-ORCHESTRATOR] [DEBUG] Average chunk size: 1602 characters
[2025-11-25T17:03:49.840Z] [2025-11-25T17:03:49.842Z] [TREESITTER-CHUNKER] [INFO] Created 1 semantic chunks from c:\Projects\educatedplanet\admin\src\app\api\admin\tutors\analytics\dashboard\route.ts
[2025-11-25T17:03:49.845Z] [2025-11-25T17:03:49.846Z] [TREESITTER-FULL] [INFO] Extracted 1 symbols from c:\Projects\educatedplanet\admin\src\app\api\admin\tutors\analytics\dashboard\route.ts
[2025-11-25T17:03:49.845Z] [2025-11-25T17:03:49.846Z] [INDEXING-ORCHESTRATOR] [DEBUG] 🔍 Symbol extraction for c:\Projects\educatedplanet\admin\src\app\api\admin\tutors\analytics\dashboard\route.ts: 1 symbols, 2 imports
[2025-11-25T17:03:49.845Z] [2025-11-25T17:03:49.846Z] [INDEXING-ORCHESTRATOR] [DEBUG] 📍 Chunk 5-33: 1 candidate symbols
[2025-11-25T17:03:49.845Z] [2025-11-25T17:03:49.846Z] [INDEXING-ORCHESTRATOR] [DEBUG] ✅ Chunk symbols after filtering: 1 symbols - GET
[2025-11-25T17:03:49.845Z] [2025-11-25T17:03:49.846Z] [INDEXING-ORCHESTRATOR] [DEBUG] Created 1 semantic chunks for c:\Projects\educatedplanet\admin\src\app\api\admin\tutors\analytics\dashboard\route.ts
[2025-11-25T17:03:49.845Z] [2025-11-25T17:03:49.846Z] [INDEXING-ORCHESTRATOR] [DEBUG] Average chunk size: 900 characters
[2025-11-25T17:03:49.849Z] [2025-11-25T17:03:49.850Z] [TREESITTER-CHUNKER] [INFO] Created 1 semantic chunks from c:\Projects\educatedplanet\admin\src\app\api\admin\tutors\pending\route.ts
[2025-11-25T17:03:49.853Z] [2025-11-25T17:03:49.854Z] [TREESITTER-FULL] [INFO] Extracted 1 symbols from c:\Projects\educatedplanet\admin\src\app\api\admin\tutors\pending\route.ts
[2025-11-25T17:03:49.853Z] [2025-11-25T17:03:49.854Z] [INDEXING-ORCHESTRATOR] [DEBUG] 🔍 Symbol extraction for c:\Projects\educatedplanet\admin\src\app\api\admin\tutors\pending\route.ts: 1 symbols, 2 imports
[2025-11-25T17:03:49.853Z] [2025-11-25T17:03:49.854Z] [INDEXING-ORCHESTRATOR] [DEBUG] 📍 Chunk 5-34: 1 candidate symbols
[2025-11-25T17:03:49.853Z] [2025-11-25T17:03:49.854Z] [INDEXING-ORCHESTRATOR] [DEBUG] ✅ Chunk symbols after filtering: 1 symbols - GET
[2025-11-25T17:03:49.853Z] [2025-11-25T17:03:49.854Z] [INDEXING-ORCHESTRATOR] [DEBUG] Created 1 semantic chunks for c:\Projects\educatedplanet\admin\src\app\api\admin\tutors\pending\route.ts
[2025-11-25T17:03:49.853Z] [2025-11-25T17:03:49.854Z] [INDEXING-ORCHESTRATOR] [DEBUG] Average chunk size: 874 characters
[2025-11-25T17:03:49.859Z] [2025-11-25T17:03:49.860Z] [TREESITTER-CHUNKER] [INFO] Created 2 semantic chunks from c:\Projects\educatedplanet\admin\src\app\api\admin\tutors\route.ts
[2025-11-25T17:03:49.877Z] [2025-11-25T17:03:49.878Z] [TREESITTER-FULL] [INFO] Extracted 4 symbols from c:\Projects\educatedplanet\admin\src\app\api\admin\tutors\route.ts
[2025-11-25T17:03:49.877Z] [2025-11-25T17:03:49.878Z] [INDEXING-ORCHESTRATOR] [DEBUG] 🔍 Symbol extraction for c:\Projects\educatedplanet\admin\src\app\api\admin\tutors\route.ts: 4 symbols, 4 imports
[2025-11-25T17:03:49.877Z] [2025-11-25T17:03:49.878Z] [INDEXING-ORCHESTRATOR] [DEBUG] 📍 Chunk 25-53: 1 candidate symbols
[2025-11-25T17:03:49.877Z] [2025-11-25T17:03:49.878Z] [INDEXING-ORCHESTRATOR] [DEBUG] ✅ Chunk symbols after filtering: 1 symbols - GET
[2025-11-25T17:03:49.877Z] [2025-11-25T17:03:49.878Z] [INDEXING-ORCHESTRATOR] [DEBUG] 📍 Chunk 63-121: 1 candidate symbols
[2025-11-25T17:03:49.877Z] [2025-11-25T17:03:49.878Z] [INDEXING-ORCHESTRATOR] [DEBUG] ✅ Chunk symbols after filtering: 1 symbols - PUT
[2025-11-25T17:03:49.877Z] [2025-11-25T17:03:49.878Z] [INDEXING-ORCHESTRATOR] [DEBUG] Created 2 semantic chunks for c:\Projects\educatedplanet\admin\src\app\api\admin\tutors\route.ts
[2025-11-25T17:03:49.877Z] [2025-11-25T17:03:49.878Z] [INDEXING-ORCHESTRATOR] [DEBUG] Average chunk size: 1175 characters
[2025-11-25T17:03:49.881Z] [2025-11-25T17:03:49.882Z] [TREESITTER-CHUNKER] [INFO] Created 1 semantic chunks from c:\Projects\educatedplanet\admin\src\app\api\admin\tutors\export\route.ts
[2025-11-25T17:03:49.896Z] [2025-11-25T17:03:49.897Z] [TREESITTER-FULL] [INFO] Extracted 1 symbols from c:\Projects\educatedplanet\admin\src\app\api\admin\tutors\export\route.ts
[2025-11-25T17:03:49.896Z] [2025-11-25T17:03:49.897Z] [INDEXING-ORCHESTRATOR] [DEBUG] 🔍 Symbol extraction for c:\Projects\educatedplanet\admin\src\app\api\admin\tutors\export\route.ts: 1 symbols, 2 imports
[2025-11-25T17:03:49.896Z] [2025-11-25T17:03:49.897Z] [INDEXING-ORCHESTRATOR] [DEBUG] 📍 Chunk 5-68: 1 candidate symbols
[2025-11-25T17:03:49.896Z] [2025-11-25T17:03:49.897Z] [INDEXING-ORCHESTRATOR] [DEBUG] ✅ Chunk symbols after filtering: 1 symbols - GET
[2025-11-25T17:03:49.896Z] [2025-11-25T17:03:49.897Z] [INDEXING-ORCHESTRATOR] [DEBUG] Created 1 semantic chunks for c:\Projects\educatedplanet\admin\src\app\api\admin\tutors\export\route.ts
[2025-11-25T17:03:49.896Z] [2025-11-25T17:03:49.897Z] [INDEXING-ORCHESTRATOR] [DEBUG] Average chunk size: 2257 characters
[2025-11-25T17:03:49.898Z] [2025-11-25T17:03:49.899Z] [TREESITTER-CHUNKER] [INFO] Created 1 semantic chunks from c:\Projects\educatedplanet\admin\src\app\api\auth\csrf\route.ts
[2025-11-25T17:03:49.901Z] [2025-11-25T17:03:49.903Z] [TREESITTER-FULL] [INFO] Extracted 3 symbols from c:\Projects\educatedplanet\admin\src\app\api\auth\csrf\route.ts
[2025-11-25T17:03:49.901Z] [2025-11-25T17:03:49.903Z] [INDEXING-ORCHESTRATOR] [DEBUG] 🔍 Symbol extraction for c:\Projects\educatedplanet\admin\src\app\api\auth\csrf\route.ts: 3 symbols, 3 imports
[2025-11-25T17:03:49.901Z] [2025-11-25T17:03:49.903Z] [INDEXING-ORCHESTRATOR] [DEBUG] 📍 Chunk 11-42: 1 candidate symbols
[2025-11-25T17:03:49.902Z] [2025-11-25T17:03:49.903Z] [INDEXING-ORCHESTRATOR] [DEBUG] ✅ Chunk symbols after filtering: 1 symbols - GET
[2025-11-25T17:03:49.902Z] [2025-11-25T17:03:49.903Z] [INDEXING-ORCHESTRATOR] [DEBUG] Created 1 semantic chunks for c:\Projects\educatedplanet\admin\src\app\api\auth\csrf\route.ts
[2025-11-25T17:03:49.902Z] [2025-11-25T17:03:49.903Z] [INDEXING-ORCHESTRATOR] [DEBUG] Average chunk size: 908 characters
[2025-11-25T17:03:49.904Z] [2025-11-25T17:03:49.905Z] [TREESITTER-CHUNKER] [INFO] Created 1 semantic chunks from c:\Projects\educatedplanet\admin\src\app\api\auth\get-session\route.ts
[2025-11-25T17:03:49.908Z] [2025-11-25T17:03:49.910Z] [TREESITTER-FULL] [INFO] Extracted 3 symbols from c:\Projects\educatedplanet\admin\src\app\api\auth\get-session\route.ts
[2025-11-25T17:03:49.908Z] [2025-11-25T17:03:49.910Z] [INDEXING-ORCHESTRATOR] [DEBUG] 🔍 Symbol extraction for c:\Projects\educatedplanet\admin\src\app\api\auth\get-session\route.ts: 3 symbols, 2 imports
[2025-11-25T17:03:49.908Z] [2025-11-25T17:03:49.910Z] [INDEXING-ORCHESTRATOR] [DEBUG] 📍 Chunk 8-40: 1 candidate symbols
[2025-11-25T17:03:49.908Z] [2025-11-25T17:03:49.910Z] [INDEXING-ORCHESTRATOR] [DEBUG] ✅ Chunk symbols after filtering: 1 symbols - GET
[2025-11-25T17:03:49.908Z] [2025-11-25T17:03:49.910Z] [INDEXING-ORCHESTRATOR] [DEBUG] Created 1 semantic chunks for c:\Projects\educatedplanet\admin\src\app\api\auth\get-session\route.ts
[2025-11-25T17:03:49.908Z] [2025-11-25T17:03:49.910Z] [INDEXING-ORCHESTRATOR] [DEBUG] Average chunk size: 1040 characters
[2025-11-25T17:03:49.910Z] [2025-11-25T17:03:49.911Z] [TREESITTER-CHUNKER] [INFO] Created 1 semantic chunks from c:\Projects\educatedplanet\admin\src\app\api\auth\public-key\route.ts
[2025-11-25T17:03:49.912Z] [2025-11-25T17:03:49.913Z] [TREESITTER-FULL] [INFO] Extracted 1 symbols from c:\Projects\educatedplanet\admin\src\app\api\auth\public-key\route.ts
[2025-11-25T17:03:49.912Z] [2025-11-25T17:03:49.913Z] [INDEXING-ORCHESTRATOR] [DEBUG] 🔍 Symbol extraction for c:\Projects\educatedplanet\admin\src\app\api\auth\public-key\route.ts: 1 symbols, 2 imports
[2025-11-25T17:03:49.912Z] [2025-11-25T17:03:49.913Z] [INDEXING-ORCHESTRATOR] [DEBUG] 📍 Chunk 7-32: 1 candidate symbols
[2025-11-25T17:03:49.912Z] [2025-11-25T17:03:49.913Z] [INDEXING-ORCHESTRATOR] [DEBUG] ✅ Chunk symbols after filtering: 1 symbols - GET
[2025-11-25T17:03:49.912Z] [2025-11-25T17:03:49.913Z] [INDEXING-ORCHESTRATOR] [DEBUG] Created 1 semantic chunks for c:\Projects\educatedplanet\admin\src\app\api\auth\public-key\route.ts
[2025-11-25T17:03:49.912Z] [2025-11-25T17:03:49.913Z] [INDEXING-ORCHESTRATOR] [DEBUG] Average chunk size: 642 characters
[2025-11-25T17:03:49.916Z] [2025-11-25T17:03:49.918Z] [TREESITTER-CHUNKER] [INFO] Created 1 semantic chunks from c:\Projects\educatedplanet\admin\src\app\api\auth\sign-in\email\route.ts
[2025-11-25T17:03:49.928Z] [2025-11-25T17:03:49.930Z] [TREESITTER-FULL] [INFO] Extracted 4 symbols from c:\Projects\educatedplanet\admin\src\app\api\auth\sign-in\email\route.ts
[2025-11-25T17:03:49.928Z] [2025-11-25T17:03:49.930Z] [INDEXING-ORCHESTRATOR] [DEBUG] 🔍 Symbol extraction for c:\Projects\educatedplanet\admin\src\app\api\auth\sign-in\email\route.ts: 4 symbols, 4 imports
[2025-11-25T17:03:49.928Z] [2025-11-25T17:03:49.930Z] [INDEXING-ORCHESTRATOR] [DEBUG] 📍 Chunk 16-102: 1 candidate symbols
[2025-11-25T17:03:49.928Z] [2025-11-25T17:03:49.930Z] [INDEXING-ORCHESTRATOR] [DEBUG] ✅ Chunk symbols after filtering: 1 symbols - POST
[2025-11-25T17:03:49.928Z] [2025-11-25T17:03:49.930Z] [INDEXING-ORCHESTRATOR] [DEBUG] Created 1 semantic chunks for c:\Projects\educatedplanet\admin\src\app\api\auth\sign-in\email\route.ts
[2025-11-25T17:03:49.928Z] [2025-11-25T17:03:49.930Z] [INDEXING-ORCHESTRATOR] [DEBUG] Average chunk size: 2631 characters
[2025-11-25T17:03:49.928Z] [2025-11-25T17:03:49.930Z] [INDEXING-ORCHESTRATOR] [DEBUG] 📊 Processed: 80/302 files
[2025-11-25T17:03:49.942Z] [2025-11-25T17:03:49.943Z] [TREESITTER-CHUNKER] [INFO] Created 3 semantic chunks from c:\Projects\educatedplanet\admin\src\app\api\classes\[id]\route.ts
[2025-11-25T17:03:49.962Z] [2025-11-25T17:03:49.964Z] [TREESITTER-FULL] [INFO] Extracted 4 symbols from c:\Projects\educatedplanet\admin\src\app\api\classes\[id]\route.ts
[2025-11-25T17:03:49.962Z] [2025-11-25T17:03:49.964Z] [INDEXING-ORCHESTRATOR] [DEBUG] 🔍 Symbol extraction for c:\Projects\educatedplanet\admin\src\app\api\classes\[id]\route.ts: 4 symbols, 4 imports
[2025-11-25T17:03:49.962Z] [2025-11-25T17:03:49.964Z] [INDEXING-ORCHESTRATOR] [DEBUG] 📍 Chunk 12-73: 2 candidate symbols
[2025-11-25T17:03:49.962Z] [2025-11-25T17:03:49.964Z] [INDEXING-ORCHESTRATOR] [DEBUG] ✅ Chunk symbols after filtering: 2 symbols - RouteParams, GET
[2025-11-25T17:03:49.962Z] [2025-11-25T17:03:49.964Z] [INDEXING-ORCHESTRATOR] [DEBUG] 📍 Chunk 76-158: 1 candidate symbols
[2025-11-25T17:03:49.962Z] [2025-11-25T17:03:49.964Z] [INDEXING-ORCHESTRATOR] [DEBUG] ✅ Chunk symbols after filtering: 1 symbols - PUT
[2025-11-25T17:03:49.963Z] [2025-11-25T17:03:49.964Z] [INDEXING-ORCHESTRATOR] [DEBUG] 📍 Chunk 161-229: 1 candidate symbols
[2025-11-25T17:03:49.963Z] [2025-11-25T17:03:49.964Z] [INDEXING-ORCHESTRATOR] [DEBUG] ✅ Chunk symbols after filtering: 1 symbols - DELETE
[2025-11-25T17:03:49.963Z] [2025-11-25T17:03:49.964Z] [INDEXING-ORCHESTRATOR] [DEBUG] Created 3 semantic chunks for c:\Projects\educatedplanet\admin\src\app\api\classes\[id]\route.ts
[2025-11-25T17:03:49.963Z] [2025-11-25T17:03:49.964Z] [INDEXING-ORCHESTRATOR] [DEBUG] Average chunk size: 1802 characters
[2025-11-25T17:03:49.963Z] [2025-11-25T17:03:49.965Z] [TREESITTER-CHUNKER] [INFO] Created 1 semantic chunks from c:\Projects\educatedplanet\admin\src\app\api\auth\test\route.ts
[2025-11-25T17:03:49.964Z] [2025-11-25T17:03:49.966Z] [TREESITTER-FULL] [INFO] Extracted 1 symbols from c:\Projects\educatedplanet\admin\src\app\api\auth\test\route.ts
[2025-11-25T17:03:49.964Z] [2025-11-25T17:03:49.966Z] [INDEXING-ORCHESTRATOR] [DEBUG] 🔍 Symbol extraction for c:\Projects\educatedplanet\admin\src\app\api\auth\test\route.ts: 1 symbols, 1 imports
[2025-11-25T17:03:49.964Z] [2025-11-25T17:03:49.966Z] [INDEXING-ORCHESTRATOR] [DEBUG] 📍 Chunk 3-6: 1 candidate symbols
[2025-11-25T17:03:49.964Z] [2025-11-25T17:03:49.966Z] [INDEXING-ORCHESTRATOR] [DEBUG] ✅ Chunk symbols after filtering: 1 symbols - GET
[2025-11-25T17:03:49.964Z] [2025-11-25T17:03:49.966Z] [INDEXING-ORCHESTRATOR] [DEBUG] Created 1 semantic chunks for c:\Projects\educatedplanet\admin\src\app\api\auth\test\route.ts
[2025-11-25T17:03:49.964Z] [2025-11-25T17:03:49.966Z] [INDEXING-ORCHESTRATOR] [DEBUG] Average chunk size: 173 characters
[2025-11-25T17:03:49.969Z] [2025-11-25T17:03:49.971Z] [TREESITTER-CHUNKER] [INFO] Created 3 semantic chunks from c:\Projects\educatedplanet\admin\src\app\api\classes\[id]\subclasses\route.ts
[2025-11-25T17:03:49.982Z] [2025-11-25T17:03:49.983Z] [TREESITTER-FULL] [INFO] Extracted 3 symbols from c:\Projects\educatedplanet\admin\src\app\api\classes\[id]\subclasses\route.ts
[2025-11-25T17:03:49.982Z] [2025-11-25T17:03:49.983Z] [INDEXING-ORCHESTRATOR] [DEBUG] 🔍 Symbol extraction for c:\Projects\educatedplanet\admin\src\app\api\classes\[id]\subclasses\route.ts: 3 symbols, 3 imports
[2025-11-25T17:03:49.982Z] [2025-11-25T17:03:49.983Z] [INDEXING-ORCHESTRATOR] [DEBUG] 📍 Chunk 11-13: 1 candidate symbols
[2025-11-25T17:03:49.982Z] [2025-11-25T17:03:49.983Z] [INDEXING-ORCHESTRATOR] [DEBUG] ✅ Chunk symbols after filtering: 1 symbols - RouteParams
[2025-11-25T17:03:49.982Z] [2025-11-25T17:03:49.983Z] [INDEXING-ORCHESTRATOR] [DEBUG] 📍 Chunk 16-88: 1 candidate symbols
[2025-11-25T17:03:49.982Z] [2025-11-25T17:03:49.983Z] [INDEXING-ORCHESTRATOR] [DEBUG] ✅ Chunk symbols after filtering: 1 symbols - POST
[2025-11-25T17:03:49.982Z] [2025-11-25T17:03:49.984Z] [INDEXING-ORCHESTRATOR] [DEBUG] 📍 Chunk 91-151: 1 candidate symbols
[2025-11-25T17:03:49.982Z] [2025-11-25T17:03:49.984Z] [INDEXING-ORCHESTRATOR] [DEBUG] ✅ Chunk symbols after filtering: 1 symbols - DELETE
[2025-11-25T17:03:49.982Z] [2025-11-25T17:03:49.984Z] [INDEXING-ORCHESTRATOR] [DEBUG] Created 3 semantic chunks for c:\Projects\educatedplanet\admin\src\app\api\classes\[id]\subclasses\route.ts
[2025-11-25T17:03:49.982Z] [2025-11-25T17:03:49.984Z] [INDEXING-ORCHESTRATOR] [DEBUG] Average chunk size: 1112 characters
[2025-11-25T17:03:49.984Z] [2025-11-25T17:03:49.985Z] [TREESITTER-CHUNKER] [INFO] Created 1 semantic chunks from c:\Projects\educatedplanet\admin\src\app\api\auth\sign-out\route.ts
[2025-11-25T17:03:49.986Z] [2025-11-25T17:03:49.988Z] [TREESITTER-FULL] [INFO] Extracted 3 symbols from c:\Projects\educatedplanet\admin\src\app\api\auth\sign-out\route.ts
[2025-11-25T17:03:49.986Z] [2025-11-25T17:03:49.988Z] [INDEXING-ORCHESTRATOR] [DEBUG] 🔍 Symbol extraction for c:\Projects\educatedplanet\admin\src\app\api\auth\sign-out\route.ts: 3 symbols, 2 imports
[2025-11-25T17:03:49.986Z] [2025-11-25T17:03:49.988Z] [INDEXING-ORCHESTRATOR] [DEBUG] 📍 Chunk 8-30: 1 candidate symbols
[2025-11-25T17:03:49.986Z] [2025-11-25T17:03:49.988Z] [INDEXING-ORCHESTRATOR] [DEBUG] ✅ Chunk symbols after filtering: 1 symbols - POST
[2025-11-25T17:03:49.986Z] [2025-11-25T17:03:49.988Z] [INDEXING-ORCHESTRATOR] [DEBUG] Created 1 semantic chunks for c:\Projects\educatedplanet\admin\src\app\api\auth\sign-out\route.ts
[2025-11-25T17:03:49.986Z] [2025-11-25T17:03:49.988Z] [INDEXING-ORCHESTRATOR] [DEBUG] Average chunk size: 583 characters
[2025-11-25T17:03:49.996Z] [2025-11-25T17:03:49.998Z] [TREESITTER-CHUNKER] [INFO] Created 2 semantic chunks from c:\Projects\educatedplanet\admin\src\app\api\classes\route.ts
[2025-11-25T17:03:50.015Z] [2025-11-25T17:03:50.016Z] [TREESITTER-FULL] [INFO] Extracted 2 symbols from c:\Projects\educatedplanet\admin\src\app\api\classes\route.ts
[2025-11-25T17:03:50.015Z] [2025-11-25T17:03:50.016Z] [INDEXING-ORCHESTRATOR] [DEBUG] 🔍 Symbol extraction for c:\Projects\educatedplanet\admin\src\app\api\classes\route.ts: 2 symbols, 4 imports
[2025-11-25T17:03:50.015Z] [2025-11-25T17:03:50.016Z] [INDEXING-ORCHESTRATOR] [DEBUG] 📍 Chunk 13-70: 1 candidate symbols
[2025-11-25T17:03:50.015Z] [2025-11-25T17:03:50.016Z] [INDEXING-ORCHESTRATOR] [DEBUG] ✅ Chunk symbols after filtering: 1 symbols - GET
[2025-11-25T17:03:50.015Z] [2025-11-25T17:03:50.016Z] [INDEXING-ORCHESTRATOR] [DEBUG] 📍 Chunk 73-143: 1 candidate symbols
[2025-11-25T17:03:50.015Z] [2025-11-25T17:03:50.016Z] [INDEXING-ORCHESTRATOR] [DEBUG] ✅ Chunk symbols after filtering: 1 symbols - POST
[2025-11-25T17:03:50.015Z] [2025-11-25T17:03:50.016Z] [INDEXING-ORCHESTRATOR] [DEBUG] Created 2 semantic chunks for c:\Projects\educatedplanet\admin\src\app\api\classes\route.ts
[2025-11-25T17:03:50.015Z] [2025-11-25T17:03:50.016Z] [INDEXING-ORCHESTRATOR] [DEBUG] Average chunk size: 1941 characters
[2025-11-25T17:03:50.020Z] [2025-11-25T17:03:50.021Z] [TREESITTER-CHUNKER] [INFO] Created 2 semantic chunks from c:\Projects\educatedplanet\admin\src\app\api\dashboard\route.ts
[2025-11-25T17:03:50.035Z] [2025-11-25T17:03:50.037Z] [TREESITTER-FULL] [INFO] Extracted 2 symbols from c:\Projects\educatedplanet\admin\src\app\api\dashboard\route.ts
[2025-11-25T17:03:50.035Z] [2025-11-25T17:03:50.037Z] [INDEXING-ORCHESTRATOR] [DEBUG] 🔍 Symbol extraction for c:\Projects\educatedplanet\admin\src\app\api\dashboard\route.ts: 2 symbols, 2 imports
[2025-11-25T17:03:50.035Z] [2025-11-25T17:03:50.037Z] [INDEXING-ORCHESTRATOR] [DEBUG] 📍 Chunk 10-17: 1 candidate symbols
[2025-11-25T17:03:50.035Z] [2025-11-25T17:03:50.037Z] [INDEXING-ORCHESTRATOR] [DEBUG] ✅ Chunk symbols after filtering: 1 symbols - DashboardActivity
[2025-11-25T17:03:50.035Z] [2025-11-25T17:03:50.037Z] [INDEXING-ORCHESTRATOR] [DEBUG] 📍 Chunk 20-102: 1 candidate symbols
[2025-11-25T17:03:50.035Z] [2025-11-25T17:03:50.037Z] [INDEXING-ORCHESTRATOR] [DEBUG] ✅ Chunk symbols after filtering: 1 symbols - GET
[2025-11-25T17:03:50.035Z] [2025-11-25T17:03:50.037Z] [INDEXING-ORCHESTRATOR] [DEBUG] Created 2 semantic chunks for c:\Projects\educatedplanet\admin\src\app\api\dashboard\route.ts
[2025-11-25T17:03:50.036Z] [2025-11-25T17:03:50.037Z] [INDEXING-ORCHESTRATOR] [DEBUG] Average chunk size: 1368 characters
[2025-11-25T17:03:50.042Z] [2025-11-25T17:03:50.044Z] [TREESITTER-CHUNKER] [INFO] Created 2 semantic chunks from c:\Projects\educatedplanet\admin\src\app\api\tutors\route.ts
[2025-11-25T17:03:50.061Z] [2025-11-25T17:03:50.063Z] [TREESITTER-FULL] [INFO] Extracted 2 symbols from c:\Projects\educatedplanet\admin\src\app\api\tutors\route.ts
[2025-11-25T17:03:50.061Z] [2025-11-25T17:03:50.063Z] [INDEXING-ORCHESTRATOR] [DEBUG] 🔍 Symbol extraction for c:\Projects\educatedplanet\admin\src\app\api\tutors\route.ts: 2 symbols, 3 imports
[2025-11-25T17:03:50.061Z] [2025-11-25T17:03:50.063Z] [INDEXING-ORCHESTRATOR] [DEBUG] 📍 Chunk 11-54: 1 candidate symbols
[2025-11-25T17:03:50.061Z] [2025-11-25T17:03:50.063Z] [INDEXING-ORCHESTRATOR] [DEBUG] ✅ Chunk symbols after filtering: 1 symbols - GET
[2025-11-25T17:03:50.061Z] [2025-11-25T17:03:50.063Z] [INDEXING-ORCHESTRATOR] [DEBUG] 📍 Chunk 57-98: 1 candidate symbols
[2025-11-25T17:03:50.061Z] [2025-11-25T17:03:50.063Z] [INDEXING-ORCHESTRATOR] [DEBUG] ✅ Chunk symbols after filtering: 1 symbols - POST
[2025-11-25T17:03:50.061Z] [2025-11-25T17:03:50.063Z] [INDEXING-ORCHESTRATOR] [DEBUG] Created 2 semantic chunks for c:\Projects\educatedplanet\admin\src\app\api\tutors\route.ts
[2025-11-25T17:03:50.061Z] [2025-11-25T17:03:50.063Z] [INDEXING-ORCHESTRATOR] [DEBUG] Average chunk size: 1642 characters
[2025-11-25T17:03:50.070Z] [2025-11-25T17:03:50.071Z] [TREESITTER-CHUNKER] [INFO] Created 3 semantic chunks from c:\Projects\educatedplanet\admin\src\app\api\subjects\[id]\route.ts
[2025-11-25T17:03:50.093Z] [2025-11-25T17:03:50.094Z] [TREESITTER-FULL] [INFO] Extracted 4 symbols from c:\Projects\educatedplanet\admin\src\app\api\subjects\[id]\route.ts
[2025-11-25T17:03:50.093Z] [2025-11-25T17:03:50.094Z] [INDEXING-ORCHESTRATOR] [DEBUG] 🔍 Symbol extraction for c:\Projects\educatedplanet\admin\src\app\api\subjects\[id]\route.ts: 4 symbols, 4 imports
[2025-11-25T17:03:50.093Z] [2025-11-25T17:03:50.094Z] [INDEXING-ORCHESTRATOR] [DEBUG] 📍 Chunk 12-73: 2 candidate symbols
[2025-11-25T17:03:50.093Z] [2025-11-25T17:03:50.094Z] [INDEXING-ORCHESTRATOR] [DEBUG] ✅ Chunk symbols after filtering: 2 symbols - RouteParams, GET
[2025-11-25T17:03:50.093Z] [2025-11-25T17:03:50.094Z] [INDEXING-ORCHESTRATOR] [DEBUG] 📍 Chunk 76-159: 1 candidate symbols
[2025-11-25T17:03:50.093Z] [2025-11-25T17:03:50.094Z] [INDEXING-ORCHESTRATOR] [DEBUG] ✅ Chunk symbols after filtering: 1 symbols - PUT
[2025-11-25T17:03:50.093Z] [2025-11-25T17:03:50.094Z] [INDEXING-ORCHESTRATOR] [DEBUG] 📍 Chunk 162-230: 1 candidate symbols
[2025-11-25T17:03:50.093Z] [2025-11-25T17:03:50.094Z] [INDEXING-ORCHESTRATOR] [DEBUG] ✅ Chunk symbols after filtering: 1 symbols - DELETE
[2025-11-25T17:03:50.093Z] [2025-11-25T17:03:50.094Z] [INDEXING-ORCHESTRATOR] [DEBUG] Created 3 semantic chunks for c:\Projects\educatedplanet\admin\src\app\api\subjects\[id]\route.ts
[2025-11-25T17:03:50.093Z] [2025-11-25T17:03:50.094Z] [INDEXING-ORCHESTRATOR] [DEBUG] Average chunk size: 1849 characters
[2025-11-25T17:03:50.105Z] [2025-11-25T17:03:50.107Z] [TREESITTER-CHUNKER] [INFO] Created 2 semantic chunks from c:\Projects\educatedplanet\admin\src\app\api\subjects\route.ts
[2025-11-25T17:03:50.126Z] [2025-11-25T17:03:50.128Z] [TREESITTER-FULL] [INFO] Extracted 2 symbols from c:\Projects\educatedplanet\admin\src\app\api\subjects\route.ts
[2025-11-25T17:03:50.126Z] [2025-11-25T17:03:50.128Z] [INDEXING-ORCHESTRATOR] [DEBUG] 🔍 Symbol extraction for c:\Projects\educatedplanet\admin\src\app\api\subjects\route.ts: 2 symbols, 4 imports
[2025-11-25T17:03:50.126Z] [2025-11-25T17:03:50.128Z] [INDEXING-ORCHESTRATOR] [DEBUG] 📍 Chunk 13-71: 1 candidate symbols
[2025-11-25T17:03:50.126Z] [2025-11-25T17:03:50.128Z] [INDEXING-ORCHESTRATOR] [DEBUG] ✅ Chunk symbols after filtering: 1 symbols - GET
[2025-11-25T17:03:50.126Z] [2025-11-25T17:03:50.128Z] [INDEXING-ORCHESTRATOR] [DEBUG] 📍 Chunk 74-146: 1 candidate symbols
[2025-11-25T17:03:50.126Z] [2025-11-25T17:03:50.128Z] [INDEXING-ORCHESTRATOR] [DEBUG] ✅ Chunk symbols after filtering: 1 symbols - POST
[2025-11-25T17:03:50.126Z] [2025-11-25T17:03:50.128Z] [INDEXING-ORCHESTRATOR] [DEBUG] Created 2 semantic chunks for c:\Projects\educatedplanet\admin\src\app\api\subjects\route.ts
[2025-11-25T17:03:50.126Z] [2025-11-25T17:03:50.128Z] [INDEXING-ORCHESTRATOR] [DEBUG] Average chunk size: 2111 characters
[2025-11-25T17:03:50.131Z] [2025-11-25T17:03:50.132Z] [TREESITTER-CHUNKER] [INFO] Created 3 semantic chunks from c:\Projects\educatedplanet\admin\src\app\api\users\[id]\route.ts
[2025-11-25T17:03:50.142Z] [2025-11-25T17:03:50.144Z] [TREESITTER-FULL] [INFO] Extracted 4 symbols from c:\Projects\educatedplanet\admin\src\app\api\users\[id]\route.ts
[2025-11-25T17:03:50.142Z] [2025-11-25T17:03:50.144Z] [INDEXING-ORCHESTRATOR] [DEBUG] 🔍 Symbol extraction for c:\Projects\educatedplanet\admin\src\app\api\users\[id]\route.ts: 4 symbols, 2 imports
[2025-11-25T17:03:50.142Z] [2025-11-25T17:03:50.144Z] [INDEXING-ORCHESTRATOR] [DEBUG] 📍 Chunk 9-46: 2 candidate symbols
[2025-11-25T17:03:50.142Z] [2025-11-25T17:03:50.144Z] [INDEXING-ORCHESTRATOR] [DEBUG] ✅ Chunk symbols after filtering: 2 symbols - RouteParams, GET
[2025-11-25T17:03:50.142Z] [2025-11-25T17:03:50.144Z] [INDEXING-ORCHESTRATOR] [DEBUG] 📍 Chunk 49-93: 1 candidate symbols
[2025-11-25T17:03:50.142Z] [2025-11-25T17:03:50.144Z] [INDEXING-ORCHESTRATOR] [DEBUG] ✅ Chunk symbols after filtering: 1 symbols - PUT
[2025-11-25T17:03:50.142Z] [2025-11-25T17:03:50.144Z] [INDEXING-ORCHESTRATOR] [DEBUG] 📍 Chunk 96-125: 1 candidate symbols
[2025-11-25T17:03:50.142Z] [2025-11-25T17:03:50.144Z] [INDEXING-ORCHESTRATOR] [DEBUG] ✅ Chunk symbols after filtering: 1 symbols - DELETE
[2025-11-25T17:03:50.142Z] [2025-11-25T17:03:50.144Z] [INDEXING-ORCHESTRATOR] [DEBUG] Created 3 semantic chunks for c:\Projects\educatedplanet\admin\src\app\api\users\[id]\route.ts
[2025-11-25T17:03:50.142Z] [2025-11-25T17:03:50.144Z] [INDEXING-ORCHESTRATOR] [DEBUG] Average chunk size: 985 characters
[2025-11-25T17:03:50.142Z] [2025-11-25T17:03:50.144Z] [INDEXING-ORCHESTRATOR] [DEBUG] 📊 Processed: 90/302 files
[2025-11-25T17:03:50.154Z] [2025-11-25T17:03:50.155Z] [TREESITTER-CHUNKER] [INFO] Created 2 semantic chunks from c:\Projects\educatedplanet\admin\src\app\page.tsx
[2025-11-25T17:03:50.167Z] [2025-11-25T17:03:50.169Z] [TREESITTER-FULL] [INFO] Extracted 1 symbols from c:\Projects\educatedplanet\admin\src\app\page.tsx
[2025-11-25T17:03:50.167Z] [2025-11-25T17:03:50.169Z] [INDEXING-ORCHESTRATOR] [DEBUG] 🔍 Symbol extraction for c:\Projects\educatedplanet\admin\src\app\page.tsx: 1 symbols, 16 imports
[2025-11-25T17:03:50.167Z] [2025-11-25T17:03:50.169Z] [INDEXING-ORCHESTRATOR] [DEBUG] 📍 Chunk 55-63: 0 candidate symbols
[2025-11-25T17:03:50.168Z] [2025-11-25T17:03:50.169Z] [INDEXING-ORCHESTRATOR] [DEBUG] ✅ Chunk symbols after filtering: 0 symbols - 
[2025-11-25T17:03:50.168Z] [2025-11-25T17:03:50.169Z] [INDEXING-ORCHESTRATOR] [DEBUG] 📍 Chunk 64-104: 0 candidate symbols
[2025-11-25T17:03:50.168Z] [2025-11-25T17:03:50.169Z] [INDEXING-ORCHESTRATOR] [DEBUG] ✅ Chunk symbols after filtering: 0 symbols - 
[2025-11-25T17:03:50.168Z] [2025-11-25T17:03:50.169Z] [INDEXING-ORCHESTRATOR] [DEBUG] Created 2 semantic chunks for c:\Projects\educatedplanet\admin\src\app\page.tsx
[2025-11-25T17:03:50.168Z] [2025-11-25T17:03:50.169Z] [INDEXING-ORCHESTRATOR] [DEBUG] Average chunk size: 1099 characters
[2025-11-25T17:03:50.169Z] [2025-11-25T17:03:50.171Z] [TREESITTER-CHUNKER] [INFO] Created 1 semantic chunks from c:\Projects\educatedplanet\admin\src\app\not-found.tsx
[2025-11-25T17:03:50.174Z] [2025-11-25T17:03:50.176Z] [TREESITTER-FULL] [INFO] Extracted 1 symbols from c:\Projects\educatedplanet\admin\src\app\not-found.tsx
[2025-11-25T17:03:50.174Z] [2025-11-25T17:03:50.176Z] [INDEXING-ORCHESTRATOR] [DEBUG] 🔍 Symbol extraction for c:\Projects\educatedplanet\admin\src\app\not-found.tsx: 1 symbols, 2 imports
[2025-11-25T17:03:50.174Z] [2025-11-25T17:03:50.176Z] [INDEXING-ORCHESTRATOR] [DEBUG] 📍 Chunk 7-17: 1 candidate symbols
[2025-11-25T17:03:50.174Z] [2025-11-25T17:03:50.176Z] [INDEXING-ORCHESTRATOR] [DEBUG] ✅ Chunk symbols after filtering: 1 symbols - NotFound
[2025-11-25T17:03:50.174Z] [2025-11-25T17:03:50.176Z] [INDEXING-ORCHESTRATOR] [DEBUG] Created 1 semantic chunks for c:\Projects\educatedplanet\admin\src\app\not-found.tsx
[2025-11-25T17:03:50.175Z] [2025-11-25T17:03:50.176Z] [INDEXING-ORCHESTRATOR] [DEBUG] Average chunk size: 431 characters
[2025-11-25T17:03:50.179Z] [2025-11-25T17:03:50.180Z] [TREESITTER-CHUNKER] [INFO] Created 1 semantic chunks from c:\Projects\educatedplanet\admin\src\app\layout.tsx
[2025-11-25T17:03:50.184Z] [2025-11-25T17:03:50.186Z] [TREESITTER-FULL] [INFO] Extracted 2 symbols from c:\Projects\educatedplanet\admin\src\app\layout.tsx
[2025-11-25T17:03:50.184Z] [2025-11-25T17:03:50.186Z] [INDEXING-ORCHESTRATOR] [DEBUG] 🔍 Symbol extraction for c:\Projects\educatedplanet\admin\src\app\layout.tsx: 2 symbols, 12 imports
[2025-11-25T17:03:50.184Z] [2025-11-25T17:03:50.186Z] [INDEXING-ORCHESTRATOR] [DEBUG] 📍 Chunk 24-60: 1 candidate symbols
[2025-11-25T17:03:50.184Z] [2025-11-25T17:03:50.186Z] [INDEXING-ORCHESTRATOR] [DEBUG] ✅ Chunk symbols after filtering: 1 symbols - RootLayout
[2025-11-25T17:03:50.184Z] [2025-11-25T17:03:50.186Z] [INDEXING-ORCHESTRATOR] [DEBUG] Created 1 semantic chunks for c:\Projects\educatedplanet\admin\src\app\layout.tsx
[2025-11-25T17:03:50.185Z] [2025-11-25T17:03:50.186Z] [INDEXING-ORCHESTRATOR] [DEBUG] Average chunk size: 1275 characters
[2025-11-25T17:03:50.190Z] [2025-11-25T17:03:50.192Z] [TREESITTER-CHUNKER] [INFO] Created 2 semantic chunks from c:\Projects\educatedplanet\admin\src\components\data-table\data-table-column-header.tsx
[2025-11-25T17:03:50.199Z] [2025-11-25T17:03:50.200Z] [TREESITTER-FULL] [INFO] Extracted 2 symbols from c:\Projects\educatedplanet\admin\src\components\data-table\data-table-column-header.tsx
[2025-11-25T17:03:50.199Z] [2025-11-25T17:03:50.200Z] [INDEXING-ORCHESTRATOR] [DEBUG] 🔍 Symbol extraction for c:\Projects\educatedplanet\admin\src\components\data-table\data-table-column-header.tsx: 2 symbols, 5 imports
[2025-11-25T17:03:50.199Z] [2025-11-25T17:03:50.200Z] [INDEXING-ORCHESTRATOR] [DEBUG] 📍 Chunk 14-28: 2 candidate symbols
[2025-11-25T17:03:50.199Z] [2025-11-25T17:03:50.201Z] [INDEXING-ORCHESTRATOR] [DEBUG] ✅ Chunk symbols after filtering: 2 symbols - DataTableColumnHeaderProps, getSortIcon
[2025-11-25T17:03:50.199Z] [2025-11-25T17:03:50.201Z] [INDEXING-ORCHESTRATOR] [DEBUG] 📍 Chunk 29-70: 0 candidate symbols
[2025-11-25T17:03:50.199Z] [2025-11-25T17:03:50.201Z] [INDEXING-ORCHESTRATOR] [DEBUG] ✅ Chunk symbols after filtering: 0 symbols - 
[2025-11-25T17:03:50.199Z] [2025-11-25T17:03:50.201Z] [INDEXING-ORCHESTRATOR] [DEBUG] Created 2 semantic chunks for c:\Projects\educatedplanet\admin\src\components\data-table\data-table-column-header.tsx
[2025-11-25T17:03:50.199Z] [2025-11-25T17:03:50.201Z] [INDEXING-ORCHESTRATOR] [DEBUG] Average chunk size: 934 characters
[2025-11-25T17:03:50.203Z] [2025-11-25T17:03:50.204Z] [TREESITTER-CHUNKER] [INFO] Created 2 semantic chunks from c:\Projects\educatedplanet\admin\src\components\data-table\data-table-view-options.tsx
[2025-11-25T17:03:50.208Z] [2025-11-25T17:03:50.210Z] [TREESITTER-FULL] [INFO] Extracted 1 symbols from c:\Projects\educatedplanet\admin\src\components\data-table\data-table-view-options.tsx
[2025-11-25T17:03:50.208Z] [2025-11-25T17:03:50.210Z] [INDEXING-ORCHESTRATOR] [DEBUG] 🔍 Symbol extraction for c:\Projects\educatedplanet\admin\src\components\data-table\data-table-view-options.tsx: 1 symbols, 4 imports
[2025-11-25T17:03:50.208Z] [2025-11-25T17:03:50.210Z] [INDEXING-ORCHESTRATOR] [DEBUG] 📍 Chunk 16-18: 1 candidate symbols
[2025-11-25T17:03:50.208Z] [2025-11-25T17:03:50.210Z] [INDEXING-ORCHESTRATOR] [DEBUG] ✅ Chunk symbols after filtering: 1 symbols - DataTableViewOptionsProps
[2025-11-25T17:03:50.209Z] [2025-11-25T17:03:50.210Z] [INDEXING-ORCHESTRATOR] [DEBUG] 📍 Chunk 19-51: 0 candidate symbols
[2025-11-25T17:03:50.209Z] [2025-11-25T17:03:50.210Z] [INDEXING-ORCHESTRATOR] [DEBUG] ✅ Chunk symbols after filtering: 0 symbols - 
[2025-11-25T17:03:50.209Z] [2025-11-25T17:03:50.210Z] [INDEXING-ORCHESTRATOR] [DEBUG] Created 2 semantic chunks for c:\Projects\educatedplanet\admin\src\components\data-table\data-table-view-options.tsx
[2025-11-25T17:03:50.209Z] [2025-11-25T17:03:50.210Z] [INDEXING-ORCHESTRATOR] [DEBUG] Average chunk size: 590 characters
[2025-11-25T17:03:50.213Z] [2025-11-25T17:03:50.215Z] [TREESITTER-CHUNKER] [INFO] Created 2 semantic chunks from c:\Projects\educatedplanet\admin\src\app\api\users\route.ts
[2025-11-25T17:03:50.229Z] [2025-11-25T17:03:50.231Z] [TREESITTER-FULL] [INFO] Extracted 2 symbols from c:\Projects\educatedplanet\admin\src\app\api\users\route.ts
[2025-11-25T17:03:50.229Z] [2025-11-25T17:03:50.231Z] [INDEXING-ORCHESTRATOR] [DEBUG] 🔍 Symbol extraction for c:\Projects\educatedplanet\admin\src\app\api\users\route.ts: 2 symbols, 3 imports
[2025-11-25T17:03:50.229Z] [2025-11-25T17:03:50.231Z] [INDEXING-ORCHESTRATOR] [DEBUG] 📍 Chunk 11-49: 1 candidate symbols
[2025-11-25T17:03:50.229Z] [2025-11-25T17:03:50.231Z] [INDEXING-ORCHESTRATOR] [DEBUG] ✅ Chunk symbols after filtering: 1 symbols - GET
[2025-11-25T17:03:50.229Z] [2025-11-25T17:03:50.231Z] [INDEXING-ORCHESTRATOR] [DEBUG] 📍 Chunk 52-94: 1 candidate symbols
[2025-11-25T17:03:50.229Z] [2025-11-25T17:03:50.231Z] [INDEXING-ORCHESTRATOR] [DEBUG] ✅ Chunk symbols after filtering: 1 symbols - POST
[2025-11-25T17:03:50.229Z] [2025-11-25T17:03:50.231Z] [INDEXING-ORCHESTRATOR] [DEBUG] Created 2 semantic chunks for c:\Projects\educatedplanet\admin\src\app\api\users\route.ts
[2025-11-25T17:03:50.229Z] [2025-11-25T17:03:50.231Z] [INDEXING-ORCHESTRATOR] [DEBUG] Average chunk size: 1421 characters
[2025-11-25T17:03:50.246Z] [2025-11-25T17:03:50.248Z] [TREESITTER-CHUNKER] [INFO] Created 2 semantic chunks from c:\Projects\educatedplanet\admin\src\components\data-table\data-table-pagination.tsx
[2025-11-25T17:03:50.267Z] [2025-11-25T17:03:50.269Z] [TREESITTER-FULL] [INFO] Extracted 1 symbols from c:\Projects\educatedplanet\admin\src\components\data-table\data-table-pagination.tsx
[2025-11-25T17:03:50.267Z] [2025-11-25T17:03:50.269Z] [INDEXING-ORCHESTRATOR] [DEBUG] 🔍 Symbol extraction for c:\Projects\educatedplanet\admin\src\components\data-table\data-table-pagination.tsx: 1 symbols, 5 imports
[2025-11-25T17:03:50.267Z] [2025-11-25T17:03:50.269Z] [INDEXING-ORCHESTRATOR] [DEBUG] 📍 Chunk 8-10: 1 candidate symbols
[2025-11-25T17:03:50.267Z] [2025-11-25T17:03:50.269Z] [INDEXING-ORCHESTRATOR] [DEBUG] ✅ Chunk symbols after filtering: 1 symbols - DataTablePaginationProps
[2025-11-25T17:03:50.267Z] [2025-11-25T17:03:50.269Z] [INDEXING-ORCHESTRATOR] [DEBUG] 📍 Chunk 11-89: 0 candidate symbols
[2025-11-25T17:03:50.267Z] [2025-11-25T17:03:50.269Z] [INDEXING-ORCHESTRATOR] [DEBUG] ✅ Chunk symbols after filtering: 0 symbols - 
[2025-11-25T17:03:50.267Z] [2025-11-25T17:03:50.269Z] [INDEXING-ORCHESTRATOR] [DEBUG] Created 2 semantic chunks for c:\Projects\educatedplanet\admin\src\components\data-table\data-table-pagination.tsx
[2025-11-25T17:03:50.267Z] [2025-11-25T17:03:50.269Z] [INDEXING-ORCHESTRATOR] [DEBUG] Average chunk size: 1533 characters
[2025-11-25T17:03:50.270Z] [2025-11-25T17:03:50.271Z] [TREESITTER-CHUNKER] [INFO] Created 2 semantic chunks from c:\Projects\educatedplanet\admin\src\components\data-table\drag-column.tsx
[2025-11-25T17:03:50.276Z] [2025-11-25T17:03:50.277Z] [TREESITTER-FULL] [INFO] Extracted 2 symbols from c:\Projects\educatedplanet\admin\src\components\data-table\drag-column.tsx
[2025-11-25T17:03:50.276Z] [2025-11-25T17:03:50.277Z] [INDEXING-ORCHESTRATOR] [DEBUG] 🔍 Symbol extraction for c:\Projects\educatedplanet\admin\src\components\data-table\drag-column.tsx: 2 symbols, 4 imports
[2025-11-25T17:03:50.276Z] [2025-11-25T17:03:50.277Z] [INDEXING-ORCHESTRATOR] [DEBUG] 📍 Chunk 7-24: 1 candidate symbols
[2025-11-25T17:03:50.276Z] [2025-11-25T17:03:50.277Z] [INDEXING-ORCHESTRATOR] [DEBUG] ✅ Chunk symbols after filtering: 1 symbols - DragHandle
[2025-11-25T17:03:50.276Z] [2025-11-25T17:03:50.277Z] [INDEXING-ORCHESTRATOR] [DEBUG] 📍 Chunk 25-33: 1 candidate symbols
[2025-11-25T17:03:50.276Z] [2025-11-25T17:03:50.277Z] [INDEXING-ORCHESTRATOR] [DEBUG] ✅ Chunk symbols after filtering: 1 symbols - dragColumn
[2025-11-25T17:03:50.276Z] [2025-11-25T17:03:50.277Z] [INDEXING-ORCHESTRATOR] [DEBUG] Created 2 semantic chunks for c:\Projects\educatedplanet\admin\src\components\data-table\drag-column.tsx
[2025-11-25T17:03:50.276Z] [2025-11-25T17:03:50.277Z] [INDEXING-ORCHESTRATOR] [DEBUG] Average chunk size: 320 characters
[2025-11-25T17:03:50.289Z] [2025-11-25T17:03:50.291Z] [TREESITTER-CHUNKER] [INFO] Created 3 semantic chunks from c:\Projects\educatedplanet\admin\src\components\data-table\data-table.tsx
[2025-11-25T17:03:50.311Z] [2025-11-25T17:03:50.312Z] [TREESITTER-FULL] [INFO] Extracted 5 symbols from c:\Projects\educatedplanet\admin\src\components\data-table\data-table.tsx
[2025-11-25T17:03:50.311Z] [2025-11-25T17:03:50.312Z] [INDEXING-ORCHESTRATOR] [DEBUG] 🔍 Symbol extraction for c:\Projects\educatedplanet\admin\src\components\data-table\data-table.tsx: 5 symbols, 7 imports
[2025-11-25T17:03:50.311Z] [2025-11-25T17:03:50.312Z] [INDEXING-ORCHESTRATOR] [DEBUG] 📍 Chunk 22-27: 1 candidate symbols
[2025-11-25T17:03:50.311Z] [2025-11-25T17:03:50.312Z] [INDEXING-ORCHESTRATOR] [DEBUG] ✅ Chunk symbols after filtering: 1 symbols - DataTableProps
[2025-11-25T17:03:50.311Z] [2025-11-25T17:03:50.312Z] [INDEXING-ORCHESTRATOR] [DEBUG] 📍 Chunk 77-87: 1 candidate symbols
[2025-11-25T17:03:50.311Z] [2025-11-25T17:03:50.312Z] [INDEXING-ORCHESTRATOR] [DEBUG] ✅ Chunk symbols after filtering: 1 symbols - handleDragEnd
[2025-11-25T17:03:50.311Z] [2025-11-25T17:03:50.312Z] [INDEXING-ORCHESTRATOR] [DEBUG] 📍 Chunk 88-126: 0 candidate symbols
[2025-11-25T17:03:50.311Z] [2025-11-25T17:03:50.312Z] [INDEXING-ORCHESTRATOR] [DEBUG] ✅ Chunk symbols after filtering: 0 symbols - 
[2025-11-25T17:03:50.311Z] [2025-11-25T17:03:50.312Z] [INDEXING-ORCHESTRATOR] [DEBUG] Created 3 semantic chunks for c:\Projects\educatedplanet\admin\src\components\data-table\data-table.tsx
[2025-11-25T17:03:50.311Z] [2025-11-25T17:03:50.312Z] [INDEXING-ORCHESTRATOR] [DEBUG] Average chunk size: 565 characters
[2025-11-25T17:03:50.315Z] [2025-11-25T17:03:50.316Z] [TREESITTER-CHUNKER] [INFO] Created 1 semantic chunks from c:\Projects\educatedplanet\admin\src\components\data-table\draggable-row.tsx
[2025-11-25T17:03:50.322Z] [2025-11-25T17:03:50.324Z] [TREESITTER-FULL] [INFO] Extracted 0 symbols from c:\Projects\educatedplanet\admin\src\components\data-table\draggable-row.tsx
[2025-11-25T17:03:50.322Z] [2025-11-25T17:03:50.324Z] [INDEXING-ORCHESTRATOR] [DEBUG] 🔍 Symbol extraction for c:\Projects\educatedplanet\admin\src\components\data-table\draggable-row.tsx: 0 symbols, 4 imports
[2025-11-25T17:03:50.322Z] [2025-11-25T17:03:50.324Z] [INDEXING-ORCHESTRATOR] [DEBUG] 📍 Chunk 1-28: 0 candidate symbols
[2025-11-25T17:03:50.323Z] [2025-11-25T17:03:50.324Z] [INDEXING-ORCHESTRATOR] [DEBUG] ✅ Chunk symbols after filtering: 0 symbols - 
[2025-11-25T17:03:50.323Z] [2025-11-25T17:03:50.324Z] [INDEXING-ORCHESTRATOR] [DEBUG] Created 1 semantic chunks for c:\Projects\educatedplanet\admin\src\components\data-table\draggable-row.tsx
[2025-11-25T17:03:50.323Z] [2025-11-25T17:03:50.324Z] [INDEXING-ORCHESTRATOR] [DEBUG] Average chunk size: 951 characters
[2025-11-25T17:03:50.323Z] [2025-11-25T17:03:50.324Z] [INDEXING-ORCHESTRATOR] [DEBUG] 📊 Processed: 100/302 files
[2025-11-25T17:03:50.335Z] [2025-11-25T17:03:50.336Z] [TREESITTER-CHUNKER] [INFO] Created 2 semantic chunks from c:\Projects\educatedplanet\admin\src\components\providers\global-loading-provider.tsx
[2025-11-25T17:03:50.350Z] [2025-11-25T17:03:50.351Z] [TREESITTER-FULL] [INFO] Extracted 5 symbols from c:\Projects\educatedplanet\admin\src\components\providers\global-loading-provider.tsx
[2025-11-25T17:03:50.350Z] [2025-11-25T17:03:50.351Z] [INDEXING-ORCHESTRATOR] [DEBUG] 🔍 Symbol extraction for c:\Projects\educatedplanet\admin\src\components\providers\global-loading-provider.tsx: 5 symbols, 4 imports
[2025-11-25T17:03:50.350Z] [2025-11-25T17:03:50.351Z] [INDEXING-ORCHESTRATOR] [DEBUG] 📍 Chunk 8-26: 4 candidate symbols
[2025-11-25T17:03:50.350Z] [2025-11-25T17:03:50.351Z] [INDEXING-ORCHESTRATOR] [DEBUG] ✅ Chunk symbols after filtering: 4 symbols - LoadingContextType, LoadingContext, useLoading, LoadingProviderProps
[2025-11-25T17:03:50.350Z] [2025-11-25T17:03:50.351Z] [INDEXING-ORCHESTRATOR] [DEBUG] 📍 Chunk 28-151: 1 candidate symbols
[2025-11-25T17:03:50.350Z] [2025-11-25T17:03:50.351Z] [INDEXING-ORCHESTRATOR] [DEBUG] ✅ Chunk symbols after filtering: 1 symbols - LoadingProvider
[2025-11-25T17:03:50.350Z] [2025-11-25T17:03:50.351Z] [INDEXING-ORCHESTRATOR] [DEBUG] Created 2 semantic chunks for c:\Projects\educatedplanet\admin\src\components\providers\global-loading-provider.tsx
[2025-11-25T17:03:50.350Z] [2025-11-25T17:03:50.351Z] [INDEXING-ORCHESTRATOR] [DEBUG] Average chunk size: 1915 characters
[2025-11-25T17:03:50.372Z] [2025-11-25T17:03:50.374Z] [TREESITTER-CHUNKER] [INFO] Created 2 semantic chunks from c:\Projects\educatedplanet\admin\src\components\forms\SubjectSection.tsx
[2025-11-25T17:03:50.444Z] [2025-11-25T17:03:50.445Z] [TREESITTER-FULL] [INFO] Extracted 7 symbols from c:\Projects\educatedplanet\admin\src\components\forms\SubjectSection.tsx
[2025-11-25T17:03:50.444Z] [2025-11-25T17:03:50.445Z] [INDEXING-ORCHESTRATOR] [DEBUG] 🔍 Symbol extraction for c:\Projects\educatedplanet\admin\src\components\forms\SubjectSection.tsx: 7 symbols, 13 imports
[2025-11-25T17:03:50.444Z] [2025-11-25T17:03:50.445Z] [INDEXING-ORCHESTRATOR] [DEBUG] 📍 Chunk 33-43: 1 candidate symbols
[2025-11-25T17:03:50.444Z] [2025-11-25T17:03:50.445Z] [INDEXING-ORCHESTRATOR] [DEBUG] ✅ Chunk symbols after filtering: 1 symbols - SubjectSectionProps
[2025-11-25T17:03:50.444Z] [2025-11-25T17:03:50.446Z] [INDEXING-ORCHESTRATOR] [DEBUG] 📍 Chunk 44-325: 6 candidate symbols
[2025-11-25T17:03:50.444Z] [2025-11-25T17:03:50.446Z] [INDEXING-ORCHESTRATOR] [DEBUG] ✅ Chunk symbols after filtering: 6 symbols - filteredSubjects, selectedSubject, handleSubjectSelect, handleClassToggle, handleAcademicToggle, removeClass
[2025-11-25T17:03:50.444Z] [2025-11-25T17:03:50.446Z] [INDEXING-ORCHESTRATOR] [DEBUG] Created 2 semantic chunks for c:\Projects\educatedplanet\admin\src\components\forms\SubjectSection.tsx
[2025-11-25T17:03:50.444Z] [2025-11-25T17:03:50.446Z] [INDEXING-ORCHESTRATOR] [DEBUG] Average chunk size: 5082 characters
[2025-11-25T17:03:50.445Z] [2025-11-25T17:03:50.446Z] [TREESITTER-CHUNKER] [INFO] Created 1 semantic chunks from c:\Projects\educatedplanet\admin\src\components\data-table\table-utils.ts
[2025-11-25T17:03:50.446Z] [2025-11-25T17:03:50.447Z] [TREESITTER-FULL] [INFO] Extracted 1 symbols from c:\Projects\educatedplanet\admin\src\components\data-table\table-utils.ts
[2025-11-25T17:03:50.446Z] [2025-11-25T17:03:50.447Z] [INDEXING-ORCHESTRATOR] [DEBUG] 🔍 Symbol extraction for c:\Projects\educatedplanet\admin\src\components\data-table\table-utils.ts: 1 symbols, 2 imports
[2025-11-25T17:03:50.446Z] [2025-11-25T17:03:50.447Z] [INDEXING-ORCHESTRATOR] [DEBUG] 📍 Chunk 5-7: 1 candidate symbols
[2025-11-25T17:03:50.446Z] [2025-11-25T17:03:50.447Z] [INDEXING-ORCHESTRATOR] [DEBUG] ✅ Chunk symbols after filtering: 1 symbols - withDndColumn
[2025-11-25T17:03:50.446Z] [2025-11-25T17:03:50.447Z] [INDEXING-ORCHESTRATOR] [DEBUG] Created 1 semantic chunks for c:\Projects\educatedplanet\admin\src\components\data-table\table-utils.ts
[2025-11-25T17:03:50.446Z] [2025-11-25T17:03:50.448Z] [INDEXING-ORCHESTRATOR] [DEBUG] Average chunk size: 123 characters
[2025-11-25T17:03:50.447Z] [2025-11-25T17:03:50.449Z] [TREESITTER-CHUNKER] [INFO] Created 1 semantic chunks from c:\Projects\educatedplanet\admin\src\components\providers\query-client-provider.tsx
[2025-11-25T17:03:50.449Z] [2025-11-25T17:03:50.451Z] [TREESITTER-FULL] [INFO] Extracted 2 symbols from c:\Projects\educatedplanet\admin\src\components\providers\query-client-provider.tsx
[2025-11-25T17:03:50.449Z] [2025-11-25T17:03:50.451Z] [INDEXING-ORCHESTRATOR] [DEBUG] 🔍 Symbol extraction for c:\Projects\educatedplanet\admin\src\components\providers\query-client-provider.tsx: 2 symbols, 2 imports
[2025-11-25T17:03:50.449Z] [2025-11-25T17:03:50.451Z] [INDEXING-ORCHESTRATOR] [DEBUG] 📍 Chunk 6-28: 2 candidate symbols
[2025-11-25T17:03:50.449Z] [2025-11-25T17:03:50.451Z] [INDEXING-ORCHESTRATOR] [DEBUG] ✅ Chunk symbols after filtering: 2 symbols - QueryClientProviderProps, CustomQueryClientProvider
[2025-11-25T17:03:50.449Z] [2025-11-25T17:03:50.451Z] [INDEXING-ORCHESTRATOR] [DEBUG] Created 1 semantic chunks for c:\Projects\educatedplanet\admin\src\components\providers\query-client-provider.tsx
[2025-11-25T17:03:50.449Z] [2025-11-25T17:03:50.451Z] [INDEXING-ORCHESTRATOR] [DEBUG] Average chunk size: 482 characters
[2025-11-25T17:03:50.453Z] [2025-11-25T17:03:50.455Z] [TREESITTER-CHUNKER] [INFO] Created 1 semantic chunks from c:\Projects\educatedplanet\admin\src\components\providers\providers-wrapper.tsx
[2025-11-25T17:03:50.454Z] [2025-11-25T17:03:50.456Z] [TREESITTER-FULL] [INFO] Extracted 2 symbols from c:\Projects\educatedplanet\admin\src\components\providers\providers-wrapper.tsx
[2025-11-25T17:03:50.454Z] [2025-11-25T17:03:50.456Z] [INDEXING-ORCHESTRATOR] [DEBUG] 🔍 Symbol extraction for c:\Projects\educatedplanet\admin\src\components\providers\providers-wrapper.tsx: 2 symbols, 2 imports
[2025-11-25T17:03:50.454Z] [2025-11-25T17:03:50.456Z] [INDEXING-ORCHESTRATOR] [DEBUG] 📍 Chunk 6-16: 2 candidate symbols
[2025-11-25T17:03:50.454Z] [2025-11-25T17:03:50.456Z] [INDEXING-ORCHESTRATOR] [DEBUG] ✅ Chunk symbols after filtering: 2 symbols - ProvidersWrapperProps, ProvidersWrapper
[2025-11-25T17:03:50.454Z] [2025-11-25T17:03:50.456Z] [INDEXING-ORCHESTRATOR] [DEBUG] Created 1 semantic chunks for c:\Projects\educatedplanet\admin\src\components\providers\providers-wrapper.tsx
[2025-11-25T17:03:50.454Z] [2025-11-25T17:03:50.456Z] [INDEXING-ORCHESTRATOR] [DEBUG] Average chunk size: 209 characters
[2025-11-25T17:03:50.477Z] [2025-11-25T17:03:50.478Z] [TREESITTER-CHUNKER] [INFO] Created 2 semantic chunks from c:\Projects\educatedplanet\admin\src\components\forms\ExperienceEntry.tsx
[2025-11-25T17:03:50.531Z] [2025-11-25T17:03:50.533Z] [TREESITTER-FULL] [INFO] Extracted 9 symbols from c:\Projects\educatedplanet\admin\src\components\forms\ExperienceEntry.tsx
[2025-11-25T17:03:50.531Z] [2025-11-25T17:03:50.533Z] [INDEXING-ORCHESTRATOR] [DEBUG] 🔍 Symbol extraction for c:\Projects\educatedplanet\admin\src\components\forms\ExperienceEntry.tsx: 9 symbols, 15 imports
[2025-11-25T17:03:50.531Z] [2025-11-25T17:03:50.533Z] [INDEXING-ORCHESTRATOR] [DEBUG] 📍 Chunk 19-25: 1 candidate symbols
[2025-11-25T17:03:50.531Z] [2025-11-25T17:03:50.533Z] [INDEXING-ORCHESTRATOR] [DEBUG] ✅ Chunk symbols after filtering: 1 symbols - ExperienceEntryProps
[2025-11-25T17:03:50.531Z] [2025-11-25T17:03:50.533Z] [INDEXING-ORCHESTRATOR] [DEBUG] 📍 Chunk 26-287: 8 candidate symbols
[2025-11-25T17:03:50.532Z] [2025-11-25T17:03:50.533Z] [INDEXING-ORCHESTRATOR] [DEBUG] ✅ Chunk symbols after filtering: 8 symbols - form, isPresent, fromDateValue, toDateValue, formatDate, handleFromDateSelect, handleToDateSelect, handleIsPresentChange
[2025-11-25T17:03:50.532Z] [2025-11-25T17:03:50.533Z] [INDEXING-ORCHESTRATOR] [DEBUG] Created 2 semantic chunks for c:\Projects\educatedplanet\admin\src\components\forms\ExperienceEntry.tsx
[2025-11-25T17:03:50.532Z] [2025-11-25T17:03:50.533Z] [INDEXING-ORCHESTRATOR] [DEBUG] Average chunk size: 4774 characters
[2025-11-25T17:03:50.534Z] [2025-11-25T17:03:50.535Z] [TREESITTER-CHUNKER] [INFO] Created 1 semantic chunks from c:\Projects\educatedplanet\admin\src\components\simple-icon.tsx
[2025-11-25T17:03:50.537Z] [2025-11-25T17:03:50.539Z] [TREESITTER-FULL] [INFO] Extracted 2 symbols from c:\Projects\educatedplanet\admin\src\components\simple-icon.tsx
[2025-11-25T17:03:50.537Z] [2025-11-25T17:03:50.539Z] [INDEXING-ORCHESTRATOR] [DEBUG] 🔍 Symbol extraction for c:\Projects\educatedplanet\admin\src\components\simple-icon.tsx: 2 symbols, 3 imports
[2025-11-25T17:03:50.537Z] [2025-11-25T17:03:50.539Z] [INDEXING-ORCHESTRATOR] [DEBUG] 📍 Chunk 9-30: 2 candidate symbols
[2025-11-25T17:03:50.537Z] [2025-11-25T17:03:50.539Z] [INDEXING-ORCHESTRATOR] [DEBUG] ✅ Chunk symbols after filtering: 2 symbols - SimpleIconProps, SimpleIcon
[2025-11-25T17:03:50.537Z] [2025-11-25T17:03:50.539Z] [INDEXING-ORCHESTRATOR] [DEBUG] Created 1 semantic chunks for c:\Projects\educatedplanet\admin\src\components\simple-icon.tsx
[2025-11-25T17:03:50.537Z] [2025-11-25T17:03:50.539Z] [INDEXING-ORCHESTRATOR] [DEBUG] Average chunk size: 506 characters
[2025-11-25T17:03:50.544Z] [2025-11-25T17:03:50.545Z] [TREESITTER-CHUNKER] [INFO] Created 4 semantic chunks from c:\Projects\educatedplanet\admin\src\components\ui\alert-dialog.tsx
[2025-11-25T17:03:50.559Z] [2025-11-25T17:03:50.560Z] [TREESITTER-FULL] [INFO] Extracted 2 symbols from c:\Projects\educatedplanet\admin\src\components\ui\alert-dialog.tsx
[2025-11-25T17:03:50.559Z] [2025-11-25T17:03:50.560Z] [INDEXING-ORCHESTRATOR] [DEBUG] 🔍 Symbol extraction for c:\Projects\educatedplanet\admin\src\components\ui\alert-dialog.tsx: 2 symbols, 4 imports
[2025-11-25T17:03:50.559Z] [2025-11-25T17:03:50.560Z] [INDEXING-ORCHESTRATOR] [DEBUG] 📍 Chunk 15-29: 2 candidate symbols
[2025-11-25T17:03:50.559Z] [2025-11-25T17:03:50.560Z] [INDEXING-ORCHESTRATOR] [DEBUG] ✅ Chunk symbols after filtering: 2 symbols - AlertDialogTrigger, AlertDialogPortal
[2025-11-25T17:03:50.559Z] [2025-11-25T17:03:50.560Z] [INDEXING-ORCHESTRATOR] [DEBUG] 📍 Chunk 73-74: 0 candidate symbols
[2025-11-25T17:03:50.559Z] [2025-11-25T17:03:50.560Z] [INDEXING-ORCHESTRATOR] [DEBUG] ✅ Chunk symbols after filtering: 0 symbols - 
[2025-11-25T17:03:50.559Z] [2025-11-25T17:03:50.560Z] [INDEXING-ORCHESTRATOR] [DEBUG] 📍 Chunk 86-90: 0 candidate symbols
[2025-11-25T17:03:50.559Z] [2025-11-25T17:03:50.560Z] [INDEXING-ORCHESTRATOR] [DEBUG] ✅ Chunk symbols after filtering: 0 symbols - 
[2025-11-25T17:03:50.559Z] [2025-11-25T17:03:50.560Z] [INDEXING-ORCHESTRATOR] [DEBUG] 📍 Chunk 91-158: 0 candidate symbols
[2025-11-25T17:03:50.559Z] [2025-11-25T17:03:50.560Z] [INDEXING-ORCHESTRATOR] [DEBUG] ✅ Chunk symbols after filtering: 0 symbols - 
[2025-11-25T17:03:50.559Z] [2025-11-25T17:03:50.560Z] [INDEXING-ORCHESTRATOR] [DEBUG] Created 4 semantic chunks for c:\Projects\educatedplanet\admin\src\components\ui\alert-dialog.tsx
[2025-11-25T17:03:50.559Z] [2025-11-25T17:03:50.560Z] [INDEXING-ORCHESTRATOR] [DEBUG] Average chunk size: 508 characters
[2025-11-25T17:03:50.562Z] [2025-11-25T17:03:50.564Z] [TREESITTER-CHUNKER] [INFO] Created 2 semantic chunks from c:\Projects\educatedplanet\admin\src\components\ui\accordion.tsx
[2025-11-25T17:03:50.570Z] [2025-11-25T17:03:50.571Z] [TREESITTER-FULL] [INFO] Extracted 2 symbols from c:\Projects\educatedplanet\admin\src\components\ui\accordion.tsx
[2025-11-25T17:03:50.570Z] [2025-11-25T17:03:50.571Z] [INDEXING-ORCHESTRATOR] [DEBUG] 🔍 Symbol extraction for c:\Projects\educatedplanet\admin\src\components\ui\accordion.tsx: 2 symbols, 4 imports
[2025-11-25T17:03:50.570Z] [2025-11-25T17:03:50.571Z] [INDEXING-ORCHESTRATOR] [DEBUG] 📍 Chunk 15-48: 2 candidate symbols
[2025-11-25T17:03:50.570Z] [2025-11-25T17:03:50.571Z] [INDEXING-ORCHESTRATOR] [DEBUG] ✅ Chunk symbols after filtering: 2 symbols - AccordionItem, AccordionTrigger
[2025-11-25T17:03:50.570Z] [2025-11-25T17:03:50.571Z] [INDEXING-ORCHESTRATOR] [DEBUG] 📍 Chunk 49-67: 0 candidate symbols
[2025-11-25T17:03:50.570Z] [2025-11-25T17:03:50.571Z] [INDEXING-ORCHESTRATOR] [DEBUG] ✅ Chunk symbols after filtering: 0 symbols - 
[2025-11-25T17:03:50.570Z] [2025-11-25T17:03:50.571Z] [INDEXING-ORCHESTRATOR] [DEBUG] Created 2 semantic chunks for c:\Projects\educatedplanet\admin\src\components\ui\accordion.tsx
[2025-11-25T17:03:50.570Z] [2025-11-25T17:03:50.571Z] [INDEXING-ORCHESTRATOR] [DEBUG] Average chunk size: 872 characters
[2025-11-25T17:03:50.574Z] [2025-11-25T17:03:50.576Z] [TREESITTER-CHUNKER] [INFO] Created 4 semantic chunks from c:\Projects\educatedplanet\admin\src\components\ui\alert.tsx
[2025-11-25T17:03:50.581Z] [2025-11-25T17:03:50.583Z] [TREESITTER-FULL] [INFO] Extracted 1 symbols from c:\Projects\educatedplanet\admin\src\components\ui\alert.tsx
[2025-11-25T17:03:50.581Z] [2025-11-25T17:03:50.583Z] [INDEXING-ORCHESTRATOR] [DEBUG] 🔍 Symbol extraction for c:\Projects\educatedplanet\admin\src\components\ui\alert.tsx: 1 symbols, 3 imports
[2025-11-25T17:03:50.581Z] [2025-11-25T17:03:50.583Z] [INDEXING-ORCHESTRATOR] [DEBUG] 📍 Chunk 31-32: 0 candidate symbols
[2025-11-25T17:03:50.581Z] [2025-11-25T17:03:50.583Z] [INDEXING-ORCHESTRATOR] [DEBUG] ✅ Chunk symbols after filtering: 0 symbols - 
[2025-11-25T17:03:50.581Z] [2025-11-25T17:03:50.583Z] [INDEXING-ORCHESTRATOR] [DEBUG] 📍 Chunk 41-45: 0 candidate symbols
[2025-11-25T17:03:50.581Z] [2025-11-25T17:03:50.583Z] [INDEXING-ORCHESTRATOR] [DEBUG] ✅ Chunk symbols after filtering: 0 symbols - 
[2025-11-25T17:03:50.581Z] [2025-11-25T17:03:50.583Z] [INDEXING-ORCHESTRATOR] [DEBUG] 📍 Chunk 57-61: 0 candidate symbols
[2025-11-25T17:03:50.581Z] [2025-11-25T17:03:50.583Z] [INDEXING-ORCHESTRATOR] [DEBUG] ✅ Chunk symbols after filtering: 0 symbols - 
[2025-11-25T17:03:50.581Z] [2025-11-25T17:03:50.583Z] [INDEXING-ORCHESTRATOR] [DEBUG] 📍 Chunk 62-67: 0 candidate symbols
[2025-11-25T17:03:50.581Z] [2025-11-25T17:03:50.583Z] [INDEXING-ORCHESTRATOR] [DEBUG] ✅ Chunk symbols after filtering: 0 symbols - 
[2025-11-25T17:03:50.581Z] [2025-11-25T17:03:50.583Z] [INDEXING-ORCHESTRATOR] [DEBUG] Created 4 semantic chunks for c:\Projects\educatedplanet\admin\src\components\ui\alert.tsx
[2025-11-25T17:03:50.581Z] [2025-11-25T17:03:50.583Z] [INDEXING-ORCHESTRATOR] [DEBUG] Average chunk size: 100 characters
[2025-11-25T17:03:50.581Z] [2025-11-25T17:03:50.583Z] [INDEXING-ORCHESTRATOR] [DEBUG] 📊 Processed: 110/302 files
[2025-11-25T17:03:50.586Z] [2025-11-25T17:03:50.587Z] [TREESITTER-CHUNKER] [INFO] Created 1 semantic chunks from c:\Projects\educatedplanet\admin\src\components\ui\aspect-ratio.tsx
[2025-11-25T17:03:50.587Z] [2025-11-25T17:03:50.589Z] [TREESITTER-FULL] [INFO] Extracted 0 symbols from c:\Projects\educatedplanet\admin\src\components\ui\aspect-ratio.tsx
[2025-11-25T17:03:50.587Z] [2025-11-25T17:03:50.589Z] [INDEXING-ORCHESTRATOR] [DEBUG] 🔍 Symbol extraction for c:\Projects\educatedplanet\admin\src\components\ui\aspect-ratio.tsx: 0 symbols, 1 imports
[2025-11-25T17:03:50.587Z] [2025-11-25T17:03:50.589Z] [INDEXING-ORCHESTRATOR] [DEBUG] 📍 Chunk 1-12: 0 candidate symbols
[2025-11-25T17:03:50.587Z] [2025-11-25T17:03:50.589Z] [INDEXING-ORCHESTRATOR] [DEBUG] ✅ Chunk symbols after filtering: 0 symbols - 
[2025-11-25T17:03:50.587Z] [2025-11-25T17:03:50.589Z] [INDEXING-ORCHESTRATOR] [DEBUG] Created 1 semantic chunks for c:\Projects\educatedplanet\admin\src\components\ui\aspect-ratio.tsx
[2025-11-25T17:03:50.587Z] [2025-11-25T17:03:50.589Z] [INDEXING-ORCHESTRATOR] [DEBUG] Average chunk size: 283 characters
[2025-11-25T17:03:50.597Z] [2025-11-25T17:03:50.598Z] [TREESITTER-CHUNKER] [INFO] Created 7 semantic chunks from c:\Projects\educatedplanet\admin\src\components\ui\breadcrumb.tsx
[2025-11-25T17:03:50.619Z] [2025-11-25T17:03:50.621Z] [TREESITTER-FULL] [INFO] Extracted 1 symbols from c:\Projects\educatedplanet\admin\src\components\ui\breadcrumb.tsx
[2025-11-25T17:03:50.619Z] [2025-11-25T17:03:50.621Z] [INDEXING-ORCHESTRATOR] [DEBUG] 🔍 Symbol extraction for c:\Projects\educatedplanet\admin\src\components\ui\breadcrumb.tsx: 1 symbols, 4 imports
[2025-11-25T17:03:50.619Z] [2025-11-25T17:03:50.621Z] [INDEXING-ORCHESTRATOR] [DEBUG] 📍 Chunk 7-9: 1 candidate symbols
[2025-11-25T17:03:50.619Z] [2025-11-25T17:03:50.621Z] [INDEXING-ORCHESTRATOR] [DEBUG] ✅ Chunk symbols after filtering: 1 symbols - Breadcrumb
[2025-11-25T17:03:50.619Z] [2025-11-25T17:03:50.621Z] [INDEXING-ORCHESTRATOR] [DEBUG] 📍 Chunk 15-19: 0 candidate symbols
[2025-11-25T17:03:50.619Z] [2025-11-25T17:03:50.621Z] [INDEXING-ORCHESTRATOR] [DEBUG] ✅ Chunk symbols after filtering: 0 symbols - 
[2025-11-25T17:03:50.619Z] [2025-11-25T17:03:50.621Z] [INDEXING-ORCHESTRATOR] [DEBUG] 📍 Chunk 28-29: 0 candidate symbols
[2025-11-25T17:03:50.619Z] [2025-11-25T17:03:50.621Z] [INDEXING-ORCHESTRATOR] [DEBUG] ✅ Chunk symbols after filtering: 0 symbols - 
[2025-11-25T17:03:50.619Z] [2025-11-25T17:03:50.621Z] [INDEXING-ORCHESTRATOR] [DEBUG] 📍 Chunk 46-47: 0 candidate symbols
[2025-11-25T17:03:50.619Z] [2025-11-25T17:03:50.621Z] [INDEXING-ORCHESTRATOR] [DEBUG] ✅ Chunk symbols after filtering: 0 symbols - 
[2025-11-25T17:03:50.619Z] [2025-11-25T17:03:50.621Z] [INDEXING-ORCHESTRATOR] [DEBUG] 📍 Chunk 59-60: 0 candidate symbols
[2025-11-25T17:03:50.619Z] [2025-11-25T17:03:50.621Z] [INDEXING-ORCHESTRATOR] [DEBUG] ✅ Chunk symbols after filtering: 0 symbols - 
[2025-11-25T17:03:50.619Z] [2025-11-25T17:03:50.621Z] [INDEXING-ORCHESTRATOR] [DEBUG] 📍 Chunk 75-93: 0 candidate symbols
[2025-11-25T17:03:50.619Z] [2025-11-25T17:03:50.621Z] [INDEXING-ORCHESTRATOR] [DEBUG] ✅ Chunk symbols after filtering: 0 symbols - 
[2025-11-25T17:03:50.619Z] [2025-11-25T17:03:50.621Z] [INDEXING-ORCHESTRATOR] [DEBUG] 📍 Chunk 94-110: 0 candidate symbols
[2025-11-25T17:03:50.619Z] [2025-11-25T17:03:50.621Z] [INDEXING-ORCHESTRATOR] [DEBUG] ✅ Chunk symbols after filtering: 0 symbols - 
[2025-11-25T17:03:50.619Z] [2025-11-25T17:03:50.621Z] [INDEXING-ORCHESTRATOR] [DEBUG] Created 7 semantic chunks for c:\Projects\educatedplanet\admin\src\components\ui\breadcrumb.tsx
[2025-11-25T17:03:50.619Z] [2025-11-25T17:03:50.621Z] [INDEXING-ORCHESTRATOR] [DEBUG] Average chunk size: 169 characters
[2025-11-25T17:03:50.622Z] [2025-11-25T17:03:50.624Z] [TREESITTER-CHUNKER] [INFO] Created 1 semantic chunks from c:\Projects\educatedplanet\admin\src\components\ui\avatar.tsx
[2025-11-25T17:03:50.627Z] [2025-11-25T17:03:50.629Z] [TREESITTER-FULL] [INFO] Extracted 0 symbols from c:\Projects\educatedplanet\admin\src\components\ui\avatar.tsx
[2025-11-25T17:03:50.627Z] [2025-11-25T17:03:50.629Z] [INDEXING-ORCHESTRATOR] [DEBUG] 🔍 Symbol extraction for c:\Projects\educatedplanet\admin\src\components\ui\avatar.tsx: 0 symbols, 3 imports
[2025-11-25T17:03:50.627Z] [2025-11-25T17:03:50.629Z] [INDEXING-ORCHESTRATOR] [DEBUG] 📍 Chunk 1-54: 0 candidate symbols
[2025-11-25T17:03:50.627Z] [2025-11-25T17:03:50.629Z] [INDEXING-ORCHESTRATOR] [DEBUG] ✅ Chunk symbols after filtering: 0 symbols - 
[2025-11-25T17:03:50.627Z] [2025-11-25T17:03:50.629Z] [INDEXING-ORCHESTRATOR] [DEBUG] Created 1 semantic chunks for c:\Projects\educatedplanet\admin\src\components\ui\avatar.tsx
[2025-11-25T17:03:50.628Z] [2025-11-25T17:03:50.629Z] [INDEXING-ORCHESTRATOR] [DEBUG] Average chunk size: 1143 characters
[2025-11-25T17:03:50.630Z] [2025-11-25T17:03:50.632Z] [TREESITTER-CHUNKER] [INFO] Created 2 semantic chunks from c:\Projects\educatedplanet\admin\src\components\ui\badge.tsx
[2025-11-25T17:03:50.635Z] [2025-11-25T17:03:50.636Z] [TREESITTER-FULL] [INFO] Extracted 2 symbols from c:\Projects\educatedplanet\admin\src\components\ui\badge.tsx
[2025-11-25T17:03:50.635Z] [2025-11-25T17:03:50.636Z] [INDEXING-ORCHESTRATOR] [DEBUG] 🔍 Symbol extraction for c:\Projects\educatedplanet\admin\src\components\ui\badge.tsx: 2 symbols, 4 imports
[2025-11-25T17:03:50.635Z] [2025-11-25T17:03:50.636Z] [INDEXING-ORCHESTRATOR] [DEBUG] 📍 Chunk 28-41: 0 candidate symbols
[2025-11-25T17:03:50.635Z] [2025-11-25T17:03:50.636Z] [INDEXING-ORCHESTRATOR] [DEBUG] ✅ Chunk symbols after filtering: 0 symbols - 
[2025-11-25T17:03:50.635Z] [2025-11-25T17:03:50.636Z] [INDEXING-ORCHESTRATOR] [DEBUG] 📍 Chunk 42-47: 0 candidate symbols
[2025-11-25T17:03:50.635Z] [2025-11-25T17:03:50.636Z] [INDEXING-ORCHESTRATOR] [DEBUG] ✅ Chunk symbols after filtering: 0 symbols - 
[2025-11-25T17:03:50.635Z] [2025-11-25T17:03:50.636Z] [INDEXING-ORCHESTRATOR] [DEBUG] Created 2 semantic chunks for c:\Projects\educatedplanet\admin\src\components\ui\badge.tsx
[2025-11-25T17:03:50.635Z] [2025-11-25T17:03:50.636Z] [INDEXING-ORCHESTRATOR] [DEBUG] Average chunk size: 201 characters
[2025-11-25T17:03:50.649Z] [2025-11-25T17:03:50.650Z] [TREESITTER-CHUNKER] [INFO] Created 6 semantic chunks from c:\Projects\educatedplanet\admin\src\components\ui\carousel.tsx
[2025-11-25T17:03:50.681Z] [2025-11-25T17:03:50.682Z] [TREESITTER-FULL] [INFO] Extracted 9 symbols from c:\Projects\educatedplanet\admin\src\components\ui\carousel.tsx
[2025-11-25T17:03:50.681Z] [2025-11-25T17:03:50.682Z] [INDEXING-ORCHESTRATOR] [DEBUG] 🔍 Symbol extraction for c:\Projects\educatedplanet\admin\src\components\ui\carousel.tsx: 9 symbols, 5 imports
[2025-11-25T17:03:50.681Z] [2025-11-25T17:03:50.683Z] [INDEXING-ORCHESTRATOR] [DEBUG] 📍 Chunk 12-43: 8 candidate symbols
[2025-11-25T17:03:50.681Z] [2025-11-25T17:03:50.683Z] [INDEXING-ORCHESTRATOR] [DEBUG] ✅ Chunk symbols after filtering: 8 symbols - CarouselApi, UseCarouselParameters, CarouselOptions, CarouselPlugin, CarouselProps, CarouselContextProps, CarouselContext, useCarousel
[2025-11-25T17:03:50.681Z] [2025-11-25T17:03:50.683Z] [INDEXING-ORCHESTRATOR] [DEBUG] 📍 Chunk 45-123: 1 candidate symbols
[2025-11-25T17:03:50.681Z] [2025-11-25T17:03:50.683Z] [INDEXING-ORCHESTRATOR] [DEBUG] ✅ Chunk symbols after filtering: 1 symbols - Carousel
[2025-11-25T17:03:50.681Z] [2025-11-25T17:03:50.683Z] [INDEXING-ORCHESTRATOR] [DEBUG] 📍 Chunk 145-150: 0 candidate symbols
[2025-11-25T17:03:50.681Z] [2025-11-25T17:03:50.683Z] [INDEXING-ORCHESTRATOR] [DEBUG] ✅ Chunk symbols after filtering: 0 symbols - 
[2025-11-25T17:03:50.681Z] [2025-11-25T17:03:50.683Z] [INDEXING-ORCHESTRATOR] [DEBUG] 📍 Chunk 187-194: 0 candidate symbols
[2025-11-25T17:03:50.681Z] [2025-11-25T17:03:50.683Z] [INDEXING-ORCHESTRATOR] [DEBUG] ✅ Chunk symbols after filtering: 0 symbols - 
[2025-11-25T17:03:50.681Z] [2025-11-25T17:03:50.683Z] [INDEXING-ORCHESTRATOR] [DEBUG] 📍 Chunk 217-224: 0 candidate symbols
[2025-11-25T17:03:50.681Z] [2025-11-25T17:03:50.683Z] [INDEXING-ORCHESTRATOR] [DEBUG] ✅ Chunk symbols after filtering: 0 symbols - 
[2025-11-25T17:03:50.681Z] [2025-11-25T17:03:50.683Z] [INDEXING-ORCHESTRATOR] [DEBUG] 📍 Chunk 225-242: 0 candidate symbols
[2025-11-25T17:03:50.681Z] [2025-11-25T17:03:50.683Z] [INDEXING-ORCHESTRATOR] [DEBUG] ✅ Chunk symbols after filtering: 0 symbols - 
[2025-11-25T17:03:50.681Z] [2025-11-25T17:03:50.683Z] [INDEXING-ORCHESTRATOR] [DEBUG] Created 6 semantic chunks for c:\Projects\educatedplanet\admin\src\components\ui\carousel.tsx
[2025-11-25T17:03:50.681Z] [2025-11-25T17:03:50.683Z] [INDEXING-ORCHESTRATOR] [DEBUG] Average chunk size: 623 characters
[2025-11-25T17:03:50.692Z] [2025-11-25T17:03:50.694Z] [TREESITTER-CHUNKER] [INFO] Created 6 semantic chunks from c:\Projects\educatedplanet\admin\src\components\ui\calendar.tsx
[2025-11-25T17:03:50.728Z] [2025-11-25T17:03:50.730Z] [TREESITTER-FULL] [INFO] Extracted 1 symbols from c:\Projects\educatedplanet\admin\src\components\ui\calendar.tsx
[2025-11-25T17:03:50.728Z] [2025-11-25T17:03:50.730Z] [INDEXING-ORCHESTRATOR] [DEBUG] 🔍 Symbol extraction for c:\Projects\educatedplanet\admin\src\components\ui\calendar.tsx: 1 symbols, 5 imports
[2025-11-25T17:03:50.728Z] [2025-11-25T17:03:50.730Z] [INDEXING-ORCHESTRATOR] [DEBUG] 📍 Chunk 31-37: 0 candidate symbols
[2025-11-25T17:03:50.728Z] [2025-11-25T17:03:50.730Z] [INDEXING-ORCHESTRATOR] [DEBUG] ✅ Chunk symbols after filtering: 0 symbols - 
[2025-11-25T17:03:50.728Z] [2025-11-25T17:03:50.730Z] [INDEXING-ORCHESTRATOR] [DEBUG] 📍 Chunk 136-137: 0 candidate symbols
[2025-11-25T17:03:50.728Z] [2025-11-25T17:03:50.730Z] [INDEXING-ORCHESTRATOR] [DEBUG] ✅ Chunk symbols after filtering: 0 symbols - 
[2025-11-25T17:03:50.728Z] [2025-11-25T17:03:50.730Z] [INDEXING-ORCHESTRATOR] [DEBUG] 📍 Chunk 142-146: 0 candidate symbols
[2025-11-25T17:03:50.728Z] [2025-11-25T17:03:50.730Z] [INDEXING-ORCHESTRATOR] [DEBUG] ✅ Chunk symbols after filtering: 0 symbols - 
[2025-11-25T17:03:50.728Z] [2025-11-25T17:03:50.730Z] [INDEXING-ORCHESTRATOR] [DEBUG] 📍 Chunk 151-152: 0 candidate symbols
[2025-11-25T17:03:50.728Z] [2025-11-25T17:03:50.730Z] [INDEXING-ORCHESTRATOR] [DEBUG] ✅ Chunk symbols after filtering: 0 symbols - 
[2025-11-25T17:03:50.728Z] [2025-11-25T17:03:50.730Z] [INDEXING-ORCHESTRATOR] [DEBUG] 📍 Chunk 206-211: 0 candidate symbols
[2025-11-25T17:03:50.728Z] [2025-11-25T17:03:50.730Z] [INDEXING-ORCHESTRATOR] [DEBUG] ✅ Chunk symbols after filtering: 0 symbols - 
[2025-11-25T17:03:50.728Z] [2025-11-25T17:03:50.730Z] [INDEXING-ORCHESTRATOR] [DEBUG] 📍 Chunk 212-217: 0 candidate symbols
[2025-11-25T17:03:50.728Z] [2025-11-25T17:03:50.730Z] [INDEXING-ORCHESTRATOR] [DEBUG] ✅ Chunk symbols after filtering: 0 symbols - 
[2025-11-25T17:03:50.728Z] [2025-11-25T17:03:50.730Z] [INDEXING-ORCHESTRATOR] [DEBUG] Created 6 semantic chunks for c:\Projects\educatedplanet\admin\src\components\ui\calendar.tsx
[2025-11-25T17:03:50.728Z] [2025-11-25T17:03:50.730Z] [INDEXING-ORCHESTRATOR] [DEBUG] Average chunk size: 274 characters
[2025-11-25T17:03:50.735Z] [2025-11-25T17:03:50.736Z] [TREESITTER-CHUNKER] [INFO] Created 8 semantic chunks from c:\Projects\educatedplanet\admin\src\components\ui\card.tsx
[2025-11-25T17:03:50.746Z] [2025-11-25T17:03:50.747Z] [TREESITTER-FULL] [INFO] Extracted 0 symbols from c:\Projects\educatedplanet\admin\src\components\ui\card.tsx
[2025-11-25T17:03:50.746Z] [2025-11-25T17:03:50.748Z] [INDEXING-ORCHESTRATOR] [DEBUG] 🔍 Symbol extraction for c:\Projects\educatedplanet\admin\src\components\ui\card.tsx: 0 symbols, 2 imports
[2025-11-25T17:03:50.746Z] [2025-11-25T17:03:50.748Z] [INDEXING-ORCHESTRATOR] [DEBUG] 📍 Chunk 9-13: 0 candidate symbols
[2025-11-25T17:03:50.746Z] [2025-11-25T17:03:50.748Z] [INDEXING-ORCHESTRATOR] [DEBUG] ✅ Chunk symbols after filtering: 0 symbols - 
[2025-11-25T17:03:50.746Z] [2025-11-25T17:03:50.748Z] [INDEXING-ORCHESTRATOR] [DEBUG] 📍 Chunk 22-26: 0 candidate symbols
[2025-11-25T17:03:50.746Z] [2025-11-25T17:03:50.748Z] [INDEXING-ORCHESTRATOR] [DEBUG] ✅ Chunk symbols after filtering: 0 symbols - 
[2025-11-25T17:03:50.746Z] [2025-11-25T17:03:50.748Z] [INDEXING-ORCHESTRATOR] [DEBUG] 📍 Chunk 35-36: 0 candidate symbols
[2025-11-25T17:03:50.746Z] [2025-11-25T17:03:50.748Z] [INDEXING-ORCHESTRATOR] [DEBUG] ✅ Chunk symbols after filtering: 0 symbols - 
[2025-11-25T17:03:50.746Z] [2025-11-25T17:03:50.748Z] [INDEXING-ORCHESTRATOR] [DEBUG] 📍 Chunk 45-46: 0 candidate symbols
[2025-11-25T17:03:50.746Z] [2025-11-25T17:03:50.748Z] [INDEXING-ORCHESTRATOR] [DEBUG] ✅ Chunk symbols after filtering: 0 symbols - 
[2025-11-25T17:03:50.746Z] [2025-11-25T17:03:50.748Z] [INDEXING-ORCHESTRATOR] [DEBUG] 📍 Chunk 55-59: 0 candidate symbols
[2025-11-25T17:03:50.746Z] [2025-11-25T17:03:50.748Z] [INDEXING-ORCHESTRATOR] [DEBUG] ✅ Chunk symbols after filtering: 0 symbols - 
[2025-11-25T17:03:50.746Z] [2025-11-25T17:03:50.748Z] [INDEXING-ORCHESTRATOR] [DEBUG] 📍 Chunk 68-69: 0 candidate symbols
[2025-11-25T17:03:50.746Z] [2025-11-25T17:03:50.748Z] [INDEXING-ORCHESTRATOR] [DEBUG] ✅ Chunk symbols after filtering: 0 symbols - 
[2025-11-25T17:03:50.746Z] [2025-11-25T17:03:50.748Z] [INDEXING-ORCHESTRATOR] [DEBUG] 📍 Chunk 78-79: 0 candidate symbols
[2025-11-25T17:03:50.746Z] [2025-11-25T17:03:50.748Z] [INDEXING-ORCHESTRATOR] [DEBUG] ✅ Chunk symbols after filtering: 0 symbols - 
[2025-11-25T17:03:50.746Z] [2025-11-25T17:03:50.748Z] [INDEXING-ORCHESTRATOR] [DEBUG] 📍 Chunk 80-93: 0 candidate symbols
[2025-11-25T17:03:50.746Z] [2025-11-25T17:03:50.748Z] [INDEXING-ORCHESTRATOR] [DEBUG] ✅ Chunk symbols after filtering: 0 symbols - 
[2025-11-25T17:03:50.746Z] [2025-11-25T17:03:50.748Z] [INDEXING-ORCHESTRATOR] [DEBUG] Created 8 semantic chunks for c:\Projects\educatedplanet\admin\src\components\ui\card.tsx
[2025-11-25T17:03:50.746Z] [2025-11-25T17:03:50.748Z] [INDEXING-ORCHESTRATOR] [DEBUG] Average chunk size: 107 characters
[2025-11-25T17:03:50.764Z] [2025-11-25T17:03:50.766Z] [TREESITTER-CHUNKER] [INFO] Created 3 semantic chunks from c:\Projects\educatedplanet\admin\src\components\ui\chart.tsx
[2025-11-25T17:03:50.815Z] [2025-11-25T17:03:50.817Z] [TREESITTER-FULL] [INFO] Extracted 9 symbols from c:\Projects\educatedplanet\admin\src\components\ui\chart.tsx
[2025-11-25T17:03:50.815Z] [2025-11-25T17:03:50.817Z] [INDEXING-ORCHESTRATOR] [DEBUG] 🔍 Symbol extraction for c:\Projects\educatedplanet\admin\src\components\ui\chart.tsx: 9 symbols, 3 imports
[2025-11-25T17:03:50.815Z] [2025-11-25T17:03:50.817Z] [INDEXING-ORCHESTRATOR] [DEBUG] 📍 Chunk 11-35: 4 candidate symbols
[2025-11-25T17:03:50.815Z] [2025-11-25T17:03:50.817Z] [INDEXING-ORCHESTRATOR] [DEBUG] ✅ Chunk symbols after filtering: 4 symbols - ChartConfig, ChartContextProps, ChartContext, useChart
[2025-11-25T17:03:50.815Z] [2025-11-25T17:03:50.817Z] [INDEXING-ORCHESTRATOR] [DEBUG] 📍 Chunk 37-61: 0 candidate symbols
[2025-11-25T17:03:50.816Z] [2025-11-25T17:03:50.817Z] [INDEXING-ORCHESTRATOR] [DEBUG] ✅ Chunk symbols after filtering: 0 symbols - 
[2025-11-25T17:03:50.816Z] [2025-11-25T17:03:50.817Z] [INDEXING-ORCHESTRATOR] [DEBUG] 📍 Chunk 62-358: 4 candidate symbols
[2025-11-25T17:03:50.816Z] [2025-11-25T17:03:50.817Z] [INDEXING-ORCHESTRATOR] [DEBUG] ✅ Chunk symbols after filtering: 4 symbols - colorConfig, itemConfig, itemConfig, itemConfig
[2025-11-25T17:03:50.816Z] [2025-11-25T17:03:50.817Z] [INDEXING-ORCHESTRATOR] [DEBUG] Created 3 semantic chunks for c:\Projects\educatedplanet\admin\src\components\ui\chart.tsx
[2025-11-25T17:03:50.816Z] [2025-11-25T17:03:50.817Z] [INDEXING-ORCHESTRATOR] [DEBUG] Average chunk size: 3392 characters
[2025-11-25T17:03:50.829Z] [2025-11-25T17:03:50.830Z] [TREESITTER-CHUNKER] [INFO] Created 2 semantic chunks from c:\Projects\educatedplanet\admin\src\components\ui\button-group.tsx
[2025-11-25T17:03:50.836Z] [2025-11-25T17:03:50.837Z] [TREESITTER-FULL] [INFO] Extracted 1 symbols from c:\Projects\educatedplanet\admin\src\components\ui\button-group.tsx
[2025-11-25T17:03:50.836Z] [2025-11-25T17:03:50.837Z] [INDEXING-ORCHESTRATOR] [DEBUG] 🔍 Symbol extraction for c:\Projects\educatedplanet\admin\src\components\ui\button-group.tsx: 1 symbols, 4 imports
[2025-11-25T17:03:50.836Z] [2025-11-25T17:03:50.837Z] [INDEXING-ORCHESTRATOR] [DEBUG] 📍 Chunk 69-73: 0 candidate symbols
[2025-11-25T17:03:50.836Z] [2025-11-25T17:03:50.837Z] [INDEXING-ORCHESTRATOR] [DEBUG] ✅ Chunk symbols after filtering: 0 symbols - 
[2025-11-25T17:03:50.836Z] [2025-11-25T17:03:50.837Z] [INDEXING-ORCHESTRATOR] [DEBUG] 📍 Chunk 74-84: 0 candidate symbols
[2025-11-25T17:03:50.836Z] [2025-11-25T17:03:50.837Z] [INDEXING-ORCHESTRATOR] [DEBUG] ✅ Chunk symbols after filtering: 0 symbols - 
[2025-11-25T17:03:50.836Z] [2025-11-25T17:03:50.837Z] [INDEXING-ORCHESTRATOR] [DEBUG] Created 2 semantic chunks for c:\Projects\educatedplanet\admin\src\components\ui\button-group.tsx
[2025-11-25T17:03:50.836Z] [2025-11-25T17:03:50.837Z] [INDEXING-ORCHESTRATOR] [DEBUG] Average chunk size: 122 characters
[2025-11-25T17:03:50.838Z] [2025-11-25T17:03:50.840Z] [TREESITTER-CHUNKER] [INFO] Created 1 semantic chunks from c:\Projects\educatedplanet\admin\src\components\ui\button.tsx
[2025-11-25T17:03:50.843Z] [2025-11-25T17:03:50.845Z] [TREESITTER-FULL] [INFO] Extracted 1 symbols from c:\Projects\educatedplanet\admin\src\components\ui\button.tsx
[2025-11-25T17:03:50.843Z] [2025-11-25T17:03:50.845Z] [INDEXING-ORCHESTRATOR] [DEBUG] 🔍 Symbol extraction for c:\Projects\educatedplanet\admin\src\components\ui\button.tsx: 1 symbols, 4 imports
[2025-11-25T17:03:50.843Z] [2025-11-25T17:03:50.845Z] [INDEXING-ORCHESTRATOR] [DEBUG] 📍 Chunk 54-60: 0 candidate symbols
[2025-11-25T17:03:50.843Z] [2025-11-25T17:03:50.845Z] [INDEXING-ORCHESTRATOR] [DEBUG] ✅ Chunk symbols after filtering: 0 symbols - 
[2025-11-25T17:03:50.843Z] [2025-11-25T17:03:50.845Z] [INDEXING-ORCHESTRATOR] [DEBUG] Created 1 semantic chunks for c:\Projects\educatedplanet\admin\src\components\ui\button.tsx
[2025-11-25T17:03:50.844Z] [2025-11-25T17:03:50.845Z] [INDEXING-ORCHESTRATOR] [DEBUG] Average chunk size: 120 characters
[2025-11-25T17:03:50.844Z] [2025-11-25T17:03:50.845Z] [INDEXING-ORCHESTRATOR] [DEBUG] 📊 Processed: 120/302 files
[2025-11-25T17:03:50.847Z] [2025-11-25T17:03:50.848Z] [TREESITTER-CHUNKER] [INFO] Created 1 semantic chunks from c:\Projects\educatedplanet\admin\src\components\ui\checkbox.tsx
[2025-11-25T17:03:50.852Z] [2025-11-25T17:03:50.853Z] [TREESITTER-FULL] [INFO] Extracted 1 symbols from c:\Projects\educatedplanet\admin\src\components\ui\checkbox.tsx
[2025-11-25T17:03:50.852Z] [2025-11-25T17:03:50.853Z] [INDEXING-ORCHESTRATOR] [DEBUG] 🔍 Symbol extraction for c:\Projects\educatedplanet\admin\src\components\ui\checkbox.tsx: 1 symbols, 4 imports
[2025-11-25T17:03:50.852Z] [2025-11-25T17:03:50.853Z] [INDEXING-ORCHESTRATOR] [DEBUG] 📍 Chunk 9-30: 1 candidate symbols
[2025-11-25T17:03:50.852Z] [2025-11-25T17:03:50.853Z] [INDEXING-ORCHESTRATOR] [DEBUG] ✅ Chunk symbols after filtering: 1 symbols - Checkbox
[2025-11-25T17:03:50.852Z] [2025-11-25T17:03:50.853Z] [INDEXING-ORCHESTRATOR] [DEBUG] Created 1 semantic chunks for c:\Projects\educatedplanet\admin\src\components\ui\checkbox.tsx
[2025-11-25T17:03:50.852Z] [2025-11-25T17:03:50.853Z] [INDEXING-ORCHESTRATOR] [DEBUG] Average chunk size: 1035 characters
[2025-11-25T17:03:50.853Z] [2025-11-25T17:03:50.854Z] [TREESITTER-CHUNKER] [INFO] Created 1 semantic chunks from c:\Projects\educatedplanet\admin\src\components\ui\client-only.tsx
[2025-11-25T17:03:50.855Z] [2025-11-25T17:03:50.856Z] [TREESITTER-FULL] [INFO] Extracted 2 symbols from c:\Projects\educatedplanet\admin\src\components\ui\client-only.tsx
[2025-11-25T17:03:50.855Z] [2025-11-25T17:03:50.856Z] [INDEXING-ORCHESTRATOR] [DEBUG] 🔍 Symbol extraction for c:\Projects\educatedplanet\admin\src\components\ui\client-only.tsx: 2 symbols, 1 imports
[2025-11-25T17:03:50.855Z] [2025-11-25T17:03:50.856Z] [INDEXING-ORCHESTRATOR] [DEBUG] 📍 Chunk 5-22: 2 candidate symbols
[2025-11-25T17:03:50.855Z] [2025-11-25T17:03:50.856Z] [INDEXING-ORCHESTRATOR] [DEBUG] ✅ Chunk symbols after filtering: 2 symbols - ClientOnlyProps, ClientOnly
[2025-11-25T17:03:50.855Z] [2025-11-25T17:03:50.856Z] [INDEXING-ORCHESTRATOR] [DEBUG] Created 1 semantic chunks for c:\Projects\educatedplanet\admin\src\components\ui\client-only.tsx
[2025-11-25T17:03:50.855Z] [2025-11-25T17:03:50.856Z] [INDEXING-ORCHESTRATOR] [DEBUG] Average chunk size: 399 characters
[2025-11-25T17:03:50.865Z] [2025-11-25T17:03:50.867Z] [TREESITTER-CHUNKER] [INFO] Created 7 semantic chunks from c:\Projects\educatedplanet\admin\src\components\ui\context-menu.tsx
[2025-11-25T17:03:50.892Z] [2025-11-25T17:03:50.893Z] [TREESITTER-FULL] [INFO] Extracted 5 symbols from c:\Projects\educatedplanet\admin\src\components\ui\context-menu.tsx
[2025-11-25T17:03:50.892Z] [2025-11-25T17:03:50.893Z] [INDEXING-ORCHESTRATOR] [DEBUG] 🔍 Symbol extraction for c:\Projects\educatedplanet\admin\src\components\ui\context-menu.tsx: 5 symbols, 4 imports
[2025-11-25T17:03:50.892Z] [2025-11-25T17:03:50.893Z] [INDEXING-ORCHESTRATOR] [DEBUG] 📍 Chunk 15-37: 3 candidate symbols
[2025-11-25T17:03:50.892Z] [2025-11-25T17:03:50.893Z] [INDEXING-ORCHESTRATOR] [DEBUG] ✅ Chunk symbols after filtering: 3 symbols - ContextMenuTrigger, ContextMenuGroup, ContextMenuPortal
[2025-11-25T17:03:50.892Z] [2025-11-25T17:03:50.893Z] [INDEXING-ORCHESTRATOR] [DEBUG] 📍 Chunk 45-54: 1 candidate symbols
[2025-11-25T17:03:50.892Z] [2025-11-25T17:03:50.893Z] [INDEXING-ORCHESTRATOR] [DEBUG] ✅ Chunk symbols after filtering: 1 symbols - ContextMenuRadioGroup
[2025-11-25T17:03:50.892Z] [2025-11-25T17:03:50.893Z] [INDEXING-ORCHESTRATOR] [DEBUG] 📍 Chunk 87-91: 0 candidate symbols
[2025-11-25T17:03:50.892Z] [2025-11-25T17:03:50.893Z] [INDEXING-ORCHESTRATOR] [DEBUG] ✅ Chunk symbols after filtering: 0 symbols - 
[2025-11-25T17:03:50.892Z] [2025-11-25T17:03:50.893Z] [INDEXING-ORCHESTRATOR] [DEBUG] 📍 Chunk 128-132: 0 candidate symbols
[2025-11-25T17:03:50.892Z] [2025-11-25T17:03:50.893Z] [INDEXING-ORCHESTRATOR] [DEBUG] ✅ Chunk symbols after filtering: 0 symbols - 
[2025-11-25T17:03:50.892Z] [2025-11-25T17:03:50.893Z] [INDEXING-ORCHESTRATOR] [DEBUG] 📍 Chunk 163-185: 1 candidate symbols
[2025-11-25T17:03:50.892Z] [2025-11-25T17:03:50.893Z] [INDEXING-ORCHESTRATOR] [DEBUG] ✅ Chunk symbols after filtering: 1 symbols - ContextMenuRadioItem
[2025-11-25T17:03:50.892Z] [2025-11-25T17:03:50.893Z] [INDEXING-ORCHESTRATOR] [DEBUG] 📍 Chunk 227-231: 0 candidate symbols
[2025-11-25T17:03:50.892Z] [2025-11-25T17:03:50.893Z] [INDEXING-ORCHESTRATOR] [DEBUG] ✅ Chunk symbols after filtering: 0 symbols - 
[2025-11-25T17:03:50.892Z] [2025-11-25T17:03:50.893Z] [INDEXING-ORCHESTRATOR] [DEBUG] 📍 Chunk 232-253: 0 candidate symbols
[2025-11-25T17:03:50.892Z] [2025-11-25T17:03:50.893Z] [INDEXING-ORCHESTRATOR] [DEBUG] ✅ Chunk symbols after filtering: 0 symbols - 
[2025-11-25T17:03:50.892Z] [2025-11-25T17:03:50.893Z] [INDEXING-ORCHESTRATOR] [DEBUG] Created 7 semantic chunks for c:\Projects\educatedplanet\admin\src\components\ui\context-menu.tsx
[2025-11-25T17:03:50.892Z] [2025-11-25T17:03:50.893Z] [INDEXING-ORCHESTRATOR] [DEBUG] Average chunk size: 505 characters
[2025-11-25T17:03:50.899Z] [2025-11-25T17:03:50.900Z] [TREESITTER-CHUNKER] [INFO] Created 4 semantic chunks from c:\Projects\educatedplanet\admin\src\components\ui\dialog.tsx
[2025-11-25T17:03:50.915Z] [2025-11-25T17:03:50.916Z] [TREESITTER-FULL] [INFO] Extracted 1 symbols from c:\Projects\educatedplanet\admin\src\components\ui\dialog.tsx
[2025-11-25T17:03:50.915Z] [2025-11-25T17:03:50.916Z] [INDEXING-ORCHESTRATOR] [DEBUG] 🔍 Symbol extraction for c:\Projects\educatedplanet\admin\src\components\ui\dialog.tsx: 1 symbols, 4 imports
[2025-11-25T17:03:50.915Z] [2025-11-25T17:03:50.916Z] [INDEXING-ORCHESTRATOR] [DEBUG] 📍 Chunk 87-88: 0 candidate symbols
[2025-11-25T17:03:50.915Z] [2025-11-25T17:03:50.916Z] [INDEXING-ORCHESTRATOR] [DEBUG] ✅ Chunk symbols after filtering: 0 symbols - 
[2025-11-25T17:03:50.915Z] [2025-11-25T17:03:50.916Z] [INDEXING-ORCHESTRATOR] [DEBUG] 📍 Chunk 97-101: 0 candidate symbols
[2025-11-25T17:03:50.915Z] [2025-11-25T17:03:50.916Z] [INDEXING-ORCHESTRATOR] [DEBUG] ✅ Chunk symbols after filtering: 0 symbols - 
[2025-11-25T17:03:50.915Z] [2025-11-25T17:03:50.916Z] [INDEXING-ORCHESTRATOR] [DEBUG] 📍 Chunk 119-130: 1 candidate symbols
[2025-11-25T17:03:50.915Z] [2025-11-25T17:03:50.916Z] [INDEXING-ORCHESTRATOR] [DEBUG] ✅ Chunk symbols after filtering: 1 symbols - DialogDescription
[2025-11-25T17:03:50.915Z] [2025-11-25T17:03:50.916Z] [INDEXING-ORCHESTRATOR] [DEBUG] 📍 Chunk 131-144: 0 candidate symbols
[2025-11-25T17:03:50.915Z] [2025-11-25T17:03:50.916Z] [INDEXING-ORCHESTRATOR] [DEBUG] ✅ Chunk symbols after filtering: 0 symbols - 
[2025-11-25T17:03:50.915Z] [2025-11-25T17:03:50.916Z] [INDEXING-ORCHESTRATOR] [DEBUG] Created 4 semantic chunks for c:\Projects\educatedplanet\admin\src\components\ui\dialog.tsx
[2025-11-25T17:03:50.915Z] [2025-11-25T17:03:50.916Z] [INDEXING-ORCHESTRATOR] [DEBUG] Average chunk size: 170 characters
[2025-11-25T17:03:50.917Z] [2025-11-25T17:03:50.918Z] [TREESITTER-CHUNKER] [INFO] Created 2 semantic chunks from c:\Projects\educatedplanet\admin\src\components\ui\collapsible.tsx
[2025-11-25T17:03:50.920Z] [2025-11-25T17:03:50.922Z] [TREESITTER-FULL] [INFO] Extracted 0 symbols from c:\Projects\educatedplanet\admin\src\components\ui\collapsible.tsx
[2025-11-25T17:03:50.920Z] [2025-11-25T17:03:50.922Z] [INDEXING-ORCHESTRATOR] [DEBUG] 🔍 Symbol extraction for c:\Projects\educatedplanet\admin\src\components\ui\collapsible.tsx: 0 symbols, 1 imports
[2025-11-25T17:03:50.920Z] [2025-11-25T17:03:50.922Z] [INDEXING-ORCHESTRATOR] [DEBUG] 📍 Chunk 11-31: 0 candidate symbols
[2025-11-25T17:03:50.920Z] [2025-11-25T17:03:50.922Z] [INDEXING-ORCHESTRATOR] [DEBUG] ✅ Chunk symbols after filtering: 0 symbols - 
[2025-11-25T17:03:50.920Z] [2025-11-25T17:03:50.922Z] [INDEXING-ORCHESTRATOR] [DEBUG] 📍 Chunk 32-34: 0 candidate symbols
[2025-11-25T17:03:50.920Z] [2025-11-25T17:03:50.922Z] [INDEXING-ORCHESTRATOR] [DEBUG] ✅ Chunk symbols after filtering: 0 symbols - 
[2025-11-25T17:03:50.920Z] [2025-11-25T17:03:50.922Z] [INDEXING-ORCHESTRATOR] [DEBUG] Created 2 semantic chunks for c:\Projects\educatedplanet\admin\src\components\ui\collapsible.tsx
[2025-11-25T17:03:50.920Z] [2025-11-25T17:03:50.922Z] [INDEXING-ORCHESTRATOR] [DEBUG] Average chunk size: 281 characters
[2025-11-25T17:03:50.929Z] [2025-11-25T17:03:50.930Z] [TREESITTER-CHUNKER] [INFO] Created 4 semantic chunks from c:\Projects\educatedplanet\admin\src\components\ui\command.tsx
[2025-11-25T17:03:50.950Z] [2025-11-25T17:03:50.952Z] [TREESITTER-FULL] [INFO] Extracted 0 symbols from c:\Projects\educatedplanet\admin\src\components\ui\command.tsx
[2025-11-25T17:03:50.950Z] [2025-11-25T17:03:50.952Z] [INDEXING-ORCHESTRATOR] [DEBUG] 🔍 Symbol extraction for c:\Projects\educatedplanet\admin\src\components\ui\command.tsx: 0 symbols, 5 imports
[2025-11-25T17:03:50.950Z] [2025-11-25T17:03:50.952Z] [INDEXING-ORCHESTRATOR] [DEBUG] 📍 Chunk 23-27: 0 candidate symbols
[2025-11-25T17:03:50.950Z] [2025-11-25T17:03:50.952Z] [INDEXING-ORCHESTRATOR] [DEBUG] ✅ Chunk symbols after filtering: 0 symbols - 
[2025-11-25T17:03:50.950Z] [2025-11-25T17:03:50.952Z] [INDEXING-ORCHESTRATOR] [DEBUG] 📍 Chunk 92-96: 0 candidate symbols
[2025-11-25T17:03:50.950Z] [2025-11-25T17:03:50.952Z] [INDEXING-ORCHESTRATOR] [DEBUG] ✅ Chunk symbols after filtering: 0 symbols - 
[2025-11-25T17:03:50.950Z] [2025-11-25T17:03:50.952Z] [INDEXING-ORCHESTRATOR] [DEBUG] 📍 Chunk 165-169: 0 candidate symbols
[2025-11-25T17:03:50.950Z] [2025-11-25T17:03:50.952Z] [INDEXING-ORCHESTRATOR] [DEBUG] ✅ Chunk symbols after filtering: 0 symbols - 
[2025-11-25T17:03:50.950Z] [2025-11-25T17:03:50.952Z] [INDEXING-ORCHESTRATOR] [DEBUG] 📍 Chunk 170-185: 0 candidate symbols
[2025-11-25T17:03:50.950Z] [2025-11-25T17:03:50.952Z] [INDEXING-ORCHESTRATOR] [DEBUG] ✅ Chunk symbols after filtering: 0 symbols - 
[2025-11-25T17:03:50.950Z] [2025-11-25T17:03:50.952Z] [INDEXING-ORCHESTRATOR] [DEBUG] Created 4 semantic chunks for c:\Projects\educatedplanet\admin\src\components\ui\command.tsx
[2025-11-25T17:03:50.950Z] [2025-11-25T17:03:50.952Z] [INDEXING-ORCHESTRATOR] [DEBUG] Average chunk size: 142 characters
[2025-11-25T17:03:50.957Z] [2025-11-25T17:03:50.959Z] [TREESITTER-CHUNKER] [INFO] Created 4 semantic chunks from c:\Projects\educatedplanet\admin\src\components\ui\drawer.tsx
[2025-11-25T17:03:50.975Z] [2025-11-25T17:03:50.976Z] [TREESITTER-FULL] [INFO] Extracted 1 symbols from c:\Projects\educatedplanet\admin\src\components\ui\drawer.tsx
[2025-11-25T17:03:50.975Z] [2025-11-25T17:03:50.976Z] [INDEXING-ORCHESTRATOR] [DEBUG] 🔍 Symbol extraction for c:\Projects\educatedplanet\admin\src\components\ui\drawer.tsx: 1 symbols, 3 imports
[2025-11-25T17:03:50.975Z] [2025-11-25T17:03:50.976Z] [INDEXING-ORCHESTRATOR] [DEBUG] 📍 Chunk 79-83: 0 candidate symbols
[2025-11-25T17:03:50.975Z] [2025-11-25T17:03:50.976Z] [INDEXING-ORCHESTRATOR] [DEBUG] ✅ Chunk symbols after filtering: 0 symbols - 
[2025-11-25T17:03:50.975Z] [2025-11-25T17:03:50.976Z] [INDEXING-ORCHESTRATOR] [DEBUG] 📍 Chunk 92-93: 0 candidate symbols
[2025-11-25T17:03:50.975Z] [2025-11-25T17:03:50.976Z] [INDEXING-ORCHESTRATOR] [DEBUG] ✅ Chunk symbols after filtering: 0 symbols - 
[2025-11-25T17:03:50.975Z] [2025-11-25T17:03:50.976Z] [INDEXING-ORCHESTRATOR] [DEBUG] 📍 Chunk 111-122: 1 candidate symbols
[2025-11-25T17:03:50.975Z] [2025-11-25T17:03:50.976Z] [INDEXING-ORCHESTRATOR] [DEBUG] ✅ Chunk symbols after filtering: 1 symbols - DrawerDescription
[2025-11-25T17:03:50.975Z] [2025-11-25T17:03:50.976Z] [INDEXING-ORCHESTRATOR] [DEBUG] 📍 Chunk 123-136: 0 candidate symbols
[2025-11-25T17:03:50.975Z] [2025-11-25T17:03:50.976Z] [INDEXING-ORCHESTRATOR] [DEBUG] ✅ Chunk symbols after filtering: 0 symbols - 
[2025-11-25T17:03:50.975Z] [2025-11-25T17:03:50.976Z] [INDEXING-ORCHESTRATOR] [DEBUG] Created 4 semantic chunks for c:\Projects\educatedplanet\admin\src\components\ui\drawer.tsx
[2025-11-25T17:03:50.975Z] [2025-11-25T17:03:50.976Z] [INDEXING-ORCHESTRATOR] [DEBUG] Average chunk size: 199 characters
[2025-11-25T17:03:50.985Z] [2025-11-25T17:03:50.987Z] [TREESITTER-CHUNKER] [INFO] Created 5 semantic chunks from c:\Projects\educatedplanet\admin\src\components\ui\dropdown-menu.tsx
[2025-11-25T17:03:51.011Z] [2025-11-25T17:03:51.013Z] [TREESITTER-FULL] [INFO] Extracted 3 symbols from c:\Projects\educatedplanet\admin\src\components\ui\dropdown-menu.tsx
[2025-11-25T17:03:51.011Z] [2025-11-25T17:03:51.013Z] [INDEXING-ORCHESTRATOR] [DEBUG] 🔍 Symbol extraction for c:\Projects\educatedplanet\admin\src\components\ui\dropdown-menu.tsx: 3 symbols, 4 imports
[2025-11-25T17:03:51.011Z] [2025-11-25T17:03:51.013Z] [INDEXING-ORCHESTRATOR] [DEBUG] 📍 Chunk 15-32: 2 candidate symbols
[2025-11-25T17:03:51.011Z] [2025-11-25T17:03:51.013Z] [INDEXING-ORCHESTRATOR] [DEBUG] ✅ Chunk symbols after filtering: 2 symbols - DropdownMenuPortal, DropdownMenuTrigger
[2025-11-25T17:03:51.011Z] [2025-11-25T17:03:51.013Z] [INDEXING-ORCHESTRATOR] [DEBUG] 📍 Chunk 34-60: 1 candidate symbols
[2025-11-25T17:03:51.011Z] [2025-11-25T17:03:51.013Z] [INDEXING-ORCHESTRATOR] [DEBUG] ✅ Chunk symbols after filtering: 1 symbols - DropdownMenuContent
[2025-11-25T17:03:51.012Z] [2025-11-25T17:03:51.013Z] [INDEXING-ORCHESTRATOR] [DEBUG] 📍 Chunk 184-188: 0 candidate symbols
[2025-11-25T17:03:51.012Z] [2025-11-25T17:03:51.013Z] [INDEXING-ORCHESTRATOR] [DEBUG] ✅ Chunk symbols after filtering: 0 symbols - 
[2025-11-25T17:03:51.012Z] [2025-11-25T17:03:51.013Z] [INDEXING-ORCHESTRATOR] [DEBUG] 📍 Chunk 230-234: 0 candidate symbols
[2025-11-25T17:03:51.012Z] [2025-11-25T17:03:51.013Z] [INDEXING-ORCHESTRATOR] [DEBUG] ✅ Chunk symbols after filtering: 0 symbols - 
[2025-11-25T17:03:51.012Z] [2025-11-25T17:03:51.013Z] [INDEXING-ORCHESTRATOR] [DEBUG] 📍 Chunk 235-256: 0 candidate symbols
[2025-11-25T17:03:51.012Z] [2025-11-25T17:03:51.013Z] [INDEXING-ORCHESTRATOR] [DEBUG] ✅ Chunk symbols after filtering: 0 symbols - 
[2025-11-25T17:03:51.012Z] [2025-11-25T17:03:51.013Z] [INDEXING-ORCHESTRATOR] [DEBUG] Created 5 semantic chunks for c:\Projects\educatedplanet\admin\src\components\ui\dropdown-menu.tsx
[2025-11-25T17:03:51.012Z] [2025-11-25T17:03:51.013Z] [INDEXING-ORCHESTRATOR] [DEBUG] Average chunk size: 545 characters
[2025-11-25T17:03:51.017Z] [2025-11-25T17:03:51.019Z] [TREESITTER-CHUNKER] [INFO] Created 6 semantic chunks from c:\Projects\educatedplanet\admin\src\components\ui\empty.tsx
[2025-11-25T17:03:51.028Z] [2025-11-25T17:03:51.029Z] [TREESITTER-FULL] [INFO] Extracted 0 symbols from c:\Projects\educatedplanet\admin\src\components\ui\empty.tsx
[2025-11-25T17:03:51.028Z] [2025-11-25T17:03:51.030Z] [INDEXING-ORCHESTRATOR] [DEBUG] 🔍 Symbol extraction for c:\Projects\educatedplanet\admin\src\components\ui\empty.tsx: 0 symbols, 2 imports
[2025-11-25T17:03:51.028Z] [2025-11-25T17:03:51.030Z] [INDEXING-ORCHESTRATOR] [DEBUG] 📍 Chunk 9-13: 0 candidate symbols
[2025-11-25T17:03:51.028Z] [2025-11-25T17:03:51.030Z] [INDEXING-ORCHESTRATOR] [DEBUG] ✅ Chunk symbols after filtering: 0 symbols - 
[2025-11-25T17:03:51.028Z] [2025-11-25T17:03:51.030Z] [INDEXING-ORCHESTRATOR] [DEBUG] 📍 Chunk 22-26: 0 candidate symbols
[2025-11-25T17:03:51.028Z] [2025-11-25T17:03:51.030Z] [INDEXING-ORCHESTRATOR] [DEBUG] ✅ Chunk symbols after filtering: 0 symbols - 
[2025-11-25T17:03:51.028Z] [2025-11-25T17:03:51.030Z] [INDEXING-ORCHESTRATOR] [DEBUG] 📍 Chunk 65-66: 0 candidate symbols
[2025-11-25T17:03:51.028Z] [2025-11-25T17:03:51.030Z] [INDEXING-ORCHESTRATOR] [DEBUG] ✅ Chunk symbols after filtering: 0 symbols - 
[2025-11-25T17:03:51.028Z] [2025-11-25T17:03:51.030Z] [INDEXING-ORCHESTRATOR] [DEBUG] 📍 Chunk 75-79: 0 candidate symbols
[2025-11-25T17:03:51.028Z] [2025-11-25T17:03:51.030Z] [INDEXING-ORCHESTRATOR] [DEBUG] ✅ Chunk symbols after filtering: 0 symbols - 
[2025-11-25T17:03:51.028Z] [2025-11-25T17:03:51.030Z] [INDEXING-ORCHESTRATOR] [DEBUG] 📍 Chunk 88-92: 0 candidate symbols
[2025-11-25T17:03:51.028Z] [2025-11-25T17:03:51.030Z] [INDEXING-ORCHESTRATOR] [DEBUG] ✅ Chunk symbols after filtering: 0 symbols - 
[2025-11-25T17:03:51.028Z] [2025-11-25T17:03:51.030Z] [INDEXING-ORCHESTRATOR] [DEBUG] 📍 Chunk 93-105: 0 candidate symbols
[2025-11-25T17:03:51.028Z] [2025-11-25T17:03:51.030Z] [INDEXING-ORCHESTRATOR] [DEBUG] ✅ Chunk symbols after filtering: 0 symbols - 
[2025-11-25T17:03:51.028Z] [2025-11-25T17:03:51.030Z] [INDEXING-ORCHESTRATOR] [DEBUG] Created 6 semantic chunks for c:\Projects\educatedplanet\admin\src\components\ui\empty.tsx
[2025-11-25T17:03:51.028Z] [2025-11-25T17:03:51.030Z] [INDEXING-ORCHESTRATOR] [DEBUG] Average chunk size: 133 characters
[2025-11-25T17:03:51.046Z] [2025-11-25T17:03:51.048Z] [TREESITTER-CHUNKER] [INFO] Created 9 semantic chunks from c:\Projects\educatedplanet\admin\src\components\ui\field.tsx
[2025-11-25T17:03:51.077Z] [2025-11-25T17:03:51.079Z] [TREESITTER-FULL] [INFO] Extracted 1 symbols from c:\Projects\educatedplanet\admin\src\components\ui\field.tsx
[2025-11-25T17:03:51.077Z] [2025-11-25T17:03:51.079Z] [INDEXING-ORCHESTRATOR] [DEBUG] 🔍 Symbol extraction for c:\Projects\educatedplanet\admin\src\components\ui\field.tsx: 1 symbols, 5 imports
[2025-11-25T17:03:51.077Z] [2025-11-25T17:03:51.079Z] [INDEXING-ORCHESTRATOR] [DEBUG] 📍 Chunk 14-19: 0 candidate symbols
[2025-11-25T17:03:51.077Z] [2025-11-25T17:03:51.079Z] [INDEXING-ORCHESTRATOR] [DEBUG] ✅ Chunk symbols after filtering: 0 symbols - 
[2025-11-25T17:03:51.077Z] [2025-11-25T17:03:51.079Z] [INDEXING-ORCHESTRATOR] [DEBUG] 📍 Chunk 33-39: 0 candidate symbols
[2025-11-25T17:03:51.077Z] [2025-11-25T17:03:51.079Z] [INDEXING-ORCHESTRATOR] [DEBUG] ✅ Chunk symbols after filtering: 0 symbols - 
[2025-11-25T17:03:51.078Z] [2025-11-25T17:03:51.079Z] [INDEXING-ORCHESTRATOR] [DEBUG] 📍 Chunk 48-52: 0 candidate symbols
[2025-11-25T17:03:51.078Z] [2025-11-25T17:03:51.079Z] [INDEXING-ORCHESTRATOR] [DEBUG] ✅ Chunk symbols after filtering: 0 symbols - 
[2025-11-25T17:03:51.078Z] [2025-11-25T17:03:51.079Z] [INDEXING-ORCHESTRATOR] [DEBUG] 📍 Chunk 101-105: 0 candidate symbols
[2025-11-25T17:03:51.078Z] [2025-11-25T17:03:51.079Z] [INDEXING-ORCHESTRATOR] [DEBUG] ✅ Chunk symbols after filtering: 0 symbols - 
[2025-11-25T17:03:51.078Z] [2025-11-25T17:03:51.079Z] [INDEXING-ORCHESTRATOR] [DEBUG] 📍 Chunk 117-123: 0 candidate symbols
[2025-11-25T17:03:51.078Z] [2025-11-25T17:03:51.079Z] [INDEXING-ORCHESTRATOR] [DEBUG] ✅ Chunk symbols after filtering: 0 symbols - 
[2025-11-25T17:03:51.078Z] [2025-11-25T17:03:51.079Z] [INDEXING-ORCHESTRATOR] [DEBUG] 📍 Chunk 132-136: 0 candidate symbols
[2025-11-25T17:03:51.078Z] [2025-11-25T17:03:51.079Z] [INDEXING-ORCHESTRATOR] [DEBUG] ✅ Chunk symbols after filtering: 0 symbols - 
[2025-11-25T17:03:51.078Z] [2025-11-25T17:03:51.079Z] [INDEXING-ORCHESTRATOR] [DEBUG] 📍 Chunk 145-151: 0 candidate symbols
[2025-11-25T17:03:51.078Z] [2025-11-25T17:03:51.079Z] [INDEXING-ORCHESTRATOR] [DEBUG] ✅ Chunk symbols after filtering: 0 symbols - 
[2025-11-25T17:03:51.078Z] [2025-11-25T17:03:51.079Z] [INDEXING-ORCHESTRATOR] [DEBUG] 📍 Chunk 167-171: 0 candidate symbols
[2025-11-25T17:03:51.078Z] [2025-11-25T17:03:51.079Z] [INDEXING-ORCHESTRATOR] [DEBUG] ✅ Chunk symbols after filtering: 0 symbols - 
[2025-11-25T17:03:51.078Z] [2025-11-25T17:03:51.079Z] [INDEXING-ORCHESTRATOR] [DEBUG] 📍 Chunk 172-249: 1 candidate symbols
[2025-11-25T17:03:51.078Z] [2025-11-25T17:03:51.079Z] [INDEXING-ORCHESTRATOR] [DEBUG] ✅ Chunk symbols after filtering: 1 symbols - uniqueErrors
[2025-11-25T17:03:51.078Z] [2025-11-25T17:03:51.079Z] [INDEXING-ORCHESTRATOR] [DEBUG] Created 9 semantic chunks for c:\Projects\educatedplanet\admin\src\components\ui\field.tsx
[2025-11-25T17:03:51.078Z] [2025-11-25T17:03:51.079Z] [INDEXING-ORCHESTRATOR] [DEBUG] Average chunk size: 364 characters
[2025-11-25T17:03:51.078Z] [2025-11-25T17:03:51.079Z] [INDEXING-ORCHESTRATOR] [DEBUG] 📊 Processed: 130/302 files
[2025-11-25T17:03:51.088Z] [2025-11-25T17:03:51.089Z] [TREESITTER-CHUNKER] [INFO] Created 4 semantic chunks from c:\Projects\educatedplanet\admin\src\components\ui\input-otp.tsx
[2025-11-25T17:03:51.096Z] [2025-11-25T17:03:51.098Z] [TREESITTER-FULL] [INFO] Extracted 2 symbols from c:\Projects\educatedplanet\admin\src\components\ui\input-otp.tsx
[2025-11-25T17:03:51.096Z] [2025-11-25T17:03:51.098Z] [INDEXING-ORCHESTRATOR] [DEBUG] 🔍 Symbol extraction for c:\Projects\educatedplanet\admin\src\components\ui\input-otp.tsx: 2 symbols, 4 imports
[2025-11-25T17:03:51.096Z] [2025-11-25T17:03:51.098Z] [INDEXING-ORCHESTRATOR] [DEBUG] 📍 Chunk 9-23: 0 candidate symbols
[2025-11-25T17:03:51.096Z] [2025-11-25T17:03:51.098Z] [INDEXING-ORCHESTRATOR] [DEBUG] ✅ Chunk symbols after filtering: 0 symbols - 
[2025-11-25T17:03:51.096Z] [2025-11-25T17:03:51.098Z] [INDEXING-ORCHESTRATOR] [DEBUG] 📍 Chunk 33-34: 0 candidate symbols
[2025-11-25T17:03:51.096Z] [2025-11-25T17:03:51.098Z] [INDEXING-ORCHESTRATOR] [DEBUG] ✅ Chunk symbols after filtering: 0 symbols - 
[2025-11-25T17:03:51.096Z] [2025-11-25T17:03:51.098Z] [INDEXING-ORCHESTRATOR] [DEBUG] 📍 Chunk 53-57: 0 candidate symbols
[2025-11-25T17:03:51.096Z] [2025-11-25T17:03:51.098Z] [INDEXING-ORCHESTRATOR] [DEBUG] ✅ Chunk symbols after filtering: 0 symbols - 
[2025-11-25T17:03:51.096Z] [2025-11-25T17:03:51.098Z] [INDEXING-ORCHESTRATOR] [DEBUG] 📍 Chunk 58-78: 0 candidate symbols
[2025-11-25T17:03:51.096Z] [2025-11-25T17:03:51.098Z] [INDEXING-ORCHESTRATOR] [DEBUG] ✅ Chunk symbols after filtering: 0 symbols - 
[2025-11-25T17:03:51.096Z] [2025-11-25T17:03:51.098Z] [INDEXING-ORCHESTRATOR] [DEBUG] Created 4 semantic chunks for c:\Projects\educatedplanet\admin\src\components\ui\input-otp.tsx
[2025-11-25T17:03:51.096Z] [2025-11-25T17:03:51.098Z] [INDEXING-ORCHESTRATOR] [DEBUG] Average chunk size: 391 characters
[2025-11-25T17:03:51.104Z] [2025-11-25T17:03:51.106Z] [TREESITTER-CHUNKER] [INFO] Created 5 semantic chunks from c:\Projects\educatedplanet\admin\src\components\ui\input-group.tsx
[2025-11-25T17:03:51.128Z] [2025-11-25T17:03:51.129Z] [TREESITTER-FULL] [INFO] Extracted 0 symbols from c:\Projects\educatedplanet\admin\src\components\ui\input-group.tsx
[2025-11-25T17:03:51.128Z] [2025-11-25T17:03:51.129Z] [INDEXING-ORCHESTRATOR] [DEBUG] 🔍 Symbol extraction for c:\Projects\educatedplanet\admin\src\components\ui\input-group.tsx: 0 symbols, 6 imports
[2025-11-25T17:03:51.128Z] [2025-11-25T17:03:51.129Z] [INDEXING-ORCHESTRATOR] [DEBUG] 📍 Chunk 16-34: 0 candidate symbols
[2025-11-25T17:03:51.128Z] [2025-11-25T17:03:51.129Z] [INDEXING-ORCHESTRATOR] [DEBUG] ✅ Chunk symbols after filtering: 0 symbols - 
[2025-11-25T17:03:51.128Z] [2025-11-25T17:03:51.129Z] [INDEXING-ORCHESTRATOR] [DEBUG] 📍 Chunk 122-126: 0 candidate symbols
[2025-11-25T17:03:51.128Z] [2025-11-25T17:03:51.129Z] [INDEXING-ORCHESTRATOR] [DEBUG] ✅ Chunk symbols after filtering: 0 symbols - 
[2025-11-25T17:03:51.128Z] [2025-11-25T17:03:51.129Z] [INDEXING-ORCHESTRATOR] [DEBUG] 📍 Chunk 138-142: 0 candidate symbols
[2025-11-25T17:03:51.128Z] [2025-11-25T17:03:51.129Z] [INDEXING-ORCHESTRATOR] [DEBUG] ✅ Chunk symbols after filtering: 0 symbols - 
[2025-11-25T17:03:51.128Z] [2025-11-25T17:03:51.129Z] [INDEXING-ORCHESTRATOR] [DEBUG] 📍 Chunk 154-158: 0 candidate symbols
[2025-11-25T17:03:51.128Z] [2025-11-25T17:03:51.129Z] [INDEXING-ORCHESTRATOR] [DEBUG] ✅ Chunk symbols after filtering: 0 symbols - 
[2025-11-25T17:03:51.128Z] [2025-11-25T17:03:51.129Z] [INDEXING-ORCHESTRATOR] [DEBUG] 📍 Chunk 159-171: 0 candidate symbols
[2025-11-25T17:03:51.128Z] [2025-11-25T17:03:51.129Z] [INDEXING-ORCHESTRATOR] [DEBUG] ✅ Chunk symbols after filtering: 0 symbols - 
[2025-11-25T17:03:51.128Z] [2025-11-25T17:03:51.129Z] [INDEXING-ORCHESTRATOR] [DEBUG] Created 5 semantic chunks for c:\Projects\educatedplanet\admin\src\components\ui\input-group.tsx
[2025-11-25T17:03:51.128Z] [2025-11-25T17:03:51.129Z] [INDEXING-ORCHESTRATOR] [DEBUG] Average chunk size: 360 characters
[2025-11-25T17:03:51.131Z] [2025-11-25T17:03:51.132Z] [TREESITTER-CHUNKER] [INFO] Created 2 semantic chunks from c:\Projects\educatedplanet\admin\src\components\ui\hover-card.tsx
[2025-11-25T17:03:51.135Z] [2025-11-25T17:03:51.136Z] [TREESITTER-FULL] [INFO] Extracted 1 symbols from c:\Projects\educatedplanet\admin\src\components\ui\hover-card.tsx
[2025-11-25T17:03:51.135Z] [2025-11-25T17:03:51.136Z] [INDEXING-ORCHESTRATOR] [DEBUG] 🔍 Symbol extraction for c:\Projects\educatedplanet\admin\src\components\ui\hover-card.tsx: 1 symbols, 3 imports
[2025-11-25T17:03:51.135Z] [2025-11-25T17:03:51.136Z] [INDEXING-ORCHESTRATOR] [DEBUG] 📍 Chunk 14-20: 1 candidate symbols
[2025-11-25T17:03:51.135Z] [2025-11-25T17:03:51.136Z] [INDEXING-ORCHESTRATOR] [DEBUG] ✅ Chunk symbols after filtering: 1 symbols - HoverCardTrigger
[2025-11-25T17:03:51.135Z] [2025-11-25T17:03:51.136Z] [INDEXING-ORCHESTRATOR] [DEBUG] 📍 Chunk 21-45: 0 candidate symbols
[2025-11-25T17:03:51.135Z] [2025-11-25T17:03:51.136Z] [INDEXING-ORCHESTRATOR] [DEBUG] ✅ Chunk symbols after filtering: 0 symbols - 
[2025-11-25T17:03:51.135Z] [2025-11-25T17:03:51.136Z] [INDEXING-ORCHESTRATOR] [DEBUG] Created 2 semantic chunks for c:\Projects\educatedplanet\admin\src\components\ui\hover-card.tsx
[2025-11-25T17:03:51.135Z] [2025-11-25T17:03:51.136Z] [INDEXING-ORCHESTRATOR] [DEBUG] Average chunk size: 624 characters
[2025-11-25T17:03:51.136Z] [2025-11-25T17:03:51.138Z] [TREESITTER-CHUNKER] [INFO] Created 1 semantic chunks from c:\Projects\educatedplanet\admin\src\components\ui\input.tsx
[2025-11-25T17:03:51.138Z] [2025-11-25T17:03:51.140Z] [TREESITTER-FULL] [INFO] Extracted 0 symbols from c:\Projects\educatedplanet\admin\src\components\ui\input.tsx
[2025-11-25T17:03:51.138Z] [2025-11-25T17:03:51.140Z] [INDEXING-ORCHESTRATOR] [DEBUG] 🔍 Symbol extraction for c:\Projects\educatedplanet\admin\src\components\ui\input.tsx: 0 symbols, 2 imports
[2025-11-25T17:03:51.138Z] [2025-11-25T17:03:51.140Z] [INDEXING-ORCHESTRATOR] [DEBUG] 📍 Chunk 1-22: 0 candidate symbols
[2025-11-25T17:03:51.138Z] [2025-11-25T17:03:51.140Z] [INDEXING-ORCHESTRATOR] [DEBUG] ✅ Chunk symbols after filtering: 0 symbols - 
[2025-11-25T17:03:51.138Z] [2025-11-25T17:03:51.140Z] [INDEXING-ORCHESTRATOR] [DEBUG] Created 1 semantic chunks for c:\Projects\educatedplanet\admin\src\components\ui\input.tsx
[2025-11-25T17:03:51.139Z] [2025-11-25T17:03:51.140Z] [INDEXING-ORCHESTRATOR] [DEBUG] Average chunk size: 981 characters
[2025-11-25T17:03:51.147Z] [2025-11-25T17:03:51.149Z] [TREESITTER-CHUNKER] [INFO] Created 6 semantic chunks from c:\Projects\educatedplanet\admin\src\components\ui\form.tsx
[2025-11-25T17:03:51.175Z] [2025-11-25T17:03:51.177Z] [TREESITTER-FULL] [INFO] Extracted 6 symbols from c:\Projects\educatedplanet\admin\src\components\ui\form.tsx
[2025-11-25T17:03:51.175Z] [2025-11-25T17:03:51.177Z] [INDEXING-ORCHESTRATOR] [DEBUG] 🔍 Symbol extraction for c:\Projects\educatedplanet\admin\src\components\ui\form.tsx: 6 symbols, 5 imports
[2025-11-25T17:03:51.175Z] [2025-11-25T17:03:51.177Z] [INDEXING-ORCHESTRATOR] [DEBUG] 📍 Chunk 21-26: 1 candidate symbols
[2025-11-25T17:03:51.175Z] [2025-11-25T17:03:51.177Z] [INDEXING-ORCHESTRATOR] [DEBUG] ✅ Chunk symbols after filtering: 1 symbols - FormFieldContextValue
[2025-11-25T17:03:51.175Z] [2025-11-25T17:03:51.177Z] [INDEXING-ORCHESTRATOR] [DEBUG] 📍 Chunk 68-70: 1 candidate symbols
[2025-11-25T17:03:51.176Z] [2025-11-25T17:03:51.177Z] [INDEXING-ORCHESTRATOR] [DEBUG] ✅ Chunk symbols after filtering: 1 symbols - FormItemContextValue
[2025-11-25T17:03:51.176Z] [2025-11-25T17:03:51.177Z] [INDEXING-ORCHESTRATOR] [DEBUG] 📍 Chunk 83-84: 0 candidate symbols
[2025-11-25T17:03:51.176Z] [2025-11-25T17:03:51.177Z] [INDEXING-ORCHESTRATOR] [DEBUG] ✅ Chunk symbols after filtering: 0 symbols - 
[2025-11-25T17:03:51.176Z] [2025-11-25T17:03:51.177Z] [INDEXING-ORCHESTRATOR] [DEBUG] 📍 Chunk 100-133: 0 candidate symbols
[2025-11-25T17:03:51.176Z] [2025-11-25T17:03:51.177Z] [INDEXING-ORCHESTRATOR] [DEBUG] ✅ Chunk symbols after filtering: 0 symbols - 
[2025-11-25T17:03:51.176Z] [2025-11-25T17:03:51.177Z] [INDEXING-ORCHESTRATOR] [DEBUG] 📍 Chunk 150-151: 0 candidate symbols
[2025-11-25T17:03:51.176Z] [2025-11-25T17:03:51.177Z] [INDEXING-ORCHESTRATOR] [DEBUG] ✅ Chunk symbols after filtering: 0 symbols - 
[2025-11-25T17:03:51.176Z] [2025-11-25T17:03:51.177Z] [INDEXING-ORCHESTRATOR] [DEBUG] 📍 Chunk 152-168: 0 candidate symbols
[2025-11-25T17:03:51.176Z] [2025-11-25T17:03:51.177Z] [INDEXING-ORCHESTRATOR] [DEBUG] ✅ Chunk symbols after filtering: 0 symbols - 
[2025-11-25T17:03:51.176Z] [2025-11-25T17:03:51.177Z] [INDEXING-ORCHESTRATOR] [DEBUG] Created 6 semantic chunks for c:\Projects\educatedplanet\admin\src\components\ui\form.tsx
[2025-11-25T17:03:51.176Z] [2025-11-25T17:03:51.177Z] [INDEXING-ORCHESTRATOR] [DEBUG] Average chunk size: 230 characters
[2025-11-25T17:03:51.181Z] [2025-11-25T17:03:51.182Z] [TREESITTER-CHUNKER] [INFO] Created 3 semantic chunks from c:\Projects\educatedplanet\admin\src\components\ui\kbd.tsx
[2025-11-25T17:03:51.184Z] [2025-11-25T17:03:51.186Z] [TREESITTER-FULL] [INFO] Extracted 0 symbols from c:\Projects\educatedplanet\admin\src\components\ui\kbd.tsx
[2025-11-25T17:03:51.184Z] [2025-11-25T17:03:51.186Z] [INDEXING-ORCHESTRATOR] [DEBUG] 🔍 Symbol extraction for c:\Projects\educatedplanet\admin\src\components\ui\kbd.tsx: 0 symbols, 1 imports
[2025-11-25T17:03:51.184Z] [2025-11-25T17:03:51.186Z] [INDEXING-ORCHESTRATOR] [DEBUG] 📍 Chunk 7-13: 0 candidate symbols
[2025-11-25T17:03:51.184Z] [2025-11-25T17:03:51.186Z] [INDEXING-ORCHESTRATOR] [DEBUG] ✅ Chunk symbols after filtering: 0 symbols - 
[2025-11-25T17:03:51.184Z] [2025-11-25T17:03:51.186Z] [INDEXING-ORCHESTRATOR] [DEBUG] 📍 Chunk 22-23: 0 candidate symbols
[2025-11-25T17:03:51.184Z] [2025-11-25T17:03:51.186Z] [INDEXING-ORCHESTRATOR] [DEBUG] ✅ Chunk symbols after filtering: 0 symbols - 
[2025-11-25T17:03:51.185Z] [2025-11-25T17:03:51.186Z] [INDEXING-ORCHESTRATOR] [DEBUG] 📍 Chunk 24-29: 0 candidate symbols
[2025-11-25T17:03:51.185Z] [2025-11-25T17:03:51.186Z] [INDEXING-ORCHESTRATOR] [DEBUG] ✅ Chunk symbols after filtering: 0 symbols - 
[2025-11-25T17:03:51.185Z] [2025-11-25T17:03:51.186Z] [INDEXING-ORCHESTRATOR] [DEBUG] Created 3 semantic chunks for c:\Projects\educatedplanet\admin\src\components\ui\kbd.tsx
[2025-11-25T17:03:51.185Z] [2025-11-25T17:03:51.186Z] [INDEXING-ORCHESTRATOR] [DEBUG] Average chunk size: 184 characters
[2025-11-25T17:03:51.197Z] [2025-11-25T17:03:51.198Z] [TREESITTER-CHUNKER] [INFO] Created 9 semantic chunks from c:\Projects\educatedplanet\admin\src\components\ui\item.tsx
[2025-11-25T17:03:51.220Z] [2025-11-25T17:03:51.221Z] [TREESITTER-FULL] [INFO] Extracted 1 symbols from c:\Projects\educatedplanet\admin\src\components\ui\item.tsx
[2025-11-25T17:03:51.220Z] [2025-11-25T17:03:51.221Z] [INDEXING-ORCHESTRATOR] [DEBUG] 🔍 Symbol extraction for c:\Projects\educatedplanet\admin\src\components\ui\item.tsx: 1 symbols, 5 imports
[2025-11-25T17:03:51.220Z] [2025-11-25T17:03:51.221Z] [INDEXING-ORCHESTRATOR] [DEBUG] 📍 Chunk 8-17: 1 candidate symbols
[2025-11-25T17:03:51.220Z] [2025-11-25T17:03:51.221Z] [INDEXING-ORCHESTRATOR] [DEBUG] ✅ Chunk symbols after filtering: 1 symbols - ItemGroup
[2025-11-25T17:03:51.220Z] [2025-11-25T17:03:51.221Z] [INDEXING-ORCHESTRATOR] [DEBUG] 📍 Chunk 27-28: 0 candidate symbols
[2025-11-25T17:03:51.220Z] [2025-11-25T17:03:51.221Z] [INDEXING-ORCHESTRATOR] [DEBUG] ✅ Chunk symbols after filtering: 0 symbols - 
[2025-11-25T17:03:51.220Z] [2025-11-25T17:03:51.221Z] [INDEXING-ORCHESTRATOR] [DEBUG] 📍 Chunk 110-114: 0 candidate symbols
[2025-11-25T17:03:51.220Z] [2025-11-25T17:03:51.221Z] [INDEXING-ORCHESTRATOR] [DEBUG] ✅ Chunk symbols after filtering: 0 symbols - 
[2025-11-25T17:03:51.220Z] [2025-11-25T17:03:51.221Z] [INDEXING-ORCHESTRATOR] [DEBUG] 📍 Chunk 123-127: 0 candidate symbols
[2025-11-25T17:03:51.220Z] [2025-11-25T17:03:51.221Z] [INDEXING-ORCHESTRATOR] [DEBUG] ✅ Chunk symbols after filtering: 0 symbols - 
[2025-11-25T17:03:51.220Z] [2025-11-25T17:03:51.221Z] [INDEXING-ORCHESTRATOR] [DEBUG] 📍 Chunk 136-141: 0 candidate symbols
[2025-11-25T17:03:51.220Z] [2025-11-25T17:03:51.221Z] [INDEXING-ORCHESTRATOR] [DEBUG] ✅ Chunk symbols after filtering: 0 symbols - 
[2025-11-25T17:03:51.220Z] [2025-11-25T17:03:51.222Z] [INDEXING-ORCHESTRATOR] [DEBUG] 📍 Chunk 150-151: 0 candidate symbols
[2025-11-25T17:03:51.220Z] [2025-11-25T17:03:51.222Z] [INDEXING-ORCHESTRATOR] [DEBUG] ✅ Chunk symbols after filtering: 0 symbols - 
[2025-11-25T17:03:51.220Z] [2025-11-25T17:03:51.222Z] [INDEXING-ORCHESTRATOR] [DEBUG] 📍 Chunk 160-164: 0 candidate symbols
[2025-11-25T17:03:51.220Z] [2025-11-25T17:03:51.222Z] [INDEXING-ORCHESTRATOR] [DEBUG] ✅ Chunk symbols after filtering: 0 symbols - 
[2025-11-25T17:03:51.220Z] [2025-11-25T17:03:51.222Z] [INDEXING-ORCHESTRATOR] [DEBUG] 📍 Chunk 173-177: 0 candidate symbols
[2025-11-25T17:03:51.220Z] [2025-11-25T17:03:51.222Z] [INDEXING-ORCHESTRATOR] [DEBUG] ✅ Chunk symbols after filtering: 0 symbols - 
[2025-11-25T17:03:51.220Z] [2025-11-25T17:03:51.222Z] [INDEXING-ORCHESTRATOR] [DEBUG] 📍 Chunk 178-194: 0 candidate symbols
[2025-11-25T17:03:51.220Z] [2025-11-25T17:03:51.222Z] [INDEXING-ORCHESTRATOR] [DEBUG] ✅ Chunk symbols after filtering: 0 symbols - 
[2025-11-25T17:03:51.220Z] [2025-11-25T17:03:51.222Z] [INDEXING-ORCHESTRATOR] [DEBUG] Created 9 semantic chunks for c:\Projects\educatedplanet\admin\src\components\ui\item.tsx
[2025-11-25T17:03:51.220Z] [2025-11-25T17:03:51.222Z] [INDEXING-ORCHESTRATOR] [DEBUG] Average chunk size: 136 characters
[2025-11-25T17:03:51.222Z] [2025-11-25T17:03:51.223Z] [TREESITTER-CHUNKER] [INFO] Created 1 semantic chunks from c:\Projects\educatedplanet\admin\src\components\ui\label.tsx
[2025-11-25T17:03:51.224Z] [2025-11-25T17:03:51.226Z] [TREESITTER-FULL] [INFO] Extracted 1 symbols from c:\Projects\educatedplanet\admin\src\components\ui\label.tsx
[2025-11-25T17:03:51.224Z] [2025-11-25T17:03:51.226Z] [INDEXING-ORCHESTRATOR] [DEBUG] 🔍 Symbol extraction for c:\Projects\educatedplanet\admin\src\components\ui\label.tsx: 1 symbols, 3 imports
[2025-11-25T17:03:51.224Z] [2025-11-25T17:03:51.226Z] [INDEXING-ORCHESTRATOR] [DEBUG] 📍 Chunk 8-24: 1 candidate symbols
[2025-11-25T17:03:51.224Z] [2025-11-25T17:03:51.226Z] [INDEXING-ORCHESTRATOR] [DEBUG] ✅ Chunk symbols after filtering: 1 symbols - Label
[2025-11-25T17:03:51.224Z] [2025-11-25T17:03:51.226Z] [INDEXING-ORCHESTRATOR] [DEBUG] Created 1 semantic chunks for c:\Projects\educatedplanet\admin\src\components\ui\label.tsx
[2025-11-25T17:03:51.224Z] [2025-11-25T17:03:51.226Z] [INDEXING-ORCHESTRATOR] [DEBUG] Average chunk size: 490 characters
[2025-11-25T17:03:51.228Z] [2025-11-25T17:03:51.229Z] [TREESITTER-CHUNKER] [INFO] Created 2 semantic chunks from c:\Projects\educatedplanet\admin\src\components\ui\loading-bar.tsx
[2025-11-25T17:03:51.235Z] [2025-11-25T17:03:51.236Z] [TREESITTER-FULL] [INFO] Extracted 2 symbols from c:\Projects\educatedplanet\admin\src\components\ui\loading-bar.tsx
[2025-11-25T17:03:51.235Z] [2025-11-25T17:03:51.236Z] [INDEXING-ORCHESTRATOR] [DEBUG] 🔍 Symbol extraction for c:\Projects\educatedplanet\admin\src\components\ui\loading-bar.tsx: 2 symbols, 3 imports
[2025-11-25T17:03:51.235Z] [2025-11-25T17:03:51.236Z] [INDEXING-ORCHESTRATOR] [DEBUG] 📍 Chunk 7-10: 1 candidate symbols
[2025-11-25T17:03:51.235Z] [2025-11-25T17:03:51.236Z] [INDEXING-ORCHESTRATOR] [DEBUG] ✅ Chunk symbols after filtering: 1 symbols - AppLoadingBarProps
[2025-11-25T17:03:51.235Z] [2025-11-25T17:03:51.236Z] [INDEXING-ORCHESTRATOR] [DEBUG] 📍 Chunk 12-73: 1 candidate symbols
[2025-11-25T17:03:51.235Z] [2025-11-25T17:03:51.236Z] [INDEXING-ORCHESTRATOR] [DEBUG] ✅ Chunk symbols after filtering: 1 symbols - AppLoadingBar
[2025-11-25T17:03:51.235Z] [2025-11-25T17:03:51.236Z] [INDEXING-ORCHESTRATOR] [DEBUG] Created 2 semantic chunks for c:\Projects\educatedplanet\admin\src\components\ui\loading-bar.tsx
[2025-11-25T17:03:51.235Z] [2025-11-25T17:03:51.236Z] [INDEXING-ORCHESTRATOR] [DEBUG] Average chunk size: 798 characters
[2025-11-25T17:03:51.240Z] [2025-11-25T17:03:51.241Z] [TREESITTER-CHUNKER] [INFO] Created 2 semantic chunks from c:\Projects\educatedplanet\admin\src\components\ui\loading-link.tsx
[2025-11-25T17:03:51.253Z] [2025-11-25T17:03:51.254Z] [TREESITTER-FULL] [INFO] Extracted 2 symbols from c:\Projects\educatedplanet\admin\src\components\ui\loading-link.tsx
[2025-11-25T17:03:51.253Z] [2025-11-25T17:03:51.254Z] [INDEXING-ORCHESTRATOR] [DEBUG] 🔍 Symbol extraction for c:\Projects\educatedplanet\admin\src\components\ui\loading-link.tsx: 2 symbols, 4 imports
[2025-11-25T17:03:51.253Z] [2025-11-25T17:03:51.254Z] [INDEXING-ORCHESTRATOR] [DEBUG] 📍 Chunk 8-16: 1 candidate symbols
[2025-11-25T17:03:51.253Z] [2025-11-25T17:03:51.254Z] [INDEXING-ORCHESTRATOR] [DEBUG] ✅ Chunk symbols after filtering: 1 symbols - LoadingLinkProps
[2025-11-25T17:03:51.253Z] [2025-11-25T17:03:51.254Z] [INDEXING-ORCHESTRATOR] [DEBUG] 📍 Chunk 17-92: 1 candidate symbols
[2025-11-25T17:03:51.253Z] [2025-11-25T17:03:51.254Z] [INDEXING-ORCHESTRATOR] [DEBUG] ✅ Chunk symbols after filtering: 1 symbols - LoadingLink
[2025-11-25T17:03:51.253Z] [2025-11-25T17:03:51.254Z] [INDEXING-ORCHESTRATOR] [DEBUG] Created 2 semantic chunks for c:\Projects\educatedplanet\admin\src\components\ui\loading-link.tsx
[2025-11-25T17:03:51.253Z] [2025-11-25T17:03:51.254Z] [INDEXING-ORCHESTRATOR] [DEBUG] Average chunk size: 926 characters
[2025-11-25T17:03:51.253Z] [2025-11-25T17:03:51.254Z] [INDEXING-ORCHESTRATOR] [DEBUG] 📊 Processed: 140/302 files
[2025-11-25T17:03:51.270Z] [2025-11-25T17:03:51.271Z] [TREESITTER-CHUNKER] [INFO] Created 3 semantic chunks from c:\Projects\educatedplanet\admin\src\components\ui\menubar.tsx
[2025-11-25T17:03:51.300Z] [2025-11-25T17:03:51.301Z] [TREESITTER-FULL] [INFO] Extracted 0 symbols from c:\Projects\educatedplanet\admin\src\components\ui\menubar.tsx
[2025-11-25T17:03:51.300Z] [2025-11-25T17:03:51.301Z] [INDEXING-ORCHESTRATOR] [DEBUG] 🔍 Symbol extraction for c:\Projects\educatedplanet\admin\src\components\ui\menubar.tsx: 0 symbols, 4 imports
[2025-11-25T17:03:51.300Z] [2025-11-25T17:03:51.301Z] [INDEXING-ORCHESTRATOR] [DEBUG] 📍 Chunk 105-109: 0 candidate symbols
[2025-11-25T17:03:51.300Z] [2025-11-25T17:03:51.301Z] [INDEXING-ORCHESTRATOR] [DEBUG] ✅ Chunk symbols after filtering: 0 symbols - 
[2025-11-25T17:03:51.300Z] [2025-11-25T17:03:51.301Z] [INDEXING-ORCHESTRATOR] [DEBUG] 📍 Chunk 204-208: 0 candidate symbols
[2025-11-25T17:03:51.300Z] [2025-11-25T17:03:51.301Z] [INDEXING-ORCHESTRATOR] [DEBUG] ✅ Chunk symbols after filtering: 0 symbols - 
[2025-11-25T17:03:51.300Z] [2025-11-25T17:03:51.301Z] [INDEXING-ORCHESTRATOR] [DEBUG] 📍 Chunk 209-277: 0 candidate symbols
[2025-11-25T17:03:51.300Z] [2025-11-25T17:03:51.301Z] [INDEXING-ORCHESTRATOR] [DEBUG] ✅ Chunk symbols after filtering: 0 symbols - 
[2025-11-25T17:03:51.300Z] [2025-11-25T17:03:51.301Z] [INDEXING-ORCHESTRATOR] [DEBUG] Created 3 semantic chunks for c:\Projects\educatedplanet\admin\src\components\ui\menubar.tsx
[2025-11-25T17:03:51.300Z] [2025-11-25T17:03:51.301Z] [INDEXING-ORCHESTRATOR] [DEBUG] Average chunk size: 931 characters
[2025-11-25T17:03:51.302Z] [2025-11-25T17:03:51.303Z] [TREESITTER-CHUNKER] [INFO] Created 1 semantic chunks from c:\Projects\educatedplanet\admin\src\components\ui\loading-overlay.tsx
[2025-11-25T17:03:51.305Z] [2025-11-25T17:03:51.306Z] [TREESITTER-FULL] [INFO] Extracted 2 symbols from c:\Projects\educatedplanet\admin\src\components\ui\loading-overlay.tsx
[2025-11-25T17:03:51.305Z] [2025-11-25T17:03:51.306Z] [INDEXING-ORCHESTRATOR] [DEBUG] 🔍 Symbol extraction for c:\Projects\educatedplanet\admin\src\components\ui\loading-overlay.tsx: 2 symbols, 2 imports
[2025-11-25T17:03:51.305Z] [2025-11-25T17:03:51.306Z] [INDEXING-ORCHESTRATOR] [DEBUG] 📍 Chunk 6-34: 2 candidate symbols
[2025-11-25T17:03:51.305Z] [2025-11-25T17:03:51.307Z] [INDEXING-ORCHESTRATOR] [DEBUG] ✅ Chunk symbols after filtering: 2 symbols - LoadingOverlayProps, LoadingOverlay
[2025-11-25T17:03:51.305Z] [2025-11-25T17:03:51.307Z] [INDEXING-ORCHESTRATOR] [DEBUG] Created 1 semantic chunks for c:\Projects\educatedplanet\admin\src\components\ui\loading-overlay.tsx
[2025-11-25T17:03:51.305Z] [2025-11-25T17:03:51.307Z] [INDEXING-ORCHESTRATOR] [DEBUG] Average chunk size: 803 characters
[2025-11-25T17:03:51.312Z] [2025-11-25T17:03:51.313Z] [TREESITTER-CHUNKER] [INFO] Created 4 semantic chunks from c:\Projects\educatedplanet\admin\src\components\ui\navigation-menu.tsx
[2025-11-25T17:03:51.325Z] [2025-11-25T17:03:51.327Z] [TREESITTER-FULL] [INFO] Extracted 2 symbols from c:\Projects\educatedplanet\admin\src\components\ui\navigation-menu.tsx
[2025-11-25T17:03:51.325Z] [2025-11-25T17:03:51.327Z] [INDEXING-ORCHESTRATOR] [DEBUG] 🔍 Symbol extraction for c:\Projects\educatedplanet\admin\src\components\ui\navigation-menu.tsx: 2 symbols, 5 imports
[2025-11-25T17:03:51.325Z] [2025-11-25T17:03:51.327Z] [INDEXING-ORCHESTRATOR] [DEBUG] 📍 Chunk 39-43: 0 candidate symbols
[2025-11-25T17:03:51.325Z] [2025-11-25T17:03:51.327Z] [INDEXING-ORCHESTRATOR] [DEBUG] ✅ Chunk symbols after filtering: 0 symbols - 
[2025-11-25T17:03:51.325Z] [2025-11-25T17:03:51.327Z] [INDEXING-ORCHESTRATOR] [DEBUG] 📍 Chunk 65-83: 1 candidate symbols
[2025-11-25T17:03:51.325Z] [2025-11-25T17:03:51.327Z] [INDEXING-ORCHESTRATOR] [DEBUG] ✅ Chunk symbols after filtering: 1 symbols - NavigationMenuTrigger
[2025-11-25T17:03:51.325Z] [2025-11-25T17:03:51.327Z] [INDEXING-ORCHESTRATOR] [DEBUG] 📍 Chunk 131-135: 0 candidate symbols
[2025-11-25T17:03:51.326Z] [2025-11-25T17:03:51.327Z] [INDEXING-ORCHESTRATOR] [DEBUG] ✅ Chunk symbols after filtering: 0 symbols - 
[2025-11-25T17:03:51.326Z] [2025-11-25T17:03:51.327Z] [INDEXING-ORCHESTRATOR] [DEBUG] 📍 Chunk 136-169: 0 candidate symbols
[2025-11-25T17:03:51.326Z] [2025-11-25T17:03:51.327Z] [INDEXING-ORCHESTRATOR] [DEBUG] ✅ Chunk symbols after filtering: 0 symbols - 
[2025-11-25T17:03:51.326Z] [2025-11-25T17:03:51.327Z] [INDEXING-ORCHESTRATOR] [DEBUG] Created 4 semantic chunks for c:\Projects\educatedplanet\admin\src\components\ui\navigation-menu.tsx
[2025-11-25T17:03:51.326Z] [2025-11-25T17:03:51.327Z] [INDEXING-ORCHESTRATOR] [DEBUG] Average chunk size: 534 characters
[2025-11-25T17:03:51.328Z] [2025-11-25T17:03:51.330Z] [TREESITTER-CHUNKER] [INFO] Created 1 semantic chunks from c:\Projects\educatedplanet\admin\src\components\ui\resizable.tsx
[2025-11-25T17:03:51.335Z] [2025-11-25T17:03:51.336Z] [TREESITTER-FULL] [INFO] Extracted 0 symbols from c:\Projects\educatedplanet\admin\src\components\ui\resizable.tsx
[2025-11-25T17:03:51.335Z] [2025-11-25T17:03:51.336Z] [INDEXING-ORCHESTRATOR] [DEBUG] 🔍 Symbol extraction for c:\Projects\educatedplanet\admin\src\components\ui\resizable.tsx: 0 symbols, 4 imports
[2025-11-25T17:03:51.335Z] [2025-11-25T17:03:51.336Z] [INDEXING-ORCHESTRATOR] [DEBUG] 📍 Chunk 1-57: 0 candidate symbols
[2025-11-25T17:03:51.335Z] [2025-11-25T17:03:51.336Z] [INDEXING-ORCHESTRATOR] [DEBUG] ✅ Chunk symbols after filtering: 0 symbols - 
[2025-11-25T17:03:51.335Z] [2025-11-25T17:03:51.336Z] [INDEXING-ORCHESTRATOR] [DEBUG] Created 1 semantic chunks for c:\Projects\educatedplanet\admin\src\components\ui\resizable.tsx
[2025-11-25T17:03:51.335Z] [2025-11-25T17:03:51.336Z] [INDEXING-ORCHESTRATOR] [DEBUG] Average chunk size: 2082 characters
[2025-11-25T17:03:51.341Z] [2025-11-25T17:03:51.343Z] [TREESITTER-CHUNKER] [INFO] Created 1 semantic chunks from c:\Projects\educatedplanet\admin\src\components\ui\popover.tsx
[2025-11-25T17:03:51.345Z] [2025-11-25T17:03:51.347Z] [TREESITTER-FULL] [INFO] Extracted 0 symbols from c:\Projects\educatedplanet\admin\src\components\ui\popover.tsx
[2025-11-25T17:03:51.345Z] [2025-11-25T17:03:51.347Z] [INDEXING-ORCHESTRATOR] [DEBUG] 🔍 Symbol extraction for c:\Projects\educatedplanet\admin\src\components\ui\popover.tsx: 0 symbols, 3 imports
[2025-11-25T17:03:51.345Z] [2025-11-25T17:03:51.347Z] [INDEXING-ORCHESTRATOR] [DEBUG] 📍 Chunk 1-49: 0 candidate symbols
[2025-11-25T17:03:51.345Z] [2025-11-25T17:03:51.347Z] [INDEXING-ORCHESTRATOR] [DEBUG] ✅ Chunk symbols after filtering: 0 symbols - 
[2025-11-25T17:03:51.345Z] [2025-11-25T17:03:51.347Z] [INDEXING-ORCHESTRATOR] [DEBUG] Created 1 semantic chunks for c:\Projects\educatedplanet\admin\src\components\ui\popover.tsx
[2025-11-25T17:03:51.345Z] [2025-11-25T17:03:51.347Z] [INDEXING-ORCHESTRATOR] [DEBUG] Average chunk size: 1676 characters
[2025-11-25T17:03:51.347Z] [2025-11-25T17:03:51.349Z] [TREESITTER-CHUNKER] [INFO] Created 1 semantic chunks from c:\Projects\educatedplanet\admin\src\components\ui\progress.tsx
[2025-11-25T17:03:51.350Z] [2025-11-25T17:03:51.352Z] [TREESITTER-FULL] [INFO] Extracted 0 symbols from c:\Projects\educatedplanet\admin\src\components\ui\progress.tsx
[2025-11-25T17:03:51.350Z] [2025-11-25T17:03:51.352Z] [INDEXING-ORCHESTRATOR] [DEBUG] 🔍 Symbol extraction for c:\Projects\educatedplanet\admin\src\components\ui\progress.tsx: 0 symbols, 3 imports
[2025-11-25T17:03:51.350Z] [2025-11-25T17:03:51.352Z] [INDEXING-ORCHESTRATOR] [DEBUG] 📍 Chunk 1-32: 0 candidate symbols
[2025-11-25T17:03:51.350Z] [2025-11-25T17:03:51.352Z] [INDEXING-ORCHESTRATOR] [DEBUG] ✅ Chunk symbols after filtering: 0 symbols - 
[2025-11-25T17:03:51.350Z] [2025-11-25T17:03:51.352Z] [INDEXING-ORCHESTRATOR] [DEBUG] Created 1 semantic chunks for c:\Projects\educatedplanet\admin\src\components\ui\progress.tsx
[2025-11-25T17:03:51.350Z] [2025-11-25T17:03:51.352Z] [INDEXING-ORCHESTRATOR] [DEBUG] Average chunk size: 764 characters
[2025-11-25T17:03:51.361Z] [2025-11-25T17:03:51.363Z] [TREESITTER-CHUNKER] [INFO] Created 6 semantic chunks from c:\Projects\educatedplanet\admin\src\components\ui\pagination.tsx
[2025-11-25T17:03:51.384Z] [2025-11-25T17:03:51.385Z] [TREESITTER-FULL] [INFO] Extracted 0 symbols from c:\Projects\educatedplanet\admin\src\components\ui\pagination.tsx
[2025-11-25T17:03:51.384Z] [2025-11-25T17:03:51.386Z] [INDEXING-ORCHESTRATOR] [DEBUG] 🔍 Symbol extraction for c:\Projects\educatedplanet\admin\src\components\ui\pagination.tsx: 0 symbols, 4 imports
[2025-11-25T17:03:51.384Z] [2025-11-25T17:03:51.386Z] [INDEXING-ORCHESTRATOR] [DEBUG] 📍 Chunk 30-31: 0 candidate symbols
[2025-11-25T17:03:51.384Z] [2025-11-25T17:03:51.386Z] [INDEXING-ORCHESTRATOR] [DEBUG] ✅ Chunk symbols after filtering: 0 symbols - 
[2025-11-25T17:03:51.384Z] [2025-11-25T17:03:51.386Z] [INDEXING-ORCHESTRATOR] [DEBUG] 📍 Chunk 56-63: 0 candidate symbols
[2025-11-25T17:03:51.384Z] [2025-11-25T17:03:51.386Z] [INDEXING-ORCHESTRATOR] [DEBUG] ✅ Chunk symbols after filtering: 0 symbols - 
[2025-11-25T17:03:51.384Z] [2025-11-25T17:03:51.386Z] [INDEXING-ORCHESTRATOR] [DEBUG] 📍 Chunk 76-77: 0 candidate symbols
[2025-11-25T17:03:51.384Z] [2025-11-25T17:03:51.386Z] [INDEXING-ORCHESTRATOR] [DEBUG] ✅ Chunk symbols after filtering: 0 symbols - 
[2025-11-25T17:03:51.384Z] [2025-11-25T17:03:51.386Z] [INDEXING-ORCHESTRATOR] [DEBUG] 📍 Chunk 85-94: 0 candidate symbols
[2025-11-25T17:03:51.384Z] [2025-11-25T17:03:51.386Z] [INDEXING-ORCHESTRATOR] [DEBUG] ✅ Chunk symbols after filtering: 0 symbols - 
[2025-11-25T17:03:51.384Z] [2025-11-25T17:03:51.386Z] [INDEXING-ORCHESTRATOR] [DEBUG] 📍 Chunk 102-111: 0 candidate symbols
[2025-11-25T17:03:51.384Z] [2025-11-25T17:03:51.386Z] [INDEXING-ORCHESTRATOR] [DEBUG] ✅ Chunk symbols after filtering: 0 symbols - 
[2025-11-25T17:03:51.384Z] [2025-11-25T17:03:51.386Z] [INDEXING-ORCHESTRATOR] [DEBUG] 📍 Chunk 112-128: 0 candidate symbols
[2025-11-25T17:03:51.384Z] [2025-11-25T17:03:51.386Z] [INDEXING-ORCHESTRATOR] [DEBUG] ✅ Chunk symbols after filtering: 0 symbols - 
[2025-11-25T17:03:51.384Z] [2025-11-25T17:03:51.386Z] [INDEXING-ORCHESTRATOR] [DEBUG] Created 6 semantic chunks for c:\Projects\educatedplanet\admin\src\components\ui\pagination.tsx
[2025-11-25T17:03:51.384Z] [2025-11-25T17:03:51.386Z] [INDEXING-ORCHESTRATOR] [DEBUG] Average chunk size: 183 characters
[2025-11-25T17:03:51.387Z] [2025-11-25T17:03:51.388Z] [TREESITTER-CHUNKER] [INFO] Created 2 semantic chunks from c:\Projects\educatedplanet\admin\src\components\ui\radio-group.tsx
[2025-11-25T17:03:51.392Z] [2025-11-25T17:03:51.394Z] [TREESITTER-FULL] [INFO] Extracted 2 symbols from c:\Projects\educatedplanet\admin\src\components\ui\radio-group.tsx
[2025-11-25T17:03:51.392Z] [2025-11-25T17:03:51.394Z] [INDEXING-ORCHESTRATOR] [DEBUG] 🔍 Symbol extraction for c:\Projects\educatedplanet\admin\src\components\ui\radio-group.tsx: 2 symbols, 4 imports
[2025-11-25T17:03:51.392Z] [2025-11-25T17:03:51.394Z] [INDEXING-ORCHESTRATOR] [DEBUG] 📍 Chunk 9-43: 2 candidate symbols
[2025-11-25T17:03:51.392Z] [2025-11-25T17:03:51.394Z] [INDEXING-ORCHESTRATOR] [DEBUG] ✅ Chunk symbols after filtering: 2 symbols - RadioGroup, RadioGroupItem
[2025-11-25T17:03:51.392Z] [2025-11-25T17:03:51.394Z] [INDEXING-ORCHESTRATOR] [DEBUG] 📍 Chunk 44-46: 0 candidate symbols
[2025-11-25T17:03:51.392Z] [2025-11-25T17:03:51.394Z] [INDEXING-ORCHESTRATOR] [DEBUG] ✅ Chunk symbols after filtering: 0 symbols - 
[2025-11-25T17:03:51.393Z] [2025-11-25T17:03:51.394Z] [INDEXING-ORCHESTRATOR] [DEBUG] Created 2 semantic chunks for c:\Projects\educatedplanet\admin\src\components\ui\radio-group.tsx
[2025-11-25T17:03:51.393Z] [2025-11-25T17:03:51.394Z] [INDEXING-ORCHESTRATOR] [DEBUG] Average chunk size: 654 characters
[2025-11-25T17:03:51.396Z] [2025-11-25T17:03:51.397Z] [TREESITTER-CHUNKER] [INFO] Created 3 semantic chunks from c:\Projects\educatedplanet\admin\src\components\ui\scroll-area.tsx
[2025-11-25T17:03:51.402Z] [2025-11-25T17:03:51.403Z] [TREESITTER-FULL] [INFO] Extracted 2 symbols from c:\Projects\educatedplanet\admin\src\components\ui\scroll-area.tsx
[2025-11-25T17:03:51.402Z] [2025-11-25T17:03:51.403Z] [INDEXING-ORCHESTRATOR] [DEBUG] 🔍 Symbol extraction for c:\Projects\educatedplanet\admin\src\components\ui\scroll-area.tsx: 2 symbols, 3 imports
[2025-11-25T17:03:51.402Z] [2025-11-25T17:03:51.403Z] [INDEXING-ORCHESTRATOR] [DEBUG] 📍 Chunk 8-29: 1 candidate symbols
[2025-11-25T17:03:51.402Z] [2025-11-25T17:03:51.403Z] [INDEXING-ORCHESTRATOR] [DEBUG] ✅ Chunk symbols after filtering: 1 symbols - ScrollArea
[2025-11-25T17:03:51.402Z] [2025-11-25T17:03:51.403Z] [INDEXING-ORCHESTRATOR] [DEBUG] 📍 Chunk 31-56: 1 candidate symbols
[2025-11-25T17:03:51.402Z] [2025-11-25T17:03:51.403Z] [INDEXING-ORCHESTRATOR] [DEBUG] ✅ Chunk symbols after filtering: 1 symbols - ScrollBar
[2025-11-25T17:03:51.402Z] [2025-11-25T17:03:51.403Z] [INDEXING-ORCHESTRATOR] [DEBUG] 📍 Chunk 57-59: 0 candidate symbols
[2025-11-25T17:03:51.402Z] [2025-11-25T17:03:51.403Z] [INDEXING-ORCHESTRATOR] [DEBUG] ✅ Chunk symbols after filtering: 0 symbols - 
[2025-11-25T17:03:51.402Z] [2025-11-25T17:03:51.404Z] [INDEXING-ORCHESTRATOR] [DEBUG] Created 3 semantic chunks for c:\Projects\educatedplanet\admin\src\components\ui\scroll-area.tsx
[2025-11-25T17:03:51.402Z] [2025-11-25T17:03:51.404Z] [INDEXING-ORCHESTRATOR] [DEBUG] Average chunk size: 513 characters
[2025-11-25T17:03:51.411Z] [2025-11-25T17:03:51.412Z] [TREESITTER-CHUNKER] [INFO] Created 5 semantic chunks from c:\Projects\educatedplanet\admin\src\components\ui\select.tsx
[2025-11-25T17:03:51.447Z] [2025-11-25T17:03:51.448Z] [TREESITTER-FULL] [INFO] Extracted 0 symbols from c:\Projects\educatedplanet\admin\src\components\ui\select.tsx
[2025-11-25T17:03:51.447Z] [2025-11-25T17:03:51.448Z] [INDEXING-ORCHESTRATOR] [DEBUG] 🔍 Symbol extraction for c:\Projects\educatedplanet\admin\src\components\ui\select.tsx: 0 symbols, 4 imports
[2025-11-25T17:03:51.447Z] [2025-11-25T17:03:51.448Z] [INDEXING-ORCHESTRATOR] [DEBUG] 📍 Chunk 27-88: 0 candidate symbols
[2025-11-25T17:03:51.447Z] [2025-11-25T17:03:51.448Z] [INDEXING-ORCHESTRATOR] [DEBUG] ✅ Chunk symbols after filtering: 0 symbols - 
[2025-11-25T17:03:51.447Z] [2025-11-25T17:03:51.448Z] [INDEXING-ORCHESTRATOR] [DEBUG] 📍 Chunk 64-70: 0 candidate symbols
[2025-11-25T17:03:51.447Z] [2025-11-25T17:03:51.448Z] [INDEXING-ORCHESTRATOR] [DEBUG] ✅ Chunk symbols after filtering: 0 symbols - 
[2025-11-25T17:03:51.447Z] [2025-11-25T17:03:51.448Z] [INDEXING-ORCHESTRATOR] [DEBUG] 📍 Chunk 90-125: 0 candidate symbols
[2025-11-25T17:03:51.447Z] [2025-11-25T17:03:51.448Z] [INDEXING-ORCHESTRATOR] [DEBUG] ✅ Chunk symbols after filtering: 0 symbols - 
[2025-11-25T17:03:51.447Z] [2025-11-25T17:03:51.448Z] [INDEXING-ORCHESTRATOR] [DEBUG] 📍 Chunk 127-174: 0 candidate symbols
[2025-11-25T17:03:51.447Z] [2025-11-25T17:03:51.448Z] [INDEXING-ORCHESTRATOR] [DEBUG] ✅ Chunk symbols after filtering: 0 symbols - 
[2025-11-25T17:03:51.447Z] [2025-11-25T17:03:51.448Z] [INDEXING-ORCHESTRATOR] [DEBUG] 📍 Chunk 175-188: 0 candidate symbols
[2025-11-25T17:03:51.447Z] [2025-11-25T17:03:51.448Z] [INDEXING-ORCHESTRATOR] [DEBUG] ✅ Chunk symbols after filtering: 0 symbols - 
[2025-11-25T17:03:51.447Z] [2025-11-25T17:03:51.448Z] [INDEXING-ORCHESTRATOR] [DEBUG] Created 5 semantic chunks for c:\Projects\educatedplanet\admin\src\components\ui\select.tsx
[2025-11-25T17:03:51.447Z] [2025-11-25T17:03:51.448Z] [INDEXING-ORCHESTRATOR] [DEBUG] Average chunk size: 1313 characters
[2025-11-25T17:03:51.447Z] [2025-11-25T17:03:51.448Z] [INDEXING-ORCHESTRATOR] [DEBUG] 📊 Processed: 150/302 files
[2025-11-25T17:03:51.454Z] [2025-11-25T17:03:51.456Z] [TREESITTER-CHUNKER] [INFO] Created 2 semantic chunks from c:\Projects\educatedplanet\admin\src\components\ui\simple-loading-bar.tsx
[2025-11-25T17:03:51.462Z] [2025-11-25T17:03:51.464Z] [TREESITTER-FULL] [INFO] Extracted 1 symbols from c:\Projects\educatedplanet\admin\src\components\ui\simple-loading-bar.tsx
[2025-11-25T17:03:51.462Z] [2025-11-25T17:03:51.464Z] [INDEXING-ORCHESTRATOR] [DEBUG] 🔍 Symbol extraction for c:\Projects\educatedplanet\admin\src\components\ui\simple-loading-bar.tsx: 1 symbols, 2 imports
[2025-11-25T17:03:51.462Z] [2025-11-25T17:03:51.464Z] [INDEXING-ORCHESTRATOR] [DEBUG] 📍 Chunk 6-8: 1 candidate symbols
[2025-11-25T17:03:51.462Z] [2025-11-25T17:03:51.464Z] [INDEXING-ORCHESTRATOR] [DEBUG] ✅ Chunk symbols after filtering: 1 symbols - SimpleLoadingBarProps
[2025-11-25T17:03:51.462Z] [2025-11-25T17:03:51.464Z] [INDEXING-ORCHESTRATOR] [DEBUG] 📍 Chunk 9-69: 0 candidate symbols
[2025-11-25T17:03:51.462Z] [2025-11-25T17:03:51.464Z] [INDEXING-ORCHESTRATOR] [DEBUG] ✅ Chunk symbols after filtering: 0 symbols - 
[2025-11-25T17:03:51.462Z] [2025-11-25T17:03:51.464Z] [INDEXING-ORCHESTRATOR] [DEBUG] Created 2 semantic chunks for c:\Projects\educatedplanet\admin\src\components\ui\simple-loading-bar.tsx
[2025-11-25T17:03:51.462Z] [2025-11-25T17:03:51.464Z] [INDEXING-ORCHESTRATOR] [DEBUG] Average chunk size: 737 characters
[2025-11-25T17:03:51.500Z] [2025-11-25T17:03:51.502Z] [TREESITTER-CHUNKER] [INFO] Created 25 semantic chunks from c:\Projects\educatedplanet\admin\src\components\ui\sidebar.tsx
[2025-11-25T17:03:51.691Z] [2025-11-25T17:03:51.692Z] [TREESITTER-FULL] [INFO] Extracted 8 symbols from c:\Projects\educatedplanet\admin\src\components\ui\sidebar.tsx
[2025-11-25T17:03:51.691Z] [2025-11-25T17:03:51.692Z] [INDEXING-ORCHESTRATOR] [DEBUG] 🔍 Symbol extraction for c:\Projects\educatedplanet\admin\src\components\ui\sidebar.tsx: 8 symbols, 12 imports
[2025-11-25T17:03:51.691Z] [2025-11-25T17:03:51.693Z] [INDEXING-ORCHESTRATOR] [DEBUG] 📍 Chunk 35-54: 3 candidate symbols
[2025-11-25T17:03:51.691Z] [2025-11-25T17:03:51.693Z] [INDEXING-ORCHESTRATOR] [DEBUG] ✅ Chunk symbols after filtering: 3 symbols - SidebarContextProps, SidebarContext, useSidebar
[2025-11-25T17:03:51.691Z] [2025-11-25T17:03:51.693Z] [INDEXING-ORCHESTRATOR] [DEBUG] 📍 Chunk 141-145: 0 candidate symbols
[2025-11-25T17:03:51.691Z] [2025-11-25T17:03:51.693Z] [INDEXING-ORCHESTRATOR] [DEBUG] ✅ Chunk symbols after filtering: 0 symbols - 
[2025-11-25T17:03:51.691Z] [2025-11-25T17:03:51.693Z] [INDEXING-ORCHESTRATOR] [DEBUG] 📍 Chunk 172-176: 0 candidate symbols
[2025-11-25T17:03:51.691Z] [2025-11-25T17:03:51.693Z] [INDEXING-ORCHESTRATOR] [DEBUG] ✅ Chunk symbols after filtering: 0 symbols - 
[2025-11-25T17:03:51.691Z] [2025-11-25T17:03:51.693Z] [INDEXING-ORCHESTRATOR] [DEBUG] 📍 Chunk 231-242: 0 candidate symbols
[2025-11-25T17:03:51.691Z] [2025-11-25T17:03:51.693Z] [INDEXING-ORCHESTRATOR] [DEBUG] ✅ Chunk symbols after filtering: 0 symbols - 
[2025-11-25T17:03:51.691Z] [2025-11-25T17:03:51.693Z] [INDEXING-ORCHESTRATOR] [DEBUG] 📍 Chunk 293-302: 0 candidate symbols
[2025-11-25T17:03:51.691Z] [2025-11-25T17:03:51.693Z] [INDEXING-ORCHESTRATOR] [DEBUG] ✅ Chunk symbols after filtering: 0 symbols - 
[2025-11-25T17:03:51.691Z] [2025-11-25T17:03:51.693Z] [INDEXING-ORCHESTRATOR] [DEBUG] 📍 Chunk 311-316: 0 candidate symbols
[2025-11-25T17:03:51.691Z] [2025-11-25T17:03:51.693Z] [INDEXING-ORCHESTRATOR] [DEBUG] ✅ Chunk symbols after filtering: 0 symbols - 
[2025-11-25T17:03:51.691Z] [2025-11-25T17:03:51.693Z] [INDEXING-ORCHESTRATOR] [DEBUG] 📍 Chunk 329-330: 0 candidate symbols
[2025-11-25T17:03:51.691Z] [2025-11-25T17:03:51.693Z] [INDEXING-ORCHESTRATOR] [DEBUG] ✅ Chunk symbols after filtering: 0 symbols - 
[2025-11-25T17:03:51.691Z] [2025-11-25T17:03:51.693Z] [INDEXING-ORCHESTRATOR] [DEBUG] 📍 Chunk 340-341: 0 candidate symbols
[2025-11-25T17:03:51.691Z] [2025-11-25T17:03:51.693Z] [INDEXING-ORCHESTRATOR] [DEBUG] ✅ Chunk symbols after filtering: 0 symbols - 
[2025-11-25T17:03:51.691Z] [2025-11-25T17:03:51.693Z] [INDEXING-ORCHESTRATOR] [DEBUG] 📍 Chunk 351-352: 0 candidate symbols
[2025-11-25T17:03:51.691Z] [2025-11-25T17:03:51.693Z] [INDEXING-ORCHESTRATOR] [DEBUG] ✅ Chunk symbols after filtering: 0 symbols - 
[2025-11-25T17:03:51.691Z] [2025-11-25T17:03:51.693Z] [INDEXING-ORCHESTRATOR] [DEBUG] 📍 Chunk 365-366: 0 candidate symbols
[2025-11-25T17:03:51.691Z] [2025-11-25T17:03:51.693Z] [INDEXING-ORCHESTRATOR] [DEBUG] ✅ Chunk symbols after filtering: 0 symbols - 
[2025-11-25T17:03:51.691Z] [2025-11-25T17:03:51.693Z] [INDEXING-ORCHESTRATOR] [DEBUG] 📍 Chunk 376-380: 0 candidate symbols
[2025-11-25T17:03:51.691Z] [2025-11-25T17:03:51.693Z] [INDEXING-ORCHESTRATOR] [DEBUG] ✅ Chunk symbols after filtering: 0 symbols - 
[2025-11-25T17:03:51.691Z] [2025-11-25T17:03:51.693Z] [INDEXING-ORCHESTRATOR] [DEBUG] 📍 Chunk 390-391: 0 candidate symbols
[2025-11-25T17:03:51.691Z] [2025-11-25T17:03:51.693Z] [INDEXING-ORCHESTRATOR] [DEBUG] ✅ Chunk symbols after filtering: 0 symbols - 
[2025-11-25T17:03:51.691Z] [2025-11-25T17:03:51.693Z] [INDEXING-ORCHESTRATOR] [DEBUG] 📍 Chunk 407-412: 0 candidate symbols
[2025-11-25T17:03:51.691Z] [2025-11-25T17:03:51.693Z] [INDEXING-ORCHESTRATOR] [DEBUG] ✅ Chunk symbols after filtering: 0 symbols - 
[2025-11-25T17:03:51.691Z] [2025-11-25T17:03:51.693Z] [INDEXING-ORCHESTRATOR] [DEBUG] 📍 Chunk 428-435: 0 candidate symbols
[2025-11-25T17:03:51.691Z] [2025-11-25T17:03:51.693Z] [INDEXING-ORCHESTRATOR] [DEBUG] ✅ Chunk symbols after filtering: 0 symbols - 
[2025-11-25T17:03:51.691Z] [2025-11-25T17:03:51.693Z] [INDEXING-ORCHESTRATOR] [DEBUG] 📍 Chunk 448-449: 0 candidate symbols
[2025-11-25T17:03:51.691Z] [2025-11-25T17:03:51.693Z] [INDEXING-ORCHESTRATOR] [DEBUG] ✅ Chunk symbols after filtering: 0 symbols - 
[2025-11-25T17:03:51.691Z] [2025-11-25T17:03:51.693Z] [INDEXING-ORCHESTRATOR] [DEBUG] 📍 Chunk 459-460: 0 candidate symbols
[2025-11-25T17:03:51.691Z] [2025-11-25T17:03:51.693Z] [INDEXING-ORCHESTRATOR] [DEBUG] ✅ Chunk symbols after filtering: 0 symbols - 
[2025-11-25T17:03:51.691Z] [2025-11-25T17:03:51.693Z] [INDEXING-ORCHESTRATOR] [DEBUG] 📍 Chunk 470-471: 0 candidate symbols
[2025-11-25T17:03:51.691Z] [2025-11-25T17:03:51.693Z] [INDEXING-ORCHESTRATOR] [DEBUG] ✅ Chunk symbols after filtering: 0 symbols - 
[2025-11-25T17:03:51.691Z] [2025-11-25T17:03:51.693Z] [INDEXING-ORCHESTRATOR] [DEBUG] 📍 Chunk 520-521: 0 candidate symbols
[2025-11-25T17:03:51.691Z] [2025-11-25T17:03:51.693Z] [INDEXING-ORCHESTRATOR] [DEBUG] ✅ Chunk symbols after filtering: 0 symbols - 
[2025-11-25T17:03:51.691Z] [2025-11-25T17:03:51.693Z] [INDEXING-ORCHESTRATOR] [DEBUG] 📍 Chunk 563-575: 0 candidate symbols
[2025-11-25T17:03:51.691Z] [2025-11-25T17:03:51.693Z] [INDEXING-ORCHESTRATOR] [DEBUG] ✅ Chunk symbols after filtering: 0 symbols - 
[2025-11-25T17:03:51.691Z] [2025-11-25T17:03:51.693Z] [INDEXING-ORCHESTRATOR] [DEBUG] 📍 Chunk 588-597: 0 candidate symbols
[2025-11-25T17:03:51.691Z] [2025-11-25T17:03:51.693Z] [INDEXING-ORCHESTRATOR] [DEBUG] ✅ Chunk symbols after filtering: 0 symbols - 
[2025-11-25T17:03:51.691Z] [2025-11-25T17:03:51.693Z] [INDEXING-ORCHESTRATOR] [DEBUG] 📍 Chunk 618-619: 0 candidate symbols
[2025-11-25T17:03:51.692Z] [2025-11-25T17:03:51.693Z] [INDEXING-ORCHESTRATOR] [DEBUG] ✅ Chunk symbols after filtering: 0 symbols - 
[2025-11-25T17:03:51.692Z] [2025-11-25T17:03:51.693Z] [INDEXING-ORCHESTRATOR] [DEBUG] 📍 Chunk 645-650: 0 candidate symbols
[2025-11-25T17:03:51.692Z] [2025-11-25T17:03:51.693Z] [INDEXING-ORCHESTRATOR] [DEBUG] ✅ Chunk symbols after filtering: 0 symbols - 
[2025-11-25T17:03:51.692Z] [2025-11-25T17:03:51.693Z] [INDEXING-ORCHESTRATOR] [DEBUG] 📍 Chunk 663-664: 0 candidate symbols
[2025-11-25T17:03:51.692Z] [2025-11-25T17:03:51.693Z] [INDEXING-ORCHESTRATOR] [DEBUG] ✅ Chunk symbols after filtering: 0 symbols - 
[2025-11-25T17:03:51.692Z] [2025-11-25T17:03:51.693Z] [INDEXING-ORCHESTRATOR] [DEBUG] 📍 Chunk 688-696: 0 candidate symbols
[2025-11-25T17:03:51.692Z] [2025-11-25T17:03:51.693Z] [INDEXING-ORCHESTRATOR] [DEBUG] ✅ Chunk symbols after filtering: 0 symbols - 
[2025-11-25T17:03:51.692Z] [2025-11-25T17:03:51.693Z] [INDEXING-ORCHESTRATOR] [DEBUG] 📍 Chunk 697-727: 0 candidate symbols
[2025-11-25T17:03:51.692Z] [2025-11-25T17:03:51.693Z] [INDEXING-ORCHESTRATOR] [DEBUG] ✅ Chunk symbols after filtering: 0 symbols - 
[2025-11-25T17:03:51.692Z] [2025-11-25T17:03:51.693Z] [INDEXING-ORCHESTRATOR] [DEBUG] Created 25 semantic chunks for c:\Projects\educatedplanet\admin\src\components\ui\sidebar.tsx
[2025-11-25T17:03:51.692Z] [2025-11-25T17:03:51.693Z] [INDEXING-ORCHESTRATOR] [DEBUG] Average chunk size: 301 characters
[2025-11-25T17:03:51.694Z] [2025-11-25T17:03:51.696Z] [TREESITTER-CHUNKER] [INFO] Created 1 semantic chunks from c:\Projects\educatedplanet\admin\src\components\ui\separator.tsx
[2025-11-25T17:03:51.697Z] [2025-11-25T17:03:51.699Z] [TREESITTER-FULL] [INFO] Extracted 1 symbols from c:\Projects\educatedplanet\admin\src\components\ui\separator.tsx
[2025-11-25T17:03:51.697Z] [2025-11-25T17:03:51.699Z] [INDEXING-ORCHESTRATOR] [DEBUG] 🔍 Symbol extraction for c:\Projects\educatedplanet\admin\src\components\ui\separator.tsx: 1 symbols, 3 imports
[2025-11-25T17:03:51.697Z] [2025-11-25T17:03:51.699Z] [INDEXING-ORCHESTRATOR] [DEBUG] 📍 Chunk 8-28: 1 candidate symbols
[2025-11-25T17:03:51.697Z] [2025-11-25T17:03:51.699Z] [INDEXING-ORCHESTRATOR] [DEBUG] ✅ Chunk symbols after filtering: 1 symbols - Separator
[2025-11-25T17:03:51.697Z] [2025-11-25T17:03:51.699Z] [INDEXING-ORCHESTRATOR] [DEBUG] Created 1 semantic chunks for c:\Projects\educatedplanet\admin\src\components\ui\separator.tsx
[2025-11-25T17:03:51.697Z] [2025-11-25T17:03:51.699Z] [INDEXING-ORCHESTRATOR] [DEBUG] Average chunk size: 574 characters
[2025-11-25T17:03:51.710Z] [2025-11-25T17:03:51.711Z] [TREESITTER-CHUNKER] [INFO] Created 4 semantic chunks from c:\Projects\educatedplanet\admin\src\components\ui\sheet.tsx
[2025-11-25T17:03:51.731Z] [2025-11-25T17:03:51.733Z] [TREESITTER-FULL] [INFO] Extracted 1 symbols from c:\Projects\educatedplanet\admin\src\components\ui\sheet.tsx
[2025-11-25T17:03:51.731Z] [2025-11-25T17:03:51.733Z] [INDEXING-ORCHESTRATOR] [DEBUG] 🔍 Symbol extraction for c:\Projects\educatedplanet\admin\src\components\ui\sheet.tsx: 1 symbols, 4 imports
[2025-11-25T17:03:51.732Z] [2025-11-25T17:03:51.733Z] [INDEXING-ORCHESTRATOR] [DEBUG] 📍 Chunk 88-89: 0 candidate symbols
[2025-11-25T17:03:51.732Z] [2025-11-25T17:03:51.733Z] [INDEXING-ORCHESTRATOR] [DEBUG] ✅ Chunk symbols after filtering: 0 symbols - 
[2025-11-25T17:03:51.732Z] [2025-11-25T17:03:51.733Z] [INDEXING-ORCHESTRATOR] [DEBUG] 📍 Chunk 98-99: 0 candidate symbols
[2025-11-25T17:03:51.732Z] [2025-11-25T17:03:51.733Z] [INDEXING-ORCHESTRATOR] [DEBUG] ✅ Chunk symbols after filtering: 0 symbols - 
[2025-11-25T17:03:51.732Z] [2025-11-25T17:03:51.733Z] [INDEXING-ORCHESTRATOR] [DEBUG] 📍 Chunk 117-128: 1 candidate symbols
[2025-11-25T17:03:51.732Z] [2025-11-25T17:03:51.733Z] [INDEXING-ORCHESTRATOR] [DEBUG] ✅ Chunk symbols after filtering: 1 symbols - SheetDescription
[2025-11-25T17:03:51.732Z] [2025-11-25T17:03:51.733Z] [INDEXING-ORCHESTRATOR] [DEBUG] 📍 Chunk 129-140: 0 candidate symbols
[2025-11-25T17:03:51.732Z] [2025-11-25T17:03:51.733Z] [INDEXING-ORCHESTRATOR] [DEBUG] ✅ Chunk symbols after filtering: 0 symbols - 
[2025-11-25T17:03:51.732Z] [2025-11-25T17:03:51.733Z] [INDEXING-ORCHESTRATOR] [DEBUG] Created 4 semantic chunks for c:\Projects\educatedplanet\admin\src\components\ui\sheet.tsx
[2025-11-25T17:03:51.732Z] [2025-11-25T17:03:51.733Z] [INDEXING-ORCHESTRATOR] [DEBUG] Average chunk size: 141 characters
[2025-11-25T17:03:51.735Z] [2025-11-25T17:03:51.736Z] [TREESITTER-CHUNKER] [INFO] Created 1 semantic chunks from c:\Projects\educatedplanet\admin\src\components\ui\slider.tsx
[2025-11-25T17:03:51.741Z] [2025-11-25T17:03:51.742Z] [TREESITTER-FULL] [INFO] Extracted 1 symbols from c:\Projects\educatedplanet\admin\src\components\ui\slider.tsx
[2025-11-25T17:03:51.741Z] [2025-11-25T17:03:51.742Z] [INDEXING-ORCHESTRATOR] [DEBUG] 🔍 Symbol extraction for c:\Projects\educatedplanet\admin\src\components\ui\slider.tsx: 1 symbols, 3 imports
[2025-11-25T17:03:51.741Z] [2025-11-25T17:03:51.742Z] [INDEXING-ORCHESTRATOR] [DEBUG] 📍 Chunk 1-64: 1 candidate symbols
[2025-11-25T17:03:51.741Z] [2025-11-25T17:03:51.742Z] [INDEXING-ORCHESTRATOR] [DEBUG] ✅ Chunk symbols after filtering: 1 symbols - _values
[2025-11-25T17:03:51.741Z] [2025-11-25T17:03:51.742Z] [INDEXING-ORCHESTRATOR] [DEBUG] Created 1 semantic chunks for c:\Projects\educatedplanet\admin\src\components\ui\slider.tsx
[2025-11-25T17:03:51.741Z] [2025-11-25T17:03:51.742Z] [INDEXING-ORCHESTRATOR] [DEBUG] Average chunk size: 2052 characters
[2025-11-25T17:03:51.742Z] [2025-11-25T17:03:51.744Z] [TREESITTER-CHUNKER] [INFO] Created 2 semantic chunks from c:\Projects\educatedplanet\admin\src\components\ui\skeleton.tsx
[2025-11-25T17:03:51.744Z] [2025-11-25T17:03:51.745Z] [TREESITTER-FULL] [INFO] Extracted 0 symbols from c:\Projects\educatedplanet\admin\src\components\ui\skeleton.tsx
[2025-11-25T17:03:51.744Z] [2025-11-25T17:03:51.745Z] [INDEXING-ORCHESTRATOR] [DEBUG] 🔍 Symbol extraction for c:\Projects\educatedplanet\admin\src\components\ui\skeleton.tsx: 0 symbols, 1 imports
[2025-11-25T17:03:51.744Z] [2025-11-25T17:03:51.745Z] [INDEXING-ORCHESTRATOR] [DEBUG] 📍 Chunk 7-8: 0 candidate symbols
[2025-11-25T17:03:51.744Z] [2025-11-25T17:03:51.745Z] [INDEXING-ORCHESTRATOR] [DEBUG] ✅ Chunk symbols after filtering: 0 symbols - 
[2025-11-25T17:03:51.744Z] [2025-11-25T17:03:51.745Z] [INDEXING-ORCHESTRATOR] [DEBUG] 📍 Chunk 9-14: 0 candidate symbols
[2025-11-25T17:03:51.744Z] [2025-11-25T17:03:51.746Z] [INDEXING-ORCHESTRATOR] [DEBUG] ✅ Chunk symbols after filtering: 0 symbols - 
[2025-11-25T17:03:51.744Z] [2025-11-25T17:03:51.746Z] [INDEXING-ORCHESTRATOR] [DEBUG] Created 2 semantic chunks for c:\Projects\educatedplanet\admin\src\components\ui\skeleton.tsx
[2025-11-25T17:03:51.744Z] [2025-11-25T17:03:51.746Z] [INDEXING-ORCHESTRATOR] [DEBUG] Average chunk size: 52 characters
[2025-11-25T17:03:51.746Z] [2025-11-25T17:03:51.748Z] [TREESITTER-CHUNKER] [INFO] Created 1 semantic chunks from c:\Projects\educatedplanet\admin\src\components\ui\spinner.tsx
[2025-11-25T17:03:51.749Z] [2025-11-25T17:03:51.750Z] [TREESITTER-FULL] [INFO] Extracted 0 symbols from c:\Projects\educatedplanet\admin\src\components\ui\spinner.tsx
[2025-11-25T17:03:51.749Z] [2025-11-25T17:03:51.750Z] [INDEXING-ORCHESTRATOR] [DEBUG] 🔍 Symbol extraction for c:\Projects\educatedplanet\admin\src\components\ui\spinner.tsx: 0 symbols, 2 imports
[2025-11-25T17:03:51.749Z] [2025-11-25T17:03:51.750Z] [INDEXING-ORCHESTRATOR] [DEBUG] 📍 Chunk 1-17: 0 candidate symbols
[2025-11-25T17:03:51.749Z] [2025-11-25T17:03:51.750Z] [INDEXING-ORCHESTRATOR] [DEBUG] ✅ Chunk symbols after filtering: 0 symbols - 
[2025-11-25T17:03:51.749Z] [2025-11-25T17:03:51.750Z] [INDEXING-ORCHESTRATOR] [DEBUG] Created 1 semantic chunks for c:\Projects\educatedplanet\admin\src\components\ui\spinner.tsx
[2025-11-25T17:03:51.749Z] [2025-11-25T17:03:51.750Z] [INDEXING-ORCHESTRATOR] [DEBUG] Average chunk size: 345 characters
[2025-11-25T17:03:51.759Z] [2025-11-25T17:03:51.760Z] [TREESITTER-CHUNKER] [INFO] Created 1 semantic chunks from c:\Projects\educatedplanet\admin\src\components\ui\switch.tsx
[2025-11-25T17:03:51.762Z] [2025-11-25T17:03:51.763Z] [TREESITTER-FULL] [INFO] Extracted 0 symbols from c:\Projects\educatedplanet\admin\src\components\ui\switch.tsx
[2025-11-25T17:03:51.762Z] [2025-11-25T17:03:51.763Z] [INDEXING-ORCHESTRATOR] [DEBUG] 🔍 Symbol extraction for c:\Projects\educatedplanet\admin\src\components\ui\switch.tsx: 0 symbols, 3 imports
[2025-11-25T17:03:51.762Z] [2025-11-25T17:03:51.763Z] [INDEXING-ORCHESTRATOR] [DEBUG] 📍 Chunk 1-32: 0 candidate symbols
[2025-11-25T17:03:51.762Z] [2025-11-25T17:03:51.763Z] [INDEXING-ORCHESTRATOR] [DEBUG] ✅ Chunk symbols after filtering: 0 symbols - 
[2025-11-25T17:03:51.762Z] [2025-11-25T17:03:51.763Z] [INDEXING-ORCHESTRATOR] [DEBUG] Created 1 semantic chunks for c:\Projects\educatedplanet\admin\src\components\ui\switch.tsx
[2025-11-25T17:03:51.762Z] [2025-11-25T17:03:51.763Z] [INDEXING-ORCHESTRATOR] [DEBUG] Average chunk size: 1201 characters
[2025-11-25T17:03:51.765Z] [2025-11-25T17:03:51.767Z] [TREESITTER-CHUNKER] [INFO] Created 1 semantic chunks from c:\Projects\educatedplanet\admin\src\components\ui\sonner.tsx
[2025-11-25T17:03:51.771Z] [2025-11-25T17:03:51.772Z] [TREESITTER-FULL] [INFO] Extracted 0 symbols from c:\Projects\educatedplanet\admin\src\components\ui\sonner.tsx
[2025-11-25T17:03:51.771Z] [2025-11-25T17:03:51.772Z] [INDEXING-ORCHESTRATOR] [DEBUG] 🔍 Symbol extraction for c:\Projects\educatedplanet\admin\src\components\ui\sonner.tsx: 0 symbols, 3 imports
[2025-11-25T17:03:51.771Z] [2025-11-25T17:03:51.772Z] [INDEXING-ORCHESTRATOR] [DEBUG] 📍 Chunk 1-42: 0 candidate symbols
[2025-11-25T17:03:51.771Z] [2025-11-25T17:03:51.772Z] [INDEXING-ORCHESTRATOR] [DEBUG] ✅ Chunk symbols after filtering: 0 symbols - 
[2025-11-25T17:03:51.771Z] [2025-11-25T17:03:51.772Z] [INDEXING-ORCHESTRATOR] [DEBUG] Created 1 semantic chunks for c:\Projects\educatedplanet\admin\src\components\ui\sonner.tsx
[2025-11-25T17:03:51.771Z] [2025-11-25T17:03:51.772Z] [INDEXING-ORCHESTRATOR] [DEBUG] Average chunk size: 1201 characters
[2025-11-25T17:03:51.778Z] [2025-11-25T17:03:51.779Z] [TREESITTER-CHUNKER] [INFO] Created 9 semantic chunks from c:\Projects\educatedplanet\admin\src\components\ui\table.tsx
[2025-11-25T17:03:51.792Z] [2025-11-25T17:03:51.793Z] [TREESITTER-FULL] [INFO] Extracted 0 symbols from c:\Projects\educatedplanet\admin\src\components\ui\table.tsx
[2025-11-25T17:03:51.792Z] [2025-11-25T17:03:51.793Z] [INDEXING-ORCHESTRATOR] [DEBUG] 🔍 Symbol extraction for c:\Projects\educatedplanet\admin\src\components\ui\table.tsx: 0 symbols, 2 imports
[2025-11-25T17:03:51.792Z] [2025-11-25T17:03:51.793Z] [INDEXING-ORCHESTRATOR] [DEBUG] 📍 Chunk 15-16: 0 candidate symbols
[2025-11-25T17:03:51.792Z] [2025-11-25T17:03:51.793Z] [INDEXING-ORCHESTRATOR] [DEBUG] ✅ Chunk symbols after filtering: 0 symbols - 
[2025-11-25T17:03:51.792Z] [2025-11-25T17:03:51.793Z] [INDEXING-ORCHESTRATOR] [DEBUG] 📍 Chunk 26-27: 0 candidate symbols
[2025-11-25T17:03:51.792Z] [2025-11-25T17:03:51.793Z] [INDEXING-ORCHESTRATOR] [DEBUG] ✅ Chunk symbols after filtering: 0 symbols - 
[2025-11-25T17:03:51.792Z] [2025-11-25T17:03:51.793Z] [INDEXING-ORCHESTRATOR] [DEBUG] 📍 Chunk 36-37: 0 candidate symbols
[2025-11-25T17:03:51.792Z] [2025-11-25T17:03:51.793Z] [INDEXING-ORCHESTRATOR] [DEBUG] ✅ Chunk symbols after filtering: 0 symbols - 
[2025-11-25T17:03:51.792Z] [2025-11-25T17:03:51.793Z] [INDEXING-ORCHESTRATOR] [DEBUG] 📍 Chunk 46-50: 0 candidate symbols
[2025-11-25T17:03:51.792Z] [2025-11-25T17:03:51.793Z] [INDEXING-ORCHESTRATOR] [DEBUG] ✅ Chunk symbols after filtering: 0 symbols - 
[2025-11-25T17:03:51.792Z] [2025-11-25T17:03:51.793Z] [INDEXING-ORCHESTRATOR] [DEBUG] 📍 Chunk 59-63: 0 candidate symbols
[2025-11-25T17:03:51.792Z] [2025-11-25T17:03:51.793Z] [INDEXING-ORCHESTRATOR] [DEBUG] ✅ Chunk symbols after filtering: 0 symbols - 
[2025-11-25T17:03:51.792Z] [2025-11-25T17:03:51.793Z] [INDEXING-ORCHESTRATOR] [DEBUG] 📍 Chunk 72-76: 0 candidate symbols
[2025-11-25T17:03:51.792Z] [2025-11-25T17:03:51.794Z] [INDEXING-ORCHESTRATOR] [DEBUG] ✅ Chunk symbols after filtering: 0 symbols - 
[2025-11-25T17:03:51.792Z] [2025-11-25T17:03:51.794Z] [INDEXING-ORCHESTRATOR] [DEBUG] 📍 Chunk 85-89: 0 candidate symbols
[2025-11-25T17:03:51.792Z] [2025-11-25T17:03:51.794Z] [INDEXING-ORCHESTRATOR] [DEBUG] ✅ Chunk symbols after filtering: 0 symbols - 
[2025-11-25T17:03:51.792Z] [2025-11-25T17:03:51.794Z] [INDEXING-ORCHESTRATOR] [DEBUG] 📍 Chunk 101-102: 0 candidate symbols
[2025-11-25T17:03:51.792Z] [2025-11-25T17:03:51.794Z] [INDEXING-ORCHESTRATOR] [DEBUG] ✅ Chunk symbols after filtering: 0 symbols - 
[2025-11-25T17:03:51.792Z] [2025-11-25T17:03:51.794Z] [INDEXING-ORCHESTRATOR] [DEBUG] 📍 Chunk 103-117: 0 candidate symbols
[2025-11-25T17:03:51.792Z] [2025-11-25T17:03:51.794Z] [INDEXING-ORCHESTRATOR] [DEBUG] ✅ Chunk symbols after filtering: 0 symbols - 
[2025-11-25T17:03:51.792Z] [2025-11-25T17:03:51.794Z] [INDEXING-ORCHESTRATOR] [DEBUG] Created 9 semantic chunks for c:\Projects\educatedplanet\admin\src\components\ui\table.tsx
[2025-11-25T17:03:51.792Z] [2025-11-25T17:03:51.794Z] [INDEXING-ORCHESTRATOR] [DEBUG] Average chunk size: 113 characters
[2025-11-25T17:03:51.792Z] [2025-11-25T17:03:51.794Z] [INDEXING-ORCHESTRATOR] [DEBUG] 📊 Processed: 160/302 files
[2025-11-25T17:03:51.796Z] [2025-11-25T17:03:51.797Z] [TREESITTER-CHUNKER] [INFO] Created 2 semantic chunks from c:\Projects\educatedplanet\admin\src\components\ui\tabs.tsx
[2025-11-25T17:03:51.801Z] [2025-11-25T17:03:51.802Z] [TREESITTER-FULL] [INFO] Extracted 1 symbols from c:\Projects\educatedplanet\admin\src\components\ui\tabs.tsx
[2025-11-25T17:03:51.801Z] [2025-11-25T17:03:51.802Z] [INDEXING-ORCHESTRATOR] [DEBUG] 🔍 Symbol extraction for c:\Projects\educatedplanet\admin\src\components\ui\tabs.tsx: 1 symbols, 3 imports
[2025-11-25T17:03:51.801Z] [2025-11-25T17:03:51.802Z] [INDEXING-ORCHESTRATOR] [DEBUG] 📍 Chunk 8-19: 1 candidate symbols
[2025-11-25T17:03:51.801Z] [2025-11-25T17:03:51.802Z] [INDEXING-ORCHESTRATOR] [DEBUG] ✅ Chunk symbols after filtering: 1 symbols - Tabs
[2025-11-25T17:03:51.801Z] [2025-11-25T17:03:51.802Z] [INDEXING-ORCHESTRATOR] [DEBUG] 📍 Chunk 20-67: 0 candidate symbols
[2025-11-25T17:03:51.801Z] [2025-11-25T17:03:51.802Z] [INDEXING-ORCHESTRATOR] [DEBUG] ✅ Chunk symbols after filtering: 0 symbols - 
[2025-11-25T17:03:51.801Z] [2025-11-25T17:03:51.802Z] [INDEXING-ORCHESTRATOR] [DEBUG] Created 2 semantic chunks for c:\Projects\educatedplanet\admin\src\components\ui\tabs.tsx
[2025-11-25T17:03:51.801Z] [2025-11-25T17:03:51.803Z] [INDEXING-ORCHESTRATOR] [DEBUG] Average chunk size: 944 characters
[2025-11-25T17:03:51.803Z] [2025-11-25T17:03:51.804Z] [TREESITTER-CHUNKER] [INFO] Created 2 semantic chunks from c:\Projects\educatedplanet\admin\src\components\ui\textarea.tsx
[2025-11-25T17:03:51.805Z] [2025-11-25T17:03:51.806Z] [TREESITTER-FULL] [INFO] Extracted 0 symbols from c:\Projects\educatedplanet\admin\src\components\ui\textarea.tsx
[2025-11-25T17:03:51.805Z] [2025-11-25T17:03:51.806Z] [INDEXING-ORCHESTRATOR] [DEBUG] 🔍 Symbol extraction for c:\Projects\educatedplanet\admin\src\components\ui\textarea.tsx: 0 symbols, 2 imports
[2025-11-25T17:03:51.805Z] [2025-11-25T17:03:51.806Z] [INDEXING-ORCHESTRATOR] [DEBUG] 📍 Chunk 9-13: 0 candidate symbols
[2025-11-25T17:03:51.805Z] [2025-11-25T17:03:51.806Z] [INDEXING-ORCHESTRATOR] [DEBUG] ✅ Chunk symbols after filtering: 0 symbols - 
[2025-11-25T17:03:51.805Z] [2025-11-25T17:03:51.806Z] [INDEXING-ORCHESTRATOR] [DEBUG] 📍 Chunk 14-19: 0 candidate symbols
[2025-11-25T17:03:51.805Z] [2025-11-25T17:03:51.806Z] [INDEXING-ORCHESTRATOR] [DEBUG] ✅ Chunk symbols after filtering: 0 symbols - 
[2025-11-25T17:03:51.805Z] [2025-11-25T17:03:51.806Z] [INDEXING-ORCHESTRATOR] [DEBUG] Created 2 semantic chunks for c:\Projects\educatedplanet\admin\src\components\ui\textarea.tsx
[2025-11-25T17:03:51.805Z] [2025-11-25T17:03:51.806Z] [INDEXING-ORCHESTRATOR] [DEBUG] Average chunk size: 274 characters
[2025-11-25T17:03:51.811Z] [2025-11-25T17:03:51.813Z] [TREESITTER-CHUNKER] [INFO] Created 3 semantic chunks from c:\Projects\educatedplanet\admin\src\components\ui\toggle-group.tsx
[2025-11-25T17:03:51.821Z] [2025-11-25T17:03:51.822Z] [TREESITTER-FULL] [INFO] Extracted 2 symbols from c:\Projects\educatedplanet\admin\src\components\ui\toggle-group.tsx
[2025-11-25T17:03:51.821Z] [2025-11-25T17:03:51.822Z] [INDEXING-ORCHESTRATOR] [DEBUG] 🔍 Symbol extraction for c:\Projects\educatedplanet\admin\src\components\ui\toggle-group.tsx: 2 symbols, 5 imports
[2025-11-25T17:03:51.821Z] [2025-11-25T17:03:51.822Z] [INDEXING-ORCHESTRATOR] [DEBUG] 📍 Chunk 20-66: 1 candidate symbols
[2025-11-25T17:03:51.821Z] [2025-11-25T17:03:51.822Z] [INDEXING-ORCHESTRATOR] [DEBUG] ✅ Chunk symbols after filtering: 1 symbols - ToggleGroup
[2025-11-25T17:03:51.821Z] [2025-11-25T17:03:51.823Z] [INDEXING-ORCHESTRATOR] [DEBUG] 📍 Chunk 67-76: 0 candidate symbols
[2025-11-25T17:03:51.821Z] [2025-11-25T17:03:51.823Z] [INDEXING-ORCHESTRATOR] [DEBUG] ✅ Chunk symbols after filtering: 0 symbols - 
[2025-11-25T17:03:51.821Z] [2025-11-25T17:03:51.823Z] [INDEXING-ORCHESTRATOR] [DEBUG] 📍 Chunk 77-84: 0 candidate symbols
[2025-11-25T17:03:51.821Z] [2025-11-25T17:03:51.823Z] [INDEXING-ORCHESTRATOR] [DEBUG] ✅ Chunk symbols after filtering: 0 symbols - 
[2025-11-25T17:03:51.821Z] [2025-11-25T17:03:51.823Z] [INDEXING-ORCHESTRATOR] [DEBUG] Created 3 semantic chunks for c:\Projects\educatedplanet\admin\src\components\ui\toggle-group.tsx
[2025-11-25T17:03:51.821Z] [2025-11-25T17:03:51.823Z] [INDEXING-ORCHESTRATOR] [DEBUG] Average chunk size: 636 characters
[2025-11-25T17:03:51.822Z] [2025-11-25T17:03:51.824Z] [TREESITTER-CHUNKER] [INFO] Created 1 semantic chunks from c:\Projects\educatedplanet\admin\src\config\app-config.ts
[2025-11-25T17:03:51.824Z] [2025-11-25T17:03:51.825Z] [TREESITTER-FULL] [INFO] Extracted 2 symbols from c:\Projects\educatedplanet\admin\src\config\app-config.ts
[2025-11-25T17:03:51.824Z] [2025-11-25T17:03:51.825Z] [INDEXING-ORCHESTRATOR] [DEBUG] 🔍 Symbol extraction for c:\Projects\educatedplanet\admin\src\config\app-config.ts: 2 symbols, 1 imports
[2025-11-25T17:03:51.824Z] [2025-11-25T17:03:51.825Z] [INDEXING-ORCHESTRATOR] [DEBUG] 📍 Chunk 1-15: 2 candidate symbols
[2025-11-25T17:03:51.824Z] [2025-11-25T17:03:51.825Z] [INDEXING-ORCHESTRATOR] [DEBUG] ✅ Chunk symbols after filtering: 2 symbols - currentYear, APP_CONFIG
[2025-11-25T17:03:51.824Z] [2025-11-25T17:03:51.825Z] [INDEXING-ORCHESTRATOR] [DEBUG] Created 1 semantic chunks for c:\Projects\educatedplanet\admin\src\config\app-config.ts
[2025-11-25T17:03:51.824Z] [2025-11-25T17:03:51.825Z] [INDEXING-ORCHESTRATOR] [DEBUG] Average chunk size: 570 characters
[2025-11-25T17:03:51.828Z] [2025-11-25T17:03:51.830Z] [TREESITTER-CHUNKER] [INFO] Created 1 semantic chunks from c:\Projects\educatedplanet\admin\src\data\tutors.ts
[2025-11-25T17:03:51.839Z] [2025-11-25T17:03:51.841Z] [TREESITTER-FULL] [INFO] Extracted 2 symbols from c:\Projects\educatedplanet\admin\src\data\tutors.ts
[2025-11-25T17:03:51.839Z] [2025-11-25T17:03:51.841Z] [INDEXING-ORCHESTRATOR] [DEBUG] 🔍 Symbol extraction for c:\Projects\educatedplanet\admin\src\data\tutors.ts: 2 symbols, 1 imports
[2025-11-25T17:03:51.839Z] [2025-11-25T17:03:51.841Z] [INDEXING-ORCHESTRATOR] [DEBUG] 📍 Chunk 1-118: 2 candidate symbols
[2025-11-25T17:03:51.839Z] [2025-11-25T17:03:51.841Z] [INDEXING-ORCHESTRATOR] [DEBUG] ✅ Chunk symbols after filtering: 2 symbols - tutors, reviews
[2025-11-25T17:03:51.839Z] [2025-11-25T17:03:51.841Z] [INDEXING-ORCHESTRATOR] [DEBUG] Created 1 semantic chunks for c:\Projects\educatedplanet\admin\src\data\tutors.ts
[2025-11-25T17:03:51.839Z] [2025-11-25T17:03:51.841Z] [INDEXING-ORCHESTRATOR] [DEBUG] Average chunk size: 2966 characters
[2025-11-25T17:03:51.842Z] [2025-11-25T17:03:51.843Z] [TREESITTER-CHUNKER] [INFO] Created 1 semantic chunks from c:\Projects\educatedplanet\admin\src\hooks\api\use-dashboard.ts
[2025-11-25T17:03:51.848Z] [2025-11-25T17:03:51.849Z] [TREESITTER-FULL] [INFO] Extracted 4 symbols from c:\Projects\educatedplanet\admin\src\hooks\api\use-dashboard.ts
[2025-11-25T17:03:51.848Z] [2025-11-25T17:03:51.849Z] [INDEXING-ORCHESTRATOR] [DEBUG] 🔍 Symbol extraction for c:\Projects\educatedplanet\admin\src\hooks\api\use-dashboard.ts: 4 symbols, 2 imports
[2025-11-25T17:03:51.848Z] [2025-11-25T17:03:51.849Z] [INDEXING-ORCHESTRATOR] [DEBUG] 📍 Chunk 1-49: 4 candidate symbols
[2025-11-25T17:03:51.848Z] [2025-11-25T17:03:51.849Z] [INDEXING-ORCHESTRATOR] [DEBUG] ✅ Chunk symbols after filtering: 4 symbols - dashboardKeys, useDashboardOverview, useRecentActivities, useRefreshDashboard
[2025-11-25T17:03:51.848Z] [2025-11-25T17:03:51.849Z] [INDEXING-ORCHESTRATOR] [DEBUG] Created 1 semantic chunks for c:\Projects\educatedplanet\admin\src\hooks\api\use-dashboard.ts
[2025-11-25T17:03:51.848Z] [2025-11-25T17:03:51.849Z] [INDEXING-ORCHESTRATOR] [DEBUG] Average chunk size: 1506 characters
[2025-11-25T17:03:51.858Z] [2025-11-25T17:03:51.860Z] [TREESITTER-CHUNKER] [INFO] Created 1 semantic chunks from c:\Projects\educatedplanet\admin\src\hooks\api\use-reviews.ts
[2025-11-25T17:03:51.889Z] [2025-11-25T17:03:51.891Z] [TREESITTER-FULL] [INFO] Extracted 8 symbols from c:\Projects\educatedplanet\admin\src\hooks\api\use-reviews.ts
[2025-11-25T17:03:51.889Z] [2025-11-25T17:03:51.891Z] [INDEXING-ORCHESTRATOR] [DEBUG] 🔍 Symbol extraction for c:\Projects\educatedplanet\admin\src\hooks\api\use-reviews.ts: 8 symbols, 3 imports
[2025-11-25T17:03:51.890Z] [2025-11-25T17:03:51.891Z] [INDEXING-ORCHESTRATOR] [DEBUG] 📍 Chunk 1-149: 8 candidate symbols
[2025-11-25T17:03:51.890Z] [2025-11-25T17:03:51.891Z] [INDEXING-ORCHESTRATOR] [DEBUG] ✅ Chunk symbols after filtering: 8 symbols - reviewKeys, useReviews, useReview, useReviewStats, useCreateReview, useUpdateReview, useDeleteReview, useBulkDeleteReviews
[2025-11-25T17:03:51.890Z] [2025-11-25T17:03:51.891Z] [INDEXING-ORCHESTRATOR] [DEBUG] Created 1 semantic chunks for c:\Projects\educatedplanet\admin\src\hooks\api\use-reviews.ts
[2025-11-25T17:03:51.890Z] [2025-11-25T17:03:51.891Z] [INDEXING-ORCHESTRATOR] [DEBUG] Average chunk size: 4652 characters
[2025-11-25T17:03:51.893Z] [2025-11-25T17:03:51.895Z] [TREESITTER-CHUNKER] [INFO] Created 3 semantic chunks from c:\Projects\educatedplanet\admin\src\components\ui\tooltip.tsx
[2025-11-25T17:03:51.904Z] [2025-11-25T17:03:51.906Z] [TREESITTER-FULL] [INFO] Extracted 2 symbols from c:\Projects\educatedplanet\admin\src\components\ui\tooltip.tsx
[2025-11-25T17:03:51.904Z] [2025-11-25T17:03:51.906Z] [INDEXING-ORCHESTRATOR] [DEBUG] 🔍 Symbol extraction for c:\Projects\educatedplanet\admin\src\components\ui\tooltip.tsx: 2 symbols, 3 imports
[2025-11-25T17:03:51.904Z] [2025-11-25T17:03:51.906Z] [INDEXING-ORCHESTRATOR] [DEBUG] 📍 Chunk 8-29: 2 candidate symbols
[2025-11-25T17:03:51.904Z] [2025-11-25T17:03:51.906Z] [INDEXING-ORCHESTRATOR] [DEBUG] ✅ Chunk symbols after filtering: 2 symbols - TooltipProvider, Tooltip
[2025-11-25T17:03:51.904Z] [2025-11-25T17:03:51.906Z] [INDEXING-ORCHESTRATOR] [DEBUG] 📍 Chunk 37-59: 0 candidate symbols
[2025-11-25T17:03:51.904Z] [2025-11-25T17:03:51.906Z] [INDEXING-ORCHESTRATOR] [DEBUG] ✅ Chunk symbols after filtering: 0 symbols - 
[2025-11-25T17:03:51.904Z] [2025-11-25T17:03:51.906Z] [INDEXING-ORCHESTRATOR] [DEBUG] 📍 Chunk 60-62: 0 candidate symbols
[2025-11-25T17:03:51.904Z] [2025-11-25T17:03:51.906Z] [INDEXING-ORCHESTRATOR] [DEBUG] ✅ Chunk symbols after filtering: 0 symbols - 
[2025-11-25T17:03:51.904Z] [2025-11-25T17:03:51.906Z] [INDEXING-ORCHESTRATOR] [DEBUG] Created 3 semantic chunks for c:\Projects\educatedplanet\admin\src\components\ui\tooltip.tsx
[2025-11-25T17:03:51.904Z] [2025-11-25T17:03:51.906Z] [INDEXING-ORCHESTRATOR] [DEBUG] Average chunk size: 538 characters
[2025-11-25T17:03:51.906Z] [2025-11-25T17:03:51.908Z] [TREESITTER-CHUNKER] [INFO] Created 1 semantic chunks from c:\Projects\educatedplanet\admin\src\components\ui\toggle.tsx
[2025-11-25T17:03:51.911Z] [2025-11-25T17:03:51.912Z] [TREESITTER-FULL] [INFO] Extracted 1 symbols from c:\Projects\educatedplanet\admin\src\components\ui\toggle.tsx
[2025-11-25T17:03:51.911Z] [2025-11-25T17:03:51.912Z] [INDEXING-ORCHESTRATOR] [DEBUG] 🔍 Symbol extraction for c:\Projects\educatedplanet\admin\src\components\ui\toggle.tsx: 1 symbols, 4 imports
[2025-11-25T17:03:51.911Z] [2025-11-25T17:03:51.912Z] [INDEXING-ORCHESTRATOR] [DEBUG] 📍 Chunk 1-48: 1 candidate symbols
[2025-11-25T17:03:51.911Z] [2025-11-25T17:03:51.912Z] [INDEXING-ORCHESTRATOR] [DEBUG] ✅ Chunk symbols after filtering: 1 symbols - toggleVariants
[2025-11-25T17:03:51.911Z] [2025-11-25T17:03:51.912Z] [INDEXING-ORCHESTRATOR] [DEBUG] Created 1 semantic chunks for c:\Projects\educatedplanet\admin\src\components\ui\toggle.tsx
[2025-11-25T17:03:51.911Z] [2025-11-25T17:03:51.912Z] [INDEXING-ORCHESTRATOR] [DEBUG] Average chunk size: 1610 characters
[2025-11-25T17:03:51.919Z] [2025-11-25T17:03:51.920Z] [TREESITTER-CHUNKER] [INFO] Created 1 semantic chunks from c:\Projects\educatedplanet\admin\src\hooks\api\index.ts
[2025-11-25T17:03:51.920Z] [2025-11-25T17:03:51.921Z] [TREESITTER-FULL] [INFO] Extracted 0 symbols from c:\Projects\educatedplanet\admin\src\hooks\api\index.ts
[2025-11-25T17:03:51.920Z] [2025-11-25T17:03:51.921Z] [INDEXING-ORCHESTRATOR] [DEBUG] 🔍 Symbol extraction for c:\Projects\educatedplanet\admin\src\hooks\api\index.ts: 0 symbols, 0 imports
[2025-11-25T17:03:51.920Z] [2025-11-25T17:03:51.921Z] [INDEXING-ORCHESTRATOR] [DEBUG] 📍 Chunk 1-49: 0 candidate symbols
[2025-11-25T17:03:51.920Z] [2025-11-25T17:03:51.921Z] [INDEXING-ORCHESTRATOR] [DEBUG] ✅ Chunk symbols after filtering: 0 symbols - 
[2025-11-25T17:03:51.920Z] [2025-11-25T17:03:51.921Z] [INDEXING-ORCHESTRATOR] [DEBUG] Created 1 semantic chunks for c:\Projects\educatedplanet\admin\src\hooks\api\index.ts
[2025-11-25T17:03:51.920Z] [2025-11-25T17:03:51.921Z] [INDEXING-ORCHESTRATOR] [DEBUG] Average chunk size: 747 characters
[2025-11-25T17:03:51.920Z] [2025-11-25T17:03:51.921Z] [INDEXING-ORCHESTRATOR] [DEBUG] 📊 Processed: 170/302 files
[2025-11-25T17:03:51.929Z] [2025-11-25T17:03:51.931Z] [TREESITTER-CHUNKER] [INFO] Created 1 semantic chunks from c:\Projects\educatedplanet\admin\src\hooks\api\use-users.ts
[2025-11-25T17:03:51.961Z] [2025-11-25T17:03:51.963Z] [TREESITTER-FULL] [INFO] Extracted 8 symbols from c:\Projects\educatedplanet\admin\src\hooks\api\use-users.ts
[2025-11-25T17:03:51.961Z] [2025-11-25T17:03:51.963Z] [INDEXING-ORCHESTRATOR] [DEBUG] 🔍 Symbol extraction for c:\Projects\educatedplanet\admin\src\hooks\api\use-users.ts: 8 symbols, 3 imports
[2025-11-25T17:03:51.961Z] [2025-11-25T17:03:51.963Z] [INDEXING-ORCHESTRATOR] [DEBUG] 📍 Chunk 1-149: 8 candidate symbols
[2025-11-25T17:03:51.962Z] [2025-11-25T17:03:51.963Z] [INDEXING-ORCHESTRATOR] [DEBUG] ✅ Chunk symbols after filtering: 8 symbols - userKeys, useUsers, useUser, useUserStats, useCreateUser, useUpdateUser, useDeleteUser, useBulkDeleteUsers
[2025-11-25T17:03:51.962Z] [2025-11-25T17:03:51.963Z] [INDEXING-ORCHESTRATOR] [DEBUG] Created 1 semantic chunks for c:\Projects\educatedplanet\admin\src\hooks\api\use-users.ts
[2025-11-25T17:03:51.962Z] [2025-11-25T17:03:51.963Z] [INDEXING-ORCHESTRATOR] [DEBUG] Average chunk size: 4481 characters
[2025-11-25T17:03:51.973Z] [2025-11-25T17:03:51.975Z] [TREESITTER-CHUNKER] [INFO] Created 1 semantic chunks from c:\Projects\educatedplanet\admin\src\hooks\api\use-tutors.ts
[2025-11-25T17:03:52.020Z] [2025-11-25T17:03:52.022Z] [TREESITTER-FULL] [INFO] Extracted 10 symbols from c:\Projects\educatedplanet\admin\src\hooks\api\use-tutors.ts
[2025-11-25T17:03:52.020Z] [2025-11-25T17:03:52.022Z] [INDEXING-ORCHESTRATOR] [DEBUG] 🔍 Symbol extraction for c:\Projects\educatedplanet\admin\src\hooks\api\use-tutors.ts: 10 symbols, 3 imports
[2025-11-25T17:03:52.020Z] [2025-11-25T17:03:52.022Z] [INDEXING-ORCHESTRATOR] [DEBUG] 📍 Chunk 1-197: 10 candidate symbols
[2025-11-25T17:03:52.020Z] [2025-11-25T17:03:52.022Z] [INDEXING-ORCHESTRATOR] [DEBUG] ✅ Chunk symbols after filtering: 10 symbols - tutorKeys, useTutors, useTutor, useTutorStats, useCreateTutor, useUpdateTutor, useDeleteTutor, useVerifyTutor, useBulkDeleteTutors, useBulkVerifyTutors
[2025-11-25T17:03:52.020Z] [2025-11-25T17:03:52.022Z] [INDEXING-ORCHESTRATOR] [DEBUG] Created 1 semantic chunks for c:\Projects\educatedplanet\admin\src\hooks\api\use-tutors.ts
[2025-11-25T17:03:52.020Z] [2025-11-25T17:03:52.022Z] [INDEXING-ORCHESTRATOR] [DEBUG] Average chunk size: 6251 characters
[2025-11-25T17:03:52.024Z] [2025-11-25T17:03:52.025Z] [TREESITTER-CHUNKER] [INFO] Created 2 semantic chunks from c:\Projects\educatedplanet\admin\src\hooks\use-data-table-instance.ts
[2025-11-25T17:03:52.031Z] [2025-11-25T17:03:52.033Z] [TREESITTER-FULL] [INFO] Extracted 2 symbols from c:\Projects\educatedplanet\admin\src\hooks\use-data-table-instance.ts
[2025-11-25T17:03:52.031Z] [2025-11-25T17:03:52.033Z] [INDEXING-ORCHESTRATOR] [DEBUG] 🔍 Symbol extraction for c:\Projects\educatedplanet\admin\src\hooks\use-data-table-instance.ts: 2 symbols, 2 imports
[2025-11-25T17:03:52.031Z] [2025-11-25T17:03:52.033Z] [INDEXING-ORCHESTRATOR] [DEBUG] 📍 Chunk 17-28: 1 candidate symbols
[2025-11-25T17:03:52.031Z] [2025-11-25T17:03:52.033Z] [INDEXING-ORCHESTRATOR] [DEBUG] ✅ Chunk symbols after filtering: 1 symbols - UseDataTableInstanceProps
[2025-11-25T17:03:52.031Z] [2025-11-25T17:03:52.033Z] [INDEXING-ORCHESTRATOR] [DEBUG] 📍 Chunk 30-81: 1 candidate symbols
[2025-11-25T17:03:52.031Z] [2025-11-25T17:03:52.033Z] [INDEXING-ORCHESTRATOR] [DEBUG] ✅ Chunk symbols after filtering: 1 symbols - useDataTableInstance
[2025-11-25T17:03:52.031Z] [2025-11-25T17:03:52.033Z] [INDEXING-ORCHESTRATOR] [DEBUG] Created 2 semantic chunks for c:\Projects\educatedplanet\admin\src\hooks\use-data-table-instance.ts
[2025-11-25T17:03:52.031Z] [2025-11-25T17:03:52.033Z] [INDEXING-ORCHESTRATOR] [DEBUG] Average chunk size: 1046 characters
[2025-11-25T17:03:52.032Z] [2025-11-25T17:03:52.034Z] [TREESITTER-CHUNKER] [INFO] Created 1 semantic chunks from c:\Projects\educatedplanet\admin\src\hooks\use-mobile.ts
[2025-11-25T17:03:52.035Z] [2025-11-25T17:03:52.037Z] [TREESITTER-FULL] [INFO] Extracted 1 symbols from c:\Projects\educatedplanet\admin\src\hooks\use-mobile.ts
[2025-11-25T17:03:52.035Z] [2025-11-25T17:03:52.037Z] [INDEXING-ORCHESTRATOR] [DEBUG] 🔍 Symbol extraction for c:\Projects\educatedplanet\admin\src\hooks\use-mobile.ts: 1 symbols, 1 imports
[2025-11-25T17:03:52.035Z] [2025-11-25T17:03:52.037Z] [INDEXING-ORCHESTRATOR] [DEBUG] 📍 Chunk 5-19: 1 candidate symbols
[2025-11-25T17:03:52.035Z] [2025-11-25T17:03:52.037Z] [INDEXING-ORCHESTRATOR] [DEBUG] ✅ Chunk symbols after filtering: 1 symbols - useIsMobile
[2025-11-25T17:03:52.035Z] [2025-11-25T17:03:52.037Z] [INDEXING-ORCHESTRATOR] [DEBUG] Created 1 semantic chunks for c:\Projects\educatedplanet\admin\src\hooks\use-mobile.ts
[2025-11-25T17:03:52.035Z] [2025-11-25T17:03:52.037Z] [INDEXING-ORCHESTRATOR] [DEBUG] Average chunk size: 517 characters
[2025-11-25T17:03:52.041Z] [2025-11-25T17:03:52.043Z] [TREESITTER-CHUNKER] [INFO] Created 2 semantic chunks from c:\Projects\educatedplanet\admin\src\hooks\useSubjectsAndClasses.ts
[2025-11-25T17:03:52.046Z] [2025-11-25T17:03:52.048Z] [TREESITTER-FULL] [INFO] Extracted 1 symbols from c:\Projects\educatedplanet\admin\src\hooks\useSubjectsAndClasses.ts
[2025-11-25T17:03:52.046Z] [2025-11-25T17:03:52.048Z] [INDEXING-ORCHESTRATOR] [DEBUG] 🔍 Symbol extraction for c:\Projects\educatedplanet\admin\src\hooks\useSubjectsAndClasses.ts: 1 symbols, 2 imports
[2025-11-25T17:03:52.046Z] [2025-11-25T17:03:52.048Z] [INDEXING-ORCHESTRATOR] [DEBUG] 📍 Chunk 6-30: 0 candidate symbols
[2025-11-25T17:03:52.046Z] [2025-11-25T17:03:52.048Z] [INDEXING-ORCHESTRATOR] [DEBUG] ✅ Chunk symbols after filtering: 0 symbols - 
[2025-11-25T17:03:52.046Z] [2025-11-25T17:03:52.048Z] [INDEXING-ORCHESTRATOR] [DEBUG] 📍 Chunk 31-40: 0 candidate symbols
[2025-11-25T17:03:52.046Z] [2025-11-25T17:03:52.048Z] [INDEXING-ORCHESTRATOR] [DEBUG] ✅ Chunk symbols after filtering: 0 symbols - 
[2025-11-25T17:03:52.046Z] [2025-11-25T17:03:52.048Z] [INDEXING-ORCHESTRATOR] [DEBUG] Created 2 semantic chunks for c:\Projects\educatedplanet\admin\src\hooks\useSubjectsAndClasses.ts
[2025-11-25T17:03:52.046Z] [2025-11-25T17:03:52.048Z] [INDEXING-ORCHESTRATOR] [DEBUG] Average chunk size: 498 characters
[2025-11-25T17:03:52.048Z] [2025-11-25T17:03:52.050Z] [TREESITTER-CHUNKER] [INFO] Created 1 semantic chunks from c:\Projects\educatedplanet\admin\src\hooks\use-navigation-loading.ts
[2025-11-25T17:03:52.051Z] [2025-11-25T17:03:52.052Z] [TREESITTER-FULL] [INFO] Extracted 1 symbols from c:\Projects\educatedplanet\admin\src\hooks\use-navigation-loading.ts
[2025-11-25T17:03:52.051Z] [2025-11-25T17:03:52.053Z] [INDEXING-ORCHESTRATOR] [DEBUG] 🔍 Symbol extraction for c:\Projects\educatedplanet\admin\src\hooks\use-navigation-loading.ts: 1 symbols, 3 imports
[2025-11-25T17:03:52.051Z] [2025-11-25T17:03:52.053Z] [INDEXING-ORCHESTRATOR] [DEBUG] 📍 Chunk 7-40: 1 candidate symbols
[2025-11-25T17:03:52.051Z] [2025-11-25T17:03:52.053Z] [INDEXING-ORCHESTRATOR] [DEBUG] ✅ Chunk symbols after filtering: 1 symbols - useNavigationLoading
[2025-11-25T17:03:52.051Z] [2025-11-25T17:03:52.053Z] [INDEXING-ORCHESTRATOR] [DEBUG] Created 1 semantic chunks for c:\Projects\educatedplanet\admin\src\hooks\use-navigation-loading.ts
[2025-11-25T17:03:52.051Z] [2025-11-25T17:03:52.053Z] [INDEXING-ORCHESTRATOR] [DEBUG] Average chunk size: 816 characters
[2025-11-25T17:03:52.072Z] [2025-11-25T17:03:52.073Z] [TREESITTER-CHUNKER] [INFO] Created 1 semantic chunks from c:\Projects\educatedplanet\admin\src\lib\api-client.ts
[2025-11-25T17:03:52.127Z] [2025-11-25T17:03:52.128Z] [TREESITTER-FULL] [INFO] Extracted 5 symbols from c:\Projects\educatedplanet\admin\src\lib\api-client.ts
[2025-11-25T17:03:52.127Z] [2025-11-25T17:03:52.128Z] [INDEXING-ORCHESTRATOR] [DEBUG] 🔍 Symbol extraction for c:\Projects\educatedplanet\admin\src\lib\api-client.ts: 5 symbols, 1 imports
[2025-11-25T17:03:52.127Z] [2025-11-25T17:03:52.128Z] [INDEXING-ORCHESTRATOR] [DEBUG] 📍 Chunk 1-362: 5 candidate symbols
[2025-11-25T17:03:52.127Z] [2025-11-25T17:03:52.128Z] [INDEXING-ORCHESTRATOR] [DEBUG] ✅ Chunk symbols after filtering: 5 symbols - buildQueryString, userApi, tutorApi, reviewApi, dashboardApi
[2025-11-25T17:03:52.127Z] [2025-11-25T17:03:52.128Z] [INDEXING-ORCHESTRATOR] [DEBUG] Created 1 semantic chunks for c:\Projects\educatedplanet\admin\src\lib\api-client.ts
[2025-11-25T17:03:52.127Z] [2025-11-25T17:03:52.128Z] [INDEXING-ORCHESTRATOR] [DEBUG] Average chunk size: 9351 characters
[2025-11-25T17:03:52.138Z] [2025-11-25T17:03:52.139Z] [TREESITTER-CHUNKER] [INFO] Created 4 semantic chunks from c:\Projects\educatedplanet\admin\src\lib\auth-client.tsx
[2025-11-25T17:03:52.170Z] [2025-11-25T17:03:52.171Z] [TREESITTER-FULL] [INFO] Extracted 11 symbols from c:\Projects\educatedplanet\admin\src\lib\auth-client.tsx
[2025-11-25T17:03:52.170Z] [2025-11-25T17:03:52.171Z] [INDEXING-ORCHESTRATOR] [DEBUG] 🔍 Symbol extraction for c:\Projects\educatedplanet\admin\src\lib\auth-client.tsx: 11 symbols, 3 imports
[2025-11-25T17:03:52.170Z] [2025-11-25T17:03:52.171Z] [INDEXING-ORCHESTRATOR] [DEBUG] 📍 Chunk 8-46: 5 candidate symbols
[2025-11-25T17:03:52.170Z] [2025-11-25T17:03:52.171Z] [INDEXING-ORCHESTRATOR] [DEBUG] ✅ Chunk symbols after filtering: 5 symbols - User, Session, SignInResponse, SessionResponse, AuthContextType
[2025-11-25T17:03:52.170Z] [2025-11-25T17:03:52.171Z] [INDEXING-ORCHESTRATOR] [DEBUG] 📍 Chunk 51-173: 1 candidate symbols
[2025-11-25T17:03:52.170Z] [2025-11-25T17:03:52.172Z] [INDEXING-ORCHESTRATOR] [DEBUG] ✅ Chunk symbols after filtering: 1 symbols - AuthProvider
[2025-11-25T17:03:52.170Z] [2025-11-25T17:03:52.172Z] [INDEXING-ORCHESTRATOR] [DEBUG] 📍 Chunk 176-182: 1 candidate symbols
[2025-11-25T17:03:52.170Z] [2025-11-25T17:03:52.172Z] [INDEXING-ORCHESTRATOR] [DEBUG] ✅ Chunk symbols after filtering: 1 symbols - useAuth
[2025-11-25T17:03:52.170Z] [2025-11-25T17:03:52.172Z] [INDEXING-ORCHESTRATOR] [DEBUG] 📍 Chunk 183-227: 3 candidate symbols
[2025-11-25T17:03:52.170Z] [2025-11-25T17:03:52.172Z] [INDEXING-ORCHESTRATOR] [DEBUG] ✅ Chunk symbols after filtering: 3 symbols - signIn, signOut, getSession
[2025-11-25T17:03:52.170Z] [2025-11-25T17:03:52.172Z] [INDEXING-ORCHESTRATOR] [DEBUG] Created 4 semantic chunks for c:\Projects\educatedplanet\admin\src\lib\auth-client.tsx
[2025-11-25T17:03:52.170Z] [2025-11-25T17:03:52.172Z] [INDEXING-ORCHESTRATOR] [DEBUG] Average chunk size: 1373 characters
[2025-11-25T17:03:52.195Z] [2025-11-25T17:03:52.196Z] [TREESITTER-CHUNKER] [INFO] Created 1 semantic chunks from c:\Projects\educatedplanet\admin\src\lib\api.ts
[2025-11-25T17:03:52.252Z] [2025-11-25T17:03:52.254Z] [TREESITTER-FULL] [INFO] Extracted 9 symbols from c:\Projects\educatedplanet\admin\src\lib\api.ts
[2025-11-25T17:03:52.252Z] [2025-11-25T17:03:52.254Z] [INDEXING-ORCHESTRATOR] [DEBUG] 🔍 Symbol extraction for c:\Projects\educatedplanet\admin\src\lib\api.ts: 9 symbols, 1 imports
[2025-11-25T17:03:52.252Z] [2025-11-25T17:03:52.254Z] [INDEXING-ORCHESTRATOR] [DEBUG] 📍 Chunk 1-403: 9 candidate symbols
[2025-11-25T17:03:52.252Z] [2025-11-25T17:03:52.254Z] [INDEXING-ORCHESTRATOR] [DEBUG] ✅ Chunk symbols after filtering: 9 symbols - dataservice, transformUserSearchResult, transformTutorSearchResult, transformReviewSearchResult, userApi, tutorApi, reviewApi, dashboardApi, api
[2025-11-25T17:03:52.252Z] [2025-11-25T17:03:52.254Z] [INDEXING-ORCHESTRATOR] [DEBUG] Created 1 semantic chunks for c:\Projects\educatedplanet\admin\src\lib\api.ts
[2025-11-25T17:03:52.252Z] [2025-11-25T17:03:52.254Z] [INDEXING-ORCHESTRATOR] [DEBUG] Average chunk size: 10802 characters
[2025-11-25T17:03:52.257Z] [2025-11-25T17:03:52.258Z] [TREESITTER-CHUNKER] [INFO] Created 1 semantic chunks from c:\Projects\educatedplanet\admin\src\lib\auth-custom.ts
[2025-11-25T17:03:52.265Z] [2025-11-25T17:03:52.267Z] [TREESITTER-FULL] [INFO] Extracted 5 symbols from c:\Projects\educatedplanet\admin\src\lib\auth-custom.ts
[2025-11-25T17:03:52.265Z] [2025-11-25T17:03:52.267Z] [INDEXING-ORCHESTRATOR] [DEBUG] 🔍 Symbol extraction for c:\Projects\educatedplanet\admin\src\lib\auth-custom.ts: 5 symbols, 4 imports
[2025-11-25T17:03:52.266Z] [2025-11-25T17:03:52.267Z] [INDEXING-ORCHESTRATOR] [DEBUG] 📍 Chunk 1-87: 5 candidate symbols
[2025-11-25T17:03:52.266Z] [2025-11-25T17:03:52.267Z] [INDEXING-ORCHESTRATOR] [DEBUG] ✅ Chunk symbols after filtering: 5 symbols - client, db, customPasswordHash, authConfig, authConfig
[2025-11-25T17:03:52.266Z] [2025-11-25T17:03:52.267Z] [INDEXING-ORCHESTRATOR] [DEBUG] Created 1 semantic chunks for c:\Projects\educatedplanet\admin\src\lib\auth-custom.ts
[2025-11-25T17:03:52.266Z] [2025-11-25T17:03:52.267Z] [INDEXING-ORCHESTRATOR] [DEBUG] Average chunk size: 2368 characters
[2025-11-25T17:03:52.266Z] [2025-11-25T17:03:52.267Z] [INDEXING-ORCHESTRATOR] [DEBUG] 📊 Processed: 180/302 files
[2025-11-25T17:03:52.283Z] [2025-11-25T17:03:52.284Z] [TREESITTER-CHUNKER] [INFO] Created 1 semantic chunks from c:\Projects\educatedplanet\admin\src\lib\auth.ts
[2025-11-25T17:03:52.295Z] [2025-11-25T17:03:52.297Z] [TREESITTER-FULL] [INFO] Extracted 5 symbols from c:\Projects\educatedplanet\admin\src\lib\auth.ts
[2025-11-25T17:03:52.295Z] [2025-11-25T17:03:52.297Z] [INDEXING-ORCHESTRATOR] [DEBUG] 🔍 Symbol extraction for c:\Projects\educatedplanet\admin\src\lib\auth.ts: 5 symbols, 4 imports
[2025-11-25T17:03:52.296Z] [2025-11-25T17:03:52.297Z] [INDEXING-ORCHESTRATOR] [DEBUG] 📍 Chunk 1-75: 5 candidate symbols
[2025-11-25T17:03:52.296Z] [2025-11-25T17:03:52.297Z] [INDEXING-ORCHESTRATOR] [DEBUG] ✅ Chunk symbols after filtering: 5 symbols - client, db, customPasswordHash, authConfig, authConfig
[2025-11-25T17:03:52.296Z] [2025-11-25T17:03:52.297Z] [INDEXING-ORCHESTRATOR] [DEBUG] Created 1 semantic chunks for c:\Projects\educatedplanet\admin\src\lib\auth.ts
[2025-11-25T17:03:52.296Z] [2025-11-25T17:03:52.297Z] [INDEXING-ORCHESTRATOR] [DEBUG] Average chunk size: 2027 characters
[2025-11-25T17:03:52.296Z] [2025-11-25T17:03:52.298Z] [TREESITTER-CHUNKER] [INFO] Created 1 semantic chunks from c:\Projects\educatedplanet\admin\src\lib\client-api.ts
[2025-11-25T17:03:52.297Z] [2025-11-25T17:03:52.298Z] [TREESITTER-FULL] [INFO] Extracted 0 symbols from c:\Projects\educatedplanet\admin\src\lib\client-api.ts
[2025-11-25T17:03:52.297Z] [2025-11-25T17:03:52.298Z] [INDEXING-ORCHESTRATOR] [DEBUG] 🔍 Symbol extraction for c:\Projects\educatedplanet\admin\src\lib\client-api.ts: 0 symbols, 0 imports
[2025-11-25T17:03:52.297Z] [2025-11-25T17:03:52.298Z] [INDEXING-ORCHESTRATOR] [DEBUG] 📍 Chunk 1-14: 0 candidate symbols
[2025-11-25T17:03:52.297Z] [2025-11-25T17:03:52.298Z] [INDEXING-ORCHESTRATOR] [DEBUG] ✅ Chunk symbols after filtering: 0 symbols - 
[2025-11-25T17:03:52.297Z] [2025-11-25T17:03:52.298Z] [INDEXING-ORCHESTRATOR] [DEBUG] Created 1 semantic chunks for c:\Projects\educatedplanet\admin\src\lib\client-api.ts
[2025-11-25T17:03:52.297Z] [2025-11-25T17:03:52.299Z] [INDEXING-ORCHESTRATOR] [DEBUG] Average chunk size: 291 characters
[2025-11-25T17:03:52.306Z] [2025-11-25T17:03:52.307Z] [TREESITTER-CHUNKER] [INFO] Created 2 semantic chunks from c:\Projects\educatedplanet\admin\src\lib\auth-utils.ts
[2025-11-25T17:03:52.318Z] [2025-11-25T17:03:52.319Z] [TREESITTER-FULL] [INFO] Extracted 8 symbols from c:\Projects\educatedplanet\admin\src\lib\auth-utils.ts
[2025-11-25T17:03:52.318Z] [2025-11-25T17:03:52.319Z] [INDEXING-ORCHESTRATOR] [DEBUG] 🔍 Symbol extraction for c:\Projects\educatedplanet\admin\src\lib\auth-utils.ts: 8 symbols, 3 imports
[2025-11-25T17:03:52.318Z] [2025-11-25T17:03:52.319Z] [INDEXING-ORCHESTRATOR] [DEBUG] 📍 Chunk 6-41: 3 candidate symbols
[2025-11-25T17:03:52.318Z] [2025-11-25T17:03:52.319Z] [INDEXING-ORCHESTRATOR] [DEBUG] ✅ Chunk symbols after filtering: 3 symbols - User, Session, getServerSession
[2025-11-25T17:03:52.318Z] [2025-11-25T17:03:52.319Z] [INDEXING-ORCHESTRATOR] [DEBUG] 📍 Chunk 47-100: 5 candidate symbols
[2025-11-25T17:03:52.318Z] [2025-11-25T17:03:52.319Z] [INDEXING-ORCHESTRATOR] [DEBUG] ✅ Chunk symbols after filtering: 5 symbols - requireAuth, requireRole, hasRole, getCurrentUser, isAuthenticated
[2025-11-25T17:03:52.318Z] [2025-11-25T17:03:52.319Z] [INDEXING-ORCHESTRATOR] [DEBUG] Created 2 semantic chunks for c:\Projects\educatedplanet\admin\src\lib\auth-utils.ts
[2025-11-25T17:03:52.318Z] [2025-11-25T17:03:52.319Z] [INDEXING-ORCHESTRATOR] [DEBUG] Average chunk size: 944 characters
[2025-11-25T17:03:52.321Z] [2025-11-25T17:03:52.322Z] [TREESITTER-CHUNKER] [INFO] Created 1 semantic chunks from c:\Projects\educatedplanet\admin\src\lib\get-authenticated-user.ts
[2025-11-25T17:03:52.327Z] [2025-11-25T17:03:52.328Z] [TREESITTER-FULL] [INFO] Extracted 1 symbols from c:\Projects\educatedplanet\admin\src\lib\get-authenticated-user.ts
[2025-11-25T17:03:52.327Z] [2025-11-25T17:03:52.329Z] [INDEXING-ORCHESTRATOR] [DEBUG] 🔍 Symbol extraction for c:\Projects\educatedplanet\admin\src\lib\get-authenticated-user.ts: 1 symbols, 2 imports
[2025-11-25T17:03:52.327Z] [2025-11-25T17:03:52.329Z] [INDEXING-ORCHESTRATOR] [DEBUG] 📍 Chunk 9-31: 1 candidate symbols
[2025-11-25T17:03:52.327Z] [2025-11-25T17:03:52.329Z] [INDEXING-ORCHESTRATOR] [DEBUG] ✅ Chunk symbols after filtering: 1 symbols - getAuthenticatedUser
[2025-11-25T17:03:52.327Z] [2025-11-25T17:03:52.329Z] [INDEXING-ORCHESTRATOR] [DEBUG] Created 1 semantic chunks for c:\Projects\educatedplanet\admin\src\lib\get-authenticated-user.ts
[2025-11-25T17:03:52.327Z] [2025-11-25T17:03:52.329Z] [INDEXING-ORCHESTRATOR] [DEBUG] Average chunk size: 538 characters
[2025-11-25T17:03:52.334Z] [2025-11-25T17:03:52.335Z] [TREESITTER-CHUNKER] [INFO] Created 1 semantic chunks from c:\Projects\educatedplanet\admin\src\lib\auth-simple.ts
[2025-11-25T17:03:52.778Z] [2025-11-25T17:03:52.353Z] [TREESITTER-FULL] [INFO] Extracted 5 symbols from c:\Projects\educatedplanet\admin\src\lib\auth-simple.ts
[2025-11-25T17:03:52.778Z] [2025-11-25T17:03:52.353Z] [INDEXING-ORCHESTRATOR] [DEBUG] 🔍 Symbol extraction for c:\Projects\educatedplanet\admin\src\lib\auth-simple.ts: 5 symbols, 4 imports
[2025-11-25T17:03:52.778Z] [2025-11-25T17:03:52.354Z] [INDEXING-ORCHESTRATOR] [DEBUG] 📍 Chunk 1-68: 5 candidate symbols
[2025-11-25T17:03:52.778Z] [2025-11-25T17:03:52.354Z] [INDEXING-ORCHESTRATOR] [DEBUG] ✅ Chunk symbols after filtering: 5 symbols - client, db, adapter, authConfig, authConfig
[2025-11-25T17:03:52.778Z] [2025-11-25T17:03:52.354Z] [INDEXING-ORCHESTRATOR] [DEBUG] Created 1 semantic chunks for c:\Projects\educatedplanet\admin\src\lib\auth-simple.ts
[2025-11-25T17:03:52.778Z] [2025-11-25T17:03:52.354Z] [INDEXING-ORCHESTRATOR] [DEBUG] Average chunk size: 2000 characters
[2025-11-25T17:03:52.778Z] [2025-11-25T17:03:52.356Z] [TREESITTER-CHUNKER] [INFO] Created 1 semantic chunks from c:\Projects\educatedplanet\admin\src\lib\seed-database.ts
[2025-11-25T17:03:52.778Z] [2025-11-25T17:03:52.361Z] [TREESITTER-FULL] [INFO] Extracted 1 symbols from c:\Projects\educatedplanet\admin\src\lib\seed-database.ts
[2025-11-25T17:03:52.778Z] [2025-11-25T17:03:52.361Z] [INDEXING-ORCHESTRATOR] [DEBUG] 🔍 Symbol extraction for c:\Projects\educatedplanet\admin\src\lib\seed-database.ts: 1 symbols, 0 imports
[2025-11-25T17:03:52.778Z] [2025-11-25T17:03:52.361Z] [INDEXING-ORCHESTRATOR] [DEBUG] 📍 Chunk 9-33: 1 candidate symbols
[2025-11-25T17:03:52.778Z] [2025-11-25T17:03:52.361Z] [INDEXING-ORCHESTRATOR] [DEBUG] ✅ Chunk symbols after filtering: 1 symbols - seedDatabase
[2025-11-25T17:03:52.778Z] [2025-11-25T17:03:52.361Z] [INDEXING-ORCHESTRATOR] [DEBUG] Created 1 semantic chunks for c:\Projects\educatedplanet\admin\src\lib\seed-database.ts
[2025-11-25T17:03:52.778Z] [2025-11-25T17:03:52.361Z] [INDEXING-ORCHESTRATOR] [DEBUG] Average chunk size: 752 characters
[2025-11-25T17:03:52.778Z] [2025-11-25T17:03:52.366Z] [TREESITTER-CHUNKER] [INFO] Created 1 semantic chunks from c:\Projects\educatedplanet\admin\src\lib\layout-utils.ts
[2025-11-25T17:03:52.778Z] [2025-11-25T17:03:52.370Z] [TREESITTER-FULL] [INFO] Extracted 2 symbols from c:\Projects\educatedplanet\admin\src\lib\layout-utils.ts
[2025-11-25T17:03:52.778Z] [2025-11-25T17:03:52.370Z] [INDEXING-ORCHESTRATOR] [DEBUG] 🔍 Symbol extraction for c:\Projects\educatedplanet\admin\src\lib\layout-utils.ts: 2 symbols, 0 imports
[2025-11-25T17:03:52.778Z] [2025-11-25T17:03:52.370Z] [INDEXING-ORCHESTRATOR] [DEBUG] 📍 Chunk 1-13: 2 candidate symbols
[2025-11-25T17:03:52.778Z] [2025-11-25T17:03:52.370Z] [INDEXING-ORCHESTRATOR] [DEBUG] ✅ Chunk symbols after filtering: 2 symbols - updateContentLayout, updateNavbarStyle
[2025-11-25T17:03:52.778Z] [2025-11-25T17:03:52.370Z] [INDEXING-ORCHESTRATOR] [DEBUG] Created 1 semantic chunks for c:\Projects\educatedplanet\admin\src\lib\layout-utils.ts
[2025-11-25T17:03:52.778Z] [2025-11-25T17:03:52.370Z] [INDEXING-ORCHESTRATOR] [DEBUG] Average chunk size: 435 characters
[2025-11-25T17:03:52.778Z] [2025-11-25T17:03:52.374Z] [TREESITTER-CHUNKER] [INFO] Created 1 semantic chunks from c:\Projects\educatedplanet\admin\src\lib\theme-utils.ts
[2025-11-25T17:03:52.778Z] [2025-11-25T17:03:52.379Z] [TREESITTER-FULL] [INFO] Extracted 1 symbols from c:\Projects\educatedplanet\admin\src\lib\theme-utils.ts
[2025-11-25T17:03:52.778Z] [2025-11-25T17:03:52.379Z] [INDEXING-ORCHESTRATOR] [DEBUG] 🔍 Symbol extraction for c:\Projects\educatedplanet\admin\src\lib\theme-utils.ts: 1 symbols, 0 imports
[2025-11-25T17:03:52.778Z] [2025-11-25T17:03:52.379Z] [INDEXING-ORCHESTRATOR] [DEBUG] 📍 Chunk 1-8: 1 candidate symbols
[2025-11-25T17:03:52.778Z] [2025-11-25T17:03:52.379Z] [INDEXING-ORCHESTRATOR] [DEBUG] ✅ Chunk symbols after filtering: 1 symbols - updateThemeMode
[2025-11-25T17:03:52.778Z] [2025-11-25T17:03:52.379Z] [INDEXING-ORCHESTRATOR] [DEBUG] Created 1 semantic chunks for c:\Projects\educatedplanet\admin\src\lib\theme-utils.ts
[2025-11-25T17:03:52.778Z] [2025-11-25T17:03:52.379Z] [INDEXING-ORCHESTRATOR] [DEBUG] Average chunk size: 281 characters
[2025-11-25T17:03:52.778Z] [2025-11-25T17:03:52.390Z] [TREESITTER-CHUNKER] [INFO] Created 2 semantic chunks from c:\Projects\educatedplanet\admin\src\navigation\sidebar\sidebar-items.ts
[2025-11-25T17:03:52.778Z] [2025-11-25T17:03:52.408Z] [TREESITTER-FULL] [INFO] Extracted 4 symbols from c:\Projects\educatedplanet\admin\src\navigation\sidebar\sidebar-items.ts
[2025-11-25T17:03:52.778Z] [2025-11-25T17:03:52.408Z] [INDEXING-ORCHESTRATOR] [DEBUG] 🔍 Symbol extraction for c:\Projects\educatedplanet\admin\src\navigation\sidebar\sidebar-items.ts: 4 symbols, 1 imports
[2025-11-25T17:03:52.778Z] [2025-11-25T17:03:52.408Z] [INDEXING-ORCHESTRATOR] [DEBUG] 📍 Chunk 26-49: 3 candidate symbols
[2025-11-25T17:03:52.778Z] [2025-11-25T17:03:52.408Z] [INDEXING-ORCHESTRATOR] [DEBUG] ✅ Chunk symbols after filtering: 3 symbols - NavSubItem, NavMainItem, NavGroup
[2025-11-25T17:03:52.778Z] [2025-11-25T17:03:52.408Z] [INDEXING-ORCHESTRATOR] [DEBUG] 📍 Chunk 50-194: 1 candidate symbols
[2025-11-25T17:03:52.778Z] [2025-11-25T17:03:52.408Z] [INDEXING-ORCHESTRATOR] [DEBUG] ✅ Chunk symbols after filtering: 1 symbols - sidebarItems
[2025-11-25T17:03:52.778Z] [2025-11-25T17:03:52.408Z] [INDEXING-ORCHESTRATOR] [DEBUG] Created 2 semantic chunks for c:\Projects\educatedplanet\admin\src\navigation\sidebar\sidebar-items.ts
[2025-11-25T17:03:52.778Z] [2025-11-25T17:03:52.408Z] [INDEXING-ORCHESTRATOR] [DEBUG] Average chunk size: 1753 characters
[2025-11-25T17:03:52.778Z] [2025-11-25T17:03:52.411Z] [TREESITTER-CHUNKER] [INFO] Created 2 semantic chunks from c:\Projects\educatedplanet\admin\src\lib\utils.ts
[2025-11-25T17:03:52.778Z] [2025-11-25T17:03:52.415Z] [TREESITTER-FULL] [INFO] Extracted 3 symbols from c:\Projects\educatedplanet\admin\src\lib\utils.ts
[2025-11-25T17:03:52.778Z] [2025-11-25T17:03:52.415Z] [INDEXING-ORCHESTRATOR] [DEBUG] 🔍 Symbol extraction for c:\Projects\educatedplanet\admin\src\lib\utils.ts: 3 symbols, 2 imports
[2025-11-25T17:03:52.778Z] [2025-11-25T17:03:52.415Z] [INDEXING-ORCHESTRATOR] [DEBUG] 📍 Chunk 4-6: 1 candidate symbols
[2025-11-25T17:03:52.778Z] [2025-11-25T17:03:52.415Z] [INDEXING-ORCHESTRATOR] [DEBUG] ✅ Chunk symbols after filtering: 1 symbols - cn
[2025-11-25T17:03:52.778Z] [2025-11-25T17:03:52.415Z] [INDEXING-ORCHESTRATOR] [DEBUG] 📍 Chunk 22-42: 1 candidate symbols
[2025-11-25T17:03:52.778Z] [2025-11-25T17:03:52.415Z] [INDEXING-ORCHESTRATOR] [DEBUG] ✅ Chunk symbols after filtering: 1 symbols - formatCurrency
[2025-11-25T17:03:52.778Z] [2025-11-25T17:03:52.415Z] [INDEXING-ORCHESTRATOR] [DEBUG] Created 2 semantic chunks for c:\Projects\educatedplanet\admin\src\lib\utils.ts
[2025-11-25T17:03:52.778Z] [2025-11-25T17:03:52.415Z] [INDEXING-ORCHESTRATOR] [DEBUG] Average chunk size: 360 characters
[2025-11-25T17:03:52.778Z] [2025-11-25T17:03:52.415Z] [INDEXING-ORCHESTRATOR] [DEBUG] 📊 Processed: 190/302 files
[2025-11-25T17:03:52.778Z] [2025-11-25T17:03:52.426Z] [TREESITTER-CHUNKER] [INFO] Created 2 semantic chunks from c:\Projects\educatedplanet\admin\src\scripts\generate-theme-presets.ts
[2025-11-25T17:03:52.778Z] [2025-11-25T17:03:52.444Z] [TREESITTER-FULL] [INFO] Extracted 11 symbols from c:\Projects\educatedplanet\admin\src\scripts\generate-theme-presets.ts
[2025-11-25T17:03:52.778Z] [2025-11-25T17:03:52.444Z] [INDEXING-ORCHESTRATOR] [DEBUG] 🔍 Symbol extraction for c:\Projects\educatedplanet\admin\src\scripts\generate-theme-presets.ts: 11 symbols, 3 imports
[2025-11-25T17:03:52.778Z] [2025-11-25T17:03:52.444Z] [INDEXING-ORCHESTRATOR] [DEBUG] 📍 Chunk 112-122: 1 candidate symbols
[2025-11-25T17:03:52.778Z] [2025-11-25T17:03:52.444Z] [INDEXING-ORCHESTRATOR] [DEBUG] ✅ Chunk symbols after filtering: 1 symbols - main
[2025-11-25T17:03:52.778Z] [2025-11-25T17:03:52.444Z] [INDEXING-ORCHESTRATOR] [DEBUG] 📍 Chunk 123-128: 0 candidate symbols
[2025-11-25T17:03:52.778Z] [2025-11-25T17:03:52.444Z] [INDEXING-ORCHESTRATOR] [DEBUG] ✅ Chunk symbols after filtering: 0 symbols - 
[2025-11-25T17:03:52.778Z] [2025-11-25T17:03:52.444Z] [INDEXING-ORCHESTRATOR] [DEBUG] Created 2 semantic chunks for c:\Projects\educatedplanet\admin\src\scripts\generate-theme-presets.ts
[2025-11-25T17:03:52.778Z] [2025-11-25T17:03:52.444Z] [INDEXING-ORCHESTRATOR] [DEBUG] Average chunk size: 221 characters
[2025-11-25T17:03:52.778Z] [2025-11-25T17:03:52.448Z] [TREESITTER-CHUNKER] [INFO] Created 3 semantic chunks from c:\Projects\educatedplanet\admin\src\proxy.ts
[2025-11-25T17:03:52.778Z] [2025-11-25T17:03:52.458Z] [TREESITTER-FULL] [INFO] Extracted 5 symbols from c:\Projects\educatedplanet\admin\src\proxy.ts
[2025-11-25T17:03:52.778Z] [2025-11-25T17:03:52.458Z] [INDEXING-ORCHESTRATOR] [DEBUG] 🔍 Symbol extraction for c:\Projects\educatedplanet\admin\src\proxy.ts: 5 symbols, 1 imports
[2025-11-25T17:03:52.778Z] [2025-11-25T17:03:52.458Z] [INDEXING-ORCHESTRATOR] [DEBUG] 📍 Chunk 13-64: 1 candidate symbols
[2025-11-25T17:03:52.778Z] [2025-11-25T17:03:52.458Z] [INDEXING-ORCHESTRATOR] [DEBUG] ✅ Chunk symbols after filtering: 1 symbols - rateLimitMiddleware
[2025-11-25T17:03:52.778Z] [2025-11-25T17:03:52.458Z] [INDEXING-ORCHESTRATOR] [DEBUG] 📍 Chunk 69-79: 2 candidate symbols
[2025-11-25T17:03:52.778Z] [2025-11-25T17:03:52.458Z] [INDEXING-ORCHESTRATOR] [DEBUG] ✅ Chunk symbols after filtering: 2 symbols - clearRateLimitForIP, getProgressiveDelay
[2025-11-25T17:03:52.778Z] [2025-11-25T17:03:52.458Z] [INDEXING-ORCHESTRATOR] [DEBUG] 📍 Chunk 80-85: 0 candidate symbols
[2025-11-25T17:03:52.778Z] [2025-11-25T17:03:52.458Z] [INDEXING-ORCHESTRATOR] [DEBUG] ✅ Chunk symbols after filtering: 0 symbols - 
[2025-11-25T17:03:52.778Z] [2025-11-25T17:03:52.458Z] [INDEXING-ORCHESTRATOR] [DEBUG] Created 3 semantic chunks for c:\Projects\educatedplanet\admin\src\proxy.ts
[2025-11-25T17:03:52.778Z] [2025-11-25T17:03:52.458Z] [INDEXING-ORCHESTRATOR] [DEBUG] Average chunk size: 752 characters
[2025-11-25T17:03:52.778Z] [2025-11-25T17:03:52.460Z] [TREESITTER-CHUNKER] [INFO] Created 1 semantic chunks from c:\Projects\educatedplanet\admin\src\server\server-actions.ts
[2025-11-25T17:03:52.778Z] [2025-11-25T17:03:52.464Z] [TREESITTER-FULL] [INFO] Extracted 3 symbols from c:\Projects\educatedplanet\admin\src\server\server-actions.ts
[2025-11-25T17:03:52.778Z] [2025-11-25T17:03:52.464Z] [INDEXING-ORCHESTRATOR] [DEBUG] 🔍 Symbol extraction for c:\Projects\educatedplanet\admin\src\server\server-actions.ts: 3 symbols, 1 imports
[2025-11-25T17:03:52.778Z] [2025-11-25T17:03:52.464Z] [INDEXING-ORCHESTRATOR] [DEBUG] 📍 Chunk 5-27: 3 candidate symbols
[2025-11-25T17:03:52.778Z] [2025-11-25T17:03:52.464Z] [INDEXING-ORCHESTRATOR] [DEBUG] ✅ Chunk symbols after filtering: 3 symbols - getValueFromCookie, setValueToCookie, getPreference
[2025-11-25T17:03:52.778Z] [2025-11-25T17:03:52.464Z] [INDEXING-ORCHESTRATOR] [DEBUG] Created 1 semantic chunks for c:\Projects\educatedplanet\admin\src\server\server-actions.ts
[2025-11-25T17:03:52.778Z] [2025-11-25T17:03:52.464Z] [INDEXING-ORCHESTRATOR] [DEBUG] Average chunk size: 820 characters
[2025-11-25T17:03:52.778Z] [2025-11-25T17:03:52.465Z] [TREESITTER-CHUNKER] [INFO] Created 2 semantic chunks from c:\Projects\educatedplanet\admin\src\proxy.disabled.ts
[2025-11-25T17:03:52.778Z] [2025-11-25T17:03:52.466Z] [TREESITTER-FULL] [INFO] Extracted 2 symbols from c:\Projects\educatedplanet\admin\src\proxy.disabled.ts
[2025-11-25T17:03:52.778Z] [2025-11-25T17:03:52.466Z] [INDEXING-ORCHESTRATOR] [DEBUG] 🔍 Symbol extraction for c:\Projects\educatedplanet\admin\src\proxy.disabled.ts: 2 symbols, 1 imports
[2025-11-25T17:03:52.778Z] [2025-11-25T17:03:52.466Z] [INDEXING-ORCHESTRATOR] [DEBUG] 📍 Chunk 10-17: 1 candidate symbols
[2025-11-25T17:03:52.778Z] [2025-11-25T17:03:52.466Z] [INDEXING-ORCHESTRATOR] [DEBUG] ✅ Chunk symbols after filtering: 1 symbols - proxy
[2025-11-25T17:03:52.778Z] [2025-11-25T17:03:52.466Z] [INDEXING-ORCHESTRATOR] [DEBUG] 📍 Chunk 18-26: 1 candidate symbols
[2025-11-25T17:03:52.778Z] [2025-11-25T17:03:52.466Z] [INDEXING-ORCHESTRATOR] [DEBUG] ✅ Chunk symbols after filtering: 1 symbols - config
[2025-11-25T17:03:52.778Z] [2025-11-25T17:03:52.466Z] [INDEXING-ORCHESTRATOR] [DEBUG] Created 2 semantic chunks for c:\Projects\educatedplanet\admin\src\proxy.disabled.ts
[2025-11-25T17:03:52.778Z] [2025-11-25T17:03:52.466Z] [INDEXING-ORCHESTRATOR] [DEBUG] Average chunk size: 237 characters
[2025-11-25T17:03:52.778Z] [2025-11-25T17:03:52.468Z] [TREESITTER-CHUNKER] [INFO] Created 1 semantic chunks from c:\Projects\educatedplanet\admin\src\stores\preferences\preferences-provider.tsx
[2025-11-25T17:03:52.778Z] [2025-11-25T17:03:52.472Z] [TREESITTER-FULL] [INFO] Extracted 3 symbols from c:\Projects\educatedplanet\admin\src\stores\preferences\preferences-provider.tsx
[2025-11-25T17:03:52.778Z] [2025-11-25T17:03:52.472Z] [INDEXING-ORCHESTRATOR] [DEBUG] 🔍 Symbol extraction for c:\Projects\educatedplanet\admin\src\stores\preferences\preferences-provider.tsx: 3 symbols, 3 imports
[2025-11-25T17:03:52.778Z] [2025-11-25T17:03:52.472Z] [INDEXING-ORCHESTRATOR] [DEBUG] 📍 Chunk 1-30: 3 candidate symbols
[2025-11-25T17:03:52.778Z] [2025-11-25T17:03:52.472Z] [INDEXING-ORCHESTRATOR] [DEBUG] ✅ Chunk symbols after filtering: 3 symbols - PreferencesStoreContext, storeRef, usePreferencesStore
[2025-11-25T17:03:52.778Z] [2025-11-25T17:03:52.472Z] [INDEXING-ORCHESTRATOR] [DEBUG] Created 1 semantic chunks for c:\Projects\educatedplanet\admin\src\stores\preferences\preferences-provider.tsx
[2025-11-25T17:03:52.778Z] [2025-11-25T17:03:52.472Z] [INDEXING-ORCHESTRATOR] [DEBUG] Average chunk size: 978 characters
[2025-11-25T17:03:52.778Z] [2025-11-25T17:03:52.475Z] [TREESITTER-CHUNKER] [INFO] Created 4 semantic chunks from c:\Projects\educatedplanet\admin\src\types\preferences\layout.ts
[2025-11-25T17:03:52.778Z] [2025-11-25T17:03:52.479Z] [TREESITTER-FULL] [INFO] Extracted 12 symbols from c:\Projects\educatedplanet\admin\src\types\preferences\layout.ts
[2025-11-25T17:03:52.778Z] [2025-11-25T17:03:52.479Z] [INDEXING-ORCHESTRATOR] [DEBUG] 🔍 Symbol extraction for c:\Projects\educatedplanet\admin\src\types\preferences\layout.ts: 12 symbols, 0 imports
[2025-11-25T17:03:52.778Z] [2025-11-25T17:03:52.479Z] [INDEXING-ORCHESTRATOR] [DEBUG] 📍 Chunk 8-8: 1 candidate symbols
[2025-11-25T17:03:52.778Z] [2025-11-25T17:03:52.479Z] [INDEXING-ORCHESTRATOR] [DEBUG] ✅ Chunk symbols after filtering: 1 symbols - SidebarVariant
[2025-11-25T17:03:52.778Z] [2025-11-25T17:03:52.479Z] [INDEXING-ORCHESTRATOR] [DEBUG] 📍 Chunk 16-16: 1 candidate symbols
[2025-11-25T17:03:52.778Z] [2025-11-25T17:03:52.479Z] [INDEXING-ORCHESTRATOR] [DEBUG] ✅ Chunk symbols after filtering: 1 symbols - SidebarCollapsible
[2025-11-25T17:03:52.778Z] [2025-11-25T17:03:52.479Z] [INDEXING-ORCHESTRATOR] [DEBUG] 📍 Chunk 24-24: 1 candidate symbols
[2025-11-25T17:03:52.778Z] [2025-11-25T17:03:52.479Z] [INDEXING-ORCHESTRATOR] [DEBUG] ✅ Chunk symbols after filtering: 1 symbols - ContentLayout
[2025-11-25T17:03:52.778Z] [2025-11-25T17:03:52.479Z] [INDEXING-ORCHESTRATOR] [DEBUG] 📍 Chunk 32-32: 1 candidate symbols
[2025-11-25T17:03:52.778Z] [2025-11-25T17:03:52.479Z] [INDEXING-ORCHESTRATOR] [DEBUG] ✅ Chunk symbols after filtering: 1 symbols - NavbarStyle
[2025-11-25T17:03:52.778Z] [2025-11-25T17:03:52.479Z] [INDEXING-ORCHESTRATOR] [DEBUG] Created 4 semantic chunks for c:\Projects\educatedplanet\admin\src\types\preferences\layout.ts
[2025-11-25T17:03:52.778Z] [2025-11-25T17:03:52.479Z] [INDEXING-ORCHESTRATOR] [DEBUG] Average chunk size: 62 characters
[2025-11-25T17:03:52.778Z] [2025-11-25T17:03:52.481Z] [TREESITTER-CHUNKER] [INFO] Created 2 semantic chunks from c:\Projects\educatedplanet\admin\src\stores\preferences\preferences-store.ts
[2025-11-25T17:03:52.778Z] [2025-11-25T17:03:52.483Z] [TREESITTER-FULL] [INFO] Extracted 2 symbols from c:\Projects\educatedplanet\admin\src\stores\preferences\preferences-store.ts
[2025-11-25T17:03:52.778Z] [2025-11-25T17:03:52.483Z] [INDEXING-ORCHESTRATOR] [DEBUG] 🔍 Symbol extraction for c:\Projects\educatedplanet\admin\src\stores\preferences\preferences-store.ts: 2 symbols, 2 imports
[2025-11-25T17:03:52.778Z] [2025-11-25T17:03:52.483Z] [INDEXING-ORCHESTRATOR] [DEBUG] 📍 Chunk 5-8: 1 candidate symbols
[2025-11-25T17:03:52.778Z] [2025-11-25T17:03:52.483Z] [INDEXING-ORCHESTRATOR] [DEBUG] ✅ Chunk symbols after filtering: 1 symbols - PreferencesState
[2025-11-25T17:03:52.778Z] [2025-11-25T17:03:52.483Z] [INDEXING-ORCHESTRATOR] [DEBUG] 📍 Chunk 9-15: 1 candidate symbols
[2025-11-25T17:03:52.778Z] [2025-11-25T17:03:52.483Z] [INDEXING-ORCHESTRATOR] [DEBUG] ✅ Chunk symbols after filtering: 1 symbols - createPreferencesStore
[2025-11-25T17:03:52.778Z] [2025-11-25T17:03:52.483Z] [INDEXING-ORCHESTRATOR] [DEBUG] Created 2 semantic chunks for c:\Projects\educatedplanet\admin\src\stores\preferences\preferences-store.ts
[2025-11-25T17:03:52.778Z] [2025-11-25T17:03:52.483Z] [INDEXING-ORCHESTRATOR] [DEBUG] Average chunk size: 164 characters
[2025-11-25T17:03:52.778Z] [2025-11-25T17:03:52.486Z] [TREESITTER-CHUNKER] [INFO] Created 2 semantic chunks from c:\Projects\educatedplanet\admin\src\utils\encryption.ts
[2025-11-25T17:03:52.778Z] [2025-11-25T17:03:52.496Z] [TREESITTER-FULL] [INFO] Extracted 3 symbols from c:\Projects\educatedplanet\admin\src\utils\encryption.ts
[2025-11-25T17:03:52.778Z] [2025-11-25T17:03:52.496Z] [INDEXING-ORCHESTRATOR] [DEBUG] 🔍 Symbol extraction for c:\Projects\educatedplanet\admin\src\utils\encryption.ts: 3 symbols, 1 imports
[2025-11-25T17:03:52.778Z] [2025-11-25T17:03:52.496Z] [INDEXING-ORCHESTRATOR] [DEBUG] 📍 Chunk 10-45: 1 candidate symbols
[2025-11-25T17:03:52.778Z] [2025-11-25T17:03:52.496Z] [INDEXING-ORCHESTRATOR] [DEBUG] ✅ Chunk symbols after filtering: 1 symbols - getPublicKey
[2025-11-25T17:03:52.778Z] [2025-11-25T17:03:52.496Z] [INDEXING-ORCHESTRATOR] [DEBUG] 📍 Chunk 50-74: 2 candidate symbols
[2025-11-25T17:03:52.778Z] [2025-11-25T17:03:52.496Z] [INDEXING-ORCHESTRATOR] [DEBUG] ✅ Chunk symbols after filtering: 2 symbols - encryptPassword, clearPublicKeyCache
[2025-11-25T17:03:52.778Z] [2025-11-25T17:03:52.496Z] [INDEXING-ORCHESTRATOR] [DEBUG] Created 2 semantic chunks for c:\Projects\educatedplanet\admin\src\utils\encryption.ts
[2025-11-25T17:03:52.778Z] [2025-11-25T17:03:52.496Z] [INDEXING-ORCHESTRATOR] [DEBUG] Average chunk size: 864 characters
[2025-11-25T17:03:52.778Z] [2025-11-25T17:03:52.497Z] [TREESITTER-CHUNKER] [INFO] Created 1 semantic chunks from c:\Projects\educatedplanet\admin\src\utils\get-csrf-token.ts
[2025-11-25T17:03:52.778Z] [2025-11-25T17:03:52.499Z] [TREESITTER-FULL] [INFO] Extracted 1 symbols from c:\Projects\educatedplanet\admin\src\utils\get-csrf-token.ts
[2025-11-25T17:03:52.778Z] [2025-11-25T17:03:52.499Z] [INDEXING-ORCHESTRATOR] [DEBUG] 🔍 Symbol extraction for c:\Projects\educatedplanet\admin\src\utils\get-csrf-token.ts: 1 symbols, 0 imports
[2025-11-25T17:03:52.778Z] [2025-11-25T17:03:52.499Z] [INDEXING-ORCHESTRATOR] [DEBUG] 📍 Chunk 4-14: 1 candidate symbols
[2025-11-25T17:03:52.778Z] [2025-11-25T17:03:52.499Z] [INDEXING-ORCHESTRATOR] [DEBUG] ✅ Chunk symbols after filtering: 1 symbols - getCSRFToken
[2025-11-25T17:03:52.778Z] [2025-11-25T17:03:52.499Z] [INDEXING-ORCHESTRATOR] [DEBUG] Created 1 semantic chunks for c:\Projects\educatedplanet\admin\src\utils\get-csrf-token.ts
[2025-11-25T17:03:52.778Z] [2025-11-25T17:03:52.499Z] [INDEXING-ORCHESTRATOR] [DEBUG] Average chunk size: 275 characters
[2025-11-25T17:03:52.778Z] [2025-11-25T17:03:52.499Z] [TREESITTER-CHUNKER] [INFO] Created 1 semantic chunks from c:\Projects\educatedplanet\admin\src\types\preferences\theme.ts
[2025-11-25T17:03:52.778Z] [2025-11-25T17:03:52.500Z] [TREESITTER-FULL] [INFO] Extracted 3 symbols from c:\Projects\educatedplanet\admin\src\types\preferences\theme.ts
[2025-11-25T17:03:52.778Z] [2025-11-25T17:03:52.500Z] [INDEXING-ORCHESTRATOR] [DEBUG] 🔍 Symbol extraction for c:\Projects\educatedplanet\admin\src\types\preferences\theme.ts: 3 symbols, 0 imports
[2025-11-25T17:03:52.778Z] [2025-11-25T17:03:52.500Z] [INDEXING-ORCHESTRATOR] [DEBUG] 📍 Chunk 14-14: 1 candidate symbols
[2025-11-25T17:03:52.778Z] [2025-11-25T17:03:52.500Z] [INDEXING-ORCHESTRATOR] [DEBUG] ✅ Chunk symbols after filtering: 1 symbols - ThemeMode
[2025-11-25T17:03:52.778Z] [2025-11-25T17:03:52.500Z] [INDEXING-ORCHESTRATOR] [DEBUG] Created 1 semantic chunks for c:\Projects\educatedplanet\admin\src\types\preferences\theme.ts
[2025-11-25T17:03:52.778Z] [2025-11-25T17:03:52.500Z] [INDEXING-ORCHESTRATOR] [DEBUG] Average chunk size: 52 characters
[2025-11-25T17:03:52.778Z] [2025-11-25T17:03:52.500Z] [INDEXING-ORCHESTRATOR] [DEBUG] 📊 Processed: 200/302 files
[2025-11-25T17:03:52.778Z] [2025-11-25T17:03:52.504Z] [TREESITTER-CHUNKER] [INFO] Created 0 semantic chunks from c:\Projects\educatedplanet\common\services\emailservice.ts
[2025-11-25T17:03:52.778Z] [2025-11-25T17:03:52.504Z] [TREESITTER-FULL] [INFO] Extracted 0 symbols from c:\Projects\educatedplanet\common\services\emailservice.ts
[2025-11-25T17:03:52.778Z] [2025-11-25T17:03:52.504Z] [INDEXING-ORCHESTRATOR] [DEBUG] 🔍 Symbol extraction for c:\Projects\educatedplanet\common\services\emailservice.ts: 0 symbols, 0 imports
[2025-11-25T17:03:52.778Z] [2025-11-25T17:03:52.504Z] [INDEXING-ORCHESTRATOR] [DEBUG] Created 0 semantic chunks for c:\Projects\educatedplanet\common\services\emailservice.ts
[2025-11-25T17:03:52.778Z] [2025-11-25T17:03:52.507Z] [TREESITTER-CHUNKER] [INFO] Created 1 semantic chunks from c:\Projects\educatedplanet\common\src\constants\index.ts
[2025-11-25T17:03:52.778Z] [2025-11-25T17:03:52.511Z] [TREESITTER-FULL] [INFO] Extracted 6 symbols from c:\Projects\educatedplanet\common\src\constants\index.ts
[2025-11-25T17:03:52.778Z] [2025-11-25T17:03:52.511Z] [INDEXING-ORCHESTRATOR] [DEBUG] 🔍 Symbol extraction for c:\Projects\educatedplanet\common\src\constants\index.ts: 6 symbols, 0 imports
[2025-11-25T17:03:52.778Z] [2025-11-25T17:03:52.511Z] [INDEXING-ORCHESTRATOR] [DEBUG] 📍 Chunk 1-78: 6 candidate symbols
[2025-11-25T17:03:52.778Z] [2025-11-25T17:03:52.511Z] [INDEXING-ORCHESTRATOR] [DEBUG] ✅ Chunk symbols after filtering: 6 symbols - APP_CONFIG, LOCATIONS, SUBJECTS, CLASS_LEVELS, USER_ROLES, TEACHING_MODES
[2025-11-25T17:03:52.778Z] [2025-11-25T17:03:52.511Z] [INDEXING-ORCHESTRATOR] [DEBUG] Created 1 semantic chunks for c:\Projects\educatedplanet\common\src\constants\index.ts
[2025-11-25T17:03:52.778Z] [2025-11-25T17:03:52.511Z] [INDEXING-ORCHESTRATOR] [DEBUG] Average chunk size: 1296 characters
[2025-11-25T17:03:52.778Z] [2025-11-25T17:03:52.511Z] [TREESITTER-CHUNKER] [INFO] Created 1 semantic chunks from c:\Projects\educatedplanet\common\src\index.ts
[2025-11-25T17:03:52.778Z] [2025-11-25T17:03:52.512Z] [TREESITTER-FULL] [INFO] Extracted 0 symbols from c:\Projects\educatedplanet\common\src\index.ts
[2025-11-25T17:03:52.778Z] [2025-11-25T17:03:52.512Z] [INDEXING-ORCHESTRATOR] [DEBUG] 🔍 Symbol extraction for c:\Projects\educatedplanet\common\src\index.ts: 0 symbols, 0 imports
[2025-11-25T17:03:52.778Z] [2025-11-25T17:03:52.512Z] [INDEXING-ORCHESTRATOR] [DEBUG] 📍 Chunk 1-4: 0 candidate symbols
[2025-11-25T17:03:52.778Z] [2025-11-25T17:03:52.512Z] [INDEXING-ORCHESTRATOR] [DEBUG] ✅ Chunk symbols after filtering: 0 symbols - 
[2025-11-25T17:03:52.778Z] [2025-11-25T17:03:52.512Z] [INDEXING-ORCHESTRATOR] [DEBUG] Created 1 semantic chunks for c:\Projects\educatedplanet\common\src\index.ts
[2025-11-25T17:03:52.778Z] [2025-11-25T17:03:52.512Z] [INDEXING-ORCHESTRATOR] [DEBUG] Average chunk size: 142 characters
[2025-11-25T17:03:52.778Z] [2025-11-25T17:03:52.514Z] [TREESITTER-CHUNKER] [INFO] Created 2 semantic chunks from c:\Projects\educatedplanet\common\src\utils\index.ts
[2025-11-25T17:03:52.778Z] [2025-11-25T17:03:52.517Z] [TREESITTER-FULL] [INFO] Extracted 5 symbols from c:\Projects\educatedplanet\common\src\utils\index.ts
[2025-11-25T17:03:52.778Z] [2025-11-25T17:03:52.517Z] [INDEXING-ORCHESTRATOR] [DEBUG] 🔍 Symbol extraction for c:\Projects\educatedplanet\common\src\utils\index.ts: 5 symbols, 0 imports
[2025-11-25T17:03:52.778Z] [2025-11-25T17:03:52.517Z] [INDEXING-ORCHESTRATOR] [DEBUG] 📍 Chunk 6-44: 5 candidate symbols
[2025-11-25T17:03:52.778Z] [2025-11-25T17:03:52.517Z] [INDEXING-ORCHESTRATOR] [DEBUG] ✅ Chunk symbols after filtering: 5 symbols - formatTutorName, formatCurrency, generateSlug, isEmpty, truncateText
[2025-11-25T17:03:52.778Z] [2025-11-25T17:03:52.517Z] [INDEXING-ORCHESTRATOR] [DEBUG] 📍 Chunk 45-47: 0 candidate symbols
[2025-11-25T17:03:52.778Z] [2025-11-25T17:03:52.517Z] [INDEXING-ORCHESTRATOR] [DEBUG] ✅ Chunk symbols after filtering: 0 symbols - 
[2025-11-25T17:03:52.778Z] [2025-11-25T17:03:52.517Z] [INDEXING-ORCHESTRATOR] [DEBUG] Created 2 semantic chunks for c:\Projects\educatedplanet\common\src\utils\index.ts
[2025-11-25T17:03:52.778Z] [2025-11-25T17:03:52.517Z] [INDEXING-ORCHESTRATOR] [DEBUG] Average chunk size: 470 characters
[2025-11-25T17:03:52.778Z] [2025-11-25T17:03:52.530Z] [TREESITTER-CHUNKER] [INFO] Created 1 semantic chunks from c:\Projects\educatedplanet\common\src\validation\index.ts
[2025-11-25T17:03:52.778Z] [2025-11-25T17:03:52.564Z] [TREESITTER-FULL] [INFO] Extracted 32 symbols from c:\Projects\educatedplanet\common\src\validation\index.ts
[2025-11-25T17:03:52.778Z] [2025-11-25T17:03:52.564Z] [INDEXING-ORCHESTRATOR] [DEBUG] 🔍 Symbol extraction for c:\Projects\educatedplanet\common\src\validation\index.ts: 32 symbols, 1 imports
[2025-11-25T17:03:52.778Z] [2025-11-25T17:03:52.564Z] [INDEXING-ORCHESTRATOR] [DEBUG] 📍 Chunk 160-169: 10 candidate symbols
[2025-11-25T17:03:52.778Z] [2025-11-25T17:03:52.564Z] [INDEXING-ORCHESTRATOR] [DEBUG] ✅ Chunk symbols after filtering: 10 symbols - LoginInput, TutorBasicInfoInput, TutorTeachingInput, TutorLocationInput, ReviewInput, CreateClassInput, UpdateClassInput, ClassSearchParamsInput, AddSubClassInput, RemoveSubClassInput
[2025-11-25T17:03:52.778Z] [2025-11-25T17:03:52.564Z] [INDEXING-ORCHESTRATOR] [DEBUG] Created 1 semantic chunks for c:\Projects\educatedplanet\common\src\validation\index.ts
[2025-11-25T17:03:52.778Z] [2025-11-25T17:03:52.564Z] [INDEXING-ORCHESTRATOR] [DEBUG] Average chunk size: 662 characters
[2025-11-25T17:03:52.778Z] [2025-11-25T17:03:52.565Z] [TREESITTER-CHUNKER] [INFO] Created 2 semantic chunks from c:\Projects\educatedplanet\common\src\utils\password.ts
[2025-11-25T17:03:52.778Z] [2025-11-25T17:03:52.567Z] [TREESITTER-FULL] [INFO] Extracted 4 symbols from c:\Projects\educatedplanet\common\src\utils\password.ts
[2025-11-25T17:03:52.778Z] [2025-11-25T17:03:52.567Z] [INDEXING-ORCHESTRATOR] [DEBUG] 🔍 Symbol extraction for c:\Projects\educatedplanet\common\src\utils\password.ts: 4 symbols, 1 imports
[2025-11-25T17:03:52.778Z] [2025-11-25T17:03:52.567Z] [INDEXING-ORCHESTRATOR] [DEBUG] 📍 Chunk 6-16: 2 candidate symbols
[2025-11-25T17:03:52.778Z] [2025-11-25T17:03:52.567Z] [INDEXING-ORCHESTRATOR] [DEBUG] ✅ Chunk symbols after filtering: 2 symbols - hashPassword, verifyPassword
[2025-11-25T17:03:52.778Z] [2025-11-25T17:03:52.567Z] [INDEXING-ORCHESTRATOR] [DEBUG] 📍 Chunk 22-22: 1 candidate symbols
[2025-11-25T17:03:52.778Z] [2025-11-25T17:03:52.567Z] [INDEXING-ORCHESTRATOR] [DEBUG] ✅ Chunk symbols after filtering: 1 symbols - PasswordVerifyResult
[2025-11-25T17:03:52.778Z] [2025-11-25T17:03:52.567Z] [INDEXING-ORCHESTRATOR] [DEBUG] Created 2 semantic chunks for c:\Projects\educatedplanet\common\src\utils\password.ts
[2025-11-25T17:03:52.778Z] [2025-11-25T17:03:52.567Z] [INDEXING-ORCHESTRATOR] [DEBUG] Average chunk size: 190 characters
[2025-11-25T17:03:52.778Z] [2025-11-25T17:03:52.569Z] [TREESITTER-CHUNKER] [INFO] 🔍 Found class: unknown (261 lines)
[2025-11-25T17:03:52.778Z] [2025-11-25T17:03:52.569Z] [TREESITTER-CHUNKER] [INFO] 📤 Splitting large class: unknown (261 lines > 150)
[2025-11-25T17:03:52.778Z] [2025-11-25T17:03:52.570Z] [TREESITTER-CHUNKER] [INFO] 🔧 Extracting methods from large class with 2 children
[2025-11-25T17:03:52.778Z] [2025-11-25T17:03:52.570Z] [TREESITTER-CHUNKER] [INFO] 🔍 Checking 37 nodes for methods (using class_body)
[2025-11-25T17:03:52.778Z] [2025-11-25T17:03:52.570Z] [TREESITTER-CHUNKER] [INFO]    Child type: public_field_definition at lines 41-41
[2025-11-25T17:03:52.778Z] [2025-11-25T17:03:52.570Z] [TREESITTER-CHUNKER] [INFO]    Child type: public_field_definition at lines 42-42
[2025-11-25T17:03:52.778Z] [2025-11-25T17:03:52.570Z] [TREESITTER-CHUNKER] [INFO]    Child type: public_field_definition at lines 43-43
[2025-11-25T17:03:52.778Z] [2025-11-25T17:03:52.570Z] [TREESITTER-CHUNKER] [INFO]    Child type: public_field_definition at lines 44-44
[2025-11-25T17:03:52.778Z] [2025-11-25T17:03:52.570Z] [TREESITTER-CHUNKER] [INFO]    Child type: public_field_definition at lines 45-45
[2025-11-25T17:03:52.778Z] [2025-11-25T17:03:52.570Z] [TREESITTER-CHUNKER] [INFO]    Child type: comment at lines 45-45
[2025-11-25T17:03:52.778Z] [2025-11-25T17:03:52.570Z] [TREESITTER-CHUNKER] [INFO]    Child type: method_definition at lines 47-52
[2025-11-25T17:03:52.778Z] [2025-11-25T17:03:52.570Z] [TREESITTER-CHUNKER] [INFO]    🎯 Found method: unknown (6 lines, 143 chars)
[2025-11-25T17:03:52.779Z] [2025-11-25T17:03:52.570Z] [TREESITTER-CHUNKER] [INFO]    ✅ Added method chunk: unknown
[2025-11-25T17:03:52.779Z] [2025-11-25T17:03:52.570Z] [TREESITTER-CHUNKER] [INFO]    Child type: comment at lines 54-56
[2025-11-25T17:03:52.779Z] [2025-11-25T17:03:52.570Z] [TREESITTER-CHUNKER] [INFO]    Child type: method_definition at lines 57-62
[2025-11-25T17:03:52.779Z] [2025-11-25T17:03:52.570Z] [TREESITTER-CHUNKER] [INFO]    🎯 Found method: unknown (6 lines, 206 chars)
[2025-11-25T17:03:52.779Z] [2025-11-25T17:03:52.570Z] [TREESITTER-CHUNKER] [INFO]    ✅ Added method chunk: unknown
[2025-11-25T17:03:52.779Z] [2025-11-25T17:03:52.570Z] [TREESITTER-CHUNKER] [INFO]    Child type: comment at lines 64-66
[2025-11-25T17:03:52.779Z] [2025-11-25T17:03:52.570Z] [TREESITTER-CHUNKER] [INFO]    Child type: method_definition at lines 67-93
[2025-11-25T17:03:52.779Z] [2025-11-25T17:03:52.570Z] [TREESITTER-CHUNKER] [INFO]    🎯 Found method: unknown (27 lines, 837 chars)
[2025-11-25T17:03:52.779Z] [2025-11-25T17:03:52.570Z] [TREESITTER-CHUNKER] [INFO]    ✅ Added method chunk: unknown
[2025-11-25T17:03:52.779Z] [2025-11-25T17:03:52.570Z] [TREESITTER-CHUNKER] [INFO]    Child type: comment at lines 95-97
[2025-11-25T17:03:52.779Z] [2025-11-25T17:03:52.570Z] [TREESITTER-CHUNKER] [INFO]    Child type: method_definition at lines 98-112
[2025-11-25T17:03:52.779Z] [2025-11-25T17:03:52.570Z] [TREESITTER-CHUNKER] [INFO]    🎯 Found method: unknown (15 lines, 396 chars)
[2025-11-25T17:03:52.779Z] [2025-11-25T17:03:52.571Z] [TREESITTER-CHUNKER] [INFO]    ✅ Added method chunk: unknown
[2025-11-25T17:03:52.779Z] [2025-11-25T17:03:52.571Z] [TREESITTER-CHUNKER] [INFO]    Child type: comment at lines 114-116
[2025-11-25T17:03:52.779Z] [2025-11-25T17:03:52.571Z] [TREESITTER-CHUNKER] [INFO]    Child type: method_definition at lines 117-119
[2025-11-25T17:03:52.779Z] [2025-11-25T17:03:52.571Z] [TREESITTER-CHUNKER] [INFO]    🎯 Found method: unknown (3 lines, 114 chars)
[2025-11-25T17:03:52.779Z] [2025-11-25T17:03:52.571Z] [TREESITTER-CHUNKER] [INFO]    ✅ Added method chunk: unknown
[2025-11-25T17:03:52.779Z] [2025-11-25T17:03:52.571Z] [TREESITTER-CHUNKER] [INFO]    Child type: comment at lines 121-123
[2025-11-25T17:03:52.779Z] [2025-11-25T17:03:52.571Z] [TREESITTER-CHUNKER] [INFO]    Child type: method_definition at lines 124-126
[2025-11-25T17:03:52.779Z] [2025-11-25T17:03:52.571Z] [TREESITTER-CHUNKER] [INFO]    🎯 Found method: unknown (3 lines, 66 chars)
[2025-11-25T17:03:52.779Z] [2025-11-25T17:03:52.571Z] [TREESITTER-CHUNKER] [INFO]    ✅ Added method chunk: unknown
[2025-11-25T17:03:52.779Z] [2025-11-25T17:03:52.571Z] [TREESITTER-CHUNKER] [INFO]    Child type: comment at lines 128-130
[2025-11-25T17:03:52.779Z] [2025-11-25T17:03:52.571Z] [TREESITTER-CHUNKER] [INFO]    Child type: method_definition at lines 131-136
[2025-11-25T17:03:52.779Z] [2025-11-25T17:03:52.571Z] [TREESITTER-CHUNKER] [INFO]    🎯 Found method: unknown (6 lines, 175 chars)
[2025-11-25T17:03:52.779Z] [2025-11-25T17:03:52.571Z] [TREESITTER-CHUNKER] [INFO]    ✅ Added method chunk: unknown
[2025-11-25T17:03:52.779Z] [2025-11-25T17:03:52.571Z] [TREESITTER-CHUNKER] [INFO]    Child type: comment at lines 138-140
[2025-11-25T17:03:52.779Z] [2025-11-25T17:03:52.571Z] [TREESITTER-CHUNKER] [INFO]    Child type: method_definition at lines 141-148
[2025-11-25T17:03:52.779Z] [2025-11-25T17:03:52.571Z] [TREESITTER-CHUNKER] [INFO]    🎯 Found method: unknown (8 lines, 321 chars)
[2025-11-25T17:03:52.779Z] [2025-11-25T17:03:52.571Z] [TREESITTER-CHUNKER] [INFO]    ✅ Added method chunk: unknown
[2025-11-25T17:03:52.779Z] [2025-11-25T17:03:52.571Z] [TREESITTER-CHUNKER] [INFO]    Child type: comment at lines 150-152
[2025-11-25T17:03:52.779Z] [2025-11-25T17:03:52.571Z] [TREESITTER-CHUNKER] [INFO]    Child type: method_definition at lines 153-160
[2025-11-25T17:03:52.779Z] [2025-11-25T17:03:52.571Z] [TREESITTER-CHUNKER] [INFO]    🎯 Found method: unknown (8 lines, 328 chars)
[2025-11-25T17:03:52.779Z] [2025-11-25T17:03:52.571Z] [TREESITTER-CHUNKER] [INFO]    ✅ Added method chunk: unknown
[2025-11-25T17:03:52.779Z] [2025-11-25T17:03:52.571Z] [TREESITTER-CHUNKER] [INFO]    Child type: comment at lines 162-164
[2025-11-25T17:03:52.779Z] [2025-11-25T17:03:52.571Z] [TREESITTER-CHUNKER] [INFO]    Child type: method_definition at lines 165-172
[2025-11-25T17:03:52.779Z] [2025-11-25T17:03:52.571Z] [TREESITTER-CHUNKER] [INFO]    🎯 Found method: unknown (8 lines, 335 chars)
[2025-11-25T17:03:52.779Z] [2025-11-25T17:03:52.571Z] [TREESITTER-CHUNKER] [INFO]    ✅ Added method chunk: unknown
[2025-11-25T17:03:52.779Z] [2025-11-25T17:03:52.571Z] [TREESITTER-CHUNKER] [INFO]    Child type: comment at lines 174-176
[2025-11-25T17:03:52.779Z] [2025-11-25T17:03:52.571Z] [TREESITTER-CHUNKER] [INFO]    Child type: method_definition at lines 177-184
[2025-11-25T17:03:52.779Z] [2025-11-25T17:03:52.571Z] [TREESITTER-CHUNKER] [INFO]    🎯 Found method: unknown (8 lines, 338 chars)
[2025-11-25T17:03:52.779Z] [2025-11-25T17:03:52.571Z] [TREESITTER-CHUNKER] [INFO]    ✅ Added method chunk: unknown
[2025-11-25T17:03:52.779Z] [2025-11-25T17:03:52.571Z] [TREESITTER-CHUNKER] [INFO]    Child type: comment at lines 186-188
[2025-11-25T17:03:52.779Z] [2025-11-25T17:03:52.571Z] [TREESITTER-CHUNKER] [INFO]    Child type: method_definition at lines 189-196
[2025-11-25T17:03:52.779Z] [2025-11-25T17:03:52.571Z] [TREESITTER-CHUNKER] [INFO]    🎯 Found method: unknown (8 lines, 352 chars)
[2025-11-25T17:03:52.779Z] [2025-11-25T17:03:52.571Z] [TREESITTER-CHUNKER] [INFO]    ✅ Added method chunk: unknown
[2025-11-25T17:03:52.779Z] [2025-11-25T17:03:52.571Z] [TREESITTER-CHUNKER] [INFO]    Child type: comment at lines 198-200
[2025-11-25T17:03:52.779Z] [2025-11-25T17:03:52.571Z] [TREESITTER-CHUNKER] [INFO]    Child type: method_definition at lines 201-221
[2025-11-25T17:03:52.779Z] [2025-11-25T17:03:52.571Z] [TREESITTER-CHUNKER] [INFO]    🎯 Found method: unknown (21 lines, 776 chars)
[2025-11-25T17:03:52.779Z] [2025-11-25T17:03:52.571Z] [TREESITTER-CHUNKER] [INFO]    ✅ Added method chunk: unknown
[2025-11-25T17:03:52.779Z] [2025-11-25T17:03:52.571Z] [TREESITTER-CHUNKER] [INFO]    Child type: comment at lines 223-225
[2025-11-25T17:03:52.779Z] [2025-11-25T17:03:52.571Z] [TREESITTER-CHUNKER] [INFO]    Child type: method_definition at lines 226-242
[2025-11-25T17:03:52.779Z] [2025-11-25T17:03:52.571Z] [TREESITTER-CHUNKER] [INFO]    🎯 Found method: unknown (17 lines, 462 chars)
[2025-11-25T17:03:52.779Z] [2025-11-25T17:03:52.571Z] [TREESITTER-CHUNKER] [INFO]    ✅ Added method chunk: unknown
[2025-11-25T17:03:52.779Z] [2025-11-25T17:03:52.571Z] [TREESITTER-CHUNKER] [INFO]    Child type: comment at lines 244-246
[2025-11-25T17:03:52.779Z] [2025-11-25T17:03:52.571Z] [TREESITTER-CHUNKER] [INFO]    Child type: method_definition at lines 247-284
[2025-11-25T17:03:52.779Z] [2025-11-25T17:03:52.571Z] [TREESITTER-CHUNKER] [INFO]    🎯 Found method: unknown (38 lines, 1124 chars)
[2025-11-25T17:03:52.779Z] [2025-11-25T17:03:52.572Z] [TREESITTER-CHUNKER] [INFO]    ✅ Added method chunk: unknown
[2025-11-25T17:03:52.779Z] [2025-11-25T17:03:52.572Z] [TREESITTER-CHUNKER] [INFO]    Child type: comment at lines 286-288
[2025-11-25T17:03:52.779Z] [2025-11-25T17:03:52.572Z] [TREESITTER-CHUNKER] [INFO]    Child type: method_definition at lines 289-299
[2025-11-25T17:03:52.779Z] [2025-11-25T17:03:52.572Z] [TREESITTER-CHUNKER] [INFO]    🎯 Found method: unknown (11 lines, 306 chars)
[2025-11-25T17:03:52.779Z] [2025-11-25T17:03:52.572Z] [TREESITTER-CHUNKER] [INFO]    ✅ Added method chunk: unknown
[2025-11-25T17:03:52.779Z] [2025-11-25T17:03:52.572Z] [TREESITTER-CHUNKER] [INFO] 🏁 Extracted 16 methods from large class
[2025-11-25T17:03:52.779Z] [2025-11-25T17:03:52.582Z] [TREESITTER-CHUNKER] [INFO] Created 8 semantic chunks from c:\Projects\educatedplanet\dataservice\src\datamodels\connections\database.ts
[2025-11-25T17:03:52.779Z] [2025-11-25T17:03:52.617Z] [TREESITTER-FULL] [INFO] Extracted 6 symbols from c:\Projects\educatedplanet\dataservice\src\datamodels\connections\database.ts
[2025-11-25T17:03:52.779Z] [2025-11-25T17:03:52.617Z] [INDEXING-ORCHESTRATOR] [DEBUG] 🔍 Symbol extraction for c:\Projects\educatedplanet\dataservice\src\datamodels\connections\database.ts: 6 symbols, 8 imports
[2025-11-25T17:03:52.779Z] [2025-11-25T17:03:52.617Z] [INDEXING-ORCHESTRATOR] [DEBUG] 📍 Chunk 13-16: 1 candidate symbols
[2025-11-25T17:03:52.779Z] [2025-11-25T17:03:52.617Z] [INDEXING-ORCHESTRATOR] [DEBUG] ✅ Chunk symbols after filtering: 1 symbols - DatabaseConfig
[2025-11-25T17:03:52.779Z] [2025-11-25T17:03:52.617Z] [INDEXING-ORCHESTRATOR] [DEBUG] 📍 Chunk 40-62: 0 candidate symbols
[2025-11-25T17:03:52.779Z] [2025-11-25T17:03:52.617Z] [INDEXING-ORCHESTRATOR] [DEBUG] ✅ Chunk symbols after filtering: 0 symbols - 
[2025-11-25T17:03:52.779Z] [2025-11-25T17:03:52.617Z] [INDEXING-ORCHESTRATOR] [DEBUG] 📍 Chunk 67-119: 0 candidate symbols
[2025-11-25T17:03:52.779Z] [2025-11-25T17:03:52.617Z] [INDEXING-ORCHESTRATOR] [DEBUG] ✅ Chunk symbols after filtering: 0 symbols - 
[2025-11-25T17:03:52.779Z] [2025-11-25T17:03:52.617Z] [INDEXING-ORCHESTRATOR] [DEBUG] 📍 Chunk 124-172: 0 candidate symbols
[2025-11-25T17:03:52.779Z] [2025-11-25T17:03:52.617Z] [INDEXING-ORCHESTRATOR] [DEBUG] ✅ Chunk symbols after filtering: 0 symbols - 
[2025-11-25T17:03:52.779Z] [2025-11-25T17:03:52.617Z] [INDEXING-ORCHESTRATOR] [DEBUG] 📍 Chunk 177-196: 0 candidate symbols
[2025-11-25T17:03:52.779Z] [2025-11-25T17:03:52.617Z] [INDEXING-ORCHESTRATOR] [DEBUG] ✅ Chunk symbols after filtering: 0 symbols - 
[2025-11-25T17:03:52.779Z] [2025-11-25T17:03:52.617Z] [INDEXING-ORCHESTRATOR] [DEBUG] 📍 Chunk 201-242: 0 candidate symbols
[2025-11-25T17:03:52.779Z] [2025-11-25T17:03:52.617Z] [INDEXING-ORCHESTRATOR] [DEBUG] ✅ Chunk symbols after filtering: 0 symbols - 
[2025-11-25T17:03:52.779Z] [2025-11-25T17:03:52.617Z] [INDEXING-ORCHESTRATOR] [DEBUG] 📍 Chunk 247-299: 0 candidate symbols
[2025-11-25T17:03:52.779Z] [2025-11-25T17:03:52.617Z] [INDEXING-ORCHESTRATOR] [DEBUG] ✅ Chunk symbols after filtering: 0 symbols - 
[2025-11-25T17:03:52.779Z] [2025-11-25T17:03:52.617Z] [INDEXING-ORCHESTRATOR] [DEBUG] 📍 Chunk 300-321: 3 candidate symbols
[2025-11-25T17:03:52.779Z] [2025-11-25T17:03:52.617Z] [INDEXING-ORCHESTRATOR] [DEBUG] ✅ Chunk symbols after filtering: 3 symbols - databaseConnection, initializeDatabase, closeDatabase
[2025-11-25T17:03:52.779Z] [2025-11-25T17:03:52.617Z] [INDEXING-ORCHESTRATOR] [DEBUG] Created 8 semantic chunks for c:\Projects\educatedplanet\dataservice\src\datamodels\connections\database.ts
[2025-11-25T17:03:52.779Z] [2025-11-25T17:03:52.617Z] [INDEXING-ORCHESTRATOR] [DEBUG] Average chunk size: 962 characters
[2025-11-25T17:03:52.779Z] [2025-11-25T17:03:52.619Z] [TREESITTER-CHUNKER] [INFO] Created 2 semantic chunks from c:\Projects\educatedplanet\dataservice\run-seeder.js
[2025-11-25T17:03:52.779Z] [2025-11-25T17:03:52.621Z] [TREESITTER-FULL] [INFO] Extracted 1 symbols from c:\Projects\educatedplanet\dataservice\run-seeder.js
[2025-11-25T17:03:52.779Z] [2025-11-25T17:03:52.621Z] [INDEXING-ORCHESTRATOR] [DEBUG] 🔍 Symbol extraction for c:\Projects\educatedplanet\dataservice\run-seeder.js: 1 symbols, 2 imports
[2025-11-25T17:03:52.779Z] [2025-11-25T17:03:52.621Z] [INDEXING-ORCHESTRATOR] [DEBUG] 📍 Chunk 11-21: 1 candidate symbols
[2025-11-25T17:03:52.779Z] [2025-11-25T17:03:52.621Z] [INDEXING-ORCHESTRATOR] [DEBUG] ✅ Chunk symbols after filtering: 1 symbols - runSeeder
[2025-11-25T17:03:52.779Z] [2025-11-25T17:03:52.621Z] [INDEXING-ORCHESTRATOR] [DEBUG] 📍 Chunk 22-24: 0 candidate symbols
[2025-11-25T17:03:52.779Z] [2025-11-25T17:03:52.621Z] [INDEXING-ORCHESTRATOR] [DEBUG] ✅ Chunk symbols after filtering: 0 symbols - 
[2025-11-25T17:03:52.779Z] [2025-11-25T17:03:52.621Z] [INDEXING-ORCHESTRATOR] [DEBUG] Created 2 semantic chunks for c:\Projects\educatedplanet\dataservice\run-seeder.js
[2025-11-25T17:03:52.779Z] [2025-11-25T17:03:52.621Z] [INDEXING-ORCHESTRATOR] [DEBUG] Average chunk size: 157 characters
[2025-11-25T17:03:52.779Z] [2025-11-25T17:03:52.625Z] [TREESITTER-CHUNKER] [INFO] 🔍 Found class: DatabaseConnection (126 lines)
[2025-11-25T17:03:52.779Z] [2025-11-25T17:03:52.625Z] [TREESITTER-CHUNKER] [INFO] 📦 Keeping small class intact: DatabaseConnection (126 lines <= 150)
[2025-11-25T17:03:52.779Z] [2025-11-25T17:03:52.629Z] [TREESITTER-CHUNKER] [INFO] Created 2 semantic chunks from c:\Projects\educatedplanet\dataservice\src\datamodels\connections\database.js
[2025-11-25T17:03:52.779Z] [2025-11-25T17:03:52.655Z] [TREESITTER-FULL] [INFO] Extracted 4 symbols from c:\Projects\educatedplanet\dataservice\src\datamodels\connections\database.js
[2025-11-25T17:03:52.779Z] [2025-11-25T17:03:52.655Z] [INDEXING-ORCHESTRATOR] [DEBUG] 🔍 Symbol extraction for c:\Projects\educatedplanet\dataservice\src\datamodels\connections\database.js: 4 symbols, 0 imports
[2025-11-25T17:03:52.779Z] [2025-11-25T17:03:52.655Z] [INDEXING-ORCHESTRATOR] [DEBUG] 📍 Chunk 27-152: 1 candidate symbols
[2025-11-25T17:03:52.779Z] [2025-11-25T17:03:52.655Z] [INDEXING-ORCHESTRATOR] [DEBUG] ✅ Chunk symbols after filtering: 1 symbols - DatabaseConnection
[2025-11-25T17:03:52.779Z] [2025-11-25T17:03:52.655Z] [INDEXING-ORCHESTRATOR] [DEBUG] 📍 Chunk 153-174: 2 candidate symbols
[2025-11-25T17:03:52.779Z] [2025-11-25T17:03:52.655Z] [INDEXING-ORCHESTRATOR] [DEBUG] ✅ Chunk symbols after filtering: 2 symbols - initializeDatabase, closeDatabase
[2025-11-25T17:03:52.779Z] [2025-11-25T17:03:52.655Z] [INDEXING-ORCHESTRATOR] [DEBUG] Created 2 semantic chunks for c:\Projects\educatedplanet\dataservice\src\datamodels\connections\database.js
[2025-11-25T17:03:52.779Z] [2025-11-25T17:03:52.655Z] [INDEXING-ORCHESTRATOR] [DEBUG] Average chunk size: 2344 characters
[2025-11-25T17:03:52.779Z] [2025-11-25T17:03:52.657Z] [TREESITTER-CHUNKER] [INFO] Created 1 semantic chunks from c:\Projects\educatedplanet\dataservice\src\datamodels\connections\index.js
[2025-11-25T17:03:52.779Z] [2025-11-25T17:03:52.661Z] [TREESITTER-FULL] [INFO] Extracted 1 symbols from c:\Projects\educatedplanet\dataservice\src\datamodels\connections\index.js
[2025-11-25T17:03:52.779Z] [2025-11-25T17:03:52.661Z] [INDEXING-ORCHESTRATOR] [DEBUG] 🔍 Symbol extraction for c:\Projects\educatedplanet\dataservice\src\datamodels\connections\index.js: 1 symbols, 0 imports
[2025-11-25T17:03:52.779Z] [2025-11-25T17:03:52.661Z] [INDEXING-ORCHESTRATOR] [DEBUG] 📍 Chunk 1-13: 1 candidate symbols
[2025-11-25T17:03:52.779Z] [2025-11-25T17:03:52.661Z] [INDEXING-ORCHESTRATOR] [DEBUG] ✅ Chunk symbols after filtering: 1 symbols - database_1
[2025-11-25T17:03:52.779Z] [2025-11-25T17:03:52.661Z] [INDEXING-ORCHESTRATOR] [DEBUG] Created 1 semantic chunks for c:\Projects\educatedplanet\dataservice\src\datamodels\connections\index.js
[2025-11-25T17:03:52.779Z] [2025-11-25T17:03:52.661Z] [INDEXING-ORCHESTRATOR] [DEBUG] Average chunk size: 992 characters
[2025-11-25T17:03:52.779Z] [2025-11-25T17:03:52.661Z] [INDEXING-ORCHESTRATOR] [DEBUG] 📊 Processed: 210/302 files
[2025-11-25T17:03:52.779Z] [2025-11-25T17:03:52.672Z] [TREESITTER-CHUNKER] [INFO] Created 1 semantic chunks from c:\Projects\educatedplanet\dataservice\src\datamodels\index.js
[2025-11-25T17:03:52.779Z] [2025-11-25T17:03:52.688Z] [TREESITTER-FULL] [INFO] Extracted 3 symbols from c:\Projects\educatedplanet\dataservice\src\datamodels\index.js
[2025-11-25T17:03:52.779Z] [2025-11-25T17:03:52.688Z] [INDEXING-ORCHESTRATOR] [DEBUG] 🔍 Symbol extraction for c:\Projects\educatedplanet\dataservice\src\datamodels\index.js: 3 symbols, 0 imports
[2025-11-25T17:03:52.779Z] [2025-11-25T17:03:52.688Z] [INDEXING-ORCHESTRATOR] [DEBUG] 📍 Chunk 1-45: 3 candidate symbols
[2025-11-25T17:03:52.779Z] [2025-11-25T17:03:52.688Z] [INDEXING-ORCHESTRATOR] [DEBUG] ✅ Chunk symbols after filtering: 3 symbols - connections_1, schemas_1, models_1
[2025-11-25T17:03:52.779Z] [2025-11-25T17:03:52.688Z] [INDEXING-ORCHESTRATOR] [DEBUG] Created 1 semantic chunks for c:\Projects\educatedplanet\dataservice\src\datamodels\index.js
[2025-11-25T17:03:52.779Z] [2025-11-25T17:03:52.688Z] [INDEXING-ORCHESTRATOR] [DEBUG] Average chunk size: 3251 characters
[2025-11-25T17:03:52.779Z] [2025-11-25T17:03:52.697Z] [TREESITTER-CHUNKER] [INFO] Created 3 semantic chunks from c:\Projects\educatedplanet\dataservice\src\datamodels\models\class.model.ts
[2025-11-25T17:03:52.779Z] [2025-11-25T17:03:52.727Z] [TREESITTER-FULL] [INFO] Extracted 5 symbols from c:\Projects\educatedplanet\dataservice\src\datamodels\models\class.model.ts
[2025-11-25T17:03:52.779Z] [2025-11-25T17:03:52.727Z] [INDEXING-ORCHESTRATOR] [DEBUG] 🔍 Symbol extraction for c:\Projects\educatedplanet\dataservice\src\datamodels\models\class.model.ts: 5 symbols, 3 imports
[2025-11-25T17:03:52.779Z] [2025-11-25T17:03:52.727Z] [INDEXING-ORCHESTRATOR] [DEBUG] 📍 Chunk 5-18: 2 candidate symbols
[2025-11-25T17:03:52.779Z] [2025-11-25T17:03:52.727Z] [INDEXING-ORCHESTRATOR] [DEBUG] ✅ Chunk symbols after filtering: 2 symbols - IClassDocument, IClassModel
[2025-11-25T17:03:52.779Z] [2025-11-25T17:03:52.727Z] [INDEXING-ORCHESTRATOR] [DEBUG] 📍 Chunk 23-34: 1 candidate symbols
[2025-11-25T17:03:52.779Z] [2025-11-25T17:03:52.727Z] [INDEXING-ORCHESTRATOR] [DEBUG] ✅ Chunk symbols after filtering: 1 symbols - getClassModel
[2025-11-25T17:03:52.779Z] [2025-11-25T17:03:52.727Z] [INDEXING-ORCHESTRATOR] [DEBUG] 📍 Chunk 35-172: 2 candidate symbols
[2025-11-25T17:03:52.779Z] [2025-11-25T17:03:52.727Z] [INDEXING-ORCHESTRATOR] [DEBUG] ✅ Chunk symbols after filtering: 2 symbols - ClassModel, ClassQueries
[2025-11-25T17:03:52.779Z] [2025-11-25T17:03:52.727Z] [INDEXING-ORCHESTRATOR] [DEBUG] Created 3 semantic chunks for c:\Projects\educatedplanet\dataservice\src\datamodels\models\class.model.ts
[2025-11-25T17:03:52.779Z] [2025-11-25T17:03:52.727Z] [INDEXING-ORCHESTRATOR] [DEBUG] Average chunk size: 1656 characters
[2025-11-25T17:03:52.779Z] [2025-11-25T17:03:52.729Z] [TREESITTER-CHUNKER] [INFO] Created 1 semantic chunks from c:\Projects\educatedplanet\dataservice\src\datamodels\index.ts
[2025-11-25T17:03:52.779Z] [2025-11-25T17:03:52.730Z] [TREESITTER-FULL] [INFO] Extracted 0 symbols from c:\Projects\educatedplanet\dataservice\src\datamodels\index.ts
[2025-11-25T17:03:52.779Z] [2025-11-25T17:03:52.730Z] [INDEXING-ORCHESTRATOR] [DEBUG] 🔍 Symbol extraction for c:\Projects\educatedplanet\dataservice\src\datamodels\index.ts: 0 symbols, 0 imports
[2025-11-25T17:03:52.779Z] [2025-11-25T17:03:52.730Z] [INDEXING-ORCHESTRATOR] [DEBUG] 📍 Chunk 1-46: 0 candidate symbols
[2025-11-25T17:03:52.779Z] [2025-11-25T17:03:52.730Z] [INDEXING-ORCHESTRATOR] [DEBUG] ✅ Chunk symbols after filtering: 0 symbols - 
[2025-11-25T17:03:52.779Z] [2025-11-25T17:03:52.730Z] [INDEXING-ORCHESTRATOR] [DEBUG] Created 1 semantic chunks for c:\Projects\educatedplanet\dataservice\src\datamodels\index.ts
[2025-11-25T17:03:52.779Z] [2025-11-25T17:03:52.730Z] [INDEXING-ORCHESTRATOR] [DEBUG] Average chunk size: 860 characters
[2025-11-25T17:03:52.779Z] [2025-11-25T17:03:52.735Z] [TREESITTER-CHUNKER] [INFO] Created 1 semantic chunks from c:\Projects\educatedplanet\dataservice\src\datamodels\models\index.js
[2025-11-25T17:03:52.779Z] [2025-11-25T17:03:52.740Z] [TREESITTER-FULL] [INFO] Extracted 3 symbols from c:\Projects\educatedplanet\dataservice\src\datamodels\models\index.js
[2025-11-25T17:03:52.779Z] [2025-11-25T17:03:52.741Z] [INDEXING-ORCHESTRATOR] [DEBUG] 🔍 Symbol extraction for c:\Projects\educatedplanet\dataservice\src\datamodels\models\index.js: 3 symbols, 0 imports
[2025-11-25T17:03:52.779Z] [2025-11-25T17:03:52.741Z] [INDEXING-ORCHESTRATOR] [DEBUG] 📍 Chunk 1-16: 3 candidate symbols
[2025-11-25T17:03:52.779Z] [2025-11-25T17:03:52.741Z] [INDEXING-ORCHESTRATOR] [DEBUG] ✅ Chunk symbols after filtering: 3 symbols - user_model_1, tutor_model_1, review_model_1
[2025-11-25T17:03:52.779Z] [2025-11-25T17:03:52.741Z] [INDEXING-ORCHESTRATOR] [DEBUG] Created 1 semantic chunks for c:\Projects\educatedplanet\dataservice\src\datamodels\models\index.js
[2025-11-25T17:03:52.779Z] [2025-11-25T17:03:52.741Z] [INDEXING-ORCHESTRATOR] [DEBUG] Average chunk size: 1186 characters
[2025-11-25T17:03:52.779Z] [2025-11-25T17:03:52.742Z] [TREESITTER-CHUNKER] [INFO] Created 1 semantic chunks from c:\Projects\educatedplanet\dataservice\src\datamodels\connections\index.ts
[2025-11-25T17:03:52.779Z] [2025-11-25T17:03:52.743Z] [TREESITTER-FULL] [INFO] Extracted 1 symbols from c:\Projects\educatedplanet\dataservice\src\datamodels\connections\index.ts
[2025-11-25T17:03:52.779Z] [2025-11-25T17:03:52.743Z] [INDEXING-ORCHESTRATOR] [DEBUG] 🔍 Symbol extraction for c:\Projects\educatedplanet\dataservice\src\datamodels\connections\index.ts: 1 symbols, 1 imports
[2025-11-25T17:03:52.779Z] [2025-11-25T17:03:52.743Z] [INDEXING-ORCHESTRATOR] [DEBUG] 📍 Chunk 1-23: 1 candidate symbols
[2025-11-25T17:03:52.779Z] [2025-11-25T17:03:52.743Z] [INDEXING-ORCHESTRATOR] [DEBUG] ✅ Chunk symbols after filtering: 1 symbols - getModel
[2025-11-25T17:03:52.779Z] [2025-11-25T17:03:52.743Z] [INDEXING-ORCHESTRATOR] [DEBUG] Created 1 semantic chunks for c:\Projects\educatedplanet\dataservice\src\datamodels\connections\index.ts
[2025-11-25T17:03:52.779Z] [2025-11-25T17:03:52.743Z] [INDEXING-ORCHESTRATOR] [DEBUG] Average chunk size: 603 characters
[2025-11-25T17:03:52.779Z] [2025-11-25T17:03:52.744Z] [TREESITTER-CHUNKER] [INFO] Created 1 semantic chunks from c:\Projects\educatedplanet\dataservice\src\datamodels\models\index.ts
[2025-11-25T17:03:52.779Z] [2025-11-25T17:03:52.745Z] [TREESITTER-FULL] [INFO] Extracted 0 symbols from c:\Projects\educatedplanet\dataservice\src\datamodels\models\index.ts
[2025-11-25T17:03:52.779Z] [2025-11-25T17:03:52.745Z] [INDEXING-ORCHESTRATOR] [DEBUG] 🔍 Symbol extraction for c:\Projects\educatedplanet\dataservice\src\datamodels\models\index.ts: 0 symbols, 0 imports
[2025-11-25T17:03:52.779Z] [2025-11-25T17:03:52.745Z] [INDEXING-ORCHESTRATOR] [DEBUG] 📍 Chunk 1-15: 0 candidate symbols
[2025-11-25T17:03:52.779Z] [2025-11-25T17:03:52.745Z] [INDEXING-ORCHESTRATOR] [DEBUG] ✅ Chunk symbols after filtering: 0 symbols - 
[2025-11-25T17:03:52.779Z] [2025-11-25T17:03:52.745Z] [INDEXING-ORCHESTRATOR] [DEBUG] Created 1 semantic chunks for c:\Projects\educatedplanet\dataservice\src\datamodels\models\index.ts
[2025-11-25T17:03:52.779Z] [2025-11-25T17:03:52.745Z] [INDEXING-ORCHESTRATOR] [DEBUG] Average chunk size: 640 characters
[2025-11-25T17:03:52.779Z] [2025-11-25T17:03:52.758Z] [TREESITTER-CHUNKER] [INFO] Created 1 semantic chunks from c:\Projects\educatedplanet\dataservice\src\datamodels\models\review.model.js
[2025-11-25T17:03:52.819Z] [2025-11-25T17:03:52.821Z] [TREESITTER-FULL] [INFO] Extracted 1 symbols from c:\Projects\educatedplanet\dataservice\src\datamodels\models\review.model.js
[2025-11-25T17:03:52.819Z] [2025-11-25T17:03:52.821Z] [INDEXING-ORCHESTRATOR] [DEBUG] 🔍 Symbol extraction for c:\Projects\educatedplanet\dataservice\src\datamodels\models\review.model.js: 1 symbols, 0 imports
[2025-11-25T17:03:52.820Z] [2025-11-25T17:03:52.821Z] [INDEXING-ORCHESTRATOR] [DEBUG] 📍 Chunk 1-237: 1 candidate symbols
[2025-11-25T17:03:52.820Z] [2025-11-25T17:03:52.821Z] [INDEXING-ORCHESTRATOR] [DEBUG] ✅ Chunk symbols after filtering: 1 symbols - mongoose_1
[2025-11-25T17:03:52.820Z] [2025-11-25T17:03:52.821Z] [INDEXING-ORCHESTRATOR] [DEBUG] Created 1 semantic chunks for c:\Projects\educatedplanet\dataservice\src\datamodels\models\review.model.js
[2025-11-25T17:03:52.820Z] [2025-11-25T17:03:52.821Z] [INDEXING-ORCHESTRATOR] [DEBUG] Average chunk size: 7085 characters
[2025-11-25T17:03:52.848Z] [2025-11-25T17:03:52.850Z] [TREESITTER-CHUNKER] [INFO] Created 1 semantic chunks from c:\Projects\educatedplanet\dataservice\src\datamodels\models\tutor.model.js
[2025-11-25T17:03:52.912Z] [2025-11-25T17:03:52.914Z] [TREESITTER-FULL] [INFO] Extracted 1 symbols from c:\Projects\educatedplanet\dataservice\src\datamodels\models\tutor.model.js
[2025-11-25T17:03:52.912Z] [2025-11-25T17:03:52.914Z] [INDEXING-ORCHESTRATOR] [DEBUG] 🔍 Symbol extraction for c:\Projects\educatedplanet\dataservice\src\datamodels\models\tutor.model.js: 1 symbols, 0 imports
[2025-11-25T17:03:52.912Z] [2025-11-25T17:03:52.914Z] [INDEXING-ORCHESTRATOR] [DEBUG] 📍 Chunk 1-224: 1 candidate symbols
[2025-11-25T17:03:52.913Z] [2025-11-25T17:03:52.914Z] [INDEXING-ORCHESTRATOR] [DEBUG] ✅ Chunk symbols after filtering: 1 symbols - mongoose_1
[2025-11-25T17:03:52.913Z] [2025-11-25T17:03:52.914Z] [INDEXING-ORCHESTRATOR] [DEBUG] Created 1 semantic chunks for c:\Projects\educatedplanet\dataservice\src\datamodels\models\tutor.model.js
[2025-11-25T17:03:52.913Z] [2025-11-25T17:03:52.914Z] [INDEXING-ORCHESTRATOR] [DEBUG] Average chunk size: 7645 characters
[2025-11-25T17:03:52.927Z] [2025-11-25T17:03:52.929Z] [TREESITTER-CHUNKER] [INFO] Created 2 semantic chunks from c:\Projects\educatedplanet\dataservice\src\datamodels\models\subject.model.ts
[2025-11-25T17:03:52.970Z] [2025-11-25T17:03:52.972Z] [TREESITTER-FULL] [INFO] Extracted 5 symbols from c:\Projects\educatedplanet\dataservice\src\datamodels\models\subject.model.ts
[2025-11-25T17:03:52.970Z] [2025-11-25T17:03:52.972Z] [INDEXING-ORCHESTRATOR] [DEBUG] 🔍 Symbol extraction for c:\Projects\educatedplanet\dataservice\src\datamodels\models\subject.model.ts: 5 symbols, 4 imports
[2025-11-25T17:03:52.970Z] [2025-11-25T17:03:52.972Z] [INDEXING-ORCHESTRATOR] [DEBUG] 📍 Chunk 16-44: 3 candidate symbols
[2025-11-25T17:03:52.970Z] [2025-11-25T17:03:52.972Z] [INDEXING-ORCHESTRATOR] [DEBUG] ✅ Chunk symbols after filtering: 3 symbols - ISubjectDocument, ISubjectModel, getSubjectModel
[2025-11-25T17:03:52.970Z] [2025-11-25T17:03:52.972Z] [INDEXING-ORCHESTRATOR] [DEBUG] 📍 Chunk 45-255: 2 candidate symbols
[2025-11-25T17:03:52.970Z] [2025-11-25T17:03:52.972Z] [INDEXING-ORCHESTRATOR] [DEBUG] ✅ Chunk symbols after filtering: 2 symbols - SubjectModel, SubjectQueries
[2025-11-25T17:03:52.970Z] [2025-11-25T17:03:52.972Z] [INDEXING-ORCHESTRATOR] [DEBUG] Created 2 semantic chunks for c:\Projects\educatedplanet\dataservice\src\datamodels\models\subject.model.ts
[2025-11-25T17:03:52.970Z] [2025-11-25T17:03:52.972Z] [INDEXING-ORCHESTRATOR] [DEBUG] Average chunk size: 3612 characters
[2025-11-25T17:03:52.985Z] [2025-11-25T17:03:52.986Z] [TREESITTER-CHUNKER] [INFO] Created 1 semantic chunks from c:\Projects\educatedplanet\dataservice\src\datamodels\models\review.model.ts
[2025-11-25T17:03:53.024Z] [2025-11-25T17:03:53.026Z] [TREESITTER-FULL] [INFO] Extracted 2 symbols from c:\Projects\educatedplanet\dataservice\src\datamodels\models\review.model.ts
[2025-11-25T17:03:53.024Z] [2025-11-25T17:03:53.026Z] [INDEXING-ORCHESTRATOR] [DEBUG] 🔍 Symbol extraction for c:\Projects\educatedplanet\dataservice\src\datamodels\models\review.model.ts: 2 symbols, 3 imports
[2025-11-25T17:03:53.024Z] [2025-11-25T17:03:53.026Z] [INDEXING-ORCHESTRATOR] [DEBUG] 📍 Chunk 1-304: 2 candidate symbols
[2025-11-25T17:03:53.024Z] [2025-11-25T17:03:53.026Z] [INDEXING-ORCHESTRATOR] [DEBUG] ✅ Chunk symbols after filtering: 2 symbols - ReviewModel, ReviewQueries
[2025-11-25T17:03:53.024Z] [2025-11-25T17:03:53.026Z] [INDEXING-ORCHESTRATOR] [DEBUG] Created 1 semantic chunks for c:\Projects\educatedplanet\dataservice\src\datamodels\models\review.model.ts
[2025-11-25T17:03:53.024Z] [2025-11-25T17:03:53.026Z] [INDEXING-ORCHESTRATOR] [DEBUG] Average chunk size: 6592 characters
[2025-11-25T17:03:53.024Z] [2025-11-25T17:03:53.026Z] [INDEXING-ORCHESTRATOR] [DEBUG] 📊 Processed: 220/302 files
[2025-11-25T17:03:53.040Z] [2025-11-25T17:03:53.042Z] [TREESITTER-CHUNKER] [INFO] Created 2 semantic chunks from c:\Projects\educatedplanet\dataservice\src\datamodels\models\user.model.ts
[2025-11-25T17:03:53.049Z] [2025-11-25T17:03:53.051Z] [TREESITTER-FULL] [INFO] Extracted 3 symbols from c:\Projects\educatedplanet\dataservice\src\datamodels\models\user.model.ts
[2025-11-25T17:03:53.049Z] [2025-11-25T17:03:53.051Z] [INDEXING-ORCHESTRATOR] [DEBUG] 🔍 Symbol extraction for c:\Projects\educatedplanet\dataservice\src\datamodels\models\user.model.ts: 3 symbols, 2 imports
[2025-11-25T17:03:53.050Z] [2025-11-25T17:03:53.051Z] [INDEXING-ORCHESTRATOR] [DEBUG] 📍 Chunk 7-10: 1 candidate symbols
[2025-11-25T17:03:53.050Z] [2025-11-25T17:03:53.051Z] [INDEXING-ORCHESTRATOR] [DEBUG] ✅ Chunk symbols after filtering: 1 symbols - getUserModel
[2025-11-25T17:03:53.050Z] [2025-11-25T17:03:53.051Z] [INDEXING-ORCHESTRATOR] [DEBUG] 📍 Chunk 11-98: 2 candidate symbols
[2025-11-25T17:03:53.050Z] [2025-11-25T17:03:53.051Z] [INDEXING-ORCHESTRATOR] [DEBUG] ✅ Chunk symbols after filtering: 2 symbols - UserModel, UserQueries
[2025-11-25T17:03:53.050Z] [2025-11-25T17:03:53.051Z] [INDEXING-ORCHESTRATOR] [DEBUG] Created 2 semantic chunks for c:\Projects\educatedplanet\dataservice\src\datamodels\models\user.model.ts
[2025-11-25T17:03:53.050Z] [2025-11-25T17:03:53.051Z] [INDEXING-ORCHESTRATOR] [DEBUG] Average chunk size: 1039 characters
[2025-11-25T17:03:53.066Z] [2025-11-25T17:03:53.068Z] [TREESITTER-CHUNKER] [INFO] Created 1 semantic chunks from c:\Projects\educatedplanet\dataservice\src\datamodels\models\tutor.model.ts
[2025-11-25T17:03:53.108Z] [2025-11-25T17:03:53.109Z] [TREESITTER-FULL] [INFO] Extracted 2 symbols from c:\Projects\educatedplanet\dataservice\src\datamodels\models\tutor.model.ts
[2025-11-25T17:03:53.108Z] [2025-11-25T17:03:53.109Z] [INDEXING-ORCHESTRATOR] [DEBUG] 🔍 Symbol extraction for c:\Projects\educatedplanet\dataservice\src\datamodels\models\tutor.model.ts: 2 symbols, 4 imports
[2025-11-25T17:03:53.108Z] [2025-11-25T17:03:53.109Z] [INDEXING-ORCHESTRATOR] [DEBUG] 📍 Chunk 1-305: 2 candidate symbols
[2025-11-25T17:03:53.108Z] [2025-11-25T17:03:53.109Z] [INDEXING-ORCHESTRATOR] [DEBUG] ✅ Chunk symbols after filtering: 2 symbols - TutorModel, TutorQueries
[2025-11-25T17:03:53.108Z] [2025-11-25T17:03:53.109Z] [INDEXING-ORCHESTRATOR] [DEBUG] Created 1 semantic chunks for c:\Projects\educatedplanet\dataservice\src\datamodels\models\tutor.model.ts
[2025-11-25T17:03:53.108Z] [2025-11-25T17:03:53.109Z] [INDEXING-ORCHESTRATOR] [DEBUG] Average chunk size: 7400 characters
[2025-11-25T17:03:53.112Z] [2025-11-25T17:03:53.113Z] [TREESITTER-CHUNKER] [INFO] Created 1 semantic chunks from c:\Projects\educatedplanet\dataservice\src\datamodels\models\user.model.js
[2025-11-25T17:03:53.124Z] [2025-11-25T17:03:53.125Z] [TREESITTER-FULL] [INFO] Extracted 1 symbols from c:\Projects\educatedplanet\dataservice\src\datamodels\models\user.model.js
[2025-11-25T17:03:53.124Z] [2025-11-25T17:03:53.125Z] [INDEXING-ORCHESTRATOR] [DEBUG] 🔍 Symbol extraction for c:\Projects\educatedplanet\dataservice\src\datamodels\models\user.model.js: 1 symbols, 0 imports
[2025-11-25T17:03:53.124Z] [2025-11-25T17:03:53.125Z] [INDEXING-ORCHESTRATOR] [DEBUG] 📍 Chunk 1-79: 1 candidate symbols
[2025-11-25T17:03:53.124Z] [2025-11-25T17:03:53.125Z] [INDEXING-ORCHESTRATOR] [DEBUG] ✅ Chunk symbols after filtering: 1 symbols - mongoose_1
[2025-11-25T17:03:53.124Z] [2025-11-25T17:03:53.125Z] [INDEXING-ORCHESTRATOR] [DEBUG] Created 1 semantic chunks for c:\Projects\educatedplanet\dataservice\src\datamodels\models\user.model.js
[2025-11-25T17:03:53.124Z] [2025-11-25T17:03:53.125Z] [INDEXING-ORCHESTRATOR] [DEBUG] Average chunk size: 2326 characters
[2025-11-25T17:03:53.128Z] [2025-11-25T17:03:53.130Z] [TREESITTER-CHUNKER] [INFO] Created 1 semantic chunks from c:\Projects\educatedplanet\dataservice\src\datamodels\schemas\class.schema.ts
[2025-11-25T17:03:53.140Z] [2025-11-25T17:03:53.142Z] [TREESITTER-FULL] [INFO] Extracted 1 symbols from c:\Projects\educatedplanet\dataservice\src\datamodels\schemas\class.schema.ts
[2025-11-25T17:03:53.140Z] [2025-11-25T17:03:53.142Z] [INDEXING-ORCHESTRATOR] [DEBUG] 🔍 Symbol extraction for c:\Projects\educatedplanet\dataservice\src\datamodels\schemas\class.schema.ts: 1 symbols, 3 imports
[2025-11-25T17:03:53.140Z] [2025-11-25T17:03:53.142Z] [INDEXING-ORCHESTRATOR] [DEBUG] 📍 Chunk 1-79: 1 candidate symbols
[2025-11-25T17:03:53.140Z] [2025-11-25T17:03:53.142Z] [INDEXING-ORCHESTRATOR] [DEBUG] ✅ Chunk symbols after filtering: 1 symbols - classSchemaDefinition
[2025-11-25T17:03:53.140Z] [2025-11-25T17:03:53.142Z] [INDEXING-ORCHESTRATOR] [DEBUG] Created 1 semantic chunks for c:\Projects\educatedplanet\dataservice\src\datamodels\schemas\class.schema.ts
[2025-11-25T17:03:53.140Z] [2025-11-25T17:03:53.142Z] [INDEXING-ORCHESTRATOR] [DEBUG] Average chunk size: 2321 characters
[2025-11-25T17:03:53.142Z] [2025-11-25T17:03:53.143Z] [TREESITTER-CHUNKER] [INFO] Created 1 semantic chunks from c:\Projects\educatedplanet\dataservice\src\datamodels\schemas\index.js
[2025-11-25T17:03:53.144Z] [2025-11-25T17:03:53.146Z] [TREESITTER-FULL] [INFO] Extracted 3 symbols from c:\Projects\educatedplanet\dataservice\src\datamodels\schemas\index.js
[2025-11-25T17:03:53.145Z] [2025-11-25T17:03:53.146Z] [INDEXING-ORCHESTRATOR] [DEBUG] 🔍 Symbol extraction for c:\Projects\educatedplanet\dataservice\src\datamodels\schemas\index.js: 3 symbols, 0 imports
[2025-11-25T17:03:53.145Z] [2025-11-25T17:03:53.146Z] [INDEXING-ORCHESTRATOR] [DEBUG] 📍 Chunk 1-13: 3 candidate symbols
[2025-11-25T17:03:53.145Z] [2025-11-25T17:03:53.146Z] [INDEXING-ORCHESTRATOR] [DEBUG] ✅ Chunk symbols after filtering: 3 symbols - user_clean_schema_1, tutor_clean_schema_1, review_clean_schema_1
[2025-11-25T17:03:53.145Z] [2025-11-25T17:03:53.146Z] [INDEXING-ORCHESTRATOR] [DEBUG] Created 1 semantic chunks for c:\Projects\educatedplanet\dataservice\src\datamodels\schemas\index.js
[2025-11-25T17:03:53.145Z] [2025-11-25T17:03:53.146Z] [INDEXING-ORCHESTRATOR] [DEBUG] Average chunk size: 809 characters
[2025-11-25T17:03:53.146Z] [2025-11-25T17:03:53.147Z] [TREESITTER-CHUNKER] [INFO] Created 1 semantic chunks from c:\Projects\educatedplanet\dataservice\src\datamodels\schemas\index.ts
[2025-11-25T17:03:53.146Z] [2025-11-25T17:03:53.148Z] [TREESITTER-FULL] [INFO] Extracted 0 symbols from c:\Projects\educatedplanet\dataservice\src\datamodels\schemas\index.ts
[2025-11-25T17:03:53.146Z] [2025-11-25T17:03:53.148Z] [INDEXING-ORCHESTRATOR] [DEBUG] 🔍 Symbol extraction for c:\Projects\educatedplanet\dataservice\src\datamodels\schemas\index.ts: 0 symbols, 0 imports
[2025-11-25T17:03:53.147Z] [2025-11-25T17:03:53.148Z] [INDEXING-ORCHESTRATOR] [DEBUG] 📍 Chunk 1-15: 0 candidate symbols
[2025-11-25T17:03:53.147Z] [2025-11-25T17:03:53.148Z] [INDEXING-ORCHESTRATOR] [DEBUG] ✅ Chunk symbols after filtering: 0 symbols - 
[2025-11-25T17:03:53.147Z] [2025-11-25T17:03:53.148Z] [INDEXING-ORCHESTRATOR] [DEBUG] Created 1 semantic chunks for c:\Projects\educatedplanet\dataservice\src\datamodels\schemas\index.ts
[2025-11-25T17:03:53.147Z] [2025-11-25T17:03:53.148Z] [INDEXING-ORCHESTRATOR] [DEBUG] Average chunk size: 660 characters
[2025-11-25T17:03:53.154Z] [2025-11-25T17:03:53.156Z] [TREESITTER-CHUNKER] [INFO] Created 2 semantic chunks from c:\Projects\educatedplanet\dataservice\src\datamodels\schemas\review-clean.schema.ts
[2025-11-25T17:03:53.168Z] [2025-11-25T17:03:53.169Z] [TREESITTER-FULL] [INFO] Extracted 2 symbols from c:\Projects\educatedplanet\dataservice\src\datamodels\schemas\review-clean.schema.ts
[2025-11-25T17:03:53.168Z] [2025-11-25T17:03:53.169Z] [INDEXING-ORCHESTRATOR] [DEBUG] 🔍 Symbol extraction for c:\Projects\educatedplanet\dataservice\src\datamodels\schemas\review-clean.schema.ts: 2 symbols, 2 imports
[2025-11-25T17:03:53.168Z] [2025-11-25T17:03:53.169Z] [INDEXING-ORCHESTRATOR] [DEBUG] 📍 Chunk 7-25: 1 candidate symbols
[2025-11-25T17:03:53.168Z] [2025-11-25T17:03:53.169Z] [INDEXING-ORCHESTRATOR] [DEBUG] ✅ Chunk symbols after filtering: 1 symbols - IReviewDocument
[2025-11-25T17:03:53.168Z] [2025-11-25T17:03:53.169Z] [INDEXING-ORCHESTRATOR] [DEBUG] 📍 Chunk 26-140: 1 candidate symbols
[2025-11-25T17:03:53.168Z] [2025-11-25T17:03:53.169Z] [INDEXING-ORCHESTRATOR] [DEBUG] ✅ Chunk symbols after filtering: 1 symbols - reviewSchema
[2025-11-25T17:03:53.168Z] [2025-11-25T17:03:53.169Z] [INDEXING-ORCHESTRATOR] [DEBUG] Created 2 semantic chunks for c:\Projects\educatedplanet\dataservice\src\datamodels\schemas\review-clean.schema.ts
[2025-11-25T17:03:53.168Z] [2025-11-25T17:03:53.169Z] [INDEXING-ORCHESTRATOR] [DEBUG] Average chunk size: 1458 characters
[2025-11-25T17:03:53.180Z] [2025-11-25T17:03:53.182Z] [TREESITTER-CHUNKER] [INFO] Created 1 semantic chunks from c:\Projects\educatedplanet\dataservice\src\datamodels\schemas\review-clean.schema.js
[2025-11-25T17:03:53.207Z] [2025-11-25T17:03:53.208Z] [TREESITTER-FULL] [INFO] Extracted 2 symbols from c:\Projects\educatedplanet\dataservice\src\datamodels\schemas\review-clean.schema.js
[2025-11-25T17:03:53.207Z] [2025-11-25T17:03:53.209Z] [INDEXING-ORCHESTRATOR] [DEBUG] 🔍 Symbol extraction for c:\Projects\educatedplanet\dataservice\src\datamodels\schemas\review-clean.schema.js: 2 symbols, 0 imports
[2025-11-25T17:03:53.207Z] [2025-11-25T17:03:53.209Z] [INDEXING-ORCHESTRATOR] [DEBUG] 📍 Chunk 1-148: 2 candidate symbols
[2025-11-25T17:03:53.207Z] [2025-11-25T17:03:53.209Z] [INDEXING-ORCHESTRATOR] [DEBUG] ✅ Chunk symbols after filtering: 2 symbols - mongoose_1, reviewSchema
[2025-11-25T17:03:53.207Z] [2025-11-25T17:03:53.209Z] [INDEXING-ORCHESTRATOR] [DEBUG] Created 1 semantic chunks for c:\Projects\educatedplanet\dataservice\src\datamodels\schemas\review-clean.schema.js
[2025-11-25T17:03:53.207Z] [2025-11-25T17:03:53.209Z] [INDEXING-ORCHESTRATOR] [DEBUG] Average chunk size: 4299 characters
[2025-11-25T17:03:53.214Z] [2025-11-25T17:03:53.215Z] [TREESITTER-CHUNKER] [INFO] Created 1 semantic chunks from c:\Projects\educatedplanet\dataservice\src\datamodels\schemas\subject.schema.ts
[2025-11-25T17:03:53.238Z] [2025-11-25T17:03:53.239Z] [TREESITTER-FULL] [INFO] Extracted 1 symbols from c:\Projects\educatedplanet\dataservice\src\datamodels\schemas\subject.schema.ts
[2025-11-25T17:03:53.238Z] [2025-11-25T17:03:53.239Z] [INDEXING-ORCHESTRATOR] [DEBUG] 🔍 Symbol extraction for c:\Projects\educatedplanet\dataservice\src\datamodels\schemas\subject.schema.ts: 1 symbols, 3 imports
[2025-11-25T17:03:53.238Z] [2025-11-25T17:03:53.239Z] [INDEXING-ORCHESTRATOR] [DEBUG] 📍 Chunk 1-147: 1 candidate symbols
[2025-11-25T17:03:53.238Z] [2025-11-25T17:03:53.239Z] [INDEXING-ORCHESTRATOR] [DEBUG] ✅ Chunk symbols after filtering: 1 symbols - subjectSchemaDefinition
[2025-11-25T17:03:53.238Z] [2025-11-25T17:03:53.239Z] [INDEXING-ORCHESTRATOR] [DEBUG] Created 1 semantic chunks for c:\Projects\educatedplanet\dataservice\src\datamodels\schemas\subject.schema.ts
[2025-11-25T17:03:53.238Z] [2025-11-25T17:03:53.239Z] [INDEXING-ORCHESTRATOR] [DEBUG] Average chunk size: 4255 characters
[2025-11-25T17:03:53.247Z] [2025-11-25T17:03:53.248Z] [TREESITTER-CHUNKER] [INFO] Created 1 semantic chunks from c:\Projects\educatedplanet\dataservice\src\datamodels\schemas\tutor-clean.schema.js
[2025-11-25T17:03:53.277Z] [2025-11-25T17:03:53.278Z] [TREESITTER-FULL] [INFO] Extracted 2 symbols from c:\Projects\educatedplanet\dataservice\src\datamodels\schemas\tutor-clean.schema.js
[2025-11-25T17:03:53.277Z] [2025-11-25T17:03:53.278Z] [INDEXING-ORCHESTRATOR] [DEBUG] 🔍 Symbol extraction for c:\Projects\educatedplanet\dataservice\src\datamodels\schemas\tutor-clean.schema.js: 2 symbols, 0 imports
[2025-11-25T17:03:53.277Z] [2025-11-25T17:03:53.278Z] [INDEXING-ORCHESTRATOR] [DEBUG] 📍 Chunk 1-206: 2 candidate symbols
[2025-11-25T17:03:53.277Z] [2025-11-25T17:03:53.278Z] [INDEXING-ORCHESTRATOR] [DEBUG] ✅ Chunk symbols after filtering: 2 symbols - mongoose_1, tutorSchema
[2025-11-25T17:03:53.277Z] [2025-11-25T17:03:53.278Z] [INDEXING-ORCHESTRATOR] [DEBUG] Created 1 semantic chunks for c:\Projects\educatedplanet\dataservice\src\datamodels\schemas\tutor-clean.schema.js
[2025-11-25T17:03:53.277Z] [2025-11-25T17:03:53.278Z] [INDEXING-ORCHESTRATOR] [DEBUG] Average chunk size: 5368 characters
[2025-11-25T17:03:53.277Z] [2025-11-25T17:03:53.278Z] [INDEXING-ORCHESTRATOR] [DEBUG] 📊 Processed: 230/302 files
[2025-11-25T17:03:53.286Z] [2025-11-25T17:03:53.287Z] [TREESITTER-CHUNKER] [INFO] Created 2 semantic chunks from c:\Projects\educatedplanet\dataservice\src\datamodels\schemas\user-clean.schema.ts
[2025-11-25T17:03:53.300Z] [2025-11-25T17:03:53.301Z] [TREESITTER-FULL] [INFO] Extracted 2 symbols from c:\Projects\educatedplanet\dataservice\src\datamodels\schemas\user-clean.schema.ts
[2025-11-25T17:03:53.300Z] [2025-11-25T17:03:53.301Z] [INDEXING-ORCHESTRATOR] [DEBUG] 🔍 Symbol extraction for c:\Projects\educatedplanet\dataservice\src\datamodels\schemas\user-clean.schema.ts: 2 symbols, 3 imports
[2025-11-25T17:03:53.300Z] [2025-11-25T17:03:53.301Z] [INDEXING-ORCHESTRATOR] [DEBUG] 📍 Chunk 8-23: 1 candidate symbols
[2025-11-25T17:03:53.300Z] [2025-11-25T17:03:53.301Z] [INDEXING-ORCHESTRATOR] [DEBUG] ✅ Chunk symbols after filtering: 1 symbols - IUserDocument
[2025-11-25T17:03:53.300Z] [2025-11-25T17:03:53.301Z] [INDEXING-ORCHESTRATOR] [DEBUG] 📍 Chunk 24-146: 1 candidate symbols
[2025-11-25T17:03:53.300Z] [2025-11-25T17:03:53.301Z] [INDEXING-ORCHESTRATOR] [DEBUG] ✅ Chunk symbols after filtering: 1 symbols - userSchema
[2025-11-25T17:03:53.300Z] [2025-11-25T17:03:53.301Z] [INDEXING-ORCHESTRATOR] [DEBUG] Created 2 semantic chunks for c:\Projects\educatedplanet\dataservice\src\datamodels\schemas\user-clean.schema.ts
[2025-11-25T17:03:53.300Z] [2025-11-25T17:03:53.301Z] [INDEXING-ORCHESTRATOR] [DEBUG] Average chunk size: 1412 characters
[2025-11-25T17:03:53.334Z] [2025-11-25T17:03:53.336Z] [TREESITTER-CHUNKER] [INFO] Created 3 semantic chunks from c:\Projects\educatedplanet\dataservice\src\datamodels\schemas\tutor-clean.schema.ts
[2025-11-25T17:03:53.445Z] [2025-11-25T17:03:53.446Z] [TREESITTER-FULL] [INFO] Extracted 6 symbols from c:\Projects\educatedplanet\dataservice\src\datamodels\schemas\tutor-clean.schema.ts
[2025-11-25T17:03:53.445Z] [2025-11-25T17:03:53.447Z] [INDEXING-ORCHESTRATOR] [DEBUG] 🔍 Symbol extraction for c:\Projects\educatedplanet\dataservice\src\datamodels\schemas\tutor-clean.schema.ts: 6 symbols, 1 imports
[2025-11-25T17:03:53.446Z] [2025-11-25T17:03:53.447Z] [INDEXING-ORCHESTRATOR] [DEBUG] 📍 Chunk 6-86: 1 candidate symbols
[2025-11-25T17:03:53.446Z] [2025-11-25T17:03:53.447Z] [INDEXING-ORCHESTRATOR] [DEBUG] ✅ Chunk symbols after filtering: 1 symbols - TutorData
[2025-11-25T17:03:53.446Z] [2025-11-25T17:03:53.447Z] [INDEXING-ORCHESTRATOR] [DEBUG] 📍 Chunk 91-128: 1 candidate symbols
[2025-11-25T17:03:53.446Z] [2025-11-25T17:03:53.447Z] [INDEXING-ORCHESTRATOR] [DEBUG] ✅ Chunk symbols after filtering: 1 symbols - ITutorDocument
[2025-11-25T17:03:53.446Z] [2025-11-25T17:03:53.447Z] [INDEXING-ORCHESTRATOR] [DEBUG] 📍 Chunk 129-803: 4 candidate symbols
[2025-11-25T17:03:53.446Z] [2025-11-25T17:03:53.447Z] [INDEXING-ORCHESTRATOR] [DEBUG] ✅ Chunk symbols after filtering: 4 symbols - subjectSchema, experienceSchema, educationSchema, tutorSchema
[2025-11-25T17:03:53.446Z] [2025-11-25T17:03:53.447Z] [INDEXING-ORCHESTRATOR] [DEBUG] Created 3 semantic chunks for c:\Projects\educatedplanet\dataservice\src\datamodels\schemas\tutor-clean.schema.ts
[2025-11-25T17:03:53.446Z] [2025-11-25T17:03:53.447Z] [INDEXING-ORCHESTRATOR] [DEBUG] Average chunk size: 6077 characters
[2025-11-25T17:03:53.450Z] [2025-11-25T17:03:53.452Z] [TREESITTER-CHUNKER] [INFO] Created 1 semantic chunks from c:\Projects\educatedplanet\dataservice\src\index.ts
[2025-11-25T17:03:53.455Z] [2025-11-25T17:03:53.456Z] [TREESITTER-FULL] [INFO] Extracted 0 symbols from c:\Projects\educatedplanet\dataservice\src\index.ts
[2025-11-25T17:03:53.455Z] [2025-11-25T17:03:53.456Z] [INDEXING-ORCHESTRATOR] [DEBUG] 🔍 Symbol extraction for c:\Projects\educatedplanet\dataservice\src\index.ts: 0 symbols, 0 imports
[2025-11-25T17:03:53.455Z] [2025-11-25T17:03:53.456Z] [INDEXING-ORCHESTRATOR] [DEBUG] 📍 Chunk 1-111: 0 candidate symbols
[2025-11-25T17:03:53.455Z] [2025-11-25T17:03:53.456Z] [INDEXING-ORCHESTRATOR] [DEBUG] ✅ Chunk symbols after filtering: 0 symbols - 
[2025-11-25T17:03:53.455Z] [2025-11-25T17:03:53.456Z] [INDEXING-ORCHESTRATOR] [DEBUG] Created 1 semantic chunks for c:\Projects\educatedplanet\dataservice\src\index.ts
[2025-11-25T17:03:53.455Z] [2025-11-25T17:03:53.456Z] [INDEXING-ORCHESTRATOR] [DEBUG] Average chunk size: 2720 characters
[2025-11-25T17:03:53.470Z] [2025-11-25T17:03:53.472Z] [TREESITTER-CHUNKER] [INFO] Created 1 semantic chunks from c:\Projects\educatedplanet\dataservice\src\datamodels\schemas\user-clean.schema.js
[2025-11-25T17:03:53.515Z] [2025-11-25T17:03:53.516Z] [TREESITTER-FULL] [INFO] Extracted 3 symbols from c:\Projects\educatedplanet\dataservice\src\datamodels\schemas\user-clean.schema.js
[2025-11-25T17:03:53.515Z] [2025-11-25T17:03:53.517Z] [INDEXING-ORCHESTRATOR] [DEBUG] 🔍 Symbol extraction for c:\Projects\educatedplanet\dataservice\src\datamodels\schemas\user-clean.schema.js: 3 symbols, 0 imports
[2025-11-25T17:03:53.515Z] [2025-11-25T17:03:53.517Z] [INDEXING-ORCHESTRATOR] [DEBUG] 📍 Chunk 1-155: 3 candidate symbols
[2025-11-25T17:03:53.515Z] [2025-11-25T17:03:53.517Z] [INDEXING-ORCHESTRATOR] [DEBUG] ✅ Chunk symbols after filtering: 3 symbols - mongoose_1, validator_1, userSchema
[2025-11-25T17:03:53.515Z] [2025-11-25T17:03:53.517Z] [INDEXING-ORCHESTRATOR] [DEBUG] Created 1 semantic chunks for c:\Projects\educatedplanet\dataservice\src\datamodels\schemas\user-clean.schema.js
[2025-11-25T17:03:53.515Z] [2025-11-25T17:03:53.517Z] [INDEXING-ORCHESTRATOR] [DEBUG] Average chunk size: 4434 characters
[2025-11-25T17:03:53.541Z] [2025-11-25T17:03:53.543Z] [TREESITTER-CHUNKER] [INFO] Created 3 semantic chunks from c:\Projects\educatedplanet\dataservice\src\migrations\001-create-tutor-collection.ts
[2025-11-25T17:03:53.589Z] [2025-11-25T17:03:53.591Z] [TREESITTER-FULL] [INFO] Extracted 2 symbols from c:\Projects\educatedplanet\dataservice\src\migrations\001-create-tutor-collection.ts
[2025-11-25T17:03:53.589Z] [2025-11-25T17:03:53.591Z] [INDEXING-ORCHESTRATOR] [DEBUG] 🔍 Symbol extraction for c:\Projects\educatedplanet\dataservice\src\migrations\001-create-tutor-collection.ts: 2 symbols, 2 imports
[2025-11-25T17:03:53.589Z] [2025-11-25T17:03:53.591Z] [INDEXING-ORCHESTRATOR] [DEBUG] 📍 Chunk 9-159: 1 candidate symbols
[2025-11-25T17:03:53.589Z] [2025-11-25T17:03:53.591Z] [INDEXING-ORCHESTRATOR] [DEBUG] ✅ Chunk symbols after filtering: 1 symbols - up
[2025-11-25T17:03:53.589Z] [2025-11-25T17:03:53.591Z] [INDEXING-ORCHESTRATOR] [DEBUG] 📍 Chunk 165-187: 1 candidate symbols
[2025-11-25T17:03:53.589Z] [2025-11-25T17:03:53.591Z] [INDEXING-ORCHESTRATOR] [DEBUG] ✅ Chunk symbols after filtering: 1 symbols - down
[2025-11-25T17:03:53.589Z] [2025-11-25T17:03:53.591Z] [INDEXING-ORCHESTRATOR] [DEBUG] 📍 Chunk 188-203: 0 candidate symbols
[2025-11-25T17:03:53.589Z] [2025-11-25T17:03:53.591Z] [INDEXING-ORCHESTRATOR] [DEBUG] ✅ Chunk symbols after filtering: 0 symbols - 
[2025-11-25T17:03:53.589Z] [2025-11-25T17:03:53.591Z] [INDEXING-ORCHESTRATOR] [DEBUG] Created 3 semantic chunks for c:\Projects\educatedplanet\dataservice\src\migrations\001-create-tutor-collection.ts
[2025-11-25T17:03:53.589Z] [2025-11-25T17:03:53.591Z] [INDEXING-ORCHESTRATOR] [DEBUG] Average chunk size: 2192 characters
[2025-11-25T17:03:53.593Z] [2025-11-25T17:03:53.594Z] [TREESITTER-CHUNKER] [INFO] Created 2 semantic chunks from c:\Projects\educatedplanet\dataservice\src\migrations\index.ts
[2025-11-25T17:03:53.599Z] [2025-11-25T17:03:53.601Z] [TREESITTER-FULL] [INFO] Extracted 5 symbols from c:\Projects\educatedplanet\dataservice\src\migrations\index.ts
[2025-11-25T17:03:53.600Z] [2025-11-25T17:03:53.601Z] [INDEXING-ORCHESTRATOR] [DEBUG] 🔍 Symbol extraction for c:\Projects\educatedplanet\dataservice\src\migrations\index.ts: 5 symbols, 1 imports
[2025-11-25T17:03:53.600Z] [2025-11-25T17:03:53.601Z] [INDEXING-ORCHESTRATOR] [DEBUG] 📍 Chunk 17-64: 3 candidate symbols
[2025-11-25T17:03:53.600Z] [2025-11-25T17:03:53.601Z] [INDEXING-ORCHESTRATOR] [DEBUG] ✅ Chunk symbols after filtering: 3 symbols - runMigrations, runMigration, getMigrations
[2025-11-25T17:03:53.600Z] [2025-11-25T17:03:53.601Z] [INDEXING-ORCHESTRATOR] [DEBUG] 📍 Chunk 67-67: 1 candidate symbols
[2025-11-25T17:03:53.600Z] [2025-11-25T17:03:53.601Z] [INDEXING-ORCHESTRATOR] [DEBUG] ✅ Chunk symbols after filtering: 1 symbols - MigrationName
[2025-11-25T17:03:53.600Z] [2025-11-25T17:03:53.601Z] [INDEXING-ORCHESTRATOR] [DEBUG] Created 2 semantic chunks for c:\Projects\educatedplanet\dataservice\src\migrations\index.ts
[2025-11-25T17:03:53.600Z] [2025-11-25T17:03:53.601Z] [INDEXING-ORCHESTRATOR] [DEBUG] Average chunk size: 738 characters
[2025-11-25T17:03:53.600Z] [2025-11-25T17:03:53.602Z] [TREESITTER-CHUNKER] [INFO] 🔍 Found class: unknown (77 lines)
[2025-11-25T17:03:53.600Z] [2025-11-25T17:03:53.602Z] [TREESITTER-CHUNKER] [INFO] 📦 Keeping small class intact: unknown (77 lines <= 150)
[2025-11-25T17:03:53.605Z] [2025-11-25T17:03:53.607Z] [TREESITTER-CHUNKER] [INFO] Created 2 semantic chunks from c:\Projects\educatedplanet\dataservice\src\repositories\user.repository.ts
[2025-11-25T17:03:53.636Z] [2025-11-25T17:03:53.637Z] [TREESITTER-FULL] [INFO] Extracted 2 symbols from c:\Projects\educatedplanet\dataservice\src\repositories\user.repository.ts
[2025-11-25T17:03:53.636Z] [2025-11-25T17:03:53.638Z] [INDEXING-ORCHESTRATOR] [DEBUG] 🔍 Symbol extraction for c:\Projects\educatedplanet\dataservice\src\repositories\user.repository.ts: 2 symbols, 3 imports
[2025-11-25T17:03:53.637Z] [2025-11-25T17:03:53.638Z] [INDEXING-ORCHESTRATOR] [DEBUG] 📍 Chunk 8-84: 1 candidate symbols
[2025-11-25T17:03:53.637Z] [2025-11-25T17:03:53.638Z] [INDEXING-ORCHESTRATOR] [DEBUG] ✅ Chunk symbols after filtering: 1 symbols - UserRepository
[2025-11-25T17:03:53.637Z] [2025-11-25T17:03:53.638Z] [INDEXING-ORCHESTRATOR] [DEBUG] 📍 Chunk 85-87: 1 candidate symbols
[2025-11-25T17:03:53.637Z] [2025-11-25T17:03:53.638Z] [INDEXING-ORCHESTRATOR] [DEBUG] ✅ Chunk symbols after filtering: 1 symbols - userRepository
[2025-11-25T17:03:53.637Z] [2025-11-25T17:03:53.638Z] [INDEXING-ORCHESTRATOR] [DEBUG] Created 2 semantic chunks for c:\Projects\educatedplanet\dataservice\src\repositories\user.repository.ts
[2025-11-25T17:03:53.637Z] [2025-11-25T17:03:53.638Z] [INDEXING-ORCHESTRATOR] [DEBUG] Average chunk size: 1071 characters
[2025-11-25T17:03:53.643Z] [2025-11-25T17:03:53.644Z] [TREESITTER-CHUNKER] [INFO] 🔍 Found class: unknown (382 lines)
[2025-11-25T17:03:53.643Z] [2025-11-25T17:03:53.644Z] [TREESITTER-CHUNKER] [INFO] 📤 Splitting large class: unknown (382 lines > 150)
[2025-11-25T17:03:53.643Z] [2025-11-25T17:03:53.644Z] [TREESITTER-CHUNKER] [INFO] 🔧 Extracting methods from large class with 2 children
[2025-11-25T17:03:53.643Z] [2025-11-25T17:03:53.645Z] [TREESITTER-CHUNKER] [INFO] 🔍 Checking 20 nodes for methods (using class_body)
[2025-11-25T17:03:53.643Z] [2025-11-25T17:03:53.645Z] [TREESITTER-CHUNKER] [INFO]    Child type: comment at lines 19-21
[2025-11-25T17:03:53.643Z] [2025-11-25T17:03:53.645Z] [TREESITTER-CHUNKER] [INFO]    Child type: method_definition at lines 22-52
[2025-11-25T17:03:53.643Z] [2025-11-25T17:03:53.645Z] [TREESITTER-CHUNKER] [INFO]    🎯 Found method: unknown (31 lines, 848 chars)
[2025-11-25T17:03:53.643Z] [2025-11-25T17:03:53.645Z] [TREESITTER-CHUNKER] [INFO]    ✅ Added method chunk: unknown
[2025-11-25T17:03:53.643Z] [2025-11-25T17:03:53.645Z] [TREESITTER-CHUNKER] [INFO]    Child type: comment at lines 54-56
[2025-11-25T17:03:53.643Z] [2025-11-25T17:03:53.645Z] [TREESITTER-CHUNKER] [INFO]    Child type: method_definition at lines 57-153
[2025-11-25T17:03:53.643Z] [2025-11-25T17:03:53.645Z] [TREESITTER-CHUNKER] [INFO]    🎯 Found method: unknown (97 lines, 2335 chars)
[2025-11-25T17:03:53.644Z] [2025-11-25T17:03:53.645Z] [TREESITTER-CHUNKER] [INFO]    ✅ Added method chunk: unknown
[2025-11-25T17:03:53.644Z] [2025-11-25T17:03:53.645Z] [TREESITTER-CHUNKER] [INFO]    Child type: comment at lines 155-157
[2025-11-25T17:03:53.644Z] [2025-11-25T17:03:53.645Z] [TREESITTER-CHUNKER] [INFO]    Child type: method_definition at lines 158-164
[2025-11-25T17:03:53.644Z] [2025-11-25T17:03:53.645Z] [TREESITTER-CHUNKER] [INFO]    🎯 Found method: unknown (7 lines, 254 chars)
[2025-11-25T17:03:53.644Z] [2025-11-25T17:03:53.645Z] [TREESITTER-CHUNKER] [INFO]    ✅ Added method chunk: unknown
[2025-11-25T17:03:53.644Z] [2025-11-25T17:03:53.645Z] [TREESITTER-CHUNKER] [INFO]    Child type: comment at lines 166-168
[2025-11-25T17:03:53.644Z] [2025-11-25T17:03:53.645Z] [TREESITTER-CHUNKER] [INFO]    Child type: method_definition at lines 169-196
[2025-11-25T17:03:53.644Z] [2025-11-25T17:03:53.645Z] [TREESITTER-CHUNKER] [INFO]    🎯 Found method: unknown (28 lines, 1009 chars)
[2025-11-25T17:03:53.644Z] [2025-11-25T17:03:53.645Z] [TREESITTER-CHUNKER] [INFO]    ✅ Added method chunk: unknown
[2025-11-25T17:03:53.644Z] [2025-11-25T17:03:53.645Z] [TREESITTER-CHUNKER] [INFO]    Child type: comment at lines 198-200
[2025-11-25T17:03:53.644Z] [2025-11-25T17:03:53.645Z] [TREESITTER-CHUNKER] [INFO]    Child type: method_definition at lines 201-244
[2025-11-25T17:03:53.644Z] [2025-11-25T17:03:53.646Z] [TREESITTER-CHUNKER] [INFO]    🎯 Found method: unknown (44 lines, 1321 chars)
[2025-11-25T17:03:53.644Z] [2025-11-25T17:03:53.646Z] [TREESITTER-CHUNKER] [INFO]    ✅ Added method chunk: unknown
[2025-11-25T17:03:53.644Z] [2025-11-25T17:03:53.646Z] [TREESITTER-CHUNKER] [INFO]    Child type: comment at lines 246-248
[2025-11-25T17:03:53.644Z] [2025-11-25T17:03:53.646Z] [TREESITTER-CHUNKER] [INFO]    Child type: method_definition at lines 249-258
[2025-11-25T17:03:53.644Z] [2025-11-25T17:03:53.646Z] [TREESITTER-CHUNKER] [INFO]    🎯 Found method: unknown (10 lines, 300 chars)
[2025-11-25T17:03:53.644Z] [2025-11-25T17:03:53.646Z] [TREESITTER-CHUNKER] [INFO]    ✅ Added method chunk: unknown
[2025-11-25T17:03:53.644Z] [2025-11-25T17:03:53.646Z] [TREESITTER-CHUNKER] [INFO]    Child type: comment at lines 260-262
[2025-11-25T17:03:53.644Z] [2025-11-25T17:03:53.646Z] [TREESITTER-CHUNKER] [INFO]    Child type: method_definition at lines 263-272
[2025-11-25T17:03:53.644Z] [2025-11-25T17:03:53.646Z] [TREESITTER-CHUNKER] [INFO]    🎯 Found method: unknown (10 lines, 296 chars)
[2025-11-25T17:03:53.644Z] [2025-11-25T17:03:53.646Z] [TREESITTER-CHUNKER] [INFO]    ✅ Added method chunk: unknown
[2025-11-25T17:03:53.644Z] [2025-11-25T17:03:53.646Z] [TREESITTER-CHUNKER] [INFO]    Child type: comment at lines 274-276
[2025-11-25T17:03:53.644Z] [2025-11-25T17:03:53.646Z] [TREESITTER-CHUNKER] [INFO]    Child type: method_definition at lines 277-287
[2025-11-25T17:03:53.644Z] [2025-11-25T17:03:53.646Z] [TREESITTER-CHUNKER] [INFO]    🎯 Found method: unknown (11 lines, 242 chars)
[2025-11-25T17:03:53.644Z] [2025-11-25T17:03:53.646Z] [TREESITTER-CHUNKER] [INFO]    ✅ Added method chunk: unknown
[2025-11-25T17:03:53.645Z] [2025-11-25T17:03:53.646Z] [TREESITTER-CHUNKER] [INFO]    Child type: comment at lines 289-291
[2025-11-25T17:03:53.645Z] [2025-11-25T17:03:53.646Z] [TREESITTER-CHUNKER] [INFO]    Child type: method_definition at lines 292-363
[2025-11-25T17:03:53.645Z] [2025-11-25T17:03:53.646Z] [TREESITTER-CHUNKER] [INFO]    🎯 Found method: unknown (72 lines, 2380 chars)
[2025-11-25T17:03:53.645Z] [2025-11-25T17:03:53.646Z] [TREESITTER-CHUNKER] [INFO]    ✅ Added method chunk: unknown
[2025-11-25T17:03:53.645Z] [2025-11-25T17:03:53.646Z] [TREESITTER-CHUNKER] [INFO]    Child type: comment at lines 365-367
[2025-11-25T17:03:53.645Z] [2025-11-25T17:03:53.646Z] [TREESITTER-CHUNKER] [INFO]    Child type: method_definition at lines 368-398
[2025-11-25T17:03:53.645Z] [2025-11-25T17:03:53.646Z] [TREESITTER-CHUNKER] [INFO]    🎯 Found method: unknown (31 lines, 1335 chars)
[2025-11-25T17:03:53.645Z] [2025-11-25T17:03:53.646Z] [TREESITTER-CHUNKER] [INFO]    ✅ Added method chunk: unknown
[2025-11-25T17:03:53.645Z] [2025-11-25T17:03:53.646Z] [TREESITTER-CHUNKER] [INFO] 🏁 Extracted 10 methods from large class
[2025-11-25T17:03:53.664Z] [2025-11-25T17:03:53.666Z] [TREESITTER-CHUNKER] [INFO] Created 7 semantic chunks from c:\Projects\educatedplanet\dataservice\src\queries\tutor.queries.ts
[2025-11-25T17:03:53.742Z] [2025-11-25T17:03:53.743Z] [TREESITTER-FULL] [INFO] Extracted 1 symbols from c:\Projects\educatedplanet\dataservice\src\queries\tutor.queries.ts
[2025-11-25T17:03:53.742Z] [2025-11-25T17:03:53.743Z] [INDEXING-ORCHESTRATOR] [DEBUG] 🔍 Symbol extraction for c:\Projects\educatedplanet\dataservice\src\queries\tutor.queries.ts: 1 symbols, 3 imports
[2025-11-25T17:03:53.742Z] [2025-11-25T17:03:53.743Z] [INDEXING-ORCHESTRATOR] [DEBUG] 📍 Chunk 18-52: 0 candidate symbols
[2025-11-25T17:03:53.742Z] [2025-11-25T17:03:53.743Z] [INDEXING-ORCHESTRATOR] [DEBUG] ✅ Chunk symbols after filtering: 0 symbols - 
[2025-11-25T17:03:53.742Z] [2025-11-25T17:03:53.743Z] [INDEXING-ORCHESTRATOR] [DEBUG] 📍 Chunk 57-153: 0 candidate symbols
[2025-11-25T17:03:53.742Z] [2025-11-25T17:03:53.743Z] [INDEXING-ORCHESTRATOR] [DEBUG] ✅ Chunk symbols after filtering: 0 symbols - 
[2025-11-25T17:03:53.742Z] [2025-11-25T17:03:53.744Z] [INDEXING-ORCHESTRATOR] [DEBUG] 📍 Chunk 158-196: 0 candidate symbols
[2025-11-25T17:03:53.742Z] [2025-11-25T17:03:53.744Z] [INDEXING-ORCHESTRATOR] [DEBUG] ✅ Chunk symbols after filtering: 0 symbols - 
[2025-11-25T17:03:53.742Z] [2025-11-25T17:03:53.744Z] [INDEXING-ORCHESTRATOR] [DEBUG] 📍 Chunk 201-244: 0 candidate symbols
[2025-11-25T17:03:53.742Z] [2025-11-25T17:03:53.744Z] [INDEXING-ORCHESTRATOR] [DEBUG] ✅ Chunk symbols after filtering: 0 symbols - 
[2025-11-25T17:03:53.742Z] [2025-11-25T17:03:53.744Z] [INDEXING-ORCHESTRATOR] [DEBUG] 📍 Chunk 249-287: 0 candidate symbols
[2025-11-25T17:03:53.742Z] [2025-11-25T17:03:53.744Z] [INDEXING-ORCHESTRATOR] [DEBUG] ✅ Chunk symbols after filtering: 0 symbols - 
[2025-11-25T17:03:53.742Z] [2025-11-25T17:03:53.744Z] [INDEXING-ORCHESTRATOR] [DEBUG] 📍 Chunk 292-363: 0 candidate symbols
[2025-11-25T17:03:53.742Z] [2025-11-25T17:03:53.744Z] [INDEXING-ORCHESTRATOR] [DEBUG] ✅ Chunk symbols after filtering: 0 symbols - 
[2025-11-25T17:03:53.742Z] [2025-11-25T17:03:53.744Z] [INDEXING-ORCHESTRATOR] [DEBUG] 📍 Chunk 368-398: 0 candidate symbols
[2025-11-25T17:03:53.742Z] [2025-11-25T17:03:53.744Z] [INDEXING-ORCHESTRATOR] [DEBUG] ✅ Chunk symbols after filtering: 0 symbols - 
[2025-11-25T17:03:53.742Z] [2025-11-25T17:03:53.744Z] [INDEXING-ORCHESTRATOR] [DEBUG] Created 7 semantic chunks for c:\Projects\educatedplanet\dataservice\src\queries\tutor.queries.ts
[2025-11-25T17:03:53.742Z] [2025-11-25T17:03:53.744Z] [INDEXING-ORCHESTRATOR] [DEBUG] Average chunk size: 1509 characters
[2025-11-25T17:03:53.742Z] [2025-11-25T17:03:53.744Z] [TREESITTER-CHUNKER] [INFO] Created 0 semantic chunks from c:\Projects\educatedplanet\dataservice\src\repository\user.repository.ts
[2025-11-25T17:03:53.742Z] [2025-11-25T17:03:53.744Z] [TREESITTER-FULL] [INFO] Extracted 0 symbols from c:\Projects\educatedplanet\dataservice\src\repository\user.repository.ts
[2025-11-25T17:03:53.742Z] [2025-11-25T17:03:53.744Z] [INDEXING-ORCHESTRATOR] [DEBUG] 🔍 Symbol extraction for c:\Projects\educatedplanet\dataservice\src\repository\user.repository.ts: 0 symbols, 0 imports
[2025-11-25T17:03:53.742Z] [2025-11-25T17:03:53.744Z] [INDEXING-ORCHESTRATOR] [DEBUG] Created 0 semantic chunks for c:\Projects\educatedplanet\dataservice\src\repository\user.repository.ts
[2025-11-25T17:03:53.747Z] [2025-11-25T17:03:53.748Z] [TREESITTER-CHUNKER] [INFO] Created 2 semantic chunks from c:\Projects\educatedplanet\dataservice\src\scripts\run-migrations.ts
[2025-11-25T17:03:53.767Z] [2025-11-25T17:03:53.769Z] [TREESITTER-FULL] [INFO] Extracted 1 symbols from c:\Projects\educatedplanet\dataservice\src\scripts\run-migrations.ts
[2025-11-25T17:03:53.767Z] [2025-11-25T17:03:53.769Z] [INDEXING-ORCHESTRATOR] [DEBUG] 🔍 Symbol extraction for c:\Projects\educatedplanet\dataservice\src\scripts\run-migrations.ts: 1 symbols, 2 imports
[2025-11-25T17:03:53.768Z] [2025-11-25T17:03:53.769Z] [INDEXING-ORCHESTRATOR] [DEBUG] 📍 Chunk 10-67: 1 candidate symbols
[2025-11-25T17:03:53.768Z] [2025-11-25T17:03:53.769Z] [INDEXING-ORCHESTRATOR] [DEBUG] ✅ Chunk symbols after filtering: 1 symbols - main
[2025-11-25T17:03:53.768Z] [2025-11-25T17:03:53.769Z] [INDEXING-ORCHESTRATOR] [DEBUG] 📍 Chunk 68-72: 0 candidate symbols
[2025-11-25T17:03:53.768Z] [2025-11-25T17:03:53.769Z] [INDEXING-ORCHESTRATOR] [DEBUG] ✅ Chunk symbols after filtering: 0 symbols - 
[2025-11-25T17:03:53.768Z] [2025-11-25T17:03:53.769Z] [INDEXING-ORCHESTRATOR] [DEBUG] Created 2 semantic chunks for c:\Projects\educatedplanet\dataservice\src\scripts\run-migrations.ts
[2025-11-25T17:03:53.768Z] [2025-11-25T17:03:53.769Z] [INDEXING-ORCHESTRATOR] [DEBUG] Average chunk size: 935 characters
[2025-11-25T17:03:53.768Z] [2025-11-25T17:03:53.769Z] [INDEXING-ORCHESTRATOR] [DEBUG] 📊 Processed: 240/302 files
[2025-11-25T17:03:53.781Z] [2025-11-25T17:03:53.782Z] [TREESITTER-CHUNKER] [INFO] 🔍 Found class: unknown (6 lines)
[2025-11-25T17:03:53.781Z] [2025-11-25T17:03:53.783Z] [TREESITTER-CHUNKER] [INFO] 📦 Keeping small class intact: unknown (6 lines <= 150)
[2025-11-25T17:03:53.802Z] [2025-11-25T17:03:53.803Z] [TREESITTER-CHUNKER] [INFO] Created 10 semantic chunks from c:\Projects\educatedplanet\dataservice\src\seeder\userseeder.ts
[2025-11-25T17:03:53.854Z] [2025-11-25T17:03:53.856Z] [TREESITTER-FULL] [INFO] Extracted 10 symbols from c:\Projects\educatedplanet\dataservice\src\seeder\userseeder.ts
[2025-11-25T17:03:53.854Z] [2025-11-25T17:03:53.856Z] [INDEXING-ORCHESTRATOR] [DEBUG] 🔍 Symbol extraction for c:\Projects\educatedplanet\dataservice\src\seeder\userseeder.ts: 10 symbols, 4 imports
[2025-11-25T17:03:53.854Z] [2025-11-25T17:03:53.856Z] [INDEXING-ORCHESTRATOR] [DEBUG] 📍 Chunk 7-15: 1 candidate symbols
[2025-11-25T17:03:53.854Z] [2025-11-25T17:03:53.856Z] [INDEXING-ORCHESTRATOR] [DEBUG] ✅ Chunk symbols after filtering: 1 symbols - UserData
[2025-11-25T17:03:53.854Z] [2025-11-25T17:03:53.856Z] [INDEXING-ORCHESTRATOR] [DEBUG] 📍 Chunk 26-31: 1 candidate symbols
[2025-11-25T17:03:53.854Z] [2025-11-25T17:03:53.856Z] [INDEXING-ORCHESTRATOR] [DEBUG] ✅ Chunk symbols after filtering: 1 symbols - SeederError
[2025-11-25T17:03:53.854Z] [2025-11-25T17:03:53.856Z] [INDEXING-ORCHESTRATOR] [DEBUG] 📍 Chunk 38-59: 1 candidate symbols
[2025-11-25T17:03:53.854Z] [2025-11-25T17:03:53.856Z] [INDEXING-ORCHESTRATOR] [DEBUG] ✅ Chunk symbols after filtering: 1 symbols - validateUserData
[2025-11-25T17:03:53.854Z] [2025-11-25T17:03:53.856Z] [INDEXING-ORCHESTRATOR] [DEBUG] 📍 Chunk 65-76: 1 candidate symbols
[2025-11-25T17:03:53.854Z] [2025-11-25T17:03:53.856Z] [INDEXING-ORCHESTRATOR] [DEBUG] ✅ Chunk symbols after filtering: 1 symbols - getDataFilePath
[2025-11-25T17:03:53.854Z] [2025-11-25T17:03:53.856Z] [INDEXING-ORCHESTRATOR] [DEBUG] 📍 Chunk 82-131: 1 candidate symbols
[2025-11-25T17:03:53.854Z] [2025-11-25T17:03:53.856Z] [INDEXING-ORCHESTRATOR] [DEBUG] ✅ Chunk symbols after filtering: 1 symbols - readUsersData
[2025-11-25T17:03:53.854Z] [2025-11-25T17:03:53.856Z] [INDEXING-ORCHESTRATOR] [DEBUG] 📍 Chunk 138-144: 1 candidate symbols
[2025-11-25T17:03:53.854Z] [2025-11-25T17:03:53.856Z] [INDEXING-ORCHESTRATOR] [DEBUG] ✅ Chunk symbols after filtering: 1 symbols - hashPassword
[2025-11-25T17:03:53.854Z] [2025-11-25T17:03:53.856Z] [INDEXING-ORCHESTRATOR] [DEBUG] 📍 Chunk 151-262: 1 candidate symbols
[2025-11-25T17:03:53.854Z] [2025-11-25T17:03:53.856Z] [INDEXING-ORCHESTRATOR] [DEBUG] ✅ Chunk symbols after filtering: 1 symbols - createUser
[2025-11-25T17:03:53.854Z] [2025-11-25T17:03:53.856Z] [INDEXING-ORCHESTRATOR] [DEBUG] 📍 Chunk 268-281: 1 candidate symbols
[2025-11-25T17:03:53.854Z] [2025-11-25T17:03:53.856Z] [INDEXING-ORCHESTRATOR] [DEBUG] ✅ Chunk symbols after filtering: 1 symbols - clearModelCache
[2025-11-25T17:03:53.854Z] [2025-11-25T17:03:53.856Z] [INDEXING-ORCHESTRATOR] [DEBUG] 📍 Chunk 287-356: 1 candidate symbols
[2025-11-25T17:03:53.854Z] [2025-11-25T17:03:53.856Z] [INDEXING-ORCHESTRATOR] [DEBUG] ✅ Chunk symbols after filtering: 1 symbols - seedUsers
[2025-11-25T17:03:53.854Z] [2025-11-25T17:03:53.856Z] [INDEXING-ORCHESTRATOR] [DEBUG] 📍 Chunk 362-402: 1 candidate symbols
[2025-11-25T17:03:53.854Z] [2025-11-25T17:03:53.856Z] [INDEXING-ORCHESTRATOR] [DEBUG] ✅ Chunk symbols after filtering: 1 symbols - resetSeededUsers
[2025-11-25T17:03:53.854Z] [2025-11-25T17:03:53.856Z] [INDEXING-ORCHESTRATOR] [DEBUG] Created 10 semantic chunks for c:\Projects\educatedplanet\dataservice\src\seeder\userseeder.ts
[2025-11-25T17:03:53.854Z] [2025-11-25T17:03:53.856Z] [INDEXING-ORCHESTRATOR] [DEBUG] Average chunk size: 1202 characters
[2025-11-25T17:03:53.898Z] [2025-11-25T17:03:53.900Z] [TREESITTER-CHUNKER] [INFO] Created 5 semantic chunks from c:\Projects\educatedplanet\dataservice\src\seeder\subjectseeder.ts
[2025-11-25T17:03:53.993Z] [2025-11-25T17:03:53.994Z] [TREESITTER-FULL] [INFO] Extracted 5 symbols from c:\Projects\educatedplanet\dataservice\src\seeder\subjectseeder.ts
[2025-11-25T17:03:53.993Z] [2025-11-25T17:03:53.995Z] [INDEXING-ORCHESTRATOR] [DEBUG] 🔍 Symbol extraction for c:\Projects\educatedplanet\dataservice\src\seeder\subjectseeder.ts: 5 symbols, 2 imports
[2025-11-25T17:03:53.993Z] [2025-11-25T17:03:53.995Z] [INDEXING-ORCHESTRATOR] [DEBUG] 📍 Chunk 4-27: 1 candidate symbols
[2025-11-25T17:03:53.993Z] [2025-11-25T17:03:53.995Z] [INDEXING-ORCHESTRATOR] [DEBUG] ✅ Chunk symbols after filtering: 1 symbols - SubjectSeedData
[2025-11-25T17:03:53.993Z] [2025-11-25T17:03:53.995Z] [INDEXING-ORCHESTRATOR] [DEBUG] 📍 Chunk 552-569: 1 candidate symbols
[2025-11-25T17:03:53.993Z] [2025-11-25T17:03:53.995Z] [INDEXING-ORCHESTRATOR] [DEBUG] ✅ Chunk symbols after filtering: 1 symbols - getClassIdsFromCodes
[2025-11-25T17:03:53.993Z] [2025-11-25T17:03:53.995Z] [INDEXING-ORCHESTRATOR] [DEBUG] 📍 Chunk 572-612: 1 candidate symbols
[2025-11-25T17:03:53.993Z] [2025-11-25T17:03:53.995Z] [INDEXING-ORCHESTRATOR] [DEBUG] ✅ Chunk symbols after filtering: 1 symbols - seedSubjects
[2025-11-25T17:03:53.993Z] [2025-11-25T17:03:53.995Z] [INDEXING-ORCHESTRATOR] [DEBUG] 📍 Chunk 615-634: 1 candidate symbols
[2025-11-25T17:03:53.993Z] [2025-11-25T17:03:53.995Z] [INDEXING-ORCHESTRATOR] [DEBUG] ✅ Chunk symbols after filtering: 1 symbols - clearSubjects
[2025-11-25T17:03:53.993Z] [2025-11-25T17:03:53.995Z] [INDEXING-ORCHESTRATOR] [DEBUG] 📍 Chunk 635-637: 0 candidate symbols
[2025-11-25T17:03:53.993Z] [2025-11-25T17:03:53.995Z] [INDEXING-ORCHESTRATOR] [DEBUG] ✅ Chunk symbols after filtering: 0 symbols - 
[2025-11-25T17:03:53.993Z] [2025-11-25T17:03:53.995Z] [INDEXING-ORCHESTRATOR] [DEBUG] Created 5 semantic chunks for c:\Projects\educatedplanet\dataservice\src\seeder\subjectseeder.ts
[2025-11-25T17:03:53.993Z] [2025-11-25T17:03:53.995Z] [INDEXING-ORCHESTRATOR] [DEBUG] Average chunk size: 660 characters
[2025-11-25T17:03:54.016Z] [2025-11-25T17:03:54.018Z] [TREESITTER-CHUNKER] [INFO] Created 4 semantic chunks from c:\Projects\educatedplanet\dataservice\src\seeder\classseeder.ts
[2025-11-25T17:03:54.053Z] [2025-11-25T17:03:54.054Z] [TREESITTER-FULL] [INFO] Extracted 4 symbols from c:\Projects\educatedplanet\dataservice\src\seeder\classseeder.ts
[2025-11-25T17:03:54.053Z] [2025-11-25T17:03:54.054Z] [INDEXING-ORCHESTRATOR] [DEBUG] 🔍 Symbol extraction for c:\Projects\educatedplanet\dataservice\src\seeder\classseeder.ts: 4 symbols, 2 imports
[2025-11-25T17:03:54.053Z] [2025-11-25T17:03:54.054Z] [INDEXING-ORCHESTRATOR] [DEBUG] 📍 Chunk 4-17: 1 candidate symbols
[2025-11-25T17:03:54.053Z] [2025-11-25T17:03:54.054Z] [INDEXING-ORCHESTRATOR] [DEBUG] ✅ Chunk symbols after filtering: 1 symbols - ClassSeedData
[2025-11-25T17:03:54.053Z] [2025-11-25T17:03:54.054Z] [INDEXING-ORCHESTRATOR] [DEBUG] 📍 Chunk 319-355: 1 candidate symbols
[2025-11-25T17:03:54.053Z] [2025-11-25T17:03:54.054Z] [INDEXING-ORCHESTRATOR] [DEBUG] ✅ Chunk symbols after filtering: 1 symbols - seedClasses
[2025-11-25T17:03:54.053Z] [2025-11-25T17:03:54.054Z] [INDEXING-ORCHESTRATOR] [DEBUG] 📍 Chunk 358-378: 1 candidate symbols
[2025-11-25T17:03:54.053Z] [2025-11-25T17:03:54.054Z] [INDEXING-ORCHESTRATOR] [DEBUG] ✅ Chunk symbols after filtering: 1 symbols - clearClasses
[2025-11-25T17:03:54.053Z] [2025-11-25T17:03:54.054Z] [INDEXING-ORCHESTRATOR] [DEBUG] 📍 Chunk 379-381: 0 candidate symbols
[2025-11-25T17:03:54.053Z] [2025-11-25T17:03:54.054Z] [INDEXING-ORCHESTRATOR] [DEBUG] ✅ Chunk symbols after filtering: 0 symbols - 
[2025-11-25T17:03:54.053Z] [2025-11-25T17:03:54.054Z] [INDEXING-ORCHESTRATOR] [DEBUG] Created 4 semantic chunks for c:\Projects\educatedplanet\dataservice\src\seeder\classseeder.ts
[2025-11-25T17:03:54.053Z] [2025-11-25T17:03:54.054Z] [INDEXING-ORCHESTRATOR] [DEBUG] Average chunk size: 564 characters
[2025-11-25T17:03:54.061Z] [2025-11-25T17:03:54.062Z] [TREESITTER-CHUNKER] [INFO] Created 4 semantic chunks from c:\Projects\educatedplanet\dataservice\src\services\auth.service.ts
[2025-11-25T17:03:54.088Z] [2025-11-25T17:03:54.089Z] [TREESITTER-FULL] [INFO] Extracted 7 symbols from c:\Projects\educatedplanet\dataservice\src\services\auth.service.ts
[2025-11-25T17:03:54.088Z] [2025-11-25T17:03:54.089Z] [INDEXING-ORCHESTRATOR] [DEBUG] 🔍 Symbol extraction for c:\Projects\educatedplanet\dataservice\src\services\auth.service.ts: 7 symbols, 4 imports
[2025-11-25T17:03:54.088Z] [2025-11-25T17:03:54.089Z] [INDEXING-ORCHESTRATOR] [DEBUG] 📍 Chunk 11-44: 3 candidate symbols
[2025-11-25T17:03:54.088Z] [2025-11-25T17:03:54.089Z] [INDEXING-ORCHESTRATOR] [DEBUG] ✅ Chunk symbols after filtering: 3 symbols - ensureDbInitialized, AuthSession, UserSessionResponse
[2025-11-25T17:03:54.088Z] [2025-11-25T17:03:54.089Z] [INDEXING-ORCHESTRATOR] [DEBUG] 📍 Chunk 49-115: 1 candidate symbols
[2025-11-25T17:03:54.088Z] [2025-11-25T17:03:54.089Z] [INDEXING-ORCHESTRATOR] [DEBUG] ✅ Chunk symbols after filtering: 1 symbols - authenticateUser
[2025-11-25T17:03:54.088Z] [2025-11-25T17:03:54.089Z] [INDEXING-ORCHESTRATOR] [DEBUG] 📍 Chunk 120-164: 1 candidate symbols
[2025-11-25T17:03:54.088Z] [2025-11-25T17:03:54.089Z] [INDEXING-ORCHESTRATOR] [DEBUG] ✅ Chunk symbols after filtering: 1 symbols - validateSession
[2025-11-25T17:03:54.088Z] [2025-11-25T17:03:54.089Z] [INDEXING-ORCHESTRATOR] [DEBUG] 📍 Chunk 169-210: 2 candidate symbols
[2025-11-25T17:03:54.088Z] [2025-11-25T17:03:54.089Z] [INDEXING-ORCHESTRATOR] [DEBUG] ✅ Chunk symbols after filtering: 2 symbols - invalidateSession, userExists
[2025-11-25T17:03:54.088Z] [2025-11-25T17:03:54.089Z] [INDEXING-ORCHESTRATOR] [DEBUG] Created 4 semantic chunks for c:\Projects\educatedplanet\dataservice\src\services\auth.service.ts
[2025-11-25T17:03:54.088Z] [2025-11-25T17:03:54.089Z] [INDEXING-ORCHESTRATOR] [DEBUG] Average chunk size: 1276 characters
[2025-11-25T17:03:54.091Z] [2025-11-25T17:03:54.092Z] [TREESITTER-CHUNKER] [INFO] 🔍 Found class: unknown (360 lines)
[2025-11-25T17:03:54.091Z] [2025-11-25T17:03:54.092Z] [TREESITTER-CHUNKER] [INFO] 📤 Splitting large class: unknown (360 lines > 150)
[2025-11-25T17:03:54.091Z] [2025-11-25T17:03:54.092Z] [TREESITTER-CHUNKER] [INFO] 🔧 Extracting methods from large class with 2 children
[2025-11-25T17:03:54.091Z] [2025-11-25T17:03:54.093Z] [TREESITTER-CHUNKER] [INFO] 🔍 Checking 40 nodes for methods (using class_body)
[2025-11-25T17:03:54.091Z] [2025-11-25T17:03:54.093Z] [TREESITTER-CHUNKER] [INFO]    Child type: comment at lines 22-24
[2025-11-25T17:03:54.091Z] [2025-11-25T17:03:54.093Z] [TREESITTER-CHUNKER] [INFO]    Child type: method_definition at lines 25-32
[2025-11-25T17:03:54.091Z] [2025-11-25T17:03:54.093Z] [TREESITTER-CHUNKER] [INFO]    🎯 Found method: unknown (8 lines, 219 chars)
[2025-11-25T17:03:54.091Z] [2025-11-25T17:03:54.093Z] [TREESITTER-CHUNKER] [INFO]    ✅ Added method chunk: unknown
[2025-11-25T17:03:54.091Z] [2025-11-25T17:03:54.093Z] [TREESITTER-CHUNKER] [INFO]    Child type: comment at lines 34-36
[2025-11-25T17:03:54.091Z] [2025-11-25T17:03:54.093Z] [TREESITTER-CHUNKER] [INFO]    Child type: method_definition at lines 37-39
[2025-11-25T17:03:54.091Z] [2025-11-25T17:03:54.093Z] [TREESITTER-CHUNKER] [INFO]    🎯 Found method: unknown (3 lines, 119 chars)
[2025-11-25T17:03:54.091Z] [2025-11-25T17:03:54.093Z] [TREESITTER-CHUNKER] [INFO]    ✅ Added method chunk: unknown
[2025-11-25T17:03:54.091Z] [2025-11-25T17:03:54.093Z] [TREESITTER-CHUNKER] [INFO]    Child type: comment at lines 41-43
[2025-11-25T17:03:54.091Z] [2025-11-25T17:03:54.093Z] [TREESITTER-CHUNKER] [INFO]    Child type: method_definition at lines 44-46
[2025-11-25T17:03:54.091Z] [2025-11-25T17:03:54.093Z] [TREESITTER-CHUNKER] [INFO]    🎯 Found method: unknown (3 lines, 129 chars)
[2025-11-25T17:03:54.091Z] [2025-11-25T17:03:54.093Z] [TREESITTER-CHUNKER] [INFO]    ✅ Added method chunk: unknown
[2025-11-25T17:03:54.091Z] [2025-11-25T17:03:54.093Z] [TREESITTER-CHUNKER] [INFO]    Child type: comment at lines 48-50
[2025-11-25T17:03:54.091Z] [2025-11-25T17:03:54.093Z] [TREESITTER-CHUNKER] [INFO]    Child type: method_definition at lines 51-53
[2025-11-25T17:03:54.091Z] [2025-11-25T17:03:54.093Z] [TREESITTER-CHUNKER] [INFO]    🎯 Found method: unknown (3 lines, 139 chars)
[2025-11-25T17:03:54.091Z] [2025-11-25T17:03:54.093Z] [TREESITTER-CHUNKER] [INFO]    ✅ Added method chunk: unknown
[2025-11-25T17:03:54.091Z] [2025-11-25T17:03:54.093Z] [TREESITTER-CHUNKER] [INFO]    Child type: comment at lines 55-57
[2025-11-25T17:03:54.091Z] [2025-11-25T17:03:54.093Z] [TREESITTER-CHUNKER] [INFO]    Child type: method_definition at lines 58-85
[2025-11-25T17:03:54.091Z] [2025-11-25T17:03:54.093Z] [TREESITTER-CHUNKER] [INFO]    🎯 Found method: unknown (28 lines, 788 chars)
[2025-11-25T17:03:54.091Z] [2025-11-25T17:03:54.093Z] [TREESITTER-CHUNKER] [INFO]    ✅ Added method chunk: unknown
[2025-11-25T17:03:54.091Z] [2025-11-25T17:03:54.093Z] [TREESITTER-CHUNKER] [INFO]    Child type: comment at lines 87-89
[2025-11-25T17:03:54.092Z] [2025-11-25T17:03:54.093Z] [TREESITTER-CHUNKER] [INFO]    Child type: method_definition at lines 90-109
[2025-11-25T17:03:54.092Z] [2025-11-25T17:03:54.093Z] [TREESITTER-CHUNKER] [INFO]    🎯 Found method: unknown (20 lines, 552 chars)
[2025-11-25T17:03:54.092Z] [2025-11-25T17:03:54.093Z] [TREESITTER-CHUNKER] [INFO]    ✅ Added method chunk: unknown
[2025-11-25T17:03:54.092Z] [2025-11-25T17:03:54.093Z] [TREESITTER-CHUNKER] [INFO]    Child type: comment at lines 111-113
[2025-11-25T17:03:54.092Z] [2025-11-25T17:03:54.093Z] [TREESITTER-CHUNKER] [INFO]    Child type: method_definition at lines 114-134
[2025-11-25T17:03:54.092Z] [2025-11-25T17:03:54.093Z] [TREESITTER-CHUNKER] [INFO]    🎯 Found method: unknown (21 lines, 582 chars)
[2025-11-25T17:03:54.092Z] [2025-11-25T17:03:54.093Z] [TREESITTER-CHUNKER] [INFO]    ✅ Added method chunk: unknown
[2025-11-25T17:03:54.092Z] [2025-11-25T17:03:54.093Z] [TREESITTER-CHUNKER] [INFO]    Child type: comment at lines 136-138
[2025-11-25T17:03:54.092Z] [2025-11-25T17:03:54.093Z] [TREESITTER-CHUNKER] [INFO]    Child type: method_definition at lines 139-159
[2025-11-25T17:03:54.092Z] [2025-11-25T17:03:54.093Z] [TREESITTER-CHUNKER] [INFO]    🎯 Found method: unknown (21 lines, 572 chars)
[2025-11-25T17:03:54.092Z] [2025-11-25T17:03:54.093Z] [TREESITTER-CHUNKER] [INFO]    ✅ Added method chunk: unknown
[2025-11-25T17:03:54.092Z] [2025-11-25T17:03:54.093Z] [TREESITTER-CHUNKER] [INFO]    Child type: comment at lines 161-163
[2025-11-25T17:03:54.092Z] [2025-11-25T17:03:54.093Z] [TREESITTER-CHUNKER] [INFO]    Child type: method_definition at lines 164-181
[2025-11-25T17:03:54.092Z] [2025-11-25T17:03:54.094Z] [TREESITTER-CHUNKER] [INFO]    🎯 Found method: unknown (18 lines, 462 chars)
[2025-11-25T17:03:54.092Z] [2025-11-25T17:03:54.094Z] [TREESITTER-CHUNKER] [INFO]    ✅ Added method chunk: unknown
[2025-11-25T17:03:54.092Z] [2025-11-25T17:03:54.094Z] [TREESITTER-CHUNKER] [INFO]    Child type: comment at lines 183-185
[2025-11-25T17:03:54.092Z] [2025-11-25T17:03:54.094Z] [TREESITTER-CHUNKER] [INFO]    Child type: method_definition at lines 186-189
[2025-11-25T17:03:54.092Z] [2025-11-25T17:03:54.094Z] [TREESITTER-CHUNKER] [INFO]    🎯 Found method: unknown (4 lines, 237 chars)
[2025-11-25T17:03:54.092Z] [2025-11-25T17:03:54.094Z] [TREESITTER-CHUNKER] [INFO]    ✅ Added method chunk: unknown
[2025-11-25T17:03:54.092Z] [2025-11-25T17:03:54.094Z] [TREESITTER-CHUNKER] [INFO]    Child type: comment at lines 191-193
[2025-11-25T17:03:54.092Z] [2025-11-25T17:03:54.094Z] [TREESITTER-CHUNKER] [INFO]    Child type: method_definition at lines 194-196
[2025-11-25T17:03:54.092Z] [2025-11-25T17:03:54.094Z] [TREESITTER-CHUNKER] [INFO]    🎯 Found method: unknown (3 lines, 125 chars)
[2025-11-25T17:03:54.092Z] [2025-11-25T17:03:54.094Z] [TREESITTER-CHUNKER] [INFO]    ✅ Added method chunk: unknown
[2025-11-25T17:03:54.092Z] [2025-11-25T17:03:54.094Z] [TREESITTER-CHUNKER] [INFO]    Child type: comment at lines 198-200
[2025-11-25T17:03:54.092Z] [2025-11-25T17:03:54.094Z] [TREESITTER-CHUNKER] [INFO]    Child type: method_definition at lines 201-212
[2025-11-25T17:03:54.092Z] [2025-11-25T17:03:54.094Z] [TREESITTER-CHUNKER] [INFO]    🎯 Found method: unknown (12 lines, 275 chars)
[2025-11-25T17:03:54.092Z] [2025-11-25T17:03:54.094Z] [TREESITTER-CHUNKER] [INFO]    ✅ Added method chunk: unknown
[2025-11-25T17:03:54.092Z] [2025-11-25T17:03:54.094Z] [TREESITTER-CHUNKER] [INFO]    Child type: comment at lines 214-216
[2025-11-25T17:03:54.093Z] [2025-11-25T17:03:54.094Z] [TREESITTER-CHUNKER] [INFO]    Child type: method_definition at lines 217-253
[2025-11-25T17:03:54.093Z] [2025-11-25T17:03:54.094Z] [TREESITTER-CHUNKER] [INFO]    🎯 Found method: unknown (37 lines, 953 chars)
[2025-11-25T17:03:54.093Z] [2025-11-25T17:03:54.094Z] [TREESITTER-CHUNKER] [INFO]    ✅ Added method chunk: unknown
[2025-11-25T17:03:54.093Z] [2025-11-25T17:03:54.094Z] [TREESITTER-CHUNKER] [INFO]    Child type: comment at lines 255-257
[2025-11-25T17:03:54.093Z] [2025-11-25T17:03:54.094Z] [TREESITTER-CHUNKER] [INFO]    Child type: method_definition at lines 258-260
[2025-11-25T17:03:54.093Z] [2025-11-25T17:03:54.094Z] [TREESITTER-CHUNKER] [INFO]    🎯 Found method: unknown (3 lines, 158 chars)
[2025-11-25T17:03:54.093Z] [2025-11-25T17:03:54.094Z] [TREESITTER-CHUNKER] [INFO]    ✅ Added method chunk: unknown
[2025-11-25T17:03:54.093Z] [2025-11-25T17:03:54.094Z] [TREESITTER-CHUNKER] [INFO]    Child type: comment at lines 262-264
[2025-11-25T17:03:54.093Z] [2025-11-25T17:03:54.094Z] [TREESITTER-CHUNKER] [INFO]    Child type: method_definition at lines 265-267
[2025-11-25T17:03:54.093Z] [2025-11-25T17:03:54.094Z] [TREESITTER-CHUNKER] [INFO]    🎯 Found method: unknown (3 lines, 119 chars)
[2025-11-25T17:03:54.093Z] [2025-11-25T17:03:54.094Z] [TREESITTER-CHUNKER] [INFO]    ✅ Added method chunk: unknown
[2025-11-25T17:03:54.093Z] [2025-11-25T17:03:54.094Z] [TREESITTER-CHUNKER] [INFO]    Child type: comment at lines 269-271
[2025-11-25T17:03:54.093Z] [2025-11-25T17:03:54.094Z] [TREESITTER-CHUNKER] [INFO]    Child type: method_definition at lines 272-277
[2025-11-25T17:03:54.093Z] [2025-11-25T17:03:54.094Z] [TREESITTER-CHUNKER] [INFO]    🎯 Found method: unknown (6 lines, 187 chars)
[2025-11-25T17:03:54.093Z] [2025-11-25T17:03:54.094Z] [TREESITTER-CHUNKER] [INFO]    ✅ Added method chunk: unknown
[2025-11-25T17:03:54.093Z] [2025-11-25T17:03:54.094Z] [TREESITTER-CHUNKER] [INFO]    Child type: method_definition at lines 279-284
[2025-11-25T17:03:54.093Z] [2025-11-25T17:03:54.095Z] [TREESITTER-CHUNKER] [INFO]    🎯 Found method: unknown (6 lines, 187 chars)
[2025-11-25T17:03:54.093Z] [2025-11-25T17:03:54.095Z] [TREESITTER-CHUNKER] [INFO]    ✅ Added method chunk: unknown
[2025-11-25T17:03:54.093Z] [2025-11-25T17:03:54.095Z] [TREESITTER-CHUNKER] [INFO]    Child type: method_definition at lines 286-294
[2025-11-25T17:03:54.093Z] [2025-11-25T17:03:54.095Z] [TREESITTER-CHUNKER] [INFO]    🎯 Found method: unknown (9 lines, 250 chars)
[2025-11-25T17:03:54.093Z] [2025-11-25T17:03:54.095Z] [TREESITTER-CHUNKER] [INFO]    ✅ Added method chunk: unknown
[2025-11-25T17:03:54.093Z] [2025-11-25T17:03:54.095Z] [TREESITTER-CHUNKER] [INFO]    Child type: comment at lines 296-298
[2025-11-25T17:03:54.093Z] [2025-11-25T17:03:54.095Z] [TREESITTER-CHUNKER] [INFO]    Child type: method_definition at lines 299-310
[2025-11-25T17:03:54.093Z] [2025-11-25T17:03:54.095Z] [TREESITTER-CHUNKER] [INFO]    🎯 Found method: unknown (12 lines, 409 chars)
[2025-11-25T17:03:54.093Z] [2025-11-25T17:03:54.095Z] [TREESITTER-CHUNKER] [INFO]    ✅ Added method chunk: unknown
[2025-11-25T17:03:54.093Z] [2025-11-25T17:03:54.095Z] [TREESITTER-CHUNKER] [INFO]    Child type: comment at lines 312-314
[2025-11-25T17:03:54.093Z] [2025-11-25T17:03:54.095Z] [TREESITTER-CHUNKER] [INFO]    Child type: method_definition at lines 315-333
[2025-11-25T17:03:54.093Z] [2025-11-25T17:03:54.095Z] [TREESITTER-CHUNKER] [INFO]    🎯 Found method: unknown (19 lines, 493 chars)
[2025-11-25T17:03:54.093Z] [2025-11-25T17:03:54.095Z] [TREESITTER-CHUNKER] [INFO]    ✅ Added method chunk: unknown
[2025-11-25T17:03:54.093Z] [2025-11-25T17:03:54.095Z] [TREESITTER-CHUNKER] [INFO]    Child type: comment at lines 335-337
[2025-11-25T17:03:54.093Z] [2025-11-25T17:03:54.095Z] [TREESITTER-CHUNKER] [INFO]    Child type: method_definition at lines 338-379
[2025-11-25T17:03:54.093Z] [2025-11-25T17:03:54.095Z] [TREESITTER-CHUNKER] [INFO]    🎯 Found method: unknown (42 lines, 1125 chars)
[2025-11-25T17:03:54.093Z] [2025-11-25T17:03:54.095Z] [TREESITTER-CHUNKER] [INFO]    ✅ Added method chunk: unknown
[2025-11-25T17:03:54.093Z] [2025-11-25T17:03:54.095Z] [TREESITTER-CHUNKER] [INFO] 🏁 Extracted 21 methods from large class
[2025-11-25T17:03:54.102Z] [2025-11-25T17:03:54.104Z] [TREESITTER-CHUNKER] [INFO] Created 8 semantic chunks from c:\Projects\educatedplanet\dataservice\src\services\admin-tutor.service.ts
[2025-11-25T17:03:54.148Z] [2025-11-25T17:03:54.150Z] [TREESITTER-FULL] [INFO] Extracted 1 symbols from c:\Projects\educatedplanet\dataservice\src\services\admin-tutor.service.ts
[2025-11-25T17:03:54.148Z] [2025-11-25T17:03:54.150Z] [INDEXING-ORCHESTRATOR] [DEBUG] 🔍 Symbol extraction for c:\Projects\educatedplanet\dataservice\src\services\admin-tutor.service.ts: 1 symbols, 4 imports
[2025-11-25T17:03:54.148Z] [2025-11-25T17:03:54.150Z] [INDEXING-ORCHESTRATOR] [DEBUG] 📍 Chunk 21-53: 0 candidate symbols
[2025-11-25T17:03:54.148Z] [2025-11-25T17:03:54.150Z] [INDEXING-ORCHESTRATOR] [DEBUG] ✅ Chunk symbols after filtering: 0 symbols - 
[2025-11-25T17:03:54.149Z] [2025-11-25T17:03:54.150Z] [INDEXING-ORCHESTRATOR] [DEBUG] 📍 Chunk 58-109: 0 candidate symbols
[2025-11-25T17:03:54.149Z] [2025-11-25T17:03:54.150Z] [INDEXING-ORCHESTRATOR] [DEBUG] ✅ Chunk symbols after filtering: 0 symbols - 
[2025-11-25T17:03:54.149Z] [2025-11-25T17:03:54.150Z] [INDEXING-ORCHESTRATOR] [DEBUG] 📍 Chunk 114-159: 0 candidate symbols
[2025-11-25T17:03:54.149Z] [2025-11-25T17:03:54.150Z] [INDEXING-ORCHESTRATOR] [DEBUG] ✅ Chunk symbols after filtering: 0 symbols - 
[2025-11-25T17:03:54.149Z] [2025-11-25T17:03:54.150Z] [INDEXING-ORCHESTRATOR] [DEBUG] 📍 Chunk 164-212: 0 candidate symbols
[2025-11-25T17:03:54.149Z] [2025-11-25T17:03:54.150Z] [INDEXING-ORCHESTRATOR] [DEBUG] ✅ Chunk symbols after filtering: 0 symbols - 
[2025-11-25T17:03:54.149Z] [2025-11-25T17:03:54.150Z] [INDEXING-ORCHESTRATOR] [DEBUG] 📍 Chunk 217-267: 0 candidate symbols
[2025-11-25T17:03:54.149Z] [2025-11-25T17:03:54.150Z] [INDEXING-ORCHESTRATOR] [DEBUG] ✅ Chunk symbols after filtering: 0 symbols - 
[2025-11-25T17:03:54.149Z] [2025-11-25T17:03:54.150Z] [INDEXING-ORCHESTRATOR] [DEBUG] 📍 Chunk 272-310: 0 candidate symbols
[2025-11-25T17:03:54.149Z] [2025-11-25T17:03:54.150Z] [INDEXING-ORCHESTRATOR] [DEBUG] ✅ Chunk symbols after filtering: 0 symbols - 
[2025-11-25T17:03:54.149Z] [2025-11-25T17:03:54.150Z] [INDEXING-ORCHESTRATOR] [DEBUG] 📍 Chunk 315-333: 0 candidate symbols
[2025-11-25T17:03:54.149Z] [2025-11-25T17:03:54.150Z] [INDEXING-ORCHESTRATOR] [DEBUG] ✅ Chunk symbols after filtering: 0 symbols - 
[2025-11-25T17:03:54.149Z] [2025-11-25T17:03:54.150Z] [INDEXING-ORCHESTRATOR] [DEBUG] 📍 Chunk 338-379: 0 candidate symbols
[2025-11-25T17:03:54.149Z] [2025-11-25T17:03:54.150Z] [INDEXING-ORCHESTRATOR] [DEBUG] ✅ Chunk symbols after filtering: 0 symbols - 
[2025-11-25T17:03:54.149Z] [2025-11-25T17:03:54.150Z] [INDEXING-ORCHESTRATOR] [DEBUG] Created 8 semantic chunks for c:\Projects\educatedplanet\dataservice\src\services\admin-tutor.service.ts
[2025-11-25T17:03:54.149Z] [2025-11-25T17:03:54.150Z] [INDEXING-ORCHESTRATOR] [DEBUG] Average chunk size: 1091 characters
[2025-11-25T17:03:54.151Z] [2025-11-25T17:03:54.153Z] [TREESITTER-CHUNKER] [INFO] 🔍 Found class: unknown (253 lines)
[2025-11-25T17:03:54.151Z] [2025-11-25T17:03:54.153Z] [TREESITTER-CHUNKER] [INFO] 📤 Splitting large class: unknown (253 lines > 150)
[2025-11-25T17:03:54.151Z] [2025-11-25T17:03:54.153Z] [TREESITTER-CHUNKER] [INFO] 🔧 Extracting methods from large class with 2 children
[2025-11-25T17:03:54.152Z] [2025-11-25T17:03:54.153Z] [TREESITTER-CHUNKER] [INFO] 🔍 Checking 28 nodes for methods (using class_body)
[2025-11-25T17:03:54.152Z] [2025-11-25T17:03:54.153Z] [TREESITTER-CHUNKER] [INFO]    Child type: public_field_definition at lines 15-15
[2025-11-25T17:03:54.152Z] [2025-11-25T17:03:54.153Z] [TREESITTER-CHUNKER] [INFO]    Child type: method_definition at lines 17-22
[2025-11-25T17:03:54.152Z] [2025-11-25T17:03:54.153Z] [TREESITTER-CHUNKER] [INFO]    🎯 Found method: unknown (6 lines, 144 chars)
[2025-11-25T17:03:54.152Z] [2025-11-25T17:03:54.153Z] [TREESITTER-CHUNKER] [INFO]    ✅ Added method chunk: unknown
[2025-11-25T17:03:54.152Z] [2025-11-25T17:03:54.153Z] [TREESITTER-CHUNKER] [INFO]    Child type: comment at lines 24-24
[2025-11-25T17:03:54.152Z] [2025-11-25T17:03:54.153Z] [TREESITTER-CHUNKER] [INFO]    Child type: method_definition at lines 25-40
[2025-11-25T17:03:54.152Z] [2025-11-25T17:03:54.153Z] [TREESITTER-CHUNKER] [INFO]    🎯 Found method: unknown (16 lines, 569 chars)
[2025-11-25T17:03:54.152Z] [2025-11-25T17:03:54.153Z] [TREESITTER-CHUNKER] [INFO]    ✅ Added method chunk: unknown
[2025-11-25T17:03:54.152Z] [2025-11-25T17:03:54.153Z] [TREESITTER-CHUNKER] [INFO]    Child type: comment at lines 42-42
[2025-11-25T17:03:54.152Z] [2025-11-25T17:03:54.153Z] [TREESITTER-CHUNKER] [INFO]    Child type: method_definition at lines 43-67
[2025-11-25T17:03:54.152Z] [2025-11-25T17:03:54.153Z] [TREESITTER-CHUNKER] [INFO]    🎯 Found method: unknown (25 lines, 933 chars)
[2025-11-25T17:03:54.152Z] [2025-11-25T17:03:54.153Z] [TREESITTER-CHUNKER] [INFO]    ✅ Added method chunk: unknown
[2025-11-25T17:03:54.152Z] [2025-11-25T17:03:54.154Z] [TREESITTER-CHUNKER] [INFO]    Child type: method_definition at lines 69-86
[2025-11-25T17:03:54.152Z] [2025-11-25T17:03:54.154Z] [TREESITTER-CHUNKER] [INFO]    🎯 Found method: unknown (18 lines, 623 chars)
[2025-11-25T17:03:54.152Z] [2025-11-25T17:03:54.154Z] [TREESITTER-CHUNKER] [INFO]    ✅ Added method chunk: unknown
[2025-11-25T17:03:54.152Z] [2025-11-25T17:03:54.154Z] [TREESITTER-CHUNKER] [INFO]    Child type: method_definition at lines 88-105
[2025-11-25T17:03:54.152Z] [2025-11-25T17:03:54.154Z] [TREESITTER-CHUNKER] [INFO]    🎯 Found method: unknown (18 lines, 585 chars)
[2025-11-25T17:03:54.152Z] [2025-11-25T17:03:54.154Z] [TREESITTER-CHUNKER] [INFO]    ✅ Added method chunk: unknown
[2025-11-25T17:03:54.152Z] [2025-11-25T17:03:54.154Z] [TREESITTER-CHUNKER] [INFO]    Child type: method_definition at lines 107-111
[2025-11-25T17:03:54.152Z] [2025-11-25T17:03:54.154Z] [TREESITTER-CHUNKER] [INFO]    🎯 Found method: unknown (5 lines, 199 chars)
[2025-11-25T17:03:54.152Z] [2025-11-25T17:03:54.154Z] [TREESITTER-CHUNKER] [INFO]    ✅ Added method chunk: unknown
[2025-11-25T17:03:54.152Z] [2025-11-25T17:03:54.154Z] [TREESITTER-CHUNKER] [INFO]    Child type: method_definition at lines 113-117
[2025-11-25T17:03:54.152Z] [2025-11-25T17:03:54.154Z] [TREESITTER-CHUNKER] [INFO]    🎯 Found method: unknown (5 lines, 207 chars)
[2025-11-25T17:03:54.152Z] [2025-11-25T17:03:54.154Z] [TREESITTER-CHUNKER] [INFO]    ✅ Added method chunk: unknown
[2025-11-25T17:03:54.152Z] [2025-11-25T17:03:54.154Z] [TREESITTER-CHUNKER] [INFO]    Child type: method_definition at lines 119-123
[2025-11-25T17:03:54.152Z] [2025-11-25T17:03:54.154Z] [TREESITTER-CHUNKER] [INFO]    🎯 Found method: unknown (5 lines, 220 chars)
[2025-11-25T17:03:54.152Z] [2025-11-25T17:03:54.154Z] [TREESITTER-CHUNKER] [INFO]    ✅ Added method chunk: unknown
[2025-11-25T17:03:54.152Z] [2025-11-25T17:03:54.154Z] [TREESITTER-CHUNKER] [INFO]    Child type: comment at lines 125-125
[2025-11-25T17:03:54.152Z] [2025-11-25T17:03:54.154Z] [TREESITTER-CHUNKER] [INFO]    Child type: method_definition at lines 126-146
[2025-11-25T17:03:54.152Z] [2025-11-25T17:03:54.154Z] [TREESITTER-CHUNKER] [INFO]    🎯 Found method: unknown (21 lines, 748 chars)
[2025-11-25T17:03:54.152Z] [2025-11-25T17:03:54.154Z] [TREESITTER-CHUNKER] [INFO]    ✅ Added method chunk: unknown
[2025-11-25T17:03:54.152Z] [2025-11-25T17:03:54.154Z] [TREESITTER-CHUNKER] [INFO]    Child type: method_definition at lines 148-153
[2025-11-25T17:03:54.152Z] [2025-11-25T17:03:54.154Z] [TREESITTER-CHUNKER] [INFO]    🎯 Found method: unknown (6 lines, 271 chars)
[2025-11-25T17:03:54.152Z] [2025-11-25T17:03:54.154Z] [TREESITTER-CHUNKER] [INFO]    ✅ Added method chunk: unknown
[2025-11-25T17:03:54.152Z] [2025-11-25T17:03:54.154Z] [TREESITTER-CHUNKER] [INFO]    Child type: method_definition at lines 155-173
[2025-11-25T17:03:54.152Z] [2025-11-25T17:03:54.154Z] [TREESITTER-CHUNKER] [INFO]    🎯 Found method: unknown (19 lines, 601 chars)
[2025-11-25T17:03:54.152Z] [2025-11-25T17:03:54.154Z] [TREESITTER-CHUNKER] [INFO]    ✅ Added method chunk: unknown
[2025-11-25T17:03:54.152Z] [2025-11-25T17:03:54.154Z] [TREESITTER-CHUNKER] [INFO]    Child type: method_definition at lines 175-179
[2025-11-25T17:03:54.152Z] [2025-11-25T17:03:54.154Z] [TREESITTER-CHUNKER] [INFO]    🎯 Found method: unknown (5 lines, 240 chars)
[2025-11-25T17:03:54.152Z] [2025-11-25T17:03:54.154Z] [TREESITTER-CHUNKER] [INFO]    ✅ Added method chunk: unknown
[2025-11-25T17:03:54.152Z] [2025-11-25T17:03:54.154Z] [TREESITTER-CHUNKER] [INFO]    Child type: comment at lines 181-181
[2025-11-25T17:03:54.153Z] [2025-11-25T17:03:54.154Z] [TREESITTER-CHUNKER] [INFO]    Child type: method_definition at lines 182-190
[2025-11-25T17:03:54.153Z] [2025-11-25T17:03:54.154Z] [TREESITTER-CHUNKER] [INFO]    🎯 Found method: unknown (9 lines, 301 chars)
[2025-11-25T17:03:54.153Z] [2025-11-25T17:03:54.154Z] [TREESITTER-CHUNKER] [INFO]    ✅ Added method chunk: unknown
[2025-11-25T17:03:54.153Z] [2025-11-25T17:03:54.154Z] [TREESITTER-CHUNKER] [INFO]    Child type: comment at lines 192-192
[2025-11-25T17:03:54.153Z] [2025-11-25T17:03:54.154Z] [TREESITTER-CHUNKER] [INFO]    Child type: method_definition at lines 193-196
[2025-11-25T17:03:54.153Z] [2025-11-25T17:03:54.154Z] [TREESITTER-CHUNKER] [INFO]    🎯 Found method: unknown (4 lines, 170 chars)
[2025-11-25T17:03:54.153Z] [2025-11-25T17:03:54.154Z] [TREESITTER-CHUNKER] [INFO]    ✅ Added method chunk: unknown
[2025-11-25T17:03:54.153Z] [2025-11-25T17:03:54.154Z] [TREESITTER-CHUNKER] [INFO]    Child type: method_definition at lines 198-213
[2025-11-25T17:03:54.153Z] [2025-11-25T17:03:54.154Z] [TREESITTER-CHUNKER] [INFO]    🎯 Found method: unknown (16 lines, 508 chars)
[2025-11-25T17:03:54.153Z] [2025-11-25T17:03:54.154Z] [TREESITTER-CHUNKER] [INFO]    ✅ Added method chunk: unknown
[2025-11-25T17:03:54.153Z] [2025-11-25T17:03:54.154Z] [TREESITTER-CHUNKER] [INFO]    Child type: method_definition at lines 215-234
[2025-11-25T17:03:54.153Z] [2025-11-25T17:03:54.154Z] [TREESITTER-CHUNKER] [INFO]    🎯 Found method: unknown (20 lines, 584 chars)
[2025-11-25T17:03:54.153Z] [2025-11-25T17:03:54.154Z] [TREESITTER-CHUNKER] [INFO]    ✅ Added method chunk: unknown
[2025-11-25T17:03:54.153Z] [2025-11-25T17:03:54.154Z] [TREESITTER-CHUNKER] [INFO]    Child type: comment at lines 236-236
[2025-11-25T17:03:54.153Z] [2025-11-25T17:03:54.154Z] [TREESITTER-CHUNKER] [INFO]    Child type: method_definition at lines 237-252
[2025-11-25T17:03:54.153Z] [2025-11-25T17:03:54.154Z] [TREESITTER-CHUNKER] [INFO]    🎯 Found method: unknown (16 lines, 501 chars)
[2025-11-25T17:03:54.153Z] [2025-11-25T17:03:54.155Z] [TREESITTER-CHUNKER] [INFO]    ✅ Added method chunk: unknown
[2025-11-25T17:03:54.153Z] [2025-11-25T17:03:54.155Z] [TREESITTER-CHUNKER] [INFO]    Child type: comment at lines 254-254
[2025-11-25T17:03:54.153Z] [2025-11-25T17:03:54.155Z] [TREESITTER-CHUNKER] [INFO]    Child type: method_definition at lines 255-259
[2025-11-25T17:03:54.153Z] [2025-11-25T17:03:54.155Z] [TREESITTER-CHUNKER] [INFO]    🎯 Found method: unknown (5 lines, 229 chars)
[2025-11-25T17:03:54.153Z] [2025-11-25T17:03:54.155Z] [TREESITTER-CHUNKER] [INFO]    ✅ Added method chunk: unknown
[2025-11-25T17:03:54.153Z] [2025-11-25T17:03:54.155Z] [TREESITTER-CHUNKER] [INFO]    Child type: comment at lines 261-261
[2025-11-25T17:03:54.153Z] [2025-11-25T17:03:54.155Z] [TREESITTER-CHUNKER] [INFO]    Child type: method_definition at lines 262-265
[2025-11-25T17:03:54.153Z] [2025-11-25T17:03:54.155Z] [TREESITTER-CHUNKER] [INFO]    🎯 Found method: unknown (4 lines, 162 chars)
[2025-11-25T17:03:54.153Z] [2025-11-25T17:03:54.155Z] [TREESITTER-CHUNKER] [INFO]    ✅ Added method chunk: unknown
[2025-11-25T17:03:54.153Z] [2025-11-25T17:03:54.155Z] [TREESITTER-CHUNKER] [INFO] 🏁 Extracted 19 methods from large class
[2025-11-25T17:03:54.170Z] [2025-11-25T17:03:54.172Z] [TREESITTER-CHUNKER] [INFO] Created 8 semantic chunks from c:\Projects\educatedplanet\dataservice\src\services\class.service.ts
[2025-11-25T17:03:54.221Z] [2025-11-25T17:03:54.222Z] [TREESITTER-FULL] [INFO] Extracted 2 symbols from c:\Projects\educatedplanet\dataservice\src\services\class.service.ts
[2025-11-25T17:03:54.221Z] [2025-11-25T17:03:54.222Z] [INDEXING-ORCHESTRATOR] [DEBUG] 🔍 Symbol extraction for c:\Projects\educatedplanet\dataservice\src\services\class.service.ts: 2 symbols, 3 imports
[2025-11-25T17:03:54.221Z] [2025-11-25T17:03:54.222Z] [INDEXING-ORCHESTRATOR] [DEBUG] 📍 Chunk 14-40: 0 candidate symbols
[2025-11-25T17:03:54.221Z] [2025-11-25T17:03:54.222Z] [INDEXING-ORCHESTRATOR] [DEBUG] ✅ Chunk symbols after filtering: 0 symbols - 
[2025-11-25T17:03:54.221Z] [2025-11-25T17:03:54.222Z] [INDEXING-ORCHESTRATOR] [DEBUG] 📍 Chunk 43-67: 0 candidate symbols
[2025-11-25T17:03:54.221Z] [2025-11-25T17:03:54.222Z] [INDEXING-ORCHESTRATOR] [DEBUG] ✅ Chunk symbols after filtering: 0 symbols - 
[2025-11-25T17:03:54.221Z] [2025-11-25T17:03:54.222Z] [INDEXING-ORCHESTRATOR] [DEBUG] 📍 Chunk 69-111: 0 candidate symbols
[2025-11-25T17:03:54.221Z] [2025-11-25T17:03:54.223Z] [INDEXING-ORCHESTRATOR] [DEBUG] ✅ Chunk symbols after filtering: 0 symbols - 
[2025-11-25T17:03:54.221Z] [2025-11-25T17:03:54.223Z] [INDEXING-ORCHESTRATOR] [DEBUG] 📍 Chunk 113-153: 0 candidate symbols
[2025-11-25T17:03:54.221Z] [2025-11-25T17:03:54.223Z] [INDEXING-ORCHESTRATOR] [DEBUG] ✅ Chunk symbols after filtering: 0 symbols - 
[2025-11-25T17:03:54.221Z] [2025-11-25T17:03:54.223Z] [INDEXING-ORCHESTRATOR] [DEBUG] 📍 Chunk 155-196: 0 candidate symbols
[2025-11-25T17:03:54.221Z] [2025-11-25T17:03:54.223Z] [INDEXING-ORCHESTRATOR] [DEBUG] ✅ Chunk symbols after filtering: 0 symbols - 
[2025-11-25T17:03:54.221Z] [2025-11-25T17:03:54.223Z] [INDEXING-ORCHESTRATOR] [DEBUG] 📍 Chunk 198-234: 0 candidate symbols
[2025-11-25T17:03:54.221Z] [2025-11-25T17:03:54.223Z] [INDEXING-ORCHESTRATOR] [DEBUG] ✅ Chunk symbols after filtering: 0 symbols - 
[2025-11-25T17:03:54.221Z] [2025-11-25T17:03:54.223Z] [INDEXING-ORCHESTRATOR] [DEBUG] 📍 Chunk 237-265: 0 candidate symbols
[2025-11-25T17:03:54.221Z] [2025-11-25T17:03:54.223Z] [INDEXING-ORCHESTRATOR] [DEBUG] ✅ Chunk symbols after filtering: 0 symbols - 
[2025-11-25T17:03:54.221Z] [2025-11-25T17:03:54.223Z] [INDEXING-ORCHESTRATOR] [DEBUG] 📍 Chunk 266-269: 1 candidate symbols
[2025-11-25T17:03:54.221Z] [2025-11-25T17:03:54.223Z] [INDEXING-ORCHESTRATOR] [DEBUG] ✅ Chunk symbols after filtering: 1 symbols - classService
[2025-11-25T17:03:54.221Z] [2025-11-25T17:03:54.223Z] [INDEXING-ORCHESTRATOR] [DEBUG] Created 8 semantic chunks for c:\Projects\educatedplanet\dataservice\src\services\class.service.ts
[2025-11-25T17:03:54.221Z] [2025-11-25T17:03:54.223Z] [INDEXING-ORCHESTRATOR] [DEBUG] Average chunk size: 1021 characters
[2025-11-25T17:03:54.246Z] [2025-11-25T17:03:54.248Z] [TREESITTER-CHUNKER] [INFO] 🔍 Found class: unknown (213 lines)
[2025-11-25T17:03:54.246Z] [2025-11-25T17:03:54.248Z] [TREESITTER-CHUNKER] [INFO] 📤 Splitting large class: unknown (213 lines > 150)
[2025-11-25T17:03:54.246Z] [2025-11-25T17:03:54.248Z] [TREESITTER-CHUNKER] [INFO] 🔧 Extracting methods from large class with 2 children
[2025-11-25T17:03:54.247Z] [2025-11-25T17:03:54.248Z] [TREESITTER-CHUNKER] [INFO] 🔍 Checking 22 nodes for methods (using class_body)
[2025-11-25T17:03:54.247Z] [2025-11-25T17:03:54.248Z] [TREESITTER-CHUNKER] [INFO]    Child type: public_field_definition at lines 13-13
[2025-11-25T17:03:54.247Z] [2025-11-25T17:03:54.248Z] [TREESITTER-CHUNKER] [INFO]    Child type: public_field_definition at lines 14-14
[2025-11-25T17:03:54.247Z] [2025-11-25T17:03:54.248Z] [TREESITTER-CHUNKER] [INFO]    Child type: public_field_definition at lines 15-15
[2025-11-25T17:03:54.247Z] [2025-11-25T17:03:54.248Z] [TREESITTER-CHUNKER] [INFO]    Child type: public_field_definition at lines 16-16
[2025-11-25T17:03:54.247Z] [2025-11-25T17:03:54.248Z] [TREESITTER-CHUNKER] [INFO]    Child type: comment at lines 16-16
[2025-11-25T17:03:54.247Z] [2025-11-25T17:03:54.248Z] [TREESITTER-CHUNKER] [INFO]    Child type: method_definition at lines 18-18
[2025-11-25T17:03:54.247Z] [2025-11-25T17:03:54.248Z] [TREESITTER-CHUNKER] [INFO]    🎯 Found method: unknown (1 lines, 24 chars)
[2025-11-25T17:03:54.247Z] [2025-11-25T17:03:54.248Z] [TREESITTER-CHUNKER] [INFO]    ❌ Method too small: unknown (24 < 30)
[2025-11-25T17:03:54.247Z] [2025-11-25T17:03:54.248Z] [TREESITTER-CHUNKER] [INFO]    Child type: comment at lines 20-22
[2025-11-25T17:03:54.247Z] [2025-11-25T17:03:54.248Z] [TREESITTER-CHUNKER] [INFO]    Child type: method_definition at lines 23-28
[2025-11-25T17:03:54.247Z] [2025-11-25T17:03:54.248Z] [TREESITTER-CHUNKER] [INFO]    🎯 Found method: unknown (6 lines, 186 chars)
[2025-11-25T17:03:54.247Z] [2025-11-25T17:03:54.248Z] [TREESITTER-CHUNKER] [INFO]    ✅ Added method chunk: unknown
[2025-11-25T17:03:54.247Z] [2025-11-25T17:03:54.248Z] [TREESITTER-CHUNKER] [INFO]    Child type: comment at lines 30-32
[2025-11-25T17:03:54.247Z] [2025-11-25T17:03:54.248Z] [TREESITTER-CHUNKER] [INFO]    Child type: method_definition at lines 33-74
[2025-11-25T17:03:54.247Z] [2025-11-25T17:03:54.248Z] [TREESITTER-CHUNKER] [INFO]    🎯 Found method: unknown (42 lines, 1256 chars)
[2025-11-25T17:03:54.247Z] [2025-11-25T17:03:54.248Z] [TREESITTER-CHUNKER] [INFO]    ✅ Added method chunk: unknown
[2025-11-25T17:03:54.247Z] [2025-11-25T17:03:54.248Z] [TREESITTER-CHUNKER] [INFO]    Child type: comment at lines 76-78
[2025-11-25T17:03:54.247Z] [2025-11-25T17:03:54.248Z] [TREESITTER-CHUNKER] [INFO]    Child type: method_definition at lines 79-92
[2025-11-25T17:03:54.247Z] [2025-11-25T17:03:54.248Z] [TREESITTER-CHUNKER] [INFO]    🎯 Found method: unknown (14 lines, 336 chars)
[2025-11-25T17:03:54.247Z] [2025-11-25T17:03:54.248Z] [TREESITTER-CHUNKER] [INFO]    ✅ Added method chunk: unknown
[2025-11-25T17:03:54.247Z] [2025-11-25T17:03:54.248Z] [TREESITTER-CHUNKER] [INFO]    Child type: comment at lines 94-96
[2025-11-25T17:03:54.247Z] [2025-11-25T17:03:54.248Z] [TREESITTER-CHUNKER] [INFO]    Child type: method_definition at lines 97-99
[2025-11-25T17:03:54.247Z] [2025-11-25T17:03:54.248Z] [TREESITTER-CHUNKER] [INFO]    🎯 Found method: unknown (3 lines, 111 chars)
[2025-11-25T17:03:54.247Z] [2025-11-25T17:03:54.248Z] [TREESITTER-CHUNKER] [INFO]    ✅ Added method chunk: unknown
[2025-11-25T17:03:54.247Z] [2025-11-25T17:03:54.248Z] [TREESITTER-CHUNKER] [INFO]    Child type: comment at lines 101-103
[2025-11-25T17:03:54.247Z] [2025-11-25T17:03:54.248Z] [TREESITTER-CHUNKER] [INFO]    Child type: method_definition at lines 104-112
[2025-11-25T17:03:54.247Z] [2025-11-25T17:03:54.248Z] [TREESITTER-CHUNKER] [INFO]    🎯 Found method: unknown (9 lines, 252 chars)
[2025-11-25T17:03:54.247Z] [2025-11-25T17:03:54.249Z] [TREESITTER-CHUNKER] [INFO]    ✅ Added method chunk: unknown
[2025-11-25T17:03:54.247Z] [2025-11-25T17:03:54.249Z] [TREESITTER-CHUNKER] [INFO]    Child type: comment at lines 114-116
[2025-11-25T17:03:54.247Z] [2025-11-25T17:03:54.249Z] [TREESITTER-CHUNKER] [INFO]    Child type: method_definition at lines 117-141
[2025-11-25T17:03:54.247Z] [2025-11-25T17:03:54.249Z] [TREESITTER-CHUNKER] [INFO]    🎯 Found method: unknown (25 lines, 657 chars)
[2025-11-25T17:03:54.247Z] [2025-11-25T17:03:54.249Z] [TREESITTER-CHUNKER] [INFO]    ✅ Added method chunk: unknown
[2025-11-25T17:03:54.247Z] [2025-11-25T17:03:54.249Z] [TREESITTER-CHUNKER] [INFO]    Child type: comment at lines 143-145
[2025-11-25T17:03:54.247Z] [2025-11-25T17:03:54.249Z] [TREESITTER-CHUNKER] [INFO]    Child type: method_definition at lines 146-204
[2025-11-25T17:03:54.247Z] [2025-11-25T17:03:54.249Z] [TREESITTER-CHUNKER] [INFO]    🎯 Found method: unknown (59 lines, 1825 chars)
[2025-11-25T17:03:54.247Z] [2025-11-25T17:03:54.249Z] [TREESITTER-CHUNKER] [INFO]    ✅ Added method chunk: unknown
[2025-11-25T17:03:54.247Z] [2025-11-25T17:03:54.249Z] [TREESITTER-CHUNKER] [INFO]    Child type: comment at lines 206-208
[2025-11-25T17:03:54.247Z] [2025-11-25T17:03:54.249Z] [TREESITTER-CHUNKER] [INFO]    Child type: method_definition at lines 209-223
[2025-11-25T17:03:54.247Z] [2025-11-25T17:03:54.249Z] [TREESITTER-CHUNKER] [INFO]    🎯 Found method: unknown (15 lines, 414 chars)
[2025-11-25T17:03:54.247Z] [2025-11-25T17:03:54.249Z] [TREESITTER-CHUNKER] [INFO]    ✅ Added method chunk: unknown
[2025-11-25T17:03:54.247Z] [2025-11-25T17:03:54.249Z] [TREESITTER-CHUNKER] [INFO] 🏁 Extracted 8 methods from large class
[2025-11-25T17:03:54.252Z] [2025-11-25T17:03:54.253Z] [TREESITTER-CHUNKER] [INFO] Created 8 semantic chunks from c:\Projects\educatedplanet\dataservice\src\services\database.service.ts
[2025-11-25T17:03:54.275Z] [2025-11-25T17:03:54.276Z] [TREESITTER-FULL] [INFO] Extracted 3 symbols from c:\Projects\educatedplanet\dataservice\src\services\database.service.ts
[2025-11-25T17:03:54.275Z] [2025-11-25T17:03:54.276Z] [INDEXING-ORCHESTRATOR] [DEBUG] 🔍 Symbol extraction for c:\Projects\educatedplanet\dataservice\src\services\database.service.ts: 3 symbols, 1 imports
[2025-11-25T17:03:54.275Z] [2025-11-25T17:03:54.276Z] [INDEXING-ORCHESTRATOR] [DEBUG] 📍 Chunk 3-7: 1 candidate symbols
[2025-11-25T17:03:54.275Z] [2025-11-25T17:03:54.276Z] [INDEXING-ORCHESTRATOR] [DEBUG] ✅ Chunk symbols after filtering: 1 symbols - DatabaseConfig
[2025-11-25T17:03:54.275Z] [2025-11-25T17:03:54.276Z] [INDEXING-ORCHESTRATOR] [DEBUG] 📍 Chunk 12-28: 0 candidate symbols
[2025-11-25T17:03:54.275Z] [2025-11-25T17:03:54.276Z] [INDEXING-ORCHESTRATOR] [DEBUG] ✅ Chunk symbols after filtering: 0 symbols - 
[2025-11-25T17:03:54.275Z] [2025-11-25T17:03:54.276Z] [INDEXING-ORCHESTRATOR] [DEBUG] 📍 Chunk 33-74: 0 candidate symbols
[2025-11-25T17:03:54.275Z] [2025-11-25T17:03:54.276Z] [INDEXING-ORCHESTRATOR] [DEBUG] ✅ Chunk symbols after filtering: 0 symbols - 
[2025-11-25T17:03:54.275Z] [2025-11-25T17:03:54.276Z] [INDEXING-ORCHESTRATOR] [DEBUG] 📍 Chunk 79-112: 0 candidate symbols
[2025-11-25T17:03:54.275Z] [2025-11-25T17:03:54.276Z] [INDEXING-ORCHESTRATOR] [DEBUG] ✅ Chunk symbols after filtering: 0 symbols - 
[2025-11-25T17:03:54.275Z] [2025-11-25T17:03:54.276Z] [INDEXING-ORCHESTRATOR] [DEBUG] 📍 Chunk 117-141: 0 candidate symbols
[2025-11-25T17:03:54.275Z] [2025-11-25T17:03:54.276Z] [INDEXING-ORCHESTRATOR] [DEBUG] ✅ Chunk symbols after filtering: 0 symbols - 
[2025-11-25T17:03:54.275Z] [2025-11-25T17:03:54.276Z] [INDEXING-ORCHESTRATOR] [DEBUG] 📍 Chunk 146-204: 0 candidate symbols
[2025-11-25T17:03:54.275Z] [2025-11-25T17:03:54.276Z] [INDEXING-ORCHESTRATOR] [DEBUG] ✅ Chunk symbols after filtering: 0 symbols - 
[2025-11-25T17:03:54.275Z] [2025-11-25T17:03:54.276Z] [INDEXING-ORCHESTRATOR] [DEBUG] 📍 Chunk 209-223: 0 candidate symbols
[2025-11-25T17:03:54.275Z] [2025-11-25T17:03:54.276Z] [INDEXING-ORCHESTRATOR] [DEBUG] ✅ Chunk symbols after filtering: 0 symbols - 
[2025-11-25T17:03:54.275Z] [2025-11-25T17:03:54.276Z] [INDEXING-ORCHESTRATOR] [DEBUG] 📍 Chunk 224-227: 1 candidate symbols
[2025-11-25T17:03:54.275Z] [2025-11-25T17:03:54.276Z] [INDEXING-ORCHESTRATOR] [DEBUG] ✅ Chunk symbols after filtering: 1 symbols - databaseService
[2025-11-25T17:03:54.275Z] [2025-11-25T17:03:54.276Z] [INDEXING-ORCHESTRATOR] [DEBUG] Created 8 semantic chunks for c:\Projects\educatedplanet\dataservice\src\services\database.service.ts
[2025-11-25T17:03:54.275Z] [2025-11-25T17:03:54.276Z] [INDEXING-ORCHESTRATOR] [DEBUG] Average chunk size: 701 characters
[2025-11-25T17:03:54.277Z] [2025-11-25T17:03:54.279Z] [TREESITTER-CHUNKER] [INFO] 🔍 Found class: unknown (320 lines)
[2025-11-25T17:03:54.277Z] [2025-11-25T17:03:54.279Z] [TREESITTER-CHUNKER] [INFO] 📤 Splitting large class: unknown (320 lines > 150)
[2025-11-25T17:03:54.277Z] [2025-11-25T17:03:54.279Z] [TREESITTER-CHUNKER] [INFO] 🔧 Extracting methods from large class with 2 children
[2025-11-25T17:03:54.277Z] [2025-11-25T17:03:54.279Z] [TREESITTER-CHUNKER] [INFO] 🔍 Checking 46 nodes for methods (using class_body)
[2025-11-25T17:03:54.277Z] [2025-11-25T17:03:54.279Z] [TREESITTER-CHUNKER] [INFO]    Child type: public_field_definition at lines 14-14
[2025-11-25T17:03:54.277Z] [2025-11-25T17:03:54.279Z] [TREESITTER-CHUNKER] [INFO]    Child type: method_definition at lines 16-21
[2025-11-25T17:03:54.277Z] [2025-11-25T17:03:54.279Z] [TREESITTER-CHUNKER] [INFO]    🎯 Found method: unknown (6 lines, 172 chars)
[2025-11-25T17:03:54.277Z] [2025-11-25T17:03:54.279Z] [TREESITTER-CHUNKER] [INFO]    ✅ Added method chunk: unknown
[2025-11-25T17:03:54.277Z] [2025-11-25T17:03:54.279Z] [TREESITTER-CHUNKER] [INFO]    Child type: comment at lines 23-25
[2025-11-25T17:03:54.277Z] [2025-11-25T17:03:54.279Z] [TREESITTER-CHUNKER] [INFO]    Child type: method_definition at lines 26-38
[2025-11-25T17:03:54.277Z] [2025-11-25T17:03:54.279Z] [TREESITTER-CHUNKER] [INFO]    🎯 Found method: unknown (13 lines, 500 chars)
[2025-11-25T17:03:54.277Z] [2025-11-25T17:03:54.279Z] [TREESITTER-CHUNKER] [INFO]    ✅ Added method chunk: unknown
[2025-11-25T17:03:54.277Z] [2025-11-25T17:03:54.279Z] [TREESITTER-CHUNKER] [INFO]    Child type: comment at lines 39-41
[2025-11-25T17:03:54.277Z] [2025-11-25T17:03:54.279Z] [TREESITTER-CHUNKER] [INFO]    Child type: method_definition at lines 42-72
[2025-11-25T17:03:54.277Z] [2025-11-25T17:03:54.279Z] [TREESITTER-CHUNKER] [INFO]    🎯 Found method: unknown (31 lines, 955 chars)
[2025-11-25T17:03:54.277Z] [2025-11-25T17:03:54.279Z] [TREESITTER-CHUNKER] [INFO]    ✅ Added method chunk: unknown
[2025-11-25T17:03:54.277Z] [2025-11-25T17:03:54.279Z] [TREESITTER-CHUNKER] [INFO]    Child type: comment at lines 74-76
[2025-11-25T17:03:54.277Z] [2025-11-25T17:03:54.279Z] [TREESITTER-CHUNKER] [INFO]    Child type: method_definition at lines 77-82
[2025-11-25T17:03:54.278Z] [2025-11-25T17:03:54.279Z] [TREESITTER-CHUNKER] [INFO]    🎯 Found method: unknown (6 lines, 237 chars)
[2025-11-25T17:03:54.278Z] [2025-11-25T17:03:54.279Z] [TREESITTER-CHUNKER] [INFO]    ✅ Added method chunk: unknown
[2025-11-25T17:03:54.278Z] [2025-11-25T17:03:54.279Z] [TREESITTER-CHUNKER] [INFO]    Child type: comment at lines 84-86
[2025-11-25T17:03:54.278Z] [2025-11-25T17:03:54.279Z] [TREESITTER-CHUNKER] [INFO]    Child type: method_definition at lines 87-98
[2025-11-25T17:03:54.278Z] [2025-11-25T17:03:54.279Z] [TREESITTER-CHUNKER] [INFO]    🎯 Found method: unknown (12 lines, 349 chars)
[2025-11-25T17:03:54.278Z] [2025-11-25T17:03:54.279Z] [TREESITTER-CHUNKER] [INFO]    ✅ Added method chunk: unknown
[2025-11-25T17:03:54.278Z] [2025-11-25T17:03:54.279Z] [TREESITTER-CHUNKER] [INFO]    Child type: comment at lines 100-102
[2025-11-25T17:03:54.278Z] [2025-11-25T17:03:54.279Z] [TREESITTER-CHUNKER] [INFO]    Child type: method_definition at lines 103-109
[2025-11-25T17:03:54.278Z] [2025-11-25T17:03:54.279Z] [TREESITTER-CHUNKER] [INFO]    🎯 Found method: unknown (7 lines, 206 chars)
[2025-11-25T17:03:54.278Z] [2025-11-25T17:03:54.279Z] [TREESITTER-CHUNKER] [INFO]    ✅ Added method chunk: unknown
[2025-11-25T17:03:54.278Z] [2025-11-25T17:03:54.279Z] [TREESITTER-CHUNKER] [INFO]    Child type: comment at lines 111-113
[2025-11-25T17:03:54.278Z] [2025-11-25T17:03:54.279Z] [TREESITTER-CHUNKER] [INFO]    Child type: method_definition at lines 114-117
[2025-11-25T17:03:54.278Z] [2025-11-25T17:03:54.279Z] [TREESITTER-CHUNKER] [INFO]    🎯 Found method: unknown (4 lines, 207 chars)
[2025-11-25T17:03:54.278Z] [2025-11-25T17:03:54.279Z] [TREESITTER-CHUNKER] [INFO]    ✅ Added method chunk: unknown
[2025-11-25T17:03:54.278Z] [2025-11-25T17:03:54.279Z] [TREESITTER-CHUNKER] [INFO]    Child type: comment at lines 119-121
[2025-11-25T17:03:54.278Z] [2025-11-25T17:03:54.279Z] [TREESITTER-CHUNKER] [INFO]    Child type: method_definition at lines 122-129
[2025-11-25T17:03:54.278Z] [2025-11-25T17:03:54.279Z] [TREESITTER-CHUNKER] [INFO]    🎯 Found method: unknown (8 lines, 344 chars)
[2025-11-25T17:03:54.278Z] [2025-11-25T17:03:54.279Z] [TREESITTER-CHUNKER] [INFO]    ✅ Added method chunk: unknown
[2025-11-25T17:03:54.278Z] [2025-11-25T17:03:54.279Z] [TREESITTER-CHUNKER] [INFO]    Child type: comment at lines 131-133
[2025-11-25T17:03:54.278Z] [2025-11-25T17:03:54.279Z] [TREESITTER-CHUNKER] [INFO]    Child type: method_definition at lines 134-156
[2025-11-25T17:03:54.278Z] [2025-11-25T17:03:54.280Z] [TREESITTER-CHUNKER] [INFO]    🎯 Found method: unknown (23 lines, 728 chars)
[2025-11-25T17:03:54.278Z] [2025-11-25T17:03:54.280Z] [TREESITTER-CHUNKER] [INFO]    ✅ Added method chunk: unknown
[2025-11-25T17:03:54.278Z] [2025-11-25T17:03:54.280Z] [TREESITTER-CHUNKER] [INFO]    Child type: comment at lines 158-160
[2025-11-25T17:03:54.278Z] [2025-11-25T17:03:54.280Z] [TREESITTER-CHUNKER] [INFO]    Child type: method_definition at lines 161-173
[2025-11-25T17:03:54.278Z] [2025-11-25T17:03:54.280Z] [TREESITTER-CHUNKER] [INFO]    🎯 Found method: unknown (13 lines, 558 chars)
[2025-11-25T17:03:54.278Z] [2025-11-25T17:03:54.280Z] [TREESITTER-CHUNKER] [INFO]    ✅ Added method chunk: unknown
[2025-11-25T17:03:54.278Z] [2025-11-25T17:03:54.280Z] [TREESITTER-CHUNKER] [INFO]    Child type: comment at lines 175-177
[2025-11-25T17:03:54.278Z] [2025-11-25T17:03:54.280Z] [TREESITTER-CHUNKER] [INFO]    Child type: method_definition at lines 178-181
[2025-11-25T17:03:54.278Z] [2025-11-25T17:03:54.280Z] [TREESITTER-CHUNKER] [INFO]    🎯 Found method: unknown (4 lines, 238 chars)
[2025-11-25T17:03:54.278Z] [2025-11-25T17:03:54.280Z] [TREESITTER-CHUNKER] [INFO]    ✅ Added method chunk: unknown
[2025-11-25T17:03:54.278Z] [2025-11-25T17:03:54.280Z] [TREESITTER-CHUNKER] [INFO]    Child type: comment at lines 183-185
[2025-11-25T17:03:54.278Z] [2025-11-25T17:03:54.280Z] [TREESITTER-CHUNKER] [INFO]    Child type: method_definition at lines 186-189
[2025-11-25T17:03:54.278Z] [2025-11-25T17:03:54.280Z] [TREESITTER-CHUNKER] [INFO]    🎯 Found method: unknown (4 lines, 259 chars)
[2025-11-25T17:03:54.278Z] [2025-11-25T17:03:54.280Z] [TREESITTER-CHUNKER] [INFO]    ✅ Added method chunk: unknown
[2025-11-25T17:03:54.278Z] [2025-11-25T17:03:54.280Z] [TREESITTER-CHUNKER] [INFO]    Child type: comment at lines 191-193
[2025-11-25T17:03:54.278Z] [2025-11-25T17:03:54.280Z] [TREESITTER-CHUNKER] [INFO]    Child type: method_definition at lines 194-196
[2025-11-25T17:03:54.278Z] [2025-11-25T17:03:54.280Z] [TREESITTER-CHUNKER] [INFO]    🎯 Found method: unknown (3 lines, 121 chars)
[2025-11-25T17:03:54.278Z] [2025-11-25T17:03:54.280Z] [TREESITTER-CHUNKER] [INFO]    ✅ Added method chunk: unknown
[2025-11-25T17:03:54.278Z] [2025-11-25T17:03:54.280Z] [TREESITTER-CHUNKER] [INFO]    Child type: comment at lines 198-200
[2025-11-25T17:03:54.278Z] [2025-11-25T17:03:54.280Z] [TREESITTER-CHUNKER] [INFO]    Child type: method_definition at lines 201-203
[2025-11-25T17:03:54.278Z] [2025-11-25T17:03:54.280Z] [TREESITTER-CHUNKER] [INFO]    🎯 Found method: unknown (3 lines, 125 chars)
[2025-11-25T17:03:54.278Z] [2025-11-25T17:03:54.280Z] [TREESITTER-CHUNKER] [INFO]    ✅ Added method chunk: unknown
[2025-11-25T17:03:54.278Z] [2025-11-25T17:03:54.280Z] [TREESITTER-CHUNKER] [INFO]    Child type: comment at lines 205-207
[2025-11-25T17:03:54.278Z] [2025-11-25T17:03:54.280Z] [TREESITTER-CHUNKER] [INFO]    Child type: method_definition at lines 208-210
[2025-11-25T17:03:54.278Z] [2025-11-25T17:03:54.280Z] [TREESITTER-CHUNKER] [INFO]    🎯 Found method: unknown (3 lines, 129 chars)
[2025-11-25T17:03:54.278Z] [2025-11-25T17:03:54.280Z] [TREESITTER-CHUNKER] [INFO]    ✅ Added method chunk: unknown
[2025-11-25T17:03:54.278Z] [2025-11-25T17:03:54.280Z] [TREESITTER-CHUNKER] [INFO]    Child type: comment at lines 212-214
[2025-11-25T17:03:54.278Z] [2025-11-25T17:03:54.280Z] [TREESITTER-CHUNKER] [INFO]    Child type: method_definition at lines 215-228
[2025-11-25T17:03:54.278Z] [2025-11-25T17:03:54.280Z] [TREESITTER-CHUNKER] [INFO]    🎯 Found method: unknown (14 lines, 455 chars)
[2025-11-25T17:03:54.278Z] [2025-11-25T17:03:54.280Z] [TREESITTER-CHUNKER] [INFO]    ✅ Added method chunk: unknown
[2025-11-25T17:03:54.278Z] [2025-11-25T17:03:54.280Z] [TREESITTER-CHUNKER] [INFO]    Child type: comment at lines 230-232
[2025-11-25T17:03:54.278Z] [2025-11-25T17:03:54.280Z] [TREESITTER-CHUNKER] [INFO]    Child type: method_definition at lines 233-240
[2025-11-25T17:03:54.278Z] [2025-11-25T17:03:54.280Z] [TREESITTER-CHUNKER] [INFO]    🎯 Found method: unknown (8 lines, 216 chars)
[2025-11-25T17:03:54.278Z] [2025-11-25T17:03:54.280Z] [TREESITTER-CHUNKER] [INFO]    ✅ Added method chunk: unknown
[2025-11-25T17:03:54.278Z] [2025-11-25T17:03:54.280Z] [TREESITTER-CHUNKER] [INFO]    Child type: comment at lines 242-244
[2025-11-25T17:03:54.278Z] [2025-11-25T17:03:54.280Z] [TREESITTER-CHUNKER] [INFO]    Child type: method_definition at lines 245-250
[2025-11-25T17:03:54.278Z] [2025-11-25T17:03:54.280Z] [TREESITTER-CHUNKER] [INFO]    🎯 Found method: unknown (6 lines, 169 chars)
[2025-11-25T17:03:54.278Z] [2025-11-25T17:03:54.280Z] [TREESITTER-CHUNKER] [INFO]    ✅ Added method chunk: unknown
[2025-11-25T17:03:54.279Z] [2025-11-25T17:03:54.280Z] [TREESITTER-CHUNKER] [INFO]    Child type: comment at lines 252-254
[2025-11-25T17:03:54.279Z] [2025-11-25T17:03:54.280Z] [TREESITTER-CHUNKER] [INFO]    Child type: method_definition at lines 255-261
[2025-11-25T17:03:54.279Z] [2025-11-25T17:03:54.280Z] [TREESITTER-CHUNKER] [INFO]    🎯 Found method: unknown (7 lines, 248 chars)
[2025-11-25T17:03:54.279Z] [2025-11-25T17:03:54.280Z] [TREESITTER-CHUNKER] [INFO]    ✅ Added method chunk: unknown
[2025-11-25T17:03:54.279Z] [2025-11-25T17:03:54.280Z] [TREESITTER-CHUNKER] [INFO]    Child type: comment at lines 263-265
[2025-11-25T17:03:54.279Z] [2025-11-25T17:03:54.280Z] [TREESITTER-CHUNKER] [INFO]    Child type: method_definition at lines 266-283
[2025-11-25T17:03:54.279Z] [2025-11-25T17:03:54.280Z] [TREESITTER-CHUNKER] [INFO]    🎯 Found method: unknown (18 lines, 490 chars)
[2025-11-25T17:03:54.279Z] [2025-11-25T17:03:54.280Z] [TREESITTER-CHUNKER] [INFO]    ✅ Added method chunk: unknown
[2025-11-25T17:03:54.279Z] [2025-11-25T17:03:54.280Z] [TREESITTER-CHUNKER] [INFO]    Child type: comment at lines 285-287
[2025-11-25T17:03:54.279Z] [2025-11-25T17:03:54.280Z] [TREESITTER-CHUNKER] [INFO]    Child type: method_definition at lines 288-290
[2025-11-25T17:03:54.279Z] [2025-11-25T17:03:54.280Z] [TREESITTER-CHUNKER] [INFO]    🎯 Found method: unknown (3 lines, 129 chars)
[2025-11-25T17:03:54.279Z] [2025-11-25T17:03:54.280Z] [TREESITTER-CHUNKER] [INFO]    ✅ Added method chunk: unknown
[2025-11-25T17:03:54.279Z] [2025-11-25T17:03:54.280Z] [TREESITTER-CHUNKER] [INFO]    Child type: comment at lines 292-294
[2025-11-25T17:03:54.279Z] [2025-11-25T17:03:54.280Z] [TREESITTER-CHUNKER] [INFO]    Child type: method_definition at lines 295-298
[2025-11-25T17:03:54.279Z] [2025-11-25T17:03:54.280Z] [TREESITTER-CHUNKER] [INFO]    🎯 Found method: unknown (4 lines, 199 chars)
[2025-11-25T17:03:54.279Z] [2025-11-25T17:03:54.280Z] [TREESITTER-CHUNKER] [INFO]    ✅ Added method chunk: unknown
[2025-11-25T17:03:54.279Z] [2025-11-25T17:03:54.280Z] [TREESITTER-CHUNKER] [INFO]    Child type: comment at lines 300-302
[2025-11-25T17:03:54.279Z] [2025-11-25T17:03:54.280Z] [TREESITTER-CHUNKER] [INFO]    Child type: method_definition at lines 303-331
[2025-11-25T17:03:54.279Z] [2025-11-25T17:03:54.280Z] [TREESITTER-CHUNKER] [INFO]    🎯 Found method: unknown (29 lines, 965 chars)
[2025-11-25T17:03:54.279Z] [2025-11-25T17:03:54.280Z] [TREESITTER-CHUNKER] [INFO]    ✅ Added method chunk: unknown
[2025-11-25T17:03:54.279Z] [2025-11-25T17:03:54.281Z] [TREESITTER-CHUNKER] [INFO] 🏁 Extracted 23 methods from large class
[2025-11-25T17:03:54.286Z] [2025-11-25T17:03:54.288Z] [TREESITTER-CHUNKER] [INFO] Created 9 semantic chunks from c:\Projects\educatedplanet\dataservice\src\services\review.service.ts
[2025-11-25T17:03:54.321Z] [2025-11-25T17:03:54.322Z] [TREESITTER-FULL] [INFO] Extracted 2 symbols from c:\Projects\educatedplanet\dataservice\src\services\review.service.ts
[2025-11-25T17:03:54.321Z] [2025-11-25T17:03:54.322Z] [INDEXING-ORCHESTRATOR] [DEBUG] 🔍 Symbol extraction for c:\Projects\educatedplanet\dataservice\src\services\review.service.ts: 2 symbols, 3 imports
[2025-11-25T17:03:54.321Z] [2025-11-25T17:03:54.322Z] [INDEXING-ORCHESTRATOR] [DEBUG] 📍 Chunk 13-38: 0 candidate symbols
[2025-11-25T17:03:54.321Z] [2025-11-25T17:03:54.322Z] [INDEXING-ORCHESTRATOR] [DEBUG] ✅ Chunk symbols after filtering: 0 symbols - 
[2025-11-25T17:03:54.321Z] [2025-11-25T17:03:54.322Z] [INDEXING-ORCHESTRATOR] [DEBUG] 📍 Chunk 42-82: 0 candidate symbols
[2025-11-25T17:03:54.321Z] [2025-11-25T17:03:54.322Z] [INDEXING-ORCHESTRATOR] [DEBUG] ✅ Chunk symbols after filtering: 0 symbols - 
[2025-11-25T17:03:54.321Z] [2025-11-25T17:03:54.322Z] [INDEXING-ORCHESTRATOR] [DEBUG] 📍 Chunk 87-129: 0 candidate symbols
[2025-11-25T17:03:54.321Z] [2025-11-25T17:03:54.322Z] [INDEXING-ORCHESTRATOR] [DEBUG] ✅ Chunk symbols after filtering: 0 symbols - 
[2025-11-25T17:03:54.321Z] [2025-11-25T17:03:54.322Z] [INDEXING-ORCHESTRATOR] [DEBUG] 📍 Chunk 134-173: 0 candidate symbols
[2025-11-25T17:03:54.321Z] [2025-11-25T17:03:54.322Z] [INDEXING-ORCHESTRATOR] [DEBUG] ✅ Chunk symbols after filtering: 0 symbols - 
[2025-11-25T17:03:54.321Z] [2025-11-25T17:03:54.322Z] [INDEXING-ORCHESTRATOR] [DEBUG] 📍 Chunk 178-210: 0 candidate symbols
[2025-11-25T17:03:54.321Z] [2025-11-25T17:03:54.322Z] [INDEXING-ORCHESTRATOR] [DEBUG] ✅ Chunk symbols after filtering: 0 symbols - 
[2025-11-25T17:03:54.321Z] [2025-11-25T17:03:54.322Z] [INDEXING-ORCHESTRATOR] [DEBUG] 📍 Chunk 215-261: 0 candidate symbols
[2025-11-25T17:03:54.321Z] [2025-11-25T17:03:54.322Z] [INDEXING-ORCHESTRATOR] [DEBUG] ✅ Chunk symbols after filtering: 0 symbols - 
[2025-11-25T17:03:54.321Z] [2025-11-25T17:03:54.322Z] [INDEXING-ORCHESTRATOR] [DEBUG] 📍 Chunk 266-298: 0 candidate symbols
[2025-11-25T17:03:54.321Z] [2025-11-25T17:03:54.322Z] [INDEXING-ORCHESTRATOR] [DEBUG] ✅ Chunk symbols after filtering: 0 symbols - 
[2025-11-25T17:03:54.321Z] [2025-11-25T17:03:54.322Z] [INDEXING-ORCHESTRATOR] [DEBUG] 📍 Chunk 303-331: 0 candidate symbols
[2025-11-25T17:03:54.321Z] [2025-11-25T17:03:54.322Z] [INDEXING-ORCHESTRATOR] [DEBUG] ✅ Chunk symbols after filtering: 0 symbols - 
[2025-11-25T17:03:54.321Z] [2025-11-25T17:03:54.322Z] [INDEXING-ORCHESTRATOR] [DEBUG] 📍 Chunk 332-335: 1 candidate symbols
[2025-11-25T17:03:54.321Z] [2025-11-25T17:03:54.322Z] [INDEXING-ORCHESTRATOR] [DEBUG] ✅ Chunk symbols after filtering: 1 symbols - reviewService
[2025-11-25T17:03:54.321Z] [2025-11-25T17:03:54.322Z] [INDEXING-ORCHESTRATOR] [DEBUG] Created 9 semantic chunks for c:\Projects\educatedplanet\dataservice\src\services\review.service.ts
[2025-11-25T17:03:54.321Z] [2025-11-25T17:03:54.322Z] [INDEXING-ORCHESTRATOR] [DEBUG] Average chunk size: 987 characters
[2025-11-25T17:03:54.323Z] [2025-11-25T17:03:54.325Z] [TREESITTER-CHUNKER] [INFO] 🔍 Found class: unknown (311 lines)
[2025-11-25T17:03:54.323Z] [2025-11-25T17:03:54.325Z] [TREESITTER-CHUNKER] [INFO] 📤 Splitting large class: unknown (311 lines > 150)
[2025-11-25T17:03:54.323Z] [2025-11-25T17:03:54.325Z] [TREESITTER-CHUNKER] [INFO] 🔧 Extracting methods from large class with 2 children
[2025-11-25T17:03:54.324Z] [2025-11-25T17:03:54.325Z] [TREESITTER-CHUNKER] [INFO] 🔍 Checking 35 nodes for methods (using class_body)
[2025-11-25T17:03:54.324Z] [2025-11-25T17:03:54.325Z] [TREESITTER-CHUNKER] [INFO]    Child type: public_field_definition at lines 17-17
[2025-11-25T17:03:54.324Z] [2025-11-25T17:03:54.325Z] [TREESITTER-CHUNKER] [INFO]    Child type: method_definition at lines 19-24
[2025-11-25T17:03:54.324Z] [2025-11-25T17:03:54.325Z] [TREESITTER-CHUNKER] [INFO]    🎯 Found method: unknown (6 lines, 144 chars)
[2025-11-25T17:03:54.324Z] [2025-11-25T17:03:54.325Z] [TREESITTER-CHUNKER] [INFO]    ✅ Added method chunk: unknown
[2025-11-25T17:03:54.324Z] [2025-11-25T17:03:54.325Z] [TREESITTER-CHUNKER] [INFO]    Child type: comment at lines 26-26
[2025-11-25T17:03:54.324Z] [2025-11-25T17:03:54.325Z] [TREESITTER-CHUNKER] [INFO]    Child type: method_definition at lines 27-43
[2025-11-25T17:03:54.324Z] [2025-11-25T17:03:54.325Z] [TREESITTER-CHUNKER] [INFO]    🎯 Found method: unknown (17 lines, 615 chars)
[2025-11-25T17:03:54.324Z] [2025-11-25T17:03:54.325Z] [TREESITTER-CHUNKER] [INFO]    ✅ Added method chunk: unknown
[2025-11-25T17:03:54.324Z] [2025-11-25T17:03:54.325Z] [TREESITTER-CHUNKER] [INFO]    Child type: comment at lines 45-45
[2025-11-25T17:03:54.324Z] [2025-11-25T17:03:54.325Z] [TREESITTER-CHUNKER] [INFO]    Child type: method_definition at lines 46-75
[2025-11-25T17:03:54.324Z] [2025-11-25T17:03:54.325Z] [TREESITTER-CHUNKER] [INFO]    🎯 Found method: unknown (30 lines, 1106 chars)
[2025-11-25T17:03:54.324Z] [2025-11-25T17:03:54.325Z] [TREESITTER-CHUNKER] [INFO]    ✅ Added method chunk: unknown
[2025-11-25T17:03:54.324Z] [2025-11-25T17:03:54.325Z] [TREESITTER-CHUNKER] [INFO]    Child type: method_definition at lines 77-99
[2025-11-25T17:03:54.324Z] [2025-11-25T17:03:54.325Z] [TREESITTER-CHUNKER] [INFO]    🎯 Found method: unknown (23 lines, 845 chars)
[2025-11-25T17:03:54.324Z] [2025-11-25T17:03:54.325Z] [TREESITTER-CHUNKER] [INFO]    ✅ Added method chunk: unknown
[2025-11-25T17:03:54.324Z] [2025-11-25T17:03:54.325Z] [TREESITTER-CHUNKER] [INFO]    Child type: method_definition at lines 101-113
[2025-11-25T17:03:54.324Z] [2025-11-25T17:03:54.325Z] [TREESITTER-CHUNKER] [INFO]    🎯 Found method: unknown (13 lines, 429 chars)
[2025-11-25T17:03:54.324Z] [2025-11-25T17:03:54.325Z] [TREESITTER-CHUNKER] [INFO]    ✅ Added method chunk: unknown
[2025-11-25T17:03:54.324Z] [2025-11-25T17:03:54.325Z] [TREESITTER-CHUNKER] [INFO]    Child type: method_definition at lines 115-119
[2025-11-25T17:03:54.324Z] [2025-11-25T17:03:54.325Z] [TREESITTER-CHUNKER] [INFO]    🎯 Found method: unknown (5 lines, 210 chars)
[2025-11-25T17:03:54.324Z] [2025-11-25T17:03:54.325Z] [TREESITTER-CHUNKER] [INFO]    ✅ Added method chunk: unknown
[2025-11-25T17:03:54.324Z] [2025-11-25T17:03:54.325Z] [TREESITTER-CHUNKER] [INFO]    Child type: method_definition at lines 121-125
[2025-11-25T17:03:54.324Z] [2025-11-25T17:03:54.326Z] [TREESITTER-CHUNKER] [INFO]    🎯 Found method: unknown (5 lines, 218 chars)
[2025-11-25T17:03:54.324Z] [2025-11-25T17:03:54.326Z] [TREESITTER-CHUNKER] [INFO]    ✅ Added method chunk: unknown
[2025-11-25T17:03:54.324Z] [2025-11-25T17:03:54.326Z] [TREESITTER-CHUNKER] [INFO]    Child type: method_definition at lines 127-131
[2025-11-25T17:03:54.324Z] [2025-11-25T17:03:54.326Z] [TREESITTER-CHUNKER] [INFO]    🎯 Found method: unknown (5 lines, 230 chars)
[2025-11-25T17:03:54.324Z] [2025-11-25T17:03:54.326Z] [TREESITTER-CHUNKER] [INFO]    ✅ Added method chunk: unknown
[2025-11-25T17:03:54.324Z] [2025-11-25T17:03:54.326Z] [TREESITTER-CHUNKER] [INFO]    Child type: comment at lines 133-133
[2025-11-25T17:03:54.324Z] [2025-11-25T17:03:54.326Z] [TREESITTER-CHUNKER] [INFO]    Child type: method_definition at lines 134-145
[2025-11-25T17:03:54.324Z] [2025-11-25T17:03:54.326Z] [TREESITTER-CHUNKER] [INFO]    🎯 Found method: unknown (12 lines, 455 chars)
[2025-11-25T17:03:54.324Z] [2025-11-25T17:03:54.326Z] [TREESITTER-CHUNKER] [INFO]    ✅ Added method chunk: unknown
[2025-11-25T17:03:54.324Z] [2025-11-25T17:03:54.326Z] [TREESITTER-CHUNKER] [INFO]    Child type: method_definition at lines 147-152
[2025-11-25T17:03:54.324Z] [2025-11-25T17:03:54.326Z] [TREESITTER-CHUNKER] [INFO]    🎯 Found method: unknown (6 lines, 294 chars)
[2025-11-25T17:03:54.324Z] [2025-11-25T17:03:54.326Z] [TREESITTER-CHUNKER] [INFO]    ✅ Added method chunk: unknown
[2025-11-25T17:03:54.324Z] [2025-11-25T17:03:54.326Z] [TREESITTER-CHUNKER] [INFO]    Child type: method_definition at lines 154-158
[2025-11-25T17:03:54.324Z] [2025-11-25T17:03:54.326Z] [TREESITTER-CHUNKER] [INFO]    🎯 Found method: unknown (5 lines, 250 chars)
[2025-11-25T17:03:54.324Z] [2025-11-25T17:03:54.326Z] [TREESITTER-CHUNKER] [INFO]    ✅ Added method chunk: unknown
[2025-11-25T17:03:54.324Z] [2025-11-25T17:03:54.326Z] [TREESITTER-CHUNKER] [INFO]    Child type: method_definition at lines 160-194
[2025-11-25T17:03:54.324Z] [2025-11-25T17:03:54.326Z] [TREESITTER-CHUNKER] [INFO]    🎯 Found method: unknown (35 lines, 1378 chars)
[2025-11-25T17:03:54.324Z] [2025-11-25T17:03:54.326Z] [TREESITTER-CHUNKER] [INFO]    ✅ Added method chunk: unknown
[2025-11-25T17:03:54.324Z] [2025-11-25T17:03:54.326Z] [TREESITTER-CHUNKER] [INFO]    Child type: comment at lines 196-196
[2025-11-25T17:03:54.324Z] [2025-11-25T17:03:54.326Z] [TREESITTER-CHUNKER] [INFO]    Child type: method_definition at lines 197-205
[2025-11-25T17:03:54.324Z] [2025-11-25T17:03:54.326Z] [TREESITTER-CHUNKER] [INFO]    🎯 Found method: unknown (9 lines, 314 chars)
[2025-11-25T17:03:54.324Z] [2025-11-25T17:03:54.326Z] [TREESITTER-CHUNKER] [INFO]    ✅ Added method chunk: unknown
[2025-11-25T17:03:54.324Z] [2025-11-25T17:03:54.326Z] [TREESITTER-CHUNKER] [INFO]    Child type: comment at lines 207-207
[2025-11-25T17:03:54.324Z] [2025-11-25T17:03:54.326Z] [TREESITTER-CHUNKER] [INFO]    Child type: method_definition at lines 208-212
[2025-11-25T17:03:54.324Z] [2025-11-25T17:03:54.326Z] [TREESITTER-CHUNKER] [INFO]    🎯 Found method: unknown (5 lines, 250 chars)
[2025-11-25T17:03:54.324Z] [2025-11-25T17:03:54.326Z] [TREESITTER-CHUNKER] [INFO]    ✅ Added method chunk: unknown
[2025-11-25T17:03:54.324Z] [2025-11-25T17:03:54.326Z] [TREESITTER-CHUNKER] [INFO]    Child type: method_definition at lines 214-218
[2025-11-25T17:03:54.324Z] [2025-11-25T17:03:54.326Z] [TREESITTER-CHUNKER] [INFO]    🎯 Found method: unknown (5 lines, 263 chars)
[2025-11-25T17:03:54.324Z] [2025-11-25T17:03:54.326Z] [TREESITTER-CHUNKER] [INFO]    ✅ Added method chunk: unknown
[2025-11-25T17:03:54.324Z] [2025-11-25T17:03:54.326Z] [TREESITTER-CHUNKER] [INFO]    Child type: comment at lines 220-220
[2025-11-25T17:03:54.324Z] [2025-11-25T17:03:54.326Z] [TREESITTER-CHUNKER] [INFO]    Child type: method_definition at lines 221-224
[2025-11-25T17:03:54.324Z] [2025-11-25T17:03:54.326Z] [TREESITTER-CHUNKER] [INFO]    🎯 Found method: unknown (4 lines, 172 chars)
[2025-11-25T17:03:54.324Z] [2025-11-25T17:03:54.326Z] [TREESITTER-CHUNKER] [INFO]    ✅ Added method chunk: unknown
[2025-11-25T17:03:54.324Z] [2025-11-25T17:03:54.326Z] [TREESITTER-CHUNKER] [INFO]    Child type: method_definition at lines 226-236
[2025-11-25T17:03:54.324Z] [2025-11-25T17:03:54.326Z] [TREESITTER-CHUNKER] [INFO]    🎯 Found method: unknown (11 lines, 370 chars)
[2025-11-25T17:03:54.324Z] [2025-11-25T17:03:54.326Z] [TREESITTER-CHUNKER] [INFO]    ✅ Added method chunk: unknown
[2025-11-25T17:03:54.324Z] [2025-11-25T17:03:54.326Z] [TREESITTER-CHUNKER] [INFO]    Child type: method_definition at lines 238-257
[2025-11-25T17:03:54.325Z] [2025-11-25T17:03:54.326Z] [TREESITTER-CHUNKER] [INFO]    🎯 Found method: unknown (20 lines, 602 chars)
[2025-11-25T17:03:54.325Z] [2025-11-25T17:03:54.326Z] [TREESITTER-CHUNKER] [INFO]    ✅ Added method chunk: unknown
[2025-11-25T17:03:54.325Z] [2025-11-25T17:03:54.326Z] [TREESITTER-CHUNKER] [INFO]    Child type: comment at lines 259-259
[2025-11-25T17:03:54.325Z] [2025-11-25T17:03:54.326Z] [TREESITTER-CHUNKER] [INFO]    Child type: method_definition at lines 260-298
[2025-11-25T17:03:54.325Z] [2025-11-25T17:03:54.326Z] [TREESITTER-CHUNKER] [INFO]    🎯 Found method: unknown (39 lines, 984 chars)
[2025-11-25T17:03:54.325Z] [2025-11-25T17:03:54.326Z] [TREESITTER-CHUNKER] [INFO]    ✅ Added method chunk: unknown
[2025-11-25T17:03:54.325Z] [2025-11-25T17:03:54.326Z] [TREESITTER-CHUNKER] [INFO]    Child type: comment at lines 300-300
[2025-11-25T17:03:54.325Z] [2025-11-25T17:03:54.326Z] [TREESITTER-CHUNKER] [INFO]    Child type: method_definition at lines 301-304
[2025-11-25T17:03:54.325Z] [2025-11-25T17:03:54.326Z] [TREESITTER-CHUNKER] [INFO]    🎯 Found method: unknown (4 lines, 176 chars)
[2025-11-25T17:03:54.325Z] [2025-11-25T17:03:54.326Z] [TREESITTER-CHUNKER] [INFO]    ✅ Added method chunk: unknown
[2025-11-25T17:03:54.325Z] [2025-11-25T17:03:54.326Z] [TREESITTER-CHUNKER] [INFO]    Child type: comment at lines 306-306
[2025-11-25T17:03:54.325Z] [2025-11-25T17:03:54.326Z] [TREESITTER-CHUNKER] [INFO]    Child type: method_definition at lines 307-310
[2025-11-25T17:03:54.325Z] [2025-11-25T17:03:54.326Z] [TREESITTER-CHUNKER] [INFO]    🎯 Found method: unknown (4 lines, 170 chars)
[2025-11-25T17:03:54.325Z] [2025-11-25T17:03:54.326Z] [TREESITTER-CHUNKER] [INFO]    ✅ Added method chunk: unknown
[2025-11-25T17:03:54.325Z] [2025-11-25T17:03:54.326Z] [TREESITTER-CHUNKER] [INFO]    Child type: comment at lines 312-312
[2025-11-25T17:03:54.325Z] [2025-11-25T17:03:54.326Z] [TREESITTER-CHUNKER] [INFO]    Child type: method_definition at lines 313-318
[2025-11-25T17:03:54.325Z] [2025-11-25T17:03:54.326Z] [TREESITTER-CHUNKER] [INFO]    🎯 Found method: unknown (6 lines, 205 chars)
[2025-11-25T17:03:54.325Z] [2025-11-25T17:03:54.326Z] [TREESITTER-CHUNKER] [INFO]    ✅ Added method chunk: unknown
[2025-11-25T17:03:54.325Z] [2025-11-25T17:03:54.326Z] [TREESITTER-CHUNKER] [INFO]    Child type: comment at lines 320-320
[2025-11-25T17:03:54.325Z] [2025-11-25T17:03:54.326Z] [TREESITTER-CHUNKER] [INFO]    Child type: method_definition at lines 321-325
[2025-11-25T17:03:54.325Z] [2025-11-25T17:03:54.327Z] [TREESITTER-CHUNKER] [INFO]    🎯 Found method: unknown (5 lines, 287 chars)
[2025-11-25T17:03:54.325Z] [2025-11-25T17:03:54.327Z] [TREESITTER-CHUNKER] [INFO]    ✅ Added method chunk: unknown
[2025-11-25T17:03:54.325Z] [2025-11-25T17:03:54.327Z] [TREESITTER-CHUNKER] [INFO] 🏁 Extracted 23 methods from large class
[2025-11-25T17:03:54.333Z] [2025-11-25T17:03:54.335Z] [TREESITTER-CHUNKER] [INFO] Created 11 semantic chunks from c:\Projects\educatedplanet\dataservice\src\services\subject.service.ts
[2025-11-25T17:03:54.386Z] [2025-11-25T17:03:54.388Z] [TREESITTER-FULL] [INFO] Extracted 2 symbols from c:\Projects\educatedplanet\dataservice\src\services\subject.service.ts
[2025-11-25T17:03:54.386Z] [2025-11-25T17:03:54.388Z] [INDEXING-ORCHESTRATOR] [DEBUG] 🔍 Symbol extraction for c:\Projects\educatedplanet\dataservice\src\services\subject.service.ts: 2 symbols, 4 imports
[2025-11-25T17:03:54.386Z] [2025-11-25T17:03:54.388Z] [INDEXING-ORCHESTRATOR] [DEBUG] 📍 Chunk 16-43: 0 candidate symbols
[2025-11-25T17:03:54.386Z] [2025-11-25T17:03:54.388Z] [INDEXING-ORCHESTRATOR] [DEBUG] ✅ Chunk symbols after filtering: 0 symbols - 
[2025-11-25T17:03:54.386Z] [2025-11-25T17:03:54.388Z] [INDEXING-ORCHESTRATOR] [DEBUG] 📍 Chunk 46-75: 0 candidate symbols
[2025-11-25T17:03:54.386Z] [2025-11-25T17:03:54.388Z] [INDEXING-ORCHESTRATOR] [DEBUG] ✅ Chunk symbols after filtering: 0 symbols - 
[2025-11-25T17:03:54.387Z] [2025-11-25T17:03:54.388Z] [INDEXING-ORCHESTRATOR] [DEBUG] 📍 Chunk 77-119: 0 candidate symbols
[2025-11-25T17:03:54.387Z] [2025-11-25T17:03:54.388Z] [INDEXING-ORCHESTRATOR] [DEBUG] ✅ Chunk symbols after filtering: 0 symbols - 
[2025-11-25T17:03:54.387Z] [2025-11-25T17:03:54.388Z] [INDEXING-ORCHESTRATOR] [DEBUG] 📍 Chunk 121-152: 0 candidate symbols
[2025-11-25T17:03:54.387Z] [2025-11-25T17:03:54.388Z] [INDEXING-ORCHESTRATOR] [DEBUG] ✅ Chunk symbols after filtering: 0 symbols - 
[2025-11-25T17:03:54.387Z] [2025-11-25T17:03:54.388Z] [INDEXING-ORCHESTRATOR] [DEBUG] 📍 Chunk 154-158: 0 candidate symbols
[2025-11-25T17:03:54.387Z] [2025-11-25T17:03:54.388Z] [INDEXING-ORCHESTRATOR] [DEBUG] ✅ Chunk symbols after filtering: 0 symbols - 
[2025-11-25T17:03:54.387Z] [2025-11-25T17:03:54.388Z] [INDEXING-ORCHESTRATOR] [DEBUG] 📍 Chunk 160-194: 0 candidate symbols
[2025-11-25T17:03:54.387Z] [2025-11-25T17:03:54.388Z] [INDEXING-ORCHESTRATOR] [DEBUG] ✅ Chunk symbols after filtering: 0 symbols - 
[2025-11-25T17:03:54.387Z] [2025-11-25T17:03:54.388Z] [INDEXING-ORCHESTRATOR] [DEBUG] 📍 Chunk 197-236: 0 candidate symbols
[2025-11-25T17:03:54.387Z] [2025-11-25T17:03:54.388Z] [INDEXING-ORCHESTRATOR] [DEBUG] ✅ Chunk symbols after filtering: 0 symbols - 
[2025-11-25T17:03:54.387Z] [2025-11-25T17:03:54.388Z] [INDEXING-ORCHESTRATOR] [DEBUG] 📍 Chunk 238-257: 0 candidate symbols
[2025-11-25T17:03:54.387Z] [2025-11-25T17:03:54.388Z] [INDEXING-ORCHESTRATOR] [DEBUG] ✅ Chunk symbols after filtering: 0 symbols - 
[2025-11-25T17:03:54.387Z] [2025-11-25T17:03:54.388Z] [INDEXING-ORCHESTRATOR] [DEBUG] 📍 Chunk 260-310: 0 candidate symbols
[2025-11-25T17:03:54.387Z] [2025-11-25T17:03:54.388Z] [INDEXING-ORCHESTRATOR] [DEBUG] ✅ Chunk symbols after filtering: 0 symbols - 
[2025-11-25T17:03:54.387Z] [2025-11-25T17:03:54.388Z] [INDEXING-ORCHESTRATOR] [DEBUG] 📍 Chunk 313-325: 0 candidate symbols
[2025-11-25T17:03:54.387Z] [2025-11-25T17:03:54.388Z] [INDEXING-ORCHESTRATOR] [DEBUG] ✅ Chunk symbols after filtering: 0 symbols - 
[2025-11-25T17:03:54.387Z] [2025-11-25T17:03:54.388Z] [INDEXING-ORCHESTRATOR] [DEBUG] 📍 Chunk 326-329: 1 candidate symbols
[2025-11-25T17:03:54.387Z] [2025-11-25T17:03:54.388Z] [INDEXING-ORCHESTRATOR] [DEBUG] ✅ Chunk symbols after filtering: 1 symbols - subjectService
[2025-11-25T17:03:54.387Z] [2025-11-25T17:03:54.388Z] [INDEXING-ORCHESTRATOR] [DEBUG] Created 11 semantic chunks for c:\Projects\educatedplanet\dataservice\src\services\subject.service.ts
[2025-11-25T17:03:54.387Z] [2025-11-25T17:03:54.388Z] [INDEXING-ORCHESTRATOR] [DEBUG] Average chunk size: 946 characters
[2025-11-25T17:03:54.389Z] [2025-11-25T17:03:54.391Z] [TREESITTER-CHUNKER] [INFO] 🔍 Found class: unknown (276 lines)
[2025-11-25T17:03:54.389Z] [2025-11-25T17:03:54.391Z] [TREESITTER-CHUNKER] [INFO] 📤 Splitting large class: unknown (276 lines > 150)
[2025-11-25T17:03:54.389Z] [2025-11-25T17:03:54.391Z] [TREESITTER-CHUNKER] [INFO] 🔧 Extracting methods from large class with 2 children
[2025-11-25T17:03:54.390Z] [2025-11-25T17:03:54.391Z] [TREESITTER-CHUNKER] [INFO] 🔍 Checking 12 nodes for methods (using class_body)
[2025-11-25T17:03:54.390Z] [2025-11-25T17:03:54.391Z] [TREESITTER-CHUNKER] [INFO]    Child type: comment at lines 9-11
[2025-11-25T17:03:54.390Z] [2025-11-25T17:03:54.391Z] [TREESITTER-CHUNKER] [INFO]    Child type: method_definition at lines 12-59
[2025-11-25T17:03:54.390Z] [2025-11-25T17:03:54.391Z] [TREESITTER-CHUNKER] [INFO]    🎯 Found method: unknown (48 lines, 1300 chars)
[2025-11-25T17:03:54.390Z] [2025-11-25T17:03:54.391Z] [TREESITTER-CHUNKER] [INFO]    ✅ Added method chunk: unknown
[2025-11-25T17:03:54.390Z] [2025-11-25T17:03:54.391Z] [TREESITTER-CHUNKER] [INFO]    Child type: comment at lines 61-63
[2025-11-25T17:03:54.390Z] [2025-11-25T17:03:54.391Z] [TREESITTER-CHUNKER] [INFO]    Child type: method_definition at lines 64-88
[2025-11-25T17:03:54.390Z] [2025-11-25T17:03:54.391Z] [TREESITTER-CHUNKER] [INFO]    🎯 Found method: unknown (25 lines, 608 chars)
[2025-11-25T17:03:54.390Z] [2025-11-25T17:03:54.392Z] [TREESITTER-CHUNKER] [INFO]    ✅ Added method chunk: unknown
[2025-11-25T17:03:54.390Z] [2025-11-25T17:03:54.392Z] [TREESITTER-CHUNKER] [INFO]    Child type: comment at lines 90-92
[2025-11-25T17:03:54.390Z] [2025-11-25T17:03:54.392Z] [TREESITTER-CHUNKER] [INFO]    Child type: method_definition at lines 93-124
[2025-11-25T17:03:54.391Z] [2025-11-25T17:03:54.392Z] [TREESITTER-CHUNKER] [INFO]    🎯 Found method: unknown (32 lines, 787 chars)
[2025-11-25T17:03:54.391Z] [2025-11-25T17:03:54.392Z] [TREESITTER-CHUNKER] [INFO]    ✅ Added method chunk: unknown
[2025-11-25T17:03:54.391Z] [2025-11-25T17:03:54.392Z] [TREESITTER-CHUNKER] [INFO]    Child type: comment at lines 126-128
[2025-11-25T17:03:54.391Z] [2025-11-25T17:03:54.392Z] [TREESITTER-CHUNKER] [INFO]    Child type: method_definition at lines 129-195
[2025-11-25T17:03:54.391Z] [2025-11-25T17:03:54.392Z] [TREESITTER-CHUNKER] [INFO]    🎯 Found method: unknown (67 lines, 2064 chars)
[2025-11-25T17:03:54.391Z] [2025-11-25T17:03:54.392Z] [TREESITTER-CHUNKER] [INFO]    ✅ Added method chunk: unknown
[2025-11-25T17:03:54.391Z] [2025-11-25T17:03:54.392Z] [TREESITTER-CHUNKER] [INFO]    Child type: comment at lines 197-199
[2025-11-25T17:03:54.391Z] [2025-11-25T17:03:54.392Z] [TREESITTER-CHUNKER] [INFO]    Child type: method_definition at lines 200-252
[2025-11-25T17:03:54.391Z] [2025-11-25T17:03:54.392Z] [TREESITTER-CHUNKER] [INFO]    🎯 Found method: unknown (53 lines, 1590 chars)
[2025-11-25T17:03:54.391Z] [2025-11-25T17:03:54.392Z] [TREESITTER-CHUNKER] [INFO]    ✅ Added method chunk: unknown
[2025-11-25T17:03:54.391Z] [2025-11-25T17:03:54.392Z] [TREESITTER-CHUNKER] [INFO]    Child type: comment at lines 254-256
[2025-11-25T17:03:54.391Z] [2025-11-25T17:03:54.392Z] [TREESITTER-CHUNKER] [INFO]    Child type: method_definition at lines 257-282
[2025-11-25T17:03:54.391Z] [2025-11-25T17:03:54.392Z] [TREESITTER-CHUNKER] [INFO]    🎯 Found method: unknown (26 lines, 711 chars)
[2025-11-25T17:03:54.391Z] [2025-11-25T17:03:54.392Z] [TREESITTER-CHUNKER] [INFO]    ✅ Added method chunk: unknown
[2025-11-25T17:03:54.391Z] [2025-11-25T17:03:54.393Z] [TREESITTER-CHUNKER] [INFO] 🏁 Extracted 6 methods from large class
[2025-11-25T17:03:54.402Z] [2025-11-25T17:03:54.403Z] [TREESITTER-CHUNKER] [INFO] Created 5 semantic chunks from c:\Projects\educatedplanet\dataservice\src\services\admin-analytics.service.ts
[2025-11-25T17:03:54.438Z] [2025-11-25T17:03:54.439Z] [TREESITTER-FULL] [INFO] Extracted 1 symbols from c:\Projects\educatedplanet\dataservice\src\services\admin-analytics.service.ts
[2025-11-25T17:03:54.438Z] [2025-11-25T17:03:54.440Z] [INDEXING-ORCHESTRATOR] [DEBUG] 🔍 Symbol extraction for c:\Projects\educatedplanet\dataservice\src\services\admin-analytics.service.ts: 1 symbols, 3 imports
[2025-11-25T17:03:54.438Z] [2025-11-25T17:03:54.440Z] [INDEXING-ORCHESTRATOR] [DEBUG] 📍 Chunk 8-59: 0 candidate symbols
[2025-11-25T17:03:54.438Z] [2025-11-25T17:03:54.440Z] [INDEXING-ORCHESTRATOR] [DEBUG] ✅ Chunk symbols after filtering: 0 symbols - 
[2025-11-25T17:03:54.438Z] [2025-11-25T17:03:54.440Z] [INDEXING-ORCHESTRATOR] [DEBUG] 📍 Chunk 64-124: 0 candidate symbols
[2025-11-25T17:03:54.438Z] [2025-11-25T17:03:54.440Z] [INDEXING-ORCHESTRATOR] [DEBUG] ✅ Chunk symbols after filtering: 0 symbols - 
[2025-11-25T17:03:54.438Z] [2025-11-25T17:03:54.440Z] [INDEXING-ORCHESTRATOR] [DEBUG] 📍 Chunk 129-195: 0 candidate symbols
[2025-11-25T17:03:54.438Z] [2025-11-25T17:03:54.440Z] [INDEXING-ORCHESTRATOR] [DEBUG] ✅ Chunk symbols after filtering: 0 symbols - 
[2025-11-25T17:03:54.438Z] [2025-11-25T17:03:54.440Z] [INDEXING-ORCHESTRATOR] [DEBUG] 📍 Chunk 200-252: 0 candidate symbols
[2025-11-25T17:03:54.438Z] [2025-11-25T17:03:54.440Z] [INDEXING-ORCHESTRATOR] [DEBUG] ✅ Chunk symbols after filtering: 0 symbols - 
[2025-11-25T17:03:54.438Z] [2025-11-25T17:03:54.440Z] [INDEXING-ORCHESTRATOR] [DEBUG] 📍 Chunk 257-282: 0 candidate symbols
[2025-11-25T17:03:54.438Z] [2025-11-25T17:03:54.440Z] [INDEXING-ORCHESTRATOR] [DEBUG] ✅ Chunk symbols after filtering: 0 symbols - 
[2025-11-25T17:03:54.438Z] [2025-11-25T17:03:54.440Z] [INDEXING-ORCHESTRATOR] [DEBUG] Created 5 semantic chunks for c:\Projects\educatedplanet\dataservice\src\services\admin-analytics.service.ts
[2025-11-25T17:03:54.438Z] [2025-11-25T17:03:54.440Z] [INDEXING-ORCHESTRATOR] [DEBUG] Average chunk size: 1440 characters
[2025-11-25T17:03:54.438Z] [2025-11-25T17:03:54.440Z] [INDEXING-ORCHESTRATOR] [DEBUG] 📊 Processed: 250/302 files
[2025-11-25T17:03:54.450Z] [2025-11-25T17:03:54.451Z] [TREESITTER-CHUNKER] [INFO] Created 3 semantic chunks from c:\Projects\educatedplanet\dataservice\src\utils\rsa-keys.ts
[2025-11-25T17:03:54.467Z] [2025-11-25T17:03:54.468Z] [TREESITTER-FULL] [INFO] Extracted 6 symbols from c:\Projects\educatedplanet\dataservice\src\utils\rsa-keys.ts
[2025-11-25T17:03:54.467Z] [2025-11-25T17:03:54.468Z] [INDEXING-ORCHESTRATOR] [DEBUG] 🔍 Symbol extraction for c:\Projects\educatedplanet\dataservice\src\utils\rsa-keys.ts: 6 symbols, 2 imports
[2025-11-25T17:03:54.467Z] [2025-11-25T17:03:54.468Z] [INDEXING-ORCHESTRATOR] [DEBUG] 📍 Chunk 17-66: 3 candidate symbols
[2025-11-25T17:03:54.467Z] [2025-11-25T17:03:54.469Z] [INDEXING-ORCHESTRATOR] [DEBUG] ✅ Chunk symbols after filtering: 3 symbols - initializeRSAKeys, getPublicKey, getPrivateKey
[2025-11-25T17:03:54.467Z] [2025-11-25T17:03:54.469Z] [INDEXING-ORCHESTRATOR] [DEBUG] 📍 Chunk 71-115: 2 candidate symbols
[2025-11-25T17:03:54.467Z] [2025-11-25T17:03:54.469Z] [INDEXING-ORCHESTRATOR] [DEBUG] ✅ Chunk symbols after filtering: 2 symbols - decryptWithPrivateKey, encryptWithPublicKey
[2025-11-25T17:03:54.467Z] [2025-11-25T17:03:54.469Z] [INDEXING-ORCHESTRATOR] [DEBUG] 📍 Chunk 120-140: 1 candidate symbols
[2025-11-25T17:03:54.467Z] [2025-11-25T17:03:54.469Z] [INDEXING-ORCHESTRATOR] [DEBUG] ✅ Chunk symbols after filtering: 1 symbols - regenerateRSAKeys
[2025-11-25T17:03:54.467Z] [2025-11-25T17:03:54.469Z] [INDEXING-ORCHESTRATOR] [DEBUG] Created 3 semantic chunks for c:\Projects\educatedplanet\dataservice\src\utils\rsa-keys.ts
[2025-11-25T17:03:54.467Z] [2025-11-25T17:03:54.469Z] [INDEXING-ORCHESTRATOR] [DEBUG] Average chunk size: 979 characters
[2025-11-25T17:03:54.471Z] [2025-11-25T17:03:54.472Z] [TREESITTER-CHUNKER] [INFO] Created 2 semantic chunks from c:\Projects\educatedplanet\models\src\class\types.ts
[2025-11-25T17:03:54.476Z] [2025-11-25T17:03:54.477Z] [TREESITTER-FULL] [INFO] Extracted 9 symbols from c:\Projects\educatedplanet\models\src\class\types.ts
[2025-11-25T17:03:54.476Z] [2025-11-25T17:03:54.478Z] [INDEXING-ORCHESTRATOR] [DEBUG] 🔍 Symbol extraction for c:\Projects\educatedplanet\models\src\class\types.ts: 9 symbols, 0 imports
[2025-11-25T17:03:54.476Z] [2025-11-25T17:03:54.478Z] [INDEXING-ORCHESTRATOR] [DEBUG] 📍 Chunk 2-48: 3 candidate symbols
[2025-11-25T17:03:54.476Z] [2025-11-25T17:03:54.478Z] [INDEXING-ORCHESTRATOR] [DEBUG] ✅ Chunk symbols after filtering: 3 symbols - Class, ClassMetadata, CreateClassInput
[2025-11-25T17:03:54.476Z] [2025-11-25T17:03:54.478Z] [INDEXING-ORCHESTRATOR] [DEBUG] 📍 Chunk 50-100: 6 candidate symbols
[2025-11-25T17:03:54.476Z] [2025-11-25T17:03:54.478Z] [INDEXING-ORCHESTRATOR] [DEBUG] ✅ Chunk symbols after filtering: 6 symbols - UpdateClassInput, ClassSearchParams, ClassWithSubClasses, AddSubClassInput, RemoveSubClassInput, PaginatedResponse
[2025-11-25T17:03:54.476Z] [2025-11-25T17:03:54.478Z] [INDEXING-ORCHESTRATOR] [DEBUG] Created 2 semantic chunks for c:\Projects\educatedplanet\models\src\class\types.ts
[2025-11-25T17:03:54.476Z] [2025-11-25T17:03:54.478Z] [INDEXING-ORCHESTRATOR] [DEBUG] Average chunk size: 1264 characters
[2025-11-25T17:03:54.478Z] [2025-11-25T17:03:54.480Z] [TREESITTER-CHUNKER] [INFO] Created 1 semantic chunks from c:\Projects\educatedplanet\models\src\common\common.types.js
[2025-11-25T17:03:54.481Z] [2025-11-25T17:03:54.483Z] [TREESITTER-FULL] [INFO] Extracted 0 symbols from c:\Projects\educatedplanet\models\src\common\common.types.js
[2025-11-25T17:03:54.481Z] [2025-11-25T17:03:54.483Z] [INDEXING-ORCHESTRATOR] [DEBUG] 🔍 Symbol extraction for c:\Projects\educatedplanet\models\src\common\common.types.js: 0 symbols, 0 imports
[2025-11-25T17:03:54.481Z] [2025-11-25T17:03:54.483Z] [INDEXING-ORCHESTRATOR] [DEBUG] 📍 Chunk 1-37: 0 candidate symbols
[2025-11-25T17:03:54.482Z] [2025-11-25T17:03:54.483Z] [INDEXING-ORCHESTRATOR] [DEBUG] ✅ Chunk symbols after filtering: 0 symbols - 
[2025-11-25T17:03:54.482Z] [2025-11-25T17:03:54.483Z] [INDEXING-ORCHESTRATOR] [DEBUG] Created 1 semantic chunks for c:\Projects\educatedplanet\models\src\common\common.types.js
[2025-11-25T17:03:54.482Z] [2025-11-25T17:03:54.483Z] [INDEXING-ORCHESTRATOR] [DEBUG] Average chunk size: 1064 characters
[2025-11-25T17:03:54.482Z] [2025-11-25T17:03:54.484Z] [TREESITTER-CHUNKER] [INFO] Created 1 semantic chunks from c:\Projects\educatedplanet\models\src\common\index.ts
[2025-11-25T17:03:54.482Z] [2025-11-25T17:03:54.484Z] [TREESITTER-FULL] [INFO] Extracted 0 symbols from c:\Projects\educatedplanet\models\src\common\index.ts
[2025-11-25T17:03:54.482Z] [2025-11-25T17:03:54.484Z] [INDEXING-ORCHESTRATOR] [DEBUG] 🔍 Symbol extraction for c:\Projects\educatedplanet\models\src\common\index.ts: 0 symbols, 0 imports
[2025-11-25T17:03:54.482Z] [2025-11-25T17:03:54.484Z] [INDEXING-ORCHESTRATOR] [DEBUG] 📍 Chunk 1-5: 0 candidate symbols
[2025-11-25T17:03:54.482Z] [2025-11-25T17:03:54.484Z] [INDEXING-ORCHESTRATOR] [DEBUG] ✅ Chunk symbols after filtering: 0 symbols - 
[2025-11-25T17:03:54.482Z] [2025-11-25T17:03:54.484Z] [INDEXING-ORCHESTRATOR] [DEBUG] Created 1 semantic chunks for c:\Projects\educatedplanet\models\src\common\index.ts
[2025-11-25T17:03:54.482Z] [2025-11-25T17:03:54.484Z] [INDEXING-ORCHESTRATOR] [DEBUG] Average chunk size: 64 characters
[2025-11-25T17:03:54.491Z] [2025-11-25T17:03:54.492Z] [TREESITTER-CHUNKER] [INFO] Created 3 semantic chunks from c:\Projects\educatedplanet\models\src\common\common.types.ts
[2025-11-25T17:03:54.501Z] [2025-11-25T17:03:54.503Z] [TREESITTER-FULL] [INFO] Extracted 21 symbols from c:\Projects\educatedplanet\models\src\common\common.types.ts
[2025-11-25T17:03:54.501Z] [2025-11-25T17:03:54.503Z] [INDEXING-ORCHESTRATOR] [DEBUG] 🔍 Symbol extraction for c:\Projects\educatedplanet\models\src\common\common.types.ts: 21 symbols, 0 imports
[2025-11-25T17:03:54.501Z] [2025-11-25T17:03:54.503Z] [INDEXING-ORCHESTRATOR] [DEBUG] 📍 Chunk 8-86: 8 candidate symbols
[2025-11-25T17:03:54.502Z] [2025-11-25T17:03:54.503Z] [INDEXING-ORCHESTRATOR] [DEBUG] ✅ Chunk symbols after filtering: 8 symbols - ApiResponse, ApiError, PaginationParams, PaginationMeta, PaginatedResponse, BaseEntity, Status, VerificationStatus
[2025-11-25T17:03:54.502Z] [2025-11-25T17:03:54.503Z] [INDEXING-ORCHESTRATOR] [DEBUG] 📍 Chunk 91-110: 2 candidate symbols
[2025-11-25T17:03:54.502Z] [2025-11-25T17:03:54.503Z] [INDEXING-ORCHESTRATOR] [DEBUG] ✅ Chunk symbols after filtering: 2 symbols - Subject, ClassLevel
[2025-11-25T17:03:54.502Z] [2025-11-25T17:03:54.503Z] [INDEXING-ORCHESTRATOR] [DEBUG] 📍 Chunk 129-207: 10 candidate symbols
[2025-11-25T17:03:54.502Z] [2025-11-25T17:03:54.503Z] [INDEXING-ORCHESTRATOR] [DEBUG] ✅ Chunk symbols after filtering: 10 symbols - BhubaneswarArea, SearchFilters, LoadingState, ThemeMode, Currency, FileUpload, FormErrors, ComponentProps, ColorVariant, SizeVariant
[2025-11-25T17:03:54.502Z] [2025-11-25T17:03:54.503Z] [INDEXING-ORCHESTRATOR] [DEBUG] Created 3 semantic chunks for c:\Projects\educatedplanet\models\src\common\common.types.ts
[2025-11-25T17:03:54.502Z] [2025-11-25T17:03:54.503Z] [INDEXING-ORCHESTRATOR] [DEBUG] Average chunk size: 1009 characters
[2025-11-25T17:03:54.504Z] [2025-11-25T17:03:54.506Z] [TREESITTER-CHUNKER] [INFO] 🔍 Found class: unknown (318 lines)
[2025-11-25T17:03:54.504Z] [2025-11-25T17:03:54.506Z] [TREESITTER-CHUNKER] [INFO] 📤 Splitting large class: unknown (318 lines > 150)
[2025-11-25T17:03:54.504Z] [2025-11-25T17:03:54.506Z] [TREESITTER-CHUNKER] [INFO] 🔧 Extracting methods from large class with 2 children
[2025-11-25T17:03:54.505Z] [2025-11-25T17:03:54.506Z] [TREESITTER-CHUNKER] [INFO] 🔍 Checking 46 nodes for methods (using class_body)
[2025-11-25T17:03:54.505Z] [2025-11-25T17:03:54.506Z] [TREESITTER-CHUNKER] [INFO]    Child type: public_field_definition at lines 14-14
[2025-11-25T17:03:54.505Z] [2025-11-25T17:03:54.506Z] [TREESITTER-CHUNKER] [INFO]    Child type: method_definition at lines 16-21
[2025-11-25T17:03:54.505Z] [2025-11-25T17:03:54.506Z] [TREESITTER-CHUNKER] [INFO]    🎯 Found method: unknown (6 lines, 170 chars)
[2025-11-25T17:03:54.505Z] [2025-11-25T17:03:54.506Z] [TREESITTER-CHUNKER] [INFO]    ✅ Added method chunk: unknown
[2025-11-25T17:03:54.505Z] [2025-11-25T17:03:54.506Z] [TREESITTER-CHUNKER] [INFO]    Child type: comment at lines 23-25
[2025-11-25T17:03:54.505Z] [2025-11-25T17:03:54.506Z] [TREESITTER-CHUNKER] [INFO]    Child type: method_definition at lines 26-42
[2025-11-25T17:03:54.505Z] [2025-11-25T17:03:54.507Z] [TREESITTER-CHUNKER] [INFO]    🎯 Found method: unknown (17 lines, 606 chars)
[2025-11-25T17:03:54.505Z] [2025-11-25T17:03:54.507Z] [TREESITTER-CHUNKER] [INFO]    ✅ Added method chunk: unknown
[2025-11-25T17:03:54.505Z] [2025-11-25T17:03:54.507Z] [TREESITTER-CHUNKER] [INFO]    Child type: comment at lines 43-45
[2025-11-25T17:03:54.505Z] [2025-11-25T17:03:54.507Z] [TREESITTER-CHUNKER] [INFO]    Child type: method_definition at lines 46-77
[2025-11-25T17:03:54.505Z] [2025-11-25T17:03:54.507Z] [TREESITTER-CHUNKER] [INFO]    🎯 Found method: unknown (32 lines, 907 chars)
[2025-11-25T17:03:54.505Z] [2025-11-25T17:03:54.507Z] [TREESITTER-CHUNKER] [INFO]    ✅ Added method chunk: unknown
[2025-11-25T17:03:54.505Z] [2025-11-25T17:03:54.507Z] [TREESITTER-CHUNKER] [INFO]    Child type: comment at lines 79-81
[2025-11-25T17:03:54.505Z] [2025-11-25T17:03:54.507Z] [TREESITTER-CHUNKER] [INFO]    Child type: method_definition at lines 82-87
[2025-11-25T17:03:54.505Z] [2025-11-25T17:03:54.507Z] [TREESITTER-CHUNKER] [INFO]    🎯 Found method: unknown (6 lines, 230 chars)
[2025-11-25T17:03:54.505Z] [2025-11-25T17:03:54.507Z] [TREESITTER-CHUNKER] [INFO]    ✅ Added method chunk: unknown
[2025-11-25T17:03:54.505Z] [2025-11-25T17:03:54.507Z] [TREESITTER-CHUNKER] [INFO]    Child type: comment at lines 89-91
[2025-11-25T17:03:54.505Z] [2025-11-25T17:03:54.507Z] [TREESITTER-CHUNKER] [INFO]    Child type: method_definition at lines 92-115
[2025-11-25T17:03:54.505Z] [2025-11-25T17:03:54.507Z] [TREESITTER-CHUNKER] [INFO]    🎯 Found method: unknown (24 lines, 613 chars)
[2025-11-25T17:03:54.505Z] [2025-11-25T17:03:54.507Z] [TREESITTER-CHUNKER] [INFO]    ✅ Added method chunk: unknown
[2025-11-25T17:03:54.505Z] [2025-11-25T17:03:54.507Z] [TREESITTER-CHUNKER] [INFO]    Child type: comment at lines 117-119
[2025-11-25T17:03:54.505Z] [2025-11-25T17:03:54.507Z] [TREESITTER-CHUNKER] [INFO]    Child type: method_definition at lines 120-123
[2025-11-25T17:03:54.505Z] [2025-11-25T17:03:54.507Z] [TREESITTER-CHUNKER] [INFO]    🎯 Found method: unknown (4 lines, 200 chars)
[2025-11-25T17:03:54.505Z] [2025-11-25T17:03:54.507Z] [TREESITTER-CHUNKER] [INFO]    ✅ Added method chunk: unknown
[2025-11-25T17:03:54.505Z] [2025-11-25T17:03:54.507Z] [TREESITTER-CHUNKER] [INFO]    Child type: comment at lines 125-127
[2025-11-25T17:03:54.505Z] [2025-11-25T17:03:54.507Z] [TREESITTER-CHUNKER] [INFO]    Child type: method_definition at lines 128-131
[2025-11-25T17:03:54.505Z] [2025-11-25T17:03:54.507Z] [TREESITTER-CHUNKER] [INFO]    🎯 Found method: unknown (4 lines, 190 chars)
[2025-11-25T17:03:54.505Z] [2025-11-25T17:03:54.507Z] [TREESITTER-CHUNKER] [INFO]    ✅ Added method chunk: unknown
[2025-11-25T17:03:54.505Z] [2025-11-25T17:03:54.507Z] [TREESITTER-CHUNKER] [INFO]    Child type: comment at lines 133-135
[2025-11-25T17:03:54.505Z] [2025-11-25T17:03:54.507Z] [TREESITTER-CHUNKER] [INFO]    Child type: method_definition at lines 136-139
[2025-11-25T17:03:54.505Z] [2025-11-25T17:03:54.507Z] [TREESITTER-CHUNKER] [INFO]    🎯 Found method: unknown (4 lines, 220 chars)
[2025-11-25T17:03:54.505Z] [2025-11-25T17:03:54.507Z] [TREESITTER-CHUNKER] [INFO]    ✅ Added method chunk: unknown
[2025-11-25T17:03:54.505Z] [2025-11-25T17:03:54.507Z] [TREESITTER-CHUNKER] [INFO]    Child type: comment at lines 141-143
[2025-11-25T17:03:54.505Z] [2025-11-25T17:03:54.507Z] [TREESITTER-CHUNKER] [INFO]    Child type: method_definition at lines 144-151
[2025-11-25T17:03:54.505Z] [2025-11-25T17:03:54.507Z] [TREESITTER-CHUNKER] [INFO]    🎯 Found method: unknown (8 lines, 424 chars)
[2025-11-25T17:03:54.506Z] [2025-11-25T17:03:54.507Z] [TREESITTER-CHUNKER] [INFO]    ✅ Added method chunk: unknown
[2025-11-25T17:03:54.506Z] [2025-11-25T17:03:54.507Z] [TREESITTER-CHUNKER] [INFO]    Child type: comment at lines 153-155
[2025-11-25T17:03:54.506Z] [2025-11-25T17:03:54.507Z] [TREESITTER-CHUNKER] [INFO]    Child type: method_definition at lines 156-159
[2025-11-25T17:03:54.506Z] [2025-11-25T17:03:54.507Z] [TREESITTER-CHUNKER] [INFO]    🎯 Found method: unknown (4 lines, 199 chars)
[2025-11-25T17:03:54.506Z] [2025-11-25T17:03:54.507Z] [TREESITTER-CHUNKER] [INFO]    ✅ Added method chunk: unknown
[2025-11-25T17:03:54.506Z] [2025-11-25T17:03:54.507Z] [TREESITTER-CHUNKER] [INFO]    Child type: comment at lines 161-163
[2025-11-25T17:03:54.506Z] [2025-11-25T17:03:54.507Z] [TREESITTER-CHUNKER] [INFO]    Child type: method_definition at lines 164-167
[2025-11-25T17:03:54.506Z] [2025-11-25T17:03:54.507Z] [TREESITTER-CHUNKER] [INFO]    🎯 Found method: unknown (4 lines, 194 chars)
[2025-11-25T17:03:54.506Z] [2025-11-25T17:03:54.507Z] [TREESITTER-CHUNKER] [INFO]    ✅ Added method chunk: unknown
[2025-11-25T17:03:54.506Z] [2025-11-25T17:03:54.507Z] [TREESITTER-CHUNKER] [INFO]    Child type: comment at lines 169-171
[2025-11-25T17:03:54.506Z] [2025-11-25T17:03:54.507Z] [TREESITTER-CHUNKER] [INFO]    Child type: method_definition at lines 172-175
[2025-11-25T17:03:54.506Z] [2025-11-25T17:03:54.507Z] [TREESITTER-CHUNKER] [INFO]    🎯 Found method: unknown (4 lines, 190 chars)
[2025-11-25T17:03:54.506Z] [2025-11-25T17:03:54.507Z] [TREESITTER-CHUNKER] [INFO]    ✅ Added method chunk: unknown
[2025-11-25T17:03:54.506Z] [2025-11-25T17:03:54.507Z] [TREESITTER-CHUNKER] [INFO]    Child type: comment at lines 177-179
[2025-11-25T17:03:54.506Z] [2025-11-25T17:03:54.507Z] [TREESITTER-CHUNKER] [INFO]    Child type: method_definition at lines 180-199
[2025-11-25T17:03:54.506Z] [2025-11-25T17:03:54.508Z] [TREESITTER-CHUNKER] [INFO]    🎯 Found method: unknown (20 lines, 883 chars)
[2025-11-25T17:03:54.506Z] [2025-11-25T17:03:54.508Z] [TREESITTER-CHUNKER] [INFO]    ✅ Added method chunk: unknown
[2025-11-25T17:03:54.506Z] [2025-11-25T17:03:54.508Z] [TREESITTER-CHUNKER] [INFO]    Child type: comment at lines 201-203
[2025-11-25T17:03:54.506Z] [2025-11-25T17:03:54.508Z] [TREESITTER-CHUNKER] [INFO]    Child type: method_definition at lines 204-207
[2025-11-25T17:03:54.506Z] [2025-11-25T17:03:54.508Z] [TREESITTER-CHUNKER] [INFO]    🎯 Found method: unknown (4 lines, 230 chars)
[2025-11-25T17:03:54.506Z] [2025-11-25T17:03:54.508Z] [TREESITTER-CHUNKER] [INFO]    ✅ Added method chunk: unknown
[2025-11-25T17:03:54.506Z] [2025-11-25T17:03:54.508Z] [TREESITTER-CHUNKER] [INFO]    Child type: comment at lines 209-211
[2025-11-25T17:03:54.506Z] [2025-11-25T17:03:54.508Z] [TREESITTER-CHUNKER] [INFO]    Child type: method_definition at lines 212-215
[2025-11-25T17:03:54.506Z] [2025-11-25T17:03:54.508Z] [TREESITTER-CHUNKER] [INFO]    🎯 Found method: unknown (4 lines, 238 chars)
[2025-11-25T17:03:54.506Z] [2025-11-25T17:03:54.508Z] [TREESITTER-CHUNKER] [INFO]    ✅ Added method chunk: unknown
[2025-11-25T17:03:54.506Z] [2025-11-25T17:03:54.508Z] [TREESITTER-CHUNKER] [INFO]    Child type: comment at lines 217-219
[2025-11-25T17:03:54.506Z] [2025-11-25T17:03:54.508Z] [TREESITTER-CHUNKER] [INFO]    Child type: method_definition at lines 220-227
[2025-11-25T17:03:54.506Z] [2025-11-25T17:03:54.508Z] [TREESITTER-CHUNKER] [INFO]    🎯 Found method: unknown (8 lines, 338 chars)
[2025-11-25T17:03:54.506Z] [2025-11-25T17:03:54.508Z] [TREESITTER-CHUNKER] [INFO]    ✅ Added method chunk: unknown
[2025-11-25T17:03:54.506Z] [2025-11-25T17:03:54.508Z] [TREESITTER-CHUNKER] [INFO]    Child type: comment at lines 229-231
[2025-11-25T17:03:54.506Z] [2025-11-25T17:03:54.508Z] [TREESITTER-CHUNKER] [INFO]    Child type: method_definition at lines 232-234
[2025-11-25T17:03:54.506Z] [2025-11-25T17:03:54.508Z] [TREESITTER-CHUNKER] [INFO]    🎯 Found method: unknown (3 lines, 141 chars)
[2025-11-25T17:03:54.506Z] [2025-11-25T17:03:54.508Z] [TREESITTER-CHUNKER] [INFO]    ✅ Added method chunk: unknown
[2025-11-25T17:03:54.506Z] [2025-11-25T17:03:54.508Z] [TREESITTER-CHUNKER] [INFO]    Child type: comment at lines 236-238
[2025-11-25T17:03:54.506Z] [2025-11-25T17:03:54.508Z] [TREESITTER-CHUNKER] [INFO]    Child type: method_definition at lines 239-241
[2025-11-25T17:03:54.506Z] [2025-11-25T17:03:54.508Z] [TREESITTER-CHUNKER] [INFO]    🎯 Found method: unknown (3 lines, 141 chars)
[2025-11-25T17:03:54.506Z] [2025-11-25T17:03:54.508Z] [TREESITTER-CHUNKER] [INFO]    ✅ Added method chunk: unknown
[2025-11-25T17:03:54.506Z] [2025-11-25T17:03:54.508Z] [TREESITTER-CHUNKER] [INFO]    Child type: comment at lines 243-245
[2025-11-25T17:03:54.506Z] [2025-11-25T17:03:54.508Z] [TREESITTER-CHUNKER] [INFO]    Child type: method_definition at lines 246-248
[2025-11-25T17:03:54.506Z] [2025-11-25T17:03:54.508Z] [TREESITTER-CHUNKER] [INFO]    🎯 Found method: unknown (3 lines, 133 chars)
[2025-11-25T17:03:54.506Z] [2025-11-25T17:03:54.508Z] [TREESITTER-CHUNKER] [INFO]    ✅ Added method chunk: unknown
[2025-11-25T17:03:54.506Z] [2025-11-25T17:03:54.508Z] [TREESITTER-CHUNKER] [INFO]    Child type: comment at lines 250-252
[2025-11-25T17:03:54.506Z] [2025-11-25T17:03:54.508Z] [TREESITTER-CHUNKER] [INFO]    Child type: method_definition at lines 253-255
[2025-11-25T17:03:54.507Z] [2025-11-25T17:03:54.508Z] [TREESITTER-CHUNKER] [INFO]    🎯 Found method: unknown (3 lines, 128 chars)
[2025-11-25T17:03:54.507Z] [2025-11-25T17:03:54.508Z] [TREESITTER-CHUNKER] [INFO]    ✅ Added method chunk: unknown
[2025-11-25T17:03:54.507Z] [2025-11-25T17:03:54.508Z] [TREESITTER-CHUNKER] [INFO]    Child type: comment at lines 257-259
[2025-11-25T17:03:54.507Z] [2025-11-25T17:03:54.508Z] [TREESITTER-CHUNKER] [INFO]    Child type: method_definition at lines 260-262
[2025-11-25T17:03:54.507Z] [2025-11-25T17:03:54.508Z] [TREESITTER-CHUNKER] [INFO]    🎯 Found method: unknown (3 lines, 120 chars)
[2025-11-25T17:03:54.507Z] [2025-11-25T17:03:54.508Z] [TREESITTER-CHUNKER] [INFO]    ✅ Added method chunk: unknown
[2025-11-25T17:03:54.507Z] [2025-11-25T17:03:54.508Z] [TREESITTER-CHUNKER] [INFO]    Child type: comment at lines 264-266
[2025-11-25T17:03:54.507Z] [2025-11-25T17:03:54.508Z] [TREESITTER-CHUNKER] [INFO]    Child type: method_definition at lines 267-272
[2025-11-25T17:03:54.507Z] [2025-11-25T17:03:54.508Z] [TREESITTER-CHUNKER] [INFO]    🎯 Found method: unknown (6 lines, 143 chars)
[2025-11-25T17:03:54.507Z] [2025-11-25T17:03:54.508Z] [TREESITTER-CHUNKER] [INFO]    ✅ Added method chunk: unknown
[2025-11-25T17:03:54.507Z] [2025-11-25T17:03:54.508Z] [TREESITTER-CHUNKER] [INFO]    Child type: comment at lines 274-276
[2025-11-25T17:03:54.507Z] [2025-11-25T17:03:54.508Z] [TREESITTER-CHUNKER] [INFO]    Child type: method_definition at lines 277-329
[2025-11-25T17:03:54.507Z] [2025-11-25T17:03:54.508Z] [TREESITTER-CHUNKER] [INFO]    🎯 Found method: unknown (53 lines, 1609 chars)
[2025-11-25T17:03:54.507Z] [2025-11-25T17:03:54.508Z] [TREESITTER-CHUNKER] [INFO]    ✅ Added method chunk: unknown
[2025-11-25T17:03:54.507Z] [2025-11-25T17:03:54.508Z] [TREESITTER-CHUNKER] [INFO] 🏁 Extracted 23 methods from large class
[2025-11-25T17:03:54.517Z] [2025-11-25T17:03:54.518Z] [TREESITTER-CHUNKER] [INFO] Created 9 semantic chunks from c:\Projects\educatedplanet\dataservice\src\services\tutor.service.ts
[2025-11-25T17:03:54.563Z] [2025-11-25T17:03:54.565Z] [TREESITTER-FULL] [INFO] Extracted 2 symbols from c:\Projects\educatedplanet\dataservice\src\services\tutor.service.ts
[2025-11-25T17:03:54.563Z] [2025-11-25T17:03:54.565Z] [INDEXING-ORCHESTRATOR] [DEBUG] 🔍 Symbol extraction for c:\Projects\educatedplanet\dataservice\src\services\tutor.service.ts: 2 symbols, 3 imports
[2025-11-25T17:03:54.563Z] [2025-11-25T17:03:54.565Z] [INDEXING-ORCHESTRATOR] [DEBUG] 📍 Chunk 13-42: 0 candidate symbols
[2025-11-25T17:03:54.563Z] [2025-11-25T17:03:54.565Z] [INDEXING-ORCHESTRATOR] [DEBUG] ✅ Chunk symbols after filtering: 0 symbols - 
[2025-11-25T17:03:54.563Z] [2025-11-25T17:03:54.565Z] [INDEXING-ORCHESTRATOR] [DEBUG] 📍 Chunk 46-87: 0 candidate symbols
[2025-11-25T17:03:54.563Z] [2025-11-25T17:03:54.565Z] [INDEXING-ORCHESTRATOR] [DEBUG] ✅ Chunk symbols after filtering: 0 symbols - 
[2025-11-25T17:03:54.563Z] [2025-11-25T17:03:54.565Z] [INDEXING-ORCHESTRATOR] [DEBUG] 📍 Chunk 92-139: 0 candidate symbols
[2025-11-25T17:03:54.563Z] [2025-11-25T17:03:54.565Z] [INDEXING-ORCHESTRATOR] [DEBUG] ✅ Chunk symbols after filtering: 0 symbols - 
[2025-11-25T17:03:54.563Z] [2025-11-25T17:03:54.565Z] [INDEXING-ORCHESTRATOR] [DEBUG] 📍 Chunk 144-175: 0 candidate symbols
[2025-11-25T17:03:54.563Z] [2025-11-25T17:03:54.565Z] [INDEXING-ORCHESTRATOR] [DEBUG] ✅ Chunk symbols after filtering: 0 symbols - 
[2025-11-25T17:03:54.563Z] [2025-11-25T17:03:54.565Z] [INDEXING-ORCHESTRATOR] [DEBUG] 📍 Chunk 180-215: 0 candidate symbols
[2025-11-25T17:03:54.563Z] [2025-11-25T17:03:54.565Z] [INDEXING-ORCHESTRATOR] [DEBUG] ✅ Chunk symbols after filtering: 0 symbols - 
[2025-11-25T17:03:54.563Z] [2025-11-25T17:03:54.565Z] [INDEXING-ORCHESTRATOR] [DEBUG] 📍 Chunk 220-262: 0 candidate symbols
[2025-11-25T17:03:54.563Z] [2025-11-25T17:03:54.565Z] [INDEXING-ORCHESTRATOR] [DEBUG] ✅ Chunk symbols after filtering: 0 symbols - 
[2025-11-25T17:03:54.563Z] [2025-11-25T17:03:54.565Z] [INDEXING-ORCHESTRATOR] [DEBUG] 📍 Chunk 267-272: 0 candidate symbols
[2025-11-25T17:03:54.563Z] [2025-11-25T17:03:54.565Z] [INDEXING-ORCHESTRATOR] [DEBUG] ✅ Chunk symbols after filtering: 0 symbols - 
[2025-11-25T17:03:54.563Z] [2025-11-25T17:03:54.565Z] [INDEXING-ORCHESTRATOR] [DEBUG] 📍 Chunk 277-329: 0 candidate symbols
[2025-11-25T17:03:54.563Z] [2025-11-25T17:03:54.565Z] [INDEXING-ORCHESTRATOR] [DEBUG] ✅ Chunk symbols after filtering: 0 symbols - 
[2025-11-25T17:03:54.563Z] [2025-11-25T17:03:54.565Z] [INDEXING-ORCHESTRATOR] [DEBUG] 📍 Chunk 330-333: 1 candidate symbols
[2025-11-25T17:03:54.563Z] [2025-11-25T17:03:54.565Z] [INDEXING-ORCHESTRATOR] [DEBUG] ✅ Chunk symbols after filtering: 1 symbols - tutorService
[2025-11-25T17:03:54.563Z] [2025-11-25T17:03:54.565Z] [INDEXING-ORCHESTRATOR] [DEBUG] Created 9 semantic chunks for c:\Projects\educatedplanet\dataservice\src\services\tutor.service.ts
[2025-11-25T17:03:54.563Z] [2025-11-25T17:03:54.565Z] [INDEXING-ORCHESTRATOR] [DEBUG] Average chunk size: 1017 characters
[2025-11-25T17:03:54.566Z] [2025-11-25T17:03:54.568Z] [TREESITTER-CHUNKER] [INFO] 🔍 Found class: unknown (325 lines)
[2025-11-25T17:03:54.566Z] [2025-11-25T17:03:54.568Z] [TREESITTER-CHUNKER] [INFO] 📤 Splitting large class: unknown (325 lines > 150)
[2025-11-25T17:03:54.566Z] [2025-11-25T17:03:54.568Z] [TREESITTER-CHUNKER] [INFO] 🔧 Extracting methods from large class with 2 children
[2025-11-25T17:03:54.566Z] [2025-11-25T17:03:54.568Z] [TREESITTER-CHUNKER] [INFO] 🔍 Checking 30 nodes for methods (using class_body)
[2025-11-25T17:03:54.566Z] [2025-11-25T17:03:54.568Z] [TREESITTER-CHUNKER] [INFO]    Child type: public_field_definition at lines 17-17
[2025-11-25T17:03:54.566Z] [2025-11-25T17:03:54.568Z] [TREESITTER-CHUNKER] [INFO]    Child type: method_definition at lines 19-24
[2025-11-25T17:03:54.566Z] [2025-11-25T17:03:54.568Z] [TREESITTER-CHUNKER] [INFO]    🎯 Found method: unknown (6 lines, 168 chars)
[2025-11-25T17:03:54.566Z] [2025-11-25T17:03:54.568Z] [TREESITTER-CHUNKER] [INFO]    ✅ Added method chunk: unknown
[2025-11-25T17:03:54.566Z] [2025-11-25T17:03:54.568Z] [TREESITTER-CHUNKER] [INFO]    Child type: comment at lines 25-27
[2025-11-25T17:03:54.566Z] [2025-11-25T17:03:54.568Z] [TREESITTER-CHUNKER] [INFO]    Child type: method_definition at lines 28-41
[2025-11-25T17:03:54.567Z] [2025-11-25T17:03:54.568Z] [TREESITTER-CHUNKER] [INFO]    🎯 Found method: unknown (14 lines, 462 chars)
[2025-11-25T17:03:54.567Z] [2025-11-25T17:03:54.568Z] [TREESITTER-CHUNKER] [INFO]    ✅ Added method chunk: unknown
[2025-11-25T17:03:54.567Z] [2025-11-25T17:03:54.568Z] [TREESITTER-CHUNKER] [INFO]    Child type: comment at lines 42-44
[2025-11-25T17:03:54.567Z] [2025-11-25T17:03:54.568Z] [TREESITTER-CHUNKER] [INFO]    Child type: method_definition at lines 45-73
[2025-11-25T17:03:54.567Z] [2025-11-25T17:03:54.568Z] [TREESITTER-CHUNKER] [INFO]    🎯 Found method: unknown (29 lines, 929 chars)
[2025-11-25T17:03:54.567Z] [2025-11-25T17:03:54.568Z] [TREESITTER-CHUNKER] [INFO]    ✅ Added method chunk: unknown
[2025-11-25T17:03:54.567Z] [2025-11-25T17:03:54.568Z] [TREESITTER-CHUNKER] [INFO]    Child type: comment at lines 75-77
[2025-11-25T17:03:54.567Z] [2025-11-25T17:03:54.568Z] [TREESITTER-CHUNKER] [INFO]    Child type: method_definition at lines 78-87
[2025-11-25T17:03:54.567Z] [2025-11-25T17:03:54.568Z] [TREESITTER-CHUNKER] [INFO]    🎯 Found method: unknown (10 lines, 308 chars)
[2025-11-25T17:03:54.567Z] [2025-11-25T17:03:54.568Z] [TREESITTER-CHUNKER] [INFO]    ✅ Added method chunk: unknown
[2025-11-25T17:03:54.567Z] [2025-11-25T17:03:54.568Z] [TREESITTER-CHUNKER] [INFO]    Child type: comment at lines 89-91
[2025-11-25T17:03:54.567Z] [2025-11-25T17:03:54.568Z] [TREESITTER-CHUNKER] [INFO]    Child type: method_definition at lines 92-99
[2025-11-25T17:03:54.567Z] [2025-11-25T17:03:54.568Z] [TREESITTER-CHUNKER] [INFO]    🎯 Found method: unknown (8 lines, 285 chars)
[2025-11-25T17:03:54.567Z] [2025-11-25T17:03:54.568Z] [TREESITTER-CHUNKER] [INFO]    ✅ Added method chunk: unknown
[2025-11-25T17:03:54.567Z] [2025-11-25T17:03:54.568Z] [TREESITTER-CHUNKER] [INFO]    Child type: comment at lines 101-103
[2025-11-25T17:03:54.567Z] [2025-11-25T17:03:54.568Z] [TREESITTER-CHUNKER] [INFO]    Child type: method_definition at lines 104-111
[2025-11-25T17:03:54.567Z] [2025-11-25T17:03:54.568Z] [TREESITTER-CHUNKER] [INFO]    🎯 Found method: unknown (8 lines, 299 chars)
[2025-11-25T17:03:54.567Z] [2025-11-25T17:03:54.568Z] [TREESITTER-CHUNKER] [INFO]    ✅ Added method chunk: unknown
[2025-11-25T17:03:54.567Z] [2025-11-25T17:03:54.568Z] [TREESITTER-CHUNKER] [INFO]    Child type: comment at lines 113-115
[2025-11-25T17:03:54.567Z] [2025-11-25T17:03:54.568Z] [TREESITTER-CHUNKER] [INFO]    Child type: method_definition at lines 116-162
[2025-11-25T17:03:54.567Z] [2025-11-25T17:03:54.569Z] [TREESITTER-CHUNKER] [INFO]    🎯 Found method: unknown (47 lines, 1109 chars)
[2025-11-25T17:03:54.567Z] [2025-11-25T17:03:54.569Z] [TREESITTER-CHUNKER] [INFO]    ✅ Added method chunk: unknown
[2025-11-25T17:03:54.567Z] [2025-11-25T17:03:54.569Z] [TREESITTER-CHUNKER] [INFO]    Child type: comment at lines 164-166
[2025-11-25T17:03:54.567Z] [2025-11-25T17:03:54.569Z] [TREESITTER-CHUNKER] [INFO]    Child type: method_definition at lines 167-191
[2025-11-25T17:03:54.567Z] [2025-11-25T17:03:54.569Z] [TREESITTER-CHUNKER] [INFO]    🎯 Found method: unknown (25 lines, 878 chars)
[2025-11-25T17:03:54.567Z] [2025-11-25T17:03:54.569Z] [TREESITTER-CHUNKER] [INFO]    ✅ Added method chunk: unknown
[2025-11-25T17:03:54.567Z] [2025-11-25T17:03:54.569Z] [TREESITTER-CHUNKER] [INFO]    Child type: comment at lines 193-195
[2025-11-25T17:03:54.567Z] [2025-11-25T17:03:54.569Z] [TREESITTER-CHUNKER] [INFO]    Child type: method_definition at lines 196-203
[2025-11-25T17:03:54.567Z] [2025-11-25T17:03:54.569Z] [TREESITTER-CHUNKER] [INFO]    🎯 Found method: unknown (8 lines, 276 chars)
[2025-11-25T17:03:54.567Z] [2025-11-25T17:03:54.569Z] [TREESITTER-CHUNKER] [INFO]    ✅ Added method chunk: unknown
[2025-11-25T17:03:54.567Z] [2025-11-25T17:03:54.569Z] [TREESITTER-CHUNKER] [INFO]    Child type: comment at lines 205-207
[2025-11-25T17:03:54.567Z] [2025-11-25T17:03:54.569Z] [TREESITTER-CHUNKER] [INFO]    Child type: method_definition at lines 208-215
[2025-11-25T17:03:54.567Z] [2025-11-25T17:03:54.569Z] [TREESITTER-CHUNKER] [INFO]    🎯 Found method: unknown (8 lines, 304 chars)
[2025-11-25T17:03:54.567Z] [2025-11-25T17:03:54.569Z] [TREESITTER-CHUNKER] [INFO]    ✅ Added method chunk: unknown
[2025-11-25T17:03:54.567Z] [2025-11-25T17:03:54.569Z] [TREESITTER-CHUNKER] [INFO]    Child type: comment at lines 217-219
[2025-11-25T17:03:54.567Z] [2025-11-25T17:03:54.569Z] [TREESITTER-CHUNKER] [INFO]    Child type: method_definition at lines 220-240
[2025-11-25T17:03:54.567Z] [2025-11-25T17:03:54.569Z] [TREESITTER-CHUNKER] [INFO]    🎯 Found method: unknown (21 lines, 646 chars)
[2025-11-25T17:03:54.567Z] [2025-11-25T17:03:54.569Z] [TREESITTER-CHUNKER] [INFO]    ✅ Added method chunk: unknown
[2025-11-25T17:03:54.567Z] [2025-11-25T17:03:54.569Z] [TREESITTER-CHUNKER] [INFO]    Child type: comment at lines 242-244
[2025-11-25T17:03:54.567Z] [2025-11-25T17:03:54.569Z] [TREESITTER-CHUNKER] [INFO]    Child type: method_definition at lines 245-268
[2025-11-25T17:03:54.567Z] [2025-11-25T17:03:54.569Z] [TREESITTER-CHUNKER] [INFO]    🎯 Found method: unknown (24 lines, 860 chars)
[2025-11-25T17:03:54.567Z] [2025-11-25T17:03:54.569Z] [TREESITTER-CHUNKER] [INFO]    ✅ Added method chunk: unknown
[2025-11-25T17:03:54.567Z] [2025-11-25T17:03:54.569Z] [TREESITTER-CHUNKER] [INFO]    Child type: comment at lines 270-272
[2025-11-25T17:03:54.567Z] [2025-11-25T17:03:54.569Z] [TREESITTER-CHUNKER] [INFO]    Child type: method_definition at lines 273-301
[2025-11-25T17:03:54.567Z] [2025-11-25T17:03:54.569Z] [TREESITTER-CHUNKER] [INFO]    🎯 Found method: unknown (29 lines, 804 chars)
[2025-11-25T17:03:54.567Z] [2025-11-25T17:03:54.569Z] [TREESITTER-CHUNKER] [INFO]    ✅ Added method chunk: unknown
[2025-11-25T17:03:54.567Z] [2025-11-25T17:03:54.569Z] [TREESITTER-CHUNKER] [INFO]    Child type: comment at lines 303-305
[2025-11-25T17:03:54.567Z] [2025-11-25T17:03:54.569Z] [TREESITTER-CHUNKER] [INFO]    Child type: method_definition at lines 306-322
[2025-11-25T17:03:54.567Z] [2025-11-25T17:03:54.569Z] [TREESITTER-CHUNKER] [INFO]    🎯 Found method: unknown (17 lines, 541 chars)
[2025-11-25T17:03:54.567Z] [2025-11-25T17:03:54.569Z] [TREESITTER-CHUNKER] [INFO]    ✅ Added method chunk: unknown
[2025-11-25T17:03:54.567Z] [2025-11-25T17:03:54.569Z] [TREESITTER-CHUNKER] [INFO]    Child type: comment at lines 324-326
[2025-11-25T17:03:54.567Z] [2025-11-25T17:03:54.569Z] [TREESITTER-CHUNKER] [INFO]    Child type: method_definition at lines 327-339
[2025-11-25T17:03:54.567Z] [2025-11-25T17:03:54.569Z] [TREESITTER-CHUNKER] [INFO]    🎯 Found method: unknown (13 lines, 398 chars)
[2025-11-25T17:03:54.567Z] [2025-11-25T17:03:54.569Z] [TREESITTER-CHUNKER] [INFO]    ✅ Added method chunk: unknown
[2025-11-25T17:03:54.567Z] [2025-11-25T17:03:54.569Z] [TREESITTER-CHUNKER] [INFO] 🏁 Extracted 15 methods from large class
[2025-11-25T17:03:54.576Z] [2025-11-25T17:03:54.578Z] [TREESITTER-CHUNKER] [INFO] Created 10 semantic chunks from c:\Projects\educatedplanet\dataservice\src\services\user.service.ts
[2025-11-25T17:03:54.621Z] [2025-11-25T17:03:54.623Z] [TREESITTER-FULL] [INFO] Extracted 2 symbols from c:\Projects\educatedplanet\dataservice\src\services\user.service.ts
[2025-11-25T17:03:54.621Z] [2025-11-25T17:03:54.623Z] [INDEXING-ORCHESTRATOR] [DEBUG] 🔍 Symbol extraction for c:\Projects\educatedplanet\dataservice\src\services\user.service.ts: 2 symbols, 5 imports
[2025-11-25T17:03:54.621Z] [2025-11-25T17:03:54.623Z] [INDEXING-ORCHESTRATOR] [DEBUG] 📍 Chunk 16-41: 0 candidate symbols
[2025-11-25T17:03:54.621Z] [2025-11-25T17:03:54.623Z] [INDEXING-ORCHESTRATOR] [DEBUG] ✅ Chunk symbols after filtering: 0 symbols - 
[2025-11-25T17:03:54.621Z] [2025-11-25T17:03:54.623Z] [INDEXING-ORCHESTRATOR] [DEBUG] 📍 Chunk 45-87: 0 candidate symbols
[2025-11-25T17:03:54.621Z] [2025-11-25T17:03:54.623Z] [INDEXING-ORCHESTRATOR] [DEBUG] ✅ Chunk symbols after filtering: 0 symbols - 
[2025-11-25T17:03:54.621Z] [2025-11-25T17:03:54.623Z] [INDEXING-ORCHESTRATOR] [DEBUG] 📍 Chunk 92-111: 0 candidate symbols
[2025-11-25T17:03:54.621Z] [2025-11-25T17:03:54.623Z] [INDEXING-ORCHESTRATOR] [DEBUG] ✅ Chunk symbols after filtering: 0 symbols - 
[2025-11-25T17:03:54.622Z] [2025-11-25T17:03:54.623Z] [INDEXING-ORCHESTRATOR] [DEBUG] 📍 Chunk 116-162: 0 candidate symbols
[2025-11-25T17:03:54.622Z] [2025-11-25T17:03:54.623Z] [INDEXING-ORCHESTRATOR] [DEBUG] ✅ Chunk symbols after filtering: 0 symbols - 
[2025-11-25T17:03:54.622Z] [2025-11-25T17:03:54.623Z] [INDEXING-ORCHESTRATOR] [DEBUG] 📍 Chunk 167-203: 0 candidate symbols
[2025-11-25T17:03:54.622Z] [2025-11-25T17:03:54.623Z] [INDEXING-ORCHESTRATOR] [DEBUG] ✅ Chunk symbols after filtering: 0 symbols - 
[2025-11-25T17:03:54.622Z] [2025-11-25T17:03:54.623Z] [INDEXING-ORCHESTRATOR] [DEBUG] 📍 Chunk 208-240: 0 candidate symbols
[2025-11-25T17:03:54.622Z] [2025-11-25T17:03:54.623Z] [INDEXING-ORCHESTRATOR] [DEBUG] ✅ Chunk symbols after filtering: 0 symbols - 
[2025-11-25T17:03:54.622Z] [2025-11-25T17:03:54.623Z] [INDEXING-ORCHESTRATOR] [DEBUG] 📍 Chunk 245-268: 0 candidate symbols
[2025-11-25T17:03:54.622Z] [2025-11-25T17:03:54.623Z] [INDEXING-ORCHESTRATOR] [DEBUG] ✅ Chunk symbols after filtering: 0 symbols - 
[2025-11-25T17:03:54.622Z] [2025-11-25T17:03:54.623Z] [INDEXING-ORCHESTRATOR] [DEBUG] 📍 Chunk 273-322: 0 candidate symbols
[2025-11-25T17:03:54.622Z] [2025-11-25T17:03:54.623Z] [INDEXING-ORCHESTRATOR] [DEBUG] ✅ Chunk symbols after filtering: 0 symbols - 
[2025-11-25T17:03:54.622Z] [2025-11-25T17:03:54.623Z] [INDEXING-ORCHESTRATOR] [DEBUG] 📍 Chunk 327-339: 0 candidate symbols
[2025-11-25T17:03:54.622Z] [2025-11-25T17:03:54.623Z] [INDEXING-ORCHESTRATOR] [DEBUG] ✅ Chunk symbols after filtering: 0 symbols - 
[2025-11-25T17:03:54.622Z] [2025-11-25T17:03:54.623Z] [INDEXING-ORCHESTRATOR] [DEBUG] 📍 Chunk 340-343: 1 candidate symbols
[2025-11-25T17:03:54.622Z] [2025-11-25T17:03:54.623Z] [INDEXING-ORCHESTRATOR] [DEBUG] ✅ Chunk symbols after filtering: 1 symbols - userService
[2025-11-25T17:03:54.622Z] [2025-11-25T17:03:54.623Z] [INDEXING-ORCHESTRATOR] [DEBUG] Created 10 semantic chunks for c:\Projects\educatedplanet\dataservice\src\services\user.service.ts
[2025-11-25T17:03:54.622Z] [2025-11-25T17:03:54.623Z] [INDEXING-ORCHESTRATOR] [DEBUG] Average chunk size: 868 characters
[2025-11-25T17:03:54.625Z] [2025-11-25T17:03:54.627Z] [TREESITTER-CHUNKER] [INFO] Created 1 semantic chunks from c:\Projects\educatedplanet\models\src\index.ts
[2025-11-25T17:03:54.630Z] [2025-11-25T17:03:54.631Z] [TREESITTER-FULL] [INFO] Extracted 0 symbols from c:\Projects\educatedplanet\models\src\index.ts
[2025-11-25T17:03:54.630Z] [2025-11-25T17:03:54.631Z] [INDEXING-ORCHESTRATOR] [DEBUG] 🔍 Symbol extraction for c:\Projects\educatedplanet\models\src\index.ts: 0 symbols, 0 imports
[2025-11-25T17:03:54.630Z] [2025-11-25T17:03:54.631Z] [INDEXING-ORCHESTRATOR] [DEBUG] 📍 Chunk 1-119: 0 candidate symbols
[2025-11-25T17:03:54.630Z] [2025-11-25T17:03:54.631Z] [INDEXING-ORCHESTRATOR] [DEBUG] ✅ Chunk symbols after filtering: 0 symbols - 
[2025-11-25T17:03:54.630Z] [2025-11-25T17:03:54.631Z] [INDEXING-ORCHESTRATOR] [DEBUG] Created 1 semantic chunks for c:\Projects\educatedplanet\models\src\index.ts
[2025-11-25T17:03:54.630Z] [2025-11-25T17:03:54.631Z] [INDEXING-ORCHESTRATOR] [DEBUG] Average chunk size: 2256 characters
[2025-11-25T17:03:54.633Z] [2025-11-25T17:03:54.634Z] [TREESITTER-CHUNKER] [INFO] Created 1 semantic chunks from c:\Projects\educatedplanet\models\src\index.js
[2025-11-25T17:03:54.640Z] [2025-11-25T17:03:54.642Z] [TREESITTER-FULL] [INFO] Extracted 0 symbols from c:\Projects\educatedplanet\models\src\index.js
[2025-11-25T17:03:54.640Z] [2025-11-25T17:03:54.642Z] [INDEXING-ORCHESTRATOR] [DEBUG] 🔍 Symbol extraction for c:\Projects\educatedplanet\models\src\index.js: 0 symbols, 0 imports
[2025-11-25T17:03:54.640Z] [2025-11-25T17:03:54.642Z] [INDEXING-ORCHESTRATOR] [DEBUG] 📍 Chunk 1-27: 0 candidate symbols
[2025-11-25T17:03:54.640Z] [2025-11-25T17:03:54.642Z] [INDEXING-ORCHESTRATOR] [DEBUG] ✅ Chunk symbols after filtering: 0 symbols - 
[2025-11-25T17:03:54.640Z] [2025-11-25T17:03:54.642Z] [INDEXING-ORCHESTRATOR] [DEBUG] Created 1 semantic chunks for c:\Projects\educatedplanet\models\src\index.js
[2025-11-25T17:03:54.640Z] [2025-11-25T17:03:54.642Z] [INDEXING-ORCHESTRATOR] [DEBUG] Average chunk size: 1176 characters
[2025-11-25T17:03:54.645Z] [2025-11-25T17:03:54.647Z] [TREESITTER-CHUNKER] [INFO] Created 2 semantic chunks from c:\Projects\educatedplanet\models\src\subject\types.ts
[2025-11-25T17:03:54.652Z] [2025-11-25T17:03:54.654Z] [TREESITTER-FULL] [INFO] Extracted 9 symbols from c:\Projects\educatedplanet\models\src\subject\types.ts
[2025-11-25T17:03:54.652Z] [2025-11-25T17:03:54.654Z] [INDEXING-ORCHESTRATOR] [DEBUG] 🔍 Symbol extraction for c:\Projects\educatedplanet\models\src\subject\types.ts: 9 symbols, 1 imports
[2025-11-25T17:03:54.652Z] [2025-11-25T17:03:54.654Z] [INDEXING-ORCHESTRATOR] [DEBUG] 📍 Chunk 6-48: 3 candidate symbols
[2025-11-25T17:03:54.652Z] [2025-11-25T17:03:54.654Z] [INDEXING-ORCHESTRATOR] [DEBUG] ✅ Chunk symbols after filtering: 3 symbols - Subject, SubjectMetadata, CreateSubjectInput
[2025-11-25T17:03:54.652Z] [2025-11-25T17:03:54.654Z] [INDEXING-ORCHESTRATOR] [DEBUG] 📍 Chunk 50-97: 6 candidate symbols
[2025-11-25T17:03:54.652Z] [2025-11-25T17:03:54.654Z] [INDEXING-ORCHESTRATOR] [DEBUG] ✅ Chunk symbols after filtering: 6 symbols - UpdateSubjectInput, SubjectSearchParams, SubjectWithClasses, AddClassToSubjectInput, RemoveClassFromSubjectInput, BulkSubjectOperation
[2025-11-25T17:03:54.652Z] [2025-11-25T17:03:54.654Z] [INDEXING-ORCHESTRATOR] [DEBUG] Created 2 semantic chunks for c:\Projects\educatedplanet\models\src\subject\types.ts
[2025-11-25T17:03:54.652Z] [2025-11-25T17:03:54.654Z] [INDEXING-ORCHESTRATOR] [DEBUG] Average chunk size: 1351 characters
[2025-11-25T17:03:54.652Z] [2025-11-25T17:03:54.654Z] [INDEXING-ORCHESTRATOR] [DEBUG] 📊 Processed: 260/302 files
[2025-11-25T17:03:54.659Z] [2025-11-25T17:03:54.660Z] [TREESITTER-CHUNKER] [INFO] Created 1 semantic chunks from c:\Projects\educatedplanet\models\src\tutor\index.ts
[2025-11-25T17:03:54.659Z] [2025-11-25T17:03:54.661Z] [TREESITTER-FULL] [INFO] Extracted 0 symbols from c:\Projects\educatedplanet\models\src\tutor\index.ts
[2025-11-25T17:03:54.659Z] [2025-11-25T17:03:54.661Z] [INDEXING-ORCHESTRATOR] [DEBUG] 🔍 Symbol extraction for c:\Projects\educatedplanet\models\src\tutor\index.ts: 0 symbols, 0 imports
[2025-11-25T17:03:54.659Z] [2025-11-25T17:03:54.661Z] [INDEXING-ORCHESTRATOR] [DEBUG] 📍 Chunk 1-6: 0 candidate symbols
[2025-11-25T17:03:54.659Z] [2025-11-25T17:03:54.661Z] [INDEXING-ORCHESTRATOR] [DEBUG] ✅ Chunk symbols after filtering: 0 symbols - 
[2025-11-25T17:03:54.659Z] [2025-11-25T17:03:54.661Z] [INDEXING-ORCHESTRATOR] [DEBUG] Created 1 semantic chunks for c:\Projects\educatedplanet\models\src\tutor\index.ts
[2025-11-25T17:03:54.659Z] [2025-11-25T17:03:54.661Z] [INDEXING-ORCHESTRATOR] [DEBUG] Average chunk size: 101 characters
[2025-11-25T17:03:54.669Z] [2025-11-25T17:03:54.670Z] [TREESITTER-CHUNKER] [INFO] Created 5 semantic chunks from c:\Projects\educatedplanet\models\src\tutor\admin.types.ts
[2025-11-25T17:03:54.695Z] [2025-11-25T17:03:54.697Z] [TREESITTER-FULL] [INFO] Extracted 19 symbols from c:\Projects\educatedplanet\models\src\tutor\admin.types.ts
[2025-11-25T17:03:54.695Z] [2025-11-25T17:03:54.697Z] [INDEXING-ORCHESTRATOR] [DEBUG] 🔍 Symbol extraction for c:\Projects\educatedplanet\models\src\tutor\admin.types.ts: 19 symbols, 2 imports
[2025-11-25T17:03:54.695Z] [2025-11-25T17:03:54.697Z] [INDEXING-ORCHESTRATOR] [DEBUG] 📍 Chunk 7-48: 2 candidate symbols
[2025-11-25T17:03:54.695Z] [2025-11-25T17:03:54.697Z] [INDEXING-ORCHESTRATOR] [DEBUG] ✅ Chunk symbols after filtering: 2 symbols - TutorStatus, TutorAdmin
[2025-11-25T17:03:54.695Z] [2025-11-25T17:03:54.697Z] [INDEXING-ORCHESTRATOR] [DEBUG] 📍 Chunk 53-133: 1 candidate symbols
[2025-11-25T17:03:54.695Z] [2025-11-25T17:03:54.697Z] [INDEXING-ORCHESTRATOR] [DEBUG] ✅ Chunk symbols after filtering: 1 symbols - TutorData
[2025-11-25T17:03:54.695Z] [2025-11-25T17:03:54.697Z] [INDEXING-ORCHESTRATOR] [DEBUG] 📍 Chunk 138-202: 4 candidate symbols
[2025-11-25T17:03:54.695Z] [2025-11-25T17:03:54.697Z] [INDEXING-ORCHESTRATOR] [DEBUG] ✅ Chunk symbols after filtering: 4 symbols - TutorAdminListItem, TutorApprovalQueue, BulkOperationRequest, BulkOperationResult
[2025-11-25T17:03:54.696Z] [2025-11-25T17:03:54.697Z] [INDEXING-ORCHESTRATOR] [DEBUG] 📍 Chunk 207-283: 7 candidate symbols
[2025-11-25T17:03:54.696Z] [2025-11-25T17:03:54.697Z] [INDEXING-ORCHESTRATOR] [DEBUG] ✅ Chunk symbols after filtering: 7 symbols - TutorDashboardStats, TutorAnalyticsFilter, TutorAdminSearchParams, TutorVerificationUpdate, TutorApprovalUpdate, TutorRejectionUpdate, TutorSuspensionUpdate
[2025-11-25T17:03:54.696Z] [2025-11-25T17:03:54.697Z] [INDEXING-ORCHESTRATOR] [DEBUG] 📍 Chunk 288-328: 5 candidate symbols
[2025-11-25T17:03:54.696Z] [2025-11-25T17:03:54.697Z] [INDEXING-ORCHESTRATOR] [DEBUG] ✅ Chunk symbols after filtering: 5 symbols - TutorSubject, SubjectOption, ClassOption, SubjectsResponse, SubjectsClassesResponse
[2025-11-25T17:03:54.696Z] [2025-11-25T17:03:54.697Z] [INDEXING-ORCHESTRATOR] [DEBUG] Created 5 semantic chunks for c:\Projects\educatedplanet\models\src\tutor\admin.types.ts
[2025-11-25T17:03:54.696Z] [2025-11-25T17:03:54.697Z] [INDEXING-ORCHESTRATOR] [DEBUG] Average chunk size: 1276 characters
[2025-11-25T17:03:54.702Z] [2025-11-25T17:03:54.704Z] [TREESITTER-CHUNKER] [INFO] Created 4 semantic chunks from c:\Projects\educatedplanet\models\src\tutor\tutor.types.ts
[2025-11-25T17:03:54.714Z] [2025-11-25T17:03:54.715Z] [TREESITTER-FULL] [INFO] Extracted 20 symbols from c:\Projects\educatedplanet\models\src\tutor\tutor.types.ts
[2025-11-25T17:03:54.714Z] [2025-11-25T17:03:54.715Z] [INDEXING-ORCHESTRATOR] [DEBUG] 🔍 Symbol extraction for c:\Projects\educatedplanet\models\src\tutor\tutor.types.ts: 20 symbols, 0 imports
[2025-11-25T17:03:54.714Z] [2025-11-25T17:03:54.715Z] [INDEXING-ORCHESTRATOR] [DEBUG] 📍 Chunk 5-81: 8 candidate symbols
[2025-11-25T17:03:54.714Z] [2025-11-25T17:03:54.715Z] [INDEXING-ORCHESTRATOR] [DEBUG] ✅ Chunk symbols after filtering: 8 symbols - Tutor, TutorRating, TeachingMode, TutorLocation, TutorPrice, TutorSearchFilters, TutorCardVariant, ExtendedTutor
[2025-11-25T17:03:54.714Z] [2025-11-25T17:03:54.715Z] [INDEXING-ORCHESTRATOR] [DEBUG] 📍 Chunk 86-140: 6 candidate symbols
[2025-11-25T17:03:54.714Z] [2025-11-25T17:03:54.715Z] [INDEXING-ORCHESTRATOR] [DEBUG] ✅ Chunk symbols after filtering: 6 symbols - Education, Language, Availability, WeekdayAvailability, TimeSlot, Review
[2025-11-25T17:03:54.714Z] [2025-11-25T17:03:54.715Z] [INDEXING-ORCHESTRATOR] [DEBUG] 📍 Chunk 149-232: 5 candidate symbols
[2025-11-25T17:03:54.714Z] [2025-11-25T17:03:54.716Z] [INDEXING-ORCHESTRATOR] [DEBUG] ✅ Chunk symbols after filtering: 5 symbols - CreateTutorInput, UpdateTutorInput, TutorSearchParams, CreateReviewInput, UpdateReviewInput
[2025-11-25T17:03:54.714Z] [2025-11-25T17:03:54.716Z] [INDEXING-ORCHESTRATOR] [DEBUG] 📍 Chunk 237-245: 1 candidate symbols
[2025-11-25T17:03:54.714Z] [2025-11-25T17:03:54.716Z] [INDEXING-ORCHESTRATOR] [DEBUG] ✅ Chunk symbols after filtering: 1 symbols - ReviewSearchParams
[2025-11-25T17:03:54.714Z] [2025-11-25T17:03:54.716Z] [INDEXING-ORCHESTRATOR] [DEBUG] Created 4 semantic chunks for c:\Projects\educatedplanet\models\src\tutor\tutor.types.ts
[2025-11-25T17:03:54.714Z] [2025-11-25T17:03:54.716Z] [INDEXING-ORCHESTRATOR] [DEBUG] Average chunk size: 1013 characters
[2025-11-25T17:03:54.715Z] [2025-11-25T17:03:54.716Z] [TREESITTER-CHUNKER] [INFO] Created 1 semantic chunks from c:\Projects\educatedplanet\models\src\user\user.types.js
[2025-11-25T17:03:54.715Z] [2025-11-25T17:03:54.717Z] [TREESITTER-FULL] [INFO] Extracted 0 symbols from c:\Projects\educatedplanet\models\src\user\user.types.js
[2025-11-25T17:03:54.715Z] [2025-11-25T17:03:54.717Z] [INDEXING-ORCHESTRATOR] [DEBUG] 🔍 Symbol extraction for c:\Projects\educatedplanet\models\src\user\user.types.js: 0 symbols, 0 imports
[2025-11-25T17:03:54.715Z] [2025-11-25T17:03:54.717Z] [INDEXING-ORCHESTRATOR] [DEBUG] 📍 Chunk 1-3: 0 candidate symbols
[2025-11-25T17:03:54.715Z] [2025-11-25T17:03:54.717Z] [INDEXING-ORCHESTRATOR] [DEBUG] ✅ Chunk symbols after filtering: 0 symbols - 
[2025-11-25T17:03:54.715Z] [2025-11-25T17:03:54.717Z] [INDEXING-ORCHESTRATOR] [DEBUG] Created 1 semantic chunks for c:\Projects\educatedplanet\models\src\user\user.types.js
[2025-11-25T17:03:54.715Z] [2025-11-25T17:03:54.717Z] [INDEXING-ORCHESTRATOR] [DEBUG] Average chunk size: 115 characters
[2025-11-25T17:03:54.716Z] [2025-11-25T17:03:54.717Z] [TREESITTER-CHUNKER] [INFO] Created 1 semantic chunks from c:\Projects\educatedplanet\models\src\tutor\tutor.types.js
[2025-11-25T17:03:54.716Z] [2025-11-25T17:03:54.718Z] [TREESITTER-FULL] [INFO] Extracted 0 symbols from c:\Projects\educatedplanet\models\src\tutor\tutor.types.js
[2025-11-25T17:03:54.716Z] [2025-11-25T17:03:54.718Z] [INDEXING-ORCHESTRATOR] [DEBUG] 🔍 Symbol extraction for c:\Projects\educatedplanet\models\src\tutor\tutor.types.js: 0 symbols, 0 imports
[2025-11-25T17:03:54.716Z] [2025-11-25T17:03:54.718Z] [INDEXING-ORCHESTRATOR] [DEBUG] 📍 Chunk 1-3: 0 candidate symbols
[2025-11-25T17:03:54.716Z] [2025-11-25T17:03:54.718Z] [INDEXING-ORCHESTRATOR] [DEBUG] ✅ Chunk symbols after filtering: 0 symbols - 
[2025-11-25T17:03:54.716Z] [2025-11-25T17:03:54.718Z] [INDEXING-ORCHESTRATOR] [DEBUG] Created 1 semantic chunks for c:\Projects\educatedplanet\models\src\tutor\tutor.types.js
[2025-11-25T17:03:54.716Z] [2025-11-25T17:03:54.718Z] [INDEXING-ORCHESTRATOR] [DEBUG] Average chunk size: 116 characters
[2025-11-25T17:03:54.722Z] [2025-11-25T17:03:54.723Z] [TREESITTER-CHUNKER] [INFO] Created 3 semantic chunks from c:\Projects\educatedplanet\models\src\user\user.types.ts
[2025-11-25T17:03:54.729Z] [2025-11-25T17:03:54.731Z] [TREESITTER-FULL] [INFO] Extracted 15 symbols from c:\Projects\educatedplanet\models\src\user\user.types.ts
[2025-11-25T17:03:54.729Z] [2025-11-25T17:03:54.731Z] [INDEXING-ORCHESTRATOR] [DEBUG] 🔍 Symbol extraction for c:\Projects\educatedplanet\models\src\user\user.types.ts: 15 symbols, 0 imports
[2025-11-25T17:03:54.729Z] [2025-11-25T17:03:54.731Z] [INDEXING-ORCHESTRATOR] [DEBUG] 📍 Chunk 4-91: 8 candidate symbols
[2025-11-25T17:03:54.729Z] [2025-11-25T17:03:54.731Z] [INDEXING-ORCHESTRATOR] [DEBUG] ✅ Chunk symbols after filtering: 8 symbols - User, UserRole, UserRegistration, UserLogin, UserProfile, Address, UserPreferences, NotificationPreferences
[2025-11-25T17:03:54.729Z] [2025-11-25T17:03:54.731Z] [INDEXING-ORCHESTRATOR] [DEBUG] 📍 Chunk 96-120: 3 candidate symbols
[2025-11-25T17:03:54.729Z] [2025-11-25T17:03:54.731Z] [INDEXING-ORCHESTRATOR] [DEBUG] ✅ Chunk symbols after filtering: 3 symbols - PrivacySettings, ExtendedUser, UserStats
[2025-11-25T17:03:54.729Z] [2025-11-25T17:03:54.731Z] [INDEXING-ORCHESTRATOR] [DEBUG] 📍 Chunk 129-171: 4 candidate symbols
[2025-11-25T17:03:54.729Z] [2025-11-25T17:03:54.731Z] [INDEXING-ORCHESTRATOR] [DEBUG] ✅ Chunk symbols after filtering: 4 symbols - CreateUserInput, UpdateUserInput, LoginInput, UserSearchParams
[2025-11-25T17:03:54.729Z] [2025-11-25T17:03:54.731Z] [INDEXING-ORCHESTRATOR] [DEBUG] Created 3 semantic chunks for c:\Projects\educatedplanet\models\src\user\user.types.ts
[2025-11-25T17:03:54.729Z] [2025-11-25T17:03:54.731Z] [INDEXING-ORCHESTRATOR] [DEBUG] Average chunk size: 894 characters
[2025-11-25T17:03:54.735Z] [2025-11-25T17:03:54.737Z] [TREESITTER-CHUNKER] [INFO] Created 1 semantic chunks from c:\Projects\educatedplanet\models\src\user\index.ts
[2025-11-25T17:03:54.736Z] [2025-11-25T17:03:54.737Z] [TREESITTER-FULL] [INFO] Extracted 0 symbols from c:\Projects\educatedplanet\models\src\user\index.ts
[2025-11-25T17:03:54.736Z] [2025-11-25T17:03:54.737Z] [INDEXING-ORCHESTRATOR] [DEBUG] 🔍 Symbol extraction for c:\Projects\educatedplanet\models\src\user\index.ts: 0 symbols, 0 imports
[2025-11-25T17:03:54.736Z] [2025-11-25T17:03:54.737Z] [INDEXING-ORCHESTRATOR] [DEBUG] 📍 Chunk 1-5: 0 candidate symbols
[2025-11-25T17:03:54.736Z] [2025-11-25T17:03:54.737Z] [INDEXING-ORCHESTRATOR] [DEBUG] ✅ Chunk symbols after filtering: 0 symbols - 
[2025-11-25T17:03:54.736Z] [2025-11-25T17:03:54.737Z] [INDEXING-ORCHESTRATOR] [DEBUG] Created 1 semantic chunks for c:\Projects\educatedplanet\models\src\user\index.ts
[2025-11-25T17:03:54.736Z] [2025-11-25T17:03:54.737Z] [INDEXING-ORCHESTRATOR] [DEBUG] Average chunk size: 68 characters
[2025-11-25T17:03:54.738Z] [2025-11-25T17:03:54.740Z] [TREESITTER-CHUNKER] [INFO] Created 1 semantic chunks from c:\Projects\educatedplanet\web\app\featured-tutors-demo\page.tsx
[2025-11-25T17:03:54.745Z] [2025-11-25T17:03:54.747Z] [TREESITTER-FULL] [INFO] Extracted 1 symbols from c:\Projects\educatedplanet\web\app\featured-tutors-demo\page.tsx
[2025-11-25T17:03:54.745Z] [2025-11-25T17:03:54.747Z] [INDEXING-ORCHESTRATOR] [DEBUG] 🔍 Symbol extraction for c:\Projects\educatedplanet\web\app\featured-tutors-demo\page.tsx: 1 symbols, 1 imports
[2025-11-25T17:03:54.745Z] [2025-11-25T17:03:54.747Z] [INDEXING-ORCHESTRATOR] [DEBUG] 📍 Chunk 3-30: 1 candidate symbols
[2025-11-25T17:03:54.746Z] [2025-11-25T17:03:54.747Z] [INDEXING-ORCHESTRATOR] [DEBUG] ✅ Chunk symbols after filtering: 1 symbols - FeaturedTutorsDemoPage
[2025-11-25T17:03:54.746Z] [2025-11-25T17:03:54.747Z] [INDEXING-ORCHESTRATOR] [DEBUG] Created 1 semantic chunks for c:\Projects\educatedplanet\web\app\featured-tutors-demo\page.tsx
[2025-11-25T17:03:54.746Z] [2025-11-25T17:03:54.747Z] [INDEXING-ORCHESTRATOR] [DEBUG] Average chunk size: 924 characters
[2025-11-25T17:03:54.777Z] [2025-11-25T17:03:54.778Z] [TREESITTER-CHUNKER] [INFO] Created 1 semantic chunks from c:\Projects\educatedplanet\web\app\demo\page.tsx
[2025-11-25T17:03:55.020Z] [2025-11-25T17:03:55.022Z] [TREESITTER-FULL] [INFO] Extracted 3 symbols from c:\Projects\educatedplanet\web\app\demo\page.tsx
[2025-11-25T17:03:55.020Z] [2025-11-25T17:03:55.022Z] [INDEXING-ORCHESTRATOR] [DEBUG] 🔍 Symbol extraction for c:\Projects\educatedplanet\web\app\demo\page.tsx: 3 symbols, 6 imports
[2025-11-25T17:03:55.020Z] [2025-11-25T17:03:55.022Z] [INDEXING-ORCHESTRATOR] [DEBUG] 📍 Chunk 1-343: 3 candidate symbols
[2025-11-25T17:03:55.020Z] [2025-11-25T17:03:55.022Z] [INDEXING-ORCHESTRATOR] [DEBUG] ✅ Chunk symbols after filtering: 3 symbols - features, components, demoTutors
[2025-11-25T17:03:55.020Z] [2025-11-25T17:03:55.022Z] [INDEXING-ORCHESTRATOR] [DEBUG] Created 1 semantic chunks for c:\Projects\educatedplanet\web\app\demo\page.tsx
[2025-11-25T17:03:55.020Z] [2025-11-25T17:03:55.022Z] [INDEXING-ORCHESTRATOR] [DEBUG] Average chunk size: 13510 characters
[2025-11-25T17:03:55.025Z] [2025-11-25T17:03:55.027Z] [TREESITTER-CHUNKER] [INFO] Created 1 semantic chunks from c:\Projects\educatedplanet\web\app\layout.tsx
[2025-11-25T17:03:55.035Z] [2025-11-25T17:03:55.036Z] [TREESITTER-FULL] [INFO] Extracted 5 symbols from c:\Projects\educatedplanet\web\app\layout.tsx
[2025-11-25T17:03:55.035Z] [2025-11-25T17:03:55.036Z] [INDEXING-ORCHESTRATOR] [DEBUG] 🔍 Symbol extraction for c:\Projects\educatedplanet\web\app\layout.tsx: 5 symbols, 4 imports
[2025-11-25T17:03:55.035Z] [2025-11-25T17:03:55.036Z] [INDEXING-ORCHESTRATOR] [DEBUG] 📍 Chunk 32-49: 1 candidate symbols
[2025-11-25T17:03:55.035Z] [2025-11-25T17:03:55.036Z] [INDEXING-ORCHESTRATOR] [DEBUG] ✅ Chunk symbols after filtering: 1 symbols - RootLayout
[2025-11-25T17:03:55.035Z] [2025-11-25T17:03:55.036Z] [INDEXING-ORCHESTRATOR] [DEBUG] Created 1 semantic chunks for c:\Projects\educatedplanet\web\app\layout.tsx
[2025-11-25T17:03:55.035Z] [2025-11-25T17:03:55.036Z] [INDEXING-ORCHESTRATOR] [DEBUG] Average chunk size: 392 characters
[2025-11-25T17:03:55.035Z] [2025-11-25T17:03:55.036Z] [INDEXING-ORCHESTRATOR] [DEBUG] 📊 Processed: 270/302 files
[2025-11-25T17:03:55.047Z] [2025-11-25T17:03:55.049Z] [TREESITTER-CHUNKER] [INFO] Created 1 semantic chunks from c:\Projects\educatedplanet\web\components\auth\index.ts
[2025-11-25T17:03:55.047Z] [2025-11-25T17:03:55.049Z] [TREESITTER-FULL] [INFO] Extracted 0 symbols from c:\Projects\educatedplanet\web\components\auth\index.ts
[2025-11-25T17:03:55.047Z] [2025-11-25T17:03:55.049Z] [INDEXING-ORCHESTRATOR] [DEBUG] 🔍 Symbol extraction for c:\Projects\educatedplanet\web\components\auth\index.ts: 0 symbols, 0 imports
[2025-11-25T17:03:55.047Z] [2025-11-25T17:03:55.049Z] [INDEXING-ORCHESTRATOR] [DEBUG] 📍 Chunk 1-1: 0 candidate symbols
[2025-11-25T17:03:55.047Z] [2025-11-25T17:03:55.049Z] [INDEXING-ORCHESTRATOR] [DEBUG] ✅ Chunk symbols after filtering: 0 symbols - 
[2025-11-25T17:03:55.047Z] [2025-11-25T17:03:55.049Z] [INDEXING-ORCHESTRATOR] [DEBUG] Created 1 semantic chunks for c:\Projects\educatedplanet\web\components\auth\index.ts
[2025-11-25T17:03:55.047Z] [2025-11-25T17:03:55.049Z] [INDEXING-ORCHESTRATOR] [DEBUG] Average chunk size: 42 characters
[2025-11-25T17:03:55.065Z] [2025-11-25T17:03:55.066Z] [TREESITTER-CHUNKER] [INFO] Created 3 semantic chunks from c:\Projects\educatedplanet\web\components\auth\login-modal.tsx
[2025-11-25T17:03:55.126Z] [2025-11-25T17:03:55.127Z] [TREESITTER-FULL] [INFO] Extracted 6 symbols from c:\Projects\educatedplanet\web\components\auth\login-modal.tsx
[2025-11-25T17:03:55.126Z] [2025-11-25T17:03:55.127Z] [INDEXING-ORCHESTRATOR] [DEBUG] 🔍 Symbol extraction for c:\Projects\educatedplanet\web\components\auth\login-modal.tsx: 6 symbols, 6 imports
[2025-11-25T17:03:55.126Z] [2025-11-25T17:03:55.127Z] [INDEXING-ORCHESTRATOR] [DEBUG] 📍 Chunk 10-67: 4 candidate symbols
[2025-11-25T17:03:55.126Z] [2025-11-25T17:03:55.127Z] [INDEXING-ORCHESTRATOR] [DEBUG] ✅ Chunk symbols after filtering: 4 symbols - LoginModalProps, OTPFormProps, OTPForm, OTPVerifyProps
[2025-11-25T17:03:55.126Z] [2025-11-25T17:03:55.127Z] [INDEXING-ORCHESTRATOR] [DEBUG] 📍 Chunk 69-128: 1 candidate symbols
[2025-11-25T17:03:55.126Z] [2025-11-25T17:03:55.127Z] [INDEXING-ORCHESTRATOR] [DEBUG] ✅ Chunk symbols after filtering: 1 symbols - OTPVerify
[2025-11-25T17:03:55.126Z] [2025-11-25T17:03:55.127Z] [INDEXING-ORCHESTRATOR] [DEBUG] 📍 Chunk 130-215: 1 candidate symbols
[2025-11-25T17:03:55.126Z] [2025-11-25T17:03:55.127Z] [INDEXING-ORCHESTRATOR] [DEBUG] ✅ Chunk symbols after filtering: 1 symbols - LoginModal
[2025-11-25T17:03:55.126Z] [2025-11-25T17:03:55.127Z] [INDEXING-ORCHESTRATOR] [DEBUG] Created 3 semantic chunks for c:\Projects\educatedplanet\web\components\auth\login-modal.tsx
[2025-11-25T17:03:55.126Z] [2025-11-25T17:03:55.128Z] [INDEXING-ORCHESTRATOR] [DEBUG] Average chunk size: 1713 characters
[2025-11-25T17:03:55.140Z] [2025-11-25T17:03:55.142Z] [TREESITTER-CHUNKER] [INFO] Created 2 semantic chunks from c:\Projects\educatedplanet\web\components\featured-tutors\featured-tutors-section.tsx
[2025-11-25T17:03:55.166Z] [2025-11-25T17:03:55.168Z] [TREESITTER-FULL] [INFO] Extracted 1 symbols from c:\Projects\educatedplanet\web\components\featured-tutors\featured-tutors-section.tsx
[2025-11-25T17:03:55.166Z] [2025-11-25T17:03:55.168Z] [INDEXING-ORCHESTRATOR] [DEBUG] 🔍 Symbol extraction for c:\Projects\educatedplanet\web\components\featured-tutors\featured-tutors-section.tsx: 1 symbols, 7 imports
[2025-11-25T17:03:55.166Z] [2025-11-25T17:03:55.168Z] [INDEXING-ORCHESTRATOR] [DEBUG] 📍 Chunk 11-18: 1 candidate symbols
[2025-11-25T17:03:55.166Z] [2025-11-25T17:03:55.168Z] [INDEXING-ORCHESTRATOR] [DEBUG] ✅ Chunk symbols after filtering: 1 symbols - FeaturedTutorsSectionProps
[2025-11-25T17:03:55.166Z] [2025-11-25T17:03:55.168Z] [INDEXING-ORCHESTRATOR] [DEBUG] 📍 Chunk 19-140: 0 candidate symbols
[2025-11-25T17:03:55.166Z] [2025-11-25T17:03:55.168Z] [INDEXING-ORCHESTRATOR] [DEBUG] ✅ Chunk symbols after filtering: 0 symbols - 
[2025-11-25T17:03:55.166Z] [2025-11-25T17:03:55.168Z] [INDEXING-ORCHESTRATOR] [DEBUG] Created 2 semantic chunks for c:\Projects\educatedplanet\web\components\featured-tutors\featured-tutors-section.tsx
[2025-11-25T17:03:55.166Z] [2025-11-25T17:03:55.168Z] [INDEXING-ORCHESTRATOR] [DEBUG] Average chunk size: 2325 characters
[2025-11-25T17:03:55.168Z] [2025-11-25T17:03:55.169Z] [TREESITTER-CHUNKER] [INFO] Created 1 semantic chunks from c:\Projects\educatedplanet\web\app\page.tsx
[2025-11-25T17:03:55.170Z] [2025-11-25T17:03:55.172Z] [TREESITTER-FULL] [INFO] Extracted 1 symbols from c:\Projects\educatedplanet\web\app\page.tsx
[2025-11-25T17:03:55.170Z] [2025-11-25T17:03:55.172Z] [INDEXING-ORCHESTRATOR] [DEBUG] 🔍 Symbol extraction for c:\Projects\educatedplanet\web\app\page.tsx: 1 symbols, 2 imports
[2025-11-25T17:03:55.170Z] [2025-11-25T17:03:55.172Z] [INDEXING-ORCHESTRATOR] [DEBUG] 📍 Chunk 6-21: 1 candidate symbols
[2025-11-25T17:03:55.170Z] [2025-11-25T17:03:55.172Z] [INDEXING-ORCHESTRATOR] [DEBUG] ✅ Chunk symbols after filtering: 1 symbols - Home
[2025-11-25T17:03:55.170Z] [2025-11-25T17:03:55.172Z] [INDEXING-ORCHESTRATOR] [DEBUG] Created 1 semantic chunks for c:\Projects\educatedplanet\web\app\page.tsx
[2025-11-25T17:03:55.170Z] [2025-11-25T17:03:55.172Z] [INDEXING-ORCHESTRATOR] [DEBUG] Average chunk size: 507 characters
[2025-11-25T17:03:55.171Z] [2025-11-25T17:03:55.173Z] [TREESITTER-CHUNKER] [INFO] Created 1 semantic chunks from c:\Projects\educatedplanet\web\components\featured-tutors\index.ts
[2025-11-25T17:03:55.172Z] [2025-11-25T17:03:55.173Z] [TREESITTER-FULL] [INFO] Extracted 0 symbols from c:\Projects\educatedplanet\web\components\featured-tutors\index.ts
[2025-11-25T17:03:55.172Z] [2025-11-25T17:03:55.173Z] [INDEXING-ORCHESTRATOR] [DEBUG] 🔍 Symbol extraction for c:\Projects\educatedplanet\web\components\featured-tutors\index.ts: 0 symbols, 0 imports
[2025-11-25T17:03:55.172Z] [2025-11-25T17:03:55.173Z] [INDEXING-ORCHESTRATOR] [DEBUG] 📍 Chunk 1-4: 0 candidate symbols
[2025-11-25T17:03:55.172Z] [2025-11-25T17:03:55.173Z] [INDEXING-ORCHESTRATOR] [DEBUG] ✅ Chunk symbols after filtering: 0 symbols - 
[2025-11-25T17:03:55.172Z] [2025-11-25T17:03:55.173Z] [INDEXING-ORCHESTRATOR] [DEBUG] Created 1 semantic chunks for c:\Projects\educatedplanet\web\components\featured-tutors\index.ts
[2025-11-25T17:03:55.172Z] [2025-11-25T17:03:55.173Z] [INDEXING-ORCHESTRATOR] [DEBUG] Average chunk size: 209 characters
[2025-11-25T17:03:55.178Z] [2025-11-25T17:03:55.179Z] [TREESITTER-CHUNKER] [INFO] Created 2 semantic chunks from c:\Projects\educatedplanet\web\components\featured-tutors\rating-stars.tsx
[2025-11-25T17:03:55.196Z] [2025-11-25T17:03:55.197Z] [TREESITTER-FULL] [INFO] Extracted 4 symbols from c:\Projects\educatedplanet\web\components\featured-tutors\rating-stars.tsx
[2025-11-25T17:03:55.196Z] [2025-11-25T17:03:55.197Z] [INDEXING-ORCHESTRATOR] [DEBUG] 🔍 Symbol extraction for c:\Projects\educatedplanet\web\components\featured-tutors\rating-stars.tsx: 4 symbols, 3 imports
[2025-11-25T17:03:55.196Z] [2025-11-25T17:03:55.197Z] [INDEXING-ORCHESTRATOR] [DEBUG] 📍 Chunk 7-13: 1 candidate symbols
[2025-11-25T17:03:55.197Z] [2025-11-25T17:03:55.197Z] [INDEXING-ORCHESTRATOR] [DEBUG] ✅ Chunk symbols after filtering: 1 symbols - RatingStarsProps
[2025-11-25T17:03:55.197Z] [2025-11-25T17:03:55.197Z] [INDEXING-ORCHESTRATOR] [DEBUG] 📍 Chunk 14-95: 3 candidate symbols
[2025-11-25T17:03:55.197Z] [2025-11-25T17:03:55.197Z] [INDEXING-ORCHESTRATOR] [DEBUG] ✅ Chunk symbols after filtering: 3 symbols - fullStars, sizeClasses, textSizes
[2025-11-25T17:03:55.197Z] [2025-11-25T17:03:55.197Z] [INDEXING-ORCHESTRATOR] [DEBUG] Created 2 semantic chunks for c:\Projects\educatedplanet\web\components\featured-tutors\rating-stars.tsx
[2025-11-25T17:03:55.197Z] [2025-11-25T17:03:55.197Z] [INDEXING-ORCHESTRATOR] [DEBUG] Average chunk size: 1117 characters
[2025-11-25T17:03:55.201Z] [2025-11-25T17:03:55.203Z] [TREESITTER-CHUNKER] [INFO] Created 2 semantic chunks from c:\Projects\educatedplanet\web\components\featured-tutors\teaching-mode-badge.tsx
[2025-11-25T17:03:55.217Z] [2025-11-25T17:03:55.218Z] [TREESITTER-FULL] [INFO] Extracted 4 symbols from c:\Projects\educatedplanet\web\components\featured-tutors\teaching-mode-badge.tsx
[2025-11-25T17:03:55.217Z] [2025-11-25T17:03:55.218Z] [INDEXING-ORCHESTRATOR] [DEBUG] 🔍 Symbol extraction for c:\Projects\educatedplanet\web\components\featured-tutors\teaching-mode-badge.tsx: 4 symbols, 4 imports
[2025-11-25T17:03:55.217Z] [2025-11-25T17:03:55.218Z] [INDEXING-ORCHESTRATOR] [DEBUG] 📍 Chunk 8-12: 1 candidate symbols
[2025-11-25T17:03:55.217Z] [2025-11-25T17:03:55.218Z] [INDEXING-ORCHESTRATOR] [DEBUG] ✅ Chunk symbols after filtering: 1 symbols - TeachingModeBadgeProps
[2025-11-25T17:03:55.217Z] [2025-11-25T17:03:55.218Z] [INDEXING-ORCHESTRATOR] [DEBUG] 📍 Chunk 13-81: 3 candidate symbols
[2025-11-25T17:03:55.217Z] [2025-11-25T17:03:55.218Z] [INDEXING-ORCHESTRATOR] [DEBUG] ✅ Chunk symbols after filtering: 3 symbols - getBadgeInfo, sizeClasses, iconSizes
[2025-11-25T17:03:55.217Z] [2025-11-25T17:03:55.218Z] [INDEXING-ORCHESTRATOR] [DEBUG] Created 2 semantic chunks for c:\Projects\educatedplanet\web\components\featured-tutors\teaching-mode-badge.tsx
[2025-11-25T17:03:55.217Z] [2025-11-25T17:03:55.218Z] [INDEXING-ORCHESTRATOR] [DEBUG] Average chunk size: 999 characters
[2025-11-25T17:03:55.229Z] [2025-11-25T17:03:55.230Z] [TREESITTER-CHUNKER] [INFO] Created 1 semantic chunks from c:\Projects\educatedplanet\web\components\featured-tutors\integration-example.tsx
[2025-11-25T17:03:55.250Z] [2025-11-25T17:03:55.251Z] [TREESITTER-FULL] [INFO] Extracted 0 symbols from c:\Projects\educatedplanet\web\components\featured-tutors\integration-example.tsx
[2025-11-25T17:03:55.250Z] [2025-11-25T17:03:55.252Z] [INDEXING-ORCHESTRATOR] [DEBUG] 🔍 Symbol extraction for c:\Projects\educatedplanet\web\components\featured-tutors\integration-example.tsx: 0 symbols, 4 imports
[2025-11-25T17:03:55.250Z] [2025-11-25T17:03:55.252Z] [INDEXING-ORCHESTRATOR] [DEBUG] 📍 Chunk 1-103: 0 candidate symbols
[2025-11-25T17:03:55.250Z] [2025-11-25T17:03:55.252Z] [INDEXING-ORCHESTRATOR] [DEBUG] ✅ Chunk symbols after filtering: 0 symbols - 
[2025-11-25T17:03:55.250Z] [2025-11-25T17:03:55.252Z] [INDEXING-ORCHESTRATOR] [DEBUG] Created 1 semantic chunks for c:\Projects\educatedplanet\web\components\featured-tutors\integration-example.tsx
[2025-11-25T17:03:55.250Z] [2025-11-25T17:03:55.252Z] [INDEXING-ORCHESTRATOR] [DEBUG] Average chunk size: 4831 characters
[2025-11-25T17:03:55.267Z] [2025-11-25T17:03:55.269Z] [TREESITTER-CHUNKER] [INFO] Created 2 semantic chunks from c:\Projects\educatedplanet\web\components\featured-tutors\tutor-card.tsx
[2025-11-25T17:03:55.326Z] [2025-11-25T17:03:55.327Z] [TREESITTER-FULL] [INFO] Extracted 3 symbols from c:\Projects\educatedplanet\web\components\featured-tutors\tutor-card.tsx
[2025-11-25T17:03:55.326Z] [2025-11-25T17:03:55.328Z] [INDEXING-ORCHESTRATOR] [DEBUG] 🔍 Symbol extraction for c:\Projects\educatedplanet\web\components\featured-tutors\tutor-card.tsx: 3 symbols, 12 imports
[2025-11-25T17:03:55.326Z] [2025-11-25T17:03:55.328Z] [INDEXING-ORCHESTRATOR] [DEBUG] 📍 Chunk 16-22: 1 candidate symbols
[2025-11-25T17:03:55.326Z] [2025-11-25T17:03:55.328Z] [INDEXING-ORCHESTRATOR] [DEBUG] ✅ Chunk symbols after filtering: 1 symbols - TutorCardProps
[2025-11-25T17:03:55.326Z] [2025-11-25T17:03:55.328Z] [INDEXING-ORCHESTRATOR] [DEBUG] 📍 Chunk 23-190: 2 candidate symbols
[2025-11-25T17:03:55.326Z] [2025-11-25T17:03:55.328Z] [INDEXING-ORCHESTRATOR] [DEBUG] ✅ Chunk symbols after filtering: 2 symbols - handleViewProfile, variantStyles
[2025-11-25T17:03:55.326Z] [2025-11-25T17:03:55.328Z] [INDEXING-ORCHESTRATOR] [DEBUG] Created 2 semantic chunks for c:\Projects\educatedplanet\web\components\featured-tutors\tutor-card.tsx
[2025-11-25T17:03:55.326Z] [2025-11-25T17:03:55.328Z] [INDEXING-ORCHESTRATOR] [DEBUG] Average chunk size: 3176 characters
[2025-11-25T17:03:55.334Z] [2025-11-25T17:03:55.336Z] [TREESITTER-CHUNKER] [INFO] Created 2 semantic chunks from c:\Projects\educatedplanet\web\components\header\header.tsx
[2025-11-25T17:03:55.375Z] [2025-11-25T17:03:55.377Z] [TREESITTER-FULL] [INFO] Extracted 2 symbols from c:\Projects\educatedplanet\web\components\header\header.tsx
[2025-11-25T17:03:55.375Z] [2025-11-25T17:03:55.377Z] [INDEXING-ORCHESTRATOR] [DEBUG] 🔍 Symbol extraction for c:\Projects\educatedplanet\web\components\header\header.tsx: 2 symbols, 8 imports
[2025-11-25T17:03:55.375Z] [2025-11-25T17:03:55.377Z] [INDEXING-ORCHESTRATOR] [DEBUG] 📍 Chunk 12-14: 1 candidate symbols
[2025-11-25T17:03:55.376Z] [2025-11-25T17:03:55.377Z] [INDEXING-ORCHESTRATOR] [DEBUG] ✅ Chunk symbols after filtering: 1 symbols - HeaderProps
[2025-11-25T17:03:55.376Z] [2025-11-25T17:03:55.377Z] [INDEXING-ORCHESTRATOR] [DEBUG] 📍 Chunk 16-84: 1 candidate symbols
[2025-11-25T17:03:55.376Z] [2025-11-25T17:03:55.377Z] [INDEXING-ORCHESTRATOR] [DEBUG] ✅ Chunk symbols after filtering: 1 symbols - Header
[2025-11-25T17:03:55.376Z] [2025-11-25T17:03:55.377Z] [INDEXING-ORCHESTRATOR] [DEBUG] Created 2 semantic chunks for c:\Projects\educatedplanet\web\components\header\header.tsx
[2025-11-25T17:03:55.376Z] [2025-11-25T17:03:55.377Z] [INDEXING-ORCHESTRATOR] [DEBUG] Average chunk size: 1094 characters
[2025-11-25T17:03:55.376Z] [2025-11-25T17:03:55.377Z] [INDEXING-ORCHESTRATOR] [DEBUG] 📊 Processed: 280/302 files
[2025-11-25T17:03:55.385Z] [2025-11-25T17:03:55.387Z] [TREESITTER-CHUNKER] [INFO] Created 1 semantic chunks from c:\Projects\educatedplanet\web\components\header\index.ts
[2025-11-25T17:03:55.386Z] [2025-11-25T17:03:55.387Z] [TREESITTER-FULL] [INFO] Extracted 0 symbols from c:\Projects\educatedplanet\web\components\header\index.ts
[2025-11-25T17:03:55.386Z] [2025-11-25T17:03:55.387Z] [INDEXING-ORCHESTRATOR] [DEBUG] 🔍 Symbol extraction for c:\Projects\educatedplanet\web\components\header\index.ts: 0 symbols, 0 imports
[2025-11-25T17:03:55.386Z] [2025-11-25T17:03:55.387Z] [INDEXING-ORCHESTRATOR] [DEBUG] 📍 Chunk 1-4: 0 candidate symbols
[2025-11-25T17:03:55.386Z] [2025-11-25T17:03:55.387Z] [INDEXING-ORCHESTRATOR] [DEBUG] ✅ Chunk symbols after filtering: 0 symbols - 
[2025-11-25T17:03:55.386Z] [2025-11-25T17:03:55.387Z] [INDEXING-ORCHESTRATOR] [DEBUG] Created 1 semantic chunks for c:\Projects\educatedplanet\web\components\header\index.ts
[2025-11-25T17:03:55.386Z] [2025-11-25T17:03:55.387Z] [INDEXING-ORCHESTRATOR] [DEBUG] Average chunk size: 148 characters
[2025-11-25T17:03:55.391Z] [2025-11-25T17:03:55.393Z] [TREESITTER-CHUNKER] [INFO] Created 2 semantic chunks from c:\Projects\educatedplanet\web\components\header\mobile-menu.tsx
[2025-11-25T17:03:55.400Z] [2025-11-25T17:03:55.402Z] [TREESITTER-FULL] [INFO] Extracted 2 symbols from c:\Projects\educatedplanet\web\components\header\mobile-menu.tsx
[2025-11-25T17:03:55.400Z] [2025-11-25T17:03:55.402Z] [INDEXING-ORCHESTRATOR] [DEBUG] 🔍 Symbol extraction for c:\Projects\educatedplanet\web\components\header\mobile-menu.tsx: 2 symbols, 8 imports
[2025-11-25T17:03:55.400Z] [2025-11-25T17:03:55.402Z] [INDEXING-ORCHESTRATOR] [DEBUG] 📍 Chunk 12-14: 1 candidate symbols
[2025-11-25T17:03:55.401Z] [2025-11-25T17:03:55.402Z] [INDEXING-ORCHESTRATOR] [DEBUG] ✅ Chunk symbols after filtering: 1 symbols - MobileMenuProps
[2025-11-25T17:03:55.401Z] [2025-11-25T17:03:55.402Z] [INDEXING-ORCHESTRATOR] [DEBUG] 📍 Chunk 15-68: 1 candidate symbols
[2025-11-25T17:03:55.401Z] [2025-11-25T17:03:55.402Z] [INDEXING-ORCHESTRATOR] [DEBUG] ✅ Chunk symbols after filtering: 1 symbols - handleNavClick
[2025-11-25T17:03:55.401Z] [2025-11-25T17:03:55.402Z] [INDEXING-ORCHESTRATOR] [DEBUG] Created 2 semantic chunks for c:\Projects\educatedplanet\web\components\header\mobile-menu.tsx
[2025-11-25T17:03:55.401Z] [2025-11-25T17:03:55.402Z] [INDEXING-ORCHESTRATOR] [DEBUG] Average chunk size: 701 characters
[2025-11-25T17:03:55.404Z] [2025-11-25T17:03:55.405Z] [TREESITTER-CHUNKER] [INFO] Created 1 semantic chunks from c:\Projects\educatedplanet\web\components\header\logo.tsx
[2025-11-25T17:03:55.413Z] [2025-11-25T17:03:55.415Z] [TREESITTER-FULL] [INFO] Extracted 2 symbols from c:\Projects\educatedplanet\web\components\header\logo.tsx
[2025-11-25T17:03:55.413Z] [2025-11-25T17:03:55.415Z] [INDEXING-ORCHESTRATOR] [DEBUG] 🔍 Symbol extraction for c:\Projects\educatedplanet\web\components\header\logo.tsx: 2 symbols, 2 imports
[2025-11-25T17:03:55.413Z] [2025-11-25T17:03:55.415Z] [INDEXING-ORCHESTRATOR] [DEBUG] 📍 Chunk 4-53: 2 candidate symbols
[2025-11-25T17:03:55.414Z] [2025-11-25T17:03:55.415Z] [INDEXING-ORCHESTRATOR] [DEBUG] ✅ Chunk symbols after filtering: 2 symbols - LogoProps, Logo
[2025-11-25T17:03:55.414Z] [2025-11-25T17:03:55.415Z] [INDEXING-ORCHESTRATOR] [DEBUG] Created 1 semantic chunks for c:\Projects\educatedplanet\web\components\header\logo.tsx
[2025-11-25T17:03:55.414Z] [2025-11-25T17:03:55.415Z] [INDEXING-ORCHESTRATOR] [DEBUG] Average chunk size: 1194 characters
[2025-11-25T17:03:55.417Z] [2025-11-25T17:03:55.419Z] [TREESITTER-CHUNKER] [INFO] Created 1 semantic chunks from c:\Projects\educatedplanet\web\components\header\navigation.tsx
[2025-11-25T17:03:55.426Z] [2025-11-25T17:03:55.428Z] [TREESITTER-FULL] [INFO] Extracted 3 symbols from c:\Projects\educatedplanet\web\components\header\navigation.tsx
[2025-11-25T17:03:55.426Z] [2025-11-25T17:03:55.428Z] [INDEXING-ORCHESTRATOR] [DEBUG] 🔍 Symbol extraction for c:\Projects\educatedplanet\web\components\header\navigation.tsx: 3 symbols, 3 imports
[2025-11-25T17:03:55.426Z] [2025-11-25T17:03:55.428Z] [INDEXING-ORCHESTRATOR] [DEBUG] 📍 Chunk 7-74: 3 candidate symbols
[2025-11-25T17:03:55.427Z] [2025-11-25T17:03:55.428Z] [INDEXING-ORCHESTRATOR] [DEBUG] ✅ Chunk symbols after filtering: 3 symbols - NavigationProps, NavItemProps, NavItem
[2025-11-25T17:03:55.427Z] [2025-11-25T17:03:55.428Z] [INDEXING-ORCHESTRATOR] [DEBUG] Created 1 semantic chunks for c:\Projects\educatedplanet\web\components\header\navigation.tsx
[2025-11-25T17:03:55.427Z] [2025-11-25T17:03:55.428Z] [INDEXING-ORCHESTRATOR] [DEBUG] Average chunk size: 1439 characters
[2025-11-25T17:03:55.441Z] [2025-11-25T17:03:55.443Z] [TREESITTER-CHUNKER] [INFO] Created 2 semantic chunks from c:\Projects\educatedplanet\web\components\hero\hero-section.tsx
[2025-11-25T17:03:55.558Z] [2025-11-25T17:03:55.560Z] [TREESITTER-FULL] [INFO] Extracted 2 symbols from c:\Projects\educatedplanet\web\components\hero\hero-section.tsx
[2025-11-25T17:03:55.558Z] [2025-11-25T17:03:55.560Z] [INDEXING-ORCHESTRATOR] [DEBUG] 🔍 Symbol extraction for c:\Projects\educatedplanet\web\components\hero\hero-section.tsx: 2 symbols, 6 imports
[2025-11-25T17:03:55.558Z] [2025-11-25T17:03:55.560Z] [INDEXING-ORCHESTRATOR] [DEBUG] 📍 Chunk 10-12: 1 candidate symbols
[2025-11-25T17:03:55.559Z] [2025-11-25T17:03:55.560Z] [INDEXING-ORCHESTRATOR] [DEBUG] ✅ Chunk symbols after filtering: 1 symbols - HeroSectionProps
[2025-11-25T17:03:55.559Z] [2025-11-25T17:03:55.560Z] [INDEXING-ORCHESTRATOR] [DEBUG] 📍 Chunk 14-176: 1 candidate symbols
[2025-11-25T17:03:55.559Z] [2025-11-25T17:03:55.560Z] [INDEXING-ORCHESTRATOR] [DEBUG] ✅ Chunk symbols after filtering: 1 symbols - HeroSection
[2025-11-25T17:03:55.559Z] [2025-11-25T17:03:55.560Z] [INDEXING-ORCHESTRATOR] [DEBUG] Created 2 semantic chunks for c:\Projects\educatedplanet\web\components\hero\hero-section.tsx
[2025-11-25T17:03:55.559Z] [2025-11-25T17:03:55.560Z] [INDEXING-ORCHESTRATOR] [DEBUG] Average chunk size: 3196 characters
[2025-11-25T17:03:55.559Z] [2025-11-25T17:03:55.561Z] [TREESITTER-CHUNKER] [INFO] Created 1 semantic chunks from c:\Projects\educatedplanet\web\components\hero\index.ts
[2025-11-25T17:03:55.559Z] [2025-11-25T17:03:55.561Z] [TREESITTER-FULL] [INFO] Extracted 0 symbols from c:\Projects\educatedplanet\web\components\hero\index.ts
[2025-11-25T17:03:55.559Z] [2025-11-25T17:03:55.561Z] [INDEXING-ORCHESTRATOR] [DEBUG] 🔍 Symbol extraction for c:\Projects\educatedplanet\web\components\hero\index.ts: 0 symbols, 0 imports
[2025-11-25T17:03:55.559Z] [2025-11-25T17:03:55.561Z] [INDEXING-ORCHESTRATOR] [DEBUG] 📍 Chunk 1-2: 0 candidate symbols
[2025-11-25T17:03:55.560Z] [2025-11-25T17:03:55.561Z] [INDEXING-ORCHESTRATOR] [DEBUG] ✅ Chunk symbols after filtering: 0 symbols - 
[2025-11-25T17:03:55.560Z] [2025-11-25T17:03:55.561Z] [INDEXING-ORCHESTRATOR] [DEBUG] Created 1 semantic chunks for c:\Projects\educatedplanet\web\components\hero\index.ts
[2025-11-25T17:03:55.560Z] [2025-11-25T17:03:55.561Z] [INDEXING-ORCHESTRATOR] [DEBUG] Average chunk size: 99 characters
[2025-11-25T17:03:55.562Z] [2025-11-25T17:03:55.564Z] [TREESITTER-CHUNKER] [INFO] Created 2 semantic chunks from c:\Projects\educatedplanet\web\components\ui\badge.tsx
[2025-11-25T17:03:55.566Z] [2025-11-25T17:03:55.567Z] [TREESITTER-FULL] [INFO] Extracted 3 symbols from c:\Projects\educatedplanet\web\components\ui\badge.tsx
[2025-11-25T17:03:55.566Z] [2025-11-25T17:03:55.567Z] [INDEXING-ORCHESTRATOR] [DEBUG] 🔍 Symbol extraction for c:\Projects\educatedplanet\web\components\ui\badge.tsx: 3 symbols, 3 imports
[2025-11-25T17:03:55.566Z] [2025-11-25T17:03:55.567Z] [INDEXING-ORCHESTRATOR] [DEBUG] 📍 Chunk 26-34: 2 candidate symbols
[2025-11-25T17:03:55.566Z] [2025-11-25T17:03:55.567Z] [INDEXING-ORCHESTRATOR] [DEBUG] ✅ Chunk symbols after filtering: 2 symbols - BadgeProps, Badge
[2025-11-25T17:03:55.566Z] [2025-11-25T17:03:55.567Z] [INDEXING-ORCHESTRATOR] [DEBUG] 📍 Chunk 35-36: 0 candidate symbols
[2025-11-25T17:03:55.566Z] [2025-11-25T17:03:55.568Z] [INDEXING-ORCHESTRATOR] [DEBUG] ✅ Chunk symbols after filtering: 0 symbols - 
[2025-11-25T17:03:55.566Z] [2025-11-25T17:03:55.568Z] [INDEXING-ORCHESTRATOR] [DEBUG] Created 2 semantic chunks for c:\Projects\educatedplanet\web\components\ui\badge.tsx
[2025-11-25T17:03:55.566Z] [2025-11-25T17:03:55.568Z] [INDEXING-ORCHESTRATOR] [DEBUG] Average chunk size: 150 characters
[2025-11-25T17:03:55.569Z] [2025-11-25T17:03:55.570Z] [TREESITTER-CHUNKER] [INFO] Created 2 semantic chunks from c:\Projects\educatedplanet\web\components\ui\button.tsx
[2025-11-25T17:03:55.575Z] [2025-11-25T17:03:55.577Z] [TREESITTER-FULL] [INFO] Extracted 3 symbols from c:\Projects\educatedplanet\web\components\ui\button.tsx
[2025-11-25T17:03:55.575Z] [2025-11-25T17:03:55.577Z] [INDEXING-ORCHESTRATOR] [DEBUG] 🔍 Symbol extraction for c:\Projects\educatedplanet\web\components\ui\button.tsx: 3 symbols, 4 imports
[2025-11-25T17:03:55.575Z] [2025-11-25T17:03:55.577Z] [INDEXING-ORCHESTRATOR] [DEBUG] 📍 Chunk 36-40: 1 candidate symbols
[2025-11-25T17:03:55.575Z] [2025-11-25T17:03:55.577Z] [INDEXING-ORCHESTRATOR] [DEBUG] ✅ Chunk symbols after filtering: 1 symbols - ButtonProps
[2025-11-25T17:03:55.576Z] [2025-11-25T17:03:55.577Z] [INDEXING-ORCHESTRATOR] [DEBUG] 📍 Chunk 41-56: 1 candidate symbols
[2025-11-25T17:03:55.576Z] [2025-11-25T17:03:55.577Z] [INDEXING-ORCHESTRATOR] [DEBUG] ✅ Chunk symbols after filtering: 1 symbols - Button
[2025-11-25T17:03:55.576Z] [2025-11-25T17:03:55.577Z] [INDEXING-ORCHESTRATOR] [DEBUG] Created 2 semantic chunks for c:\Projects\educatedplanet\web\components\ui\button.tsx
[2025-11-25T17:03:55.576Z] [2025-11-25T17:03:55.577Z] [INDEXING-ORCHESTRATOR] [DEBUG] Average chunk size: 268 characters
[2025-11-25T17:03:55.583Z] [2025-11-25T17:03:55.585Z] [TREESITTER-CHUNKER] [INFO] Created 1 semantic chunks from c:\Projects\educatedplanet\web\components\ui\dialog.tsx
[2025-11-25T17:03:55.601Z] [2025-11-25T17:03:55.603Z] [TREESITTER-FULL] [INFO] Extracted 0 symbols from c:\Projects\educatedplanet\web\components\ui\dialog.tsx
[2025-11-25T17:03:55.601Z] [2025-11-25T17:03:55.603Z] [INDEXING-ORCHESTRATOR] [DEBUG] 🔍 Symbol extraction for c:\Projects\educatedplanet\web\components\ui\dialog.tsx: 0 symbols, 4 imports
[2025-11-25T17:03:55.601Z] [2025-11-25T17:03:55.603Z] [INDEXING-ORCHESTRATOR] [DEBUG] 📍 Chunk 1-120: 0 candidate symbols
[2025-11-25T17:03:55.601Z] [2025-11-25T17:03:55.603Z] [INDEXING-ORCHESTRATOR] [DEBUG] ✅ Chunk symbols after filtering: 0 symbols - 
[2025-11-25T17:03:55.601Z] [2025-11-25T17:03:55.603Z] [INDEXING-ORCHESTRATOR] [DEBUG] Created 1 semantic chunks for c:\Projects\educatedplanet\web\components\ui\dialog.tsx
[2025-11-25T17:03:55.601Z] [2025-11-25T17:03:55.603Z] [INDEXING-ORCHESTRATOR] [DEBUG] Average chunk size: 3855 characters
[2025-11-25T17:03:55.610Z] [2025-11-25T17:03:55.612Z] [TREESITTER-CHUNKER] [INFO] Created 1 semantic chunks from c:\Projects\educatedplanet\web\components\ui\card.tsx
[2025-11-25T17:03:55.627Z] [2025-11-25T17:03:55.628Z] [TREESITTER-FULL] [INFO] Extracted 0 symbols from c:\Projects\educatedplanet\web\components\ui\card.tsx
[2025-11-25T17:03:55.627Z] [2025-11-25T17:03:55.628Z] [INDEXING-ORCHESTRATOR] [DEBUG] 🔍 Symbol extraction for c:\Projects\educatedplanet\web\components\ui\card.tsx: 0 symbols, 2 imports
[2025-11-25T17:03:55.627Z] [2025-11-25T17:03:55.629Z] [INDEXING-ORCHESTRATOR] [DEBUG] 📍 Chunk 1-79: 0 candidate symbols
[2025-11-25T17:03:55.627Z] [2025-11-25T17:03:55.629Z] [INDEXING-ORCHESTRATOR] [DEBUG] ✅ Chunk symbols after filtering: 0 symbols - 
[2025-11-25T17:03:55.627Z] [2025-11-25T17:03:55.629Z] [INDEXING-ORCHESTRATOR] [DEBUG] Created 1 semantic chunks for c:\Projects\educatedplanet\web\components\ui\card.tsx
[2025-11-25T17:03:55.627Z] [2025-11-25T17:03:55.629Z] [INDEXING-ORCHESTRATOR] [DEBUG] Average chunk size: 1876 characters
[2025-11-25T17:03:55.627Z] [2025-11-25T17:03:55.629Z] [INDEXING-ORCHESTRATOR] [DEBUG] 📊 Processed: 290/302 files
[2025-11-25T17:03:55.643Z] [2025-11-25T17:03:55.645Z] [TREESITTER-CHUNKER] [INFO] Created 1 semantic chunks from c:\Projects\educatedplanet\web\components\ui\separator.tsx
[2025-11-25T17:03:55.646Z] [2025-11-25T17:03:55.648Z] [TREESITTER-FULL] [INFO] Extracted 0 symbols from c:\Projects\educatedplanet\web\components\ui\separator.tsx
[2025-11-25T17:03:55.646Z] [2025-11-25T17:03:55.648Z] [INDEXING-ORCHESTRATOR] [DEBUG] 🔍 Symbol extraction for c:\Projects\educatedplanet\web\components\ui\separator.tsx: 0 symbols, 3 imports
[2025-11-25T17:03:55.646Z] [2025-11-25T17:03:55.648Z] [INDEXING-ORCHESTRATOR] [DEBUG] 📍 Chunk 1-29: 0 candidate symbols
[2025-11-25T17:03:55.646Z] [2025-11-25T17:03:55.648Z] [INDEXING-ORCHESTRATOR] [DEBUG] ✅ Chunk symbols after filtering: 0 symbols - 
[2025-11-25T17:03:55.646Z] [2025-11-25T17:03:55.648Z] [INDEXING-ORCHESTRATOR] [DEBUG] Created 1 semantic chunks for c:\Projects\educatedplanet\web\components\ui\separator.tsx
[2025-11-25T17:03:55.646Z] [2025-11-25T17:03:55.648Z] [INDEXING-ORCHESTRATOR] [DEBUG] Average chunk size: 755 characters
[2025-11-25T17:03:55.648Z] [2025-11-25T17:03:55.649Z] [TREESITTER-CHUNKER] [INFO] Created 2 semantic chunks from c:\Projects\educatedplanet\web\components\ui\input.tsx
[2025-11-25T17:03:55.651Z] [2025-11-25T17:03:55.652Z] [TREESITTER-FULL] [INFO] Extracted 2 symbols from c:\Projects\educatedplanet\web\components\ui\input.tsx
[2025-11-25T17:03:55.651Z] [2025-11-25T17:03:55.652Z] [INDEXING-ORCHESTRATOR] [DEBUG] 🔍 Symbol extraction for c:\Projects\educatedplanet\web\components\ui\input.tsx: 2 symbols, 2 imports
[2025-11-25T17:03:55.651Z] [2025-11-25T17:03:55.652Z] [INDEXING-ORCHESTRATOR] [DEBUG] 📍 Chunk 5-6: 1 candidate symbols
[2025-11-25T17:03:55.651Z] [2025-11-25T17:03:55.652Z] [INDEXING-ORCHESTRATOR] [DEBUG] ✅ Chunk symbols after filtering: 1 symbols - InputProps
[2025-11-25T17:03:55.651Z] [2025-11-25T17:03:55.652Z] [INDEXING-ORCHESTRATOR] [DEBUG] 📍 Chunk 7-25: 1 candidate symbols
[2025-11-25T17:03:55.651Z] [2025-11-25T17:03:55.652Z] [INDEXING-ORCHESTRATOR] [DEBUG] ✅ Chunk symbols after filtering: 1 symbols - Input
[2025-11-25T17:03:55.651Z] [2025-11-25T17:03:55.652Z] [INDEXING-ORCHESTRATOR] [DEBUG] Created 2 semantic chunks for c:\Projects\educatedplanet\web\components\ui\input.tsx
[2025-11-25T17:03:55.651Z] [2025-11-25T17:03:55.652Z] [INDEXING-ORCHESTRATOR] [DEBUG] Average chunk size: 374 characters
[2025-11-25T17:03:55.653Z] [2025-11-25T17:03:55.654Z] [TREESITTER-CHUNKER] [INFO] Created 1 semantic chunks from c:\Projects\educatedplanet\web\components\ui\label.tsx
[2025-11-25T17:03:55.656Z] [2025-11-25T17:03:55.658Z] [TREESITTER-FULL] [INFO] Extracted 1 symbols from c:\Projects\educatedplanet\web\components\ui\label.tsx
[2025-11-25T17:03:55.656Z] [2025-11-25T17:03:55.658Z] [INDEXING-ORCHESTRATOR] [DEBUG] 🔍 Symbol extraction for c:\Projects\educatedplanet\web\components\ui\label.tsx: 1 symbols, 4 imports
[2025-11-25T17:03:55.657Z] [2025-11-25T17:03:55.658Z] [INDEXING-ORCHESTRATOR] [DEBUG] 📍 Chunk 1-24: 1 candidate symbols
[2025-11-25T17:03:55.657Z] [2025-11-25T17:03:55.658Z] [INDEXING-ORCHESTRATOR] [DEBUG] ✅ Chunk symbols after filtering: 1 symbols - labelVariants
[2025-11-25T17:03:55.657Z] [2025-11-25T17:03:55.658Z] [INDEXING-ORCHESTRATOR] [DEBUG] Created 1 semantic chunks for c:\Projects\educatedplanet\web\components\ui\label.tsx
[2025-11-25T17:03:55.657Z] [2025-11-25T17:03:55.658Z] [INDEXING-ORCHESTRATOR] [DEBUG] Average chunk size: 709 characters
[2025-11-25T17:03:55.668Z] [2025-11-25T17:03:55.669Z] [TREESITTER-CHUNKER] [INFO] Created 1 semantic chunks from c:\Projects\educatedplanet\web\components\ui\select.tsx
[2025-11-25T17:03:55.693Z] [2025-11-25T17:03:55.695Z] [TREESITTER-FULL] [INFO] Extracted 3 symbols from c:\Projects\educatedplanet\web\components\ui\select.tsx
[2025-11-25T17:03:55.693Z] [2025-11-25T17:03:55.695Z] [INDEXING-ORCHESTRATOR] [DEBUG] 🔍 Symbol extraction for c:\Projects\educatedplanet\web\components\ui\select.tsx: 3 symbols, 4 imports
[2025-11-25T17:03:55.693Z] [2025-11-25T17:03:55.695Z] [INDEXING-ORCHESTRATOR] [DEBUG] 📍 Chunk 1-158: 3 candidate symbols
[2025-11-25T17:03:55.693Z] [2025-11-25T17:03:55.695Z] [INDEXING-ORCHESTRATOR] [DEBUG] ✅ Chunk symbols after filtering: 3 symbols - SelectTrigger, SelectScrollUpButton, SelectScrollDownButton
[2025-11-25T17:03:55.693Z] [2025-11-25T17:03:55.695Z] [INDEXING-ORCHESTRATOR] [DEBUG] Created 1 semantic chunks for c:\Projects\educatedplanet\web\components\ui\select.tsx
[2025-11-25T17:03:55.693Z] [2025-11-25T17:03:55.695Z] [INDEXING-ORCHESTRATOR] [DEBUG] Average chunk size: 5614 characters
[2025-11-25T17:03:55.701Z] [2025-11-25T17:03:55.703Z] [TREESITTER-CHUNKER] [INFO] Created 2 semantic chunks from c:\Projects\educatedplanet\web\components\ui\sheet.tsx
[2025-11-25T17:03:55.722Z] [2025-11-25T17:03:55.724Z] [TREESITTER-FULL] [INFO] Extracted 3 symbols from c:\Projects\educatedplanet\web\components\ui\sheet.tsx
[2025-11-25T17:03:55.722Z] [2025-11-25T17:03:55.724Z] [INDEXING-ORCHESTRATOR] [DEBUG] 🔍 Symbol extraction for c:\Projects\educatedplanet\web\components\ui\sheet.tsx: 3 symbols, 5 imports
[2025-11-25T17:03:55.722Z] [2025-11-25T17:03:55.724Z] [INDEXING-ORCHESTRATOR] [DEBUG] 📍 Chunk 35-39: 1 candidate symbols
[2025-11-25T17:03:55.722Z] [2025-11-25T17:03:55.724Z] [INDEXING-ORCHESTRATOR] [DEBUG] ✅ Chunk symbols after filtering: 1 symbols - SheetContentProps
[2025-11-25T17:03:55.722Z] [2025-11-25T17:03:55.724Z] [INDEXING-ORCHESTRATOR] [DEBUG] 📍 Chunk 40-144: 1 candidate symbols
[2025-11-25T17:03:55.722Z] [2025-11-25T17:03:55.724Z] [INDEXING-ORCHESTRATOR] [DEBUG] ✅ Chunk symbols after filtering: 1 symbols - SheetContent
[2025-11-25T17:03:55.722Z] [2025-11-25T17:03:55.724Z] [INDEXING-ORCHESTRATOR] [DEBUG] Created 2 semantic chunks for c:\Projects\educatedplanet\web\components\ui\sheet.tsx
[2025-11-25T17:03:55.722Z] [2025-11-25T17:03:55.724Z] [INDEXING-ORCHESTRATOR] [DEBUG] Average chunk size: 1611 characters
[2025-11-25T17:03:55.730Z] [2025-11-25T17:03:55.731Z] [TREESITTER-CHUNKER] [INFO] Created 1 semantic chunks from c:\Projects\educatedplanet\web\data\featured-tutors-data.ts
[2025-11-25T17:03:55.744Z] [2025-11-25T17:03:55.746Z] [TREESITTER-FULL] [INFO] Extracted 1 symbols from c:\Projects\educatedplanet\web\data\featured-tutors-data.ts
[2025-11-25T17:03:55.744Z] [2025-11-25T17:03:55.746Z] [INDEXING-ORCHESTRATOR] [DEBUG] 🔍 Symbol extraction for c:\Projects\educatedplanet\web\data\featured-tutors-data.ts: 1 symbols, 1 imports
[2025-11-25T17:03:55.744Z] [2025-11-25T17:03:55.746Z] [INDEXING-ORCHESTRATOR] [DEBUG] 📍 Chunk 1-208: 1 candidate symbols
[2025-11-25T17:03:55.744Z] [2025-11-25T17:03:55.746Z] [INDEXING-ORCHESTRATOR] [DEBUG] ✅ Chunk symbols after filtering: 1 symbols - featuredTutors
[2025-11-25T17:03:55.744Z] [2025-11-25T17:03:55.746Z] [INDEXING-ORCHESTRATOR] [DEBUG] Created 1 semantic chunks for c:\Projects\educatedplanet\web\data\featured-tutors-data.ts
[2025-11-25T17:03:55.744Z] [2025-11-25T17:03:55.746Z] [INDEXING-ORCHESTRATOR] [DEBUG] Average chunk size: 4754 characters
[2025-11-25T17:03:55.745Z] [2025-11-25T17:03:55.747Z] [TREESITTER-CHUNKER] [INFO] Created 1 semantic chunks from c:\Projects\educatedplanet\web\eslint.config.mjs
[2025-11-25T17:03:55.747Z] [2025-11-25T17:03:55.748Z] [TREESITTER-FULL] [INFO] Extracted 1 symbols from c:\Projects\educatedplanet\web\eslint.config.mjs
[2025-11-25T17:03:55.747Z] [2025-11-25T17:03:55.748Z] [INDEXING-ORCHESTRATOR] [DEBUG] 🔍 Symbol extraction for c:\Projects\educatedplanet\web\eslint.config.mjs: 1 symbols, 3 imports
[2025-11-25T17:03:55.747Z] [2025-11-25T17:03:55.748Z] [INDEXING-ORCHESTRATOR] [DEBUG] 📍 Chunk 1-19: 1 candidate symbols
[2025-11-25T17:03:55.747Z] [2025-11-25T17:03:55.748Z] [INDEXING-ORCHESTRATOR] [DEBUG] ✅ Chunk symbols after filtering: 1 symbols - eslintConfig
[2025-11-25T17:03:55.747Z] [2025-11-25T17:03:55.748Z] [INDEXING-ORCHESTRATOR] [DEBUG] Created 1 semantic chunks for c:\Projects\educatedplanet\web\eslint.config.mjs
[2025-11-25T17:03:55.747Z] [2025-11-25T17:03:55.748Z] [INDEXING-ORCHESTRATOR] [DEBUG] Average chunk size: 464 characters
[2025-11-25T17:03:55.761Z] [2025-11-25T17:03:55.763Z] [TREESITTER-CHUNKER] [INFO] Created 6 semantic chunks from c:\Projects\educatedplanet\web\examples\header-usage.tsx
[2025-11-25T17:03:55.811Z] [2025-11-25T17:03:55.812Z] [TREESITTER-FULL] [INFO] Extracted 7 symbols from c:\Projects\educatedplanet\web\examples\header-usage.tsx
[2025-11-25T17:03:55.811Z] [2025-11-25T17:03:55.812Z] [INDEXING-ORCHESTRATOR] [DEBUG] 🔍 Symbol extraction for c:\Projects\educatedplanet\web\examples\header-usage.tsx: 7 symbols, 7 imports
[2025-11-25T17:03:55.811Z] [2025-11-25T17:03:55.812Z] [INDEXING-ORCHESTRATOR] [DEBUG] 📍 Chunk 13-23: 1 candidate symbols
[2025-11-25T17:03:55.811Z] [2025-11-25T17:03:55.812Z] [INDEXING-ORCHESTRATOR] [DEBUG] ✅ Chunk symbols after filtering: 1 symbols - BasicLayout
[2025-11-25T17:03:55.811Z] [2025-11-25T17:03:55.812Z] [INDEXING-ORCHESTRATOR] [DEBUG] 📍 Chunk 26-67: 1 candidate symbols
[2025-11-25T17:03:55.811Z] [2025-11-25T17:03:55.812Z] [INDEXING-ORCHESTRATOR] [DEBUG] ✅ Chunk symbols after filtering: 1 symbols - CustomHeaderExample
[2025-11-25T17:03:55.811Z] [2025-11-25T17:03:55.812Z] [INDEXING-ORCHESTRATOR] [DEBUG] 📍 Chunk 70-125: 3 candidate symbols
[2025-11-25T17:03:55.811Z] [2025-11-25T17:03:55.812Z] [INDEXING-ORCHESTRATOR] [DEBUG] ✅ Chunk symbols after filtering: 3 symbols - MinimalHeader, CustomNavigationHeader, FullPageLayout
[2025-11-25T17:03:55.811Z] [2025-11-25T17:03:55.812Z] [INDEXING-ORCHESTRATOR] [DEBUG] 📍 Chunk 128-169: 1 candidate symbols
[2025-11-25T17:03:55.811Z] [2025-11-25T17:03:55.812Z] [INDEXING-ORCHESTRATOR] [DEBUG] ✅ Chunk symbols after filtering: 1 symbols - HeaderWithSearch
[2025-11-25T17:03:55.811Z] [2025-11-25T17:03:55.812Z] [INDEXING-ORCHESTRATOR] [DEBUG] 📍 Chunk 172-197: 1 candidate symbols
[2025-11-25T17:03:55.811Z] [2025-11-25T17:03:55.812Z] [INDEXING-ORCHESTRATOR] [DEBUG] ✅ Chunk symbols after filtering: 1 symbols - DashboardHeader
[2025-11-25T17:03:55.811Z] [2025-11-25T17:03:55.812Z] [INDEXING-ORCHESTRATOR] [DEBUG] 📍 Chunk 198-216: 0 candidate symbols
[2025-11-25T17:03:55.811Z] [2025-11-25T17:03:55.812Z] [INDEXING-ORCHESTRATOR] [DEBUG] ✅ Chunk symbols after filtering: 0 symbols - 
[2025-11-25T17:03:55.811Z] [2025-11-25T17:03:55.812Z] [INDEXING-ORCHESTRATOR] [DEBUG] Created 6 semantic chunks for c:\Projects\educatedplanet\web\examples\header-usage.tsx
[2025-11-25T17:03:55.811Z] [2025-11-25T17:03:55.812Z] [INDEXING-ORCHESTRATOR] [DEBUG] Average chunk size: 910 characters
[2025-11-25T17:03:55.822Z] [2025-11-25T17:03:55.824Z] [TREESITTER-CHUNKER] [INFO] Created 3 semantic chunks from c:\Projects\educatedplanet\web\examples\hero-usage.tsx
[2025-11-25T17:03:55.923Z] [2025-11-25T17:03:55.924Z] [TREESITTER-FULL] [INFO] Extracted 4 symbols from c:\Projects\educatedplanet\web\examples\hero-usage.tsx
[2025-11-25T17:03:55.923Z] [2025-11-25T17:03:55.924Z] [INDEXING-ORCHESTRATOR] [DEBUG] 🔍 Symbol extraction for c:\Projects\educatedplanet\web\examples\hero-usage.tsx: 4 symbols, 3 imports
[2025-11-25T17:03:55.923Z] [2025-11-25T17:03:55.924Z] [INDEXING-ORCHESTRATOR] [DEBUG] 📍 Chunk 11-58: 2 candidate symbols
[2025-11-25T17:03:55.923Z] [2025-11-25T17:03:55.924Z] [INDEXING-ORCHESTRATOR] [DEBUG] ✅ Chunk symbols after filtering: 2 symbols - BasicHeroExample, HeroWithState
[2025-11-25T17:03:55.923Z] [2025-11-25T17:03:55.924Z] [INDEXING-ORCHESTRATOR] [DEBUG] 📍 Chunk 61-82: 1 candidate symbols
[2025-11-25T17:03:55.923Z] [2025-11-25T17:03:55.924Z] [INDEXING-ORCHESTRATOR] [DEBUG] ✅ Chunk symbols after filtering: 1 symbols - HeroWithAnalytics
[2025-11-25T17:03:55.923Z] [2025-11-25T17:03:55.924Z] [INDEXING-ORCHESTRATOR] [DEBUG] 📍 Chunk 83-183: 1 candidate symbols
[2025-11-25T17:03:55.923Z] [2025-11-25T17:03:55.924Z] [INDEXING-ORCHESTRATOR] [DEBUG] ✅ Chunk symbols after filtering: 1 symbols - handleSearch
[2025-11-25T17:03:55.923Z] [2025-11-25T17:03:55.924Z] [INDEXING-ORCHESTRATOR] [DEBUG] Created 3 semantic chunks for c:\Projects\educatedplanet\web\examples\hero-usage.tsx
[2025-11-25T17:03:55.923Z] [2025-11-25T17:03:55.924Z] [INDEXING-ORCHESTRATOR] [DEBUG] Average chunk size: 1730 characters
[2025-11-25T17:03:55.924Z] [2025-11-25T17:03:55.926Z] [TREESITTER-CHUNKER] [INFO] Created 1 semantic chunks from c:\Projects\educatedplanet\web\lib\utils.ts
[2025-11-25T17:03:55.925Z] [2025-11-25T17:03:55.927Z] [TREESITTER-FULL] [INFO] Extracted 1 symbols from c:\Projects\educatedplanet\web\lib\utils.ts
[2025-11-25T17:03:55.925Z] [2025-11-25T17:03:55.927Z] [INDEXING-ORCHESTRATOR] [DEBUG] 🔍 Symbol extraction for c:\Projects\educatedplanet\web\lib\utils.ts: 1 symbols, 2 imports
[2025-11-25T17:03:55.925Z] [2025-11-25T17:03:55.927Z] [INDEXING-ORCHESTRATOR] [DEBUG] 📍 Chunk 4-6: 1 candidate symbols
[2025-11-25T17:03:55.925Z] [2025-11-25T17:03:55.927Z] [INDEXING-ORCHESTRATOR] [DEBUG] ✅ Chunk symbols after filtering: 1 symbols - cn
[2025-11-25T17:03:55.926Z] [2025-11-25T17:03:55.927Z] [INDEXING-ORCHESTRATOR] [DEBUG] Created 1 semantic chunks for c:\Projects\educatedplanet\web\lib\utils.ts
[2025-11-25T17:03:55.926Z] [2025-11-25T17:03:55.927Z] [INDEXING-ORCHESTRATOR] [DEBUG] Average chunk size: 71 characters
[2025-11-25T17:03:55.926Z] [2025-11-25T17:03:55.927Z] [INDEXING-ORCHESTRATOR] [DEBUG] 📊 Processed: 300/302 files
[2025-11-25T17:03:55.934Z] [2025-11-25T17:03:55.935Z] [TREESITTER-CHUNKER] [INFO] Created 1 semantic chunks from c:\Projects\educatedplanet\web\postcss.config.mjs
[2025-11-25T17:03:55.934Z] [2025-11-25T17:03:55.936Z] [TREESITTER-FULL] [INFO] Extracted 1 symbols from c:\Projects\educatedplanet\web\postcss.config.mjs
[2025-11-25T17:03:55.934Z] [2025-11-25T17:03:55.936Z] [INDEXING-ORCHESTRATOR] [DEBUG] 🔍 Symbol extraction for c:\Projects\educatedplanet\web\postcss.config.mjs: 1 symbols, 0 imports
[2025-11-25T17:03:55.935Z] [2025-11-25T17:03:55.936Z] [INDEXING-ORCHESTRATOR] [DEBUG] 📍 Chunk 1-8: 1 candidate symbols
[2025-11-25T17:03:55.935Z] [2025-11-25T17:03:55.936Z] [INDEXING-ORCHESTRATOR] [DEBUG] ✅ Chunk symbols after filtering: 1 symbols - config
[2025-11-25T17:03:55.935Z] [2025-11-25T17:03:55.936Z] [INDEXING-ORCHESTRATOR] [DEBUG] Created 1 semantic chunks for c:\Projects\educatedplanet\web\postcss.config.mjs
[2025-11-25T17:03:55.935Z] [2025-11-25T17:03:55.936Z] [INDEXING-ORCHESTRATOR] [DEBUG] Average chunk size: 93 characters
[2025-11-25T17:03:55.935Z] [2025-11-25T17:03:55.937Z] [TREESITTER-CHUNKER] [INFO] Created 1 semantic chunks from c:\Projects\educatedplanet\web\next.config.ts
[2025-11-25T17:03:55.938Z] [2025-11-25T17:03:55.939Z] [TREESITTER-FULL] [INFO] Extracted 1 symbols from c:\Projects\educatedplanet\web\next.config.ts
[2025-11-25T17:03:55.938Z] [2025-11-25T17:03:55.939Z] [INDEXING-ORCHESTRATOR] [DEBUG] 🔍 Symbol extraction for c:\Projects\educatedplanet\web\next.config.ts: 1 symbols, 1 imports
[2025-11-25T17:03:55.938Z] [2025-11-25T17:03:55.939Z] [INDEXING-ORCHESTRATOR] [DEBUG] 📍 Chunk 1-27: 1 candidate symbols
[2025-11-25T17:03:55.938Z] [2025-11-25T17:03:55.940Z] [INDEXING-ORCHESTRATOR] [DEBUG] ✅ Chunk symbols after filtering: 1 symbols - nextConfig
[2025-11-25T17:03:55.938Z] [2025-11-25T17:03:55.940Z] [INDEXING-ORCHESTRATOR] [DEBUG] Created 1 semantic chunks for c:\Projects\educatedplanet\web\next.config.ts
[2025-11-25T17:03:55.938Z] [2025-11-25T17:03:55.940Z] [INDEXING-ORCHESTRATOR] [DEBUG] Average chunk size: 516 characters
[2025-11-25T17:03:55.938Z] [2025-11-25T17:03:55.940Z] [INDEXING-ORCHESTRATOR] [DEBUG] 📊 Processed: 302/302 files
[2025-11-25T17:03:55.938Z] [2025-11-25T17:03:55.940Z] [INDEXING-ORCHESTRATOR] [INFO] 🗑️ Force reindex enabled - clearing existing namespace: mcp_10ede6f9be1ccd09
[2025-11-25T17:03:59.034Z] [2025-11-25T17:03:59.035Z] [TurbopufferService] [INFO] ✅ Cleared namespace: mcp_10ede6f9be1ccd09
[2025-11-25T17:03:59.034Z] [2025-11-25T17:03:59.035Z] [INDEXING-ORCHESTRATOR] [INFO] ✅ Successfully cleared namespace: mcp_10ede6f9be1ccd09
[2025-11-25T17:03:59.034Z] [2025-11-25T17:03:59.035Z] [INDEXING-ORCHESTRATOR] [INFO] Uploading 665 chunks to vector store...
[2025-11-25T17:03:59.034Z] [2025-11-25T17:03:59.036Z] [INDEXING-ORCHESTRATOR] [INFO] Uploading 665 chunks to vector store and local metadata...
[2025-11-25T17:03:59.034Z] [2025-11-25T17:03:59.036Z] [INDEXING-ORCHESTRATOR] [INFO] 📦 Processing batch 1/67 (10 chunks)
[2025-11-25T17:03:59.034Z] [2025-11-25T17:03:59.036Z] [INDEXING-ORCHESTRATOR] [DEBUG] 🧠 Generating embeddings for 10 chunks...
[2025-11-25T17:04:02.017Z] [2025-11-25T17:04:02.018Z] [INDEXING-ORCHESTRATOR] [DEBUG] ✅ Generated 10 embeddings
[2025-11-25T17:04:02.017Z] [2025-11-25T17:04:02.018Z] [INDEXING-ORCHESTRATOR] [DEBUG] ⬆️  Upserting 10 vectors to namespace: mcp_10ede6f9be1ccd09
[2025-11-25T17:04:03.791Z] [2025-11-25T17:04:03.792Z] [INDEXING-ORCHESTRATOR] [WARN] ⚠️ Skipping batch 1 after retries failed. Continuing with remaining batches.
[2025-11-25T17:04:03.791Z] [2025-11-25T17:04:03.792Z] [INDEXING-ORCHESTRATOR] [WARN] Skipped batch error: "Turbopuffer upsert error (400): {\"error\":\"💔 This upsert contains duplicate document IDs and was not written. You should ensure that individual upserts do not include duplicate documents. The duplicated IDs in this batch were the following: c:\\\\Projects\\\\educatedplanet\\\\admin\\\\src\\\\app\\\\(main)\\\\auth\\\\_compon\",\"status\":\"error\"}"
[2025-11-25T17:04:03.791Z] [2025-11-25T17:04:03.792Z] [INDEXING-ORCHESTRATOR] [INFO] 📦 Processing batch 2/67 (10 chunks)
[2025-11-25T17:04:03.791Z] [2025-11-25T17:04:03.792Z] [INDEXING-ORCHESTRATOR] [DEBUG] 🧠 Generating embeddings for 10 chunks...
[2025-11-25T17:04:05.959Z] [2025-11-25T17:04:05.961Z] [INDEXING-ORCHESTRATOR] [DEBUG] ✅ Generated 10 embeddings
[2025-11-25T17:04:05.959Z] [2025-11-25T17:04:05.961Z] [INDEXING-ORCHESTRATOR] [DEBUG] ⬆️  Upserting 10 vectors to namespace: mcp_10ede6f9be1ccd09
[2025-11-25T17:04:07.268Z] [2025-11-25T17:04:07.269Z] [INDEXING-ORCHESTRATOR] [WARN] ⚠️ Skipping batch 2 after retries failed. Continuing with remaining batches.
[2025-11-25T17:04:07.268Z] [2025-11-25T17:04:07.269Z] [INDEXING-ORCHESTRATOR] [WARN] Skipped batch error: "Turbopuffer upsert error (400): {\"error\":\"💔 This upsert contains duplicate document IDs and was not written. You should ensure that individual upserts do not include duplicate documents. The duplicated IDs in this batch were the following: c:\\\\Projects\\\\educatedplanet\\\\admin\\\\src\\\\app\\\\(main)\\\\dashboard\\\\_c\",\"status\":\"error\"}"
[2025-11-25T17:04:07.268Z] [2025-11-25T17:04:07.269Z] [INDEXING-ORCHESTRATOR] [INFO] 📦 Processing batch 3/67 (10 chunks)
[2025-11-25T17:04:07.268Z] [2025-11-25T17:04:07.269Z] [INDEXING-ORCHESTRATOR] [DEBUG] 🧠 Generating embeddings for 10 chunks...
[2025-11-25T17:04:09.424Z] [2025-11-25T17:04:09.426Z] [INDEXING-ORCHESTRATOR] [DEBUG] ✅ Generated 10 embeddings
[2025-11-25T17:04:09.424Z] [2025-11-25T17:04:09.426Z] [INDEXING-ORCHESTRATOR] [DEBUG] ⬆️  Upserting 10 vectors to namespace: mcp_10ede6f9be1ccd09
[2025-11-25T17:04:10.778Z] [2025-11-25T17:04:10.780Z] [INDEXING-ORCHESTRATOR] [WARN] ⚠️ Skipping batch 3 after retries failed. Continuing with remaining batches.
[2025-11-25T17:04:10.784Z] [2025-11-25T17:04:10.780Z] [INDEXING-ORCHESTRATOR] [WARN] Skipped batch error: "Turbopuffer upsert error (400): {\"error\":\"💔 This upsert contains duplicate document IDs and was not written. You should ensure that individual upserts do not include duplicate documents. The duplicated IDs in this batch were the following: c:\\\\Projects\\\\educatedplanet\\\\admin\\\\src\\\\app\\\\(main)\\\\dashboard\\\\cl\",\"status\":\"error\"}"
[2025-11-25T17:04:10.784Z] [2025-11-25T17:04:10.780Z] [INDEXING-ORCHESTRATOR] [INFO] 📦 Processing batch 4/67 (10 chunks)
[2025-11-25T17:04:10.784Z] [2025-11-25T17:04:10.780Z] [INDEXING-ORCHESTRATOR] [DEBUG] 🧠 Generating embeddings for 10 chunks...
