[2025-11-28T04:57:02.823Z] 🔧 Intelligent Context MCP Configuration:
[2025-11-28T04:57:02.824Z] ==================================================
[2025-11-28T04:57:02.824Z] 📊 Log Level: INFO
[2025-11-28T04:57:02.824Z] 🌟 Wildcard Backend: ✅ Enabled (all-in-one solution)
[2025-11-28T04:57:02.824Z] 🚀 Available Capabilities:
[2025-11-28T04:57:02.824Z] 🔄 Result Reranking: ✅ Enabled (via Wildcard)
[2025-11-28T04:57:02.824Z] 🔍 Vector Search: ✅ Enabled (via Wildcard)
[2025-11-28T04:57:02.825Z] 📐 Embeddings: ✅ Enabled (via Wildcard)
[2025-11-28T04:57:02.825Z] ==================================================
[2025-11-28T04:57:02.826Z] 🔧 Intelligent Context MCP Configuration:
[2025-11-28T04:57:02.827Z] ==================================================
[2025-11-28T04:57:02.827Z] 📊 Log Level: INFO
[2025-11-28T04:57:02.827Z] 🌟 Wildcard Backend: ✅ Enabled (all-in-one solution)
[2025-11-28T04:57:02.827Z] 🚀 Available Capabilities:
[2025-11-28T04:57:02.827Z] 🔄 Result Reranking: ✅ Enabled (via Wildcard)
[2025-11-28T04:57:02.827Z] 🔍 Vector Search: ✅ Enabled (via Wildcard)
[2025-11-28T04:57:02.827Z] 📐 Embeddings: ✅ Enabled (via Wildcard)
[2025-11-28T04:57:02.827Z] ==================================================
[2025-11-28T04:57:02.828Z] [DEBUG] NamespaceManagerService.initialize() called
[2025-11-28T04:57:02.828Z] [DEBUG] Loading registry from: C:\Users\RakaThinkpad\.codex-context\indexed-codebases.json
[2025-11-28T04:57:02.829Z] 🔧 Capabilities: {"reranking":false,"vectorSearch":false,"localBM25":true}
[2025-11-28T04:57:02.829Z] 🌐 Wildcard backend: ENABLED (using hosted Fastify backend)
[2025-11-28T04:57:02.829Z]    Base URL: https://deepcontext.mcp.wild-card.ai
[2025-11-28T04:57:02.829Z] ⚠️  Jina API key not provided - result reranking will be disabled
[2025-11-28T04:57:02.829Z] 💡 Set JINA_API_KEY environment variable to enable result reranking
[2025-11-28T04:57:02.829Z] [DEBUG] NamespaceManagerService.initialize() called
[2025-11-28T04:57:02.829Z] [DEBUG] Loading registry from: C:\Users\RakaThinkpad\.codex-context\indexed-codebases.json
[2025-11-28T04:57:02.830Z] [BACKGROUND] Starting indexing for: C:\Projects\educatedplanet
[2025-11-28T04:57:02.830Z] [BACKGROUND] Using Wildcard API
[2025-11-28T04:57:02.830Z] [BACKGROUND] Wildcard API Key: 3de72897c9...
[2025-11-28T04:57:02.830Z] [BACKGROUND] Wildcard API URL: undefined
[2025-11-28T04:57:02.830Z] 🔧 Intelligent Context MCP Configuration:
[2025-11-28T04:57:02.831Z] ==================================================
[2025-11-28T04:57:02.831Z] 📊 Log Level: INFO
[2025-11-28T04:57:02.831Z] 🌟 Wildcard Backend: ✅ Enabled (all-in-one solution)
[2025-11-28T04:57:02.831Z] 🚀 Available Capabilities:
[2025-11-28T04:57:02.831Z] 🔄 Result Reranking: ✅ Enabled (via Wildcard)
[2025-11-28T04:57:02.831Z] 🔍 Vector Search: ✅ Enabled (via Wildcard)
[2025-11-28T04:57:02.831Z] 📐 Embeddings: ✅ Enabled (via Wildcard)
[2025-11-28T04:57:02.831Z] ==================================================
[2025-11-28T04:57:02.831Z] 🔧 Intelligent Context MCP Configuration:
[2025-11-28T04:57:02.831Z] ==================================================
[2025-11-28T04:57:02.831Z] 📊 Log Level: INFO
[2025-11-28T04:57:02.831Z] 🌟 Wildcard Backend: ✅ Enabled (all-in-one solution)
[2025-11-28T04:57:02.831Z] 🚀 Available Capabilities:
[2025-11-28T04:57:02.831Z] 🔄 Result Reranking: ✅ Enabled (via Wildcard)
[2025-11-28T04:57:02.831Z] 🔍 Vector Search: ✅ Enabled (via Wildcard)
[2025-11-28T04:57:02.831Z] [BACKGROUND] Initialized successfully
[2025-11-28T04:57:02.831Z] 📐 Embeddings: ✅ Enabled (via Wildcard)
[2025-11-28T04:57:02.831Z] ==================================================
[2025-11-28T04:57:02.831Z] [DEBUG] NamespaceManagerService.initialize() called
[2025-11-28T04:57:02.832Z] [DEBUG] Loading registry from: C:\Users\RakaThinkpad\.codex-context\indexed-codebases.json
[2025-11-28T04:57:02.833Z] [DEBUG] Successfully loaded 3 indexed codebases
[2025-11-28T04:57:02.835Z] [2025-11-28T04:57:02.835Z] [NamespaceManagerService] [INFO] 📂 Loaded 3 indexed codebases from disk
[2025-11-28T04:57:02.835Z] [DEBUG] NamespaceManagerService initialized with 3 indexed codebases
[2025-11-28T04:57:02.835Z] [2025-11-28T04:57:02.836Z] [NamespaceManagerService] [INFO] 🚀 NamespaceManagerService initialized with 3 indexed codebases
[2025-11-28T04:57:02.840Z] [DEBUG] Successfully loaded 3 indexed codebases
[2025-11-28T04:57:02.840Z] [2025-11-28T04:57:02.841Z] [NamespaceManagerService] [INFO] 📂 Loaded 3 indexed codebases from disk
[2025-11-28T04:57:02.840Z] [DEBUG] NamespaceManagerService initialized with 3 indexed codebases
[2025-11-28T04:57:02.840Z] [2025-11-28T04:57:02.841Z] [NamespaceManagerService] [INFO] 🚀 NamespaceManagerService initialized with 3 indexed codebases
[2025-11-28T04:57:02.840Z] [DEBUG] Successfully loaded 3 indexed codebases
[2025-11-28T04:57:02.841Z] [2025-11-28T04:57:02.841Z] [NamespaceManagerService] [INFO] 📂 Loaded 3 indexed codebases from disk
[2025-11-28T04:57:02.841Z] [DEBUG] NamespaceManagerService initialized with 3 indexed codebases
[2025-11-28T04:57:02.841Z] [2025-11-28T04:57:02.842Z] [NamespaceManagerService] [INFO] 🚀 NamespaceManagerService initialized with 3 indexed codebases
[2025-11-28T04:57:02.953Z] [2025-11-28T04:57:02.953Z] [TREESITTER-FULL] [INFO] ✅ Tree-sitter parsers initialized successfully (TypeScript, JavaScript, Python)
[2025-11-28T04:57:02.953Z] [2025-11-28T04:57:02.953Z] [TREESITTER-FULL] [INFO] ✅ Tree-sitter parsers initialized successfully (TypeScript, JavaScript, Python)
[2025-11-28T04:57:02.953Z] [2025-11-28T04:57:02.954Z] [TREESITTER-FULL] [INFO] ✅ Tree-sitter parsers initialized successfully (TypeScript, JavaScript, Python)
[2025-11-28T04:57:02.953Z] [2025-11-28T04:57:02.954Z] [STANDALONE-INTEGRATION] [INFO] Initialized with 3 indexed codebases
[2025-11-28T04:57:02.953Z] [2025-11-28T04:57:02.954Z] [STANDALONE-INTEGRATION] [INFO] Initialized with 3 indexed codebases
[2025-11-28T04:57:02.953Z] [2025-11-28T04:57:02.954Z] [STANDALONE-INTEGRATION] [INFO] Initialized with 3 indexed codebases
[2025-11-28T04:57:02.953Z] 🔍 Registry initialized successfully
[2025-11-28T04:57:02.954Z] [BACKGROUND] Namespace manager initialized
[2025-11-28T04:57:02.954Z] [BACKGROUND] About to start indexCodebase()...
[2025-11-28T04:57:02.954Z] [BACKGROUND] Codebase path: C:\Projects\educatedplanet
[2025-11-28T04:57:02.954Z] [BACKGROUND] Force reindex: false
[2025-11-28T04:57:02.955Z] [2025-11-28T04:57:02.956Z] [INDEXING-ORCHESTRATOR] [INFO] 🚀 Starting indexing: C:\Projects\educatedplanet
[2025-11-28T04:57:02.955Z] [2025-11-28T04:57:02.956Z] [INDEXING-ORCHESTRATOR] [DEBUG] 📋 Options: {"force":false,"filtering":true,"dependencies":true}
[2025-11-28T04:57:02.955Z] [2025-11-28T04:57:02.956Z] [TREESITTER-FULL] [INFO] ✅ Tree-sitter parsers initialized successfully (TypeScript, JavaScript, Python)
[2025-11-28T04:57:02.955Z] 🚀 Intelligent Context MCP Server ready!
[2025-11-28T04:57:02.955Z] 🔄 Result Reranking: ❌ Disabled
[2025-11-28T04:57:02.955Z] 📝 Local BM25 Search: ✅ Always Available
[2025-11-28T04:57:02.955Z] 🔌 Transport: stdio
[2025-11-28T04:57:02.989Z] [2025-11-28T04:57:02.990Z] [INDEXING-ORCHESTRATOR] [INFO] 🔍 Content filtering 345 files...
[2025-11-28T04:57:03.037Z] [2025-11-28T04:57:03.037Z] [INDEXING-ORCHESTRATOR] [DEBUG] 🚫 Filtered: admin\next-env.d.ts (Generated file)
[2025-11-28T04:57:03.127Z] [2025-11-28T04:57:03.128Z] [INDEXING-ORCHESTRATOR] [DEBUG] 🚫 Filtered: admin\src\components\ui\password-strength.tsx (Mostly comments (documentation file))
[2025-11-28T04:57:03.148Z] [2025-11-28T04:57:03.149Z] [INDEXING-ORCHESTRATOR] [DEBUG] 🚫 Filtered: admin\src\types\google-maps.d.ts (Generated file)
[2025-11-28T04:57:03.148Z] [2025-11-28T04:57:03.149Z] [INDEXING-ORCHESTRATOR] [DEBUG] 🚫 Filtered: admin\src\utils\csrf.ts (Very long identifiers (likely obfuscated))
[2025-11-28T04:57:03.148Z] [2025-11-28T04:57:03.149Z] [INDEXING-ORCHESTRATOR] [DEBUG] 🚫 Filtered: dataservice\src\datamodels\connections\database.d.ts (Generated file)
[2025-11-28T04:57:03.148Z] [2025-11-28T04:57:03.149Z] [INDEXING-ORCHESTRATOR] [DEBUG] 🚫 Filtered: dataservice\src\datamodels\connections\index.d.ts (Generated file)
[2025-11-28T04:57:03.148Z] [2025-11-28T04:57:03.149Z] [INDEXING-ORCHESTRATOR] [DEBUG] 🚫 Filtered: dataservice\src\datamodels\index.d.ts (Generated file)
[2025-11-28T04:57:03.148Z] [2025-11-28T04:57:03.149Z] [INDEXING-ORCHESTRATOR] [DEBUG] 🚫 Filtered: dataservice\src\datamodels\models\index.d.ts (Generated file)
[2025-11-28T04:57:03.148Z] [2025-11-28T04:57:03.149Z] [INDEXING-ORCHESTRATOR] [DEBUG] 🚫 Filtered: dataservice\src\datamodels\models\review.model.d.ts (Generated file)
[2025-11-28T04:57:03.148Z] [2025-11-28T04:57:03.149Z] [INDEXING-ORCHESTRATOR] [DEBUG] 🚫 Filtered: dataservice\src\datamodels\models\tutor.model.d.ts (Generated file)
[2025-11-28T04:57:03.185Z] [2025-11-28T04:57:03.186Z] [INDEXING-ORCHESTRATOR] [DEBUG] 🚫 Filtered: dataservice\src\datamodels\models\user.model.d.ts (Generated file)
[2025-11-28T04:57:03.185Z] [2025-11-28T04:57:03.186Z] [INDEXING-ORCHESTRATOR] [DEBUG] 🚫 Filtered: dataservice\src\datamodels\schemas\index.d.ts (Generated file)
[2025-11-28T04:57:03.186Z] [2025-11-28T04:57:03.186Z] [INDEXING-ORCHESTRATOR] [DEBUG] 🚫 Filtered: dataservice\src\datamodels\schemas\review-clean.schema.d.ts (Generated file)
[2025-11-28T04:57:03.186Z] [2025-11-28T04:57:03.186Z] [INDEXING-ORCHESTRATOR] [DEBUG] 🚫 Filtered: dataservice\src\datamodels\schemas\tutor-clean.schema.d.ts (Generated file)
[2025-11-28T04:57:03.186Z] [2025-11-28T04:57:03.186Z] [INDEXING-ORCHESTRATOR] [DEBUG] 🚫 Filtered: dataservice\src\datamodels\schemas\user-clean.schema.d.ts (Generated file)
[2025-11-28T04:57:03.186Z] [2025-11-28T04:57:03.186Z] [INDEXING-ORCHESTRATOR] [DEBUG] 🚫 Filtered: dataservice\src\types\jsencrypt.d.ts (Generated file)
[2025-11-28T04:57:03.186Z] [2025-11-28T04:57:03.186Z] [INDEXING-ORCHESTRATOR] [DEBUG] 🚫 Filtered: models\src\common\common.types.d.ts (Generated file)
[2025-11-28T04:57:03.186Z] [2025-11-28T04:57:03.186Z] [INDEXING-ORCHESTRATOR] [DEBUG] 🚫 Filtered: models\src\index.d.ts (Generated file)
[2025-11-28T04:57:03.199Z] [2025-11-28T04:57:03.200Z] [INDEXING-ORCHESTRATOR] [DEBUG] 🚫 Filtered: models\src\tutor\tutor.types.d.ts (Generated file)
[2025-11-28T04:57:03.199Z] [2025-11-28T04:57:03.200Z] [INDEXING-ORCHESTRATOR] [DEBUG] 🚫 Filtered: models\src\user\user.types.d.ts (Generated file)
[2025-11-28T04:57:03.199Z] [2025-11-28T04:57:03.200Z] [INDEXING-ORCHESTRATOR] [DEBUG] 🚫 Filtered: web\next-env.d.ts (Generated file)
[2025-11-28T04:57:03.199Z] [2025-11-28T04:57:03.200Z] [INDEXING-ORCHESTRATOR] [INFO] ✅ Content filtering complete: 324/345 files included
[2025-11-28T04:57:03.199Z] [2025-11-28T04:57:03.200Z] [INDEXING-ORCHESTRATOR] [INFO] 📝 Processing: 324 files
[2025-11-28T04:57:03.210Z] [2025-11-28T04:57:03.211Z] [TREESITTER-CHUNKER] [INFO] ✅ Tree-sitter chunker initialized successfully (TypeScript, JavaScript, Python)
[2025-11-28T04:57:03.218Z] [2025-11-28T04:57:03.219Z] [TREESITTER-CHUNKER] [INFO] Created 2 semantic chunks from C:\Projects\educatedplanet\admin\next.config.mjs
[2025-11-28T04:57:03.225Z] [2025-11-28T04:57:03.225Z] [TREESITTER-FULL] [INFO] Extracted 1 symbols from C:\Projects\educatedplanet\admin\next.config.mjs
[2025-11-28T04:57:03.225Z] [2025-11-28T04:57:03.225Z] [INDEXING-ORCHESTRATOR] [DEBUG] 🔍 Symbol extraction for C:\Projects\educatedplanet\admin\next.config.mjs: 1 symbols, 0 imports
[2025-11-28T04:57:03.225Z] [2025-11-28T04:57:03.226Z] [INDEXING-ORCHESTRATOR] [DEBUG] 📍 Chunk 18-26: 0 candidate symbols
[2025-11-28T04:57:03.225Z] [2025-11-28T04:57:03.226Z] [INDEXING-ORCHESTRATOR] [DEBUG] ✅ Chunk symbols after filtering: 0 symbols - 
[2025-11-28T04:57:03.225Z] [2025-11-28T04:57:03.226Z] [INDEXING-ORCHESTRATOR] [DEBUG] 📍 Chunk 27-30: 0 candidate symbols
[2025-11-28T04:57:03.225Z] [2025-11-28T04:57:03.226Z] [INDEXING-ORCHESTRATOR] [DEBUG] ✅ Chunk symbols after filtering: 0 symbols - 
[2025-11-28T04:57:03.225Z] [2025-11-28T04:57:03.226Z] [INDEXING-ORCHESTRATOR] [DEBUG] Created 2 semantic chunks for C:\Projects\educatedplanet\admin\next.config.mjs
[2025-11-28T04:57:03.225Z] [2025-11-28T04:57:03.226Z] [INDEXING-ORCHESTRATOR] [DEBUG] Average chunk size: 99 characters
[2025-11-28T04:57:03.241Z] [2025-11-28T04:57:03.242Z] [TREESITTER-CHUNKER] [INFO] Created 1 semantic chunks from C:\Projects\educatedplanet\admin\eslint.config.mjs
[2025-11-28T04:57:03.273Z] [2025-11-28T04:57:03.274Z] [TREESITTER-FULL] [INFO] Extracted 0 symbols from C:\Projects\educatedplanet\admin\eslint.config.mjs
[2025-11-28T04:57:03.273Z] [2025-11-28T04:57:03.274Z] [INDEXING-ORCHESTRATOR] [DEBUG] 🔍 Symbol extraction for C:\Projects\educatedplanet\admin\eslint.config.mjs: 0 symbols, 11 imports
[2025-11-28T04:57:03.273Z] [2025-11-28T04:57:03.274Z] [INDEXING-ORCHESTRATOR] [DEBUG] 📍 Chunk 1-161: 0 candidate symbols
[2025-11-28T04:57:03.273Z] [2025-11-28T04:57:03.274Z] [INDEXING-ORCHESTRATOR] [DEBUG] ✅ Chunk symbols after filtering: 0 symbols - 
[2025-11-28T04:57:03.273Z] [2025-11-28T04:57:03.274Z] [INDEXING-ORCHESTRATOR] [DEBUG] Created 1 semantic chunks for C:\Projects\educatedplanet\admin\eslint.config.mjs
[2025-11-28T04:57:03.273Z] [2025-11-28T04:57:03.274Z] [INDEXING-ORCHESTRATOR] [DEBUG] Average chunk size: 4929 characters
[2025-11-28T04:57:03.275Z] [2025-11-28T04:57:03.275Z] [TREESITTER-CHUNKER] [INFO] Created 1 semantic chunks from C:\Projects\educatedplanet\admin\postcss.config.mjs
[2025-11-28T04:57:03.276Z] [2025-11-28T04:57:03.277Z] [TREESITTER-FULL] [INFO] Extracted 1 symbols from C:\Projects\educatedplanet\admin\postcss.config.mjs
[2025-11-28T04:57:03.276Z] [2025-11-28T04:57:03.277Z] [INDEXING-ORCHESTRATOR] [DEBUG] 🔍 Symbol extraction for C:\Projects\educatedplanet\admin\postcss.config.mjs: 1 symbols, 0 imports
[2025-11-28T04:57:03.276Z] [2025-11-28T04:57:03.277Z] [INDEXING-ORCHESTRATOR] [DEBUG] 📍 Chunk 1-9: 1 candidate symbols
[2025-11-28T04:57:03.276Z] [2025-11-28T04:57:03.277Z] [INDEXING-ORCHESTRATOR] [DEBUG] ✅ Chunk symbols after filtering: 1 symbols - config
[2025-11-28T04:57:03.276Z] [2025-11-28T04:57:03.277Z] [INDEXING-ORCHESTRATOR] [DEBUG] Created 1 semantic chunks for C:\Projects\educatedplanet\admin\postcss.config.mjs
[2025-11-28T04:57:03.276Z] [2025-11-28T04:57:03.277Z] [INDEXING-ORCHESTRATOR] [DEBUG] Average chunk size: 150 characters
[2025-11-28T04:57:03.296Z] [2025-11-28T04:57:03.297Z] [TREESITTER-CHUNKER] [INFO] Created 1 semantic chunks from C:\Projects\educatedplanet\admin\src\app\(main)\auth\_components\register-form.tsx
[2025-11-28T04:57:03.326Z] [2025-11-28T04:57:03.327Z] [TREESITTER-FULL] [INFO] Extracted 3 symbols from C:\Projects\educatedplanet\admin\src\app\(main)\auth\_components\register-form.tsx
[2025-11-28T04:57:03.327Z] [2025-11-28T04:57:03.327Z] [INDEXING-ORCHESTRATOR] [DEBUG] 🔍 Symbol extraction for C:\Projects\educatedplanet\admin\src\app\(main)\auth\_components\register-form.tsx: 3 symbols, 7 imports
[2025-11-28T04:57:03.327Z] [2025-11-28T04:57:03.327Z] [INDEXING-ORCHESTRATOR] [DEBUG] 📍 Chunk 1-99: 3 candidate symbols
[2025-11-28T04:57:03.327Z] [2025-11-28T04:57:03.327Z] [INDEXING-ORCHESTRATOR] [DEBUG] ✅ Chunk symbols after filtering: 3 symbols - FormSchema, form, onSubmit
[2025-11-28T04:57:03.327Z] [2025-11-28T04:57:03.327Z] [INDEXING-ORCHESTRATOR] [DEBUG] Created 1 semantic chunks for C:\Projects\educatedplanet\admin\src\app\(main)\auth\_components\register-form.tsx
[2025-11-28T04:57:03.327Z] [2025-11-28T04:57:03.327Z] [INDEXING-ORCHESTRATOR] [DEBUG] Average chunk size: 3200 characters
[2025-11-28T04:57:03.329Z] [2025-11-28T04:57:03.329Z] [TREESITTER-CHUNKER] [INFO] Created 1 semantic chunks from C:\Projects\educatedplanet\admin\src\app\(external)\page.tsx
[2025-11-28T04:57:03.329Z] [2025-11-28T04:57:03.330Z] [TREESITTER-FULL] [INFO] Extracted 1 symbols from C:\Projects\educatedplanet\admin\src\app\(external)\page.tsx
[2025-11-28T04:57:03.330Z] [2025-11-28T04:57:03.330Z] [INDEXING-ORCHESTRATOR] [DEBUG] 🔍 Symbol extraction for C:\Projects\educatedplanet\admin\src\app\(external)\page.tsx: 1 symbols, 1 imports
[2025-11-28T04:57:03.330Z] [2025-11-28T04:57:03.330Z] [INDEXING-ORCHESTRATOR] [DEBUG] 📍 Chunk 3-6: 1 candidate symbols
[2025-11-28T04:57:03.330Z] [2025-11-28T04:57:03.330Z] [INDEXING-ORCHESTRATOR] [DEBUG] ✅ Chunk symbols after filtering: 1 symbols - Home
[2025-11-28T04:57:03.330Z] [2025-11-28T04:57:03.331Z] [INDEXING-ORCHESTRATOR] [DEBUG] Created 1 semantic chunks for C:\Projects\educatedplanet\admin\src\app\(external)\page.tsx
[2025-11-28T04:57:03.330Z] [2025-11-28T04:57:03.331Z] [INDEXING-ORCHESTRATOR] [DEBUG] Average chunk size: 83 characters
[2025-11-28T04:57:03.348Z] [2025-11-28T04:57:03.348Z] [TREESITTER-CHUNKER] [INFO] Created 1 semantic chunks from C:\Projects\educatedplanet\admin\src\app\(main)\auth\_components\login-form.tsx
[2025-11-28T04:57:03.386Z] [2025-11-28T04:57:03.387Z] [TREESITTER-FULL] [INFO] Extracted 4 symbols from C:\Projects\educatedplanet\admin\src\app\(main)\auth\_components\login-form.tsx
[2025-11-28T04:57:03.386Z] [2025-11-28T04:57:03.387Z] [INDEXING-ORCHESTRATOR] [DEBUG] 🔍 Symbol extraction for C:\Projects\educatedplanet\admin\src\app\(main)\auth\_components\login-form.tsx: 4 symbols, 12 imports
[2025-11-28T04:57:03.386Z] [2025-11-28T04:57:03.387Z] [INDEXING-ORCHESTRATOR] [DEBUG] 📍 Chunk 1-135: 4 candidate symbols
[2025-11-28T04:57:03.386Z] [2025-11-28T04:57:03.387Z] [INDEXING-ORCHESTRATOR] [DEBUG] ✅ Chunk symbols after filtering: 4 symbols - FormSchema, router, form, onSubmit
[2025-11-28T04:57:03.386Z] [2025-11-28T04:57:03.387Z] [INDEXING-ORCHESTRATOR] [DEBUG] Created 1 semantic chunks for C:\Projects\educatedplanet\admin\src\app\(main)\auth\_components\login-form.tsx
[2025-11-28T04:57:03.386Z] [2025-11-28T04:57:03.387Z] [INDEXING-ORCHESTRATOR] [DEBUG] Average chunk size: 4616 characters
[2025-11-28T04:57:03.391Z] [2025-11-28T04:57:03.392Z] [TREESITTER-CHUNKER] [INFO] Created 1 semantic chunks from C:\Projects\educatedplanet\admin\src\app\(main)\auth\login\page.tsx
[2025-11-28T04:57:03.413Z] [2025-11-28T04:57:03.414Z] [TREESITTER-FULL] [INFO] Extracted 1 symbols from C:\Projects\educatedplanet\admin\src\app\(main)\auth\login\page.tsx
[2025-11-28T04:57:03.413Z] [2025-11-28T04:57:03.414Z] [INDEXING-ORCHESTRATOR] [DEBUG] 🔍 Symbol extraction for C:\Projects\educatedplanet\admin\src\app\(main)\auth\login\page.tsx: 1 symbols, 3 imports
[2025-11-28T04:57:03.413Z] [2025-11-28T04:57:03.414Z] [INDEXING-ORCHESTRATOR] [DEBUG] 📍 Chunk 7-43: 1 candidate symbols
[2025-11-28T04:57:03.413Z] [2025-11-28T04:57:03.414Z] [INDEXING-ORCHESTRATOR] [DEBUG] ✅ Chunk symbols after filtering: 1 symbols - LoginV1
[2025-11-28T04:57:03.413Z] [2025-11-28T04:57:03.414Z] [INDEXING-ORCHESTRATOR] [DEBUG] Created 1 semantic chunks for C:\Projects\educatedplanet\admin\src\app\(main)\auth\login\page.tsx
[2025-11-28T04:57:03.413Z] [2025-11-28T04:57:03.414Z] [INDEXING-ORCHESTRATOR] [DEBUG] Average chunk size: 1504 characters
[2025-11-28T04:57:03.422Z] [2025-11-28T04:57:03.422Z] [TREESITTER-CHUNKER] [INFO] Created 1 semantic chunks from C:\Projects\educatedplanet\admin\src\app\(main)\auth\register\page.tsx
[2025-11-28T04:57:03.442Z] [2025-11-28T04:57:03.442Z] [TREESITTER-FULL] [INFO] Extracted 1 symbols from C:\Projects\educatedplanet\admin\src\app\(main)\auth\register\page.tsx
[2025-11-28T04:57:03.442Z] [2025-11-28T04:57:03.442Z] [INDEXING-ORCHESTRATOR] [DEBUG] 🔍 Symbol extraction for C:\Projects\educatedplanet\admin\src\app\(main)\auth\register\page.tsx: 1 symbols, 3 imports
[2025-11-28T04:57:03.442Z] [2025-11-28T04:57:03.443Z] [INDEXING-ORCHESTRATOR] [DEBUG] 📍 Chunk 7-43: 1 candidate symbols
[2025-11-28T04:57:03.442Z] [2025-11-28T04:57:03.443Z] [INDEXING-ORCHESTRATOR] [DEBUG] ✅ Chunk symbols after filtering: 1 symbols - RegisterV1
[2025-11-28T04:57:03.442Z] [2025-11-28T04:57:03.443Z] [INDEXING-ORCHESTRATOR] [DEBUG] Created 1 semantic chunks for C:\Projects\educatedplanet\admin\src\app\(main)\auth\register\page.tsx
[2025-11-28T04:57:03.442Z] [2025-11-28T04:57:03.443Z] [INDEXING-ORCHESTRATOR] [DEBUG] Average chunk size: 1526 characters
[2025-11-28T04:57:03.444Z] [2025-11-28T04:57:03.444Z] [TREESITTER-CHUNKER] [INFO] Created 1 semantic chunks from C:\Projects\educatedplanet\admin\src\app\(main)\dashboard\[...not-found]\page.tsx
[2025-11-28T04:57:03.446Z] [2025-11-28T04:57:03.447Z] [TREESITTER-FULL] [INFO] Extracted 1 symbols from C:\Projects\educatedplanet\admin\src\app\(main)\dashboard\[...not-found]\page.tsx
[2025-11-28T04:57:03.447Z] [2025-11-28T04:57:03.447Z] [INDEXING-ORCHESTRATOR] [DEBUG] 🔍 Symbol extraction for C:\Projects\educatedplanet\admin\src\app\(main)\dashboard\[...not-found]\page.tsx: 1 symbols, 0 imports
[2025-11-28T04:57:03.447Z] [2025-11-28T04:57:03.447Z] [INDEXING-ORCHESTRATOR] [DEBUG] 📍 Chunk 3-10: 1 candidate symbols
[2025-11-28T04:57:03.447Z] [2025-11-28T04:57:03.447Z] [INDEXING-ORCHESTRATOR] [DEBUG] ✅ Chunk symbols after filtering: 1 symbols - DashboardNotFound
[2025-11-28T04:57:03.447Z] [2025-11-28T04:57:03.447Z] [INDEXING-ORCHESTRATOR] [DEBUG] Created 1 semantic chunks for C:\Projects\educatedplanet\admin\src\app\(main)\dashboard\[...not-found]\page.tsx
[2025-11-28T04:57:03.447Z] [2025-11-28T04:57:03.447Z] [INDEXING-ORCHESTRATOR] [DEBUG] Average chunk size: 318 characters
[2025-11-28T04:57:03.450Z] [2025-11-28T04:57:03.450Z] [TREESITTER-CHUNKER] [INFO] Created 1 semantic chunks from C:\Projects\educatedplanet\admin\src\app\(main)\dashboard\_components\sidebar-provider-wrapper.tsx
[2025-11-28T04:57:03.457Z] [2025-11-28T04:57:03.457Z] [TREESITTER-FULL] [INFO] Extracted 2 symbols from C:\Projects\educatedplanet\admin\src\app\(main)\dashboard\_components\sidebar-provider-wrapper.tsx
[2025-11-28T04:57:03.457Z] [2025-11-28T04:57:03.458Z] [INDEXING-ORCHESTRATOR] [DEBUG] 🔍 Symbol extraction for C:\Projects\educatedplanet\admin\src\app\(main)\dashboard\_components\sidebar-provider-wrapper.tsx: 2 symbols, 2 imports
[2025-11-28T04:57:03.457Z] [2025-11-28T04:57:03.458Z] [INDEXING-ORCHESTRATOR] [DEBUG] 📍 Chunk 6-33: 2 candidate symbols
[2025-11-28T04:57:03.457Z] [2025-11-28T04:57:03.458Z] [INDEXING-ORCHESTRATOR] [DEBUG] ✅ Chunk symbols after filtering: 2 symbols - SidebarProviderWrapperProps, SidebarProviderWrapper
[2025-11-28T04:57:03.457Z] [2025-11-28T04:57:03.458Z] [INDEXING-ORCHESTRATOR] [DEBUG] Created 1 semantic chunks for C:\Projects\educatedplanet\admin\src\app\(main)\dashboard\_components\sidebar-provider-wrapper.tsx
[2025-11-28T04:57:03.457Z] [2025-11-28T04:57:03.458Z] [INDEXING-ORCHESTRATOR] [DEBUG] Average chunk size: 721 characters
[2025-11-28T04:57:03.457Z] [2025-11-28T04:57:03.458Z] [INDEXING-ORCHESTRATOR] [DEBUG] 📊 Processed: 10/324 files
[2025-11-28T04:57:03.474Z] [2025-11-28T04:57:03.474Z] [TREESITTER-CHUNKER] [INFO] Created 2 semantic chunks from C:\Projects\educatedplanet\admin\src\app\(main)\dashboard\_components\sidebar\account-switcher.tsx
[2025-11-28T04:57:03.501Z] [2025-11-28T04:57:03.502Z] [TREESITTER-FULL] [INFO] Extracted 2 symbols from C:\Projects\educatedplanet\admin\src\app\(main)\dashboard\_components\sidebar\account-switcher.tsx
[2025-11-28T04:57:03.501Z] [2025-11-28T04:57:03.502Z] [INDEXING-ORCHESTRATOR] [DEBUG] 🔍 Symbol extraction for C:\Projects\educatedplanet\admin\src\app\(main)\dashboard\_components\sidebar\account-switcher.tsx: 2 symbols, 9 imports
[2025-11-28T04:57:03.501Z] [2025-11-28T04:57:03.502Z] [INDEXING-ORCHESTRATOR] [DEBUG] 📍 Chunk 22-24: 1 candidate symbols
[2025-11-28T04:57:03.501Z] [2025-11-28T04:57:03.502Z] [INDEXING-ORCHESTRATOR] [DEBUG] ✅ Chunk symbols after filtering: 1 symbols - AccountSwitcherProps
[2025-11-28T04:57:03.501Z] [2025-11-28T04:57:03.502Z] [INDEXING-ORCHESTRATOR] [DEBUG] 📍 Chunk 26-100: 1 candidate symbols
[2025-11-28T04:57:03.501Z] [2025-11-28T04:57:03.502Z] [INDEXING-ORCHESTRATOR] [DEBUG] ✅ Chunk symbols after filtering: 1 symbols - AccountSwitcher
[2025-11-28T04:57:03.501Z] [2025-11-28T04:57:03.502Z] [INDEXING-ORCHESTRATOR] [DEBUG] Created 2 semantic chunks for C:\Projects\educatedplanet\admin\src\app\(main)\dashboard\_components\sidebar\account-switcher.tsx
[2025-11-28T04:57:03.501Z] [2025-11-28T04:57:03.502Z] [INDEXING-ORCHESTRATOR] [DEBUG] Average chunk size: 1364 characters
[2025-11-28T04:57:03.507Z] [2025-11-28T04:57:03.508Z] [TREESITTER-CHUNKER] [INFO] Created 1 semantic chunks from C:\Projects\educatedplanet\admin\src\app\(main)\dashboard\_components\sidebar\app-sidebar.tsx
[2025-11-28T04:57:03.527Z] [2025-11-28T04:57:03.527Z] [TREESITTER-FULL] [INFO] Extracted 3 symbols from C:\Projects\educatedplanet\admin\src\app\(main)\dashboard\_components\sidebar\app-sidebar.tsx
[2025-11-28T04:57:03.527Z] [2025-11-28T04:57:03.528Z] [INDEXING-ORCHESTRATOR] [DEBUG] 🔍 Symbol extraction for C:\Projects\educatedplanet\admin\src\app\(main)\dashboard\_components\sidebar\app-sidebar.tsx: 3 symbols, 8 imports
[2025-11-28T04:57:03.527Z] [2025-11-28T04:57:03.528Z] [INDEXING-ORCHESTRATOR] [DEBUG] 📍 Chunk 59-88: 2 candidate symbols
[2025-11-28T04:57:03.527Z] [2025-11-28T04:57:03.528Z] [INDEXING-ORCHESTRATOR] [DEBUG] ✅ Chunk symbols after filtering: 2 symbols - AppSidebarProps, AppSidebar
[2025-11-28T04:57:03.527Z] [2025-11-28T04:57:03.528Z] [INDEXING-ORCHESTRATOR] [DEBUG] Created 1 semantic chunks for C:\Projects\educatedplanet\admin\src\app\(main)\dashboard\_components\sidebar\app-sidebar.tsx
[2025-11-28T04:57:03.527Z] [2025-11-28T04:57:03.528Z] [INDEXING-ORCHESTRATOR] [DEBUG] Average chunk size: 1025 characters
[2025-11-28T04:57:03.536Z] [2025-11-28T04:57:03.537Z] [TREESITTER-CHUNKER] [INFO] Created 1 semantic chunks from C:\Projects\educatedplanet\admin\src\app\(main)\dashboard\_components\sidebar\nav-documents.tsx
[2025-11-28T04:57:03.567Z] [2025-11-28T04:57:03.568Z] [TREESITTER-FULL] [INFO] Extracted 1 symbols from C:\Projects\educatedplanet\admin\src\app\(main)\dashboard\_components\sidebar\nav-documents.tsx
[2025-11-28T04:57:03.567Z] [2025-11-28T04:57:03.568Z] [INDEXING-ORCHESTRATOR] [DEBUG] 🔍 Symbol extraction for C:\Projects\educatedplanet\admin\src\app\(main)\dashboard\_components\sidebar\nav-documents.tsx: 1 symbols, 3 imports
[2025-11-28T04:57:03.567Z] [2025-11-28T04:57:03.568Z] [INDEXING-ORCHESTRATOR] [DEBUG] 📍 Chunk 22-83: 1 candidate symbols
[2025-11-28T04:57:03.567Z] [2025-11-28T04:57:03.568Z] [INDEXING-ORCHESTRATOR] [DEBUG] ✅ Chunk symbols after filtering: 1 symbols - NavDocuments
[2025-11-28T04:57:03.567Z] [2025-11-28T04:57:03.568Z] [INDEXING-ORCHESTRATOR] [DEBUG] Created 1 semantic chunks for C:\Projects\educatedplanet\admin\src\app\(main)\dashboard\_components\sidebar\nav-documents.tsx
[2025-11-28T04:57:03.567Z] [2025-11-28T04:57:03.568Z] [INDEXING-ORCHESTRATOR] [DEBUG] Average chunk size: 2094 characters
[2025-11-28T04:57:03.587Z] [2025-11-28T04:57:03.587Z] [TREESITTER-CHUNKER] [INFO] Created 2 semantic chunks from C:\Projects\educatedplanet\admin\src\app\(main)\dashboard\_components\sidebar\nav-main.tsx
[2025-11-28T04:57:03.637Z] [2025-11-28T04:57:03.638Z] [TREESITTER-FULL] [INFO] Extracted 5 symbols from C:\Projects\educatedplanet\admin\src\app\(main)\dashboard\_components\sidebar\nav-main.tsx
[2025-11-28T04:57:03.637Z] [2025-11-28T04:57:03.638Z] [INDEXING-ORCHESTRATOR] [DEBUG] 🔍 Symbol extraction for C:\Projects\educatedplanet\admin\src\app\(main)\dashboard\_components\sidebar\nav-main.tsx: 5 symbols, 9 imports
[2025-11-28T04:57:03.637Z] [2025-11-28T04:57:03.638Z] [INDEXING-ORCHESTRATOR] [DEBUG] 📍 Chunk 31-33: 1 candidate symbols
[2025-11-28T04:57:03.637Z] [2025-11-28T04:57:03.638Z] [INDEXING-ORCHESTRATOR] [DEBUG] ✅ Chunk symbols after filtering: 1 symbols - NavMainProps
[2025-11-28T04:57:03.637Z] [2025-11-28T04:57:03.638Z] [INDEXING-ORCHESTRATOR] [DEBUG] 📍 Chunk 34-231: 4 candidate symbols
[2025-11-28T04:57:03.637Z] [2025-11-28T04:57:03.638Z] [INDEXING-ORCHESTRATOR] [DEBUG] ✅ Chunk symbols after filtering: 4 symbols - IsComingSoon, path, isItemActive, isSubmenuOpen
[2025-11-28T04:57:03.638Z] [2025-11-28T04:57:03.638Z] [INDEXING-ORCHESTRATOR] [DEBUG] Created 2 semantic chunks for C:\Projects\educatedplanet\admin\src\app\(main)\dashboard\_components\sidebar\nav-main.tsx
[2025-11-28T04:57:03.638Z] [2025-11-28T04:57:03.638Z] [INDEXING-ORCHESTRATOR] [DEBUG] Average chunk size: 3789 characters
[2025-11-28T04:57:03.642Z] [2025-11-28T04:57:03.643Z] [TREESITTER-CHUNKER] [INFO] Created 1 semantic chunks from C:\Projects\educatedplanet\admin\src\app\(main)\dashboard\_components\sidebar\nav-secondary.tsx
[2025-11-28T04:57:03.649Z] [2025-11-28T04:57:03.649Z] [TREESITTER-FULL] [INFO] Extracted 1 symbols from C:\Projects\educatedplanet\admin\src\app\(main)\dashboard\_components\sidebar\nav-secondary.tsx
[2025-11-28T04:57:03.649Z] [2025-11-28T04:57:03.650Z] [INDEXING-ORCHESTRATOR] [DEBUG] 🔍 Symbol extraction for C:\Projects\educatedplanet\admin\src\app\(main)\dashboard\_components\sidebar\nav-secondary.tsx: 1 symbols, 3 imports
[2025-11-28T04:57:03.649Z] [2025-11-28T04:57:03.650Z] [INDEXING-ORCHESTRATOR] [DEBUG] 📍 Chunk 15-43: 1 candidate symbols
[2025-11-28T04:57:03.649Z] [2025-11-28T04:57:03.650Z] [INDEXING-ORCHESTRATOR] [DEBUG] ✅ Chunk symbols after filtering: 1 symbols - NavSecondary
[2025-11-28T04:57:03.649Z] [2025-11-28T04:57:03.650Z] [INDEXING-ORCHESTRATOR] [DEBUG] Created 1 semantic chunks for C:\Projects\educatedplanet\admin\src\app\(main)\dashboard\_components\sidebar\nav-secondary.tsx
[2025-11-28T04:57:03.649Z] [2025-11-28T04:57:03.650Z] [INDEXING-ORCHESTRATOR] [DEBUG] Average chunk size: 716 characters
[2025-11-28T04:57:03.659Z] [2025-11-28T04:57:03.660Z] [TREESITTER-CHUNKER] [INFO] Created 1 semantic chunks from C:\Projects\educatedplanet\admin\src\app\(main)\dashboard\_components\sidebar\nav-user.tsx
[2025-11-28T04:57:03.726Z] [2025-11-28T04:57:03.727Z] [TREESITTER-FULL] [INFO] Extracted 1 symbols from C:\Projects\educatedplanet\admin\src\app\(main)\dashboard\_components\sidebar\nav-user.tsx
[2025-11-28T04:57:03.727Z] [2025-11-28T04:57:03.727Z] [INDEXING-ORCHESTRATOR] [DEBUG] 🔍 Symbol extraction for C:\Projects\educatedplanet\admin\src\app\(main)\dashboard\_components\sidebar\nav-user.tsx: 1 symbols, 6 imports
[2025-11-28T04:57:03.727Z] [2025-11-28T04:57:03.727Z] [INDEXING-ORCHESTRATOR] [DEBUG] 📍 Chunk 19-89: 1 candidate symbols
[2025-11-28T04:57:03.727Z] [2025-11-28T04:57:03.727Z] [INDEXING-ORCHESTRATOR] [DEBUG] ✅ Chunk symbols after filtering: 1 symbols - NavUser
[2025-11-28T04:57:03.727Z] [2025-11-28T04:57:03.727Z] [INDEXING-ORCHESTRATOR] [DEBUG] Created 1 semantic chunks for C:\Projects\educatedplanet\admin\src\app\(main)\dashboard\_components\sidebar\nav-user.tsx
[2025-11-28T04:57:03.727Z] [2025-11-28T04:57:03.727Z] [INDEXING-ORCHESTRATOR] [DEBUG] Average chunk size: 2817 characters
[2025-11-28T04:57:03.734Z] [2025-11-28T04:57:03.735Z] [TREESITTER-CHUNKER] [INFO] Created 1 semantic chunks from C:\Projects\educatedplanet\admin\src\app\(main)\dashboard\_components\sidebar\search-dialog.tsx
[2025-11-28T04:57:03.765Z] [2025-11-28T04:57:03.766Z] [TREESITTER-FULL] [INFO] Extracted 1 symbols from C:\Projects\educatedplanet\admin\src\app\(main)\dashboard\_components\sidebar\search-dialog.tsx
[2025-11-28T04:57:03.765Z] [2025-11-28T04:57:03.766Z] [INDEXING-ORCHESTRATOR] [DEBUG] 🔍 Symbol extraction for C:\Projects\educatedplanet\admin\src\app\(main)\dashboard\_components\sidebar\search-dialog.tsx: 1 symbols, 4 imports
[2025-11-28T04:57:03.765Z] [2025-11-28T04:57:03.766Z] [INDEXING-ORCHESTRATOR] [DEBUG] 📍 Chunk 1-80: 1 candidate symbols
[2025-11-28T04:57:03.765Z] [2025-11-28T04:57:03.766Z] [INDEXING-ORCHESTRATOR] [DEBUG] ✅ Chunk symbols after filtering: 1 symbols - searchItems
[2025-11-28T04:57:03.765Z] [2025-11-28T04:57:03.766Z] [INDEXING-ORCHESTRATOR] [DEBUG] Created 1 semantic chunks for C:\Projects\educatedplanet\admin\src\app\(main)\dashboard\_components\sidebar\search-dialog.tsx
[2025-11-28T04:57:03.765Z] [2025-11-28T04:57:03.766Z] [INDEXING-ORCHESTRATOR] [DEBUG] Average chunk size: 2935 characters
[2025-11-28T04:57:03.832Z] [2025-11-28T04:57:03.833Z] [TREESITTER-CHUNKER] [INFO] Created 2 semantic chunks from C:\Projects\educatedplanet\admin\src\app\(main)\dashboard\classes\_components\class-modal.tsx
[2025-11-28T04:57:03.996Z] [2025-11-28T04:57:03.997Z] [TREESITTER-FULL] [INFO] Extracted 10 symbols from C:\Projects\educatedplanet\admin\src\app\(main)\dashboard\classes\_components\class-modal.tsx
[2025-11-28T04:57:03.997Z] [2025-11-28T04:57:03.997Z] [INDEXING-ORCHESTRATOR] [DEBUG] 🔍 Symbol extraction for C:\Projects\educatedplanet\admin\src\app\(main)\dashboard\classes\_components\class-modal.tsx: 10 symbols, 16 imports
[2025-11-28T04:57:03.997Z] [2025-11-28T04:57:03.997Z] [INDEXING-ORCHESTRATOR] [DEBUG] 📍 Chunk 43-49: 1 candidate symbols
[2025-11-28T04:57:03.997Z] [2025-11-28T04:57:03.997Z] [INDEXING-ORCHESTRATOR] [DEBUG] ✅ Chunk symbols after filtering: 1 symbols - ClassModalProps
[2025-11-28T04:57:03.997Z] [2025-11-28T04:57:03.997Z] [INDEXING-ORCHESTRATOR] [DEBUG] 📍 Chunk 50-518: 9 candidate symbols
[2025-11-28T04:57:03.997Z] [2025-11-28T04:57:03.997Z] [INDEXING-ORCHESTRATOR] [DEBUG] ✅ Chunk symbols after filtering: 9 symbols - form, handleSubmit, handleAddSubClass, handleRemoveSubClass, handleAddSubject, handleRemoveSubject, handleAddPrerequisite, handleRemovePrerequisite, handleOpenChange
[2025-11-28T04:57:03.997Z] [2025-11-28T04:57:03.997Z] [INDEXING-ORCHESTRATOR] [DEBUG] Created 2 semantic chunks for C:\Projects\educatedplanet\admin\src\app\(main)\dashboard\classes\_components\class-modal.tsx
[2025-11-28T04:57:03.997Z] [2025-11-28T04:57:03.997Z] [INDEXING-ORCHESTRATOR] [DEBUG] Average chunk size: 8834 characters
[2025-11-28T04:57:04.026Z] [2025-11-28T04:57:04.027Z] [TREESITTER-CHUNKER] [INFO] Created 2 semantic chunks from C:\Projects\educatedplanet\admin\src\app\(main)\dashboard\classes\_components\classes-table.tsx
[2025-11-28T04:57:04.114Z] [2025-11-28T04:57:04.115Z] [TREESITTER-FULL] [INFO] Extracted 6 symbols from C:\Projects\educatedplanet\admin\src\app\(main)\dashboard\classes\_components\classes-table.tsx
[2025-11-28T04:57:04.116Z] [2025-11-28T04:57:04.116Z] [INDEXING-ORCHESTRATOR] [DEBUG] 🔍 Symbol extraction for C:\Projects\educatedplanet\admin\src\app\(main)\dashboard\classes\_components\classes-table.tsx: 6 symbols, 15 imports
[2025-11-28T04:57:04.116Z] [2025-11-28T04:57:04.116Z] [INDEXING-ORCHESTRATOR] [DEBUG] 📍 Chunk 26-36: 1 candidate symbols
[2025-11-28T04:57:04.116Z] [2025-11-28T04:57:04.116Z] [INDEXING-ORCHESTRATOR] [DEBUG] ✅ Chunk symbols after filtering: 1 symbols - ClassesResponse
[2025-11-28T04:57:04.116Z] [2025-11-28T04:57:04.116Z] [INDEXING-ORCHESTRATOR] [DEBUG] 📍 Chunk 37-313: 5 candidate symbols
[2025-11-28T04:57:04.116Z] [2025-11-28T04:57:04.116Z] [INDEXING-ORCHESTRATOR] [DEBUG] ✅ Chunk symbols after filtering: 5 symbols - fetchClasses, handleRefresh, handleExport, handleClassSubmit, table
[2025-11-28T04:57:04.116Z] [2025-11-28T04:57:04.116Z] [INDEXING-ORCHESTRATOR] [DEBUG] Created 2 semantic chunks for C:\Projects\educatedplanet\admin\src\app\(main)\dashboard\classes\_components\classes-table.tsx
[2025-11-28T04:57:04.116Z] [2025-11-28T04:57:04.116Z] [INDEXING-ORCHESTRATOR] [DEBUG] Average chunk size: 5146 characters
[2025-11-28T04:57:04.121Z] [2025-11-28T04:57:04.121Z] [TREESITTER-CHUNKER] [INFO] Created 1 semantic chunks from C:\Projects\educatedplanet\admin\src\app\(main)\dashboard\_components\sidebar\theme-switcher.tsx
[2025-11-28T04:57:04.129Z] [2025-11-28T04:57:04.129Z] [TREESITTER-FULL] [INFO] Extracted 1 symbols from C:\Projects\educatedplanet\admin\src\app\(main)\dashboard\_components\sidebar\theme-switcher.tsx
[2025-11-28T04:57:04.129Z] [2025-11-28T04:57:04.129Z] [INDEXING-ORCHESTRATOR] [DEBUG] 🔍 Symbol extraction for C:\Projects\educatedplanet\admin\src\app\(main)\dashboard\_components\sidebar\theme-switcher.tsx: 1 symbols, 5 imports
[2025-11-28T04:57:04.129Z] [2025-11-28T04:57:04.129Z] [INDEXING-ORCHESTRATOR] [DEBUG] 📍 Chunk 10-26: 1 candidate symbols
[2025-11-28T04:57:04.129Z] [2025-11-28T04:57:04.130Z] [INDEXING-ORCHESTRATOR] [DEBUG] ✅ Chunk symbols after filtering: 1 symbols - ThemeSwitcher
[2025-11-28T04:57:04.129Z] [2025-11-28T04:57:04.130Z] [INDEXING-ORCHESTRATOR] [DEBUG] Created 1 semantic chunks for C:\Projects\educatedplanet\admin\src\app\(main)\dashboard\_components\sidebar\theme-switcher.tsx
[2025-11-28T04:57:04.129Z] [2025-11-28T04:57:04.130Z] [INDEXING-ORCHESTRATOR] [DEBUG] Average chunk size: 527 characters
[2025-11-28T04:57:04.129Z] [2025-11-28T04:57:04.130Z] [INDEXING-ORCHESTRATOR] [DEBUG] 📊 Processed: 20/324 files
[2025-11-28T04:57:04.178Z] [2025-11-28T04:57:04.179Z] [TREESITTER-CHUNKER] [INFO] Created 1 semantic chunks from C:\Projects\educatedplanet\admin\src\app\(main)\dashboard\classes\_components\columns.tsx
[2025-11-28T04:57:04.311Z] [2025-11-28T04:57:04.312Z] [TREESITTER-FULL] [INFO] Extracted 7 symbols from C:\Projects\educatedplanet\admin\src\app\(main)\dashboard\classes\_components\columns.tsx
[2025-11-28T04:57:04.311Z] [2025-11-28T04:57:04.312Z] [INDEXING-ORCHESTRATOR] [DEBUG] 🔍 Symbol extraction for C:\Projects\educatedplanet\admin\src\app\(main)\dashboard\classes\_components\columns.tsx: 7 symbols, 14 imports
[2025-11-28T04:57:04.312Z] [2025-11-28T04:57:04.312Z] [INDEXING-ORCHESTRATOR] [DEBUG] 📍 Chunk 1-431: 7 candidate symbols
[2025-11-28T04:57:04.312Z] [2025-11-28T04:57:04.312Z] [INDEXING-ORCHESTRATOR] [DEBUG] ✅ Chunk symbols after filtering: 7 symbols - getCategoryVariant, getCategoryLabel, getStatusVariant, handleDelete, handleEditClick, handleEditSubmit, handleToggleStatus
[2025-11-28T04:57:04.312Z] [2025-11-28T04:57:04.312Z] [INDEXING-ORCHESTRATOR] [DEBUG] Created 1 semantic chunks for C:\Projects\educatedplanet\admin\src\app\(main)\dashboard\classes\_components\columns.tsx
[2025-11-28T04:57:04.312Z] [2025-11-28T04:57:04.312Z] [INDEXING-ORCHESTRATOR] [DEBUG] Average chunk size: 13917 characters
[2025-11-28T04:57:04.323Z] [2025-11-28T04:57:04.324Z] [TREESITTER-CHUNKER] [INFO] Created 5 semantic chunks from C:\Projects\educatedplanet\admin\src\app\(main)\dashboard\classes\_components\schema.ts
[2025-11-28T04:57:04.369Z] [2025-11-28T04:57:04.370Z] [TREESITTER-FULL] [INFO] Extracted 8 symbols from C:\Projects\educatedplanet\admin\src\app\(main)\dashboard\classes\_components\schema.ts
[2025-11-28T04:57:04.369Z] [2025-11-28T04:57:04.370Z] [INDEXING-ORCHESTRATOR] [DEBUG] 🔍 Symbol extraction for C:\Projects\educatedplanet\admin\src\app\(main)\dashboard\classes\_components\schema.ts: 8 symbols, 1 imports
[2025-11-28T04:57:04.369Z] [2025-11-28T04:57:04.370Z] [INDEXING-ORCHESTRATOR] [DEBUG] 📍 Chunk 4-14: 0 candidate symbols
[2025-11-28T04:57:04.369Z] [2025-11-28T04:57:04.370Z] [INDEXING-ORCHESTRATOR] [DEBUG] ✅ Chunk symbols after filtering: 0 symbols - 
[2025-11-28T04:57:04.369Z] [2025-11-28T04:57:04.370Z] [INDEXING-ORCHESTRATOR] [DEBUG] 📍 Chunk 37-37: 1 candidate symbols
[2025-11-28T04:57:04.369Z] [2025-11-28T04:57:04.370Z] [INDEXING-ORCHESTRATOR] [DEBUG] ✅ Chunk symbols after filtering: 1 symbols - ClassTable
[2025-11-28T04:57:04.369Z] [2025-11-28T04:57:04.370Z] [INDEXING-ORCHESTRATOR] [DEBUG] 📍 Chunk 72-72: 1 candidate symbols
[2025-11-28T04:57:04.369Z] [2025-11-28T04:57:04.370Z] [INDEXING-ORCHESTRATOR] [DEBUG] ✅ Chunk symbols after filtering: 1 symbols - ClassForm
[2025-11-28T04:57:04.369Z] [2025-11-28T04:57:04.370Z] [INDEXING-ORCHESTRATOR] [DEBUG] 📍 Chunk 87-87: 1 candidate symbols
[2025-11-28T04:57:04.369Z] [2025-11-28T04:57:04.370Z] [INDEXING-ORCHESTRATOR] [DEBUG] ✅ Chunk symbols after filtering: 1 symbols - ClassSearch
[2025-11-28T04:57:04.369Z] [2025-11-28T04:57:04.370Z] [INDEXING-ORCHESTRATOR] [DEBUG] 📍 Chunk 97-97: 1 candidate symbols
[2025-11-28T04:57:04.369Z] [2025-11-28T04:57:04.370Z] [INDEXING-ORCHESTRATOR] [DEBUG] ✅ Chunk symbols after filtering: 1 symbols - SubClassForm
[2025-11-28T04:57:04.369Z] [2025-11-28T04:57:04.370Z] [INDEXING-ORCHESTRATOR] [DEBUG] Created 5 semantic chunks for C:\Projects\educatedplanet\admin\src\app\(main)\dashboard\classes\_components\schema.ts
[2025-11-28T04:57:04.369Z] [2025-11-28T04:57:04.370Z] [INDEXING-ORCHESTRATOR] [DEBUG] Average chunk size: 96 characters
[2025-11-28T04:57:04.378Z] [2025-11-28T04:57:04.379Z] [TREESITTER-CHUNKER] [INFO] Created 1 semantic chunks from C:\Projects\educatedplanet\admin\src\app\(main)\dashboard\crm\_components\columns.crm.tsx
[2025-11-28T04:57:04.403Z] [2025-11-28T04:57:04.404Z] [TREESITTER-FULL] [INFO] Extracted 0 symbols from C:\Projects\educatedplanet\admin\src\app\(main)\dashboard\crm\_components\columns.crm.tsx
[2025-11-28T04:57:04.403Z] [2025-11-28T04:57:04.404Z] [INDEXING-ORCHESTRATOR] [DEBUG] 🔍 Symbol extraction for C:\Projects\educatedplanet\admin\src\app\(main)\dashboard\crm\_components\columns.crm.tsx: 0 symbols, 8 imports
[2025-11-28T04:57:04.403Z] [2025-11-28T04:57:04.404Z] [INDEXING-ORCHESTRATOR] [DEBUG] 📍 Chunk 1-84: 0 candidate symbols
[2025-11-28T04:57:04.403Z] [2025-11-28T04:57:04.404Z] [INDEXING-ORCHESTRATOR] [DEBUG] ✅ Chunk symbols after filtering: 0 symbols - 
[2025-11-28T04:57:04.403Z] [2025-11-28T04:57:04.404Z] [INDEXING-ORCHESTRATOR] [DEBUG] Created 1 semantic chunks for C:\Projects\educatedplanet\admin\src\app\(main)\dashboard\crm\_components\columns.crm.tsx
[2025-11-28T04:57:04.403Z] [2025-11-28T04:57:04.404Z] [INDEXING-ORCHESTRATOR] [DEBUG] Average chunk size: 2876 characters
[2025-11-28T04:57:04.406Z] [2025-11-28T04:57:04.407Z] [TREESITTER-CHUNKER] [INFO] Created 1 semantic chunks from C:\Projects\educatedplanet\admin\src\app\(main)\dashboard\coming-soon\page.tsx
[2025-11-28T04:57:04.412Z] [2025-11-28T04:57:04.412Z] [TREESITTER-FULL] [INFO] Extracted 1 symbols from C:\Projects\educatedplanet\admin\src\app\(main)\dashboard\coming-soon\page.tsx
[2025-11-28T04:57:04.412Z] [2025-11-28T04:57:04.412Z] [INDEXING-ORCHESTRATOR] [DEBUG] 🔍 Symbol extraction for C:\Projects\educatedplanet\admin\src\app\(main)\dashboard\coming-soon\page.tsx: 1 symbols, 0 imports
[2025-11-28T04:57:04.412Z] [2025-11-28T04:57:04.412Z] [INDEXING-ORCHESTRATOR] [DEBUG] 📍 Chunk 1-8: 1 candidate symbols
[2025-11-28T04:57:04.412Z] [2025-11-28T04:57:04.412Z] [INDEXING-ORCHESTRATOR] [DEBUG] ✅ Chunk symbols after filtering: 1 symbols - Page
[2025-11-28T04:57:04.412Z] [2025-11-28T04:57:04.412Z] [INDEXING-ORCHESTRATOR] [DEBUG] Created 1 semantic chunks for C:\Projects\educatedplanet\admin\src\app\(main)\dashboard\coming-soon\page.tsx
[2025-11-28T04:57:04.412Z] [2025-11-28T04:57:04.412Z] [INDEXING-ORCHESTRATOR] [DEBUG] Average chunk size: 331 characters
[2025-11-28T04:57:04.414Z] [2025-11-28T04:57:04.415Z] [TREESITTER-CHUNKER] [INFO] Created 1 semantic chunks from C:\Projects\educatedplanet\admin\src\app\(main)\dashboard\classes\page.tsx
[2025-11-28T04:57:04.417Z] [2025-11-28T04:57:04.418Z] [TREESITTER-FULL] [INFO] Extracted 1 symbols from C:\Projects\educatedplanet\admin\src\app\(main)\dashboard\classes\page.tsx
[2025-11-28T04:57:04.417Z] [2025-11-28T04:57:04.418Z] [INDEXING-ORCHESTRATOR] [DEBUG] 🔍 Symbol extraction for C:\Projects\educatedplanet\admin\src\app\(main)\dashboard\classes\page.tsx: 1 symbols, 2 imports
[2025-11-28T04:57:04.417Z] [2025-11-28T04:57:04.418Z] [INDEXING-ORCHESTRATOR] [DEBUG] 📍 Chunk 4-13: 1 candidate symbols
[2025-11-28T04:57:04.417Z] [2025-11-28T04:57:04.418Z] [INDEXING-ORCHESTRATOR] [DEBUG] ✅ Chunk symbols after filtering: 1 symbols - ClassesPage
[2025-11-28T04:57:04.417Z] [2025-11-28T04:57:04.418Z] [INDEXING-ORCHESTRATOR] [DEBUG] Created 1 semantic chunks for C:\Projects\educatedplanet\admin\src\app\(main)\dashboard\classes\page.tsx
[2025-11-28T04:57:04.417Z] [2025-11-28T04:57:04.418Z] [INDEXING-ORCHESTRATOR] [DEBUG] Average chunk size: 208 characters
[2025-11-28T04:57:04.443Z] [2025-11-28T04:57:04.443Z] [TREESITTER-CHUNKER] [INFO] Created 1 semantic chunks from C:\Projects\educatedplanet\admin\src\app\(main)\dashboard\crm\_components\crm.config.ts
[2025-11-28T04:57:04.477Z] [2025-11-28T04:57:04.477Z] [TREESITTER-FULL] [INFO] Extracted 15 symbols from C:\Projects\educatedplanet\admin\src\app\(main)\dashboard\crm\_components\crm.config.ts
[2025-11-28T04:57:04.477Z] [2025-11-28T04:57:04.477Z] [INDEXING-ORCHESTRATOR] [DEBUG] 🔍 Symbol extraction for C:\Projects\educatedplanet\admin\src\app\(main)\dashboard\crm\_components\crm.config.ts: 15 symbols, 1 imports
[2025-11-28T04:57:04.477Z] [2025-11-28T04:57:04.477Z] [INDEXING-ORCHESTRATOR] [DEBUG] 📍 Chunk 1-334: 15 candidate symbols
[2025-11-28T04:57:04.477Z] [2025-11-28T04:57:04.477Z] [INDEXING-ORCHESTRATOR] [DEBUG] ✅ Chunk symbols after filtering: 15 symbols - leadsChartData, leadsChartConfig, proposalsChartData, proposalsChartConfig, revenueChartData, revenueChartConfig, leadsBySourceChartData, leadsBySourceChartConfig, projectRevenueChartData, projectRevenueChartConfig, salesPipelineChartData, salesPipelineChartConfig, regionSalesData, actionItems, recentLeadsData
[2025-11-28T04:57:04.477Z] [2025-11-28T04:57:04.478Z] [INDEXING-ORCHESTRATOR] [DEBUG] Created 1 semantic chunks for C:\Projects\educatedplanet\admin\src\app\(main)\dashboard\crm\_components\crm.config.ts
[2025-11-28T04:57:04.477Z] [2025-11-28T04:57:04.478Z] [INDEXING-ORCHESTRATOR] [DEBUG] Average chunk size: 7787 characters
[2025-11-28T04:57:04.497Z] [2025-11-28T04:57:04.498Z] [TREESITTER-CHUNKER] [INFO] Created 1 semantic chunks from C:\Projects\educatedplanet\admin\src\app\(main)\dashboard\crm\_components\insight-cards.tsx
[2025-11-28T04:57:04.542Z] [2025-11-28T04:57:04.543Z] [TREESITTER-FULL] [INFO] Extracted 1 symbols from C:\Projects\educatedplanet\admin\src\app\(main)\dashboard\crm\_components\insight-cards.tsx
[2025-11-28T04:57:04.542Z] [2025-11-28T04:57:04.543Z] [INDEXING-ORCHESTRATOR] [DEBUG] 🔍 Symbol extraction for C:\Projects\educatedplanet\admin\src\app\(main)\dashboard\crm\_components\insight-cards.tsx: 1 symbols, 5 imports
[2025-11-28T04:57:04.542Z] [2025-11-28T04:57:04.543Z] [INDEXING-ORCHESTRATOR] [DEBUG] 📍 Chunk 1-155: 1 candidate symbols
[2025-11-28T04:57:04.542Z] [2025-11-28T04:57:04.543Z] [INDEXING-ORCHESTRATOR] [DEBUG] ✅ Chunk symbols after filtering: 1 symbols - totalLeads
[2025-11-28T04:57:04.542Z] [2025-11-28T04:57:04.543Z] [INDEXING-ORCHESTRATOR] [DEBUG] Created 1 semantic chunks for C:\Projects\educatedplanet\admin\src\app\(main)\dashboard\crm\_components\insight-cards.tsx
[2025-11-28T04:57:04.542Z] [2025-11-28T04:57:04.543Z] [INDEXING-ORCHESTRATOR] [DEBUG] Average chunk size: 6050 characters
[2025-11-28T04:57:04.560Z] [2025-11-28T04:57:04.561Z] [TREESITTER-CHUNKER] [INFO] Created 3 semantic chunks from C:\Projects\educatedplanet\admin\src\app\(main)\dashboard\crm\_components\operational-cards.tsx
[2025-11-28T04:57:04.597Z] [2025-11-28T04:57:04.597Z] [TREESITTER-FULL] [INFO] Extracted 1 symbols from C:\Projects\educatedplanet\admin\src\app\(main)\dashboard\crm\_components\operational-cards.tsx
[2025-11-28T04:57:04.597Z] [2025-11-28T04:57:04.598Z] [INDEXING-ORCHESTRATOR] [DEBUG] 🔍 Symbol extraction for C:\Projects\educatedplanet\admin\src\app\(main)\dashboard\crm\_components\operational-cards.tsx: 1 symbols, 8 imports
[2025-11-28T04:57:04.597Z] [2025-11-28T04:57:04.598Z] [INDEXING-ORCHESTRATOR] [DEBUG] 📍 Chunk 55-60: 0 candidate symbols
[2025-11-28T04:57:04.597Z] [2025-11-28T04:57:04.598Z] [INDEXING-ORCHESTRATOR] [DEBUG] ✅ Chunk symbols after filtering: 0 symbols - 
[2025-11-28T04:57:04.597Z] [2025-11-28T04:57:04.598Z] [INDEXING-ORCHESTRATOR] [DEBUG] 📍 Chunk 93-100: 0 candidate symbols
[2025-11-28T04:57:04.597Z] [2025-11-28T04:57:04.598Z] [INDEXING-ORCHESTRATOR] [DEBUG] ✅ Chunk symbols after filtering: 0 symbols - 
[2025-11-28T04:57:04.597Z] [2025-11-28T04:57:04.598Z] [INDEXING-ORCHESTRATOR] [DEBUG] 📍 Chunk 101-116: 0 candidate symbols
[2025-11-28T04:57:04.597Z] [2025-11-28T04:57:04.598Z] [INDEXING-ORCHESTRATOR] [DEBUG] ✅ Chunk symbols after filtering: 0 symbols - 
[2025-11-28T04:57:04.597Z] [2025-11-28T04:57:04.598Z] [INDEXING-ORCHESTRATOR] [DEBUG] Created 3 semantic chunks for C:\Projects\educatedplanet\admin\src\app\(main)\dashboard\crm\_components\operational-cards.tsx
[2025-11-28T04:57:04.597Z] [2025-11-28T04:57:04.598Z] [INDEXING-ORCHESTRATOR] [DEBUG] Average chunk size: 382 characters
[2025-11-28T04:57:04.603Z] [2025-11-28T04:57:04.604Z] [TREESITTER-CHUNKER] [INFO] Created 1 semantic chunks from C:\Projects\educatedplanet\admin\src\app\(main)\dashboard\crm\_components\schema.ts
[2025-11-28T04:57:04.605Z] [2025-11-28T04:57:04.606Z] [TREESITTER-FULL] [INFO] Extracted 1 symbols from C:\Projects\educatedplanet\admin\src\app\(main)\dashboard\crm\_components\schema.ts
[2025-11-28T04:57:04.606Z] [2025-11-28T04:57:04.606Z] [INDEXING-ORCHESTRATOR] [DEBUG] 🔍 Symbol extraction for C:\Projects\educatedplanet\admin\src\app\(main)\dashboard\crm\_components\schema.ts: 1 symbols, 1 imports
[2025-11-28T04:57:04.606Z] [2025-11-28T04:57:04.606Z] [INDEXING-ORCHESTRATOR] [DEBUG] 📍 Chunk 1-11: 1 candidate symbols
[2025-11-28T04:57:04.606Z] [2025-11-28T04:57:04.606Z] [INDEXING-ORCHESTRATOR] [DEBUG] ✅ Chunk symbols after filtering: 1 symbols - recentLeadSchema
[2025-11-28T04:57:04.606Z] [2025-11-28T04:57:04.606Z] [INDEXING-ORCHESTRATOR] [DEBUG] Created 1 semantic chunks for C:\Projects\educatedplanet\admin\src\app\(main)\dashboard\crm\_components\schema.ts
[2025-11-28T04:57:04.606Z] [2025-11-28T04:57:04.606Z] [INDEXING-ORCHESTRATOR] [DEBUG] Average chunk size: 210 characters
[2025-11-28T04:57:04.626Z] [2025-11-28T04:57:04.627Z] [TREESITTER-CHUNKER] [INFO] Created 1 semantic chunks from C:\Projects\educatedplanet\admin\src\app\(main)\dashboard\crm\_components\overview-cards.tsx
[2025-11-28T04:57:04.669Z] [2025-11-28T04:57:04.670Z] [TREESITTER-FULL] [INFO] Extracted 1 symbols from C:\Projects\educatedplanet\admin\src\app\(main)\dashboard\crm\_components\overview-cards.tsx
[2025-11-28T04:57:04.669Z] [2025-11-28T04:57:04.670Z] [INDEXING-ORCHESTRATOR] [DEBUG] 🔍 Symbol extraction for C:\Projects\educatedplanet\admin\src\app\(main)\dashboard\crm\_components\overview-cards.tsx: 1 symbols, 6 imports
[2025-11-28T04:57:04.669Z] [2025-11-28T04:57:04.670Z] [INDEXING-ORCHESTRATOR] [DEBUG] 📍 Chunk 1-152: 1 candidate symbols
[2025-11-28T04:57:04.669Z] [2025-11-28T04:57:04.670Z] [INDEXING-ORCHESTRATOR] [DEBUG] ✅ Chunk symbols after filtering: 1 symbols - lastMonth
[2025-11-28T04:57:04.670Z] [2025-11-28T04:57:04.670Z] [INDEXING-ORCHESTRATOR] [DEBUG] Created 1 semantic chunks for C:\Projects\educatedplanet\admin\src\app\(main)\dashboard\crm\_components\overview-cards.tsx
[2025-11-28T04:57:04.670Z] [2025-11-28T04:57:04.670Z] [INDEXING-ORCHESTRATOR] [DEBUG] Average chunk size: 5874 characters
[2025-11-28T04:57:04.670Z] [2025-11-28T04:57:04.670Z] [INDEXING-ORCHESTRATOR] [DEBUG] 📊 Processed: 30/324 files
[2025-11-28T04:57:04.681Z] [2025-11-28T04:57:04.682Z] [TREESITTER-CHUNKER] [INFO] Created 1 semantic chunks from C:\Projects\educatedplanet\admin\src\app\(main)\dashboard\crm\_components\table-cards.tsx
[2025-11-28T04:57:04.694Z] [2025-11-28T04:57:04.695Z] [TREESITTER-FULL] [INFO] Extracted 1 symbols from C:\Projects\educatedplanet\admin\src\app\(main)\dashboard\crm\_components\table-cards.tsx
[2025-11-28T04:57:04.695Z] [2025-11-28T04:57:04.695Z] [INDEXING-ORCHESTRATOR] [DEBUG] 🔍 Symbol extraction for C:\Projects\educatedplanet\admin\src\app\(main)\dashboard\crm\_components\table-cards.tsx: 1 symbols, 9 imports
[2025-11-28T04:57:04.695Z] [2025-11-28T04:57:04.695Z] [INDEXING-ORCHESTRATOR] [DEBUG] 📍 Chunk 15-47: 1 candidate symbols
[2025-11-28T04:57:04.695Z] [2025-11-28T04:57:04.695Z] [INDEXING-ORCHESTRATOR] [DEBUG] ✅ Chunk symbols after filtering: 1 symbols - TableCards
[2025-11-28T04:57:04.695Z] [2025-11-28T04:57:04.695Z] [INDEXING-ORCHESTRATOR] [DEBUG] Created 1 semantic chunks for C:\Projects\educatedplanet\admin\src\app\(main)\dashboard\crm\_components\table-cards.tsx
[2025-11-28T04:57:04.695Z] [2025-11-28T04:57:04.695Z] [INDEXING-ORCHESTRATOR] [DEBUG] Average chunk size: 1145 characters
[2025-11-28T04:57:04.696Z] [2025-11-28T04:57:04.697Z] [TREESITTER-CHUNKER] [INFO] Created 1 semantic chunks from C:\Projects\educatedplanet\admin\src\app\(main)\dashboard\crm\page.tsx
[2025-11-28T04:57:04.698Z] [2025-11-28T04:57:04.699Z] [TREESITTER-FULL] [INFO] Extracted 1 symbols from C:\Projects\educatedplanet\admin\src\app\(main)\dashboard\crm\page.tsx
[2025-11-28T04:57:04.699Z] [2025-11-28T04:57:04.699Z] [INDEXING-ORCHESTRATOR] [DEBUG] 🔍 Symbol extraction for C:\Projects\educatedplanet\admin\src\app\(main)\dashboard\crm\page.tsx: 1 symbols, 4 imports
[2025-11-28T04:57:04.699Z] [2025-11-28T04:57:04.699Z] [INDEXING-ORCHESTRATOR] [DEBUG] 📍 Chunk 6-15: 1 candidate symbols
[2025-11-28T04:57:04.699Z] [2025-11-28T04:57:04.699Z] [INDEXING-ORCHESTRATOR] [DEBUG] ✅ Chunk symbols after filtering: 1 symbols - Page
[2025-11-28T04:57:04.699Z] [2025-11-28T04:57:04.699Z] [INDEXING-ORCHESTRATOR] [DEBUG] Created 1 semantic chunks for C:\Projects\educatedplanet\admin\src\app\(main)\dashboard\crm\page.tsx
[2025-11-28T04:57:04.699Z] [2025-11-28T04:57:04.699Z] [INDEXING-ORCHESTRATOR] [DEBUG] Average chunk size: 201 characters
[2025-11-28T04:57:04.738Z] [2025-11-28T04:57:04.739Z] [TREESITTER-CHUNKER] [INFO] Created 1 semantic chunks from C:\Projects\educatedplanet\admin\src\app\(main)\dashboard\default\_components\chart-area-interactive.tsx
[2025-11-28T04:57:04.796Z] [2025-11-28T04:57:04.797Z] [TREESITTER-FULL] [INFO] Extracted 4 symbols from C:\Projects\educatedplanet\admin\src\app\(main)\dashboard\default\_components\chart-area-interactive.tsx
[2025-11-28T04:57:04.796Z] [2025-11-28T04:57:04.797Z] [INDEXING-ORCHESTRATOR] [DEBUG] 🔍 Symbol extraction for C:\Projects\educatedplanet\admin\src\app\(main)\dashboard\default\_components\chart-area-interactive.tsx: 4 symbols, 7 imports
[2025-11-28T04:57:04.796Z] [2025-11-28T04:57:04.797Z] [INDEXING-ORCHESTRATOR] [DEBUG] 📍 Chunk 1-240: 4 candidate symbols
[2025-11-28T04:57:04.796Z] [2025-11-28T04:57:04.797Z] [INDEXING-ORCHESTRATOR] [DEBUG] ✅ Chunk symbols after filtering: 4 symbols - description, chartData, isMobile, filteredData
[2025-11-28T04:57:04.796Z] [2025-11-28T04:57:04.797Z] [INDEXING-ORCHESTRATOR] [DEBUG] Created 1 semantic chunks for C:\Projects\educatedplanet\admin\src\app\(main)\dashboard\default\_components\chart-area-interactive.tsx
[2025-11-28T04:57:04.796Z] [2025-11-28T04:57:04.797Z] [INDEXING-ORCHESTRATOR] [DEBUG] Average chunk size: 10408 characters
[2025-11-28T04:57:04.810Z] [2025-11-28T04:57:04.811Z] [TREESITTER-CHUNKER] [INFO] Created 1 semantic chunks from C:\Projects\educatedplanet\admin\src\app\(main)\dashboard\default\_components\data-table.tsx
[2025-11-28T04:57:05.006Z] [2025-11-28T04:57:05.006Z] [TREESITTER-FULL] [INFO] Extracted 1 symbols from C:\Projects\educatedplanet\admin\src\app\(main)\dashboard\default\_components\data-table.tsx
[2025-11-28T04:57:05.006Z] [2025-11-28T04:57:05.006Z] [INDEXING-ORCHESTRATOR] [DEBUG] 🔍 Symbol extraction for C:\Projects\educatedplanet\admin\src\app\(main)\dashboard\default\_components\data-table.tsx: 1 symbols, 15 imports
[2025-11-28T04:57:05.006Z] [2025-11-28T04:57:05.006Z] [INDEXING-ORCHESTRATOR] [DEBUG] 📍 Chunk 23-80: 1 candidate symbols
[2025-11-28T04:57:05.006Z] [2025-11-28T04:57:05.006Z] [INDEXING-ORCHESTRATOR] [DEBUG] ✅ Chunk symbols after filtering: 1 symbols - DataTable
[2025-11-28T04:57:05.006Z] [2025-11-28T04:57:05.006Z] [INDEXING-ORCHESTRATOR] [DEBUG] Created 1 semantic chunks for C:\Projects\educatedplanet\admin\src\app\(main)\dashboard\default\_components\data-table.tsx
[2025-11-28T04:57:05.006Z] [2025-11-28T04:57:05.007Z] [INDEXING-ORCHESTRATOR] [DEBUG] Average chunk size: 2958 characters
[2025-11-28T04:57:05.007Z] [2025-11-28T04:57:05.008Z] [TREESITTER-CHUNKER] [INFO] Created 1 semantic chunks from C:\Projects\educatedplanet\admin\src\app\(main)\dashboard\default\_components\schema.ts
[2025-11-28T04:57:05.008Z] [2025-11-28T04:57:05.009Z] [TREESITTER-FULL] [INFO] Extracted 1 symbols from C:\Projects\educatedplanet\admin\src\app\(main)\dashboard\default\_components\schema.ts
[2025-11-28T04:57:05.008Z] [2025-11-28T04:57:05.009Z] [INDEXING-ORCHESTRATOR] [DEBUG] 🔍 Symbol extraction for C:\Projects\educatedplanet\admin\src\app\(main)\dashboard\default\_components\schema.ts: 1 symbols, 1 imports
[2025-11-28T04:57:05.008Z] [2025-11-28T04:57:05.009Z] [INDEXING-ORCHESTRATOR] [DEBUG] 📍 Chunk 1-12: 1 candidate symbols
[2025-11-28T04:57:05.008Z] [2025-11-28T04:57:05.009Z] [INDEXING-ORCHESTRATOR] [DEBUG] ✅ Chunk symbols after filtering: 1 symbols - sectionSchema
[2025-11-28T04:57:05.008Z] [2025-11-28T04:57:05.009Z] [INDEXING-ORCHESTRATOR] [DEBUG] Created 1 semantic chunks for C:\Projects\educatedplanet\admin\src\app\(main)\dashboard\default\_components\schema.ts
[2025-11-28T04:57:05.008Z] [2025-11-28T04:57:05.009Z] [INDEXING-ORCHESTRATOR] [DEBUG] Average chunk size: 228 characters
[2025-11-28T04:57:05.028Z] [2025-11-28T04:57:05.028Z] [TREESITTER-CHUNKER] [INFO] Created 1 semantic chunks from C:\Projects\educatedplanet\admin\src\app\(main)\dashboard\default\_components\columns.tsx
[2025-11-28T04:57:05.083Z] [2025-11-28T04:57:05.084Z] [TREESITTER-FULL] [INFO] Extracted 0 symbols from C:\Projects\educatedplanet\admin\src\app\(main)\dashboard\default\_components\columns.tsx
[2025-11-28T04:57:05.083Z] [2025-11-28T04:57:05.084Z] [INDEXING-ORCHESTRATOR] [DEBUG] 🔍 Symbol extraction for C:\Projects\educatedplanet\admin\src\app\(main)\dashboard\default\_components\columns.tsx: 0 symbols, 14 imports
[2025-11-28T04:57:05.083Z] [2025-11-28T04:57:05.084Z] [INDEXING-ORCHESTRATOR] [DEBUG] 📍 Chunk 1-191: 0 candidate symbols
[2025-11-28T04:57:05.083Z] [2025-11-28T04:57:05.084Z] [INDEXING-ORCHESTRATOR] [DEBUG] ✅ Chunk symbols after filtering: 0 symbols - 
[2025-11-28T04:57:05.083Z] [2025-11-28T04:57:05.084Z] [INDEXING-ORCHESTRATOR] [DEBUG] Created 1 semantic chunks for C:\Projects\educatedplanet\admin\src\app\(main)\dashboard\default\_components\columns.tsx
[2025-11-28T04:57:05.083Z] [2025-11-28T04:57:05.084Z] [INDEXING-ORCHESTRATOR] [DEBUG] Average chunk size: 6693 characters
[2025-11-28T04:57:05.108Z] [2025-11-28T04:57:05.109Z] [TREESITTER-CHUNKER] [INFO] Created 1 semantic chunks from C:\Projects\educatedplanet\admin\src\app\(main)\dashboard\default\_components\section-cards.tsx
[2025-11-28T04:57:05.161Z] [2025-11-28T04:57:05.162Z] [TREESITTER-FULL] [INFO] Extracted 0 symbols from C:\Projects\educatedplanet\admin\src\app\(main)\dashboard\default\_components\section-cards.tsx
[2025-11-28T04:57:05.161Z] [2025-11-28T04:57:05.162Z] [INDEXING-ORCHESTRATOR] [DEBUG] 🔍 Symbol extraction for C:\Projects\educatedplanet\admin\src\app\(main)\dashboard\default\_components\section-cards.tsx: 0 symbols, 5 imports
[2025-11-28T04:57:05.162Z] [2025-11-28T04:57:05.162Z] [INDEXING-ORCHESTRATOR] [DEBUG] 📍 Chunk 1-156: 0 candidate symbols
[2025-11-28T04:57:05.162Z] [2025-11-28T04:57:05.162Z] [INDEXING-ORCHESTRATOR] [DEBUG] ✅ Chunk symbols after filtering: 0 symbols - 
[2025-11-28T04:57:05.162Z] [2025-11-28T04:57:05.162Z] [INDEXING-ORCHESTRATOR] [DEBUG] Created 1 semantic chunks for C:\Projects\educatedplanet\admin\src\app\(main)\dashboard\default\_components\section-cards.tsx
[2025-11-28T04:57:05.162Z] [2025-11-28T04:57:05.162Z] [INDEXING-ORCHESTRATOR] [DEBUG] Average chunk size: 6581 characters
[2025-11-28T04:57:05.194Z] [2025-11-28T04:57:05.194Z] [TREESITTER-CHUNKER] [INFO] Created 1 semantic chunks from C:\Projects\educatedplanet\admin\src\app\(main)\dashboard\default\_components\table-cell-viewer.tsx
[2025-11-28T04:57:05.215Z] [2025-11-28T04:57:05.215Z] [TREESITTER-FULL] [INFO] Extracted 2 symbols from C:\Projects\educatedplanet\admin\src\app\(main)\dashboard\default\_components\table-cell-viewer.tsx
[2025-11-28T04:57:05.215Z] [2025-11-28T04:57:05.216Z] [INDEXING-ORCHESTRATOR] [DEBUG] 🔍 Symbol extraction for C:\Projects\educatedplanet\admin\src\app\(main)\dashboard\default\_components\table-cell-viewer.tsx: 2 symbols, 12 imports
[2025-11-28T04:57:05.215Z] [2025-11-28T04:57:05.216Z] [INDEXING-ORCHESTRATOR] [DEBUG] 📍 Chunk 1-186: 2 candidate symbols
[2025-11-28T04:57:05.215Z] [2025-11-28T04:57:05.216Z] [INDEXING-ORCHESTRATOR] [DEBUG] ✅ Chunk symbols after filtering: 2 symbols - chartData, isMobile
[2025-11-28T04:57:05.215Z] [2025-11-28T04:57:05.216Z] [INDEXING-ORCHESTRATOR] [DEBUG] Created 1 semantic chunks for C:\Projects\educatedplanet\admin\src\app\(main)\dashboard\default\_components\table-cell-viewer.tsx
[2025-11-28T04:57:05.215Z] [2025-11-28T04:57:05.216Z] [INDEXING-ORCHESTRATOR] [DEBUG] Average chunk size: 7557 characters
[2025-11-28T04:57:05.216Z] [2025-11-28T04:57:05.217Z] [TREESITTER-CHUNKER] [INFO] Created 1 semantic chunks from C:\Projects\educatedplanet\admin\src\app\(main)\dashboard\default\page.tsx
[2025-11-28T04:57:05.218Z] [2025-11-28T04:57:05.219Z] [TREESITTER-FULL] [INFO] Extracted 1 symbols from C:\Projects\educatedplanet\admin\src\app\(main)\dashboard\default\page.tsx
[2025-11-28T04:57:05.218Z] [2025-11-28T04:57:05.219Z] [INDEXING-ORCHESTRATOR] [DEBUG] 🔍 Symbol extraction for C:\Projects\educatedplanet\admin\src\app\(main)\dashboard\default\page.tsx: 1 symbols, 4 imports
[2025-11-28T04:57:05.218Z] [2025-11-28T04:57:05.219Z] [INDEXING-ORCHESTRATOR] [DEBUG] 📍 Chunk 6-14: 1 candidate symbols
[2025-11-28T04:57:05.218Z] [2025-11-28T04:57:05.219Z] [INDEXING-ORCHESTRATOR] [DEBUG] ✅ Chunk symbols after filtering: 1 symbols - Page
[2025-11-28T04:57:05.218Z] [2025-11-28T04:57:05.219Z] [INDEXING-ORCHESTRATOR] [DEBUG] Created 1 semantic chunks for C:\Projects\educatedplanet\admin\src\app\(main)\dashboard\default\page.tsx
[2025-11-28T04:57:05.218Z] [2025-11-28T04:57:05.219Z] [INDEXING-ORCHESTRATOR] [DEBUG] Average chunk size: 207 characters
[2025-11-28T04:57:05.238Z] [2025-11-28T04:57:05.239Z] [TREESITTER-CHUNKER] [INFO] Created 2 semantic chunks from C:\Projects\educatedplanet\admin\src\app\(main)\dashboard\finance\_components\account-overview.tsx
[2025-11-28T04:57:05.283Z] [2025-11-28T04:57:05.283Z] [TREESITTER-FULL] [INFO] Extracted 2 symbols from C:\Projects\educatedplanet\admin\src\app\(main)\dashboard\finance\_components\account-overview.tsx
[2025-11-28T04:57:05.283Z] [2025-11-28T04:57:05.283Z] [INDEXING-ORCHESTRATOR] [DEBUG] 🔍 Symbol extraction for C:\Projects\educatedplanet\admin\src\app\(main)\dashboard\finance\_components\account-overview.tsx: 2 symbols, 8 imports
[2025-11-28T04:57:05.283Z] [2025-11-28T04:57:05.284Z] [INDEXING-ORCHESTRATOR] [DEBUG] 📍 Chunk 13-26: 1 candidate symbols
[2025-11-28T04:57:05.283Z] [2025-11-28T04:57:05.284Z] [INDEXING-ORCHESTRATOR] [DEBUG] ✅ Chunk symbols after filtering: 1 symbols - ChipSVG
[2025-11-28T04:57:05.283Z] [2025-11-28T04:57:05.284Z] [INDEXING-ORCHESTRATOR] [DEBUG] 📍 Chunk 27-181: 1 candidate symbols
[2025-11-28T04:57:05.283Z] [2025-11-28T04:57:05.284Z] [INDEXING-ORCHESTRATOR] [DEBUG] ✅ Chunk symbols after filtering: 1 symbols - recentPayments
[2025-11-28T04:57:05.283Z] [2025-11-28T04:57:05.284Z] [INDEXING-ORCHESTRATOR] [DEBUG] Created 2 semantic chunks for C:\Projects\educatedplanet\admin\src\app\(main)\dashboard\finance\_components\account-overview.tsx
[2025-11-28T04:57:05.283Z] [2025-11-28T04:57:05.284Z] [INDEXING-ORCHESTRATOR] [DEBUG] Average chunk size: 3503 characters
[2025-11-28T04:57:05.283Z] [2025-11-28T04:57:05.284Z] [INDEXING-ORCHESTRATOR] [DEBUG] 📊 Processed: 40/324 files
[2025-11-28T04:57:05.303Z] [2025-11-28T04:57:05.304Z] [TREESITTER-CHUNKER] [INFO] Created 1 semantic chunks from C:\Projects\educatedplanet\admin\src\app\(main)\dashboard\finance\_components\financial-overview.tsx
[2025-11-28T04:57:05.336Z] [2025-11-28T04:57:05.337Z] [TREESITTER-FULL] [INFO] Extracted 4 symbols from C:\Projects\educatedplanet\admin\src\app\(main)\dashboard\finance\_components\financial-overview.tsx
[2025-11-28T04:57:05.336Z] [2025-11-28T04:57:05.337Z] [INDEXING-ORCHESTRATOR] [DEBUG] 🔍 Symbol extraction for C:\Projects\educatedplanet\admin\src\app\(main)\dashboard\finance\_components\financial-overview.tsx: 4 symbols, 7 imports
[2025-11-28T04:57:05.336Z] [2025-11-28T04:57:05.337Z] [INDEXING-ORCHESTRATOR] [DEBUG] 📍 Chunk 1-119: 4 candidate symbols
[2025-11-28T04:57:05.336Z] [2025-11-28T04:57:05.337Z] [INDEXING-ORCHESTRATOR] [DEBUG] ✅ Chunk symbols after filtering: 4 symbols - chartData, totalIncome, totalExpenses, totalScheduled
[2025-11-28T04:57:05.336Z] [2025-11-28T04:57:05.337Z] [INDEXING-ORCHESTRATOR] [DEBUG] Created 1 semantic chunks for C:\Projects\educatedplanet\admin\src\app\(main)\dashboard\finance\_components\financial-overview.tsx
[2025-11-28T04:57:05.336Z] [2025-11-28T04:57:05.337Z] [INDEXING-ORCHESTRATOR] [DEBUG] Average chunk size: 5605 characters
[2025-11-28T04:57:05.348Z] [2025-11-28T04:57:05.349Z] [TREESITTER-CHUNKER] [INFO] Created 2 semantic chunks from C:\Projects\educatedplanet\admin\src\app\(main)\dashboard\finance\_components\currency-exchange.tsx
[2025-11-28T04:57:05.365Z] [2025-11-28T04:57:05.366Z] [TREESITTER-FULL] [INFO] Extracted 1 symbols from C:\Projects\educatedplanet\admin\src\app\(main)\dashboard\finance\_components\currency-exchange.tsx
[2025-11-28T04:57:05.365Z] [2025-11-28T04:57:05.366Z] [INDEXING-ORCHESTRATOR] [DEBUG] 🔍 Symbol extraction for C:\Projects\educatedplanet\admin\src\app\(main)\dashboard\finance\_components\currency-exchange.tsx: 1 symbols, 6 imports
[2025-11-28T04:57:05.365Z] [2025-11-28T04:57:05.366Z] [INDEXING-ORCHESTRATOR] [DEBUG] 📍 Chunk 11-25: 1 candidate symbols
[2025-11-28T04:57:05.365Z] [2025-11-28T04:57:05.366Z] [INDEXING-ORCHESTRATOR] [DEBUG] ✅ Chunk symbols after filtering: 1 symbols - CurrencySelector
[2025-11-28T04:57:05.365Z] [2025-11-28T04:57:05.366Z] [INDEXING-ORCHESTRATOR] [DEBUG] 📍 Chunk 26-82: 0 candidate symbols
[2025-11-28T04:57:05.365Z] [2025-11-28T04:57:05.366Z] [INDEXING-ORCHESTRATOR] [DEBUG] ✅ Chunk symbols after filtering: 0 symbols - 
[2025-11-28T04:57:05.365Z] [2025-11-28T04:57:05.366Z] [INDEXING-ORCHESTRATOR] [DEBUG] Created 2 semantic chunks for C:\Projects\educatedplanet\admin\src\app\(main)\dashboard\finance\_components\currency-exchange.tsx
[2025-11-28T04:57:05.365Z] [2025-11-28T04:57:05.366Z] [INDEXING-ORCHESTRATOR] [DEBUG] Average chunk size: 1466 characters
[2025-11-28T04:57:05.383Z] [2025-11-28T04:57:05.383Z] [TREESITTER-CHUNKER] [INFO] Created 1 semantic chunks from C:\Projects\educatedplanet\admin\src\app\(main)\dashboard\finance\_components\expense-summary.tsx
[2025-11-28T04:57:05.409Z] [2025-11-28T04:57:05.410Z] [TREESITTER-FULL] [INFO] Extracted 1 symbols from C:\Projects\educatedplanet\admin\src\app\(main)\dashboard\finance\_components\expense-summary.tsx
[2025-11-28T04:57:05.409Z] [2025-11-28T04:57:05.410Z] [INDEXING-ORCHESTRATOR] [DEBUG] 🔍 Symbol extraction for C:\Projects\educatedplanet\admin\src\app\(main)\dashboard\finance\_components\expense-summary.tsx: 1 symbols, 6 imports
[2025-11-28T04:57:05.409Z] [2025-11-28T04:57:05.410Z] [INDEXING-ORCHESTRATOR] [DEBUG] 📍 Chunk 1-133: 1 candidate symbols
[2025-11-28T04:57:05.409Z] [2025-11-28T04:57:05.410Z] [INDEXING-ORCHESTRATOR] [DEBUG] ✅ Chunk symbols after filtering: 1 symbols - chartData
[2025-11-28T04:57:05.409Z] [2025-11-28T04:57:05.410Z] [INDEXING-ORCHESTRATOR] [DEBUG] Created 1 semantic chunks for C:\Projects\educatedplanet\admin\src\app\(main)\dashboard\finance\_components\expense-summary.tsx
[2025-11-28T04:57:05.409Z] [2025-11-28T04:57:05.410Z] [INDEXING-ORCHESTRATOR] [DEBUG] Average chunk size: 5494 characters
[2025-11-28T04:57:05.413Z] [2025-11-28T04:57:05.413Z] [TREESITTER-CHUNKER] [INFO] Created 1 semantic chunks from C:\Projects\educatedplanet\admin\src\app\(main)\dashboard\finance\page.tsx
[2025-11-28T04:57:05.418Z] [2025-11-28T04:57:05.419Z] [TREESITTER-FULL] [INFO] Extracted 1 symbols from C:\Projects\educatedplanet\admin\src\app\(main)\dashboard\finance\page.tsx
[2025-11-28T04:57:05.418Z] [2025-11-28T04:57:05.419Z] [INDEXING-ORCHESTRATOR] [DEBUG] 🔍 Symbol extraction for C:\Projects\educatedplanet\admin\src\app\(main)\dashboard\finance\page.tsx: 1 symbols, 4 imports
[2025-11-28T04:57:05.418Z] [2025-11-28T04:57:05.419Z] [INDEXING-ORCHESTRATOR] [DEBUG] 📍 Chunk 6-24: 1 candidate symbols
[2025-11-28T04:57:05.418Z] [2025-11-28T04:57:05.419Z] [INDEXING-ORCHESTRATOR] [DEBUG] ✅ Chunk symbols after filtering: 1 symbols - Page
[2025-11-28T04:57:05.418Z] [2025-11-28T04:57:05.419Z] [INDEXING-ORCHESTRATOR] [DEBUG] Created 1 semantic chunks for C:\Projects\educatedplanet\admin\src\app\(main)\dashboard\finance\page.tsx
[2025-11-28T04:57:05.418Z] [2025-11-28T04:57:05.419Z] [INDEXING-ORCHESTRATOR] [DEBUG] Average chunk size: 550 characters
[2025-11-28T04:57:05.425Z] [2025-11-28T04:57:05.426Z] [TREESITTER-CHUNKER] [INFO] Created 2 semantic chunks from C:\Projects\educatedplanet\admin\src\app\(main)\dashboard\layout.tsx
[2025-11-28T04:57:05.439Z] [2025-11-28T04:57:05.440Z] [TREESITTER-FULL] [INFO] Extracted 1 symbols from C:\Projects\educatedplanet\admin\src\app\(main)\dashboard\layout.tsx
[2025-11-28T04:57:05.439Z] [2025-11-28T04:57:05.440Z] [INDEXING-ORCHESTRATOR] [DEBUG] 🔍 Symbol extraction for C:\Projects\educatedplanet\admin\src\app\(main)\dashboard\layout.tsx: 1 symbols, 13 imports
[2025-11-28T04:57:05.439Z] [2025-11-28T04:57:05.440Z] [INDEXING-ORCHESTRATOR] [DEBUG] 📍 Chunk 53-61: 0 candidate symbols
[2025-11-28T04:57:05.439Z] [2025-11-28T04:57:05.440Z] [INDEXING-ORCHESTRATOR] [DEBUG] ✅ Chunk symbols after filtering: 0 symbols - 
[2025-11-28T04:57:05.439Z] [2025-11-28T04:57:05.440Z] [INDEXING-ORCHESTRATOR] [DEBUG] 📍 Chunk 62-86: 0 candidate symbols
[2025-11-28T04:57:05.439Z] [2025-11-28T04:57:05.440Z] [INDEXING-ORCHESTRATOR] [DEBUG] ✅ Chunk symbols after filtering: 0 symbols - 
[2025-11-28T04:57:05.439Z] [2025-11-28T04:57:05.440Z] [INDEXING-ORCHESTRATOR] [DEBUG] Created 2 semantic chunks for C:\Projects\educatedplanet\admin\src\app\(main)\dashboard\layout.tsx
[2025-11-28T04:57:05.439Z] [2025-11-28T04:57:05.440Z] [INDEXING-ORCHESTRATOR] [DEBUG] Average chunk size: 998 characters
[2025-11-28T04:57:05.440Z] [2025-11-28T04:57:05.441Z] [TREESITTER-CHUNKER] [INFO] Created 1 semantic chunks from C:\Projects\educatedplanet\admin\src\app\(main)\dashboard\page.tsx
[2025-11-28T04:57:05.441Z] [2025-11-28T04:57:05.442Z] [TREESITTER-FULL] [INFO] Extracted 1 symbols from C:\Projects\educatedplanet\admin\src\app\(main)\dashboard\page.tsx
[2025-11-28T04:57:05.441Z] [2025-11-28T04:57:05.442Z] [INDEXING-ORCHESTRATOR] [DEBUG] 🔍 Symbol extraction for C:\Projects\educatedplanet\admin\src\app\(main)\dashboard\page.tsx: 1 symbols, 1 imports
[2025-11-28T04:57:05.441Z] [2025-11-28T04:57:05.442Z] [INDEXING-ORCHESTRATOR] [DEBUG] 📍 Chunk 3-9: 1 candidate symbols
[2025-11-28T04:57:05.441Z] [2025-11-28T04:57:05.442Z] [INDEXING-ORCHESTRATOR] [DEBUG] ✅ Chunk symbols after filtering: 1 symbols - Page
[2025-11-28T04:57:05.441Z] [2025-11-28T04:57:05.442Z] [INDEXING-ORCHESTRATOR] [DEBUG] Created 1 semantic chunks for C:\Projects\educatedplanet\admin\src\app\(main)\dashboard\page.tsx
[2025-11-28T04:57:05.441Z] [2025-11-28T04:57:05.442Z] [INDEXING-ORCHESTRATOR] [DEBUG] Average chunk size: 206 characters
[2025-11-28T04:57:05.455Z] [2025-11-28T04:57:05.456Z] [TREESITTER-CHUNKER] [INFO] Created 4 semantic chunks from C:\Projects\educatedplanet\admin\src\app\(main)\dashboard\subjects\_components\schema.ts
[2025-11-28T04:57:05.499Z] [2025-11-28T04:57:05.499Z] [TREESITTER-FULL] [INFO] Extracted 8 symbols from C:\Projects\educatedplanet\admin\src\app\(main)\dashboard\subjects\_components\schema.ts
[2025-11-28T04:57:05.499Z] [2025-11-28T04:57:05.499Z] [INDEXING-ORCHESTRATOR] [DEBUG] 🔍 Symbol extraction for C:\Projects\educatedplanet\admin\src\app\(main)\dashboard\subjects\_components\schema.ts: 8 symbols, 2 imports
[2025-11-28T04:57:05.499Z] [2025-11-28T04:57:05.500Z] [INDEXING-ORCHESTRATOR] [DEBUG] 📍 Chunk 33-33: 1 candidate symbols
[2025-11-28T04:57:05.499Z] [2025-11-28T04:57:05.500Z] [INDEXING-ORCHESTRATOR] [DEBUG] ✅ Chunk symbols after filtering: 1 symbols - SubjectTable
[2025-11-28T04:57:05.499Z] [2025-11-28T04:57:05.500Z] [INDEXING-ORCHESTRATOR] [DEBUG] 📍 Chunk 75-75: 1 candidate symbols
[2025-11-28T04:57:05.499Z] [2025-11-28T04:57:05.500Z] [INDEXING-ORCHESTRATOR] [DEBUG] ✅ Chunk symbols after filtering: 1 symbols - SubjectForm
[2025-11-28T04:57:05.499Z] [2025-11-28T04:57:05.500Z] [INDEXING-ORCHESTRATOR] [DEBUG] 📍 Chunk 91-91: 1 candidate symbols
[2025-11-28T04:57:05.499Z] [2025-11-28T04:57:05.500Z] [INDEXING-ORCHESTRATOR] [DEBUG] ✅ Chunk symbols after filtering: 1 symbols - SubjectSearch
[2025-11-28T04:57:05.499Z] [2025-11-28T04:57:05.500Z] [INDEXING-ORCHESTRATOR] [DEBUG] 📍 Chunk 98-98: 1 candidate symbols
[2025-11-28T04:57:05.499Z] [2025-11-28T04:57:05.500Z] [INDEXING-ORCHESTRATOR] [DEBUG] ✅ Chunk symbols after filtering: 1 symbols - KeywordForm
[2025-11-28T04:57:05.499Z] [2025-11-28T04:57:05.500Z] [INDEXING-ORCHESTRATOR] [DEBUG] Created 4 semantic chunks for C:\Projects\educatedplanet\admin\src\app\(main)\dashboard\subjects\_components\schema.ts
[2025-11-28T04:57:05.499Z] [2025-11-28T04:57:05.500Z] [INDEXING-ORCHESTRATOR] [DEBUG] Average chunk size: 54 characters
[2025-11-28T04:57:05.528Z] [2025-11-28T04:57:05.528Z] [TREESITTER-CHUNKER] [INFO] Created 1 semantic chunks from C:\Projects\educatedplanet\admin\src\app\(main)\dashboard\subjects\_components\columns.tsx
[2025-11-28T04:57:05.655Z] [2025-11-28T04:57:05.656Z] [TREESITTER-FULL] [INFO] Extracted 9 symbols from C:\Projects\educatedplanet\admin\src\app\(main)\dashboard\subjects\_components\columns.tsx
[2025-11-28T04:57:05.655Z] [2025-11-28T04:57:05.656Z] [INDEXING-ORCHESTRATOR] [DEBUG] 🔍 Symbol extraction for C:\Projects\educatedplanet\admin\src\app\(main)\dashboard\subjects\_components\columns.tsx: 9 symbols, 14 imports
[2025-11-28T04:57:05.655Z] [2025-11-28T04:57:05.656Z] [INDEXING-ORCHESTRATOR] [DEBUG] 📍 Chunk 1-469: 9 candidate symbols
[2025-11-28T04:57:05.655Z] [2025-11-28T04:57:05.656Z] [INDEXING-ORCHESTRATOR] [DEBUG] ✅ Chunk symbols after filtering: 9 symbols - getTypeVariant, getTypeLabel, getStatusVariant, getDifficultyVariant, handleDelete, handleToggleStatus, handleTogglePopular, handleEditClick, handleEditSubmit
[2025-11-28T04:57:05.655Z] [2025-11-28T04:57:05.656Z] [INDEXING-ORCHESTRATOR] [DEBUG] Created 1 semantic chunks for C:\Projects\educatedplanet\admin\src\app\(main)\dashboard\subjects\_components\columns.tsx
[2025-11-28T04:57:05.655Z] [2025-11-28T04:57:05.656Z] [INDEXING-ORCHESTRATOR] [DEBUG] Average chunk size: 15154 characters
[2025-11-28T04:57:05.688Z] [2025-11-28T04:57:05.689Z] [TREESITTER-CHUNKER] [INFO] Created 2 semantic chunks from C:\Projects\educatedplanet\admin\src\app\(main)\dashboard\subjects\_components\subjects-table.tsx
[2025-11-28T04:57:05.789Z] [2025-11-28T04:57:05.790Z] [TREESITTER-FULL] [INFO] Extracted 6 symbols from C:\Projects\educatedplanet\admin\src\app\(main)\dashboard\subjects\_components\subjects-table.tsx
[2025-11-28T04:57:05.789Z] [2025-11-28T04:57:05.790Z] [INDEXING-ORCHESTRATOR] [DEBUG] 🔍 Symbol extraction for C:\Projects\educatedplanet\admin\src\app\(main)\dashboard\subjects\_components\subjects-table.tsx: 6 symbols, 14 imports
[2025-11-28T04:57:05.789Z] [2025-11-28T04:57:05.790Z] [INDEXING-ORCHESTRATOR] [DEBUG] 📍 Chunk 25-35: 1 candidate symbols
[2025-11-28T04:57:05.789Z] [2025-11-28T04:57:05.790Z] [INDEXING-ORCHESTRATOR] [DEBUG] ✅ Chunk symbols after filtering: 1 symbols - SubjectsResponse
[2025-11-28T04:57:05.789Z] [2025-11-28T04:57:05.790Z] [INDEXING-ORCHESTRATOR] [DEBUG] 📍 Chunk 36-322: 5 candidate symbols
[2025-11-28T04:57:05.789Z] [2025-11-28T04:57:05.790Z] [INDEXING-ORCHESTRATOR] [DEBUG] ✅ Chunk symbols after filtering: 5 symbols - fetchSubjects, handleRefresh, handleExport, handleSubjectSubmit, table
[2025-11-28T04:57:05.789Z] [2025-11-28T04:57:05.790Z] [INDEXING-ORCHESTRATOR] [DEBUG] Created 2 semantic chunks for C:\Projects\educatedplanet\admin\src\app\(main)\dashboard\subjects\_components\subjects-table.tsx
[2025-11-28T04:57:05.789Z] [2025-11-28T04:57:05.790Z] [INDEXING-ORCHESTRATOR] [DEBUG] Average chunk size: 5558 characters
[2025-11-28T04:57:05.862Z] [2025-11-28T04:57:05.863Z] [TREESITTER-CHUNKER] [INFO] Created 2 semantic chunks from C:\Projects\educatedplanet\admin\src\app\(main)\dashboard\subjects\_components\subject-modal.tsx
[2025-11-28T04:57:06.118Z] [2025-11-28T04:57:06.119Z] [TREESITTER-FULL] [INFO] Extracted 16 symbols from C:\Projects\educatedplanet\admin\src\app\(main)\dashboard\subjects\_components\subject-modal.tsx
[2025-11-28T04:57:06.118Z] [2025-11-28T04:57:06.119Z] [INDEXING-ORCHESTRATOR] [DEBUG] 🔍 Symbol extraction for C:\Projects\educatedplanet\admin\src\app\(main)\dashboard\subjects\_components\subject-modal.tsx: 16 symbols, 18 imports
[2025-11-28T04:57:06.118Z] [2025-11-28T04:57:06.119Z] [INDEXING-ORCHESTRATOR] [DEBUG] 📍 Chunk 45-51: 1 candidate symbols
[2025-11-28T04:57:06.118Z] [2025-11-28T04:57:06.119Z] [INDEXING-ORCHESTRATOR] [DEBUG] ✅ Chunk symbols after filtering: 1 symbols - SubjectModalProps
[2025-11-28T04:57:06.118Z] [2025-11-28T04:57:06.119Z] [INDEXING-ORCHESTRATOR] [DEBUG] 📍 Chunk 52-687: 15 candidate symbols
[2025-11-28T04:57:06.118Z] [2025-11-28T04:57:06.119Z] [INDEXING-ORCHESTRATOR] [DEBUG] ✅ Chunk symbols after filtering: 15 symbols - form, handleSubmit, handleAddKeyword, handleRemoveKeyword, handleAddTopic, handleRemoveTopic, handleAddSkill, handleRemoveSkill, handleAddCareerPath, handleRemoveCareerPath, handleAddExam, handleRemoveExam, handleAddPrerequisite, handleRemovePrerequisite, handleOpenChange
[2025-11-28T04:57:06.118Z] [2025-11-28T04:57:06.119Z] [INDEXING-ORCHESTRATOR] [DEBUG] Created 2 semantic chunks for C:\Projects\educatedplanet\admin\src\app\(main)\dashboard\subjects\_components\subject-modal.tsx
[2025-11-28T04:57:06.118Z] [2025-11-28T04:57:06.119Z] [INDEXING-ORCHESTRATOR] [DEBUG] Average chunk size: 12166 characters
[2025-11-28T04:57:06.118Z] [2025-11-28T04:57:06.119Z] [INDEXING-ORCHESTRATOR] [DEBUG] 📊 Processed: 50/324 files
[2025-11-28T04:57:06.154Z] [2025-11-28T04:57:06.155Z] [TREESITTER-CHUNKER] [INFO] Created 1 semantic chunks from C:\Projects\educatedplanet\admin\src\app\(main)\dashboard\subjects\page.tsx
[2025-11-28T04:57:06.155Z] [2025-11-28T04:57:06.156Z] [TREESITTER-FULL] [INFO] Extracted 1 symbols from C:\Projects\educatedplanet\admin\src\app\(main)\dashboard\subjects\page.tsx
[2025-11-28T04:57:06.155Z] [2025-11-28T04:57:06.156Z] [INDEXING-ORCHESTRATOR] [DEBUG] 🔍 Symbol extraction for C:\Projects\educatedplanet\admin\src\app\(main)\dashboard\subjects\page.tsx: 1 symbols, 2 imports
[2025-11-28T04:57:06.155Z] [2025-11-28T04:57:06.156Z] [INDEXING-ORCHESTRATOR] [DEBUG] 📍 Chunk 4-13: 1 candidate symbols
[2025-11-28T04:57:06.155Z] [2025-11-28T04:57:06.156Z] [INDEXING-ORCHESTRATOR] [DEBUG] ✅ Chunk symbols after filtering: 1 symbols - SubjectsPage
[2025-11-28T04:57:06.155Z] [2025-11-28T04:57:06.156Z] [INDEXING-ORCHESTRATOR] [DEBUG] Created 1 semantic chunks for C:\Projects\educatedplanet\admin\src\app\(main)\dashboard\subjects\page.tsx
[2025-11-28T04:57:06.155Z] [2025-11-28T04:57:06.156Z] [INDEXING-ORCHESTRATOR] [DEBUG] Average chunk size: 210 characters
[2025-11-28T04:57:06.195Z] [2025-11-28T04:57:06.196Z] [TREESITTER-CHUNKER] [INFO] Created 1 semantic chunks from C:\Projects\educatedplanet\admin\src\app\(main)\dashboard\tutors\_components\columns.tsx
[2025-11-28T04:57:06.401Z] [2025-11-28T04:57:06.402Z] [TREESITTER-FULL] [INFO] Extracted 6 symbols from C:\Projects\educatedplanet\admin\src\app\(main)\dashboard\tutors\_components\columns.tsx
[2025-11-28T04:57:06.401Z] [2025-11-28T04:57:06.402Z] [INDEXING-ORCHESTRATOR] [DEBUG] 🔍 Symbol extraction for C:\Projects\educatedplanet\admin\src\app\(main)\dashboard\tutors\_components\columns.tsx: 6 symbols, 14 imports
[2025-11-28T04:57:06.401Z] [2025-11-28T04:57:06.402Z] [INDEXING-ORCHESTRATOR] [DEBUG] 📍 Chunk 1-419: 6 candidate symbols
[2025-11-28T04:57:06.401Z] [2025-11-28T04:57:06.402Z] [INDEXING-ORCHESTRATOR] [DEBUG] ✅ Chunk symbols after filtering: 6 symbols - getStatusVariant, getStatusIcon, RatingStars, handleStatusChange, handleVerify, handleFeature
[2025-11-28T04:57:06.401Z] [2025-11-28T04:57:06.402Z] [INDEXING-ORCHESTRATOR] [DEBUG] Created 1 semantic chunks for C:\Projects\educatedplanet\admin\src\app\(main)\dashboard\tutors\_components\columns.tsx
[2025-11-28T04:57:06.401Z] [2025-11-28T04:57:06.402Z] [INDEXING-ORCHESTRATOR] [DEBUG] Average chunk size: 14260 characters
[2025-11-28T04:57:06.423Z] [2025-11-28T04:57:06.424Z] [TREESITTER-CHUNKER] [INFO] Created 3 semantic chunks from C:\Projects\educatedplanet\admin\src\app\(main)\dashboard\tutors\_components\schema.ts
[2025-11-28T04:57:06.522Z] [2025-11-28T04:57:06.522Z] [TREESITTER-FULL] [INFO] Extracted 7 symbols from C:\Projects\educatedplanet\admin\src\app\(main)\dashboard\tutors\_components\schema.ts
[2025-11-28T04:57:06.522Z] [2025-11-28T04:57:06.523Z] [INDEXING-ORCHESTRATOR] [DEBUG] 🔍 Symbol extraction for C:\Projects\educatedplanet\admin\src\app\(main)\dashboard\tutors\_components\schema.ts: 7 symbols, 2 imports
[2025-11-28T04:57:06.522Z] [2025-11-28T04:57:06.523Z] [INDEXING-ORCHESTRATOR] [DEBUG] 📍 Chunk 37-37: 1 candidate symbols
[2025-11-28T04:57:06.522Z] [2025-11-28T04:57:06.523Z] [INDEXING-ORCHESTRATOR] [DEBUG] ✅ Chunk symbols after filtering: 1 symbols - TutorTable
[2025-11-28T04:57:06.522Z] [2025-11-28T04:57:06.523Z] [INDEXING-ORCHESTRATOR] [DEBUG] 📍 Chunk 203-203: 1 candidate symbols
[2025-11-28T04:57:06.522Z] [2025-11-28T04:57:06.523Z] [INDEXING-ORCHESTRATOR] [DEBUG] ✅ Chunk symbols after filtering: 1 symbols - TutorForm
[2025-11-28T04:57:06.522Z] [2025-11-28T04:57:06.523Z] [INDEXING-ORCHESTRATOR] [DEBUG] 📍 Chunk 219-219: 1 candidate symbols
[2025-11-28T04:57:06.522Z] [2025-11-28T04:57:06.523Z] [INDEXING-ORCHESTRATOR] [DEBUG] ✅ Chunk symbols after filtering: 1 symbols - TutorSearchParams
[2025-11-28T04:57:06.522Z] [2025-11-28T04:57:06.523Z] [INDEXING-ORCHESTRATOR] [DEBUG] Created 3 semantic chunks for C:\Projects\educatedplanet\admin\src\app\(main)\dashboard\tutors\_components\schema.ts
[2025-11-28T04:57:06.522Z] [2025-11-28T04:57:06.523Z] [INDEXING-ORCHESTRATOR] [DEBUG] Average chunk size: 53 characters
[2025-11-28T04:57:06.522Z] [2025-11-28T04:57:06.523Z] [TREESITTER-CHUNKER] [WARN] File C:\Projects\educatedplanet\admin\src\app\(main)\dashboard\tutors\_components\tutor-form.tsx (34836 chars) exceeds Tree-sitter limit, using smart pre-chunking
[2025-11-28T04:57:06.522Z] [2025-11-28T04:57:06.523Z] [TREESITTER-CHUNKER] [INFO] Using intelligent TreeSitter range-based parsing for large file: C:\Projects\educatedplanet\admin\src\app\(main)\dashboard\tutors\_components\tutor-form.tsx
[2025-11-28T04:57:06.525Z] [2025-11-28T04:57:06.526Z] [TREESITTER-CHUNKER] [INFO] Created 2 intelligent windows for TreeSitter parsing
[2025-11-28T04:57:06.615Z] [2025-11-28T04:57:06.615Z] [TREESITTER-CHUNKER] [INFO] ✅ Intelligent range-based parsing complete: 1 chunks, 92ms
[2025-11-28T04:57:06.718Z] [2025-11-28T04:57:06.719Z] [TREESITTER-FULL] [INFO] Extracted 20 symbols from C:\Projects\educatedplanet\admin\src\app\(main)\dashboard\tutors\_components\tutor-form.tsx:lines0-500
[2025-11-28T04:57:06.862Z] [2025-11-28T04:57:06.863Z] [TREESITTER-FULL] [INFO] Extracted 0 symbols from C:\Projects\educatedplanet\admin\src\app\(main)\dashboard\tutors\_components\tutor-form.tsx:lines500-895
[2025-11-28T04:57:06.862Z] [2025-11-28T04:57:06.863Z] [INDEXING-ORCHESTRATOR] [DEBUG] 🔍 Symbol extraction for C:\Projects\educatedplanet\admin\src\app\(main)\dashboard\tutors\_components\tutor-form.tsx: 20 symbols, 28 imports
[2025-11-28T04:57:06.862Z] [2025-11-28T04:57:06.863Z] [INDEXING-ORCHESTRATOR] [DEBUG] 📍 Chunk 52-56: 1 candidate symbols
[2025-11-28T04:57:06.862Z] [2025-11-28T04:57:06.863Z] [INDEXING-ORCHESTRATOR] [DEBUG] ✅ Chunk symbols after filtering: 1 symbols - TutorFormProps
[2025-11-28T04:57:06.862Z] [2025-11-28T04:57:06.863Z] [INDEXING-ORCHESTRATOR] [DEBUG] Created 1 semantic chunks for C:\Projects\educatedplanet\admin\src\app\(main)\dashboard\tutors\_components\tutor-form.tsx
[2025-11-28T04:57:06.863Z] [2025-11-28T04:57:06.863Z] [INDEXING-ORCHESTRATOR] [DEBUG] Average chunk size: 121 characters
[2025-11-28T04:57:06.874Z] [2025-11-28T04:57:06.875Z] [TREESITTER-CHUNKER] [INFO] Created 2 semantic chunks from C:\Projects\educatedplanet\admin\src\app\(main)\dashboard\tutors\edit\[tutorId]\page.tsx
[2025-11-28T04:57:06.924Z] [2025-11-28T04:57:06.925Z] [TREESITTER-FULL] [INFO] Extracted 2 symbols from C:\Projects\educatedplanet\admin\src\app\(main)\dashboard\tutors\edit\[tutorId]\page.tsx
[2025-11-28T04:57:06.924Z] [2025-11-28T04:57:06.925Z] [INDEXING-ORCHESTRATOR] [DEBUG] 🔍 Symbol extraction for C:\Projects\educatedplanet\admin\src\app\(main)\dashboard\tutors\edit\[tutorId]\page.tsx: 2 symbols, 7 imports
[2025-11-28T04:57:06.924Z] [2025-11-28T04:57:06.925Z] [INDEXING-ORCHESTRATOR] [DEBUG] 📍 Chunk 10-33: 1 candidate symbols
[2025-11-28T04:57:06.924Z] [2025-11-28T04:57:06.925Z] [INDEXING-ORCHESTRATOR] [DEBUG] ✅ Chunk symbols after filtering: 1 symbols - getTutor
[2025-11-28T04:57:06.924Z] [2025-11-28T04:57:06.925Z] [INDEXING-ORCHESTRATOR] [DEBUG] 📍 Chunk 35-134: 1 candidate symbols
[2025-11-28T04:57:06.924Z] [2025-11-28T04:57:06.925Z] [INDEXING-ORCHESTRATOR] [DEBUG] ✅ Chunk symbols after filtering: 1 symbols - EditTutorPage
[2025-11-28T04:57:06.924Z] [2025-11-28T04:57:06.925Z] [INDEXING-ORCHESTRATOR] [DEBUG] Created 2 semantic chunks for C:\Projects\educatedplanet\admin\src\app\(main)\dashboard\tutors\edit\[tutorId]\page.tsx
[2025-11-28T04:57:06.924Z] [2025-11-28T04:57:06.925Z] [INDEXING-ORCHESTRATOR] [DEBUG] Average chunk size: 2173 characters
[2025-11-28T04:57:06.931Z] [2025-11-28T04:57:06.932Z] [TREESITTER-CHUNKER] [INFO] Created 1 semantic chunks from C:\Projects\educatedplanet\admin\src\app\(main)\dashboard\tutors\add\page.tsx
[2025-11-28T04:57:06.957Z] [2025-11-28T04:57:06.958Z] [TREESITTER-FULL] [INFO] Extracted 1 symbols from C:\Projects\educatedplanet\admin\src\app\(main)\dashboard\tutors\add\page.tsx
[2025-11-28T04:57:06.957Z] [2025-11-28T04:57:06.958Z] [INDEXING-ORCHESTRATOR] [DEBUG] 🔍 Symbol extraction for C:\Projects\educatedplanet\admin\src\app\(main)\dashboard\tutors\add\page.tsx: 1 symbols, 6 imports
[2025-11-28T04:57:06.957Z] [2025-11-28T04:57:06.958Z] [INDEXING-ORCHESTRATOR] [DEBUG] 📍 Chunk 8-40: 1 candidate symbols
[2025-11-28T04:57:06.957Z] [2025-11-28T04:57:06.958Z] [INDEXING-ORCHESTRATOR] [DEBUG] ✅ Chunk symbols after filtering: 1 symbols - AddTutorPage
[2025-11-28T04:57:06.957Z] [2025-11-28T04:57:06.958Z] [INDEXING-ORCHESTRATOR] [DEBUG] Created 1 semantic chunks for C:\Projects\educatedplanet\admin\src\app\(main)\dashboard\tutors\add\page.tsx
[2025-11-28T04:57:06.957Z] [2025-11-28T04:57:06.958Z] [INDEXING-ORCHESTRATOR] [DEBUG] Average chunk size: 1010 characters
[2025-11-28T04:57:07.027Z] [2025-11-28T04:57:07.028Z] [TREESITTER-CHUNKER] [INFO] Created 2 semantic chunks from C:\Projects\educatedplanet\admin\src\app\(main)\dashboard\tutors\_components\tutors-table.tsx
[2025-11-28T04:57:07.317Z] [2025-11-28T04:57:07.318Z] [TREESITTER-FULL] [INFO] Extracted 8 symbols from C:\Projects\educatedplanet\admin\src\app\(main)\dashboard\tutors\_components\tutors-table.tsx
[2025-11-28T04:57:07.317Z] [2025-11-28T04:57:07.318Z] [INDEXING-ORCHESTRATOR] [DEBUG] 🔍 Symbol extraction for C:\Projects\educatedplanet\admin\src\app\(main)\dashboard\tutors\_components\tutors-table.tsx: 8 symbols, 15 imports
[2025-11-28T04:57:07.317Z] [2025-11-28T04:57:07.318Z] [INDEXING-ORCHESTRATOR] [DEBUG] 📍 Chunk 583-592: 0 candidate symbols
[2025-11-28T04:57:07.317Z] [2025-11-28T04:57:07.318Z] [INDEXING-ORCHESTRATOR] [DEBUG] ✅ Chunk symbols after filtering: 0 symbols - 
[2025-11-28T04:57:07.317Z] [2025-11-28T04:57:07.318Z] [INDEXING-ORCHESTRATOR] [DEBUG] 📍 Chunk 593-624: 0 candidate symbols
[2025-11-28T04:57:07.317Z] [2025-11-28T04:57:07.318Z] [INDEXING-ORCHESTRATOR] [DEBUG] ✅ Chunk symbols after filtering: 0 symbols - 
[2025-11-28T04:57:07.317Z] [2025-11-28T04:57:07.318Z] [INDEXING-ORCHESTRATOR] [DEBUG] Created 2 semantic chunks for C:\Projects\educatedplanet\admin\src\app\(main)\dashboard\tutors\_components\tutors-table.tsx
[2025-11-28T04:57:07.317Z] [2025-11-28T04:57:07.318Z] [INDEXING-ORCHESTRATOR] [DEBUG] Average chunk size: 729 characters
[2025-11-28T04:57:07.351Z] [2025-11-28T04:57:07.352Z] [TREESITTER-CHUNKER] [INFO] Created 1 semantic chunks from C:\Projects\educatedplanet\admin\src\app\(main)\dashboard\tutors\page.tsx
[2025-11-28T04:57:07.353Z] [2025-11-28T04:57:07.354Z] [TREESITTER-FULL] [INFO] Extracted 1 symbols from C:\Projects\educatedplanet\admin\src\app\(main)\dashboard\tutors\page.tsx
[2025-11-28T04:57:07.353Z] [2025-11-28T04:57:07.354Z] [INDEXING-ORCHESTRATOR] [DEBUG] 🔍 Symbol extraction for C:\Projects\educatedplanet\admin\src\app\(main)\dashboard\tutors\page.tsx: 1 symbols, 2 imports
[2025-11-28T04:57:07.353Z] [2025-11-28T04:57:07.354Z] [INDEXING-ORCHESTRATOR] [DEBUG] 📍 Chunk 4-13: 1 candidate symbols
[2025-11-28T04:57:07.353Z] [2025-11-28T04:57:07.354Z] [INDEXING-ORCHESTRATOR] [DEBUG] ✅ Chunk symbols after filtering: 1 symbols - TutorsPage
[2025-11-28T04:57:07.353Z] [2025-11-28T04:57:07.354Z] [INDEXING-ORCHESTRATOR] [DEBUG] Created 1 semantic chunks for C:\Projects\educatedplanet\admin\src\app\(main)\dashboard\tutors\page.tsx
[2025-11-28T04:57:07.353Z] [2025-11-28T04:57:07.354Z] [INDEXING-ORCHESTRATOR] [DEBUG] Average chunk size: 206 characters
[2025-11-28T04:57:07.387Z] [2025-11-28T04:57:07.387Z] [TREESITTER-CHUNKER] [INFO] Created 1 semantic chunks from C:\Projects\educatedplanet\admin\src\app\(main)\dashboard\users\_components\columns.tsx
[2025-11-28T04:57:07.528Z] [2025-11-28T04:57:07.529Z] [TREESITTER-FULL] [INFO] Extracted 6 symbols from C:\Projects\educatedplanet\admin\src\app\(main)\dashboard\users\_components\columns.tsx
[2025-11-28T04:57:07.529Z] [2025-11-28T04:57:07.529Z] [INDEXING-ORCHESTRATOR] [DEBUG] 🔍 Symbol extraction for C:\Projects\educatedplanet\admin\src\app\(main)\dashboard\users\_components\columns.tsx: 6 symbols, 15 imports
[2025-11-28T04:57:07.529Z] [2025-11-28T04:57:07.529Z] [INDEXING-ORCHESTRATOR] [DEBUG] 📍 Chunk 1-383: 6 candidate symbols
[2025-11-28T04:57:07.529Z] [2025-11-28T04:57:07.529Z] [INDEXING-ORCHESTRATOR] [DEBUG] ✅ Chunk symbols after filtering: 6 symbols - getRoleVariant, getRoleLabel, handleDelete, handleEditClick, handleEditSubmit, handleToggleVerification
[2025-11-28T04:57:07.529Z] [2025-11-28T04:57:07.529Z] [INDEXING-ORCHESTRATOR] [DEBUG] Created 1 semantic chunks for C:\Projects\educatedplanet\admin\src\app\(main)\dashboard\users\_components\columns.tsx
[2025-11-28T04:57:07.529Z] [2025-11-28T04:57:07.529Z] [INDEXING-ORCHESTRATOR] [DEBUG] Average chunk size: 12731 characters
[2025-11-28T04:57:07.534Z] [2025-11-28T04:57:07.535Z] [TREESITTER-CHUNKER] [INFO] Created 2 semantic chunks from C:\Projects\educatedplanet\admin\src\app\(main)\dashboard\users\_components\schema.ts
[2025-11-28T04:57:07.545Z] [2025-11-28T04:57:07.545Z] [TREESITTER-FULL] [INFO] Extracted 4 symbols from C:\Projects\educatedplanet\admin\src\app\(main)\dashboard\users\_components\schema.ts
[2025-11-28T04:57:07.545Z] [2025-11-28T04:57:07.545Z] [INDEXING-ORCHESTRATOR] [DEBUG] 🔍 Symbol extraction for C:\Projects\educatedplanet\admin\src\app\(main)\dashboard\users\_components\schema.ts: 4 symbols, 1 imports
[2025-11-28T04:57:07.545Z] [2025-11-28T04:57:07.546Z] [INDEXING-ORCHESTRATOR] [DEBUG] 📍 Chunk 15-15: 1 candidate symbols
[2025-11-28T04:57:07.545Z] [2025-11-28T04:57:07.546Z] [INDEXING-ORCHESTRATOR] [DEBUG] ✅ Chunk symbols after filtering: 1 symbols - UserTable
[2025-11-28T04:57:07.545Z] [2025-11-28T04:57:07.546Z] [INDEXING-ORCHESTRATOR] [DEBUG] 📍 Chunk 28-28: 1 candidate symbols
[2025-11-28T04:57:07.545Z] [2025-11-28T04:57:07.546Z] [INDEXING-ORCHESTRATOR] [DEBUG] ✅ Chunk symbols after filtering: 1 symbols - UserForm
[2025-11-28T04:57:07.545Z] [2025-11-28T04:57:07.546Z] [INDEXING-ORCHESTRATOR] [DEBUG] Created 2 semantic chunks for C:\Projects\educatedplanet\admin\src\app\(main)\dashboard\users\_components\schema.ts
[2025-11-28T04:57:07.545Z] [2025-11-28T04:57:07.546Z] [INDEXING-ORCHESTRATOR] [DEBUG] Average chunk size: 48 characters
[2025-11-28T04:57:07.545Z] [2025-11-28T04:57:07.546Z] [INDEXING-ORCHESTRATOR] [DEBUG] 📊 Processed: 60/324 files
[2025-11-28T04:57:07.588Z] [2025-11-28T04:57:07.589Z] [TREESITTER-CHUNKER] [INFO] Created 2 semantic chunks from C:\Projects\educatedplanet\admin\src\app\(main)\dashboard\users\_components\user-modal.tsx
[2025-11-28T04:57:07.660Z] [2025-11-28T04:57:07.661Z] [TREESITTER-FULL] [INFO] Extracted 6 symbols from C:\Projects\educatedplanet\admin\src\app\(main)\dashboard\users\_components\user-modal.tsx
[2025-11-28T04:57:07.660Z] [2025-11-28T04:57:07.661Z] [INDEXING-ORCHESTRATOR] [DEBUG] 🔍 Symbol extraction for C:\Projects\educatedplanet\admin\src\app\(main)\dashboard\users\_components\user-modal.tsx: 6 symbols, 14 imports
[2025-11-28T04:57:07.660Z] [2025-11-28T04:57:07.661Z] [INDEXING-ORCHESTRATOR] [DEBUG] 📍 Chunk 51-59: 2 candidate symbols
[2025-11-28T04:57:07.660Z] [2025-11-28T04:57:07.661Z] [INDEXING-ORCHESTRATOR] [DEBUG] ✅ Chunk symbols after filtering: 2 symbols - UserFormData, UserModalProps
[2025-11-28T04:57:07.660Z] [2025-11-28T04:57:07.661Z] [INDEXING-ORCHESTRATOR] [DEBUG] 📍 Chunk 60-308: 3 candidate symbols
[2025-11-28T04:57:07.660Z] [2025-11-28T04:57:07.661Z] [INDEXING-ORCHESTRATOR] [DEBUG] ✅ Chunk symbols after filtering: 3 symbols - form, handleSubmit, handleOpenChange
[2025-11-28T04:57:07.660Z] [2025-11-28T04:57:07.661Z] [INDEXING-ORCHESTRATOR] [DEBUG] Created 2 semantic chunks for C:\Projects\educatedplanet\admin\src\app\(main)\dashboard\users\_components\user-modal.tsx
[2025-11-28T04:57:07.660Z] [2025-11-28T04:57:07.661Z] [INDEXING-ORCHESTRATOR] [DEBUG] Average chunk size: 4332 characters
[2025-11-28T04:57:07.695Z] [2025-11-28T04:57:07.696Z] [TREESITTER-CHUNKER] [INFO] Created 2 semantic chunks from C:\Projects\educatedplanet\admin\src\app\(main)\dashboard\users\_components\users-table.tsx
[2025-11-28T04:57:07.790Z] [2025-11-28T04:57:07.791Z] [TREESITTER-FULL] [INFO] Extracted 5 symbols from C:\Projects\educatedplanet\admin\src\app\(main)\dashboard\users\_components\users-table.tsx
[2025-11-28T04:57:07.790Z] [2025-11-28T04:57:07.791Z] [INDEXING-ORCHESTRATOR] [DEBUG] 🔍 Symbol extraction for C:\Projects\educatedplanet\admin\src\app\(main)\dashboard\users\_components\users-table.tsx: 5 symbols, 15 imports
[2025-11-28T04:57:07.790Z] [2025-11-28T04:57:07.791Z] [INDEXING-ORCHESTRATOR] [DEBUG] 📍 Chunk 281-290: 0 candidate symbols
[2025-11-28T04:57:07.790Z] [2025-11-28T04:57:07.791Z] [INDEXING-ORCHESTRATOR] [DEBUG] ✅ Chunk symbols after filtering: 0 symbols - 
[2025-11-28T04:57:07.790Z] [2025-11-28T04:57:07.791Z] [INDEXING-ORCHESTRATOR] [DEBUG] 📍 Chunk 291-322: 0 candidate symbols
[2025-11-28T04:57:07.790Z] [2025-11-28T04:57:07.791Z] [INDEXING-ORCHESTRATOR] [DEBUG] ✅ Chunk symbols after filtering: 0 symbols - 
[2025-11-28T04:57:07.790Z] [2025-11-28T04:57:07.791Z] [INDEXING-ORCHESTRATOR] [DEBUG] Created 2 semantic chunks for C:\Projects\educatedplanet\admin\src\app\(main)\dashboard\users\_components\users-table.tsx
[2025-11-28T04:57:07.790Z] [2025-11-28T04:57:07.791Z] [INDEXING-ORCHESTRATOR] [DEBUG] Average chunk size: 726 characters
[2025-11-28T04:57:07.791Z] [2025-11-28T04:57:07.792Z] [TREESITTER-CHUNKER] [INFO] Created 1 semantic chunks from C:\Projects\educatedplanet\admin\src\app\(main)\dashboard\users\page.tsx
[2025-11-28T04:57:07.792Z] [2025-11-28T04:57:07.793Z] [TREESITTER-FULL] [INFO] Extracted 1 symbols from C:\Projects\educatedplanet\admin\src\app\(main)\dashboard\users\page.tsx
[2025-11-28T04:57:07.793Z] [2025-11-28T04:57:07.793Z] [INDEXING-ORCHESTRATOR] [DEBUG] 🔍 Symbol extraction for C:\Projects\educatedplanet\admin\src\app\(main)\dashboard\users\page.tsx: 1 symbols, 1 imports
[2025-11-28T04:57:07.793Z] [2025-11-28T04:57:07.793Z] [INDEXING-ORCHESTRATOR] [DEBUG] 📍 Chunk 3-9: 1 candidate symbols
[2025-11-28T04:57:07.793Z] [2025-11-28T04:57:07.793Z] [INDEXING-ORCHESTRATOR] [DEBUG] ✅ Chunk symbols after filtering: 1 symbols - UsersPage
[2025-11-28T04:57:07.793Z] [2025-11-28T04:57:07.793Z] [INDEXING-ORCHESTRATOR] [DEBUG] Created 1 semantic chunks for C:\Projects\educatedplanet\admin\src\app\(main)\dashboard\users\page.tsx
[2025-11-28T04:57:07.793Z] [2025-11-28T04:57:07.793Z] [INDEXING-ORCHESTRATOR] [DEBUG] Average chunk size: 120 characters
[2025-11-28T04:57:07.797Z] [2025-11-28T04:57:07.798Z] [TREESITTER-CHUNKER] [INFO] Created 1 semantic chunks from C:\Projects\educatedplanet\admin\src\app\(main)\unauthorized\page.tsx
[2025-11-28T04:57:07.806Z] [2025-11-28T04:57:07.806Z] [TREESITTER-FULL] [INFO] Extracted 1 symbols from C:\Projects\educatedplanet\admin\src\app\(main)\unauthorized\page.tsx
[2025-11-28T04:57:07.806Z] [2025-11-28T04:57:07.807Z] [INDEXING-ORCHESTRATOR] [DEBUG] 🔍 Symbol extraction for C:\Projects\educatedplanet\admin\src\app\(main)\unauthorized\page.tsx: 1 symbols, 2 imports
[2025-11-28T04:57:07.806Z] [2025-11-28T04:57:07.807Z] [INDEXING-ORCHESTRATOR] [DEBUG] 📍 Chunk 5-27: 1 candidate symbols
[2025-11-28T04:57:07.806Z] [2025-11-28T04:57:07.807Z] [INDEXING-ORCHESTRATOR] [DEBUG] ✅ Chunk symbols after filtering: 1 symbols - page
[2025-11-28T04:57:07.806Z] [2025-11-28T04:57:07.807Z] [INDEXING-ORCHESTRATOR] [DEBUG] Created 1 semantic chunks for C:\Projects\educatedplanet\admin\src\app\(main)\unauthorized\page.tsx
[2025-11-28T04:57:07.806Z] [2025-11-28T04:57:07.807Z] [INDEXING-ORCHESTRATOR] [DEBUG] Average chunk size: 1043 characters
[2025-11-28T04:57:07.809Z] [2025-11-28T04:57:07.810Z] [TREESITTER-CHUNKER] [INFO] Created 1 semantic chunks from C:\Projects\educatedplanet\admin\src\app\api\admin\tutors\[id]\approve\route.ts
[2025-11-28T04:57:07.817Z] [2025-11-28T04:57:07.817Z] [TREESITTER-FULL] [INFO] Extracted 1 symbols from C:\Projects\educatedplanet\admin\src\app\api\admin\tutors\[id]\approve\route.ts
[2025-11-28T04:57:07.817Z] [2025-11-28T04:57:07.818Z] [INDEXING-ORCHESTRATOR] [DEBUG] 🔍 Symbol extraction for C:\Projects\educatedplanet\admin\src\app\api\admin\tutors\[id]\approve\route.ts: 1 symbols, 3 imports
[2025-11-28T04:57:07.817Z] [2025-11-28T04:57:07.818Z] [INDEXING-ORCHESTRATOR] [DEBUG] 📍 Chunk 6-62: 1 candidate symbols
[2025-11-28T04:57:07.817Z] [2025-11-28T04:57:07.818Z] [INDEXING-ORCHESTRATOR] [DEBUG] ✅ Chunk symbols after filtering: 1 symbols - POST
[2025-11-28T04:57:07.817Z] [2025-11-28T04:57:07.818Z] [INDEXING-ORCHESTRATOR] [DEBUG] Created 1 semantic chunks for C:\Projects\educatedplanet\admin\src\app\api\admin\tutors\[id]\approve\route.ts
[2025-11-28T04:57:07.817Z] [2025-11-28T04:57:07.818Z] [INDEXING-ORCHESTRATOR] [DEBUG] Average chunk size: 1344 characters
[2025-11-28T04:57:07.819Z] [2025-11-28T04:57:07.820Z] [TREESITTER-CHUNKER] [INFO] Created 1 semantic chunks from C:\Projects\educatedplanet\admin\src\app\api\admin\tutors\[id]\feature\route.ts
[2025-11-28T04:57:07.825Z] [2025-11-28T04:57:07.826Z] [TREESITTER-FULL] [INFO] Extracted 1 symbols from C:\Projects\educatedplanet\admin\src\app\api\admin\tutors\[id]\feature\route.ts
[2025-11-28T04:57:07.825Z] [2025-11-28T04:57:07.826Z] [INDEXING-ORCHESTRATOR] [DEBUG] 🔍 Symbol extraction for C:\Projects\educatedplanet\admin\src\app\api\admin\tutors\[id]\feature\route.ts: 1 symbols, 3 imports
[2025-11-28T04:57:07.825Z] [2025-11-28T04:57:07.826Z] [INDEXING-ORCHESTRATOR] [DEBUG] 📍 Chunk 6-44: 1 candidate symbols
[2025-11-28T04:57:07.825Z] [2025-11-28T04:57:07.826Z] [INDEXING-ORCHESTRATOR] [DEBUG] ✅ Chunk symbols after filtering: 1 symbols - POST
[2025-11-28T04:57:07.825Z] [2025-11-28T04:57:07.826Z] [INDEXING-ORCHESTRATOR] [DEBUG] Created 1 semantic chunks for C:\Projects\educatedplanet\admin\src\app\api\admin\tutors\[id]\feature\route.ts
[2025-11-28T04:57:07.825Z] [2025-11-28T04:57:07.826Z] [INDEXING-ORCHESTRATOR] [DEBUG] Average chunk size: 984 characters
[2025-11-28T04:57:07.831Z] [2025-11-28T04:57:07.831Z] [TREESITTER-CHUNKER] [INFO] Created 1 semantic chunks from C:\Projects\educatedplanet\admin\src\app\api\admin\tutors\[id]\reject\route.ts
[2025-11-28T04:57:07.839Z] [2025-11-28T04:57:07.840Z] [TREESITTER-FULL] [INFO] Extracted 1 symbols from C:\Projects\educatedplanet\admin\src\app\api\admin\tutors\[id]\reject\route.ts
[2025-11-28T04:57:07.840Z] [2025-11-28T04:57:07.840Z] [INDEXING-ORCHESTRATOR] [DEBUG] 🔍 Symbol extraction for C:\Projects\educatedplanet\admin\src\app\api\admin\tutors\[id]\reject\route.ts: 1 symbols, 3 imports
[2025-11-28T04:57:07.840Z] [2025-11-28T04:57:07.840Z] [INDEXING-ORCHESTRATOR] [DEBUG] 📍 Chunk 6-72: 1 candidate symbols
[2025-11-28T04:57:07.840Z] [2025-11-28T04:57:07.840Z] [INDEXING-ORCHESTRATOR] [DEBUG] ✅ Chunk symbols after filtering: 1 symbols - POST
[2025-11-28T04:57:07.840Z] [2025-11-28T04:57:07.840Z] [INDEXING-ORCHESTRATOR] [DEBUG] Created 1 semantic chunks for C:\Projects\educatedplanet\admin\src\app\api\admin\tutors\[id]\reject\route.ts
[2025-11-28T04:57:07.840Z] [2025-11-28T04:57:07.840Z] [INDEXING-ORCHESTRATOR] [DEBUG] Average chunk size: 1546 characters
[2025-11-28T04:57:07.845Z] [2025-11-28T04:57:07.846Z] [TREESITTER-CHUNKER] [INFO] Created 3 semantic chunks from C:\Projects\educatedplanet\admin\src\app\api\admin\tutors\[id]\route.ts
[2025-11-28T04:57:07.862Z] [2025-11-28T04:57:07.862Z] [TREESITTER-FULL] [INFO] Extracted 3 symbols from C:\Projects\educatedplanet\admin\src\app\api\admin\tutors\[id]\route.ts
[2025-11-28T04:57:07.862Z] [2025-11-28T04:57:07.862Z] [INDEXING-ORCHESTRATOR] [DEBUG] 🔍 Symbol extraction for C:\Projects\educatedplanet\admin\src\app\api\admin\tutors\[id]\route.ts: 3 symbols, 3 imports
[2025-11-28T04:57:07.862Z] [2025-11-28T04:57:07.862Z] [INDEXING-ORCHESTRATOR] [DEBUG] 📍 Chunk 6-50: 1 candidate symbols
[2025-11-28T04:57:07.862Z] [2025-11-28T04:57:07.862Z] [INDEXING-ORCHESTRATOR] [DEBUG] ✅ Chunk symbols after filtering: 1 symbols - GET
[2025-11-28T04:57:07.862Z] [2025-11-28T04:57:07.862Z] [INDEXING-ORCHESTRATOR] [DEBUG] 📍 Chunk 53-96: 1 candidate symbols
[2025-11-28T04:57:07.862Z] [2025-11-28T04:57:07.862Z] [INDEXING-ORCHESTRATOR] [DEBUG] ✅ Chunk symbols after filtering: 1 symbols - PUT
[2025-11-28T04:57:07.862Z] [2025-11-28T04:57:07.862Z] [INDEXING-ORCHESTRATOR] [DEBUG] 📍 Chunk 99-135: 1 candidate symbols
[2025-11-28T04:57:07.862Z] [2025-11-28T04:57:07.862Z] [INDEXING-ORCHESTRATOR] [DEBUG] ✅ Chunk symbols after filtering: 1 symbols - DELETE
[2025-11-28T04:57:07.862Z] [2025-11-28T04:57:07.862Z] [INDEXING-ORCHESTRATOR] [DEBUG] Created 3 semantic chunks for C:\Projects\educatedplanet\admin\src\app\api\admin\tutors\[id]\route.ts
[2025-11-28T04:57:07.862Z] [2025-11-28T04:57:07.862Z] [INDEXING-ORCHESTRATOR] [DEBUG] Average chunk size: 937 characters
[2025-11-28T04:57:07.872Z] [2025-11-28T04:57:07.873Z] [TREESITTER-CHUNKER] [INFO] Created 1 semantic chunks from C:\Projects\educatedplanet\admin\src\app\api\admin\tutors\[id]\suspend\route.ts
[2025-11-28T04:57:07.879Z] [2025-11-28T04:57:07.879Z] [TREESITTER-FULL] [INFO] Extracted 1 symbols from C:\Projects\educatedplanet\admin\src\app\api\admin\tutors\[id]\suspend\route.ts
[2025-11-28T04:57:07.879Z] [2025-11-28T04:57:07.879Z] [INDEXING-ORCHESTRATOR] [DEBUG] 🔍 Symbol extraction for C:\Projects\educatedplanet\admin\src\app\api\admin\tutors\[id]\suspend\route.ts: 1 symbols, 3 imports
[2025-11-28T04:57:07.879Z] [2025-11-28T04:57:07.879Z] [INDEXING-ORCHESTRATOR] [DEBUG] 📍 Chunk 6-72: 1 candidate symbols
[2025-11-28T04:57:07.879Z] [2025-11-28T04:57:07.879Z] [INDEXING-ORCHESTRATOR] [DEBUG] ✅ Chunk symbols after filtering: 1 symbols - POST
[2025-11-28T04:57:07.879Z] [2025-11-28T04:57:07.879Z] [INDEXING-ORCHESTRATOR] [DEBUG] Created 1 semantic chunks for C:\Projects\educatedplanet\admin\src\app\api\admin\tutors\[id]\suspend\route.ts
[2025-11-28T04:57:07.879Z] [2025-11-28T04:57:07.879Z] [INDEXING-ORCHESTRATOR] [DEBUG] Average chunk size: 1554 characters
[2025-11-28T04:57:07.885Z] [2025-11-28T04:57:07.886Z] [TREESITTER-CHUNKER] [INFO] Created 1 semantic chunks from C:\Projects\educatedplanet\admin\src\app\api\admin\tutors\[id]\verify\route.ts
[2025-11-28T04:57:07.894Z] [2025-11-28T04:57:07.894Z] [TREESITTER-FULL] [INFO] Extracted 1 symbols from C:\Projects\educatedplanet\admin\src\app\api\admin\tutors\[id]\verify\route.ts
[2025-11-28T04:57:07.894Z] [2025-11-28T04:57:07.895Z] [INDEXING-ORCHESTRATOR] [DEBUG] 🔍 Symbol extraction for C:\Projects\educatedplanet\admin\src\app\api\admin\tutors\[id]\verify\route.ts: 1 symbols, 3 imports
[2025-11-28T04:57:07.894Z] [2025-11-28T04:57:07.895Z] [INDEXING-ORCHESTRATOR] [DEBUG] 📍 Chunk 6-60: 1 candidate symbols
[2025-11-28T04:57:07.894Z] [2025-11-28T04:57:07.895Z] [INDEXING-ORCHESTRATOR] [DEBUG] ✅ Chunk symbols after filtering: 1 symbols - POST
[2025-11-28T04:57:07.894Z] [2025-11-28T04:57:07.895Z] [INDEXING-ORCHESTRATOR] [DEBUG] Created 1 semantic chunks for C:\Projects\educatedplanet\admin\src\app\api\admin\tutors\[id]\verify\route.ts
[2025-11-28T04:57:07.894Z] [2025-11-28T04:57:07.895Z] [INDEXING-ORCHESTRATOR] [DEBUG] Average chunk size: 1350 characters
[2025-11-28T04:57:07.894Z] [2025-11-28T04:57:07.895Z] [INDEXING-ORCHESTRATOR] [DEBUG] 📊 Processed: 70/324 files
[2025-11-28T04:57:07.903Z] [2025-11-28T04:57:07.904Z] [TREESITTER-CHUNKER] [INFO] Created 1 semantic chunks from C:\Projects\educatedplanet\admin\src\app\api\admin\tutors\analytics\dashboard\route.ts
[2025-11-28T04:57:07.909Z] [2025-11-28T04:57:07.910Z] [TREESITTER-FULL] [INFO] Extracted 1 symbols from C:\Projects\educatedplanet\admin\src\app\api\admin\tutors\analytics\dashboard\route.ts
[2025-11-28T04:57:07.910Z] [2025-11-28T04:57:07.910Z] [INDEXING-ORCHESTRATOR] [DEBUG] 🔍 Symbol extraction for C:\Projects\educatedplanet\admin\src\app\api\admin\tutors\analytics\dashboard\route.ts: 1 symbols, 2 imports
[2025-11-28T04:57:07.910Z] [2025-11-28T04:57:07.910Z] [INDEXING-ORCHESTRATOR] [DEBUG] 📍 Chunk 5-33: 1 candidate symbols
[2025-11-28T04:57:07.910Z] [2025-11-28T04:57:07.910Z] [INDEXING-ORCHESTRATOR] [DEBUG] ✅ Chunk symbols after filtering: 1 symbols - GET
[2025-11-28T04:57:07.910Z] [2025-11-28T04:57:07.910Z] [INDEXING-ORCHESTRATOR] [DEBUG] Created 1 semantic chunks for C:\Projects\educatedplanet\admin\src\app\api\admin\tutors\analytics\dashboard\route.ts
[2025-11-28T04:57:07.910Z] [2025-11-28T04:57:07.910Z] [INDEXING-ORCHESTRATOR] [DEBUG] Average chunk size: 900 characters
[2025-11-28T04:57:07.913Z] [2025-11-28T04:57:07.914Z] [TREESITTER-CHUNKER] [INFO] Created 1 semantic chunks from C:\Projects\educatedplanet\admin\src\app\api\admin\tutors\bulk-approve\route.ts
[2025-11-28T04:57:07.921Z] [2025-11-28T04:57:07.922Z] [TREESITTER-FULL] [INFO] Extracted 1 symbols from C:\Projects\educatedplanet\admin\src\app\api\admin\tutors\bulk-approve\route.ts
[2025-11-28T04:57:07.921Z] [2025-11-28T04:57:07.922Z] [INDEXING-ORCHESTRATOR] [DEBUG] 🔍 Symbol extraction for C:\Projects\educatedplanet\admin\src\app\api\admin\tutors\bulk-approve\route.ts: 1 symbols, 3 imports
[2025-11-28T04:57:07.921Z] [2025-11-28T04:57:07.922Z] [INDEXING-ORCHESTRATOR] [DEBUG] 📍 Chunk 6-58: 1 candidate symbols
[2025-11-28T04:57:07.921Z] [2025-11-28T04:57:07.922Z] [INDEXING-ORCHESTRATOR] [DEBUG] ✅ Chunk symbols after filtering: 1 symbols - POST
[2025-11-28T04:57:07.921Z] [2025-11-28T04:57:07.922Z] [INDEXING-ORCHESTRATOR] [DEBUG] Created 1 semantic chunks for C:\Projects\educatedplanet\admin\src\app\api\admin\tutors\bulk-approve\route.ts
[2025-11-28T04:57:07.921Z] [2025-11-28T04:57:07.922Z] [INDEXING-ORCHESTRATOR] [DEBUG] Average chunk size: 1384 characters
[2025-11-28T04:57:07.926Z] [2025-11-28T04:57:07.926Z] [TREESITTER-CHUNKER] [INFO] Created 1 semantic chunks from C:\Projects\educatedplanet\admin\src\app\api\admin\tutors\bulk-reject\route.ts
[2025-11-28T04:57:07.934Z] [2025-11-28T04:57:07.935Z] [TREESITTER-FULL] [INFO] Extracted 1 symbols from C:\Projects\educatedplanet\admin\src\app\api\admin\tutors\bulk-reject\route.ts
[2025-11-28T04:57:07.934Z] [2025-11-28T04:57:07.935Z] [INDEXING-ORCHESTRATOR] [DEBUG] 🔍 Symbol extraction for C:\Projects\educatedplanet\admin\src\app\api\admin\tutors\bulk-reject\route.ts: 1 symbols, 3 imports
[2025-11-28T04:57:07.934Z] [2025-11-28T04:57:07.935Z] [INDEXING-ORCHESTRATOR] [DEBUG] 📍 Chunk 6-69: 1 candidate symbols
[2025-11-28T04:57:07.934Z] [2025-11-28T04:57:07.935Z] [INDEXING-ORCHESTRATOR] [DEBUG] ✅ Chunk symbols after filtering: 1 symbols - POST
[2025-11-28T04:57:07.934Z] [2025-11-28T04:57:07.935Z] [INDEXING-ORCHESTRATOR] [DEBUG] Created 1 semantic chunks for C:\Projects\educatedplanet\admin\src\app\api\admin\tutors\bulk-reject\route.ts
[2025-11-28T04:57:07.934Z] [2025-11-28T04:57:07.935Z] [INDEXING-ORCHESTRATOR] [DEBUG] Average chunk size: 1602 characters
[2025-11-28T04:57:07.936Z] [2025-11-28T04:57:07.937Z] [TREESITTER-CHUNKER] [INFO] Created 1 semantic chunks from C:\Projects\educatedplanet\admin\src\app\api\admin\tutors\pending\route.ts
[2025-11-28T04:57:07.940Z] [2025-11-28T04:57:07.941Z] [TREESITTER-FULL] [INFO] Extracted 1 symbols from C:\Projects\educatedplanet\admin\src\app\api\admin\tutors\pending\route.ts
[2025-11-28T04:57:07.940Z] [2025-11-28T04:57:07.941Z] [INDEXING-ORCHESTRATOR] [DEBUG] 🔍 Symbol extraction for C:\Projects\educatedplanet\admin\src\app\api\admin\tutors\pending\route.ts: 1 symbols, 2 imports
[2025-11-28T04:57:07.940Z] [2025-11-28T04:57:07.941Z] [INDEXING-ORCHESTRATOR] [DEBUG] 📍 Chunk 5-34: 1 candidate symbols
[2025-11-28T04:57:07.940Z] [2025-11-28T04:57:07.941Z] [INDEXING-ORCHESTRATOR] [DEBUG] ✅ Chunk symbols after filtering: 1 symbols - GET
[2025-11-28T04:57:07.940Z] [2025-11-28T04:57:07.941Z] [INDEXING-ORCHESTRATOR] [DEBUG] Created 1 semantic chunks for C:\Projects\educatedplanet\admin\src\app\api\admin\tutors\pending\route.ts
[2025-11-28T04:57:07.940Z] [2025-11-28T04:57:07.941Z] [INDEXING-ORCHESTRATOR] [DEBUG] Average chunk size: 874 characters
[2025-11-28T04:57:07.948Z] [2025-11-28T04:57:07.948Z] [TREESITTER-CHUNKER] [INFO] Created 1 semantic chunks from C:\Projects\educatedplanet\admin\src\app\api\admin\tutors\export\route.ts
[2025-11-28T04:57:07.961Z] [2025-11-28T04:57:07.962Z] [TREESITTER-FULL] [INFO] Extracted 1 symbols from C:\Projects\educatedplanet\admin\src\app\api\admin\tutors\export\route.ts
[2025-11-28T04:57:07.961Z] [2025-11-28T04:57:07.962Z] [INDEXING-ORCHESTRATOR] [DEBUG] 🔍 Symbol extraction for C:\Projects\educatedplanet\admin\src\app\api\admin\tutors\export\route.ts: 1 symbols, 2 imports
[2025-11-28T04:57:07.961Z] [2025-11-28T04:57:07.962Z] [INDEXING-ORCHESTRATOR] [DEBUG] 📍 Chunk 5-68: 1 candidate symbols
[2025-11-28T04:57:07.962Z] [2025-11-28T04:57:07.962Z] [INDEXING-ORCHESTRATOR] [DEBUG] ✅ Chunk symbols after filtering: 1 symbols - GET
[2025-11-28T04:57:07.962Z] [2025-11-28T04:57:07.962Z] [INDEXING-ORCHESTRATOR] [DEBUG] Created 1 semantic chunks for C:\Projects\educatedplanet\admin\src\app\api\admin\tutors\export\route.ts
[2025-11-28T04:57:07.962Z] [2025-11-28T04:57:07.962Z] [INDEXING-ORCHESTRATOR] [DEBUG] Average chunk size: 2257 characters
[2025-11-28T04:57:07.971Z] [2025-11-28T04:57:07.972Z] [TREESITTER-CHUNKER] [INFO] Created 2 semantic chunks from C:\Projects\educatedplanet\admin\src\app\api\admin\tutors\route.ts
[2025-11-28T04:57:08.007Z] [2025-11-28T04:57:08.008Z] [TREESITTER-FULL] [INFO] Extracted 4 symbols from C:\Projects\educatedplanet\admin\src\app\api\admin\tutors\route.ts
[2025-11-28T04:57:08.007Z] [2025-11-28T04:57:08.008Z] [INDEXING-ORCHESTRATOR] [DEBUG] 🔍 Symbol extraction for C:\Projects\educatedplanet\admin\src\app\api\admin\tutors\route.ts: 4 symbols, 4 imports
[2025-11-28T04:57:08.007Z] [2025-11-28T04:57:08.008Z] [INDEXING-ORCHESTRATOR] [DEBUG] 📍 Chunk 25-53: 1 candidate symbols
[2025-11-28T04:57:08.008Z] [2025-11-28T04:57:08.008Z] [INDEXING-ORCHESTRATOR] [DEBUG] ✅ Chunk symbols after filtering: 1 symbols - GET
[2025-11-28T04:57:08.008Z] [2025-11-28T04:57:08.008Z] [INDEXING-ORCHESTRATOR] [DEBUG] 📍 Chunk 63-121: 1 candidate symbols
[2025-11-28T04:57:08.008Z] [2025-11-28T04:57:08.008Z] [INDEXING-ORCHESTRATOR] [DEBUG] ✅ Chunk symbols after filtering: 1 symbols - PUT
[2025-11-28T04:57:08.008Z] [2025-11-28T04:57:08.008Z] [INDEXING-ORCHESTRATOR] [DEBUG] Created 2 semantic chunks for C:\Projects\educatedplanet\admin\src\app\api\admin\tutors\route.ts
[2025-11-28T04:57:08.008Z] [2025-11-28T04:57:08.008Z] [INDEXING-ORCHESTRATOR] [DEBUG] Average chunk size: 1175 characters
[2025-11-28T04:57:08.011Z] [2025-11-28T04:57:08.012Z] [TREESITTER-CHUNKER] [INFO] Created 1 semantic chunks from C:\Projects\educatedplanet\admin\src\app\api\auth\csrf\route.ts
[2025-11-28T04:57:08.018Z] [2025-11-28T04:57:08.018Z] [TREESITTER-FULL] [INFO] Extracted 3 symbols from C:\Projects\educatedplanet\admin\src\app\api\auth\csrf\route.ts
[2025-11-28T04:57:08.018Z] [2025-11-28T04:57:08.018Z] [INDEXING-ORCHESTRATOR] [DEBUG] 🔍 Symbol extraction for C:\Projects\educatedplanet\admin\src\app\api\auth\csrf\route.ts: 3 symbols, 3 imports
[2025-11-28T04:57:08.018Z] [2025-11-28T04:57:08.018Z] [INDEXING-ORCHESTRATOR] [DEBUG] 📍 Chunk 11-42: 1 candidate symbols
[2025-11-28T04:57:08.018Z] [2025-11-28T04:57:08.018Z] [INDEXING-ORCHESTRATOR] [DEBUG] ✅ Chunk symbols after filtering: 1 symbols - GET
[2025-11-28T04:57:08.018Z] [2025-11-28T04:57:08.018Z] [INDEXING-ORCHESTRATOR] [DEBUG] Created 1 semantic chunks for C:\Projects\educatedplanet\admin\src\app\api\auth\csrf\route.ts
[2025-11-28T04:57:08.018Z] [2025-11-28T04:57:08.018Z] [INDEXING-ORCHESTRATOR] [DEBUG] Average chunk size: 908 characters
[2025-11-28T04:57:08.025Z] [2025-11-28T04:57:08.026Z] [TREESITTER-CHUNKER] [INFO] Created 1 semantic chunks from C:\Projects\educatedplanet\admin\src\app\api\auth\get-session\route.ts
[2025-11-28T04:57:08.033Z] [2025-11-28T04:57:08.033Z] [TREESITTER-FULL] [INFO] Extracted 3 symbols from C:\Projects\educatedplanet\admin\src\app\api\auth\get-session\route.ts
[2025-11-28T04:57:08.033Z] [2025-11-28T04:57:08.033Z] [INDEXING-ORCHESTRATOR] [DEBUG] 🔍 Symbol extraction for C:\Projects\educatedplanet\admin\src\app\api\auth\get-session\route.ts: 3 symbols, 2 imports
[2025-11-28T04:57:08.033Z] [2025-11-28T04:57:08.033Z] [INDEXING-ORCHESTRATOR] [DEBUG] 📍 Chunk 8-40: 1 candidate symbols
[2025-11-28T04:57:08.033Z] [2025-11-28T04:57:08.033Z] [INDEXING-ORCHESTRATOR] [DEBUG] ✅ Chunk symbols after filtering: 1 symbols - GET
[2025-11-28T04:57:08.033Z] [2025-11-28T04:57:08.033Z] [INDEXING-ORCHESTRATOR] [DEBUG] Created 1 semantic chunks for C:\Projects\educatedplanet\admin\src\app\api\auth\get-session\route.ts
[2025-11-28T04:57:08.033Z] [2025-11-28T04:57:08.033Z] [INDEXING-ORCHESTRATOR] [DEBUG] Average chunk size: 1040 characters
[2025-11-28T04:57:08.035Z] [2025-11-28T04:57:08.036Z] [TREESITTER-CHUNKER] [INFO] Created 1 semantic chunks from C:\Projects\educatedplanet\admin\src\app\api\auth\public-key\route.ts
[2025-11-28T04:57:08.039Z] [2025-11-28T04:57:08.040Z] [TREESITTER-FULL] [INFO] Extracted 1 symbols from C:\Projects\educatedplanet\admin\src\app\api\auth\public-key\route.ts
[2025-11-28T04:57:08.039Z] [2025-11-28T04:57:08.040Z] [INDEXING-ORCHESTRATOR] [DEBUG] 🔍 Symbol extraction for C:\Projects\educatedplanet\admin\src\app\api\auth\public-key\route.ts: 1 symbols, 2 imports
[2025-11-28T04:57:08.039Z] [2025-11-28T04:57:08.040Z] [INDEXING-ORCHESTRATOR] [DEBUG] 📍 Chunk 7-32: 1 candidate symbols
[2025-11-28T04:57:08.039Z] [2025-11-28T04:57:08.040Z] [INDEXING-ORCHESTRATOR] [DEBUG] ✅ Chunk symbols after filtering: 1 symbols - GET
[2025-11-28T04:57:08.039Z] [2025-11-28T04:57:08.040Z] [INDEXING-ORCHESTRATOR] [DEBUG] Created 1 semantic chunks for C:\Projects\educatedplanet\admin\src\app\api\auth\public-key\route.ts
[2025-11-28T04:57:08.039Z] [2025-11-28T04:57:08.040Z] [INDEXING-ORCHESTRATOR] [DEBUG] Average chunk size: 642 characters
[2025-11-28T04:57:08.046Z] [2025-11-28T04:57:08.047Z] [TREESITTER-CHUNKER] [INFO] Created 1 semantic chunks from C:\Projects\educatedplanet\admin\src\app\api\auth\sign-in\email\route.ts
[2025-11-28T04:57:08.064Z] [2025-11-28T04:57:08.065Z] [TREESITTER-FULL] [INFO] Extracted 4 symbols from C:\Projects\educatedplanet\admin\src\app\api\auth\sign-in\email\route.ts
[2025-11-28T04:57:08.064Z] [2025-11-28T04:57:08.065Z] [INDEXING-ORCHESTRATOR] [DEBUG] 🔍 Symbol extraction for C:\Projects\educatedplanet\admin\src\app\api\auth\sign-in\email\route.ts: 4 symbols, 4 imports
[2025-11-28T04:57:08.064Z] [2025-11-28T04:57:08.065Z] [INDEXING-ORCHESTRATOR] [DEBUG] 📍 Chunk 16-102: 1 candidate symbols
[2025-11-28T04:57:08.064Z] [2025-11-28T04:57:08.065Z] [INDEXING-ORCHESTRATOR] [DEBUG] ✅ Chunk symbols after filtering: 1 symbols - POST
[2025-11-28T04:57:08.064Z] [2025-11-28T04:57:08.065Z] [INDEXING-ORCHESTRATOR] [DEBUG] Created 1 semantic chunks for C:\Projects\educatedplanet\admin\src\app\api\auth\sign-in\email\route.ts
[2025-11-28T04:57:08.064Z] [2025-11-28T04:57:08.065Z] [INDEXING-ORCHESTRATOR] [DEBUG] Average chunk size: 2631 characters
[2025-11-28T04:57:08.064Z] [2025-11-28T04:57:08.065Z] [INDEXING-ORCHESTRATOR] [DEBUG] 📊 Processed: 80/324 files
[2025-11-28T04:57:08.068Z] [2025-11-28T04:57:08.069Z] [TREESITTER-CHUNKER] [INFO] Created 1 semantic chunks from C:\Projects\educatedplanet\admin\src\app\api\auth\sign-out\route.ts
[2025-11-28T04:57:08.073Z] [2025-11-28T04:57:08.073Z] [TREESITTER-FULL] [INFO] Extracted 3 symbols from C:\Projects\educatedplanet\admin\src\app\api\auth\sign-out\route.ts
[2025-11-28T04:57:08.073Z] [2025-11-28T04:57:08.073Z] [INDEXING-ORCHESTRATOR] [DEBUG] 🔍 Symbol extraction for C:\Projects\educatedplanet\admin\src\app\api\auth\sign-out\route.ts: 3 symbols, 2 imports
[2025-11-28T04:57:08.073Z] [2025-11-28T04:57:08.073Z] [INDEXING-ORCHESTRATOR] [DEBUG] 📍 Chunk 8-30: 1 candidate symbols
[2025-11-28T04:57:08.073Z] [2025-11-28T04:57:08.074Z] [INDEXING-ORCHESTRATOR] [DEBUG] ✅ Chunk symbols after filtering: 1 symbols - POST
[2025-11-28T04:57:08.073Z] [2025-11-28T04:57:08.074Z] [INDEXING-ORCHESTRATOR] [DEBUG] Created 1 semantic chunks for C:\Projects\educatedplanet\admin\src\app\api\auth\sign-out\route.ts
[2025-11-28T04:57:08.073Z] [2025-11-28T04:57:08.074Z] [INDEXING-ORCHESTRATOR] [DEBUG] Average chunk size: 583 characters
[2025-11-28T04:57:08.074Z] [2025-11-28T04:57:08.075Z] [TREESITTER-CHUNKER] [INFO] Created 1 semantic chunks from C:\Projects\educatedplanet\admin\src\app\api\auth\test\route.ts
[2025-11-28T04:57:08.075Z] [2025-11-28T04:57:08.076Z] [TREESITTER-FULL] [INFO] Extracted 1 symbols from C:\Projects\educatedplanet\admin\src\app\api\auth\test\route.ts
[2025-11-28T04:57:08.075Z] [2025-11-28T04:57:08.076Z] [INDEXING-ORCHESTRATOR] [DEBUG] 🔍 Symbol extraction for C:\Projects\educatedplanet\admin\src\app\api\auth\test\route.ts: 1 symbols, 1 imports
[2025-11-28T04:57:08.075Z] [2025-11-28T04:57:08.076Z] [INDEXING-ORCHESTRATOR] [DEBUG] 📍 Chunk 3-6: 1 candidate symbols
[2025-11-28T04:57:08.075Z] [2025-11-28T04:57:08.076Z] [INDEXING-ORCHESTRATOR] [DEBUG] ✅ Chunk symbols after filtering: 1 symbols - GET
[2025-11-28T04:57:08.075Z] [2025-11-28T04:57:08.076Z] [INDEXING-ORCHESTRATOR] [DEBUG] Created 1 semantic chunks for C:\Projects\educatedplanet\admin\src\app\api\auth\test\route.ts
[2025-11-28T04:57:08.075Z] [2025-11-28T04:57:08.076Z] [INDEXING-ORCHESTRATOR] [DEBUG] Average chunk size: 173 characters
[2025-11-28T04:57:08.089Z] [2025-11-28T04:57:08.090Z] [TREESITTER-CHUNKER] [INFO] Created 3 semantic chunks from C:\Projects\educatedplanet\admin\src\app\api\classes\[id]\route.ts
[2025-11-28T04:57:08.122Z] [2025-11-28T04:57:08.123Z] [TREESITTER-FULL] [INFO] Extracted 4 symbols from C:\Projects\educatedplanet\admin\src\app\api\classes\[id]\route.ts
[2025-11-28T04:57:08.122Z] [2025-11-28T04:57:08.123Z] [INDEXING-ORCHESTRATOR] [DEBUG] 🔍 Symbol extraction for C:\Projects\educatedplanet\admin\src\app\api\classes\[id]\route.ts: 4 symbols, 4 imports
[2025-11-28T04:57:08.123Z] [2025-11-28T04:57:08.123Z] [INDEXING-ORCHESTRATOR] [DEBUG] 📍 Chunk 12-73: 2 candidate symbols
[2025-11-28T04:57:08.123Z] [2025-11-28T04:57:08.123Z] [INDEXING-ORCHESTRATOR] [DEBUG] ✅ Chunk symbols after filtering: 2 symbols - RouteParams, GET
[2025-11-28T04:57:08.123Z] [2025-11-28T04:57:08.123Z] [INDEXING-ORCHESTRATOR] [DEBUG] 📍 Chunk 76-158: 1 candidate symbols
[2025-11-28T04:57:08.123Z] [2025-11-28T04:57:08.123Z] [INDEXING-ORCHESTRATOR] [DEBUG] ✅ Chunk symbols after filtering: 1 symbols - PUT
[2025-11-28T04:57:08.123Z] [2025-11-28T04:57:08.123Z] [INDEXING-ORCHESTRATOR] [DEBUG] 📍 Chunk 161-229: 1 candidate symbols
[2025-11-28T04:57:08.123Z] [2025-11-28T04:57:08.123Z] [INDEXING-ORCHESTRATOR] [DEBUG] ✅ Chunk symbols after filtering: 1 symbols - DELETE
[2025-11-28T04:57:08.123Z] [2025-11-28T04:57:08.123Z] [INDEXING-ORCHESTRATOR] [DEBUG] Created 3 semantic chunks for C:\Projects\educatedplanet\admin\src\app\api\classes\[id]\route.ts
[2025-11-28T04:57:08.123Z] [2025-11-28T04:57:08.123Z] [INDEXING-ORCHESTRATOR] [DEBUG] Average chunk size: 1802 characters
[2025-11-28T04:57:08.128Z] [2025-11-28T04:57:08.128Z] [TREESITTER-CHUNKER] [INFO] Created 3 semantic chunks from C:\Projects\educatedplanet\admin\src\app\api\classes\[id]\subclasses\route.ts
[2025-11-28T04:57:08.140Z] [2025-11-28T04:57:08.141Z] [TREESITTER-FULL] [INFO] Extracted 3 symbols from C:\Projects\educatedplanet\admin\src\app\api\classes\[id]\subclasses\route.ts
[2025-11-28T04:57:08.140Z] [2025-11-28T04:57:08.141Z] [INDEXING-ORCHESTRATOR] [DEBUG] 🔍 Symbol extraction for C:\Projects\educatedplanet\admin\src\app\api\classes\[id]\subclasses\route.ts: 3 symbols, 3 imports
[2025-11-28T04:57:08.141Z] [2025-11-28T04:57:08.141Z] [INDEXING-ORCHESTRATOR] [DEBUG] 📍 Chunk 11-13: 1 candidate symbols
[2025-11-28T04:57:08.141Z] [2025-11-28T04:57:08.141Z] [INDEXING-ORCHESTRATOR] [DEBUG] ✅ Chunk symbols after filtering: 1 symbols - RouteParams
[2025-11-28T04:57:08.141Z] [2025-11-28T04:57:08.141Z] [INDEXING-ORCHESTRATOR] [DEBUG] 📍 Chunk 16-88: 1 candidate symbols
[2025-11-28T04:57:08.141Z] [2025-11-28T04:57:08.141Z] [INDEXING-ORCHESTRATOR] [DEBUG] ✅ Chunk symbols after filtering: 1 symbols - POST
[2025-11-28T04:57:08.141Z] [2025-11-28T04:57:08.141Z] [INDEXING-ORCHESTRATOR] [DEBUG] 📍 Chunk 91-151: 1 candidate symbols
[2025-11-28T04:57:08.141Z] [2025-11-28T04:57:08.141Z] [INDEXING-ORCHESTRATOR] [DEBUG] ✅ Chunk symbols after filtering: 1 symbols - DELETE
[2025-11-28T04:57:08.141Z] [2025-11-28T04:57:08.141Z] [INDEXING-ORCHESTRATOR] [DEBUG] Created 3 semantic chunks for C:\Projects\educatedplanet\admin\src\app\api\classes\[id]\subclasses\route.ts
[2025-11-28T04:57:08.141Z] [2025-11-28T04:57:08.141Z] [INDEXING-ORCHESTRATOR] [DEBUG] Average chunk size: 1112 characters
[2025-11-28T04:57:08.145Z] [2025-11-28T04:57:08.145Z] [TREESITTER-CHUNKER] [INFO] Created 2 semantic chunks from C:\Projects\educatedplanet\admin\src\app\api\dashboard\route.ts
[2025-11-28T04:57:08.161Z] [2025-11-28T04:57:08.162Z] [TREESITTER-FULL] [INFO] Extracted 2 symbols from C:\Projects\educatedplanet\admin\src\app\api\dashboard\route.ts
[2025-11-28T04:57:08.161Z] [2025-11-28T04:57:08.162Z] [INDEXING-ORCHESTRATOR] [DEBUG] 🔍 Symbol extraction for C:\Projects\educatedplanet\admin\src\app\api\dashboard\route.ts: 2 symbols, 2 imports
[2025-11-28T04:57:08.161Z] [2025-11-28T04:57:08.162Z] [INDEXING-ORCHESTRATOR] [DEBUG] 📍 Chunk 10-17: 1 candidate symbols
[2025-11-28T04:57:08.161Z] [2025-11-28T04:57:08.162Z] [INDEXING-ORCHESTRATOR] [DEBUG] ✅ Chunk symbols after filtering: 1 symbols - DashboardActivity
[2025-11-28T04:57:08.161Z] [2025-11-28T04:57:08.162Z] [INDEXING-ORCHESTRATOR] [DEBUG] 📍 Chunk 20-102: 1 candidate symbols
[2025-11-28T04:57:08.161Z] [2025-11-28T04:57:08.162Z] [INDEXING-ORCHESTRATOR] [DEBUG] ✅ Chunk symbols after filtering: 1 symbols - GET
[2025-11-28T04:57:08.161Z] [2025-11-28T04:57:08.162Z] [INDEXING-ORCHESTRATOR] [DEBUG] Created 2 semantic chunks for C:\Projects\educatedplanet\admin\src\app\api\dashboard\route.ts
[2025-11-28T04:57:08.161Z] [2025-11-28T04:57:08.162Z] [INDEXING-ORCHESTRATOR] [DEBUG] Average chunk size: 1368 characters
[2025-11-28T04:57:08.167Z] [2025-11-28T04:57:08.168Z] [TREESITTER-CHUNKER] [INFO] Created 2 semantic chunks from C:\Projects\educatedplanet\admin\src\app\api\classes\route.ts
[2025-11-28T04:57:08.185Z] [2025-11-28T04:57:08.186Z] [TREESITTER-FULL] [INFO] Extracted 2 symbols from C:\Projects\educatedplanet\admin\src\app\api\classes\route.ts
[2025-11-28T04:57:08.186Z] [2025-11-28T04:57:08.186Z] [INDEXING-ORCHESTRATOR] [DEBUG] 🔍 Symbol extraction for C:\Projects\educatedplanet\admin\src\app\api\classes\route.ts: 2 symbols, 4 imports
[2025-11-28T04:57:08.186Z] [2025-11-28T04:57:08.186Z] [INDEXING-ORCHESTRATOR] [DEBUG] 📍 Chunk 13-70: 1 candidate symbols
[2025-11-28T04:57:08.186Z] [2025-11-28T04:57:08.186Z] [INDEXING-ORCHESTRATOR] [DEBUG] ✅ Chunk symbols after filtering: 1 symbols - GET
[2025-11-28T04:57:08.186Z] [2025-11-28T04:57:08.186Z] [INDEXING-ORCHESTRATOR] [DEBUG] 📍 Chunk 73-143: 1 candidate symbols
[2025-11-28T04:57:08.186Z] [2025-11-28T04:57:08.186Z] [INDEXING-ORCHESTRATOR] [DEBUG] ✅ Chunk symbols after filtering: 1 symbols - POST
[2025-11-28T04:57:08.186Z] [2025-11-28T04:57:08.186Z] [INDEXING-ORCHESTRATOR] [DEBUG] Created 2 semantic chunks for C:\Projects\educatedplanet\admin\src\app\api\classes\route.ts
[2025-11-28T04:57:08.186Z] [2025-11-28T04:57:08.186Z] [INDEXING-ORCHESTRATOR] [DEBUG] Average chunk size: 1941 characters
[2025-11-28T04:57:08.203Z] [2025-11-28T04:57:08.204Z] [TREESITTER-CHUNKER] [INFO] Created 3 semantic chunks from C:\Projects\educatedplanet\admin\src\app\api\subjects\[id]\route.ts
[2025-11-28T04:57:08.228Z] [2025-11-28T04:57:08.229Z] [TREESITTER-FULL] [INFO] Extracted 4 symbols from C:\Projects\educatedplanet\admin\src\app\api\subjects\[id]\route.ts
[2025-11-28T04:57:08.228Z] [2025-11-28T04:57:08.229Z] [INDEXING-ORCHESTRATOR] [DEBUG] 🔍 Symbol extraction for C:\Projects\educatedplanet\admin\src\app\api\subjects\[id]\route.ts: 4 symbols, 4 imports
[2025-11-28T04:57:08.228Z] [2025-11-28T04:57:08.229Z] [INDEXING-ORCHESTRATOR] [DEBUG] 📍 Chunk 12-73: 2 candidate symbols
[2025-11-28T04:57:08.228Z] [2025-11-28T04:57:08.229Z] [INDEXING-ORCHESTRATOR] [DEBUG] ✅ Chunk symbols after filtering: 2 symbols - RouteParams, GET
[2025-11-28T04:57:08.228Z] [2025-11-28T04:57:08.229Z] [INDEXING-ORCHESTRATOR] [DEBUG] 📍 Chunk 76-159: 1 candidate symbols
[2025-11-28T04:57:08.228Z] [2025-11-28T04:57:08.229Z] [INDEXING-ORCHESTRATOR] [DEBUG] ✅ Chunk symbols after filtering: 1 symbols - PUT
[2025-11-28T04:57:08.228Z] [2025-11-28T04:57:08.229Z] [INDEXING-ORCHESTRATOR] [DEBUG] 📍 Chunk 162-230: 1 candidate symbols
[2025-11-28T04:57:08.228Z] [2025-11-28T04:57:08.229Z] [INDEXING-ORCHESTRATOR] [DEBUG] ✅ Chunk symbols after filtering: 1 symbols - DELETE
[2025-11-28T04:57:08.228Z] [2025-11-28T04:57:08.229Z] [INDEXING-ORCHESTRATOR] [DEBUG] Created 3 semantic chunks for C:\Projects\educatedplanet\admin\src\app\api\subjects\[id]\route.ts
[2025-11-28T04:57:08.228Z] [2025-11-28T04:57:08.229Z] [INDEXING-ORCHESTRATOR] [DEBUG] Average chunk size: 1849 characters
[2025-11-28T04:57:08.236Z] [2025-11-28T04:57:08.237Z] [TREESITTER-CHUNKER] [INFO] Created 2 semantic chunks from C:\Projects\educatedplanet\admin\src\app\api\subjects\route.ts
[2025-11-28T04:57:08.267Z] [2025-11-28T04:57:08.268Z] [TREESITTER-FULL] [INFO] Extracted 2 symbols from C:\Projects\educatedplanet\admin\src\app\api\subjects\route.ts
[2025-11-28T04:57:08.267Z] [2025-11-28T04:57:08.268Z] [INDEXING-ORCHESTRATOR] [DEBUG] 🔍 Symbol extraction for C:\Projects\educatedplanet\admin\src\app\api\subjects\route.ts: 2 symbols, 4 imports
[2025-11-28T04:57:08.267Z] [2025-11-28T04:57:08.268Z] [INDEXING-ORCHESTRATOR] [DEBUG] 📍 Chunk 13-71: 1 candidate symbols
[2025-11-28T04:57:08.267Z] [2025-11-28T04:57:08.268Z] [INDEXING-ORCHESTRATOR] [DEBUG] ✅ Chunk symbols after filtering: 1 symbols - GET
[2025-11-28T04:57:08.267Z] [2025-11-28T04:57:08.268Z] [INDEXING-ORCHESTRATOR] [DEBUG] 📍 Chunk 74-146: 1 candidate symbols
[2025-11-28T04:57:08.267Z] [2025-11-28T04:57:08.268Z] [INDEXING-ORCHESTRATOR] [DEBUG] ✅ Chunk symbols after filtering: 1 symbols - POST
[2025-11-28T04:57:08.267Z] [2025-11-28T04:57:08.268Z] [INDEXING-ORCHESTRATOR] [DEBUG] Created 2 semantic chunks for C:\Projects\educatedplanet\admin\src\app\api\subjects\route.ts
[2025-11-28T04:57:08.267Z] [2025-11-28T04:57:08.268Z] [INDEXING-ORCHESTRATOR] [DEBUG] Average chunk size: 2111 characters
[2025-11-28T04:57:08.289Z] [2025-11-28T04:57:08.290Z] [TREESITTER-CHUNKER] [INFO] Created 2 semantic chunks from C:\Projects\educatedplanet\admin\src\app\api\tutors\route.ts
[2025-11-28T04:57:08.311Z] [2025-11-28T04:57:08.312Z] [TREESITTER-FULL] [INFO] Extracted 2 symbols from C:\Projects\educatedplanet\admin\src\app\api\tutors\route.ts
[2025-11-28T04:57:08.311Z] [2025-11-28T04:57:08.312Z] [INDEXING-ORCHESTRATOR] [DEBUG] 🔍 Symbol extraction for C:\Projects\educatedplanet\admin\src\app\api\tutors\route.ts: 2 symbols, 3 imports
[2025-11-28T04:57:08.311Z] [2025-11-28T04:57:08.312Z] [INDEXING-ORCHESTRATOR] [DEBUG] 📍 Chunk 11-54: 1 candidate symbols
[2025-11-28T04:57:08.311Z] [2025-11-28T04:57:08.312Z] [INDEXING-ORCHESTRATOR] [DEBUG] ✅ Chunk symbols after filtering: 1 symbols - GET
[2025-11-28T04:57:08.311Z] [2025-11-28T04:57:08.312Z] [INDEXING-ORCHESTRATOR] [DEBUG] 📍 Chunk 57-98: 1 candidate symbols
[2025-11-28T04:57:08.311Z] [2025-11-28T04:57:08.312Z] [INDEXING-ORCHESTRATOR] [DEBUG] ✅ Chunk symbols after filtering: 1 symbols - POST
[2025-11-28T04:57:08.311Z] [2025-11-28T04:57:08.312Z] [INDEXING-ORCHESTRATOR] [DEBUG] Created 2 semantic chunks for C:\Projects\educatedplanet\admin\src\app\api\tutors\route.ts
[2025-11-28T04:57:08.311Z] [2025-11-28T04:57:08.312Z] [INDEXING-ORCHESTRATOR] [DEBUG] Average chunk size: 1642 characters
[2025-11-28T04:57:08.314Z] [2025-11-28T04:57:08.315Z] [TREESITTER-CHUNKER] [INFO] Created 2 semantic chunks from C:\Projects\educatedplanet\admin\src\app\api\upload\cleanup\route.ts
[2025-11-28T04:57:08.321Z] [2025-11-28T04:57:08.322Z] [TREESITTER-FULL] [INFO] Extracted 2 symbols from C:\Projects\educatedplanet\admin\src\app\api\upload\cleanup\route.ts
[2025-11-28T04:57:08.322Z] [2025-11-28T04:57:08.322Z] [INDEXING-ORCHESTRATOR] [DEBUG] 🔍 Symbol extraction for C:\Projects\educatedplanet\admin\src\app\api\upload\cleanup\route.ts: 2 symbols, 3 imports
[2025-11-28T04:57:08.322Z] [2025-11-28T04:57:08.322Z] [INDEXING-ORCHESTRATOR] [DEBUG] 📍 Chunk 12-53: 1 candidate symbols
[2025-11-28T04:57:08.322Z] [2025-11-28T04:57:08.322Z] [INDEXING-ORCHESTRATOR] [DEBUG] ✅ Chunk symbols after filtering: 1 symbols - POST
[2025-11-28T04:57:08.322Z] [2025-11-28T04:57:08.322Z] [INDEXING-ORCHESTRATOR] [DEBUG] 📍 Chunk 56-94: 1 candidate symbols
[2025-11-28T04:57:08.322Z] [2025-11-28T04:57:08.322Z] [INDEXING-ORCHESTRATOR] [DEBUG] ✅ Chunk symbols after filtering: 1 symbols - GET
[2025-11-28T04:57:08.322Z] [2025-11-28T04:57:08.322Z] [INDEXING-ORCHESTRATOR] [DEBUG] Created 2 semantic chunks for C:\Projects\educatedplanet\admin\src\app\api\upload\cleanup\route.ts
[2025-11-28T04:57:08.322Z] [2025-11-28T04:57:08.322Z] [INDEXING-ORCHESTRATOR] [DEBUG] Average chunk size: 966 characters
[2025-11-28T04:57:08.322Z] [2025-11-28T04:57:08.322Z] [INDEXING-ORCHESTRATOR] [DEBUG] 📊 Processed: 90/324 files
[2025-11-28T04:57:08.333Z] [2025-11-28T04:57:08.334Z] [TREESITTER-CHUNKER] [INFO] Created 3 semantic chunks from C:\Projects\educatedplanet\admin\src\app\api\upload\image\route.ts
[2025-11-28T04:57:08.357Z] [2025-11-28T04:57:08.358Z] [TREESITTER-FULL] [INFO] Extracted 3 symbols from C:\Projects\educatedplanet\admin\src\app\api\upload\image\route.ts
[2025-11-28T04:57:08.357Z] [2025-11-28T04:57:08.358Z] [INDEXING-ORCHESTRATOR] [DEBUG] 🔍 Symbol extraction for C:\Projects\educatedplanet\admin\src\app\api\upload\image\route.ts: 3 symbols, 3 imports
[2025-11-28T04:57:08.357Z] [2025-11-28T04:57:08.358Z] [INDEXING-ORCHESTRATOR] [DEBUG] 📍 Chunk 12-141: 1 candidate symbols
[2025-11-28T04:57:08.357Z] [2025-11-28T04:57:08.358Z] [INDEXING-ORCHESTRATOR] [DEBUG] ✅ Chunk symbols after filtering: 1 symbols - POST
[2025-11-28T04:57:08.357Z] [2025-11-28T04:57:08.358Z] [INDEXING-ORCHESTRATOR] [DEBUG] 📍 Chunk 144-193: 1 candidate symbols
[2025-11-28T04:57:08.357Z] [2025-11-28T04:57:08.358Z] [INDEXING-ORCHESTRATOR] [DEBUG] ✅ Chunk symbols after filtering: 1 symbols - GET
[2025-11-28T04:57:08.357Z] [2025-11-28T04:57:08.358Z] [INDEXING-ORCHESTRATOR] [DEBUG] 📍 Chunk 196-261: 1 candidate symbols
[2025-11-28T04:57:08.357Z] [2025-11-28T04:57:08.358Z] [INDEXING-ORCHESTRATOR] [DEBUG] ✅ Chunk symbols after filtering: 1 symbols - DELETE
[2025-11-28T04:57:08.357Z] [2025-11-28T04:57:08.358Z] [INDEXING-ORCHESTRATOR] [DEBUG] Created 3 semantic chunks for C:\Projects\educatedplanet\admin\src\app\api\upload\image\route.ts
[2025-11-28T04:57:08.357Z] [2025-11-28T04:57:08.358Z] [INDEXING-ORCHESTRATOR] [DEBUG] Average chunk size: 2130 characters
[2025-11-28T04:57:08.359Z] [2025-11-28T04:57:08.360Z] [TREESITTER-CHUNKER] [INFO] Created 1 semantic chunks from C:\Projects\educatedplanet\admin\src\app\api\upload\restore\route.ts
[2025-11-28T04:57:08.365Z] [2025-11-28T04:57:08.365Z] [TREESITTER-FULL] [INFO] Extracted 1 symbols from C:\Projects\educatedplanet\admin\src\app\api\upload\restore\route.ts
[2025-11-28T04:57:08.365Z] [2025-11-28T04:57:08.366Z] [INDEXING-ORCHESTRATOR] [DEBUG] 🔍 Symbol extraction for C:\Projects\educatedplanet\admin\src\app\api\upload\restore\route.ts: 1 symbols, 3 imports
[2025-11-28T04:57:08.365Z] [2025-11-28T04:57:08.366Z] [INDEXING-ORCHESTRATOR] [DEBUG] 📍 Chunk 12-75: 1 candidate symbols
[2025-11-28T04:57:08.365Z] [2025-11-28T04:57:08.366Z] [INDEXING-ORCHESTRATOR] [DEBUG] ✅ Chunk symbols after filtering: 1 symbols - POST
[2025-11-28T04:57:08.365Z] [2025-11-28T04:57:08.366Z] [INDEXING-ORCHESTRATOR] [DEBUG] Created 1 semantic chunks for C:\Projects\educatedplanet\admin\src\app\api\upload\restore\route.ts
[2025-11-28T04:57:08.365Z] [2025-11-28T04:57:08.366Z] [INDEXING-ORCHESTRATOR] [DEBUG] Average chunk size: 1475 characters
[2025-11-28T04:57:08.369Z] [2025-11-28T04:57:08.370Z] [TREESITTER-CHUNKER] [INFO] Created 3 semantic chunks from C:\Projects\educatedplanet\admin\src\app\api\users\[id]\route.ts
[2025-11-28T04:57:08.382Z] [2025-11-28T04:57:08.383Z] [TREESITTER-FULL] [INFO] Extracted 4 symbols from C:\Projects\educatedplanet\admin\src\app\api\users\[id]\route.ts
[2025-11-28T04:57:08.382Z] [2025-11-28T04:57:08.383Z] [INDEXING-ORCHESTRATOR] [DEBUG] 🔍 Symbol extraction for C:\Projects\educatedplanet\admin\src\app\api\users\[id]\route.ts: 4 symbols, 2 imports
[2025-11-28T04:57:08.382Z] [2025-11-28T04:57:08.383Z] [INDEXING-ORCHESTRATOR] [DEBUG] 📍 Chunk 9-46: 2 candidate symbols
[2025-11-28T04:57:08.382Z] [2025-11-28T04:57:08.383Z] [INDEXING-ORCHESTRATOR] [DEBUG] ✅ Chunk symbols after filtering: 2 symbols - RouteParams, GET
[2025-11-28T04:57:08.382Z] [2025-11-28T04:57:08.383Z] [INDEXING-ORCHESTRATOR] [DEBUG] 📍 Chunk 49-93: 1 candidate symbols
[2025-11-28T04:57:08.382Z] [2025-11-28T04:57:08.383Z] [INDEXING-ORCHESTRATOR] [DEBUG] ✅ Chunk symbols after filtering: 1 symbols - PUT
[2025-11-28T04:57:08.382Z] [2025-11-28T04:57:08.383Z] [INDEXING-ORCHESTRATOR] [DEBUG] 📍 Chunk 96-125: 1 candidate symbols
[2025-11-28T04:57:08.382Z] [2025-11-28T04:57:08.383Z] [INDEXING-ORCHESTRATOR] [DEBUG] ✅ Chunk symbols after filtering: 1 symbols - DELETE
[2025-11-28T04:57:08.382Z] [2025-11-28T04:57:08.383Z] [INDEXING-ORCHESTRATOR] [DEBUG] Created 3 semantic chunks for C:\Projects\educatedplanet\admin\src\app\api\users\[id]\route.ts
[2025-11-28T04:57:08.382Z] [2025-11-28T04:57:08.383Z] [INDEXING-ORCHESTRATOR] [DEBUG] Average chunk size: 985 characters
[2025-11-28T04:57:08.384Z] [2025-11-28T04:57:08.385Z] [TREESITTER-CHUNKER] [INFO] Created 1 semantic chunks from C:\Projects\educatedplanet\admin\src\app\not-found.tsx
[2025-11-28T04:57:08.389Z] [2025-11-28T04:57:08.390Z] [TREESITTER-FULL] [INFO] Extracted 1 symbols from C:\Projects\educatedplanet\admin\src\app\not-found.tsx
[2025-11-28T04:57:08.389Z] [2025-11-28T04:57:08.390Z] [INDEXING-ORCHESTRATOR] [DEBUG] 🔍 Symbol extraction for C:\Projects\educatedplanet\admin\src\app\not-found.tsx: 1 symbols, 2 imports
[2025-11-28T04:57:08.389Z] [2025-11-28T04:57:08.390Z] [INDEXING-ORCHESTRATOR] [DEBUG] 📍 Chunk 7-17: 1 candidate symbols
[2025-11-28T04:57:08.389Z] [2025-11-28T04:57:08.390Z] [INDEXING-ORCHESTRATOR] [DEBUG] ✅ Chunk symbols after filtering: 1 symbols - NotFound
[2025-11-28T04:57:08.389Z] [2025-11-28T04:57:08.390Z] [INDEXING-ORCHESTRATOR] [DEBUG] Created 1 semantic chunks for C:\Projects\educatedplanet\admin\src\app\not-found.tsx
[2025-11-28T04:57:08.389Z] [2025-11-28T04:57:08.390Z] [INDEXING-ORCHESTRATOR] [DEBUG] Average chunk size: 431 characters
[2025-11-28T04:57:08.392Z] [2025-11-28T04:57:08.393Z] [TREESITTER-CHUNKER] [INFO] Created 1 semantic chunks from C:\Projects\educatedplanet\admin\src\app\layout.tsx
[2025-11-28T04:57:08.398Z] [2025-11-28T04:57:08.399Z] [TREESITTER-FULL] [INFO] Extracted 2 symbols from C:\Projects\educatedplanet\admin\src\app\layout.tsx
[2025-11-28T04:57:08.398Z] [2025-11-28T04:57:08.399Z] [INDEXING-ORCHESTRATOR] [DEBUG] 🔍 Symbol extraction for C:\Projects\educatedplanet\admin\src\app\layout.tsx: 2 symbols, 13 imports
[2025-11-28T04:57:08.398Z] [2025-11-28T04:57:08.399Z] [INDEXING-ORCHESTRATOR] [DEBUG] 📍 Chunk 25-63: 1 candidate symbols
[2025-11-28T04:57:08.398Z] [2025-11-28T04:57:08.399Z] [INDEXING-ORCHESTRATOR] [DEBUG] ✅ Chunk symbols after filtering: 1 symbols - RootLayout
[2025-11-28T04:57:08.398Z] [2025-11-28T04:57:08.399Z] [INDEXING-ORCHESTRATOR] [DEBUG] Created 1 semantic chunks for C:\Projects\educatedplanet\admin\src\app\layout.tsx
[2025-11-28T04:57:08.398Z] [2025-11-28T04:57:08.399Z] [INDEXING-ORCHESTRATOR] [DEBUG] Average chunk size: 1356 characters
[2025-11-28T04:57:08.403Z] [2025-11-28T04:57:08.404Z] [TREESITTER-CHUNKER] [INFO] Created 2 semantic chunks from C:\Projects\educatedplanet\admin\src\app\api\users\route.ts
[2025-11-28T04:57:08.415Z] [2025-11-28T04:57:08.416Z] [TREESITTER-FULL] [INFO] Extracted 2 symbols from C:\Projects\educatedplanet\admin\src\app\api\users\route.ts
[2025-11-28T04:57:08.415Z] [2025-11-28T04:57:08.416Z] [INDEXING-ORCHESTRATOR] [DEBUG] 🔍 Symbol extraction for C:\Projects\educatedplanet\admin\src\app\api\users\route.ts: 2 symbols, 3 imports
[2025-11-28T04:57:08.415Z] [2025-11-28T04:57:08.416Z] [INDEXING-ORCHESTRATOR] [DEBUG] 📍 Chunk 11-49: 1 candidate symbols
[2025-11-28T04:57:08.415Z] [2025-11-28T04:57:08.416Z] [INDEXING-ORCHESTRATOR] [DEBUG] ✅ Chunk symbols after filtering: 1 symbols - GET
[2025-11-28T04:57:08.415Z] [2025-11-28T04:57:08.416Z] [INDEXING-ORCHESTRATOR] [DEBUG] 📍 Chunk 52-94: 1 candidate symbols
[2025-11-28T04:57:08.415Z] [2025-11-28T04:57:08.416Z] [INDEXING-ORCHESTRATOR] [DEBUG] ✅ Chunk symbols after filtering: 1 symbols - POST
[2025-11-28T04:57:08.415Z] [2025-11-28T04:57:08.416Z] [INDEXING-ORCHESTRATOR] [DEBUG] Created 2 semantic chunks for C:\Projects\educatedplanet\admin\src\app\api\users\route.ts
[2025-11-28T04:57:08.415Z] [2025-11-28T04:57:08.416Z] [INDEXING-ORCHESTRATOR] [DEBUG] Average chunk size: 1421 characters
[2025-11-28T04:57:08.423Z] [2025-11-28T04:57:08.424Z] [TREESITTER-CHUNKER] [INFO] Created 2 semantic chunks from C:\Projects\educatedplanet\admin\src\app\page.tsx
[2025-11-28T04:57:08.446Z] [2025-11-28T04:57:08.447Z] [TREESITTER-FULL] [INFO] Extracted 1 symbols from C:\Projects\educatedplanet\admin\src\app\page.tsx
[2025-11-28T04:57:08.447Z] [2025-11-28T04:57:08.447Z] [INDEXING-ORCHESTRATOR] [DEBUG] 🔍 Symbol extraction for C:\Projects\educatedplanet\admin\src\app\page.tsx: 1 symbols, 16 imports
[2025-11-28T04:57:08.447Z] [2025-11-28T04:57:08.447Z] [INDEXING-ORCHESTRATOR] [DEBUG] 📍 Chunk 55-63: 0 candidate symbols
[2025-11-28T04:57:08.447Z] [2025-11-28T04:57:08.447Z] [INDEXING-ORCHESTRATOR] [DEBUG] ✅ Chunk symbols after filtering: 0 symbols - 
[2025-11-28T04:57:08.447Z] [2025-11-28T04:57:08.447Z] [INDEXING-ORCHESTRATOR] [DEBUG] 📍 Chunk 64-104: 0 candidate symbols
[2025-11-28T04:57:08.447Z] [2025-11-28T04:57:08.447Z] [INDEXING-ORCHESTRATOR] [DEBUG] ✅ Chunk symbols after filtering: 0 symbols - 
[2025-11-28T04:57:08.447Z] [2025-11-28T04:57:08.447Z] [INDEXING-ORCHESTRATOR] [DEBUG] Created 2 semantic chunks for C:\Projects\educatedplanet\admin\src\app\page.tsx
[2025-11-28T04:57:08.447Z] [2025-11-28T04:57:08.447Z] [INDEXING-ORCHESTRATOR] [DEBUG] Average chunk size: 1099 characters
[2025-11-28T04:57:08.455Z] [2025-11-28T04:57:08.456Z] [TREESITTER-CHUNKER] [INFO] Created 2 semantic chunks from C:\Projects\educatedplanet\admin\src\components\data-table\data-table-column-header.tsx
[2025-11-28T04:57:08.465Z] [2025-11-28T04:57:08.466Z] [TREESITTER-FULL] [INFO] Extracted 2 symbols from C:\Projects\educatedplanet\admin\src\components\data-table\data-table-column-header.tsx
[2025-11-28T04:57:08.465Z] [2025-11-28T04:57:08.466Z] [INDEXING-ORCHESTRATOR] [DEBUG] 🔍 Symbol extraction for C:\Projects\educatedplanet\admin\src\components\data-table\data-table-column-header.tsx: 2 symbols, 5 imports
[2025-11-28T04:57:08.465Z] [2025-11-28T04:57:08.466Z] [INDEXING-ORCHESTRATOR] [DEBUG] 📍 Chunk 14-28: 2 candidate symbols
[2025-11-28T04:57:08.465Z] [2025-11-28T04:57:08.466Z] [INDEXING-ORCHESTRATOR] [DEBUG] ✅ Chunk symbols after filtering: 2 symbols - DataTableColumnHeaderProps, getSortIcon
[2025-11-28T04:57:08.465Z] [2025-11-28T04:57:08.466Z] [INDEXING-ORCHESTRATOR] [DEBUG] 📍 Chunk 29-70: 0 candidate symbols
[2025-11-28T04:57:08.465Z] [2025-11-28T04:57:08.466Z] [INDEXING-ORCHESTRATOR] [DEBUG] ✅ Chunk symbols after filtering: 0 symbols - 
[2025-11-28T04:57:08.465Z] [2025-11-28T04:57:08.466Z] [INDEXING-ORCHESTRATOR] [DEBUG] Created 2 semantic chunks for C:\Projects\educatedplanet\admin\src\components\data-table\data-table-column-header.tsx
[2025-11-28T04:57:08.465Z] [2025-11-28T04:57:08.466Z] [INDEXING-ORCHESTRATOR] [DEBUG] Average chunk size: 934 characters
[2025-11-28T04:57:08.476Z] [2025-11-28T04:57:08.477Z] [TREESITTER-CHUNKER] [INFO] Created 2 semantic chunks from C:\Projects\educatedplanet\admin\src\components\data-table\data-table-pagination.tsx
[2025-11-28T04:57:08.495Z] [2025-11-28T04:57:08.495Z] [TREESITTER-FULL] [INFO] Extracted 1 symbols from C:\Projects\educatedplanet\admin\src\components\data-table\data-table-pagination.tsx
[2025-11-28T04:57:08.495Z] [2025-11-28T04:57:08.495Z] [INDEXING-ORCHESTRATOR] [DEBUG] 🔍 Symbol extraction for C:\Projects\educatedplanet\admin\src\components\data-table\data-table-pagination.tsx: 1 symbols, 5 imports
[2025-11-28T04:57:08.495Z] [2025-11-28T04:57:08.495Z] [INDEXING-ORCHESTRATOR] [DEBUG] 📍 Chunk 8-10: 1 candidate symbols
[2025-11-28T04:57:08.495Z] [2025-11-28T04:57:08.496Z] [INDEXING-ORCHESTRATOR] [DEBUG] ✅ Chunk symbols after filtering: 1 symbols - DataTablePaginationProps
[2025-11-28T04:57:08.495Z] [2025-11-28T04:57:08.496Z] [INDEXING-ORCHESTRATOR] [DEBUG] 📍 Chunk 11-89: 0 candidate symbols
[2025-11-28T04:57:08.495Z] [2025-11-28T04:57:08.496Z] [INDEXING-ORCHESTRATOR] [DEBUG] ✅ Chunk symbols after filtering: 0 symbols - 
[2025-11-28T04:57:08.495Z] [2025-11-28T04:57:08.496Z] [INDEXING-ORCHESTRATOR] [DEBUG] Created 2 semantic chunks for C:\Projects\educatedplanet\admin\src\components\data-table\data-table-pagination.tsx
[2025-11-28T04:57:08.495Z] [2025-11-28T04:57:08.496Z] [INDEXING-ORCHESTRATOR] [DEBUG] Average chunk size: 1533 characters
[2025-11-28T04:57:08.498Z] [2025-11-28T04:57:08.499Z] [TREESITTER-CHUNKER] [INFO] Created 2 semantic chunks from C:\Projects\educatedplanet\admin\src\components\data-table\data-table-view-options.tsx
[2025-11-28T04:57:08.503Z] [2025-11-28T04:57:08.504Z] [TREESITTER-FULL] [INFO] Extracted 1 symbols from C:\Projects\educatedplanet\admin\src\components\data-table\data-table-view-options.tsx
[2025-11-28T04:57:08.503Z] [2025-11-28T04:57:08.504Z] [INDEXING-ORCHESTRATOR] [DEBUG] 🔍 Symbol extraction for C:\Projects\educatedplanet\admin\src\components\data-table\data-table-view-options.tsx: 1 symbols, 4 imports
[2025-11-28T04:57:08.504Z] [2025-11-28T04:57:08.504Z] [INDEXING-ORCHESTRATOR] [DEBUG] 📍 Chunk 16-18: 1 candidate symbols
[2025-11-28T04:57:08.504Z] [2025-11-28T04:57:08.504Z] [INDEXING-ORCHESTRATOR] [DEBUG] ✅ Chunk symbols after filtering: 1 symbols - DataTableViewOptionsProps
[2025-11-28T04:57:08.504Z] [2025-11-28T04:57:08.504Z] [INDEXING-ORCHESTRATOR] [DEBUG] 📍 Chunk 19-51: 0 candidate symbols
[2025-11-28T04:57:08.504Z] [2025-11-28T04:57:08.504Z] [INDEXING-ORCHESTRATOR] [DEBUG] ✅ Chunk symbols after filtering: 0 symbols - 
[2025-11-28T04:57:08.504Z] [2025-11-28T04:57:08.504Z] [INDEXING-ORCHESTRATOR] [DEBUG] Created 2 semantic chunks for C:\Projects\educatedplanet\admin\src\components\data-table\data-table-view-options.tsx
[2025-11-28T04:57:08.504Z] [2025-11-28T04:57:08.504Z] [INDEXING-ORCHESTRATOR] [DEBUG] Average chunk size: 590 characters
[2025-11-28T04:57:08.504Z] [2025-11-28T04:57:08.505Z] [INDEXING-ORCHESTRATOR] [DEBUG] 📊 Processed: 100/324 files
[2025-11-28T04:57:08.867Z] [2025-11-28T04:57:08.515Z] [TREESITTER-CHUNKER] [INFO] Created 3 semantic chunks from C:\Projects\educatedplanet\admin\src\components\data-table\data-table.tsx
[2025-11-28T04:57:08.867Z] [2025-11-28T04:57:08.534Z] [TREESITTER-FULL] [INFO] Extracted 5 symbols from C:\Projects\educatedplanet\admin\src\components\data-table\data-table.tsx
[2025-11-28T04:57:08.867Z] [2025-11-28T04:57:08.534Z] [INDEXING-ORCHESTRATOR] [DEBUG] 🔍 Symbol extraction for C:\Projects\educatedplanet\admin\src\components\data-table\data-table.tsx: 5 symbols, 7 imports
[2025-11-28T04:57:08.867Z] [2025-11-28T04:57:08.534Z] [INDEXING-ORCHESTRATOR] [DEBUG] 📍 Chunk 22-27: 1 candidate symbols
[2025-11-28T04:57:08.867Z] [2025-11-28T04:57:08.534Z] [INDEXING-ORCHESTRATOR] [DEBUG] ✅ Chunk symbols after filtering: 1 symbols - DataTableProps
[2025-11-28T04:57:08.867Z] [2025-11-28T04:57:08.534Z] [INDEXING-ORCHESTRATOR] [DEBUG] 📍 Chunk 77-87: 1 candidate symbols
[2025-11-28T04:57:08.867Z] [2025-11-28T04:57:08.534Z] [INDEXING-ORCHESTRATOR] [DEBUG] ✅ Chunk symbols after filtering: 1 symbols - handleDragEnd
[2025-11-28T04:57:08.867Z] [2025-11-28T04:57:08.534Z] [INDEXING-ORCHESTRATOR] [DEBUG] 📍 Chunk 88-126: 0 candidate symbols
[2025-11-28T04:57:08.867Z] [2025-11-28T04:57:08.534Z] [INDEXING-ORCHESTRATOR] [DEBUG] ✅ Chunk symbols after filtering: 0 symbols - 
[2025-11-28T04:57:08.867Z] [2025-11-28T04:57:08.534Z] [INDEXING-ORCHESTRATOR] [DEBUG] Created 3 semantic chunks for C:\Projects\educatedplanet\admin\src\components\data-table\data-table.tsx
[2025-11-28T04:57:08.867Z] [2025-11-28T04:57:08.534Z] [INDEXING-ORCHESTRATOR] [DEBUG] Average chunk size: 565 characters
[2025-11-28T04:57:08.867Z] [2025-11-28T04:57:08.536Z] [TREESITTER-CHUNKER] [INFO] Created 1 semantic chunks from C:\Projects\educatedplanet\admin\src\components\data-table\draggable-row.tsx
[2025-11-28T04:57:08.867Z] [2025-11-28T04:57:08.540Z] [TREESITTER-FULL] [INFO] Extracted 0 symbols from C:\Projects\educatedplanet\admin\src\components\data-table\draggable-row.tsx
[2025-11-28T04:57:08.867Z] [2025-11-28T04:57:08.540Z] [INDEXING-ORCHESTRATOR] [DEBUG] 🔍 Symbol extraction for C:\Projects\educatedplanet\admin\src\components\data-table\draggable-row.tsx: 0 symbols, 4 imports
[2025-11-28T04:57:08.867Z] [2025-11-28T04:57:08.540Z] [INDEXING-ORCHESTRATOR] [DEBUG] 📍 Chunk 1-28: 0 candidate symbols
[2025-11-28T04:57:08.867Z] [2025-11-28T04:57:08.540Z] [INDEXING-ORCHESTRATOR] [DEBUG] ✅ Chunk symbols after filtering: 0 symbols - 
[2025-11-28T04:57:08.867Z] [2025-11-28T04:57:08.540Z] [INDEXING-ORCHESTRATOR] [DEBUG] Created 1 semantic chunks for C:\Projects\educatedplanet\admin\src\components\data-table\draggable-row.tsx
[2025-11-28T04:57:08.867Z] [2025-11-28T04:57:08.540Z] [INDEXING-ORCHESTRATOR] [DEBUG] Average chunk size: 951 characters
[2025-11-28T04:57:08.867Z] [2025-11-28T04:57:08.542Z] [TREESITTER-CHUNKER] [INFO] Created 2 semantic chunks from C:\Projects\educatedplanet\admin\src\components\data-table\drag-column.tsx
[2025-11-28T04:57:08.867Z] [2025-11-28T04:57:08.549Z] [TREESITTER-FULL] [INFO] Extracted 2 symbols from C:\Projects\educatedplanet\admin\src\components\data-table\drag-column.tsx
[2025-11-28T04:57:08.867Z] [2025-11-28T04:57:08.550Z] [INDEXING-ORCHESTRATOR] [DEBUG] 🔍 Symbol extraction for C:\Projects\educatedplanet\admin\src\components\data-table\drag-column.tsx: 2 symbols, 4 imports
[2025-11-28T04:57:08.867Z] [2025-11-28T04:57:08.550Z] [INDEXING-ORCHESTRATOR] [DEBUG] 📍 Chunk 7-24: 1 candidate symbols
[2025-11-28T04:57:08.867Z] [2025-11-28T04:57:08.550Z] [INDEXING-ORCHESTRATOR] [DEBUG] ✅ Chunk symbols after filtering: 1 symbols - DragHandle
[2025-11-28T04:57:08.867Z] [2025-11-28T04:57:08.550Z] [INDEXING-ORCHESTRATOR] [DEBUG] 📍 Chunk 25-33: 1 candidate symbols
[2025-11-28T04:57:08.867Z] [2025-11-28T04:57:08.550Z] [INDEXING-ORCHESTRATOR] [DEBUG] ✅ Chunk symbols after filtering: 1 symbols - dragColumn
[2025-11-28T04:57:08.867Z] [2025-11-28T04:57:08.550Z] [INDEXING-ORCHESTRATOR] [DEBUG] Created 2 semantic chunks for C:\Projects\educatedplanet\admin\src\components\data-table\drag-column.tsx
[2025-11-28T04:57:08.867Z] [2025-11-28T04:57:08.550Z] [INDEXING-ORCHESTRATOR] [DEBUG] Average chunk size: 320 characters
[2025-11-28T04:57:08.867Z] [2025-11-28T04:57:08.570Z] [TREESITTER-CHUNKER] [INFO] Created 2 semantic chunks from C:\Projects\educatedplanet\admin\src\components\forms\ExperienceEntry.tsx
[2025-11-28T04:57:08.867Z] [2025-11-28T04:57:08.623Z] [TREESITTER-FULL] [INFO] Extracted 9 symbols from C:\Projects\educatedplanet\admin\src\components\forms\ExperienceEntry.tsx
[2025-11-28T04:57:08.867Z] [2025-11-28T04:57:08.623Z] [INDEXING-ORCHESTRATOR] [DEBUG] 🔍 Symbol extraction for C:\Projects\educatedplanet\admin\src\components\forms\ExperienceEntry.tsx: 9 symbols, 15 imports
[2025-11-28T04:57:08.867Z] [2025-11-28T04:57:08.623Z] [INDEXING-ORCHESTRATOR] [DEBUG] 📍 Chunk 19-25: 1 candidate symbols
[2025-11-28T04:57:08.867Z] [2025-11-28T04:57:08.623Z] [INDEXING-ORCHESTRATOR] [DEBUG] ✅ Chunk symbols after filtering: 1 symbols - ExperienceEntryProps
[2025-11-28T04:57:08.867Z] [2025-11-28T04:57:08.623Z] [INDEXING-ORCHESTRATOR] [DEBUG] 📍 Chunk 26-287: 8 candidate symbols
[2025-11-28T04:57:08.867Z] [2025-11-28T04:57:08.623Z] [INDEXING-ORCHESTRATOR] [DEBUG] ✅ Chunk symbols after filtering: 8 symbols - form, isPresent, fromDateValue, toDateValue, formatDate, handleFromDateSelect, handleToDateSelect, handleIsPresentChange
[2025-11-28T04:57:08.867Z] [2025-11-28T04:57:08.623Z] [INDEXING-ORCHESTRATOR] [DEBUG] Created 2 semantic chunks for C:\Projects\educatedplanet\admin\src\components\forms\ExperienceEntry.tsx
[2025-11-28T04:57:08.867Z] [2025-11-28T04:57:08.623Z] [INDEXING-ORCHESTRATOR] [DEBUG] Average chunk size: 4774 characters
[2025-11-28T04:57:08.867Z] [2025-11-28T04:57:08.624Z] [TREESITTER-CHUNKER] [INFO] Created 1 semantic chunks from C:\Projects\educatedplanet\admin\src\components\data-table\table-utils.ts
[2025-11-28T04:57:08.867Z] [2025-11-28T04:57:08.626Z] [TREESITTER-FULL] [INFO] Extracted 1 symbols from C:\Projects\educatedplanet\admin\src\components\data-table\table-utils.ts
[2025-11-28T04:57:08.867Z] [2025-11-28T04:57:08.626Z] [INDEXING-ORCHESTRATOR] [DEBUG] 🔍 Symbol extraction for C:\Projects\educatedplanet\admin\src\components\data-table\table-utils.ts: 1 symbols, 2 imports
[2025-11-28T04:57:08.867Z] [2025-11-28T04:57:08.626Z] [INDEXING-ORCHESTRATOR] [DEBUG] 📍 Chunk 5-7: 1 candidate symbols
[2025-11-28T04:57:08.867Z] [2025-11-28T04:57:08.626Z] [INDEXING-ORCHESTRATOR] [DEBUG] ✅ Chunk symbols after filtering: 1 symbols - withDndColumn
[2025-11-28T04:57:08.867Z] [2025-11-28T04:57:08.626Z] [INDEXING-ORCHESTRATOR] [DEBUG] Created 1 semantic chunks for C:\Projects\educatedplanet\admin\src\components\data-table\table-utils.ts
[2025-11-28T04:57:08.867Z] [2025-11-28T04:57:08.626Z] [INDEXING-ORCHESTRATOR] [DEBUG] Average chunk size: 123 characters
[2025-11-28T04:57:08.867Z] [2025-11-28T04:57:08.653Z] [TREESITTER-CHUNKER] [INFO] Created 2 semantic chunks from C:\Projects\educatedplanet\admin\src\components\forms\ImageUploadModal.tsx
[2025-11-28T04:57:08.867Z] [2025-11-28T04:57:08.727Z] [TREESITTER-FULL] [INFO] Extracted 9 symbols from C:\Projects\educatedplanet\admin\src\components\forms\ImageUploadModal.tsx
[2025-11-28T04:57:08.867Z] [2025-11-28T04:57:08.727Z] [INDEXING-ORCHESTRATOR] [DEBUG] 🔍 Symbol extraction for C:\Projects\educatedplanet\admin\src\components\forms\ImageUploadModal.tsx: 9 symbols, 10 imports
[2025-11-28T04:57:08.867Z] [2025-11-28T04:57:08.727Z] [INDEXING-ORCHESTRATOR] [DEBUG] 📍 Chunk 19-24: 1 candidate symbols
[2025-11-28T04:57:08.867Z] [2025-11-28T04:57:08.727Z] [INDEXING-ORCHESTRATOR] [DEBUG] ✅ Chunk symbols after filtering: 1 symbols - ImageUploadModalProps
[2025-11-28T04:57:08.867Z] [2025-11-28T04:57:08.727Z] [INDEXING-ORCHESTRATOR] [DEBUG] 📍 Chunk 25-273: 8 candidate symbols
[2025-11-28T04:57:08.867Z] [2025-11-28T04:57:08.727Z] [INDEXING-ORCHESTRATOR] [DEBUG] ✅ Chunk symbols after filtering: 8 symbols - fileInputRef, onCropComplete, handleFileSelect, handleFileInput, handleDrag, handleDrop, handleConfirmCrop, triggerFileSelect
[2025-11-28T04:57:08.867Z] [2025-11-28T04:57:08.727Z] [INDEXING-ORCHESTRATOR] [DEBUG] Created 2 semantic chunks for C:\Projects\educatedplanet\admin\src\components\forms\ImageUploadModal.tsx
[2025-11-28T04:57:08.867Z] [2025-11-28T04:57:08.727Z] [INDEXING-ORCHESTRATOR] [DEBUG] Average chunk size: 4109 characters
[2025-11-28T04:57:08.867Z] [2025-11-28T04:57:08.755Z] [TREESITTER-CHUNKER] [INFO] Created 2 semantic chunks from C:\Projects\educatedplanet\admin\src\components\forms\LocationForm.tsx
[2025-11-28T04:57:08.870Z] [2025-11-28T04:57:08.871Z] [TREESITTER-FULL] [INFO] Extracted 6 symbols from C:\Projects\educatedplanet\admin\src\components\forms\LocationForm.tsx
[2025-11-28T04:57:08.870Z] [2025-11-28T04:57:08.871Z] [INDEXING-ORCHESTRATOR] [DEBUG] 🔍 Symbol extraction for C:\Projects\educatedplanet\admin\src\components\forms\LocationForm.tsx: 6 symbols, 12 imports
[2025-11-28T04:57:08.870Z] [2025-11-28T04:57:08.871Z] [INDEXING-ORCHESTRATOR] [DEBUG] 📍 Chunk 15-17: 1 candidate symbols
[2025-11-28T04:57:08.870Z] [2025-11-28T04:57:08.871Z] [INDEXING-ORCHESTRATOR] [DEBUG] ✅ Chunk symbols after filtering: 1 symbols - LocationFormProps
[2025-11-28T04:57:08.870Z] [2025-11-28T04:57:08.871Z] [INDEXING-ORCHESTRATOR] [DEBUG] 📍 Chunk 18-183: 5 candidate symbols
[2025-11-28T04:57:08.870Z] [2025-11-28T04:57:08.871Z] [INDEXING-ORCHESTRATOR] [DEBUG] ✅ Chunk symbols after filtering: 5 symbols - location, address, availabilityRange, handleAddressChange, handleRangeChange
[2025-11-28T04:57:08.870Z] [2025-11-28T04:57:08.871Z] [INDEXING-ORCHESTRATOR] [DEBUG] Created 2 semantic chunks for C:\Projects\educatedplanet\admin\src\components\forms\LocationForm.tsx
[2025-11-28T04:57:08.870Z] [2025-11-28T04:57:08.871Z] [INDEXING-ORCHESTRATOR] [DEBUG] Average chunk size: 3160 characters
[2025-11-28T04:57:08.886Z] [2025-11-28T04:57:08.887Z] [TREESITTER-CHUNKER] [INFO] Created 2 semantic chunks from C:\Projects\educatedplanet\admin\src\components\forms\LocationSearch.tsx
[2025-11-28T04:57:08.940Z] [2025-11-28T04:57:08.941Z] [TREESITTER-FULL] [INFO] Extracted 6 symbols from C:\Projects\educatedplanet\admin\src\components\forms\LocationSearch.tsx
[2025-11-28T04:57:08.940Z] [2025-11-28T04:57:08.941Z] [INDEXING-ORCHESTRATOR] [DEBUG] 🔍 Symbol extraction for C:\Projects\educatedplanet\admin\src\components\forms\LocationSearch.tsx: 6 symbols, 10 imports
[2025-11-28T04:57:08.940Z] [2025-11-28T04:57:08.941Z] [INDEXING-ORCHESTRATOR] [DEBUG] 📍 Chunk 17-23: 1 candidate symbols
[2025-11-28T04:57:08.940Z] [2025-11-28T04:57:08.941Z] [INDEXING-ORCHESTRATOR] [DEBUG] ✅ Chunk symbols after filtering: 1 symbols - LocationSearchProps
[2025-11-28T04:57:08.940Z] [2025-11-28T04:57:08.941Z] [INDEXING-ORCHESTRATOR] [DEBUG] 📍 Chunk 24-274: 5 candidate symbols
[2025-11-28T04:57:08.940Z] [2025-11-28T04:57:08.941Z] [INDEXING-ORCHESTRATOR] [DEBUG] ✅ Chunk symbols after filtering: 5 symbols - inputRef, handleInputChange, handleSuggestionSelect, handleClear, handleKeyDown
[2025-11-28T04:57:08.940Z] [2025-11-28T04:57:08.941Z] [INDEXING-ORCHESTRATOR] [DEBUG] Created 2 semantic chunks for C:\Projects\educatedplanet\admin\src\components\forms\LocationSearch.tsx
[2025-11-28T04:57:08.940Z] [2025-11-28T04:57:08.941Z] [INDEXING-ORCHESTRATOR] [DEBUG] Average chunk size: 4035 characters
[2025-11-28T04:57:08.976Z] [2025-11-28T04:57:08.977Z] [TREESITTER-CHUNKER] [INFO] Created 2 semantic chunks from C:\Projects\educatedplanet\admin\src\components\forms\MapSelector.tsx
[2025-11-28T04:57:09.054Z] [2025-11-28T04:57:09.055Z] [TREESITTER-FULL] [INFO] Extracted 6 symbols from C:\Projects\educatedplanet\admin\src\components\forms\MapSelector.tsx
[2025-11-28T04:57:09.054Z] [2025-11-28T04:57:09.055Z] [INDEXING-ORCHESTRATOR] [DEBUG] 🔍 Symbol extraction for C:\Projects\educatedplanet\admin\src\components\forms\MapSelector.tsx: 6 symbols, 9 imports
[2025-11-28T04:57:09.054Z] [2025-11-28T04:57:09.055Z] [INDEXING-ORCHESTRATOR] [DEBUG] 📍 Chunk 13-18: 1 candidate symbols
[2025-11-28T04:57:09.054Z] [2025-11-28T04:57:09.055Z] [INDEXING-ORCHESTRATOR] [DEBUG] ✅ Chunk symbols after filtering: 1 symbols - MapSelectorProps
[2025-11-28T04:57:09.055Z] [2025-11-28T04:57:09.055Z] [INDEXING-ORCHESTRATOR] [DEBUG] 📍 Chunk 19-350: 5 candidate symbols
[2025-11-28T04:57:09.055Z] [2025-11-28T04:57:09.055Z] [INDEXING-ORCHESTRATOR] [DEBUG] ✅ Chunk symbols after filtering: 5 symbols - mapRef, markerRef, handleMapLoad, handleCurrentLocation, handleLocationSelect
[2025-11-28T04:57:09.055Z] [2025-11-28T04:57:09.055Z] [INDEXING-ORCHESTRATOR] [DEBUG] Created 2 semantic chunks for C:\Projects\educatedplanet\admin\src\components\forms\MapSelector.tsx
[2025-11-28T04:57:09.055Z] [2025-11-28T04:57:09.055Z] [INDEXING-ORCHESTRATOR] [DEBUG] Average chunk size: 5192 characters
[2025-11-28T04:57:09.080Z] [2025-11-28T04:57:09.081Z] [TREESITTER-CHUNKER] [INFO] Created 2 semantic chunks from C:\Projects\educatedplanet\admin\src\components\forms\SubjectSection.tsx
[2025-11-28T04:57:09.146Z] [2025-11-28T04:57:09.147Z] [TREESITTER-FULL] [INFO] Extracted 7 symbols from C:\Projects\educatedplanet\admin\src\components\forms\SubjectSection.tsx
[2025-11-28T04:57:09.146Z] [2025-11-28T04:57:09.147Z] [INDEXING-ORCHESTRATOR] [DEBUG] 🔍 Symbol extraction for C:\Projects\educatedplanet\admin\src\components\forms\SubjectSection.tsx: 7 symbols, 13 imports
[2025-11-28T04:57:09.147Z] [2025-11-28T04:57:09.147Z] [INDEXING-ORCHESTRATOR] [DEBUG] 📍 Chunk 33-43: 1 candidate symbols
[2025-11-28T04:57:09.147Z] [2025-11-28T04:57:09.147Z] [INDEXING-ORCHESTRATOR] [DEBUG] ✅ Chunk symbols after filtering: 1 symbols - SubjectSectionProps
[2025-11-28T04:57:09.147Z] [2025-11-28T04:57:09.147Z] [INDEXING-ORCHESTRATOR] [DEBUG] 📍 Chunk 44-320: 6 candidate symbols
[2025-11-28T04:57:09.147Z] [2025-11-28T04:57:09.147Z] [INDEXING-ORCHESTRATOR] [DEBUG] ✅ Chunk symbols after filtering: 6 symbols - filteredSubjects, selectedSubject, handleSubjectSelect, handleClassToggle, handleAcademicToggle, removeClass
[2025-11-28T04:57:09.147Z] [2025-11-28T04:57:09.147Z] [INDEXING-ORCHESTRATOR] [DEBUG] Created 2 semantic chunks for C:\Projects\educatedplanet\admin\src\components\forms\SubjectSection.tsx
[2025-11-28T04:57:09.147Z] [2025-11-28T04:57:09.147Z] [INDEXING-ORCHESTRATOR] [DEBUG] Average chunk size: 4920 characters
[2025-11-28T04:57:09.147Z] [2025-11-28T04:57:09.148Z] [INDEXING-ORCHESTRATOR] [DEBUG] 📊 Processed: 110/324 files
[2025-11-28T04:57:09.172Z] [2025-11-28T04:57:09.173Z] [TREESITTER-CHUNKER] [INFO] Created 2 semantic chunks from C:\Projects\educatedplanet\admin\src\components\forms\TravelRadius.tsx
[2025-11-28T04:57:09.220Z] [2025-11-28T04:57:09.221Z] [TREESITTER-FULL] [INFO] Extracted 6 symbols from C:\Projects\educatedplanet\admin\src\components\forms\TravelRadius.tsx
[2025-11-28T04:57:09.220Z] [2025-11-28T04:57:09.221Z] [INDEXING-ORCHESTRATOR] [DEBUG] 🔍 Symbol extraction for C:\Projects\educatedplanet\admin\src\components\forms\TravelRadius.tsx: 6 symbols, 7 imports
[2025-11-28T04:57:09.220Z] [2025-11-28T04:57:09.221Z] [INDEXING-ORCHESTRATOR] [DEBUG] 📍 Chunk 17-25: 1 candidate symbols
[2025-11-28T04:57:09.220Z] [2025-11-28T04:57:09.221Z] [INDEXING-ORCHESTRATOR] [DEBUG] ✅ Chunk symbols after filtering: 1 symbols - TravelRadiusProps
[2025-11-28T04:57:09.220Z] [2025-11-28T04:57:09.221Z] [INDEXING-ORCHESTRATOR] [DEBUG] 📍 Chunk 26-174: 5 candidate symbols
[2025-11-28T04:57:09.220Z] [2025-11-28T04:57:09.221Z] [INDEXING-ORCHESTRATOR] [DEBUG] ✅ Chunk symbols after filtering: 5 symbols - PRESET_VALUES, handlePresetClick, handleUnitChange, handleCustomValueChange, formatValue
[2025-11-28T04:57:09.220Z] [2025-11-28T04:57:09.221Z] [INDEXING-ORCHESTRATOR] [DEBUG] Created 2 semantic chunks for C:\Projects\educatedplanet\admin\src\components\forms\TravelRadius.tsx
[2025-11-28T04:57:09.220Z] [2025-11-28T04:57:09.221Z] [INDEXING-ORCHESTRATOR] [DEBUG] Average chunk size: 2490 characters
[2025-11-28T04:57:09.240Z] [2025-11-28T04:57:09.240Z] [TREESITTER-CHUNKER] [INFO] Created 2 semantic chunks from C:\Projects\educatedplanet\admin\src\components\forms\TutorPhotoUpload.tsx
[2025-11-28T04:57:09.289Z] [2025-11-28T04:57:09.290Z] [TREESITTER-FULL] [INFO] Extracted 5 symbols from C:\Projects\educatedplanet\admin\src\components\forms\TutorPhotoUpload.tsx
[2025-11-28T04:57:09.289Z] [2025-11-28T04:57:09.290Z] [INDEXING-ORCHESTRATOR] [DEBUG] 🔍 Symbol extraction for C:\Projects\educatedplanet\admin\src\components\forms\TutorPhotoUpload.tsx: 5 symbols, 7 imports
[2025-11-28T04:57:09.289Z] [2025-11-28T04:57:09.290Z] [INDEXING-ORCHESTRATOR] [DEBUG] 📍 Chunk 16-21: 1 candidate symbols
[2025-11-28T04:57:09.289Z] [2025-11-28T04:57:09.290Z] [INDEXING-ORCHESTRATOR] [DEBUG] ✅ Chunk symbols after filtering: 1 symbols - TutorPhotoUploadProps
[2025-11-28T04:57:09.290Z] [2025-11-28T04:57:09.290Z] [INDEXING-ORCHESTRATOR] [DEBUG] 📍 Chunk 22-209: 4 candidate symbols
[2025-11-28T04:57:09.290Z] [2025-11-28T04:57:09.290Z] [INDEXING-ORCHESTRATOR] [DEBUG] ✅ Chunk symbols after filtering: 4 symbols - fileInputRef, handleImageSelect, handleRemovePhoto, getInitials
[2025-11-28T04:57:09.290Z] [2025-11-28T04:57:09.290Z] [INDEXING-ORCHESTRATOR] [DEBUG] Created 2 semantic chunks for C:\Projects\educatedplanet\admin\src\components\forms\TutorPhotoUpload.tsx
[2025-11-28T04:57:09.290Z] [2025-11-28T04:57:09.290Z] [INDEXING-ORCHESTRATOR] [DEBUG] Average chunk size: 3171 characters
[2025-11-28T04:57:09.300Z] [2025-11-28T04:57:09.301Z] [TREESITTER-CHUNKER] [INFO] Created 3 semantic chunks from C:\Projects\educatedplanet\admin\src\components\providers\GoogleMapsProvider.tsx
[2025-11-28T04:57:09.336Z] [2025-11-28T04:57:09.336Z] [TREESITTER-FULL] [INFO] Extracted 6 symbols from C:\Projects\educatedplanet\admin\src\components\providers\GoogleMapsProvider.tsx
[2025-11-28T04:57:09.336Z] [2025-11-28T04:57:09.336Z] [INDEXING-ORCHESTRATOR] [DEBUG] 🔍 Symbol extraction for C:\Projects\educatedplanet\admin\src\components\providers\GoogleMapsProvider.tsx: 6 symbols, 2 imports
[2025-11-28T04:57:09.336Z] [2025-11-28T04:57:09.336Z] [INDEXING-ORCHESTRATOR] [DEBUG] 📍 Chunk 6-13: 2 candidate symbols
[2025-11-28T04:57:09.336Z] [2025-11-28T04:57:09.336Z] [INDEXING-ORCHESTRATOR] [DEBUG] ✅ Chunk symbols after filtering: 2 symbols - GoogleMapsProviderProps, GoogleMapsContextValue
[2025-11-28T04:57:09.336Z] [2025-11-28T04:57:09.337Z] [INDEXING-ORCHESTRATOR] [DEBUG] 📍 Chunk 20-31: 2 candidate symbols
[2025-11-28T04:57:09.336Z] [2025-11-28T04:57:09.337Z] [INDEXING-ORCHESTRATOR] [DEBUG] ✅ Chunk symbols after filtering: 2 symbols - useGoogleMaps, isPlacesLibraryAvailable
[2025-11-28T04:57:09.336Z] [2025-11-28T04:57:09.337Z] [INDEXING-ORCHESTRATOR] [DEBUG] 📍 Chunk 33-138: 1 candidate symbols
[2025-11-28T04:57:09.336Z] [2025-11-28T04:57:09.337Z] [INDEXING-ORCHESTRATOR] [DEBUG] ✅ Chunk symbols after filtering: 1 symbols - GoogleMapsProvider
[2025-11-28T04:57:09.336Z] [2025-11-28T04:57:09.337Z] [INDEXING-ORCHESTRATOR] [DEBUG] Created 3 semantic chunks for C:\Projects\educatedplanet\admin\src\components\providers\GoogleMapsProvider.tsx
[2025-11-28T04:57:09.336Z] [2025-11-28T04:57:09.337Z] [INDEXING-ORCHESTRATOR] [DEBUG] Average chunk size: 1282 characters
[2025-11-28T04:57:09.338Z] [2025-11-28T04:57:09.339Z] [TREESITTER-CHUNKER] [INFO] Created 1 semantic chunks from C:\Projects\educatedplanet\admin\src\components\providers\providers-wrapper.tsx
[2025-11-28T04:57:09.339Z] [2025-11-28T04:57:09.340Z] [TREESITTER-FULL] [INFO] Extracted 2 symbols from C:\Projects\educatedplanet\admin\src\components\providers\providers-wrapper.tsx
[2025-11-28T04:57:09.339Z] [2025-11-28T04:57:09.340Z] [INDEXING-ORCHESTRATOR] [DEBUG] 🔍 Symbol extraction for C:\Projects\educatedplanet\admin\src\components\providers\providers-wrapper.tsx: 2 symbols, 2 imports
[2025-11-28T04:57:09.339Z] [2025-11-28T04:57:09.340Z] [INDEXING-ORCHESTRATOR] [DEBUG] 📍 Chunk 6-16: 2 candidate symbols
[2025-11-28T04:57:09.339Z] [2025-11-28T04:57:09.340Z] [INDEXING-ORCHESTRATOR] [DEBUG] ✅ Chunk symbols after filtering: 2 symbols - ProvidersWrapperProps, ProvidersWrapper
[2025-11-28T04:57:09.339Z] [2025-11-28T04:57:09.340Z] [INDEXING-ORCHESTRATOR] [DEBUG] Created 1 semantic chunks for C:\Projects\educatedplanet\admin\src\components\providers\providers-wrapper.tsx
[2025-11-28T04:57:09.339Z] [2025-11-28T04:57:09.340Z] [INDEXING-ORCHESTRATOR] [DEBUG] Average chunk size: 209 characters
[2025-11-28T04:57:09.351Z] [2025-11-28T04:57:09.351Z] [TREESITTER-CHUNKER] [INFO] Created 2 semantic chunks from C:\Projects\educatedplanet\admin\src\components\providers\global-loading-provider.tsx
[2025-11-28T04:57:09.368Z] [2025-11-28T04:57:09.368Z] [TREESITTER-FULL] [INFO] Extracted 5 symbols from C:\Projects\educatedplanet\admin\src\components\providers\global-loading-provider.tsx
[2025-11-28T04:57:09.368Z] [2025-11-28T04:57:09.368Z] [INDEXING-ORCHESTRATOR] [DEBUG] 🔍 Symbol extraction for C:\Projects\educatedplanet\admin\src\components\providers\global-loading-provider.tsx: 5 symbols, 4 imports
[2025-11-28T04:57:09.368Z] [2025-11-28T04:57:09.368Z] [INDEXING-ORCHESTRATOR] [DEBUG] 📍 Chunk 8-26: 4 candidate symbols
[2025-11-28T04:57:09.368Z] [2025-11-28T04:57:09.368Z] [INDEXING-ORCHESTRATOR] [DEBUG] ✅ Chunk symbols after filtering: 4 symbols - LoadingContextType, LoadingContext, useLoading, LoadingProviderProps
[2025-11-28T04:57:09.368Z] [2025-11-28T04:57:09.368Z] [INDEXING-ORCHESTRATOR] [DEBUG] 📍 Chunk 28-151: 1 candidate symbols
[2025-11-28T04:57:09.368Z] [2025-11-28T04:57:09.368Z] [INDEXING-ORCHESTRATOR] [DEBUG] ✅ Chunk symbols after filtering: 1 symbols - LoadingProvider
[2025-11-28T04:57:09.368Z] [2025-11-28T04:57:09.368Z] [INDEXING-ORCHESTRATOR] [DEBUG] Created 2 semantic chunks for C:\Projects\educatedplanet\admin\src\components\providers\global-loading-provider.tsx
[2025-11-28T04:57:09.368Z] [2025-11-28T04:57:09.368Z] [INDEXING-ORCHESTRATOR] [DEBUG] Average chunk size: 1915 characters
[2025-11-28T04:57:09.369Z] [2025-11-28T04:57:09.370Z] [TREESITTER-CHUNKER] [INFO] Created 1 semantic chunks from C:\Projects\educatedplanet\admin\src\components\providers\query-client-provider.tsx
[2025-11-28T04:57:09.371Z] [2025-11-28T04:57:09.372Z] [TREESITTER-FULL] [INFO] Extracted 2 symbols from C:\Projects\educatedplanet\admin\src\components\providers\query-client-provider.tsx
[2025-11-28T04:57:09.371Z] [2025-11-28T04:57:09.372Z] [INDEXING-ORCHESTRATOR] [DEBUG] 🔍 Symbol extraction for C:\Projects\educatedplanet\admin\src\components\providers\query-client-provider.tsx: 2 symbols, 2 imports
[2025-11-28T04:57:09.372Z] [2025-11-28T04:57:09.372Z] [INDEXING-ORCHESTRATOR] [DEBUG] 📍 Chunk 6-28: 2 candidate symbols
[2025-11-28T04:57:09.372Z] [2025-11-28T04:57:09.372Z] [INDEXING-ORCHESTRATOR] [DEBUG] ✅ Chunk symbols after filtering: 2 symbols - QueryClientProviderProps, CustomQueryClientProvider
[2025-11-28T04:57:09.372Z] [2025-11-28T04:57:09.372Z] [INDEXING-ORCHESTRATOR] [DEBUG] Created 1 semantic chunks for C:\Projects\educatedplanet\admin\src\components\providers\query-client-provider.tsx
[2025-11-28T04:57:09.372Z] [2025-11-28T04:57:09.372Z] [INDEXING-ORCHESTRATOR] [DEBUG] Average chunk size: 482 characters
[2025-11-28T04:57:09.374Z] [2025-11-28T04:57:09.375Z] [TREESITTER-CHUNKER] [INFO] Created 1 semantic chunks from C:\Projects\educatedplanet\admin\src\components\simple-icon.tsx
[2025-11-28T04:57:09.382Z] [2025-11-28T04:57:09.382Z] [TREESITTER-FULL] [INFO] Extracted 2 symbols from C:\Projects\educatedplanet\admin\src\components\simple-icon.tsx
[2025-11-28T04:57:09.382Z] [2025-11-28T04:57:09.382Z] [INDEXING-ORCHESTRATOR] [DEBUG] 🔍 Symbol extraction for C:\Projects\educatedplanet\admin\src\components\simple-icon.tsx: 2 symbols, 3 imports
[2025-11-28T04:57:09.382Z] [2025-11-28T04:57:09.383Z] [INDEXING-ORCHESTRATOR] [DEBUG] 📍 Chunk 9-30: 2 candidate symbols
[2025-11-28T04:57:09.382Z] [2025-11-28T04:57:09.383Z] [INDEXING-ORCHESTRATOR] [DEBUG] ✅ Chunk symbols after filtering: 2 symbols - SimpleIconProps, SimpleIcon
[2025-11-28T04:57:09.382Z] [2025-11-28T04:57:09.383Z] [INDEXING-ORCHESTRATOR] [DEBUG] Created 1 semantic chunks for C:\Projects\educatedplanet\admin\src\components\simple-icon.tsx
[2025-11-28T04:57:09.382Z] [2025-11-28T04:57:09.383Z] [INDEXING-ORCHESTRATOR] [DEBUG] Average chunk size: 506 characters
[2025-11-28T04:57:09.395Z] [2025-11-28T04:57:09.396Z] [TREESITTER-CHUNKER] [INFO] Created 2 semantic chunks from C:\Projects\educatedplanet\admin\src\components\ui\accordion.tsx
[2025-11-28T04:57:09.402Z] [2025-11-28T04:57:09.403Z] [TREESITTER-FULL] [INFO] Extracted 2 symbols from C:\Projects\educatedplanet\admin\src\components\ui\accordion.tsx
[2025-11-28T04:57:09.402Z] [2025-11-28T04:57:09.403Z] [INDEXING-ORCHESTRATOR] [DEBUG] 🔍 Symbol extraction for C:\Projects\educatedplanet\admin\src\components\ui\accordion.tsx: 2 symbols, 4 imports
[2025-11-28T04:57:09.402Z] [2025-11-28T04:57:09.403Z] [INDEXING-ORCHESTRATOR] [DEBUG] 📍 Chunk 15-48: 2 candidate symbols
[2025-11-28T04:57:09.402Z] [2025-11-28T04:57:09.403Z] [INDEXING-ORCHESTRATOR] [DEBUG] ✅ Chunk symbols after filtering: 2 symbols - AccordionItem, AccordionTrigger
[2025-11-28T04:57:09.402Z] [2025-11-28T04:57:09.403Z] [INDEXING-ORCHESTRATOR] [DEBUG] 📍 Chunk 49-67: 0 candidate symbols
[2025-11-28T04:57:09.402Z] [2025-11-28T04:57:09.403Z] [INDEXING-ORCHESTRATOR] [DEBUG] ✅ Chunk symbols after filtering: 0 symbols - 
[2025-11-28T04:57:09.402Z] [2025-11-28T04:57:09.403Z] [INDEXING-ORCHESTRATOR] [DEBUG] Created 2 semantic chunks for C:\Projects\educatedplanet\admin\src\components\ui\accordion.tsx
[2025-11-28T04:57:09.402Z] [2025-11-28T04:57:09.403Z] [INDEXING-ORCHESTRATOR] [DEBUG] Average chunk size: 872 characters
[2025-11-28T04:57:09.414Z] [2025-11-28T04:57:09.415Z] [TREESITTER-CHUNKER] [INFO] Created 4 semantic chunks from C:\Projects\educatedplanet\admin\src\components\ui\alert-dialog.tsx
[2025-11-28T04:57:09.439Z] [2025-11-28T04:57:09.440Z] [TREESITTER-FULL] [INFO] Extracted 2 symbols from C:\Projects\educatedplanet\admin\src\components\ui\alert-dialog.tsx
[2025-11-28T04:57:09.439Z] [2025-11-28T04:57:09.440Z] [INDEXING-ORCHESTRATOR] [DEBUG] 🔍 Symbol extraction for C:\Projects\educatedplanet\admin\src\components\ui\alert-dialog.tsx: 2 symbols, 4 imports
[2025-11-28T04:57:09.440Z] [2025-11-28T04:57:09.440Z] [INDEXING-ORCHESTRATOR] [DEBUG] 📍 Chunk 15-29: 2 candidate symbols
[2025-11-28T04:57:09.440Z] [2025-11-28T04:57:09.440Z] [INDEXING-ORCHESTRATOR] [DEBUG] ✅ Chunk symbols after filtering: 2 symbols - AlertDialogTrigger, AlertDialogPortal
[2025-11-28T04:57:09.440Z] [2025-11-28T04:57:09.440Z] [INDEXING-ORCHESTRATOR] [DEBUG] 📍 Chunk 73-74: 0 candidate symbols
[2025-11-28T04:57:09.440Z] [2025-11-28T04:57:09.440Z] [INDEXING-ORCHESTRATOR] [DEBUG] ✅ Chunk symbols after filtering: 0 symbols - 
[2025-11-28T04:57:09.440Z] [2025-11-28T04:57:09.440Z] [INDEXING-ORCHESTRATOR] [DEBUG] 📍 Chunk 86-90: 0 candidate symbols
[2025-11-28T04:57:09.440Z] [2025-11-28T04:57:09.440Z] [INDEXING-ORCHESTRATOR] [DEBUG] ✅ Chunk symbols after filtering: 0 symbols - 
[2025-11-28T04:57:09.440Z] [2025-11-28T04:57:09.440Z] [INDEXING-ORCHESTRATOR] [DEBUG] 📍 Chunk 91-158: 0 candidate symbols
[2025-11-28T04:57:09.440Z] [2025-11-28T04:57:09.440Z] [INDEXING-ORCHESTRATOR] [DEBUG] ✅ Chunk symbols after filtering: 0 symbols - 
[2025-11-28T04:57:09.440Z] [2025-11-28T04:57:09.440Z] [INDEXING-ORCHESTRATOR] [DEBUG] Created 4 semantic chunks for C:\Projects\educatedplanet\admin\src\components\ui\alert-dialog.tsx
[2025-11-28T04:57:09.440Z] [2025-11-28T04:57:09.440Z] [INDEXING-ORCHESTRATOR] [DEBUG] Average chunk size: 508 characters
[2025-11-28T04:57:09.449Z] [2025-11-28T04:57:09.450Z] [TREESITTER-CHUNKER] [INFO] Created 4 semantic chunks from C:\Projects\educatedplanet\admin\src\components\ui\alert.tsx
[2025-11-28T04:57:09.461Z] [2025-11-28T04:57:09.461Z] [TREESITTER-FULL] [INFO] Extracted 1 symbols from C:\Projects\educatedplanet\admin\src\components\ui\alert.tsx
[2025-11-28T04:57:09.461Z] [2025-11-28T04:57:09.461Z] [INDEXING-ORCHESTRATOR] [DEBUG] 🔍 Symbol extraction for C:\Projects\educatedplanet\admin\src\components\ui\alert.tsx: 1 symbols, 3 imports
[2025-11-28T04:57:09.461Z] [2025-11-28T04:57:09.461Z] [INDEXING-ORCHESTRATOR] [DEBUG] 📍 Chunk 31-32: 0 candidate symbols
[2025-11-28T04:57:09.461Z] [2025-11-28T04:57:09.461Z] [INDEXING-ORCHESTRATOR] [DEBUG] ✅ Chunk symbols after filtering: 0 symbols - 
[2025-11-28T04:57:09.461Z] [2025-11-28T04:57:09.461Z] [INDEXING-ORCHESTRATOR] [DEBUG] 📍 Chunk 41-45: 0 candidate symbols
[2025-11-28T04:57:09.461Z] [2025-11-28T04:57:09.461Z] [INDEXING-ORCHESTRATOR] [DEBUG] ✅ Chunk symbols after filtering: 0 symbols - 
[2025-11-28T04:57:09.461Z] [2025-11-28T04:57:09.461Z] [INDEXING-ORCHESTRATOR] [DEBUG] 📍 Chunk 57-61: 0 candidate symbols
[2025-11-28T04:57:09.461Z] [2025-11-28T04:57:09.462Z] [INDEXING-ORCHESTRATOR] [DEBUG] ✅ Chunk symbols after filtering: 0 symbols - 
[2025-11-28T04:57:09.461Z] [2025-11-28T04:57:09.462Z] [INDEXING-ORCHESTRATOR] [DEBUG] 📍 Chunk 62-67: 0 candidate symbols
[2025-11-28T04:57:09.461Z] [2025-11-28T04:57:09.462Z] [INDEXING-ORCHESTRATOR] [DEBUG] ✅ Chunk symbols after filtering: 0 symbols - 
[2025-11-28T04:57:09.461Z] [2025-11-28T04:57:09.462Z] [INDEXING-ORCHESTRATOR] [DEBUG] Created 4 semantic chunks for C:\Projects\educatedplanet\admin\src\components\ui\alert.tsx
[2025-11-28T04:57:09.461Z] [2025-11-28T04:57:09.462Z] [INDEXING-ORCHESTRATOR] [DEBUG] Average chunk size: 100 characters
[2025-11-28T04:57:09.461Z] [2025-11-28T04:57:09.462Z] [INDEXING-ORCHESTRATOR] [DEBUG] 📊 Processed: 120/324 files
[2025-11-28T04:57:09.469Z] [2025-11-28T04:57:09.469Z] [TREESITTER-CHUNKER] [INFO] Created 1 semantic chunks from C:\Projects\educatedplanet\admin\src\components\ui\aspect-ratio.tsx
[2025-11-28T04:57:09.470Z] [2025-11-28T04:57:09.471Z] [TREESITTER-FULL] [INFO] Extracted 0 symbols from C:\Projects\educatedplanet\admin\src\components\ui\aspect-ratio.tsx
[2025-11-28T04:57:09.470Z] [2025-11-28T04:57:09.471Z] [INDEXING-ORCHESTRATOR] [DEBUG] 🔍 Symbol extraction for C:\Projects\educatedplanet\admin\src\components\ui\aspect-ratio.tsx: 0 symbols, 1 imports
[2025-11-28T04:57:09.470Z] [2025-11-28T04:57:09.471Z] [INDEXING-ORCHESTRATOR] [DEBUG] 📍 Chunk 1-12: 0 candidate symbols
[2025-11-28T04:57:09.470Z] [2025-11-28T04:57:09.471Z] [INDEXING-ORCHESTRATOR] [DEBUG] ✅ Chunk symbols after filtering: 0 symbols - 
[2025-11-28T04:57:09.470Z] [2025-11-28T04:57:09.471Z] [INDEXING-ORCHESTRATOR] [DEBUG] Created 1 semantic chunks for C:\Projects\educatedplanet\admin\src\components\ui\aspect-ratio.tsx
[2025-11-28T04:57:09.470Z] [2025-11-28T04:57:09.471Z] [INDEXING-ORCHESTRATOR] [DEBUG] Average chunk size: 283 characters
[2025-11-28T04:57:09.473Z] [2025-11-28T04:57:09.474Z] [TREESITTER-CHUNKER] [INFO] Created 2 semantic chunks from C:\Projects\educatedplanet\admin\src\components\ui\badge.tsx
[2025-11-28T04:57:09.482Z] [2025-11-28T04:57:09.483Z] [TREESITTER-FULL] [INFO] Extracted 2 symbols from C:\Projects\educatedplanet\admin\src\components\ui\badge.tsx
[2025-11-28T04:57:09.482Z] [2025-11-28T04:57:09.483Z] [INDEXING-ORCHESTRATOR] [DEBUG] 🔍 Symbol extraction for C:\Projects\educatedplanet\admin\src\components\ui\badge.tsx: 2 symbols, 4 imports
[2025-11-28T04:57:09.483Z] [2025-11-28T04:57:09.483Z] [INDEXING-ORCHESTRATOR] [DEBUG] 📍 Chunk 28-41: 0 candidate symbols
[2025-11-28T04:57:09.483Z] [2025-11-28T04:57:09.483Z] [INDEXING-ORCHESTRATOR] [DEBUG] ✅ Chunk symbols after filtering: 0 symbols - 
[2025-11-28T04:57:09.483Z] [2025-11-28T04:57:09.483Z] [INDEXING-ORCHESTRATOR] [DEBUG] 📍 Chunk 42-47: 0 candidate symbols
[2025-11-28T04:57:09.483Z] [2025-11-28T04:57:09.483Z] [INDEXING-ORCHESTRATOR] [DEBUG] ✅ Chunk symbols after filtering: 0 symbols - 
[2025-11-28T04:57:09.483Z] [2025-11-28T04:57:09.483Z] [INDEXING-ORCHESTRATOR] [DEBUG] Created 2 semantic chunks for C:\Projects\educatedplanet\admin\src\components\ui\badge.tsx
[2025-11-28T04:57:09.483Z] [2025-11-28T04:57:09.483Z] [INDEXING-ORCHESTRATOR] [DEBUG] Average chunk size: 201 characters
[2025-11-28T04:57:09.488Z] [2025-11-28T04:57:09.488Z] [TREESITTER-CHUNKER] [INFO] Created 1 semantic chunks from C:\Projects\educatedplanet\admin\src\components\ui\avatar.tsx
[2025-11-28T04:57:09.495Z] [2025-11-28T04:57:09.495Z] [TREESITTER-FULL] [INFO] Extracted 0 symbols from C:\Projects\educatedplanet\admin\src\components\ui\avatar.tsx
[2025-11-28T04:57:09.495Z] [2025-11-28T04:57:09.495Z] [INDEXING-ORCHESTRATOR] [DEBUG] 🔍 Symbol extraction for C:\Projects\educatedplanet\admin\src\components\ui\avatar.tsx: 0 symbols, 3 imports
[2025-11-28T04:57:09.495Z] [2025-11-28T04:57:09.496Z] [INDEXING-ORCHESTRATOR] [DEBUG] 📍 Chunk 1-54: 0 candidate symbols
[2025-11-28T04:57:09.495Z] [2025-11-28T04:57:09.496Z] [INDEXING-ORCHESTRATOR] [DEBUG] ✅ Chunk symbols after filtering: 0 symbols - 
[2025-11-28T04:57:09.495Z] [2025-11-28T04:57:09.496Z] [INDEXING-ORCHESTRATOR] [DEBUG] Created 1 semantic chunks for C:\Projects\educatedplanet\admin\src\components\ui\avatar.tsx
[2025-11-28T04:57:09.495Z] [2025-11-28T04:57:09.496Z] [INDEXING-ORCHESTRATOR] [DEBUG] Average chunk size: 1143 characters
[2025-11-28T04:57:09.501Z] [2025-11-28T04:57:09.502Z] [TREESITTER-CHUNKER] [INFO] Created 2 semantic chunks from C:\Projects\educatedplanet\admin\src\components\ui\button-group.tsx
[2025-11-28T04:57:09.516Z] [2025-11-28T04:57:09.517Z] [TREESITTER-FULL] [INFO] Extracted 1 symbols from C:\Projects\educatedplanet\admin\src\components\ui\button-group.tsx
[2025-11-28T04:57:09.516Z] [2025-11-28T04:57:09.517Z] [INDEXING-ORCHESTRATOR] [DEBUG] 🔍 Symbol extraction for C:\Projects\educatedplanet\admin\src\components\ui\button-group.tsx: 1 symbols, 4 imports
[2025-11-28T04:57:09.516Z] [2025-11-28T04:57:09.517Z] [INDEXING-ORCHESTRATOR] [DEBUG] 📍 Chunk 69-73: 0 candidate symbols
[2025-11-28T04:57:09.516Z] [2025-11-28T04:57:09.517Z] [INDEXING-ORCHESTRATOR] [DEBUG] ✅ Chunk symbols after filtering: 0 symbols - 
[2025-11-28T04:57:09.516Z] [2025-11-28T04:57:09.517Z] [INDEXING-ORCHESTRATOR] [DEBUG] 📍 Chunk 74-84: 0 candidate symbols
[2025-11-28T04:57:09.516Z] [2025-11-28T04:57:09.517Z] [INDEXING-ORCHESTRATOR] [DEBUG] ✅ Chunk symbols after filtering: 0 symbols - 
[2025-11-28T04:57:09.516Z] [2025-11-28T04:57:09.517Z] [INDEXING-ORCHESTRATOR] [DEBUG] Created 2 semantic chunks for C:\Projects\educatedplanet\admin\src\components\ui\button-group.tsx
[2025-11-28T04:57:09.516Z] [2025-11-28T04:57:09.517Z] [INDEXING-ORCHESTRATOR] [DEBUG] Average chunk size: 122 characters
[2025-11-28T04:57:09.529Z] [2025-11-28T04:57:09.530Z] [TREESITTER-CHUNKER] [INFO] Created 7 semantic chunks from C:\Projects\educatedplanet\admin\src\components\ui\breadcrumb.tsx
[2025-11-28T04:57:09.560Z] [2025-11-28T04:57:09.561Z] [TREESITTER-FULL] [INFO] Extracted 1 symbols from C:\Projects\educatedplanet\admin\src\components\ui\breadcrumb.tsx
[2025-11-28T04:57:09.560Z] [2025-11-28T04:57:09.561Z] [INDEXING-ORCHESTRATOR] [DEBUG] 🔍 Symbol extraction for C:\Projects\educatedplanet\admin\src\components\ui\breadcrumb.tsx: 1 symbols, 4 imports
[2025-11-28T04:57:09.560Z] [2025-11-28T04:57:09.561Z] [INDEXING-ORCHESTRATOR] [DEBUG] 📍 Chunk 7-9: 1 candidate symbols
[2025-11-28T04:57:09.560Z] [2025-11-28T04:57:09.561Z] [INDEXING-ORCHESTRATOR] [DEBUG] ✅ Chunk symbols after filtering: 1 symbols - Breadcrumb
[2025-11-28T04:57:09.560Z] [2025-11-28T04:57:09.561Z] [INDEXING-ORCHESTRATOR] [DEBUG] 📍 Chunk 15-19: 0 candidate symbols
[2025-11-28T04:57:09.560Z] [2025-11-28T04:57:09.561Z] [INDEXING-ORCHESTRATOR] [DEBUG] ✅ Chunk symbols after filtering: 0 symbols - 
[2025-11-28T04:57:09.560Z] [2025-11-28T04:57:09.561Z] [INDEXING-ORCHESTRATOR] [DEBUG] 📍 Chunk 28-29: 0 candidate symbols
[2025-11-28T04:57:09.560Z] [2025-11-28T04:57:09.561Z] [INDEXING-ORCHESTRATOR] [DEBUG] ✅ Chunk symbols after filtering: 0 symbols - 
[2025-11-28T04:57:09.560Z] [2025-11-28T04:57:09.561Z] [INDEXING-ORCHESTRATOR] [DEBUG] 📍 Chunk 46-47: 0 candidate symbols
[2025-11-28T04:57:09.560Z] [2025-11-28T04:57:09.561Z] [INDEXING-ORCHESTRATOR] [DEBUG] ✅ Chunk symbols after filtering: 0 symbols - 
[2025-11-28T04:57:09.560Z] [2025-11-28T04:57:09.561Z] [INDEXING-ORCHESTRATOR] [DEBUG] 📍 Chunk 59-60: 0 candidate symbols
[2025-11-28T04:57:09.560Z] [2025-11-28T04:57:09.561Z] [INDEXING-ORCHESTRATOR] [DEBUG] ✅ Chunk symbols after filtering: 0 symbols - 
[2025-11-28T04:57:09.560Z] [2025-11-28T04:57:09.561Z] [INDEXING-ORCHESTRATOR] [DEBUG] 📍 Chunk 75-93: 0 candidate symbols
[2025-11-28T04:57:09.560Z] [2025-11-28T04:57:09.561Z] [INDEXING-ORCHESTRATOR] [DEBUG] ✅ Chunk symbols after filtering: 0 symbols - 
[2025-11-28T04:57:09.560Z] [2025-11-28T04:57:09.561Z] [INDEXING-ORCHESTRATOR] [DEBUG] 📍 Chunk 94-110: 0 candidate symbols
[2025-11-28T04:57:09.560Z] [2025-11-28T04:57:09.561Z] [INDEXING-ORCHESTRATOR] [DEBUG] ✅ Chunk symbols after filtering: 0 symbols - 
[2025-11-28T04:57:09.560Z] [2025-11-28T04:57:09.561Z] [INDEXING-ORCHESTRATOR] [DEBUG] Created 7 semantic chunks for C:\Projects\educatedplanet\admin\src\components\ui\breadcrumb.tsx
[2025-11-28T04:57:09.560Z] [2025-11-28T04:57:09.561Z] [INDEXING-ORCHESTRATOR] [DEBUG] Average chunk size: 169 characters
[2025-11-28T04:57:09.566Z] [2025-11-28T04:57:09.567Z] [TREESITTER-CHUNKER] [INFO] Created 1 semantic chunks from C:\Projects\educatedplanet\admin\src\components\ui\button.tsx
[2025-11-28T04:57:09.576Z] [2025-11-28T04:57:09.577Z] [TREESITTER-FULL] [INFO] Extracted 1 symbols from C:\Projects\educatedplanet\admin\src\components\ui\button.tsx
[2025-11-28T04:57:09.576Z] [2025-11-28T04:57:09.577Z] [INDEXING-ORCHESTRATOR] [DEBUG] 🔍 Symbol extraction for C:\Projects\educatedplanet\admin\src\components\ui\button.tsx: 1 symbols, 4 imports
[2025-11-28T04:57:09.576Z] [2025-11-28T04:57:09.577Z] [INDEXING-ORCHESTRATOR] [DEBUG] 📍 Chunk 54-60: 0 candidate symbols
[2025-11-28T04:57:09.576Z] [2025-11-28T04:57:09.577Z] [INDEXING-ORCHESTRATOR] [DEBUG] ✅ Chunk symbols after filtering: 0 symbols - 
[2025-11-28T04:57:09.576Z] [2025-11-28T04:57:09.577Z] [INDEXING-ORCHESTRATOR] [DEBUG] Created 1 semantic chunks for C:\Projects\educatedplanet\admin\src\components\ui\button.tsx
[2025-11-28T04:57:09.576Z] [2025-11-28T04:57:09.577Z] [INDEXING-ORCHESTRATOR] [DEBUG] Average chunk size: 120 characters
[2025-11-28T04:57:09.586Z] [2025-11-28T04:57:09.587Z] [TREESITTER-CHUNKER] [INFO] Created 8 semantic chunks from C:\Projects\educatedplanet\admin\src\components\ui\card.tsx
[2025-11-28T04:57:09.611Z] [2025-11-28T04:57:09.612Z] [TREESITTER-FULL] [INFO] Extracted 0 symbols from C:\Projects\educatedplanet\admin\src\components\ui\card.tsx
[2025-11-28T04:57:09.611Z] [2025-11-28T04:57:09.612Z] [INDEXING-ORCHESTRATOR] [DEBUG] 🔍 Symbol extraction for C:\Projects\educatedplanet\admin\src\components\ui\card.tsx: 0 symbols, 2 imports
[2025-11-28T04:57:09.611Z] [2025-11-28T04:57:09.612Z] [INDEXING-ORCHESTRATOR] [DEBUG] 📍 Chunk 9-13: 0 candidate symbols
[2025-11-28T04:57:09.611Z] [2025-11-28T04:57:09.612Z] [INDEXING-ORCHESTRATOR] [DEBUG] ✅ Chunk symbols after filtering: 0 symbols - 
[2025-11-28T04:57:09.611Z] [2025-11-28T04:57:09.612Z] [INDEXING-ORCHESTRATOR] [DEBUG] 📍 Chunk 22-26: 0 candidate symbols
[2025-11-28T04:57:09.611Z] [2025-11-28T04:57:09.612Z] [INDEXING-ORCHESTRATOR] [DEBUG] ✅ Chunk symbols after filtering: 0 symbols - 
[2025-11-28T04:57:09.611Z] [2025-11-28T04:57:09.612Z] [INDEXING-ORCHESTRATOR] [DEBUG] 📍 Chunk 35-36: 0 candidate symbols
[2025-11-28T04:57:09.611Z] [2025-11-28T04:57:09.612Z] [INDEXING-ORCHESTRATOR] [DEBUG] ✅ Chunk symbols after filtering: 0 symbols - 
[2025-11-28T04:57:09.611Z] [2025-11-28T04:57:09.612Z] [INDEXING-ORCHESTRATOR] [DEBUG] 📍 Chunk 45-46: 0 candidate symbols
[2025-11-28T04:57:09.611Z] [2025-11-28T04:57:09.612Z] [INDEXING-ORCHESTRATOR] [DEBUG] ✅ Chunk symbols after filtering: 0 symbols - 
[2025-11-28T04:57:09.611Z] [2025-11-28T04:57:09.612Z] [INDEXING-ORCHESTRATOR] [DEBUG] 📍 Chunk 55-59: 0 candidate symbols
[2025-11-28T04:57:09.611Z] [2025-11-28T04:57:09.612Z] [INDEXING-ORCHESTRATOR] [DEBUG] ✅ Chunk symbols after filtering: 0 symbols - 
[2025-11-28T04:57:09.611Z] [2025-11-28T04:57:09.612Z] [INDEXING-ORCHESTRATOR] [DEBUG] 📍 Chunk 68-69: 0 candidate symbols
[2025-11-28T04:57:09.612Z] [2025-11-28T04:57:09.612Z] [INDEXING-ORCHESTRATOR] [DEBUG] ✅ Chunk symbols after filtering: 0 symbols - 
[2025-11-28T04:57:09.612Z] [2025-11-28T04:57:09.612Z] [INDEXING-ORCHESTRATOR] [DEBUG] 📍 Chunk 78-79: 0 candidate symbols
[2025-11-28T04:57:09.612Z] [2025-11-28T04:57:09.612Z] [INDEXING-ORCHESTRATOR] [DEBUG] ✅ Chunk symbols after filtering: 0 symbols - 
[2025-11-28T04:57:09.612Z] [2025-11-28T04:57:09.612Z] [INDEXING-ORCHESTRATOR] [DEBUG] 📍 Chunk 80-93: 0 candidate symbols
[2025-11-28T04:57:09.612Z] [2025-11-28T04:57:09.612Z] [INDEXING-ORCHESTRATOR] [DEBUG] ✅ Chunk symbols after filtering: 0 symbols - 
[2025-11-28T04:57:09.612Z] [2025-11-28T04:57:09.612Z] [INDEXING-ORCHESTRATOR] [DEBUG] Created 8 semantic chunks for C:\Projects\educatedplanet\admin\src\components\ui\card.tsx
[2025-11-28T04:57:09.612Z] [2025-11-28T04:57:09.612Z] [INDEXING-ORCHESTRATOR] [DEBUG] Average chunk size: 107 characters
[2025-11-28T04:57:09.634Z] [2025-11-28T04:57:09.634Z] [TREESITTER-CHUNKER] [INFO] Created 6 semantic chunks from C:\Projects\educatedplanet\admin\src\components\ui\calendar.tsx
[2025-11-28T04:57:09.680Z] [2025-11-28T04:57:09.681Z] [TREESITTER-FULL] [INFO] Extracted 1 symbols from C:\Projects\educatedplanet\admin\src\components\ui\calendar.tsx
[2025-11-28T04:57:09.680Z] [2025-11-28T04:57:09.681Z] [INDEXING-ORCHESTRATOR] [DEBUG] 🔍 Symbol extraction for C:\Projects\educatedplanet\admin\src\components\ui\calendar.tsx: 1 symbols, 5 imports
[2025-11-28T04:57:09.681Z] [2025-11-28T04:57:09.681Z] [INDEXING-ORCHESTRATOR] [DEBUG] 📍 Chunk 31-37: 0 candidate symbols
[2025-11-28T04:57:09.681Z] [2025-11-28T04:57:09.681Z] [INDEXING-ORCHESTRATOR] [DEBUG] ✅ Chunk symbols after filtering: 0 symbols - 
[2025-11-28T04:57:09.681Z] [2025-11-28T04:57:09.681Z] [INDEXING-ORCHESTRATOR] [DEBUG] 📍 Chunk 136-137: 0 candidate symbols
[2025-11-28T04:57:09.681Z] [2025-11-28T04:57:09.681Z] [INDEXING-ORCHESTRATOR] [DEBUG] ✅ Chunk symbols after filtering: 0 symbols - 
[2025-11-28T04:57:09.681Z] [2025-11-28T04:57:09.681Z] [INDEXING-ORCHESTRATOR] [DEBUG] 📍 Chunk 142-146: 0 candidate symbols
[2025-11-28T04:57:09.681Z] [2025-11-28T04:57:09.681Z] [INDEXING-ORCHESTRATOR] [DEBUG] ✅ Chunk symbols after filtering: 0 symbols - 
[2025-11-28T04:57:09.681Z] [2025-11-28T04:57:09.681Z] [INDEXING-ORCHESTRATOR] [DEBUG] 📍 Chunk 151-152: 0 candidate symbols
[2025-11-28T04:57:09.681Z] [2025-11-28T04:57:09.681Z] [INDEXING-ORCHESTRATOR] [DEBUG] ✅ Chunk symbols after filtering: 0 symbols - 
[2025-11-28T04:57:09.681Z] [2025-11-28T04:57:09.681Z] [INDEXING-ORCHESTRATOR] [DEBUG] 📍 Chunk 206-211: 0 candidate symbols
[2025-11-28T04:57:09.681Z] [2025-11-28T04:57:09.681Z] [INDEXING-ORCHESTRATOR] [DEBUG] ✅ Chunk symbols after filtering: 0 symbols - 
[2025-11-28T04:57:09.681Z] [2025-11-28T04:57:09.681Z] [INDEXING-ORCHESTRATOR] [DEBUG] 📍 Chunk 212-217: 0 candidate symbols
[2025-11-28T04:57:09.681Z] [2025-11-28T04:57:09.681Z] [INDEXING-ORCHESTRATOR] [DEBUG] ✅ Chunk symbols after filtering: 0 symbols - 
[2025-11-28T04:57:09.681Z] [2025-11-28T04:57:09.681Z] [INDEXING-ORCHESTRATOR] [DEBUG] Created 6 semantic chunks for C:\Projects\educatedplanet\admin\src\components\ui\calendar.tsx
[2025-11-28T04:57:09.681Z] [2025-11-28T04:57:09.682Z] [INDEXING-ORCHESTRATOR] [DEBUG] Average chunk size: 274 characters
[2025-11-28T04:57:09.702Z] [2025-11-28T04:57:09.703Z] [TREESITTER-CHUNKER] [INFO] Created 6 semantic chunks from C:\Projects\educatedplanet\admin\src\components\ui\carousel.tsx
[2025-11-28T04:57:09.760Z] [2025-11-28T04:57:09.760Z] [TREESITTER-FULL] [INFO] Extracted 9 symbols from C:\Projects\educatedplanet\admin\src\components\ui\carousel.tsx
[2025-11-28T04:57:09.760Z] [2025-11-28T04:57:09.760Z] [INDEXING-ORCHESTRATOR] [DEBUG] 🔍 Symbol extraction for C:\Projects\educatedplanet\admin\src\components\ui\carousel.tsx: 9 symbols, 5 imports
[2025-11-28T04:57:09.760Z] [2025-11-28T04:57:09.760Z] [INDEXING-ORCHESTRATOR] [DEBUG] 📍 Chunk 12-43: 8 candidate symbols
[2025-11-28T04:57:09.760Z] [2025-11-28T04:57:09.761Z] [INDEXING-ORCHESTRATOR] [DEBUG] ✅ Chunk symbols after filtering: 8 symbols - CarouselApi, UseCarouselParameters, CarouselOptions, CarouselPlugin, CarouselProps, CarouselContextProps, CarouselContext, useCarousel
[2025-11-28T04:57:09.760Z] [2025-11-28T04:57:09.761Z] [INDEXING-ORCHESTRATOR] [DEBUG] 📍 Chunk 45-123: 1 candidate symbols
[2025-11-28T04:57:09.760Z] [2025-11-28T04:57:09.761Z] [INDEXING-ORCHESTRATOR] [DEBUG] ✅ Chunk symbols after filtering: 1 symbols - Carousel
[2025-11-28T04:57:09.760Z] [2025-11-28T04:57:09.761Z] [INDEXING-ORCHESTRATOR] [DEBUG] 📍 Chunk 145-150: 0 candidate symbols
[2025-11-28T04:57:09.760Z] [2025-11-28T04:57:09.761Z] [INDEXING-ORCHESTRATOR] [DEBUG] ✅ Chunk symbols after filtering: 0 symbols - 
[2025-11-28T04:57:09.760Z] [2025-11-28T04:57:09.761Z] [INDEXING-ORCHESTRATOR] [DEBUG] 📍 Chunk 187-194: 0 candidate symbols
[2025-11-28T04:57:09.760Z] [2025-11-28T04:57:09.761Z] [INDEXING-ORCHESTRATOR] [DEBUG] ✅ Chunk symbols after filtering: 0 symbols - 
[2025-11-28T04:57:09.760Z] [2025-11-28T04:57:09.761Z] [INDEXING-ORCHESTRATOR] [DEBUG] 📍 Chunk 217-224: 0 candidate symbols
[2025-11-28T04:57:09.760Z] [2025-11-28T04:57:09.761Z] [INDEXING-ORCHESTRATOR] [DEBUG] ✅ Chunk symbols after filtering: 0 symbols - 
[2025-11-28T04:57:09.760Z] [2025-11-28T04:57:09.761Z] [INDEXING-ORCHESTRATOR] [DEBUG] 📍 Chunk 225-242: 0 candidate symbols
[2025-11-28T04:57:09.760Z] [2025-11-28T04:57:09.761Z] [INDEXING-ORCHESTRATOR] [DEBUG] ✅ Chunk symbols after filtering: 0 symbols - 
[2025-11-28T04:57:09.760Z] [2025-11-28T04:57:09.761Z] [INDEXING-ORCHESTRATOR] [DEBUG] Created 6 semantic chunks for C:\Projects\educatedplanet\admin\src\components\ui\carousel.tsx
[2025-11-28T04:57:09.760Z] [2025-11-28T04:57:09.761Z] [INDEXING-ORCHESTRATOR] [DEBUG] Average chunk size: 623 characters
[2025-11-28T04:57:09.783Z] [2025-11-28T04:57:09.783Z] [TREESITTER-CHUNKER] [INFO] Created 3 semantic chunks from C:\Projects\educatedplanet\admin\src\components\ui\chart.tsx
[2025-11-28T04:57:09.849Z] [2025-11-28T04:57:09.849Z] [TREESITTER-FULL] [INFO] Extracted 9 symbols from C:\Projects\educatedplanet\admin\src\components\ui\chart.tsx
[2025-11-28T04:57:09.849Z] [2025-11-28T04:57:09.849Z] [INDEXING-ORCHESTRATOR] [DEBUG] 🔍 Symbol extraction for C:\Projects\educatedplanet\admin\src\components\ui\chart.tsx: 9 symbols, 3 imports
[2025-11-28T04:57:09.849Z] [2025-11-28T04:57:09.849Z] [INDEXING-ORCHESTRATOR] [DEBUG] 📍 Chunk 11-35: 4 candidate symbols
[2025-11-28T04:57:09.849Z] [2025-11-28T04:57:09.849Z] [INDEXING-ORCHESTRATOR] [DEBUG] ✅ Chunk symbols after filtering: 4 symbols - ChartConfig, ChartContextProps, ChartContext, useChart
[2025-11-28T04:57:09.849Z] [2025-11-28T04:57:09.850Z] [INDEXING-ORCHESTRATOR] [DEBUG] 📍 Chunk 37-61: 0 candidate symbols
[2025-11-28T04:57:09.849Z] [2025-11-28T04:57:09.850Z] [INDEXING-ORCHESTRATOR] [DEBUG] ✅ Chunk symbols after filtering: 0 symbols - 
[2025-11-28T04:57:09.849Z] [2025-11-28T04:57:09.850Z] [INDEXING-ORCHESTRATOR] [DEBUG] 📍 Chunk 62-358: 4 candidate symbols
[2025-11-28T04:57:09.849Z] [2025-11-28T04:57:09.850Z] [INDEXING-ORCHESTRATOR] [DEBUG] ✅ Chunk symbols after filtering: 4 symbols - colorConfig, itemConfig, itemConfig, itemConfig
[2025-11-28T04:57:09.849Z] [2025-11-28T04:57:09.850Z] [INDEXING-ORCHESTRATOR] [DEBUG] Created 3 semantic chunks for C:\Projects\educatedplanet\admin\src\components\ui\chart.tsx
[2025-11-28T04:57:09.849Z] [2025-11-28T04:57:09.850Z] [INDEXING-ORCHESTRATOR] [DEBUG] Average chunk size: 3392 characters
[2025-11-28T04:57:09.849Z] [2025-11-28T04:57:09.850Z] [INDEXING-ORCHESTRATOR] [DEBUG] 📊 Processed: 130/324 files
[2025-11-28T04:57:09.860Z] [2025-11-28T04:57:09.861Z] [TREESITTER-CHUNKER] [INFO] Created 1 semantic chunks from C:\Projects\educatedplanet\admin\src\components\ui\checkbox.tsx
[2025-11-28T04:57:09.866Z] [2025-11-28T04:57:09.867Z] [TREESITTER-FULL] [INFO] Extracted 1 symbols from C:\Projects\educatedplanet\admin\src\components\ui\checkbox.tsx
[2025-11-28T04:57:09.866Z] [2025-11-28T04:57:09.867Z] [INDEXING-ORCHESTRATOR] [DEBUG] 🔍 Symbol extraction for C:\Projects\educatedplanet\admin\src\components\ui\checkbox.tsx: 1 symbols, 4 imports
[2025-11-28T04:57:09.867Z] [2025-11-28T04:57:09.867Z] [INDEXING-ORCHESTRATOR] [DEBUG] 📍 Chunk 9-30: 1 candidate symbols
[2025-11-28T04:57:09.867Z] [2025-11-28T04:57:09.867Z] [INDEXING-ORCHESTRATOR] [DEBUG] ✅ Chunk symbols after filtering: 1 symbols - Checkbox
[2025-11-28T04:57:09.867Z] [2025-11-28T04:57:09.867Z] [INDEXING-ORCHESTRATOR] [DEBUG] Created 1 semantic chunks for C:\Projects\educatedplanet\admin\src\components\ui\checkbox.tsx
[2025-11-28T04:57:09.867Z] [2025-11-28T04:57:09.867Z] [INDEXING-ORCHESTRATOR] [DEBUG] Average chunk size: 1035 characters
[2025-11-28T04:57:09.868Z] [2025-11-28T04:57:09.869Z] [TREESITTER-CHUNKER] [INFO] Created 1 semantic chunks from C:\Projects\educatedplanet\admin\src\components\ui\client-only.tsx
[2025-11-28T04:57:09.870Z] [2025-11-28T04:57:09.871Z] [TREESITTER-FULL] [INFO] Extracted 2 symbols from C:\Projects\educatedplanet\admin\src\components\ui\client-only.tsx
[2025-11-28T04:57:09.870Z] [2025-11-28T04:57:09.871Z] [INDEXING-ORCHESTRATOR] [DEBUG] 🔍 Symbol extraction for C:\Projects\educatedplanet\admin\src\components\ui\client-only.tsx: 2 symbols, 1 imports
[2025-11-28T04:57:09.870Z] [2025-11-28T04:57:09.871Z] [INDEXING-ORCHESTRATOR] [DEBUG] 📍 Chunk 5-22: 2 candidate symbols
[2025-11-28T04:57:09.870Z] [2025-11-28T04:57:09.871Z] [INDEXING-ORCHESTRATOR] [DEBUG] ✅ Chunk symbols after filtering: 2 symbols - ClientOnlyProps, ClientOnly
[2025-11-28T04:57:09.870Z] [2025-11-28T04:57:09.871Z] [INDEXING-ORCHESTRATOR] [DEBUG] Created 1 semantic chunks for C:\Projects\educatedplanet\admin\src\components\ui\client-only.tsx
[2025-11-28T04:57:09.870Z] [2025-11-28T04:57:09.871Z] [INDEXING-ORCHESTRATOR] [DEBUG] Average chunk size: 399 characters
[2025-11-28T04:57:09.873Z] [2025-11-28T04:57:09.874Z] [TREESITTER-CHUNKER] [INFO] Created 2 semantic chunks from C:\Projects\educatedplanet\admin\src\components\ui\collapsible.tsx
[2025-11-28T04:57:09.878Z] [2025-11-28T04:57:09.879Z] [TREESITTER-FULL] [INFO] Extracted 0 symbols from C:\Projects\educatedplanet\admin\src\components\ui\collapsible.tsx
[2025-11-28T04:57:09.878Z] [2025-11-28T04:57:09.879Z] [INDEXING-ORCHESTRATOR] [DEBUG] 🔍 Symbol extraction for C:\Projects\educatedplanet\admin\src\components\ui\collapsible.tsx: 0 symbols, 1 imports
[2025-11-28T04:57:09.878Z] [2025-11-28T04:57:09.879Z] [INDEXING-ORCHESTRATOR] [DEBUG] 📍 Chunk 11-31: 0 candidate symbols
[2025-11-28T04:57:09.878Z] [2025-11-28T04:57:09.879Z] [INDEXING-ORCHESTRATOR] [DEBUG] ✅ Chunk symbols after filtering: 0 symbols - 
[2025-11-28T04:57:09.878Z] [2025-11-28T04:57:09.879Z] [INDEXING-ORCHESTRATOR] [DEBUG] 📍 Chunk 32-34: 0 candidate symbols
[2025-11-28T04:57:09.878Z] [2025-11-28T04:57:09.879Z] [INDEXING-ORCHESTRATOR] [DEBUG] ✅ Chunk symbols after filtering: 0 symbols - 
[2025-11-28T04:57:09.878Z] [2025-11-28T04:57:09.879Z] [INDEXING-ORCHESTRATOR] [DEBUG] Created 2 semantic chunks for C:\Projects\educatedplanet\admin\src\components\ui\collapsible.tsx
[2025-11-28T04:57:09.878Z] [2025-11-28T04:57:09.879Z] [INDEXING-ORCHESTRATOR] [DEBUG] Average chunk size: 281 characters
[2025-11-28T04:57:09.888Z] [2025-11-28T04:57:09.888Z] [TREESITTER-CHUNKER] [INFO] Created 4 semantic chunks from C:\Projects\educatedplanet\admin\src\components\ui\dialog.tsx
[2025-11-28T04:57:09.912Z] [2025-11-28T04:57:09.913Z] [TREESITTER-FULL] [INFO] Extracted 1 symbols from C:\Projects\educatedplanet\admin\src\components\ui\dialog.tsx
[2025-11-28T04:57:09.912Z] [2025-11-28T04:57:09.913Z] [INDEXING-ORCHESTRATOR] [DEBUG] 🔍 Symbol extraction for C:\Projects\educatedplanet\admin\src\components\ui\dialog.tsx: 1 symbols, 4 imports
[2025-11-28T04:57:09.912Z] [2025-11-28T04:57:09.913Z] [INDEXING-ORCHESTRATOR] [DEBUG] 📍 Chunk 87-88: 0 candidate symbols
[2025-11-28T04:57:09.912Z] [2025-11-28T04:57:09.913Z] [INDEXING-ORCHESTRATOR] [DEBUG] ✅ Chunk symbols after filtering: 0 symbols - 
[2025-11-28T04:57:09.912Z] [2025-11-28T04:57:09.913Z] [INDEXING-ORCHESTRATOR] [DEBUG] 📍 Chunk 97-101: 0 candidate symbols
[2025-11-28T04:57:09.912Z] [2025-11-28T04:57:09.913Z] [INDEXING-ORCHESTRATOR] [DEBUG] ✅ Chunk symbols after filtering: 0 symbols - 
[2025-11-28T04:57:09.912Z] [2025-11-28T04:57:09.913Z] [INDEXING-ORCHESTRATOR] [DEBUG] 📍 Chunk 119-130: 1 candidate symbols
[2025-11-28T04:57:09.912Z] [2025-11-28T04:57:09.913Z] [INDEXING-ORCHESTRATOR] [DEBUG] ✅ Chunk symbols after filtering: 1 symbols - DialogDescription
[2025-11-28T04:57:09.912Z] [2025-11-28T04:57:09.913Z] [INDEXING-ORCHESTRATOR] [DEBUG] 📍 Chunk 131-144: 0 candidate symbols
[2025-11-28T04:57:09.912Z] [2025-11-28T04:57:09.913Z] [INDEXING-ORCHESTRATOR] [DEBUG] ✅ Chunk symbols after filtering: 0 symbols - 
[2025-11-28T04:57:09.912Z] [2025-11-28T04:57:09.913Z] [INDEXING-ORCHESTRATOR] [DEBUG] Created 4 semantic chunks for C:\Projects\educatedplanet\admin\src\components\ui\dialog.tsx
[2025-11-28T04:57:09.912Z] [2025-11-28T04:57:09.913Z] [INDEXING-ORCHESTRATOR] [DEBUG] Average chunk size: 170 characters
[2025-11-28T04:57:09.930Z] [2025-11-28T04:57:09.931Z] [TREESITTER-CHUNKER] [INFO] Created 7 semantic chunks from C:\Projects\educatedplanet\admin\src\components\ui\context-menu.tsx
[2025-11-28T04:57:09.973Z] [2025-11-28T04:57:09.974Z] [TREESITTER-FULL] [INFO] Extracted 5 symbols from C:\Projects\educatedplanet\admin\src\components\ui\context-menu.tsx
[2025-11-28T04:57:09.973Z] [2025-11-28T04:57:09.974Z] [INDEXING-ORCHESTRATOR] [DEBUG] 🔍 Symbol extraction for C:\Projects\educatedplanet\admin\src\components\ui\context-menu.tsx: 5 symbols, 4 imports
[2025-11-28T04:57:09.973Z] [2025-11-28T04:57:09.974Z] [INDEXING-ORCHESTRATOR] [DEBUG] 📍 Chunk 15-37: 3 candidate symbols
[2025-11-28T04:57:09.973Z] [2025-11-28T04:57:09.974Z] [INDEXING-ORCHESTRATOR] [DEBUG] ✅ Chunk symbols after filtering: 3 symbols - ContextMenuTrigger, ContextMenuGroup, ContextMenuPortal
[2025-11-28T04:57:09.973Z] [2025-11-28T04:57:09.974Z] [INDEXING-ORCHESTRATOR] [DEBUG] 📍 Chunk 45-54: 1 candidate symbols
[2025-11-28T04:57:09.973Z] [2025-11-28T04:57:09.974Z] [INDEXING-ORCHESTRATOR] [DEBUG] ✅ Chunk symbols after filtering: 1 symbols - ContextMenuRadioGroup
[2025-11-28T04:57:09.973Z] [2025-11-28T04:57:09.974Z] [INDEXING-ORCHESTRATOR] [DEBUG] 📍 Chunk 87-91: 0 candidate symbols
[2025-11-28T04:57:09.973Z] [2025-11-28T04:57:09.974Z] [INDEXING-ORCHESTRATOR] [DEBUG] ✅ Chunk symbols after filtering: 0 symbols - 
[2025-11-28T04:57:09.973Z] [2025-11-28T04:57:09.974Z] [INDEXING-ORCHESTRATOR] [DEBUG] 📍 Chunk 128-132: 0 candidate symbols
[2025-11-28T04:57:09.973Z] [2025-11-28T04:57:09.974Z] [INDEXING-ORCHESTRATOR] [DEBUG] ✅ Chunk symbols after filtering: 0 symbols - 
[2025-11-28T04:57:09.973Z] [2025-11-28T04:57:09.974Z] [INDEXING-ORCHESTRATOR] [DEBUG] 📍 Chunk 163-185: 1 candidate symbols
[2025-11-28T04:57:09.973Z] [2025-11-28T04:57:09.974Z] [INDEXING-ORCHESTRATOR] [DEBUG] ✅ Chunk symbols after filtering: 1 symbols - ContextMenuRadioItem
[2025-11-28T04:57:09.973Z] [2025-11-28T04:57:09.974Z] [INDEXING-ORCHESTRATOR] [DEBUG] 📍 Chunk 227-231: 0 candidate symbols
[2025-11-28T04:57:09.973Z] [2025-11-28T04:57:09.974Z] [INDEXING-ORCHESTRATOR] [DEBUG] ✅ Chunk symbols after filtering: 0 symbols - 
[2025-11-28T04:57:09.973Z] [2025-11-28T04:57:09.974Z] [INDEXING-ORCHESTRATOR] [DEBUG] 📍 Chunk 232-253: 0 candidate symbols
[2025-11-28T04:57:09.973Z] [2025-11-28T04:57:09.974Z] [INDEXING-ORCHESTRATOR] [DEBUG] ✅ Chunk symbols after filtering: 0 symbols - 
[2025-11-28T04:57:09.973Z] [2025-11-28T04:57:09.974Z] [INDEXING-ORCHESTRATOR] [DEBUG] Created 7 semantic chunks for C:\Projects\educatedplanet\admin\src\components\ui\context-menu.tsx
[2025-11-28T04:57:09.973Z] [2025-11-28T04:57:09.974Z] [INDEXING-ORCHESTRATOR] [DEBUG] Average chunk size: 505 characters
[2025-11-28T04:57:09.986Z] [2025-11-28T04:57:09.986Z] [TREESITTER-CHUNKER] [INFO] Created 4 semantic chunks from C:\Projects\educatedplanet\admin\src\components\ui\drawer.tsx
[2025-11-28T04:57:10.012Z] [2025-11-28T04:57:10.013Z] [TREESITTER-FULL] [INFO] Extracted 1 symbols from C:\Projects\educatedplanet\admin\src\components\ui\drawer.tsx
[2025-11-28T04:57:10.012Z] [2025-11-28T04:57:10.013Z] [INDEXING-ORCHESTRATOR] [DEBUG] 🔍 Symbol extraction for C:\Projects\educatedplanet\admin\src\components\ui\drawer.tsx: 1 symbols, 3 imports
[2025-11-28T04:57:10.012Z] [2025-11-28T04:57:10.013Z] [INDEXING-ORCHESTRATOR] [DEBUG] 📍 Chunk 79-83: 0 candidate symbols
[2025-11-28T04:57:10.012Z] [2025-11-28T04:57:10.013Z] [INDEXING-ORCHESTRATOR] [DEBUG] ✅ Chunk symbols after filtering: 0 symbols - 
[2025-11-28T04:57:10.013Z] [2025-11-28T04:57:10.013Z] [INDEXING-ORCHESTRATOR] [DEBUG] 📍 Chunk 92-93: 0 candidate symbols
[2025-11-28T04:57:10.013Z] [2025-11-28T04:57:10.013Z] [INDEXING-ORCHESTRATOR] [DEBUG] ✅ Chunk symbols after filtering: 0 symbols - 
[2025-11-28T04:57:10.013Z] [2025-11-28T04:57:10.013Z] [INDEXING-ORCHESTRATOR] [DEBUG] 📍 Chunk 111-122: 1 candidate symbols
[2025-11-28T04:57:10.013Z] [2025-11-28T04:57:10.013Z] [INDEXING-ORCHESTRATOR] [DEBUG] ✅ Chunk symbols after filtering: 1 symbols - DrawerDescription
[2025-11-28T04:57:10.013Z] [2025-11-28T04:57:10.013Z] [INDEXING-ORCHESTRATOR] [DEBUG] 📍 Chunk 123-136: 0 candidate symbols
[2025-11-28T04:57:10.013Z] [2025-11-28T04:57:10.013Z] [INDEXING-ORCHESTRATOR] [DEBUG] ✅ Chunk symbols after filtering: 0 symbols - 
[2025-11-28T04:57:10.013Z] [2025-11-28T04:57:10.013Z] [INDEXING-ORCHESTRATOR] [DEBUG] Created 4 semantic chunks for C:\Projects\educatedplanet\admin\src\components\ui\drawer.tsx
[2025-11-28T04:57:10.013Z] [2025-11-28T04:57:10.013Z] [INDEXING-ORCHESTRATOR] [DEBUG] Average chunk size: 199 characters
[2025-11-28T04:57:10.027Z] [2025-11-28T04:57:10.028Z] [TREESITTER-CHUNKER] [INFO] Created 4 semantic chunks from C:\Projects\educatedplanet\admin\src\components\ui\command.tsx
[2025-11-28T04:57:10.061Z] [2025-11-28T04:57:10.062Z] [TREESITTER-FULL] [INFO] Extracted 0 symbols from C:\Projects\educatedplanet\admin\src\components\ui\command.tsx
[2025-11-28T04:57:10.061Z] [2025-11-28T04:57:10.062Z] [INDEXING-ORCHESTRATOR] [DEBUG] 🔍 Symbol extraction for C:\Projects\educatedplanet\admin\src\components\ui\command.tsx: 0 symbols, 5 imports
[2025-11-28T04:57:10.061Z] [2025-11-28T04:57:10.062Z] [INDEXING-ORCHESTRATOR] [DEBUG] 📍 Chunk 23-27: 0 candidate symbols
[2025-11-28T04:57:10.061Z] [2025-11-28T04:57:10.062Z] [INDEXING-ORCHESTRATOR] [DEBUG] ✅ Chunk symbols after filtering: 0 symbols - 
[2025-11-28T04:57:10.061Z] [2025-11-28T04:57:10.062Z] [INDEXING-ORCHESTRATOR] [DEBUG] 📍 Chunk 92-96: 0 candidate symbols
[2025-11-28T04:57:10.061Z] [2025-11-28T04:57:10.062Z] [INDEXING-ORCHESTRATOR] [DEBUG] ✅ Chunk symbols after filtering: 0 symbols - 
[2025-11-28T04:57:10.061Z] [2025-11-28T04:57:10.062Z] [INDEXING-ORCHESTRATOR] [DEBUG] 📍 Chunk 165-169: 0 candidate symbols
[2025-11-28T04:57:10.061Z] [2025-11-28T04:57:10.062Z] [INDEXING-ORCHESTRATOR] [DEBUG] ✅ Chunk symbols after filtering: 0 symbols - 
[2025-11-28T04:57:10.061Z] [2025-11-28T04:57:10.062Z] [INDEXING-ORCHESTRATOR] [DEBUG] 📍 Chunk 170-185: 0 candidate symbols
[2025-11-28T04:57:10.061Z] [2025-11-28T04:57:10.062Z] [INDEXING-ORCHESTRATOR] [DEBUG] ✅ Chunk symbols after filtering: 0 symbols - 
[2025-11-28T04:57:10.061Z] [2025-11-28T04:57:10.062Z] [INDEXING-ORCHESTRATOR] [DEBUG] Created 4 semantic chunks for C:\Projects\educatedplanet\admin\src\components\ui\command.tsx
[2025-11-28T04:57:10.061Z] [2025-11-28T04:57:10.062Z] [INDEXING-ORCHESTRATOR] [DEBUG] Average chunk size: 142 characters
[2025-11-28T04:57:10.074Z] [2025-11-28T04:57:10.075Z] [TREESITTER-CHUNKER] [INFO] Created 5 semantic chunks from C:\Projects\educatedplanet\admin\src\components\ui\dropdown-menu.tsx
[2025-11-28T04:57:10.121Z] [2025-11-28T04:57:10.122Z] [TREESITTER-FULL] [INFO] Extracted 3 symbols from C:\Projects\educatedplanet\admin\src\components\ui\dropdown-menu.tsx
[2025-11-28T04:57:10.121Z] [2025-11-28T04:57:10.122Z] [INDEXING-ORCHESTRATOR] [DEBUG] 🔍 Symbol extraction for C:\Projects\educatedplanet\admin\src\components\ui\dropdown-menu.tsx: 3 symbols, 4 imports
[2025-11-28T04:57:10.121Z] [2025-11-28T04:57:10.122Z] [INDEXING-ORCHESTRATOR] [DEBUG] 📍 Chunk 15-32: 2 candidate symbols
[2025-11-28T04:57:10.121Z] [2025-11-28T04:57:10.122Z] [INDEXING-ORCHESTRATOR] [DEBUG] ✅ Chunk symbols after filtering: 2 symbols - DropdownMenuPortal, DropdownMenuTrigger
[2025-11-28T04:57:10.121Z] [2025-11-28T04:57:10.122Z] [INDEXING-ORCHESTRATOR] [DEBUG] 📍 Chunk 34-60: 1 candidate symbols
[2025-11-28T04:57:10.121Z] [2025-11-28T04:57:10.122Z] [INDEXING-ORCHESTRATOR] [DEBUG] ✅ Chunk symbols after filtering: 1 symbols - DropdownMenuContent
[2025-11-28T04:57:10.121Z] [2025-11-28T04:57:10.122Z] [INDEXING-ORCHESTRATOR] [DEBUG] 📍 Chunk 184-188: 0 candidate symbols
[2025-11-28T04:57:10.121Z] [2025-11-28T04:57:10.122Z] [INDEXING-ORCHESTRATOR] [DEBUG] ✅ Chunk symbols after filtering: 0 symbols - 
[2025-11-28T04:57:10.121Z] [2025-11-28T04:57:10.122Z] [INDEXING-ORCHESTRATOR] [DEBUG] 📍 Chunk 230-234: 0 candidate symbols
[2025-11-28T04:57:10.121Z] [2025-11-28T04:57:10.122Z] [INDEXING-ORCHESTRATOR] [DEBUG] ✅ Chunk symbols after filtering: 0 symbols - 
[2025-11-28T04:57:10.121Z] [2025-11-28T04:57:10.122Z] [INDEXING-ORCHESTRATOR] [DEBUG] 📍 Chunk 235-256: 0 candidate symbols
[2025-11-28T04:57:10.121Z] [2025-11-28T04:57:10.122Z] [INDEXING-ORCHESTRATOR] [DEBUG] ✅ Chunk symbols after filtering: 0 symbols - 
[2025-11-28T04:57:10.121Z] [2025-11-28T04:57:10.122Z] [INDEXING-ORCHESTRATOR] [DEBUG] Created 5 semantic chunks for C:\Projects\educatedplanet\admin\src\components\ui\dropdown-menu.tsx
[2025-11-28T04:57:10.121Z] [2025-11-28T04:57:10.122Z] [INDEXING-ORCHESTRATOR] [DEBUG] Average chunk size: 545 characters
[2025-11-28T04:57:10.144Z] [2025-11-28T04:57:10.145Z] [TREESITTER-CHUNKER] [INFO] Created 6 semantic chunks from C:\Projects\educatedplanet\admin\src\components\ui\empty.tsx
[2025-11-28T04:57:10.160Z] [2025-11-28T04:57:10.161Z] [TREESITTER-FULL] [INFO] Extracted 0 symbols from C:\Projects\educatedplanet\admin\src\components\ui\empty.tsx
[2025-11-28T04:57:10.160Z] [2025-11-28T04:57:10.161Z] [INDEXING-ORCHESTRATOR] [DEBUG] 🔍 Symbol extraction for C:\Projects\educatedplanet\admin\src\components\ui\empty.tsx: 0 symbols, 2 imports
[2025-11-28T04:57:10.161Z] [2025-11-28T04:57:10.161Z] [INDEXING-ORCHESTRATOR] [DEBUG] 📍 Chunk 9-13: 0 candidate symbols
[2025-11-28T04:57:10.161Z] [2025-11-28T04:57:10.161Z] [INDEXING-ORCHESTRATOR] [DEBUG] ✅ Chunk symbols after filtering: 0 symbols - 
[2025-11-28T04:57:10.161Z] [2025-11-28T04:57:10.161Z] [INDEXING-ORCHESTRATOR] [DEBUG] 📍 Chunk 22-26: 0 candidate symbols
[2025-11-28T04:57:10.161Z] [2025-11-28T04:57:10.161Z] [INDEXING-ORCHESTRATOR] [DEBUG] ✅ Chunk symbols after filtering: 0 symbols - 
[2025-11-28T04:57:10.161Z] [2025-11-28T04:57:10.161Z] [INDEXING-ORCHESTRATOR] [DEBUG] 📍 Chunk 65-66: 0 candidate symbols
[2025-11-28T04:57:10.161Z] [2025-11-28T04:57:10.161Z] [INDEXING-ORCHESTRATOR] [DEBUG] ✅ Chunk symbols after filtering: 0 symbols - 
[2025-11-28T04:57:10.161Z] [2025-11-28T04:57:10.161Z] [INDEXING-ORCHESTRATOR] [DEBUG] 📍 Chunk 75-79: 0 candidate symbols
[2025-11-28T04:57:10.161Z] [2025-11-28T04:57:10.161Z] [INDEXING-ORCHESTRATOR] [DEBUG] ✅ Chunk symbols after filtering: 0 symbols - 
[2025-11-28T04:57:10.161Z] [2025-11-28T04:57:10.161Z] [INDEXING-ORCHESTRATOR] [DEBUG] 📍 Chunk 88-92: 0 candidate symbols
[2025-11-28T04:57:10.161Z] [2025-11-28T04:57:10.161Z] [INDEXING-ORCHESTRATOR] [DEBUG] ✅ Chunk symbols after filtering: 0 symbols - 
[2025-11-28T04:57:10.161Z] [2025-11-28T04:57:10.161Z] [INDEXING-ORCHESTRATOR] [DEBUG] 📍 Chunk 93-105: 0 candidate symbols
[2025-11-28T04:57:10.161Z] [2025-11-28T04:57:10.161Z] [INDEXING-ORCHESTRATOR] [DEBUG] ✅ Chunk symbols after filtering: 0 symbols - 
[2025-11-28T04:57:10.161Z] [2025-11-28T04:57:10.161Z] [INDEXING-ORCHESTRATOR] [DEBUG] Created 6 semantic chunks for C:\Projects\educatedplanet\admin\src\components\ui\empty.tsx
[2025-11-28T04:57:10.161Z] [2025-11-28T04:57:10.161Z] [INDEXING-ORCHESTRATOR] [DEBUG] Average chunk size: 133 characters
[2025-11-28T04:57:10.177Z] [2025-11-28T04:57:10.178Z] [TREESITTER-CHUNKER] [INFO] Created 9 semantic chunks from C:\Projects\educatedplanet\admin\src\components\ui\field.tsx
[2025-11-28T04:57:10.224Z] [2025-11-28T04:57:10.225Z] [TREESITTER-FULL] [INFO] Extracted 1 symbols from C:\Projects\educatedplanet\admin\src\components\ui\field.tsx
[2025-11-28T04:57:10.224Z] [2025-11-28T04:57:10.225Z] [INDEXING-ORCHESTRATOR] [DEBUG] 🔍 Symbol extraction for C:\Projects\educatedplanet\admin\src\components\ui\field.tsx: 1 symbols, 5 imports
[2025-11-28T04:57:10.224Z] [2025-11-28T04:57:10.225Z] [INDEXING-ORCHESTRATOR] [DEBUG] 📍 Chunk 14-19: 0 candidate symbols
[2025-11-28T04:57:10.224Z] [2025-11-28T04:57:10.225Z] [INDEXING-ORCHESTRATOR] [DEBUG] ✅ Chunk symbols after filtering: 0 symbols - 
[2025-11-28T04:57:10.224Z] [2025-11-28T04:57:10.225Z] [INDEXING-ORCHESTRATOR] [DEBUG] 📍 Chunk 33-39: 0 candidate symbols
[2025-11-28T04:57:10.224Z] [2025-11-28T04:57:10.225Z] [INDEXING-ORCHESTRATOR] [DEBUG] ✅ Chunk symbols after filtering: 0 symbols - 
[2025-11-28T04:57:10.224Z] [2025-11-28T04:57:10.225Z] [INDEXING-ORCHESTRATOR] [DEBUG] 📍 Chunk 48-52: 0 candidate symbols
[2025-11-28T04:57:10.224Z] [2025-11-28T04:57:10.225Z] [INDEXING-ORCHESTRATOR] [DEBUG] ✅ Chunk symbols after filtering: 0 symbols - 
[2025-11-28T04:57:10.224Z] [2025-11-28T04:57:10.225Z] [INDEXING-ORCHESTRATOR] [DEBUG] 📍 Chunk 101-105: 0 candidate symbols
[2025-11-28T04:57:10.224Z] [2025-11-28T04:57:10.225Z] [INDEXING-ORCHESTRATOR] [DEBUG] ✅ Chunk symbols after filtering: 0 symbols - 
[2025-11-28T04:57:10.224Z] [2025-11-28T04:57:10.225Z] [INDEXING-ORCHESTRATOR] [DEBUG] 📍 Chunk 117-123: 0 candidate symbols
[2025-11-28T04:57:10.224Z] [2025-11-28T04:57:10.225Z] [INDEXING-ORCHESTRATOR] [DEBUG] ✅ Chunk symbols after filtering: 0 symbols - 
[2025-11-28T04:57:10.224Z] [2025-11-28T04:57:10.225Z] [INDEXING-ORCHESTRATOR] [DEBUG] 📍 Chunk 132-136: 0 candidate symbols
[2025-11-28T04:57:10.224Z] [2025-11-28T04:57:10.225Z] [INDEXING-ORCHESTRATOR] [DEBUG] ✅ Chunk symbols after filtering: 0 symbols - 
[2025-11-28T04:57:10.224Z] [2025-11-28T04:57:10.225Z] [INDEXING-ORCHESTRATOR] [DEBUG] 📍 Chunk 145-151: 0 candidate symbols
[2025-11-28T04:57:10.224Z] [2025-11-28T04:57:10.225Z] [INDEXING-ORCHESTRATOR] [DEBUG] ✅ Chunk symbols after filtering: 0 symbols - 
[2025-11-28T04:57:10.224Z] [2025-11-28T04:57:10.225Z] [INDEXING-ORCHESTRATOR] [DEBUG] 📍 Chunk 167-171: 0 candidate symbols
[2025-11-28T04:57:10.224Z] [2025-11-28T04:57:10.225Z] [INDEXING-ORCHESTRATOR] [DEBUG] ✅ Chunk symbols after filtering: 0 symbols - 
[2025-11-28T04:57:10.224Z] [2025-11-28T04:57:10.225Z] [INDEXING-ORCHESTRATOR] [DEBUG] 📍 Chunk 172-249: 1 candidate symbols
[2025-11-28T04:57:10.224Z] [2025-11-28T04:57:10.225Z] [INDEXING-ORCHESTRATOR] [DEBUG] ✅ Chunk symbols after filtering: 1 symbols - uniqueErrors
[2025-11-28T04:57:10.224Z] [2025-11-28T04:57:10.225Z] [INDEXING-ORCHESTRATOR] [DEBUG] Created 9 semantic chunks for C:\Projects\educatedplanet\admin\src\components\ui\field.tsx
[2025-11-28T04:57:10.224Z] [2025-11-28T04:57:10.225Z] [INDEXING-ORCHESTRATOR] [DEBUG] Average chunk size: 364 characters
[2025-11-28T04:57:10.225Z] [2025-11-28T04:57:10.225Z] [INDEXING-ORCHESTRATOR] [DEBUG] 📊 Processed: 140/324 files
[2025-11-28T04:57:10.231Z] [2025-11-28T04:57:10.232Z] [TREESITTER-CHUNKER] [INFO] Created 2 semantic chunks from C:\Projects\educatedplanet\admin\src\components\ui\hover-card.tsx
[2025-11-28T04:57:10.240Z] [2025-11-28T04:57:10.241Z] [TREESITTER-FULL] [INFO] Extracted 1 symbols from C:\Projects\educatedplanet\admin\src\components\ui\hover-card.tsx
[2025-11-28T04:57:10.240Z] [2025-11-28T04:57:10.241Z] [INDEXING-ORCHESTRATOR] [DEBUG] 🔍 Symbol extraction for C:\Projects\educatedplanet\admin\src\components\ui\hover-card.tsx: 1 symbols, 3 imports
[2025-11-28T04:57:10.241Z] [2025-11-28T04:57:10.241Z] [INDEXING-ORCHESTRATOR] [DEBUG] 📍 Chunk 14-20: 1 candidate symbols
[2025-11-28T04:57:10.241Z] [2025-11-28T04:57:10.241Z] [INDEXING-ORCHESTRATOR] [DEBUG] ✅ Chunk symbols after filtering: 1 symbols - HoverCardTrigger
[2025-11-28T04:57:10.241Z] [2025-11-28T04:57:10.241Z] [INDEXING-ORCHESTRATOR] [DEBUG] 📍 Chunk 21-45: 0 candidate symbols
[2025-11-28T04:57:10.241Z] [2025-11-28T04:57:10.241Z] [INDEXING-ORCHESTRATOR] [DEBUG] ✅ Chunk symbols after filtering: 0 symbols - 
[2025-11-28T04:57:10.241Z] [2025-11-28T04:57:10.241Z] [INDEXING-ORCHESTRATOR] [DEBUG] Created 2 semantic chunks for C:\Projects\educatedplanet\admin\src\components\ui\hover-card.tsx
[2025-11-28T04:57:10.241Z] [2025-11-28T04:57:10.241Z] [INDEXING-ORCHESTRATOR] [DEBUG] Average chunk size: 624 characters
[2025-11-28T04:57:10.255Z] [2025-11-28T04:57:10.256Z] [TREESITTER-CHUNKER] [INFO] Created 6 semantic chunks from C:\Projects\educatedplanet\admin\src\components\ui\form.tsx
[2025-11-28T04:57:10.299Z] [2025-11-28T04:57:10.299Z] [TREESITTER-FULL] [INFO] Extracted 6 symbols from C:\Projects\educatedplanet\admin\src\components\ui\form.tsx
[2025-11-28T04:57:10.299Z] [2025-11-28T04:57:10.300Z] [INDEXING-ORCHESTRATOR] [DEBUG] 🔍 Symbol extraction for C:\Projects\educatedplanet\admin\src\components\ui\form.tsx: 6 symbols, 5 imports
[2025-11-28T04:57:10.299Z] [2025-11-28T04:57:10.300Z] [INDEXING-ORCHESTRATOR] [DEBUG] 📍 Chunk 21-26: 1 candidate symbols
[2025-11-28T04:57:10.299Z] [2025-11-28T04:57:10.300Z] [INDEXING-ORCHESTRATOR] [DEBUG] ✅ Chunk symbols after filtering: 1 symbols - FormFieldContextValue
[2025-11-28T04:57:10.299Z] [2025-11-28T04:57:10.300Z] [INDEXING-ORCHESTRATOR] [DEBUG] 📍 Chunk 68-70: 1 candidate symbols
[2025-11-28T04:57:10.299Z] [2025-11-28T04:57:10.300Z] [INDEXING-ORCHESTRATOR] [DEBUG] ✅ Chunk symbols after filtering: 1 symbols - FormItemContextValue
[2025-11-28T04:57:10.299Z] [2025-11-28T04:57:10.300Z] [INDEXING-ORCHESTRATOR] [DEBUG] 📍 Chunk 83-84: 0 candidate symbols
[2025-11-28T04:57:10.299Z] [2025-11-28T04:57:10.300Z] [INDEXING-ORCHESTRATOR] [DEBUG] ✅ Chunk symbols after filtering: 0 symbols - 
[2025-11-28T04:57:10.299Z] [2025-11-28T04:57:10.300Z] [INDEXING-ORCHESTRATOR] [DEBUG] 📍 Chunk 100-133: 0 candidate symbols
[2025-11-28T04:57:10.299Z] [2025-11-28T04:57:10.300Z] [INDEXING-ORCHESTRATOR] [DEBUG] ✅ Chunk symbols after filtering: 0 symbols - 
[2025-11-28T04:57:10.299Z] [2025-11-28T04:57:10.300Z] [INDEXING-ORCHESTRATOR] [DEBUG] 📍 Chunk 150-151: 0 candidate symbols
[2025-11-28T04:57:10.299Z] [2025-11-28T04:57:10.300Z] [INDEXING-ORCHESTRATOR] [DEBUG] ✅ Chunk symbols after filtering: 0 symbols - 
[2025-11-28T04:57:10.299Z] [2025-11-28T04:57:10.300Z] [INDEXING-ORCHESTRATOR] [DEBUG] 📍 Chunk 152-168: 0 candidate symbols
[2025-11-28T04:57:10.299Z] [2025-11-28T04:57:10.300Z] [INDEXING-ORCHESTRATOR] [DEBUG] ✅ Chunk symbols after filtering: 0 symbols - 
[2025-11-28T04:57:10.299Z] [2025-11-28T04:57:10.300Z] [INDEXING-ORCHESTRATOR] [DEBUG] Created 6 semantic chunks for C:\Projects\educatedplanet\admin\src\components\ui\form.tsx
[2025-11-28T04:57:10.299Z] [2025-11-28T04:57:10.300Z] [INDEXING-ORCHESTRATOR] [DEBUG] Average chunk size: 230 characters
[2025-11-28T04:57:10.306Z] [2025-11-28T04:57:10.307Z] [TREESITTER-CHUNKER] [INFO] Created 4 semantic chunks from C:\Projects\educatedplanet\admin\src\components\ui\input-otp.tsx
[2025-11-28T04:57:10.321Z] [2025-11-28T04:57:10.322Z] [TREESITTER-FULL] [INFO] Extracted 2 symbols from C:\Projects\educatedplanet\admin\src\components\ui\input-otp.tsx
[2025-11-28T04:57:10.321Z] [2025-11-28T04:57:10.322Z] [INDEXING-ORCHESTRATOR] [DEBUG] 🔍 Symbol extraction for C:\Projects\educatedplanet\admin\src\components\ui\input-otp.tsx: 2 symbols, 4 imports
[2025-11-28T04:57:10.321Z] [2025-11-28T04:57:10.322Z] [INDEXING-ORCHESTRATOR] [DEBUG] 📍 Chunk 9-23: 0 candidate symbols
[2025-11-28T04:57:10.321Z] [2025-11-28T04:57:10.322Z] [INDEXING-ORCHESTRATOR] [DEBUG] ✅ Chunk symbols after filtering: 0 symbols - 
[2025-11-28T04:57:10.321Z] [2025-11-28T04:57:10.322Z] [INDEXING-ORCHESTRATOR] [DEBUG] 📍 Chunk 33-34: 0 candidate symbols
[2025-11-28T04:57:10.321Z] [2025-11-28T04:57:10.322Z] [INDEXING-ORCHESTRATOR] [DEBUG] ✅ Chunk symbols after filtering: 0 symbols - 
[2025-11-28T04:57:10.321Z] [2025-11-28T04:57:10.322Z] [INDEXING-ORCHESTRATOR] [DEBUG] 📍 Chunk 53-57: 0 candidate symbols
[2025-11-28T04:57:10.321Z] [2025-11-28T04:57:10.322Z] [INDEXING-ORCHESTRATOR] [DEBUG] ✅ Chunk symbols after filtering: 0 symbols - 
[2025-11-28T04:57:10.321Z] [2025-11-28T04:57:10.322Z] [INDEXING-ORCHESTRATOR] [DEBUG] 📍 Chunk 58-78: 0 candidate symbols
[2025-11-28T04:57:10.321Z] [2025-11-28T04:57:10.322Z] [INDEXING-ORCHESTRATOR] [DEBUG] ✅ Chunk symbols after filtering: 0 symbols - 
[2025-11-28T04:57:10.321Z] [2025-11-28T04:57:10.322Z] [INDEXING-ORCHESTRATOR] [DEBUG] Created 4 semantic chunks for C:\Projects\educatedplanet\admin\src\components\ui\input-otp.tsx
[2025-11-28T04:57:10.321Z] [2025-11-28T04:57:10.322Z] [INDEXING-ORCHESTRATOR] [DEBUG] Average chunk size: 391 characters
[2025-11-28T04:57:10.333Z] [2025-11-28T04:57:10.334Z] [TREESITTER-CHUNKER] [INFO] Created 5 semantic chunks from C:\Projects\educatedplanet\admin\src\components\ui\input-group.tsx
[2025-11-28T04:57:10.374Z] [2025-11-28T04:57:10.375Z] [TREESITTER-FULL] [INFO] Extracted 0 symbols from C:\Projects\educatedplanet\admin\src\components\ui\input-group.tsx
[2025-11-28T04:57:10.375Z] [2025-11-28T04:57:10.375Z] [INDEXING-ORCHESTRATOR] [DEBUG] 🔍 Symbol extraction for C:\Projects\educatedplanet\admin\src\components\ui\input-group.tsx: 0 symbols, 6 imports
[2025-11-28T04:57:10.375Z] [2025-11-28T04:57:10.375Z] [INDEXING-ORCHESTRATOR] [DEBUG] 📍 Chunk 16-34: 0 candidate symbols
[2025-11-28T04:57:10.375Z] [2025-11-28T04:57:10.375Z] [INDEXING-ORCHESTRATOR] [DEBUG] ✅ Chunk symbols after filtering: 0 symbols - 
[2025-11-28T04:57:10.375Z] [2025-11-28T04:57:10.375Z] [INDEXING-ORCHESTRATOR] [DEBUG] 📍 Chunk 122-126: 0 candidate symbols
[2025-11-28T04:57:10.375Z] [2025-11-28T04:57:10.375Z] [INDEXING-ORCHESTRATOR] [DEBUG] ✅ Chunk symbols after filtering: 0 symbols - 
[2025-11-28T04:57:10.375Z] [2025-11-28T04:57:10.375Z] [INDEXING-ORCHESTRATOR] [DEBUG] 📍 Chunk 138-142: 0 candidate symbols
[2025-11-28T04:57:10.375Z] [2025-11-28T04:57:10.375Z] [INDEXING-ORCHESTRATOR] [DEBUG] ✅ Chunk symbols after filtering: 0 symbols - 
[2025-11-28T04:57:10.375Z] [2025-11-28T04:57:10.375Z] [INDEXING-ORCHESTRATOR] [DEBUG] 📍 Chunk 154-158: 0 candidate symbols
[2025-11-28T04:57:10.375Z] [2025-11-28T04:57:10.375Z] [INDEXING-ORCHESTRATOR] [DEBUG] ✅ Chunk symbols after filtering: 0 symbols - 
[2025-11-28T04:57:10.375Z] [2025-11-28T04:57:10.375Z] [INDEXING-ORCHESTRATOR] [DEBUG] 📍 Chunk 159-171: 0 candidate symbols
[2025-11-28T04:57:10.375Z] [2025-11-28T04:57:10.375Z] [INDEXING-ORCHESTRATOR] [DEBUG] ✅ Chunk symbols after filtering: 0 symbols - 
[2025-11-28T04:57:10.375Z] [2025-11-28T04:57:10.375Z] [INDEXING-ORCHESTRATOR] [DEBUG] Created 5 semantic chunks for C:\Projects\educatedplanet\admin\src\components\ui\input-group.tsx
[2025-11-28T04:57:10.375Z] [2025-11-28T04:57:10.376Z] [INDEXING-ORCHESTRATOR] [DEBUG] Average chunk size: 360 characters
[2025-11-28T04:57:10.377Z] [2025-11-28T04:57:10.378Z] [TREESITTER-CHUNKER] [INFO] Created 1 semantic chunks from C:\Projects\educatedplanet\admin\src\components\ui\input.tsx
[2025-11-28T04:57:10.379Z] [2025-11-28T04:57:10.380Z] [TREESITTER-FULL] [INFO] Extracted 0 symbols from C:\Projects\educatedplanet\admin\src\components\ui\input.tsx
[2025-11-28T04:57:10.379Z] [2025-11-28T04:57:10.380Z] [INDEXING-ORCHESTRATOR] [DEBUG] 🔍 Symbol extraction for C:\Projects\educatedplanet\admin\src\components\ui\input.tsx: 0 symbols, 2 imports
[2025-11-28T04:57:10.379Z] [2025-11-28T04:57:10.380Z] [INDEXING-ORCHESTRATOR] [DEBUG] 📍 Chunk 1-22: 0 candidate symbols
[2025-11-28T04:57:10.379Z] [2025-11-28T04:57:10.380Z] [INDEXING-ORCHESTRATOR] [DEBUG] ✅ Chunk symbols after filtering: 0 symbols - 
[2025-11-28T04:57:10.379Z] [2025-11-28T04:57:10.380Z] [INDEXING-ORCHESTRATOR] [DEBUG] Created 1 semantic chunks for C:\Projects\educatedplanet\admin\src\components\ui\input.tsx
[2025-11-28T04:57:10.379Z] [2025-11-28T04:57:10.380Z] [INDEXING-ORCHESTRATOR] [DEBUG] Average chunk size: 981 characters
[2025-11-28T04:57:10.392Z] [2025-11-28T04:57:10.392Z] [TREESITTER-CHUNKER] [INFO] Created 9 semantic chunks from C:\Projects\educatedplanet\admin\src\components\ui\item.tsx
[2025-11-28T04:57:10.425Z] [2025-11-28T04:57:10.426Z] [TREESITTER-FULL] [INFO] Extracted 1 symbols from C:\Projects\educatedplanet\admin\src\components\ui\item.tsx
[2025-11-28T04:57:10.425Z] [2025-11-28T04:57:10.426Z] [INDEXING-ORCHESTRATOR] [DEBUG] 🔍 Symbol extraction for C:\Projects\educatedplanet\admin\src\components\ui\item.tsx: 1 symbols, 5 imports
[2025-11-28T04:57:10.425Z] [2025-11-28T04:57:10.426Z] [INDEXING-ORCHESTRATOR] [DEBUG] 📍 Chunk 8-17: 1 candidate symbols
[2025-11-28T04:57:10.425Z] [2025-11-28T04:57:10.426Z] [INDEXING-ORCHESTRATOR] [DEBUG] ✅ Chunk symbols after filtering: 1 symbols - ItemGroup
[2025-11-28T04:57:10.425Z] [2025-11-28T04:57:10.426Z] [INDEXING-ORCHESTRATOR] [DEBUG] 📍 Chunk 27-28: 0 candidate symbols
[2025-11-28T04:57:10.425Z] [2025-11-28T04:57:10.426Z] [INDEXING-ORCHESTRATOR] [DEBUG] ✅ Chunk symbols after filtering: 0 symbols - 
[2025-11-28T04:57:10.425Z] [2025-11-28T04:57:10.426Z] [INDEXING-ORCHESTRATOR] [DEBUG] 📍 Chunk 110-114: 0 candidate symbols
[2025-11-28T04:57:10.425Z] [2025-11-28T04:57:10.426Z] [INDEXING-ORCHESTRATOR] [DEBUG] ✅ Chunk symbols after filtering: 0 symbols - 
[2025-11-28T04:57:10.425Z] [2025-11-28T04:57:10.426Z] [INDEXING-ORCHESTRATOR] [DEBUG] 📍 Chunk 123-127: 0 candidate symbols
[2025-11-28T04:57:10.425Z] [2025-11-28T04:57:10.426Z] [INDEXING-ORCHESTRATOR] [DEBUG] ✅ Chunk symbols after filtering: 0 symbols - 
[2025-11-28T04:57:10.425Z] [2025-11-28T04:57:10.426Z] [INDEXING-ORCHESTRATOR] [DEBUG] 📍 Chunk 136-141: 0 candidate symbols
[2025-11-28T04:57:10.425Z] [2025-11-28T04:57:10.426Z] [INDEXING-ORCHESTRATOR] [DEBUG] ✅ Chunk symbols after filtering: 0 symbols - 
[2025-11-28T04:57:10.425Z] [2025-11-28T04:57:10.426Z] [INDEXING-ORCHESTRATOR] [DEBUG] 📍 Chunk 150-151: 0 candidate symbols
[2025-11-28T04:57:10.425Z] [2025-11-28T04:57:10.426Z] [INDEXING-ORCHESTRATOR] [DEBUG] ✅ Chunk symbols after filtering: 0 symbols - 
[2025-11-28T04:57:10.425Z] [2025-11-28T04:57:10.426Z] [INDEXING-ORCHESTRATOR] [DEBUG] 📍 Chunk 160-164: 0 candidate symbols
[2025-11-28T04:57:10.425Z] [2025-11-28T04:57:10.426Z] [INDEXING-ORCHESTRATOR] [DEBUG] ✅ Chunk symbols after filtering: 0 symbols - 
[2025-11-28T04:57:10.425Z] [2025-11-28T04:57:10.426Z] [INDEXING-ORCHESTRATOR] [DEBUG] 📍 Chunk 173-177: 0 candidate symbols
[2025-11-28T04:57:10.425Z] [2025-11-28T04:57:10.426Z] [INDEXING-ORCHESTRATOR] [DEBUG] ✅ Chunk symbols after filtering: 0 symbols - 
[2025-11-28T04:57:10.425Z] [2025-11-28T04:57:10.426Z] [INDEXING-ORCHESTRATOR] [DEBUG] 📍 Chunk 178-194: 0 candidate symbols
[2025-11-28T04:57:10.425Z] [2025-11-28T04:57:10.426Z] [INDEXING-ORCHESTRATOR] [DEBUG] ✅ Chunk symbols after filtering: 0 symbols - 
[2025-11-28T04:57:10.425Z] [2025-11-28T04:57:10.426Z] [INDEXING-ORCHESTRATOR] [DEBUG] Created 9 semantic chunks for C:\Projects\educatedplanet\admin\src\components\ui\item.tsx
[2025-11-28T04:57:10.425Z] [2025-11-28T04:57:10.426Z] [INDEXING-ORCHESTRATOR] [DEBUG] Average chunk size: 136 characters
[2025-11-28T04:57:10.435Z] [2025-11-28T04:57:10.436Z] [TREESITTER-CHUNKER] [INFO] Created 3 semantic chunks from C:\Projects\educatedplanet\admin\src\components\ui\kbd.tsx
[2025-11-28T04:57:10.441Z] [2025-11-28T04:57:10.441Z] [TREESITTER-FULL] [INFO] Extracted 0 symbols from C:\Projects\educatedplanet\admin\src\components\ui\kbd.tsx
[2025-11-28T04:57:10.441Z] [2025-11-28T04:57:10.441Z] [INDEXING-ORCHESTRATOR] [DEBUG] 🔍 Symbol extraction for C:\Projects\educatedplanet\admin\src\components\ui\kbd.tsx: 0 symbols, 1 imports
[2025-11-28T04:57:10.441Z] [2025-11-28T04:57:10.441Z] [INDEXING-ORCHESTRATOR] [DEBUG] 📍 Chunk 7-13: 0 candidate symbols
[2025-11-28T04:57:10.441Z] [2025-11-28T04:57:10.441Z] [INDEXING-ORCHESTRATOR] [DEBUG] ✅ Chunk symbols after filtering: 0 symbols - 
[2025-11-28T04:57:10.441Z] [2025-11-28T04:57:10.441Z] [INDEXING-ORCHESTRATOR] [DEBUG] 📍 Chunk 22-23: 0 candidate symbols
[2025-11-28T04:57:10.441Z] [2025-11-28T04:57:10.441Z] [INDEXING-ORCHESTRATOR] [DEBUG] ✅ Chunk symbols after filtering: 0 symbols - 
[2025-11-28T04:57:10.441Z] [2025-11-28T04:57:10.441Z] [INDEXING-ORCHESTRATOR] [DEBUG] 📍 Chunk 24-29: 0 candidate symbols
[2025-11-28T04:57:10.441Z] [2025-11-28T04:57:10.441Z] [INDEXING-ORCHESTRATOR] [DEBUG] ✅ Chunk symbols after filtering: 0 symbols - 
[2025-11-28T04:57:10.441Z] [2025-11-28T04:57:10.441Z] [INDEXING-ORCHESTRATOR] [DEBUG] Created 3 semantic chunks for C:\Projects\educatedplanet\admin\src\components\ui\kbd.tsx
[2025-11-28T04:57:10.441Z] [2025-11-28T04:57:10.442Z] [INDEXING-ORCHESTRATOR] [DEBUG] Average chunk size: 184 characters
[2025-11-28T04:57:10.443Z] [2025-11-28T04:57:10.443Z] [TREESITTER-CHUNKER] [INFO] Created 1 semantic chunks from C:\Projects\educatedplanet\admin\src\components\ui\label.tsx
[2025-11-28T04:57:10.446Z] [2025-11-28T04:57:10.446Z] [TREESITTER-FULL] [INFO] Extracted 1 symbols from C:\Projects\educatedplanet\admin\src\components\ui\label.tsx
[2025-11-28T04:57:10.446Z] [2025-11-28T04:57:10.446Z] [INDEXING-ORCHESTRATOR] [DEBUG] 🔍 Symbol extraction for C:\Projects\educatedplanet\admin\src\components\ui\label.tsx: 1 symbols, 3 imports
[2025-11-28T04:57:10.446Z] [2025-11-28T04:57:10.446Z] [INDEXING-ORCHESTRATOR] [DEBUG] 📍 Chunk 8-24: 1 candidate symbols
[2025-11-28T04:57:10.446Z] [2025-11-28T04:57:10.446Z] [INDEXING-ORCHESTRATOR] [DEBUG] ✅ Chunk symbols after filtering: 1 symbols - Label
[2025-11-28T04:57:10.446Z] [2025-11-28T04:57:10.446Z] [INDEXING-ORCHESTRATOR] [DEBUG] Created 1 semantic chunks for C:\Projects\educatedplanet\admin\src\components\ui\label.tsx
[2025-11-28T04:57:10.446Z] [2025-11-28T04:57:10.447Z] [INDEXING-ORCHESTRATOR] [DEBUG] Average chunk size: 490 characters
[2025-11-28T04:57:10.452Z] [2025-11-28T04:57:10.452Z] [TREESITTER-CHUNKER] [INFO] Created 2 semantic chunks from C:\Projects\educatedplanet\admin\src\components\ui\loading-link.tsx
[2025-11-28T04:57:10.467Z] [2025-11-28T04:57:10.468Z] [TREESITTER-FULL] [INFO] Extracted 2 symbols from C:\Projects\educatedplanet\admin\src\components\ui\loading-link.tsx
[2025-11-28T04:57:10.467Z] [2025-11-28T04:57:10.468Z] [INDEXING-ORCHESTRATOR] [DEBUG] 🔍 Symbol extraction for C:\Projects\educatedplanet\admin\src\components\ui\loading-link.tsx: 2 symbols, 4 imports
[2025-11-28T04:57:10.468Z] [2025-11-28T04:57:10.468Z] [INDEXING-ORCHESTRATOR] [DEBUG] 📍 Chunk 8-16: 1 candidate symbols
[2025-11-28T04:57:10.468Z] [2025-11-28T04:57:10.468Z] [INDEXING-ORCHESTRATOR] [DEBUG] ✅ Chunk symbols after filtering: 1 symbols - LoadingLinkProps
[2025-11-28T04:57:10.468Z] [2025-11-28T04:57:10.468Z] [INDEXING-ORCHESTRATOR] [DEBUG] 📍 Chunk 17-92: 1 candidate symbols
[2025-11-28T04:57:10.468Z] [2025-11-28T04:57:10.468Z] [INDEXING-ORCHESTRATOR] [DEBUG] ✅ Chunk symbols after filtering: 1 symbols - LoadingLink
[2025-11-28T04:57:10.468Z] [2025-11-28T04:57:10.468Z] [INDEXING-ORCHESTRATOR] [DEBUG] Created 2 semantic chunks for C:\Projects\educatedplanet\admin\src\components\ui\loading-link.tsx
[2025-11-28T04:57:10.468Z] [2025-11-28T04:57:10.468Z] [INDEXING-ORCHESTRATOR] [DEBUG] Average chunk size: 926 characters
[2025-11-28T04:57:10.473Z] [2025-11-28T04:57:10.474Z] [TREESITTER-CHUNKER] [INFO] Created 2 semantic chunks from C:\Projects\educatedplanet\admin\src\components\ui\loading-bar.tsx
[2025-11-28T04:57:10.485Z] [2025-11-28T04:57:10.486Z] [TREESITTER-FULL] [INFO] Extracted 2 symbols from C:\Projects\educatedplanet\admin\src\components\ui\loading-bar.tsx
[2025-11-28T04:57:10.485Z] [2025-11-28T04:57:10.486Z] [INDEXING-ORCHESTRATOR] [DEBUG] 🔍 Symbol extraction for C:\Projects\educatedplanet\admin\src\components\ui\loading-bar.tsx: 2 symbols, 3 imports
[2025-11-28T04:57:10.486Z] [2025-11-28T04:57:10.486Z] [INDEXING-ORCHESTRATOR] [DEBUG] 📍 Chunk 7-10: 1 candidate symbols
[2025-11-28T04:57:10.486Z] [2025-11-28T04:57:10.486Z] [INDEXING-ORCHESTRATOR] [DEBUG] ✅ Chunk symbols after filtering: 1 symbols - AppLoadingBarProps
[2025-11-28T04:57:10.486Z] [2025-11-28T04:57:10.486Z] [INDEXING-ORCHESTRATOR] [DEBUG] 📍 Chunk 12-73: 1 candidate symbols
[2025-11-28T04:57:10.486Z] [2025-11-28T04:57:10.486Z] [INDEXING-ORCHESTRATOR] [DEBUG] ✅ Chunk symbols after filtering: 1 symbols - AppLoadingBar
[2025-11-28T04:57:10.486Z] [2025-11-28T04:57:10.486Z] [INDEXING-ORCHESTRATOR] [DEBUG] Created 2 semantic chunks for C:\Projects\educatedplanet\admin\src\components\ui\loading-bar.tsx
[2025-11-28T04:57:10.486Z] [2025-11-28T04:57:10.486Z] [INDEXING-ORCHESTRATOR] [DEBUG] Average chunk size: 798 characters
[2025-11-28T04:57:10.486Z] [2025-11-28T04:57:10.486Z] [INDEXING-ORCHESTRATOR] [DEBUG] 📊 Processed: 150/324 files
[2025-11-28T04:57:10.499Z] [2025-11-28T04:57:10.499Z] [TREESITTER-CHUNKER] [INFO] Created 4 semantic chunks from C:\Projects\educatedplanet\admin\src\components\ui\navigation-menu.tsx
[2025-11-28T04:57:10.518Z] [2025-11-28T04:57:10.519Z] [TREESITTER-FULL] [INFO] Extracted 2 symbols from C:\Projects\educatedplanet\admin\src\components\ui\navigation-menu.tsx
[2025-11-28T04:57:10.518Z] [2025-11-28T04:57:10.519Z] [INDEXING-ORCHESTRATOR] [DEBUG] 🔍 Symbol extraction for C:\Projects\educatedplanet\admin\src\components\ui\navigation-menu.tsx: 2 symbols, 5 imports
[2025-11-28T04:57:10.518Z] [2025-11-28T04:57:10.519Z] [INDEXING-ORCHESTRATOR] [DEBUG] 📍 Chunk 39-43: 0 candidate symbols
[2025-11-28T04:57:10.518Z] [2025-11-28T04:57:10.519Z] [INDEXING-ORCHESTRATOR] [DEBUG] ✅ Chunk symbols after filtering: 0 symbols - 
[2025-11-28T04:57:10.518Z] [2025-11-28T04:57:10.519Z] [INDEXING-ORCHESTRATOR] [DEBUG] 📍 Chunk 65-83: 1 candidate symbols
[2025-11-28T04:57:10.518Z] [2025-11-28T04:57:10.519Z] [INDEXING-ORCHESTRATOR] [DEBUG] ✅ Chunk symbols after filtering: 1 symbols - NavigationMenuTrigger
[2025-11-28T04:57:10.518Z] [2025-11-28T04:57:10.519Z] [INDEXING-ORCHESTRATOR] [DEBUG] 📍 Chunk 131-135: 0 candidate symbols
[2025-11-28T04:57:10.518Z] [2025-11-28T04:57:10.519Z] [INDEXING-ORCHESTRATOR] [DEBUG] ✅ Chunk symbols after filtering: 0 symbols - 
[2025-11-28T04:57:10.518Z] [2025-11-28T04:57:10.519Z] [INDEXING-ORCHESTRATOR] [DEBUG] 📍 Chunk 136-169: 0 candidate symbols
[2025-11-28T04:57:10.518Z] [2025-11-28T04:57:10.519Z] [INDEXING-ORCHESTRATOR] [DEBUG] ✅ Chunk symbols after filtering: 0 symbols - 
[2025-11-28T04:57:10.518Z] [2025-11-28T04:57:10.519Z] [INDEXING-ORCHESTRATOR] [DEBUG] Created 4 semantic chunks for C:\Projects\educatedplanet\admin\src\components\ui\navigation-menu.tsx
[2025-11-28T04:57:10.518Z] [2025-11-28T04:57:10.519Z] [INDEXING-ORCHESTRATOR] [DEBUG] Average chunk size: 534 characters
[2025-11-28T04:57:10.537Z] [2025-11-28T04:57:10.538Z] [TREESITTER-CHUNKER] [INFO] Created 3 semantic chunks from C:\Projects\educatedplanet\admin\src\components\ui\menubar.tsx
[2025-11-28T04:57:10.587Z] [2025-11-28T04:57:10.587Z] [TREESITTER-FULL] [INFO] Extracted 0 symbols from C:\Projects\educatedplanet\admin\src\components\ui\menubar.tsx
[2025-11-28T04:57:10.587Z] [2025-11-28T04:57:10.587Z] [INDEXING-ORCHESTRATOR] [DEBUG] 🔍 Symbol extraction for C:\Projects\educatedplanet\admin\src\components\ui\menubar.tsx: 0 symbols, 4 imports
[2025-11-28T04:57:10.587Z] [2025-11-28T04:57:10.588Z] [INDEXING-ORCHESTRATOR] [DEBUG] 📍 Chunk 105-109: 0 candidate symbols
[2025-11-28T04:57:10.587Z] [2025-11-28T04:57:10.588Z] [INDEXING-ORCHESTRATOR] [DEBUG] ✅ Chunk symbols after filtering: 0 symbols - 
[2025-11-28T04:57:10.587Z] [2025-11-28T04:57:10.588Z] [INDEXING-ORCHESTRATOR] [DEBUG] 📍 Chunk 204-208: 0 candidate symbols
[2025-11-28T04:57:10.587Z] [2025-11-28T04:57:10.588Z] [INDEXING-ORCHESTRATOR] [DEBUG] ✅ Chunk symbols after filtering: 0 symbols - 
[2025-11-28T04:57:10.587Z] [2025-11-28T04:57:10.588Z] [INDEXING-ORCHESTRATOR] [DEBUG] 📍 Chunk 209-277: 0 candidate symbols
[2025-11-28T04:57:10.587Z] [2025-11-28T04:57:10.588Z] [INDEXING-ORCHESTRATOR] [DEBUG] ✅ Chunk symbols after filtering: 0 symbols - 
[2025-11-28T04:57:10.587Z] [2025-11-28T04:57:10.588Z] [INDEXING-ORCHESTRATOR] [DEBUG] Created 3 semantic chunks for C:\Projects\educatedplanet\admin\src\components\ui\menubar.tsx
[2025-11-28T04:57:10.587Z] [2025-11-28T04:57:10.588Z] [INDEXING-ORCHESTRATOR] [DEBUG] Average chunk size: 931 characters
[2025-11-28T04:57:10.589Z] [2025-11-28T04:57:10.590Z] [TREESITTER-CHUNKER] [INFO] Created 1 semantic chunks from C:\Projects\educatedplanet\admin\src\components\ui\loading-overlay.tsx
[2025-11-28T04:57:10.593Z] [2025-11-28T04:57:10.594Z] [TREESITTER-FULL] [INFO] Extracted 2 symbols from C:\Projects\educatedplanet\admin\src\components\ui\loading-overlay.tsx
[2025-11-28T04:57:10.593Z] [2025-11-28T04:57:10.594Z] [INDEXING-ORCHESTRATOR] [DEBUG] 🔍 Symbol extraction for C:\Projects\educatedplanet\admin\src\components\ui\loading-overlay.tsx: 2 symbols, 2 imports
[2025-11-28T04:57:10.593Z] [2025-11-28T04:57:10.594Z] [INDEXING-ORCHESTRATOR] [DEBUG] 📍 Chunk 6-34: 2 candidate symbols
[2025-11-28T04:57:10.593Z] [2025-11-28T04:57:10.594Z] [INDEXING-ORCHESTRATOR] [DEBUG] ✅ Chunk symbols after filtering: 2 symbols - LoadingOverlayProps, LoadingOverlay
[2025-11-28T04:57:10.593Z] [2025-11-28T04:57:10.594Z] [INDEXING-ORCHESTRATOR] [DEBUG] Created 1 semantic chunks for C:\Projects\educatedplanet\admin\src\components\ui\loading-overlay.tsx
[2025-11-28T04:57:10.593Z] [2025-11-28T04:57:10.594Z] [INDEXING-ORCHESTRATOR] [DEBUG] Average chunk size: 803 characters
[2025-11-28T04:57:10.608Z] [2025-11-28T04:57:10.609Z] [TREESITTER-CHUNKER] [INFO] Created 6 semantic chunks from C:\Projects\educatedplanet\admin\src\components\ui\pagination.tsx
[2025-11-28T04:57:10.642Z] [2025-11-28T04:57:10.643Z] [TREESITTER-FULL] [INFO] Extracted 0 symbols from C:\Projects\educatedplanet\admin\src\components\ui\pagination.tsx
[2025-11-28T04:57:10.643Z] [2025-11-28T04:57:10.643Z] [INDEXING-ORCHESTRATOR] [DEBUG] 🔍 Symbol extraction for C:\Projects\educatedplanet\admin\src\components\ui\pagination.tsx: 0 symbols, 4 imports
[2025-11-28T04:57:10.643Z] [2025-11-28T04:57:10.643Z] [INDEXING-ORCHESTRATOR] [DEBUG] 📍 Chunk 30-31: 0 candidate symbols
[2025-11-28T04:57:10.643Z] [2025-11-28T04:57:10.643Z] [INDEXING-ORCHESTRATOR] [DEBUG] ✅ Chunk symbols after filtering: 0 symbols - 
[2025-11-28T04:57:10.643Z] [2025-11-28T04:57:10.643Z] [INDEXING-ORCHESTRATOR] [DEBUG] 📍 Chunk 56-63: 0 candidate symbols
[2025-11-28T04:57:10.643Z] [2025-11-28T04:57:10.643Z] [INDEXING-ORCHESTRATOR] [DEBUG] ✅ Chunk symbols after filtering: 0 symbols - 
[2025-11-28T04:57:10.643Z] [2025-11-28T04:57:10.643Z] [INDEXING-ORCHESTRATOR] [DEBUG] 📍 Chunk 76-77: 0 candidate symbols
[2025-11-28T04:57:10.643Z] [2025-11-28T04:57:10.643Z] [INDEXING-ORCHESTRATOR] [DEBUG] ✅ Chunk symbols after filtering: 0 symbols - 
[2025-11-28T04:57:10.643Z] [2025-11-28T04:57:10.643Z] [INDEXING-ORCHESTRATOR] [DEBUG] 📍 Chunk 85-94: 0 candidate symbols
[2025-11-28T04:57:10.643Z] [2025-11-28T04:57:10.643Z] [INDEXING-ORCHESTRATOR] [DEBUG] ✅ Chunk symbols after filtering: 0 symbols - 
[2025-11-28T04:57:10.643Z] [2025-11-28T04:57:10.643Z] [INDEXING-ORCHESTRATOR] [DEBUG] 📍 Chunk 102-111: 0 candidate symbols
[2025-11-28T04:57:10.643Z] [2025-11-28T04:57:10.643Z] [INDEXING-ORCHESTRATOR] [DEBUG] ✅ Chunk symbols after filtering: 0 symbols - 
[2025-11-28T04:57:10.643Z] [2025-11-28T04:57:10.643Z] [INDEXING-ORCHESTRATOR] [DEBUG] 📍 Chunk 112-128: 0 candidate symbols
[2025-11-28T04:57:10.643Z] [2025-11-28T04:57:10.643Z] [INDEXING-ORCHESTRATOR] [DEBUG] ✅ Chunk symbols after filtering: 0 symbols - 
[2025-11-28T04:57:10.643Z] [2025-11-28T04:57:10.643Z] [INDEXING-ORCHESTRATOR] [DEBUG] Created 6 semantic chunks for C:\Projects\educatedplanet\admin\src\components\ui\pagination.tsx
[2025-11-28T04:57:10.643Z] [2025-11-28T04:57:10.643Z] [INDEXING-ORCHESTRATOR] [DEBUG] Average chunk size: 183 characters
[2025-11-28T04:57:10.645Z] [2025-11-28T04:57:10.646Z] [TREESITTER-CHUNKER] [INFO] Created 1 semantic chunks from C:\Projects\educatedplanet\admin\src\components\ui\popover.tsx
[2025-11-28T04:57:10.649Z] [2025-11-28T04:57:10.650Z] [TREESITTER-FULL] [INFO] Extracted 0 symbols from C:\Projects\educatedplanet\admin\src\components\ui\popover.tsx
[2025-11-28T04:57:10.649Z] [2025-11-28T04:57:10.650Z] [INDEXING-ORCHESTRATOR] [DEBUG] 🔍 Symbol extraction for C:\Projects\educatedplanet\admin\src\components\ui\popover.tsx: 0 symbols, 3 imports
[2025-11-28T04:57:10.649Z] [2025-11-28T04:57:10.650Z] [INDEXING-ORCHESTRATOR] [DEBUG] 📍 Chunk 1-49: 0 candidate symbols
[2025-11-28T04:57:10.649Z] [2025-11-28T04:57:10.650Z] [INDEXING-ORCHESTRATOR] [DEBUG] ✅ Chunk symbols after filtering: 0 symbols - 
[2025-11-28T04:57:10.649Z] [2025-11-28T04:57:10.650Z] [INDEXING-ORCHESTRATOR] [DEBUG] Created 1 semantic chunks for C:\Projects\educatedplanet\admin\src\components\ui\popover.tsx
[2025-11-28T04:57:10.649Z] [2025-11-28T04:57:10.650Z] [INDEXING-ORCHESTRATOR] [DEBUG] Average chunk size: 1676 characters
[2025-11-28T04:57:10.653Z] [2025-11-28T04:57:10.654Z] [TREESITTER-CHUNKER] [INFO] Created 1 semantic chunks from C:\Projects\educatedplanet\admin\src\components\ui\progress.tsx
[2025-11-28T04:57:10.657Z] [2025-11-28T04:57:10.658Z] [TREESITTER-FULL] [INFO] Extracted 0 symbols from C:\Projects\educatedplanet\admin\src\components\ui\progress.tsx
[2025-11-28T04:57:10.657Z] [2025-11-28T04:57:10.658Z] [INDEXING-ORCHESTRATOR] [DEBUG] 🔍 Symbol extraction for C:\Projects\educatedplanet\admin\src\components\ui\progress.tsx: 0 symbols, 3 imports
[2025-11-28T04:57:10.657Z] [2025-11-28T04:57:10.658Z] [INDEXING-ORCHESTRATOR] [DEBUG] 📍 Chunk 1-32: 0 candidate symbols
[2025-11-28T04:57:10.657Z] [2025-11-28T04:57:10.658Z] [INDEXING-ORCHESTRATOR] [DEBUG] ✅ Chunk symbols after filtering: 0 symbols - 
[2025-11-28T04:57:10.657Z] [2025-11-28T04:57:10.658Z] [INDEXING-ORCHESTRATOR] [DEBUG] Created 1 semantic chunks for C:\Projects\educatedplanet\admin\src\components\ui\progress.tsx
[2025-11-28T04:57:10.657Z] [2025-11-28T04:57:10.658Z] [INDEXING-ORCHESTRATOR] [DEBUG] Average chunk size: 764 characters
[2025-11-28T04:57:10.660Z] [2025-11-28T04:57:10.660Z] [TREESITTER-CHUNKER] [INFO] Created 2 semantic chunks from C:\Projects\educatedplanet\admin\src\components\ui\radio-group.tsx
[2025-11-28T04:57:10.668Z] [2025-11-28T04:57:10.669Z] [TREESITTER-FULL] [INFO] Extracted 2 symbols from C:\Projects\educatedplanet\admin\src\components\ui\radio-group.tsx
[2025-11-28T04:57:10.668Z] [2025-11-28T04:57:10.669Z] [INDEXING-ORCHESTRATOR] [DEBUG] 🔍 Symbol extraction for C:\Projects\educatedplanet\admin\src\components\ui\radio-group.tsx: 2 symbols, 4 imports
[2025-11-28T04:57:10.668Z] [2025-11-28T04:57:10.669Z] [INDEXING-ORCHESTRATOR] [DEBUG] 📍 Chunk 9-43: 2 candidate symbols
[2025-11-28T04:57:10.668Z] [2025-11-28T04:57:10.669Z] [INDEXING-ORCHESTRATOR] [DEBUG] ✅ Chunk symbols after filtering: 2 symbols - RadioGroup, RadioGroupItem
[2025-11-28T04:57:10.668Z] [2025-11-28T04:57:10.669Z] [INDEXING-ORCHESTRATOR] [DEBUG] 📍 Chunk 44-46: 0 candidate symbols
[2025-11-28T04:57:10.668Z] [2025-11-28T04:57:10.669Z] [INDEXING-ORCHESTRATOR] [DEBUG] ✅ Chunk symbols after filtering: 0 symbols - 
[2025-11-28T04:57:10.668Z] [2025-11-28T04:57:10.669Z] [INDEXING-ORCHESTRATOR] [DEBUG] Created 2 semantic chunks for C:\Projects\educatedplanet\admin\src\components\ui\radio-group.tsx
[2025-11-28T04:57:10.668Z] [2025-11-28T04:57:10.669Z] [INDEXING-ORCHESTRATOR] [DEBUG] Average chunk size: 654 characters
[2025-11-28T04:57:10.672Z] [2025-11-28T04:57:10.673Z] [TREESITTER-CHUNKER] [INFO] Created 1 semantic chunks from C:\Projects\educatedplanet\admin\src\components\ui\resizable.tsx
[2025-11-28T04:57:10.680Z] [2025-11-28T04:57:10.681Z] [TREESITTER-FULL] [INFO] Extracted 0 symbols from C:\Projects\educatedplanet\admin\src\components\ui\resizable.tsx
[2025-11-28T04:57:10.680Z] [2025-11-28T04:57:10.681Z] [INDEXING-ORCHESTRATOR] [DEBUG] 🔍 Symbol extraction for C:\Projects\educatedplanet\admin\src\components\ui\resizable.tsx: 0 symbols, 4 imports
[2025-11-28T04:57:10.680Z] [2025-11-28T04:57:10.681Z] [INDEXING-ORCHESTRATOR] [DEBUG] 📍 Chunk 1-57: 0 candidate symbols
[2025-11-28T04:57:10.680Z] [2025-11-28T04:57:10.681Z] [INDEXING-ORCHESTRATOR] [DEBUG] ✅ Chunk symbols after filtering: 0 symbols - 
[2025-11-28T04:57:10.680Z] [2025-11-28T04:57:10.681Z] [INDEXING-ORCHESTRATOR] [DEBUG] Created 1 semantic chunks for C:\Projects\educatedplanet\admin\src\components\ui\resizable.tsx
[2025-11-28T04:57:10.680Z] [2025-11-28T04:57:10.681Z] [INDEXING-ORCHESTRATOR] [DEBUG] Average chunk size: 2082 characters
[2025-11-28T04:57:10.684Z] [2025-11-28T04:57:10.685Z] [TREESITTER-CHUNKER] [INFO] Created 3 semantic chunks from C:\Projects\educatedplanet\admin\src\components\ui\scroll-area.tsx
[2025-11-28T04:57:10.691Z] [2025-11-28T04:57:10.692Z] [TREESITTER-FULL] [INFO] Extracted 2 symbols from C:\Projects\educatedplanet\admin\src\components\ui\scroll-area.tsx
[2025-11-28T04:57:10.691Z] [2025-11-28T04:57:10.692Z] [INDEXING-ORCHESTRATOR] [DEBUG] 🔍 Symbol extraction for C:\Projects\educatedplanet\admin\src\components\ui\scroll-area.tsx: 2 symbols, 3 imports
[2025-11-28T04:57:10.691Z] [2025-11-28T04:57:10.692Z] [INDEXING-ORCHESTRATOR] [DEBUG] 📍 Chunk 8-29: 1 candidate symbols
[2025-11-28T04:57:10.691Z] [2025-11-28T04:57:10.692Z] [INDEXING-ORCHESTRATOR] [DEBUG] ✅ Chunk symbols after filtering: 1 symbols - ScrollArea
[2025-11-28T04:57:10.691Z] [2025-11-28T04:57:10.692Z] [INDEXING-ORCHESTRATOR] [DEBUG] 📍 Chunk 31-56: 1 candidate symbols
[2025-11-28T04:57:10.691Z] [2025-11-28T04:57:10.692Z] [INDEXING-ORCHESTRATOR] [DEBUG] ✅ Chunk symbols after filtering: 1 symbols - ScrollBar
[2025-11-28T04:57:10.691Z] [2025-11-28T04:57:10.692Z] [INDEXING-ORCHESTRATOR] [DEBUG] 📍 Chunk 57-59: 0 candidate symbols
[2025-11-28T04:57:10.691Z] [2025-11-28T04:57:10.692Z] [INDEXING-ORCHESTRATOR] [DEBUG] ✅ Chunk symbols after filtering: 0 symbols - 
[2025-11-28T04:57:10.691Z] [2025-11-28T04:57:10.692Z] [INDEXING-ORCHESTRATOR] [DEBUG] Created 3 semantic chunks for C:\Projects\educatedplanet\admin\src\components\ui\scroll-area.tsx
[2025-11-28T04:57:10.691Z] [2025-11-28T04:57:10.692Z] [INDEXING-ORCHESTRATOR] [DEBUG] Average chunk size: 513 characters
[2025-11-28T04:57:10.700Z] [2025-11-28T04:57:10.701Z] [TREESITTER-CHUNKER] [INFO] Created 5 semantic chunks from C:\Projects\educatedplanet\admin\src\components\ui\select.tsx
[2025-11-28T04:57:10.735Z] [2025-11-28T04:57:10.736Z] [TREESITTER-FULL] [INFO] Extracted 0 symbols from C:\Projects\educatedplanet\admin\src\components\ui\select.tsx
[2025-11-28T04:57:10.735Z] [2025-11-28T04:57:10.736Z] [INDEXING-ORCHESTRATOR] [DEBUG] 🔍 Symbol extraction for C:\Projects\educatedplanet\admin\src\components\ui\select.tsx: 0 symbols, 4 imports
[2025-11-28T04:57:10.735Z] [2025-11-28T04:57:10.736Z] [INDEXING-ORCHESTRATOR] [DEBUG] 📍 Chunk 27-88: 0 candidate symbols
[2025-11-28T04:57:10.735Z] [2025-11-28T04:57:10.736Z] [INDEXING-ORCHESTRATOR] [DEBUG] ✅ Chunk symbols after filtering: 0 symbols - 
[2025-11-28T04:57:10.735Z] [2025-11-28T04:57:10.736Z] [INDEXING-ORCHESTRATOR] [DEBUG] 📍 Chunk 64-70: 0 candidate symbols
[2025-11-28T04:57:10.735Z] [2025-11-28T04:57:10.736Z] [INDEXING-ORCHESTRATOR] [DEBUG] ✅ Chunk symbols after filtering: 0 symbols - 
[2025-11-28T04:57:10.735Z] [2025-11-28T04:57:10.736Z] [INDEXING-ORCHESTRATOR] [DEBUG] 📍 Chunk 90-125: 0 candidate symbols
[2025-11-28T04:57:10.735Z] [2025-11-28T04:57:10.736Z] [INDEXING-ORCHESTRATOR] [DEBUG] ✅ Chunk symbols after filtering: 0 symbols - 
[2025-11-28T04:57:10.735Z] [2025-11-28T04:57:10.736Z] [INDEXING-ORCHESTRATOR] [DEBUG] 📍 Chunk 127-174: 0 candidate symbols
[2025-11-28T04:57:10.735Z] [2025-11-28T04:57:10.736Z] [INDEXING-ORCHESTRATOR] [DEBUG] ✅ Chunk symbols after filtering: 0 symbols - 
[2025-11-28T04:57:10.735Z] [2025-11-28T04:57:10.736Z] [INDEXING-ORCHESTRATOR] [DEBUG] 📍 Chunk 175-188: 0 candidate symbols
[2025-11-28T04:57:10.735Z] [2025-11-28T04:57:10.736Z] [INDEXING-ORCHESTRATOR] [DEBUG] ✅ Chunk symbols after filtering: 0 symbols - 
[2025-11-28T04:57:10.735Z] [2025-11-28T04:57:10.736Z] [INDEXING-ORCHESTRATOR] [DEBUG] Created 5 semantic chunks for C:\Projects\educatedplanet\admin\src\components\ui\select.tsx
[2025-11-28T04:57:10.735Z] [2025-11-28T04:57:10.736Z] [INDEXING-ORCHESTRATOR] [DEBUG] Average chunk size: 1313 characters
[2025-11-28T04:57:10.735Z] [2025-11-28T04:57:10.736Z] [INDEXING-ORCHESTRATOR] [DEBUG] 📊 Processed: 160/324 files
[2025-11-28T04:57:10.746Z] [2025-11-28T04:57:10.747Z] [TREESITTER-CHUNKER] [INFO] Created 4 semantic chunks from C:\Projects\educatedplanet\admin\src\components\ui\sheet.tsx
[2025-11-28T04:57:10.772Z] [2025-11-28T04:57:10.772Z] [TREESITTER-FULL] [INFO] Extracted 1 symbols from C:\Projects\educatedplanet\admin\src\components\ui\sheet.tsx
[2025-11-28T04:57:10.772Z] [2025-11-28T04:57:10.773Z] [INDEXING-ORCHESTRATOR] [DEBUG] 🔍 Symbol extraction for C:\Projects\educatedplanet\admin\src\components\ui\sheet.tsx: 1 symbols, 4 imports
[2025-11-28T04:57:10.772Z] [2025-11-28T04:57:10.773Z] [INDEXING-ORCHESTRATOR] [DEBUG] 📍 Chunk 88-89: 0 candidate symbols
[2025-11-28T04:57:10.772Z] [2025-11-28T04:57:10.773Z] [INDEXING-ORCHESTRATOR] [DEBUG] ✅ Chunk symbols after filtering: 0 symbols - 
[2025-11-28T04:57:10.772Z] [2025-11-28T04:57:10.773Z] [INDEXING-ORCHESTRATOR] [DEBUG] 📍 Chunk 98-99: 0 candidate symbols
[2025-11-28T04:57:10.772Z] [2025-11-28T04:57:10.773Z] [INDEXING-ORCHESTRATOR] [DEBUG] ✅ Chunk symbols after filtering: 0 symbols - 
[2025-11-28T04:57:10.772Z] [2025-11-28T04:57:10.773Z] [INDEXING-ORCHESTRATOR] [DEBUG] 📍 Chunk 117-128: 1 candidate symbols
[2025-11-28T04:57:10.772Z] [2025-11-28T04:57:10.773Z] [INDEXING-ORCHESTRATOR] [DEBUG] ✅ Chunk symbols after filtering: 1 symbols - SheetDescription
[2025-11-28T04:57:10.772Z] [2025-11-28T04:57:10.773Z] [INDEXING-ORCHESTRATOR] [DEBUG] 📍 Chunk 129-140: 0 candidate symbols
[2025-11-28T04:57:10.772Z] [2025-11-28T04:57:10.773Z] [INDEXING-ORCHESTRATOR] [DEBUG] ✅ Chunk symbols after filtering: 0 symbols - 
[2025-11-28T04:57:10.772Z] [2025-11-28T04:57:10.773Z] [INDEXING-ORCHESTRATOR] [DEBUG] Created 4 semantic chunks for C:\Projects\educatedplanet\admin\src\components\ui\sheet.tsx
[2025-11-28T04:57:10.772Z] [2025-11-28T04:57:10.773Z] [INDEXING-ORCHESTRATOR] [DEBUG] Average chunk size: 141 characters
[2025-11-28T04:57:10.821Z] [2025-11-28T04:57:10.822Z] [TREESITTER-CHUNKER] [INFO] Created 25 semantic chunks from C:\Projects\educatedplanet\admin\src\components\ui\sidebar.tsx
[2025-11-28T04:57:11.007Z] [2025-11-28T04:57:11.007Z] [TREESITTER-FULL] [INFO] Extracted 8 symbols from C:\Projects\educatedplanet\admin\src\components\ui\sidebar.tsx
[2025-11-28T04:57:11.007Z] [2025-11-28T04:57:11.008Z] [INDEXING-ORCHESTRATOR] [DEBUG] 🔍 Symbol extraction for C:\Projects\educatedplanet\admin\src\components\ui\sidebar.tsx: 8 symbols, 12 imports
[2025-11-28T04:57:11.007Z] [2025-11-28T04:57:11.008Z] [INDEXING-ORCHESTRATOR] [DEBUG] 📍 Chunk 35-54: 3 candidate symbols
[2025-11-28T04:57:11.007Z] [2025-11-28T04:57:11.008Z] [INDEXING-ORCHESTRATOR] [DEBUG] ✅ Chunk symbols after filtering: 3 symbols - SidebarContextProps, SidebarContext, useSidebar
[2025-11-28T04:57:11.007Z] [2025-11-28T04:57:11.008Z] [INDEXING-ORCHESTRATOR] [DEBUG] 📍 Chunk 141-145: 0 candidate symbols
[2025-11-28T04:57:11.007Z] [2025-11-28T04:57:11.008Z] [INDEXING-ORCHESTRATOR] [DEBUG] ✅ Chunk symbols after filtering: 0 symbols - 
[2025-11-28T04:57:11.007Z] [2025-11-28T04:57:11.008Z] [INDEXING-ORCHESTRATOR] [DEBUG] 📍 Chunk 172-176: 0 candidate symbols
[2025-11-28T04:57:11.007Z] [2025-11-28T04:57:11.008Z] [INDEXING-ORCHESTRATOR] [DEBUG] ✅ Chunk symbols after filtering: 0 symbols - 
[2025-11-28T04:57:11.007Z] [2025-11-28T04:57:11.008Z] [INDEXING-ORCHESTRATOR] [DEBUG] 📍 Chunk 231-242: 0 candidate symbols
[2025-11-28T04:57:11.007Z] [2025-11-28T04:57:11.008Z] [INDEXING-ORCHESTRATOR] [DEBUG] ✅ Chunk symbols after filtering: 0 symbols - 
[2025-11-28T04:57:11.007Z] [2025-11-28T04:57:11.008Z] [INDEXING-ORCHESTRATOR] [DEBUG] 📍 Chunk 293-302: 0 candidate symbols
[2025-11-28T04:57:11.007Z] [2025-11-28T04:57:11.008Z] [INDEXING-ORCHESTRATOR] [DEBUG] ✅ Chunk symbols after filtering: 0 symbols - 
[2025-11-28T04:57:11.007Z] [2025-11-28T04:57:11.008Z] [INDEXING-ORCHESTRATOR] [DEBUG] 📍 Chunk 311-316: 0 candidate symbols
[2025-11-28T04:57:11.007Z] [2025-11-28T04:57:11.008Z] [INDEXING-ORCHESTRATOR] [DEBUG] ✅ Chunk symbols after filtering: 0 symbols - 
[2025-11-28T04:57:11.007Z] [2025-11-28T04:57:11.008Z] [INDEXING-ORCHESTRATOR] [DEBUG] 📍 Chunk 329-330: 0 candidate symbols
[2025-11-28T04:57:11.007Z] [2025-11-28T04:57:11.008Z] [INDEXING-ORCHESTRATOR] [DEBUG] ✅ Chunk symbols after filtering: 0 symbols - 
[2025-11-28T04:57:11.007Z] [2025-11-28T04:57:11.008Z] [INDEXING-ORCHESTRATOR] [DEBUG] 📍 Chunk 340-341: 0 candidate symbols
[2025-11-28T04:57:11.007Z] [2025-11-28T04:57:11.008Z] [INDEXING-ORCHESTRATOR] [DEBUG] ✅ Chunk symbols after filtering: 0 symbols - 
[2025-11-28T04:57:11.007Z] [2025-11-28T04:57:11.008Z] [INDEXING-ORCHESTRATOR] [DEBUG] 📍 Chunk 351-352: 0 candidate symbols
[2025-11-28T04:57:11.007Z] [2025-11-28T04:57:11.008Z] [INDEXING-ORCHESTRATOR] [DEBUG] ✅ Chunk symbols after filtering: 0 symbols - 
[2025-11-28T04:57:11.007Z] [2025-11-28T04:57:11.008Z] [INDEXING-ORCHESTRATOR] [DEBUG] 📍 Chunk 365-366: 0 candidate symbols
[2025-11-28T04:57:11.007Z] [2025-11-28T04:57:11.008Z] [INDEXING-ORCHESTRATOR] [DEBUG] ✅ Chunk symbols after filtering: 0 symbols - 
[2025-11-28T04:57:11.007Z] [2025-11-28T04:57:11.008Z] [INDEXING-ORCHESTRATOR] [DEBUG] 📍 Chunk 376-380: 0 candidate symbols
[2025-11-28T04:57:11.007Z] [2025-11-28T04:57:11.008Z] [INDEXING-ORCHESTRATOR] [DEBUG] ✅ Chunk symbols after filtering: 0 symbols - 
[2025-11-28T04:57:11.007Z] [2025-11-28T04:57:11.008Z] [INDEXING-ORCHESTRATOR] [DEBUG] 📍 Chunk 390-391: 0 candidate symbols
[2025-11-28T04:57:11.007Z] [2025-11-28T04:57:11.008Z] [INDEXING-ORCHESTRATOR] [DEBUG] ✅ Chunk symbols after filtering: 0 symbols - 
[2025-11-28T04:57:11.007Z] [2025-11-28T04:57:11.008Z] [INDEXING-ORCHESTRATOR] [DEBUG] 📍 Chunk 407-412: 0 candidate symbols
[2025-11-28T04:57:11.007Z] [2025-11-28T04:57:11.008Z] [INDEXING-ORCHESTRATOR] [DEBUG] ✅ Chunk symbols after filtering: 0 symbols - 
[2025-11-28T04:57:11.007Z] [2025-11-28T04:57:11.008Z] [INDEXING-ORCHESTRATOR] [DEBUG] 📍 Chunk 428-435: 0 candidate symbols
[2025-11-28T04:57:11.007Z] [2025-11-28T04:57:11.008Z] [INDEXING-ORCHESTRATOR] [DEBUG] ✅ Chunk symbols after filtering: 0 symbols - 
[2025-11-28T04:57:11.007Z] [2025-11-28T04:57:11.008Z] [INDEXING-ORCHESTRATOR] [DEBUG] 📍 Chunk 448-449: 0 candidate symbols
[2025-11-28T04:57:11.007Z] [2025-11-28T04:57:11.008Z] [INDEXING-ORCHESTRATOR] [DEBUG] ✅ Chunk symbols after filtering: 0 symbols - 
[2025-11-28T04:57:11.007Z] [2025-11-28T04:57:11.008Z] [INDEXING-ORCHESTRATOR] [DEBUG] 📍 Chunk 459-460: 0 candidate symbols
[2025-11-28T04:57:11.007Z] [2025-11-28T04:57:11.008Z] [INDEXING-ORCHESTRATOR] [DEBUG] ✅ Chunk symbols after filtering: 0 symbols - 
[2025-11-28T04:57:11.007Z] [2025-11-28T04:57:11.008Z] [INDEXING-ORCHESTRATOR] [DEBUG] 📍 Chunk 470-471: 0 candidate symbols
[2025-11-28T04:57:11.007Z] [2025-11-28T04:57:11.008Z] [INDEXING-ORCHESTRATOR] [DEBUG] ✅ Chunk symbols after filtering: 0 symbols - 
[2025-11-28T04:57:11.007Z] [2025-11-28T04:57:11.008Z] [INDEXING-ORCHESTRATOR] [DEBUG] 📍 Chunk 520-521: 0 candidate symbols
[2025-11-28T04:57:11.007Z] [2025-11-28T04:57:11.008Z] [INDEXING-ORCHESTRATOR] [DEBUG] ✅ Chunk symbols after filtering: 0 symbols - 
[2025-11-28T04:57:11.007Z] [2025-11-28T04:57:11.008Z] [INDEXING-ORCHESTRATOR] [DEBUG] 📍 Chunk 563-575: 0 candidate symbols
[2025-11-28T04:57:11.007Z] [2025-11-28T04:57:11.008Z] [INDEXING-ORCHESTRATOR] [DEBUG] ✅ Chunk symbols after filtering: 0 symbols - 
[2025-11-28T04:57:11.007Z] [2025-11-28T04:57:11.008Z] [INDEXING-ORCHESTRATOR] [DEBUG] 📍 Chunk 588-597: 0 candidate symbols
[2025-11-28T04:57:11.007Z] [2025-11-28T04:57:11.008Z] [INDEXING-ORCHESTRATOR] [DEBUG] ✅ Chunk symbols after filtering: 0 symbols - 
[2025-11-28T04:57:11.007Z] [2025-11-28T04:57:11.008Z] [INDEXING-ORCHESTRATOR] [DEBUG] 📍 Chunk 618-619: 0 candidate symbols
[2025-11-28T04:57:11.007Z] [2025-11-28T04:57:11.008Z] [INDEXING-ORCHESTRATOR] [DEBUG] ✅ Chunk symbols after filtering: 0 symbols - 
[2025-11-28T04:57:11.007Z] [2025-11-28T04:57:11.008Z] [INDEXING-ORCHESTRATOR] [DEBUG] 📍 Chunk 645-650: 0 candidate symbols
[2025-11-28T04:57:11.007Z] [2025-11-28T04:57:11.008Z] [INDEXING-ORCHESTRATOR] [DEBUG] ✅ Chunk symbols after filtering: 0 symbols - 
[2025-11-28T04:57:11.007Z] [2025-11-28T04:57:11.008Z] [INDEXING-ORCHESTRATOR] [DEBUG] 📍 Chunk 663-664: 0 candidate symbols
[2025-11-28T04:57:11.007Z] [2025-11-28T04:57:11.008Z] [INDEXING-ORCHESTRATOR] [DEBUG] ✅ Chunk symbols after filtering: 0 symbols - 
[2025-11-28T04:57:11.007Z] [2025-11-28T04:57:11.008Z] [INDEXING-ORCHESTRATOR] [DEBUG] 📍 Chunk 688-696: 0 candidate symbols
[2025-11-28T04:57:11.007Z] [2025-11-28T04:57:11.008Z] [INDEXING-ORCHESTRATOR] [DEBUG] ✅ Chunk symbols after filtering: 0 symbols - 
[2025-11-28T04:57:11.007Z] [2025-11-28T04:57:11.008Z] [INDEXING-ORCHESTRATOR] [DEBUG] 📍 Chunk 697-727: 0 candidate symbols
[2025-11-28T04:57:11.007Z] [2025-11-28T04:57:11.008Z] [INDEXING-ORCHESTRATOR] [DEBUG] ✅ Chunk symbols after filtering: 0 symbols - 
[2025-11-28T04:57:11.007Z] [2025-11-28T04:57:11.008Z] [INDEXING-ORCHESTRATOR] [DEBUG] Created 25 semantic chunks for C:\Projects\educatedplanet\admin\src\components\ui\sidebar.tsx
[2025-11-28T04:57:11.007Z] [2025-11-28T04:57:11.008Z] [INDEXING-ORCHESTRATOR] [DEBUG] Average chunk size: 301 characters
[2025-11-28T04:57:11.009Z] [2025-11-28T04:57:11.009Z] [TREESITTER-CHUNKER] [INFO] Created 1 semantic chunks from C:\Projects\educatedplanet\admin\src\components\ui\separator.tsx
[2025-11-28T04:57:11.011Z] [2025-11-28T04:57:11.012Z] [TREESITTER-FULL] [INFO] Extracted 1 symbols from C:\Projects\educatedplanet\admin\src\components\ui\separator.tsx
[2025-11-28T04:57:11.011Z] [2025-11-28T04:57:11.012Z] [INDEXING-ORCHESTRATOR] [DEBUG] 🔍 Symbol extraction for C:\Projects\educatedplanet\admin\src\components\ui\separator.tsx: 1 symbols, 3 imports
[2025-11-28T04:57:11.011Z] [2025-11-28T04:57:11.012Z] [INDEXING-ORCHESTRATOR] [DEBUG] 📍 Chunk 8-28: 1 candidate symbols
[2025-11-28T04:57:11.011Z] [2025-11-28T04:57:11.012Z] [INDEXING-ORCHESTRATOR] [DEBUG] ✅ Chunk symbols after filtering: 1 symbols - Separator
[2025-11-28T04:57:11.011Z] [2025-11-28T04:57:11.012Z] [INDEXING-ORCHESTRATOR] [DEBUG] Created 1 semantic chunks for C:\Projects\educatedplanet\admin\src\components\ui\separator.tsx
[2025-11-28T04:57:11.011Z] [2025-11-28T04:57:11.012Z] [INDEXING-ORCHESTRATOR] [DEBUG] Average chunk size: 574 characters
[2025-11-28T04:57:11.014Z] [2025-11-28T04:57:11.015Z] [TREESITTER-CHUNKER] [INFO] Created 2 semantic chunks from C:\Projects\educatedplanet\admin\src\components\ui\simple-loading-bar.tsx
[2025-11-28T04:57:11.021Z] [2025-11-28T04:57:11.022Z] [TREESITTER-FULL] [INFO] Extracted 1 symbols from C:\Projects\educatedplanet\admin\src\components\ui\simple-loading-bar.tsx
[2025-11-28T04:57:11.021Z] [2025-11-28T04:57:11.022Z] [INDEXING-ORCHESTRATOR] [DEBUG] 🔍 Symbol extraction for C:\Projects\educatedplanet\admin\src\components\ui\simple-loading-bar.tsx: 1 symbols, 2 imports
[2025-11-28T04:57:11.021Z] [2025-11-28T04:57:11.022Z] [INDEXING-ORCHESTRATOR] [DEBUG] 📍 Chunk 6-8: 1 candidate symbols
[2025-11-28T04:57:11.021Z] [2025-11-28T04:57:11.022Z] [INDEXING-ORCHESTRATOR] [DEBUG] ✅ Chunk symbols after filtering: 1 symbols - SimpleLoadingBarProps
[2025-11-28T04:57:11.021Z] [2025-11-28T04:57:11.022Z] [INDEXING-ORCHESTRATOR] [DEBUG] 📍 Chunk 9-69: 0 candidate symbols
[2025-11-28T04:57:11.021Z] [2025-11-28T04:57:11.022Z] [INDEXING-ORCHESTRATOR] [DEBUG] ✅ Chunk symbols after filtering: 0 symbols - 
[2025-11-28T04:57:11.021Z] [2025-11-28T04:57:11.022Z] [INDEXING-ORCHESTRATOR] [DEBUG] Created 2 semantic chunks for C:\Projects\educatedplanet\admin\src\components\ui\simple-loading-bar.tsx
[2025-11-28T04:57:11.021Z] [2025-11-28T04:57:11.022Z] [INDEXING-ORCHESTRATOR] [DEBUG] Average chunk size: 737 characters
[2025-11-28T04:57:11.023Z] [2025-11-28T04:57:11.023Z] [TREESITTER-CHUNKER] [INFO] Created 2 semantic chunks from C:\Projects\educatedplanet\admin\src\components\ui\skeleton.tsx
[2025-11-28T04:57:11.024Z] [2025-11-28T04:57:11.025Z] [TREESITTER-FULL] [INFO] Extracted 0 symbols from C:\Projects\educatedplanet\admin\src\components\ui\skeleton.tsx
[2025-11-28T04:57:11.024Z] [2025-11-28T04:57:11.025Z] [INDEXING-ORCHESTRATOR] [DEBUG] 🔍 Symbol extraction for C:\Projects\educatedplanet\admin\src\components\ui\skeleton.tsx: 0 symbols, 1 imports
[2025-11-28T04:57:11.024Z] [2025-11-28T04:57:11.025Z] [INDEXING-ORCHESTRATOR] [DEBUG] 📍 Chunk 7-8: 0 candidate symbols
[2025-11-28T04:57:11.024Z] [2025-11-28T04:57:11.025Z] [INDEXING-ORCHESTRATOR] [DEBUG] ✅ Chunk symbols after filtering: 0 symbols - 
[2025-11-28T04:57:11.024Z] [2025-11-28T04:57:11.025Z] [INDEXING-ORCHESTRATOR] [DEBUG] 📍 Chunk 9-14: 0 candidate symbols
[2025-11-28T04:57:11.024Z] [2025-11-28T04:57:11.025Z] [INDEXING-ORCHESTRATOR] [DEBUG] ✅ Chunk symbols after filtering: 0 symbols - 
[2025-11-28T04:57:11.024Z] [2025-11-28T04:57:11.025Z] [INDEXING-ORCHESTRATOR] [DEBUG] Created 2 semantic chunks for C:\Projects\educatedplanet\admin\src\components\ui\skeleton.tsx
[2025-11-28T04:57:11.024Z] [2025-11-28T04:57:11.025Z] [INDEXING-ORCHESTRATOR] [DEBUG] Average chunk size: 52 characters
[2025-11-28T04:57:11.027Z] [2025-11-28T04:57:11.028Z] [TREESITTER-CHUNKER] [INFO] Created 1 semantic chunks from C:\Projects\educatedplanet\admin\src\components\ui\slider.tsx
[2025-11-28T04:57:11.031Z] [2025-11-28T04:57:11.032Z] [TREESITTER-FULL] [INFO] Extracted 1 symbols from C:\Projects\educatedplanet\admin\src\components\ui\slider.tsx
[2025-11-28T04:57:11.031Z] [2025-11-28T04:57:11.032Z] [INDEXING-ORCHESTRATOR] [DEBUG] 🔍 Symbol extraction for C:\Projects\educatedplanet\admin\src\components\ui\slider.tsx: 1 symbols, 3 imports
[2025-11-28T04:57:11.031Z] [2025-11-28T04:57:11.032Z] [INDEXING-ORCHESTRATOR] [DEBUG] 📍 Chunk 1-64: 1 candidate symbols
[2025-11-28T04:57:11.031Z] [2025-11-28T04:57:11.032Z] [INDEXING-ORCHESTRATOR] [DEBUG] ✅ Chunk symbols after filtering: 1 symbols - _values
[2025-11-28T04:57:11.031Z] [2025-11-28T04:57:11.032Z] [INDEXING-ORCHESTRATOR] [DEBUG] Created 1 semantic chunks for C:\Projects\educatedplanet\admin\src\components\ui\slider.tsx
[2025-11-28T04:57:11.031Z] [2025-11-28T04:57:11.032Z] [INDEXING-ORCHESTRATOR] [DEBUG] Average chunk size: 2052 characters
[2025-11-28T04:57:11.035Z] [2025-11-28T04:57:11.036Z] [TREESITTER-CHUNKER] [INFO] Created 1 semantic chunks from C:\Projects\educatedplanet\admin\src\components\ui\sonner.tsx
[2025-11-28T04:57:11.042Z] [2025-11-28T04:57:11.043Z] [TREESITTER-FULL] [INFO] Extracted 0 symbols from C:\Projects\educatedplanet\admin\src\components\ui\sonner.tsx
[2025-11-28T04:57:11.042Z] [2025-11-28T04:57:11.043Z] [INDEXING-ORCHESTRATOR] [DEBUG] 🔍 Symbol extraction for C:\Projects\educatedplanet\admin\src\components\ui\sonner.tsx: 0 symbols, 3 imports
[2025-11-28T04:57:11.042Z] [2025-11-28T04:57:11.043Z] [INDEXING-ORCHESTRATOR] [DEBUG] 📍 Chunk 1-42: 0 candidate symbols
[2025-11-28T04:57:11.042Z] [2025-11-28T04:57:11.043Z] [INDEXING-ORCHESTRATOR] [DEBUG] ✅ Chunk symbols after filtering: 0 symbols - 
[2025-11-28T04:57:11.042Z] [2025-11-28T04:57:11.043Z] [INDEXING-ORCHESTRATOR] [DEBUG] Created 1 semantic chunks for C:\Projects\educatedplanet\admin\src\components\ui\sonner.tsx
[2025-11-28T04:57:11.042Z] [2025-11-28T04:57:11.043Z] [INDEXING-ORCHESTRATOR] [DEBUG] Average chunk size: 1201 characters
[2025-11-28T04:57:11.052Z] [2025-11-28T04:57:11.052Z] [TREESITTER-CHUNKER] [INFO] Created 1 semantic chunks from C:\Projects\educatedplanet\admin\src\components\ui\spinner.tsx
[2025-11-28T04:57:11.053Z] [2025-11-28T04:57:11.054Z] [TREESITTER-FULL] [INFO] Extracted 0 symbols from C:\Projects\educatedplanet\admin\src\components\ui\spinner.tsx
[2025-11-28T04:57:11.053Z] [2025-11-28T04:57:11.054Z] [INDEXING-ORCHESTRATOR] [DEBUG] 🔍 Symbol extraction for C:\Projects\educatedplanet\admin\src\components\ui\spinner.tsx: 0 symbols, 2 imports
[2025-11-28T04:57:11.053Z] [2025-11-28T04:57:11.054Z] [INDEXING-ORCHESTRATOR] [DEBUG] 📍 Chunk 1-17: 0 candidate symbols
[2025-11-28T04:57:11.053Z] [2025-11-28T04:57:11.054Z] [INDEXING-ORCHESTRATOR] [DEBUG] ✅ Chunk symbols after filtering: 0 symbols - 
[2025-11-28T04:57:11.053Z] [2025-11-28T04:57:11.054Z] [INDEXING-ORCHESTRATOR] [DEBUG] Created 1 semantic chunks for C:\Projects\educatedplanet\admin\src\components\ui\spinner.tsx
[2025-11-28T04:57:11.053Z] [2025-11-28T04:57:11.054Z] [INDEXING-ORCHESTRATOR] [DEBUG] Average chunk size: 345 characters
[2025-11-28T04:57:11.055Z] [2025-11-28T04:57:11.055Z] [TREESITTER-CHUNKER] [INFO] Created 1 semantic chunks from C:\Projects\educatedplanet\admin\src\components\ui\switch.tsx
[2025-11-28T04:57:11.057Z] [2025-11-28T04:57:11.058Z] [TREESITTER-FULL] [INFO] Extracted 0 symbols from C:\Projects\educatedplanet\admin\src\components\ui\switch.tsx
[2025-11-28T04:57:11.057Z] [2025-11-28T04:57:11.058Z] [INDEXING-ORCHESTRATOR] [DEBUG] 🔍 Symbol extraction for C:\Projects\educatedplanet\admin\src\components\ui\switch.tsx: 0 symbols, 3 imports
[2025-11-28T04:57:11.057Z] [2025-11-28T04:57:11.058Z] [INDEXING-ORCHESTRATOR] [DEBUG] 📍 Chunk 1-32: 0 candidate symbols
[2025-11-28T04:57:11.057Z] [2025-11-28T04:57:11.058Z] [INDEXING-ORCHESTRATOR] [DEBUG] ✅ Chunk symbols after filtering: 0 symbols - 
[2025-11-28T04:57:11.057Z] [2025-11-28T04:57:11.058Z] [INDEXING-ORCHESTRATOR] [DEBUG] Created 1 semantic chunks for C:\Projects\educatedplanet\admin\src\components\ui\switch.tsx
[2025-11-28T04:57:11.057Z] [2025-11-28T04:57:11.058Z] [INDEXING-ORCHESTRATOR] [DEBUG] Average chunk size: 1201 characters
[2025-11-28T04:57:11.063Z] [2025-11-28T04:57:11.064Z] [TREESITTER-CHUNKER] [INFO] Created 9 semantic chunks from C:\Projects\educatedplanet\admin\src\components\ui\table.tsx
[2025-11-28T04:57:11.078Z] [2025-11-28T04:57:11.079Z] [TREESITTER-FULL] [INFO] Extracted 0 symbols from C:\Projects\educatedplanet\admin\src\components\ui\table.tsx
[2025-11-28T04:57:11.078Z] [2025-11-28T04:57:11.079Z] [INDEXING-ORCHESTRATOR] [DEBUG] 🔍 Symbol extraction for C:\Projects\educatedplanet\admin\src\components\ui\table.tsx: 0 symbols, 2 imports
[2025-11-28T04:57:11.078Z] [2025-11-28T04:57:11.079Z] [INDEXING-ORCHESTRATOR] [DEBUG] 📍 Chunk 15-16: 0 candidate symbols
[2025-11-28T04:57:11.078Z] [2025-11-28T04:57:11.079Z] [INDEXING-ORCHESTRATOR] [DEBUG] ✅ Chunk symbols after filtering: 0 symbols - 
[2025-11-28T04:57:11.078Z] [2025-11-28T04:57:11.079Z] [INDEXING-ORCHESTRATOR] [DEBUG] 📍 Chunk 26-27: 0 candidate symbols
[2025-11-28T04:57:11.078Z] [2025-11-28T04:57:11.079Z] [INDEXING-ORCHESTRATOR] [DEBUG] ✅ Chunk symbols after filtering: 0 symbols - 
[2025-11-28T04:57:11.078Z] [2025-11-28T04:57:11.079Z] [INDEXING-ORCHESTRATOR] [DEBUG] 📍 Chunk 36-37: 0 candidate symbols
[2025-11-28T04:57:11.078Z] [2025-11-28T04:57:11.079Z] [INDEXING-ORCHESTRATOR] [DEBUG] ✅ Chunk symbols after filtering: 0 symbols - 
[2025-11-28T04:57:11.078Z] [2025-11-28T04:57:11.079Z] [INDEXING-ORCHESTRATOR] [DEBUG] 📍 Chunk 46-50: 0 candidate symbols
[2025-11-28T04:57:11.078Z] [2025-11-28T04:57:11.079Z] [INDEXING-ORCHESTRATOR] [DEBUG] ✅ Chunk symbols after filtering: 0 symbols - 
[2025-11-28T04:57:11.078Z] [2025-11-28T04:57:11.079Z] [INDEXING-ORCHESTRATOR] [DEBUG] 📍 Chunk 59-63: 0 candidate symbols
[2025-11-28T04:57:11.078Z] [2025-11-28T04:57:11.079Z] [INDEXING-ORCHESTRATOR] [DEBUG] ✅ Chunk symbols after filtering: 0 symbols - 
[2025-11-28T04:57:11.078Z] [2025-11-28T04:57:11.079Z] [INDEXING-ORCHESTRATOR] [DEBUG] 📍 Chunk 72-76: 0 candidate symbols
[2025-11-28T04:57:11.078Z] [2025-11-28T04:57:11.079Z] [INDEXING-ORCHESTRATOR] [DEBUG] ✅ Chunk symbols after filtering: 0 symbols - 
[2025-11-28T04:57:11.078Z] [2025-11-28T04:57:11.079Z] [INDEXING-ORCHESTRATOR] [DEBUG] 📍 Chunk 85-89: 0 candidate symbols
[2025-11-28T04:57:11.078Z] [2025-11-28T04:57:11.079Z] [INDEXING-ORCHESTRATOR] [DEBUG] ✅ Chunk symbols after filtering: 0 symbols - 
[2025-11-28T04:57:11.078Z] [2025-11-28T04:57:11.079Z] [INDEXING-ORCHESTRATOR] [DEBUG] 📍 Chunk 101-102: 0 candidate symbols
[2025-11-28T04:57:11.078Z] [2025-11-28T04:57:11.079Z] [INDEXING-ORCHESTRATOR] [DEBUG] ✅ Chunk symbols after filtering: 0 symbols - 
[2025-11-28T04:57:11.078Z] [2025-11-28T04:57:11.079Z] [INDEXING-ORCHESTRATOR] [DEBUG] 📍 Chunk 103-117: 0 candidate symbols
[2025-11-28T04:57:11.078Z] [2025-11-28T04:57:11.079Z] [INDEXING-ORCHESTRATOR] [DEBUG] ✅ Chunk symbols after filtering: 0 symbols - 
[2025-11-28T04:57:11.078Z] [2025-11-28T04:57:11.079Z] [INDEXING-ORCHESTRATOR] [DEBUG] Created 9 semantic chunks for C:\Projects\educatedplanet\admin\src\components\ui\table.tsx
[2025-11-28T04:57:11.078Z] [2025-11-28T04:57:11.079Z] [INDEXING-ORCHESTRATOR] [DEBUG] Average chunk size: 113 characters
[2025-11-28T04:57:11.078Z] [2025-11-28T04:57:11.079Z] [INDEXING-ORCHESTRATOR] [DEBUG] 📊 Processed: 170/324 files
[2025-11-28T04:57:11.082Z] [2025-11-28T04:57:11.083Z] [TREESITTER-CHUNKER] [INFO] Created 2 semantic chunks from C:\Projects\educatedplanet\admin\src\components\ui\tabs.tsx
[2025-11-28T04:57:11.087Z] [2025-11-28T04:57:11.088Z] [TREESITTER-FULL] [INFO] Extracted 1 symbols from C:\Projects\educatedplanet\admin\src\components\ui\tabs.tsx
[2025-11-28T04:57:11.087Z] [2025-11-28T04:57:11.088Z] [INDEXING-ORCHESTRATOR] [DEBUG] 🔍 Symbol extraction for C:\Projects\educatedplanet\admin\src\components\ui\tabs.tsx: 1 symbols, 3 imports
[2025-11-28T04:57:11.087Z] [2025-11-28T04:57:11.088Z] [INDEXING-ORCHESTRATOR] [DEBUG] 📍 Chunk 8-19: 1 candidate symbols
[2025-11-28T04:57:11.087Z] [2025-11-28T04:57:11.088Z] [INDEXING-ORCHESTRATOR] [DEBUG] ✅ Chunk symbols after filtering: 1 symbols - Tabs
[2025-11-28T04:57:11.087Z] [2025-11-28T04:57:11.088Z] [INDEXING-ORCHESTRATOR] [DEBUG] 📍 Chunk 20-67: 0 candidate symbols
[2025-11-28T04:57:11.087Z] [2025-11-28T04:57:11.088Z] [INDEXING-ORCHESTRATOR] [DEBUG] ✅ Chunk symbols after filtering: 0 symbols - 
[2025-11-28T04:57:11.087Z] [2025-11-28T04:57:11.088Z] [INDEXING-ORCHESTRATOR] [DEBUG] Created 2 semantic chunks for C:\Projects\educatedplanet\admin\src\components\ui\tabs.tsx
[2025-11-28T04:57:11.087Z] [2025-11-28T04:57:11.088Z] [INDEXING-ORCHESTRATOR] [DEBUG] Average chunk size: 944 characters
[2025-11-28T04:57:11.088Z] [2025-11-28T04:57:11.089Z] [TREESITTER-CHUNKER] [INFO] Created 2 semantic chunks from C:\Projects\educatedplanet\admin\src\components\ui\textarea.tsx
[2025-11-28T04:57:11.090Z] [2025-11-28T04:57:11.091Z] [TREESITTER-FULL] [INFO] Extracted 0 symbols from C:\Projects\educatedplanet\admin\src\components\ui\textarea.tsx
[2025-11-28T04:57:11.090Z] [2025-11-28T04:57:11.091Z] [INDEXING-ORCHESTRATOR] [DEBUG] 🔍 Symbol extraction for C:\Projects\educatedplanet\admin\src\components\ui\textarea.tsx: 0 symbols, 2 imports
[2025-11-28T04:57:11.090Z] [2025-11-28T04:57:11.091Z] [INDEXING-ORCHESTRATOR] [DEBUG] 📍 Chunk 9-13: 0 candidate symbols
[2025-11-28T04:57:11.090Z] [2025-11-28T04:57:11.091Z] [INDEXING-ORCHESTRATOR] [DEBUG] ✅ Chunk symbols after filtering: 0 symbols - 
[2025-11-28T04:57:11.090Z] [2025-11-28T04:57:11.091Z] [INDEXING-ORCHESTRATOR] [DEBUG] 📍 Chunk 14-19: 0 candidate symbols
[2025-11-28T04:57:11.090Z] [2025-11-28T04:57:11.091Z] [INDEXING-ORCHESTRATOR] [DEBUG] ✅ Chunk symbols after filtering: 0 symbols - 
[2025-11-28T04:57:11.090Z] [2025-11-28T04:57:11.091Z] [INDEXING-ORCHESTRATOR] [DEBUG] Created 2 semantic chunks for C:\Projects\educatedplanet\admin\src\components\ui\textarea.tsx
[2025-11-28T04:57:11.090Z] [2025-11-28T04:57:11.091Z] [INDEXING-ORCHESTRATOR] [DEBUG] Average chunk size: 274 characters
[2025-11-28T04:57:11.094Z] [2025-11-28T04:57:11.094Z] [TREESITTER-CHUNKER] [INFO] Created 3 semantic chunks from C:\Projects\educatedplanet\admin\src\components\ui\toggle-group.tsx
[2025-11-28T04:57:11.101Z] [2025-11-28T04:57:11.102Z] [TREESITTER-FULL] [INFO] Extracted 2 symbols from C:\Projects\educatedplanet\admin\src\components\ui\toggle-group.tsx
[2025-11-28T04:57:11.101Z] [2025-11-28T04:57:11.102Z] [INDEXING-ORCHESTRATOR] [DEBUG] 🔍 Symbol extraction for C:\Projects\educatedplanet\admin\src\components\ui\toggle-group.tsx: 2 symbols, 5 imports
[2025-11-28T04:57:11.101Z] [2025-11-28T04:57:11.102Z] [INDEXING-ORCHESTRATOR] [DEBUG] 📍 Chunk 20-66: 1 candidate symbols
[2025-11-28T04:57:11.101Z] [2025-11-28T04:57:11.102Z] [INDEXING-ORCHESTRATOR] [DEBUG] ✅ Chunk symbols after filtering: 1 symbols - ToggleGroup
[2025-11-28T04:57:11.101Z] [2025-11-28T04:57:11.102Z] [INDEXING-ORCHESTRATOR] [DEBUG] 📍 Chunk 67-76: 0 candidate symbols
[2025-11-28T04:57:11.101Z] [2025-11-28T04:57:11.102Z] [INDEXING-ORCHESTRATOR] [DEBUG] ✅ Chunk symbols after filtering: 0 symbols - 
[2025-11-28T04:57:11.101Z] [2025-11-28T04:57:11.102Z] [INDEXING-ORCHESTRATOR] [DEBUG] 📍 Chunk 77-84: 0 candidate symbols
[2025-11-28T04:57:11.101Z] [2025-11-28T04:57:11.102Z] [INDEXING-ORCHESTRATOR] [DEBUG] ✅ Chunk symbols after filtering: 0 symbols - 
[2025-11-28T04:57:11.101Z] [2025-11-28T04:57:11.102Z] [INDEXING-ORCHESTRATOR] [DEBUG] Created 3 semantic chunks for C:\Projects\educatedplanet\admin\src\components\ui\toggle-group.tsx
[2025-11-28T04:57:11.101Z] [2025-11-28T04:57:11.102Z] [INDEXING-ORCHESTRATOR] [DEBUG] Average chunk size: 636 characters
[2025-11-28T04:57:11.103Z] [2025-11-28T04:57:11.104Z] [TREESITTER-CHUNKER] [INFO] Created 1 semantic chunks from C:\Projects\educatedplanet\admin\src\components\ui\toggle.tsx
[2025-11-28T04:57:11.106Z] [2025-11-28T04:57:11.107Z] [TREESITTER-FULL] [INFO] Extracted 1 symbols from C:\Projects\educatedplanet\admin\src\components\ui\toggle.tsx
[2025-11-28T04:57:11.107Z] [2025-11-28T04:57:11.107Z] [INDEXING-ORCHESTRATOR] [DEBUG] 🔍 Symbol extraction for C:\Projects\educatedplanet\admin\src\components\ui\toggle.tsx: 1 symbols, 4 imports
[2025-11-28T04:57:11.107Z] [2025-11-28T04:57:11.107Z] [INDEXING-ORCHESTRATOR] [DEBUG] 📍 Chunk 1-48: 1 candidate symbols
[2025-11-28T04:57:11.107Z] [2025-11-28T04:57:11.107Z] [INDEXING-ORCHESTRATOR] [DEBUG] ✅ Chunk symbols after filtering: 1 symbols - toggleVariants
[2025-11-28T04:57:11.107Z] [2025-11-28T04:57:11.107Z] [INDEXING-ORCHESTRATOR] [DEBUG] Created 1 semantic chunks for C:\Projects\educatedplanet\admin\src\components\ui\toggle.tsx
[2025-11-28T04:57:11.107Z] [2025-11-28T04:57:11.107Z] [INDEXING-ORCHESTRATOR] [DEBUG] Average chunk size: 1610 characters
[2025-11-28T04:57:11.109Z] [2025-11-28T04:57:11.110Z] [TREESITTER-CHUNKER] [INFO] Created 3 semantic chunks from C:\Projects\educatedplanet\admin\src\components\ui\tooltip.tsx
[2025-11-28T04:57:11.116Z] [2025-11-28T04:57:11.116Z] [TREESITTER-FULL] [INFO] Extracted 2 symbols from C:\Projects\educatedplanet\admin\src\components\ui\tooltip.tsx
[2025-11-28T04:57:11.116Z] [2025-11-28T04:57:11.117Z] [INDEXING-ORCHESTRATOR] [DEBUG] 🔍 Symbol extraction for C:\Projects\educatedplanet\admin\src\components\ui\tooltip.tsx: 2 symbols, 3 imports
[2025-11-28T04:57:11.116Z] [2025-11-28T04:57:11.117Z] [INDEXING-ORCHESTRATOR] [DEBUG] 📍 Chunk 8-29: 2 candidate symbols
[2025-11-28T04:57:11.116Z] [2025-11-28T04:57:11.117Z] [INDEXING-ORCHESTRATOR] [DEBUG] ✅ Chunk symbols after filtering: 2 symbols - TooltipProvider, Tooltip
[2025-11-28T04:57:11.116Z] [2025-11-28T04:57:11.117Z] [INDEXING-ORCHESTRATOR] [DEBUG] 📍 Chunk 37-59: 0 candidate symbols
[2025-11-28T04:57:11.116Z] [2025-11-28T04:57:11.117Z] [INDEXING-ORCHESTRATOR] [DEBUG] ✅ Chunk symbols after filtering: 0 symbols - 
[2025-11-28T04:57:11.116Z] [2025-11-28T04:57:11.117Z] [INDEXING-ORCHESTRATOR] [DEBUG] 📍 Chunk 60-62: 0 candidate symbols
[2025-11-28T04:57:11.116Z] [2025-11-28T04:57:11.117Z] [INDEXING-ORCHESTRATOR] [DEBUG] ✅ Chunk symbols after filtering: 0 symbols - 
[2025-11-28T04:57:11.116Z] [2025-11-28T04:57:11.117Z] [INDEXING-ORCHESTRATOR] [DEBUG] Created 3 semantic chunks for C:\Projects\educatedplanet\admin\src\components\ui\tooltip.tsx
[2025-11-28T04:57:11.116Z] [2025-11-28T04:57:11.117Z] [INDEXING-ORCHESTRATOR] [DEBUG] Average chunk size: 538 characters
[2025-11-28T04:57:11.117Z] [2025-11-28T04:57:11.117Z] [TREESITTER-CHUNKER] [INFO] Created 1 semantic chunks from C:\Projects\educatedplanet\admin\src\config\app-config.ts
[2025-11-28T04:57:11.118Z] [2025-11-28T04:57:11.119Z] [TREESITTER-FULL] [INFO] Extracted 2 symbols from C:\Projects\educatedplanet\admin\src\config\app-config.ts
[2025-11-28T04:57:11.118Z] [2025-11-28T04:57:11.119Z] [INDEXING-ORCHESTRATOR] [DEBUG] 🔍 Symbol extraction for C:\Projects\educatedplanet\admin\src\config\app-config.ts: 2 symbols, 1 imports
[2025-11-28T04:57:11.118Z] [2025-11-28T04:57:11.119Z] [INDEXING-ORCHESTRATOR] [DEBUG] 📍 Chunk 1-15: 2 candidate symbols
[2025-11-28T04:57:11.118Z] [2025-11-28T04:57:11.119Z] [INDEXING-ORCHESTRATOR] [DEBUG] ✅ Chunk symbols after filtering: 2 symbols - currentYear, APP_CONFIG
[2025-11-28T04:57:11.118Z] [2025-11-28T04:57:11.119Z] [INDEXING-ORCHESTRATOR] [DEBUG] Created 1 semantic chunks for C:\Projects\educatedplanet\admin\src\config\app-config.ts
[2025-11-28T04:57:11.118Z] [2025-11-28T04:57:11.119Z] [INDEXING-ORCHESTRATOR] [DEBUG] Average chunk size: 570 characters
[2025-11-28T04:57:11.125Z] [2025-11-28T04:57:11.126Z] [TREESITTER-CHUNKER] [INFO] Created 1 semantic chunks from C:\Projects\educatedplanet\admin\src\data\tutors.ts
[2025-11-28T04:57:11.133Z] [2025-11-28T04:57:11.134Z] [TREESITTER-FULL] [INFO] Extracted 2 symbols from C:\Projects\educatedplanet\admin\src\data\tutors.ts
[2025-11-28T04:57:11.133Z] [2025-11-28T04:57:11.134Z] [INDEXING-ORCHESTRATOR] [DEBUG] 🔍 Symbol extraction for C:\Projects\educatedplanet\admin\src\data\tutors.ts: 2 symbols, 1 imports
[2025-11-28T04:57:11.133Z] [2025-11-28T04:57:11.134Z] [INDEXING-ORCHESTRATOR] [DEBUG] 📍 Chunk 1-118: 2 candidate symbols
[2025-11-28T04:57:11.133Z] [2025-11-28T04:57:11.134Z] [INDEXING-ORCHESTRATOR] [DEBUG] ✅ Chunk symbols after filtering: 2 symbols - tutors, reviews
[2025-11-28T04:57:11.133Z] [2025-11-28T04:57:11.134Z] [INDEXING-ORCHESTRATOR] [DEBUG] Created 1 semantic chunks for C:\Projects\educatedplanet\admin\src\data\tutors.ts
[2025-11-28T04:57:11.133Z] [2025-11-28T04:57:11.134Z] [INDEXING-ORCHESTRATOR] [DEBUG] Average chunk size: 2966 characters
[2025-11-28T04:57:11.134Z] [2025-11-28T04:57:11.135Z] [TREESITTER-CHUNKER] [INFO] Created 1 semantic chunks from C:\Projects\educatedplanet\admin\src\hooks\api\index.ts
[2025-11-28T04:57:11.135Z] [2025-11-28T04:57:11.136Z] [TREESITTER-FULL] [INFO] Extracted 0 symbols from C:\Projects\educatedplanet\admin\src\hooks\api\index.ts
[2025-11-28T04:57:11.135Z] [2025-11-28T04:57:11.136Z] [INDEXING-ORCHESTRATOR] [DEBUG] 🔍 Symbol extraction for C:\Projects\educatedplanet\admin\src\hooks\api\index.ts: 0 symbols, 0 imports
[2025-11-28T04:57:11.135Z] [2025-11-28T04:57:11.136Z] [INDEXING-ORCHESTRATOR] [DEBUG] 📍 Chunk 1-49: 0 candidate symbols
[2025-11-28T04:57:11.135Z] [2025-11-28T04:57:11.136Z] [INDEXING-ORCHESTRATOR] [DEBUG] ✅ Chunk symbols after filtering: 0 symbols - 
[2025-11-28T04:57:11.135Z] [2025-11-28T04:57:11.136Z] [INDEXING-ORCHESTRATOR] [DEBUG] Created 1 semantic chunks for C:\Projects\educatedplanet\admin\src\hooks\api\index.ts
[2025-11-28T04:57:11.135Z] [2025-11-28T04:57:11.136Z] [INDEXING-ORCHESTRATOR] [DEBUG] Average chunk size: 747 characters
[2025-11-28T04:57:11.142Z] [2025-11-28T04:57:11.142Z] [TREESITTER-CHUNKER] [INFO] Created 1 semantic chunks from C:\Projects\educatedplanet\admin\src\hooks\api\use-reviews.ts
[2025-11-28T04:57:11.167Z] [2025-11-28T04:57:11.168Z] [TREESITTER-FULL] [INFO] Extracted 8 symbols from C:\Projects\educatedplanet\admin\src\hooks\api\use-reviews.ts
[2025-11-28T04:57:11.167Z] [2025-11-28T04:57:11.168Z] [INDEXING-ORCHESTRATOR] [DEBUG] 🔍 Symbol extraction for C:\Projects\educatedplanet\admin\src\hooks\api\use-reviews.ts: 8 symbols, 3 imports
[2025-11-28T04:57:11.167Z] [2025-11-28T04:57:11.168Z] [INDEXING-ORCHESTRATOR] [DEBUG] 📍 Chunk 1-149: 8 candidate symbols
[2025-11-28T04:57:11.167Z] [2025-11-28T04:57:11.168Z] [INDEXING-ORCHESTRATOR] [DEBUG] ✅ Chunk symbols after filtering: 8 symbols - reviewKeys, useReviews, useReview, useReviewStats, useCreateReview, useUpdateReview, useDeleteReview, useBulkDeleteReviews
[2025-11-28T04:57:11.167Z] [2025-11-28T04:57:11.168Z] [INDEXING-ORCHESTRATOR] [DEBUG] Created 1 semantic chunks for C:\Projects\educatedplanet\admin\src\hooks\api\use-reviews.ts
[2025-11-28T04:57:11.167Z] [2025-11-28T04:57:11.168Z] [INDEXING-ORCHESTRATOR] [DEBUG] Average chunk size: 4652 characters
[2025-11-28T04:57:11.169Z] [2025-11-28T04:57:11.170Z] [TREESITTER-CHUNKER] [INFO] Created 1 semantic chunks from C:\Projects\educatedplanet\admin\src\hooks\api\use-dashboard.ts
[2025-11-28T04:57:11.175Z] [2025-11-28T04:57:11.176Z] [TREESITTER-FULL] [INFO] Extracted 4 symbols from C:\Projects\educatedplanet\admin\src\hooks\api\use-dashboard.ts
[2025-11-28T04:57:11.175Z] [2025-11-28T04:57:11.176Z] [INDEXING-ORCHESTRATOR] [DEBUG] 🔍 Symbol extraction for C:\Projects\educatedplanet\admin\src\hooks\api\use-dashboard.ts: 4 symbols, 2 imports
[2025-11-28T04:57:11.175Z] [2025-11-28T04:57:11.176Z] [INDEXING-ORCHESTRATOR] [DEBUG] 📍 Chunk 1-49: 4 candidate symbols
[2025-11-28T04:57:11.175Z] [2025-11-28T04:57:11.176Z] [INDEXING-ORCHESTRATOR] [DEBUG] ✅ Chunk symbols after filtering: 4 symbols - dashboardKeys, useDashboardOverview, useRecentActivities, useRefreshDashboard
[2025-11-28T04:57:11.175Z] [2025-11-28T04:57:11.176Z] [INDEXING-ORCHESTRATOR] [DEBUG] Created 1 semantic chunks for C:\Projects\educatedplanet\admin\src\hooks\api\use-dashboard.ts
[2025-11-28T04:57:11.175Z] [2025-11-28T04:57:11.176Z] [INDEXING-ORCHESTRATOR] [DEBUG] Average chunk size: 1506 characters
[2025-11-28T04:57:11.175Z] [2025-11-28T04:57:11.176Z] [INDEXING-ORCHESTRATOR] [DEBUG] 📊 Processed: 180/324 files
[2025-11-28T04:57:11.182Z] [2025-11-28T04:57:11.183Z] [TREESITTER-CHUNKER] [INFO] Created 2 semantic chunks from C:\Projects\educatedplanet\admin\src\hooks\use-data-table-instance.ts
[2025-11-28T04:57:11.189Z] [2025-11-28T04:57:11.190Z] [TREESITTER-FULL] [INFO] Extracted 2 symbols from C:\Projects\educatedplanet\admin\src\hooks\use-data-table-instance.ts
[2025-11-28T04:57:11.189Z] [2025-11-28T04:57:11.190Z] [INDEXING-ORCHESTRATOR] [DEBUG] 🔍 Symbol extraction for C:\Projects\educatedplanet\admin\src\hooks\use-data-table-instance.ts: 2 symbols, 2 imports
[2025-11-28T04:57:11.189Z] [2025-11-28T04:57:11.190Z] [INDEXING-ORCHESTRATOR] [DEBUG] 📍 Chunk 17-28: 1 candidate symbols
[2025-11-28T04:57:11.189Z] [2025-11-28T04:57:11.190Z] [INDEXING-ORCHESTRATOR] [DEBUG] ✅ Chunk symbols after filtering: 1 symbols - UseDataTableInstanceProps
[2025-11-28T04:57:11.189Z] [2025-11-28T04:57:11.190Z] [INDEXING-ORCHESTRATOR] [DEBUG] 📍 Chunk 30-81: 1 candidate symbols
[2025-11-28T04:57:11.189Z] [2025-11-28T04:57:11.190Z] [INDEXING-ORCHESTRATOR] [DEBUG] ✅ Chunk symbols after filtering: 1 symbols - useDataTableInstance
[2025-11-28T04:57:11.189Z] [2025-11-28T04:57:11.190Z] [INDEXING-ORCHESTRATOR] [DEBUG] Created 2 semantic chunks for C:\Projects\educatedplanet\admin\src\hooks\use-data-table-instance.ts
[2025-11-28T04:57:11.189Z] [2025-11-28T04:57:11.190Z] [INDEXING-ORCHESTRATOR] [DEBUG] Average chunk size: 1046 characters
[2025-11-28T04:57:11.202Z] [2025-11-28T04:57:11.203Z] [TREESITTER-CHUNKER] [INFO] Created 1 semantic chunks from C:\Projects\educatedplanet\admin\src\hooks\api\use-tutors.ts
[2025-11-28T04:57:11.240Z] [2025-11-28T04:57:11.240Z] [TREESITTER-FULL] [INFO] Extracted 10 symbols from C:\Projects\educatedplanet\admin\src\hooks\api\use-tutors.ts
[2025-11-28T04:57:11.240Z] [2025-11-28T04:57:11.241Z] [INDEXING-ORCHESTRATOR] [DEBUG] 🔍 Symbol extraction for C:\Projects\educatedplanet\admin\src\hooks\api\use-tutors.ts: 10 symbols, 3 imports
[2025-11-28T04:57:11.240Z] [2025-11-28T04:57:11.241Z] [INDEXING-ORCHESTRATOR] [DEBUG] 📍 Chunk 1-197: 10 candidate symbols
[2025-11-28T04:57:11.240Z] [2025-11-28T04:57:11.241Z] [INDEXING-ORCHESTRATOR] [DEBUG] ✅ Chunk symbols after filtering: 10 symbols - tutorKeys, useTutors, useTutor, useTutorStats, useCreateTutor, useUpdateTutor, useDeleteTutor, useVerifyTutor, useBulkDeleteTutors, useBulkVerifyTutors
[2025-11-28T04:57:11.240Z] [2025-11-28T04:57:11.241Z] [INDEXING-ORCHESTRATOR] [DEBUG] Created 1 semantic chunks for C:\Projects\educatedplanet\admin\src\hooks\api\use-tutors.ts
[2025-11-28T04:57:11.240Z] [2025-11-28T04:57:11.241Z] [INDEXING-ORCHESTRATOR] [DEBUG] Average chunk size: 6251 characters
[2025-11-28T04:57:11.241Z] [2025-11-28T04:57:11.242Z] [TREESITTER-CHUNKER] [INFO] Created 1 semantic chunks from C:\Projects\educatedplanet\admin\src\hooks\use-mobile.ts
[2025-11-28T04:57:11.244Z] [2025-11-28T04:57:11.245Z] [TREESITTER-FULL] [INFO] Extracted 1 symbols from C:\Projects\educatedplanet\admin\src\hooks\use-mobile.ts
[2025-11-28T04:57:11.244Z] [2025-11-28T04:57:11.245Z] [INDEXING-ORCHESTRATOR] [DEBUG] 🔍 Symbol extraction for C:\Projects\educatedplanet\admin\src\hooks\use-mobile.ts: 1 symbols, 1 imports
[2025-11-28T04:57:11.244Z] [2025-11-28T04:57:11.245Z] [INDEXING-ORCHESTRATOR] [DEBUG] 📍 Chunk 5-19: 1 candidate symbols
[2025-11-28T04:57:11.244Z] [2025-11-28T04:57:11.245Z] [INDEXING-ORCHESTRATOR] [DEBUG] ✅ Chunk symbols after filtering: 1 symbols - useIsMobile
[2025-11-28T04:57:11.244Z] [2025-11-28T04:57:11.245Z] [INDEXING-ORCHESTRATOR] [DEBUG] Created 1 semantic chunks for C:\Projects\educatedplanet\admin\src\hooks\use-mobile.ts
[2025-11-28T04:57:11.244Z] [2025-11-28T04:57:11.245Z] [INDEXING-ORCHESTRATOR] [DEBUG] Average chunk size: 517 characters
[2025-11-28T04:57:11.251Z] [2025-11-28T04:57:11.252Z] [TREESITTER-CHUNKER] [INFO] Created 1 semantic chunks from C:\Projects\educatedplanet\admin\src\hooks\api\use-users.ts
[2025-11-28T04:57:11.278Z] [2025-11-28T04:57:11.279Z] [TREESITTER-FULL] [INFO] Extracted 8 symbols from C:\Projects\educatedplanet\admin\src\hooks\api\use-users.ts
[2025-11-28T04:57:11.278Z] [2025-11-28T04:57:11.279Z] [INDEXING-ORCHESTRATOR] [DEBUG] 🔍 Symbol extraction for C:\Projects\educatedplanet\admin\src\hooks\api\use-users.ts: 8 symbols, 3 imports
[2025-11-28T04:57:11.278Z] [2025-11-28T04:57:11.279Z] [INDEXING-ORCHESTRATOR] [DEBUG] 📍 Chunk 1-149: 8 candidate symbols
[2025-11-28T04:57:11.278Z] [2025-11-28T04:57:11.279Z] [INDEXING-ORCHESTRATOR] [DEBUG] ✅ Chunk symbols after filtering: 8 symbols - userKeys, useUsers, useUser, useUserStats, useCreateUser, useUpdateUser, useDeleteUser, useBulkDeleteUsers
[2025-11-28T04:57:11.278Z] [2025-11-28T04:57:11.279Z] [INDEXING-ORCHESTRATOR] [DEBUG] Created 1 semantic chunks for C:\Projects\educatedplanet\admin\src\hooks\api\use-users.ts
[2025-11-28T04:57:11.278Z] [2025-11-28T04:57:11.279Z] [INDEXING-ORCHESTRATOR] [DEBUG] Average chunk size: 4481 characters
[2025-11-28T04:57:11.279Z] [2025-11-28T04:57:11.280Z] [TREESITTER-CHUNKER] [INFO] Created 1 semantic chunks from C:\Projects\educatedplanet\admin\src\hooks\use-navigation-loading.ts
[2025-11-28T04:57:11.282Z] [2025-11-28T04:57:11.283Z] [TREESITTER-FULL] [INFO] Extracted 1 symbols from C:\Projects\educatedplanet\admin\src\hooks\use-navigation-loading.ts
[2025-11-28T04:57:11.282Z] [2025-11-28T04:57:11.283Z] [INDEXING-ORCHESTRATOR] [DEBUG] 🔍 Symbol extraction for C:\Projects\educatedplanet\admin\src\hooks\use-navigation-loading.ts: 1 symbols, 3 imports
[2025-11-28T04:57:11.282Z] [2025-11-28T04:57:11.283Z] [INDEXING-ORCHESTRATOR] [DEBUG] 📍 Chunk 7-40: 1 candidate symbols
[2025-11-28T04:57:11.282Z] [2025-11-28T04:57:11.283Z] [INDEXING-ORCHESTRATOR] [DEBUG] ✅ Chunk symbols after filtering: 1 symbols - useNavigationLoading
[2025-11-28T04:57:11.282Z] [2025-11-28T04:57:11.283Z] [INDEXING-ORCHESTRATOR] [DEBUG] Created 1 semantic chunks for C:\Projects\educatedplanet\admin\src\hooks\use-navigation-loading.ts
[2025-11-28T04:57:11.282Z] [2025-11-28T04:57:11.283Z] [INDEXING-ORCHESTRATOR] [DEBUG] Average chunk size: 816 characters
[2025-11-28T04:57:11.296Z] [2025-11-28T04:57:11.297Z] [TREESITTER-CHUNKER] [INFO] Created 1 semantic chunks from C:\Projects\educatedplanet\admin\src\lib\api-client.ts
[2025-11-28T04:57:11.350Z] [2025-11-28T04:57:11.351Z] [TREESITTER-FULL] [INFO] Extracted 5 symbols from C:\Projects\educatedplanet\admin\src\lib\api-client.ts
[2025-11-28T04:57:11.350Z] [2025-11-28T04:57:11.351Z] [INDEXING-ORCHESTRATOR] [DEBUG] 🔍 Symbol extraction for C:\Projects\educatedplanet\admin\src\lib\api-client.ts: 5 symbols, 1 imports
[2025-11-28T04:57:11.351Z] [2025-11-28T04:57:11.351Z] [INDEXING-ORCHESTRATOR] [DEBUG] 📍 Chunk 1-362: 5 candidate symbols
[2025-11-28T04:57:11.351Z] [2025-11-28T04:57:11.351Z] [INDEXING-ORCHESTRATOR] [DEBUG] ✅ Chunk symbols after filtering: 5 symbols - buildQueryString, userApi, tutorApi, reviewApi, dashboardApi
[2025-11-28T04:57:11.351Z] [2025-11-28T04:57:11.351Z] [INDEXING-ORCHESTRATOR] [DEBUG] Created 1 semantic chunks for C:\Projects\educatedplanet\admin\src\lib\api-client.ts
[2025-11-28T04:57:11.351Z] [2025-11-28T04:57:11.351Z] [INDEXING-ORCHESTRATOR] [DEBUG] Average chunk size: 9351 characters
[2025-11-28T04:57:11.379Z] [2025-11-28T04:57:11.380Z] [TREESITTER-CHUNKER] [INFO] Created 4 semantic chunks from C:\Projects\educatedplanet\admin\src\lib\auth-client.tsx
[2025-11-28T04:57:11.425Z] [2025-11-28T04:57:11.426Z] [TREESITTER-FULL] [INFO] Extracted 11 symbols from C:\Projects\educatedplanet\admin\src\lib\auth-client.tsx
[2025-11-28T04:57:11.425Z] [2025-11-28T04:57:11.426Z] [INDEXING-ORCHESTRATOR] [DEBUG] 🔍 Symbol extraction for C:\Projects\educatedplanet\admin\src\lib\auth-client.tsx: 11 symbols, 3 imports
[2025-11-28T04:57:11.425Z] [2025-11-28T04:57:11.426Z] [INDEXING-ORCHESTRATOR] [DEBUG] 📍 Chunk 8-46: 5 candidate symbols
[2025-11-28T04:57:11.425Z] [2025-11-28T04:57:11.426Z] [INDEXING-ORCHESTRATOR] [DEBUG] ✅ Chunk symbols after filtering: 5 symbols - User, Session, SignInResponse, SessionResponse, AuthContextType
[2025-11-28T04:57:11.425Z] [2025-11-28T04:57:11.426Z] [INDEXING-ORCHESTRATOR] [DEBUG] 📍 Chunk 51-173: 1 candidate symbols
[2025-11-28T04:57:11.425Z] [2025-11-28T04:57:11.426Z] [INDEXING-ORCHESTRATOR] [DEBUG] ✅ Chunk symbols after filtering: 1 symbols - AuthProvider
[2025-11-28T04:57:11.425Z] [2025-11-28T04:57:11.426Z] [INDEXING-ORCHESTRATOR] [DEBUG] 📍 Chunk 176-182: 1 candidate symbols
[2025-11-28T04:57:11.425Z] [2025-11-28T04:57:11.426Z] [INDEXING-ORCHESTRATOR] [DEBUG] ✅ Chunk symbols after filtering: 1 symbols - useAuth
[2025-11-28T04:57:11.425Z] [2025-11-28T04:57:11.426Z] [INDEXING-ORCHESTRATOR] [DEBUG] 📍 Chunk 183-227: 3 candidate symbols
[2025-11-28T04:57:11.425Z] [2025-11-28T04:57:11.426Z] [INDEXING-ORCHESTRATOR] [DEBUG] ✅ Chunk symbols after filtering: 3 symbols - signIn, signOut, getSession
[2025-11-28T04:57:11.425Z] [2025-11-28T04:57:11.426Z] [INDEXING-ORCHESTRATOR] [DEBUG] Created 4 semantic chunks for C:\Projects\educatedplanet\admin\src\lib\auth-client.tsx
[2025-11-28T04:57:11.425Z] [2025-11-28T04:57:11.426Z] [INDEXING-ORCHESTRATOR] [DEBUG] Average chunk size: 1373 characters
[2025-11-28T04:57:11.430Z] [2025-11-28T04:57:11.430Z] [TREESITTER-CHUNKER] [INFO] Created 2 semantic chunks from C:\Projects\educatedplanet\admin\src\hooks\useSubjectsAndClasses.ts
[2025-11-28T04:57:11.438Z] [2025-11-28T04:57:11.439Z] [TREESITTER-FULL] [INFO] Extracted 1 symbols from C:\Projects\educatedplanet\admin\src\hooks\useSubjectsAndClasses.ts
[2025-11-28T04:57:11.438Z] [2025-11-28T04:57:11.439Z] [INDEXING-ORCHESTRATOR] [DEBUG] 🔍 Symbol extraction for C:\Projects\educatedplanet\admin\src\hooks\useSubjectsAndClasses.ts: 1 symbols, 2 imports
[2025-11-28T04:57:11.439Z] [2025-11-28T04:57:11.439Z] [INDEXING-ORCHESTRATOR] [DEBUG] 📍 Chunk 6-30: 0 candidate symbols
[2025-11-28T04:57:11.439Z] [2025-11-28T04:57:11.439Z] [INDEXING-ORCHESTRATOR] [DEBUG] ✅ Chunk symbols after filtering: 0 symbols - 
[2025-11-28T04:57:11.439Z] [2025-11-28T04:57:11.439Z] [INDEXING-ORCHESTRATOR] [DEBUG] 📍 Chunk 31-40: 0 candidate symbols
[2025-11-28T04:57:11.439Z] [2025-11-28T04:57:11.439Z] [INDEXING-ORCHESTRATOR] [DEBUG] ✅ Chunk symbols after filtering: 0 symbols - 
[2025-11-28T04:57:11.439Z] [2025-11-28T04:57:11.439Z] [INDEXING-ORCHESTRATOR] [DEBUG] Created 2 semantic chunks for C:\Projects\educatedplanet\admin\src\hooks\useSubjectsAndClasses.ts
[2025-11-28T04:57:11.439Z] [2025-11-28T04:57:11.439Z] [INDEXING-ORCHESTRATOR] [DEBUG] Average chunk size: 498 characters
[2025-11-28T04:57:11.467Z] [2025-11-28T04:57:11.468Z] [TREESITTER-CHUNKER] [INFO] Created 1 semantic chunks from C:\Projects\educatedplanet\admin\src\lib\api.ts
[2025-11-28T04:57:11.556Z] [2025-11-28T04:57:11.557Z] [TREESITTER-FULL] [INFO] Extracted 9 symbols from C:\Projects\educatedplanet\admin\src\lib\api.ts
[2025-11-28T04:57:11.556Z] [2025-11-28T04:57:11.557Z] [INDEXING-ORCHESTRATOR] [DEBUG] 🔍 Symbol extraction for C:\Projects\educatedplanet\admin\src\lib\api.ts: 9 symbols, 1 imports
[2025-11-28T04:57:11.557Z] [2025-11-28T04:57:11.557Z] [INDEXING-ORCHESTRATOR] [DEBUG] 📍 Chunk 1-403: 9 candidate symbols
[2025-11-28T04:57:11.557Z] [2025-11-28T04:57:11.557Z] [INDEXING-ORCHESTRATOR] [DEBUG] ✅ Chunk symbols after filtering: 9 symbols - dataservice, transformUserSearchResult, transformTutorSearchResult, transformReviewSearchResult, userApi, tutorApi, reviewApi, dashboardApi, api
[2025-11-28T04:57:11.557Z] [2025-11-28T04:57:11.557Z] [INDEXING-ORCHESTRATOR] [DEBUG] Created 1 semantic chunks for C:\Projects\educatedplanet\admin\src\lib\api.ts
[2025-11-28T04:57:11.557Z] [2025-11-28T04:57:11.557Z] [INDEXING-ORCHESTRATOR] [DEBUG] Average chunk size: 10802 characters
[2025-11-28T04:57:11.562Z] [2025-11-28T04:57:11.563Z] [TREESITTER-CHUNKER] [INFO] Created 1 semantic chunks from C:\Projects\educatedplanet\admin\src\lib\auth-custom.ts
[2025-11-28T04:57:11.576Z] [2025-11-28T04:57:11.577Z] [TREESITTER-FULL] [INFO] Extracted 5 symbols from C:\Projects\educatedplanet\admin\src\lib\auth-custom.ts
[2025-11-28T04:57:11.576Z] [2025-11-28T04:57:11.577Z] [INDEXING-ORCHESTRATOR] [DEBUG] 🔍 Symbol extraction for C:\Projects\educatedplanet\admin\src\lib\auth-custom.ts: 5 symbols, 4 imports
[2025-11-28T04:57:11.576Z] [2025-11-28T04:57:11.577Z] [INDEXING-ORCHESTRATOR] [DEBUG] 📍 Chunk 1-87: 5 candidate symbols
[2025-11-28T04:57:11.576Z] [2025-11-28T04:57:11.577Z] [INDEXING-ORCHESTRATOR] [DEBUG] ✅ Chunk symbols after filtering: 5 symbols - client, db, customPasswordHash, authConfig, authConfig
[2025-11-28T04:57:11.576Z] [2025-11-28T04:57:11.577Z] [INDEXING-ORCHESTRATOR] [DEBUG] Created 1 semantic chunks for C:\Projects\educatedplanet\admin\src\lib\auth-custom.ts
[2025-11-28T04:57:11.576Z] [2025-11-28T04:57:11.577Z] [INDEXING-ORCHESTRATOR] [DEBUG] Average chunk size: 2368 characters
[2025-11-28T04:57:11.576Z] [2025-11-28T04:57:11.577Z] [INDEXING-ORCHESTRATOR] [DEBUG] 📊 Processed: 190/324 files
[2025-11-28T04:57:11.590Z] [2025-11-28T04:57:11.591Z] [TREESITTER-CHUNKER] [INFO] Created 1 semantic chunks from C:\Projects\educatedplanet\admin\src\lib\auth-simple.ts
[2025-11-28T04:57:11.599Z] [2025-11-28T04:57:11.599Z] [TREESITTER-FULL] [INFO] Extracted 5 symbols from C:\Projects\educatedplanet\admin\src\lib\auth-simple.ts
[2025-11-28T04:57:11.599Z] [2025-11-28T04:57:11.599Z] [INDEXING-ORCHESTRATOR] [DEBUG] 🔍 Symbol extraction for C:\Projects\educatedplanet\admin\src\lib\auth-simple.ts: 5 symbols, 4 imports
[2025-11-28T04:57:11.599Z] [2025-11-28T04:57:11.599Z] [INDEXING-ORCHESTRATOR] [DEBUG] 📍 Chunk 1-68: 5 candidate symbols
[2025-11-28T04:57:11.599Z] [2025-11-28T04:57:11.599Z] [INDEXING-ORCHESTRATOR] [DEBUG] ✅ Chunk symbols after filtering: 5 symbols - client, db, adapter, authConfig, authConfig
[2025-11-28T04:57:11.599Z] [2025-11-28T04:57:11.600Z] [INDEXING-ORCHESTRATOR] [DEBUG] Created 1 semantic chunks for C:\Projects\educatedplanet\admin\src\lib\auth-simple.ts
[2025-11-28T04:57:11.599Z] [2025-11-28T04:57:11.600Z] [INDEXING-ORCHESTRATOR] [DEBUG] Average chunk size: 2000 characters
[2025-11-28T04:57:11.603Z] [2025-11-28T04:57:11.604Z] [TREESITTER-CHUNKER] [INFO] Created 2 semantic chunks from C:\Projects\educatedplanet\admin\src\lib\auth-utils.ts
[2025-11-28T04:57:11.612Z] [2025-11-28T04:57:11.613Z] [TREESITTER-FULL] [INFO] Extracted 8 symbols from C:\Projects\educatedplanet\admin\src\lib\auth-utils.ts
[2025-11-28T04:57:11.612Z] [2025-11-28T04:57:11.613Z] [INDEXING-ORCHESTRATOR] [DEBUG] 🔍 Symbol extraction for C:\Projects\educatedplanet\admin\src\lib\auth-utils.ts: 8 symbols, 3 imports
[2025-11-28T04:57:11.612Z] [2025-11-28T04:57:11.613Z] [INDEXING-ORCHESTRATOR] [DEBUG] 📍 Chunk 6-41: 3 candidate symbols
[2025-11-28T04:57:11.612Z] [2025-11-28T04:57:11.613Z] [INDEXING-ORCHESTRATOR] [DEBUG] ✅ Chunk symbols after filtering: 3 symbols - User, Session, getServerSession
[2025-11-28T04:57:11.612Z] [2025-11-28T04:57:11.613Z] [INDEXING-ORCHESTRATOR] [DEBUG] 📍 Chunk 47-100: 5 candidate symbols
[2025-11-28T04:57:11.612Z] [2025-11-28T04:57:11.613Z] [INDEXING-ORCHESTRATOR] [DEBUG] ✅ Chunk symbols after filtering: 5 symbols - requireAuth, requireRole, hasRole, getCurrentUser, isAuthenticated
[2025-11-28T04:57:11.612Z] [2025-11-28T04:57:11.613Z] [INDEXING-ORCHESTRATOR] [DEBUG] Created 2 semantic chunks for C:\Projects\educatedplanet\admin\src\lib\auth-utils.ts
[2025-11-28T04:57:11.612Z] [2025-11-28T04:57:11.613Z] [INDEXING-ORCHESTRATOR] [DEBUG] Average chunk size: 944 characters
[2025-11-28T04:57:11.613Z] [2025-11-28T04:57:11.614Z] [TREESITTER-CHUNKER] [INFO] Created 1 semantic chunks from C:\Projects\educatedplanet\admin\src\lib\client-api.ts
[2025-11-28T04:57:11.614Z] [2025-11-28T04:57:11.614Z] [TREESITTER-FULL] [INFO] Extracted 0 symbols from C:\Projects\educatedplanet\admin\src\lib\client-api.ts
[2025-11-28T04:57:11.614Z] [2025-11-28T04:57:11.614Z] [INDEXING-ORCHESTRATOR] [DEBUG] 🔍 Symbol extraction for C:\Projects\educatedplanet\admin\src\lib\client-api.ts: 0 symbols, 0 imports
[2025-11-28T04:57:11.614Z] [2025-11-28T04:57:11.614Z] [INDEXING-ORCHESTRATOR] [DEBUG] 📍 Chunk 1-14: 0 candidate symbols
[2025-11-28T04:57:11.614Z] [2025-11-28T04:57:11.614Z] [INDEXING-ORCHESTRATOR] [DEBUG] ✅ Chunk symbols after filtering: 0 symbols - 
[2025-11-28T04:57:11.614Z] [2025-11-28T04:57:11.614Z] [INDEXING-ORCHESTRATOR] [DEBUG] Created 1 semantic chunks for C:\Projects\educatedplanet\admin\src\lib\client-api.ts
[2025-11-28T04:57:11.614Z] [2025-11-28T04:57:11.614Z] [INDEXING-ORCHESTRATOR] [DEBUG] Average chunk size: 291 characters
[2025-11-28T04:57:11.618Z] [2025-11-28T04:57:11.619Z] [TREESITTER-CHUNKER] [INFO] Created 4 semantic chunks from C:\Projects\educatedplanet\admin\src\lib\cropImage.ts
[2025-11-28T04:57:11.632Z] [2025-11-28T04:57:11.633Z] [TREESITTER-FULL] [INFO] Extracted 4 symbols from C:\Projects\educatedplanet\admin\src\lib\cropImage.ts
[2025-11-28T04:57:11.632Z] [2025-11-28T04:57:11.633Z] [INDEXING-ORCHESTRATOR] [DEBUG] 🔍 Symbol extraction for C:\Projects\educatedplanet\admin\src\lib\cropImage.ts: 4 symbols, 0 imports
[2025-11-28T04:57:11.632Z] [2025-11-28T04:57:11.633Z] [INDEXING-ORCHESTRATOR] [DEBUG] 📍 Chunk 5-10: 1 candidate symbols
[2025-11-28T04:57:11.632Z] [2025-11-28T04:57:11.633Z] [INDEXING-ORCHESTRATOR] [DEBUG] ✅ Chunk symbols after filtering: 1 symbols - Area
[2025-11-28T04:57:11.632Z] [2025-11-28T04:57:11.633Z] [INDEXING-ORCHESTRATOR] [DEBUG] 📍 Chunk 18-55: 1 candidate symbols
[2025-11-28T04:57:11.632Z] [2025-11-28T04:57:11.633Z] [INDEXING-ORCHESTRATOR] [DEBUG] ✅ Chunk symbols after filtering: 1 symbols - getCroppedImg
[2025-11-28T04:57:11.632Z] [2025-11-28T04:57:11.633Z] [INDEXING-ORCHESTRATOR] [DEBUG] 📍 Chunk 64-82: 1 candidate symbols
[2025-11-28T04:57:11.632Z] [2025-11-28T04:57:11.633Z] [INDEXING-ORCHESTRATOR] [DEBUG] ✅ Chunk symbols after filtering: 1 symbols - canvasToBlob
[2025-11-28T04:57:11.632Z] [2025-11-28T04:57:11.633Z] [INDEXING-ORCHESTRATOR] [DEBUG] 📍 Chunk 89-96: 1 candidate symbols
[2025-11-28T04:57:11.632Z] [2025-11-28T04:57:11.633Z] [INDEXING-ORCHESTRATOR] [DEBUG] ✅ Chunk symbols after filtering: 1 symbols - fileToDataUrl
[2025-11-28T04:57:11.632Z] [2025-11-28T04:57:11.633Z] [INDEXING-ORCHESTRATOR] [DEBUG] Created 4 semantic chunks for C:\Projects\educatedplanet\admin\src\lib\cropImage.ts
[2025-11-28T04:57:11.632Z] [2025-11-28T04:57:11.633Z] [INDEXING-ORCHESTRATOR] [DEBUG] Average chunk size: 428 characters
[2025-11-28T04:57:11.634Z] [2025-11-28T04:57:11.635Z] [TREESITTER-CHUNKER] [INFO] Created 1 semantic chunks from C:\Projects\educatedplanet\admin\src\lib\get-authenticated-user.ts
[2025-11-28T04:57:11.636Z] [2025-11-28T04:57:11.637Z] [TREESITTER-FULL] [INFO] Extracted 1 symbols from C:\Projects\educatedplanet\admin\src\lib\get-authenticated-user.ts
[2025-11-28T04:57:11.636Z] [2025-11-28T04:57:11.637Z] [INDEXING-ORCHESTRATOR] [DEBUG] 🔍 Symbol extraction for C:\Projects\educatedplanet\admin\src\lib\get-authenticated-user.ts: 1 symbols, 2 imports
[2025-11-28T04:57:11.636Z] [2025-11-28T04:57:11.637Z] [INDEXING-ORCHESTRATOR] [DEBUG] 📍 Chunk 9-31: 1 candidate symbols
[2025-11-28T04:57:11.636Z] [2025-11-28T04:57:11.637Z] [INDEXING-ORCHESTRATOR] [DEBUG] ✅ Chunk symbols after filtering: 1 symbols - getAuthenticatedUser
[2025-11-28T04:57:11.636Z] [2025-11-28T04:57:11.637Z] [INDEXING-ORCHESTRATOR] [DEBUG] Created 1 semantic chunks for C:\Projects\educatedplanet\admin\src\lib\get-authenticated-user.ts
[2025-11-28T04:57:11.636Z] [2025-11-28T04:57:11.637Z] [INDEXING-ORCHESTRATOR] [DEBUG] Average chunk size: 538 characters
[2025-11-28T04:57:11.643Z] [2025-11-28T04:57:11.644Z] [TREESITTER-CHUNKER] [INFO] Created 1 semantic chunks from C:\Projects\educatedplanet\admin\src\lib\auth.ts
[2025-11-28T04:57:11.654Z] [2025-11-28T04:57:11.655Z] [TREESITTER-FULL] [INFO] Extracted 5 symbols from C:\Projects\educatedplanet\admin\src\lib\auth.ts
[2025-11-28T04:57:11.655Z] [2025-11-28T04:57:11.655Z] [INDEXING-ORCHESTRATOR] [DEBUG] 🔍 Symbol extraction for C:\Projects\educatedplanet\admin\src\lib\auth.ts: 5 symbols, 4 imports
[2025-11-28T04:57:11.655Z] [2025-11-28T04:57:11.655Z] [INDEXING-ORCHESTRATOR] [DEBUG] 📍 Chunk 1-75: 5 candidate symbols
[2025-11-28T04:57:11.655Z] [2025-11-28T04:57:11.655Z] [INDEXING-ORCHESTRATOR] [DEBUG] ✅ Chunk symbols after filtering: 5 symbols - client, db, customPasswordHash, authConfig, authConfig
[2025-11-28T04:57:11.655Z] [2025-11-28T04:57:11.655Z] [INDEXING-ORCHESTRATOR] [DEBUG] Created 1 semantic chunks for C:\Projects\educatedplanet\admin\src\lib\auth.ts
[2025-11-28T04:57:11.655Z] [2025-11-28T04:57:11.655Z] [INDEXING-ORCHESTRATOR] [DEBUG] Average chunk size: 2027 characters
[2025-11-28T04:57:11.663Z] [2025-11-28T04:57:11.664Z] [TREESITTER-CHUNKER] [INFO] 🔍 Found class: unknown (19 lines)
[2025-11-28T04:57:11.663Z] [2025-11-28T04:57:11.664Z] [TREESITTER-CHUNKER] [INFO] 📦 Keeping small class intact: unknown (19 lines <= 150)
[2025-11-28T04:57:11.674Z] [2025-11-28T04:57:11.675Z] [TREESITTER-CHUNKER] [INFO] Created 4 semantic chunks from C:\Projects\educatedplanet\admin\src\lib\google-maps.ts
[2025-11-28T04:57:11.711Z] [2025-11-28T04:57:11.712Z] [TREESITTER-FULL] [INFO] Extracted 11 symbols from C:\Projects\educatedplanet\admin\src\lib\google-maps.ts
[2025-11-28T04:57:11.711Z] [2025-11-28T04:57:11.712Z] [INDEXING-ORCHESTRATOR] [DEBUG] 🔍 Symbol extraction for C:\Projects\educatedplanet\admin\src\lib\google-maps.ts: 11 symbols, 0 imports
[2025-11-28T04:57:11.712Z] [2025-11-28T04:57:11.712Z] [INDEXING-ORCHESTRATOR] [DEBUG] 📍 Chunk 2-15: 1 candidate symbols
[2025-11-28T04:57:11.712Z] [2025-11-28T04:57:11.712Z] [INDEXING-ORCHESTRATOR] [DEBUG] ✅ Chunk symbols after filtering: 1 symbols - Address
[2025-11-28T04:57:11.712Z] [2025-11-28T04:57:11.712Z] [INDEXING-ORCHESTRATOR] [DEBUG] 📍 Chunk 18-84: 1 candidate symbols
[2025-11-28T04:57:11.712Z] [2025-11-28T04:57:11.712Z] [INDEXING-ORCHESTRATOR] [DEBUG] ✅ Chunk symbols after filtering: 1 symbols - extractAddressComponents
[2025-11-28T04:57:11.712Z] [2025-11-28T04:57:11.712Z] [INDEXING-ORCHESTRATOR] [DEBUG] 📍 Chunk 87-133: 4 candidate symbols
[2025-11-28T04:57:11.712Z] [2025-11-28T04:57:11.712Z] [INDEXING-ORCHESTRATOR] [DEBUG] ✅ Chunk symbols after filtering: 4 symbols - createMapLink, validateCoordinates, convertToGeoJSON, SessionTokenManager
[2025-11-28T04:57:11.712Z] [2025-11-28T04:57:11.712Z] [INDEXING-ORCHESTRATOR] [DEBUG] 📍 Chunk 138-195: 4 candidate symbols
[2025-11-28T04:57:11.712Z] [2025-11-28T04:57:11.712Z] [INDEXING-ORCHESTRATOR] [DEBUG] ✅ Chunk symbols after filtering: 4 symbols - debounce, getDefaultMapCenter, convertDistance, calculateDistance
[2025-11-28T04:57:11.712Z] [2025-11-28T04:57:11.712Z] [INDEXING-ORCHESTRATOR] [DEBUG] Created 4 semantic chunks for C:\Projects\educatedplanet\admin\src\lib\google-maps.ts
[2025-11-28T04:57:11.712Z] [2025-11-28T04:57:11.712Z] [INDEXING-ORCHESTRATOR] [DEBUG] Average chunk size: 1343 characters
[2025-11-28T04:57:11.719Z] [2025-11-28T04:57:11.719Z] [TREESITTER-CHUNKER] [INFO] Created 3 semantic chunks from C:\Projects\educatedplanet\admin\src\lib\image-upload.ts
[2025-11-28T04:57:11.733Z] [2025-11-28T04:57:11.733Z] [TREESITTER-FULL] [INFO] Extracted 3 symbols from C:\Projects\educatedplanet\admin\src\lib\image-upload.ts
[2025-11-28T04:57:11.733Z] [2025-11-28T04:57:11.734Z] [INDEXING-ORCHESTRATOR] [DEBUG] 🔍 Symbol extraction for C:\Projects\educatedplanet\admin\src\lib\image-upload.ts: 3 symbols, 1 imports
[2025-11-28T04:57:11.733Z] [2025-11-28T04:57:11.734Z] [INDEXING-ORCHESTRATOR] [DEBUG] 📍 Chunk 9-49: 1 candidate symbols
[2025-11-28T04:57:11.733Z] [2025-11-28T04:57:11.734Z] [INDEXING-ORCHESTRATOR] [DEBUG] ✅ Chunk symbols after filtering: 1 symbols - uploadTutorPhoto
[2025-11-28T04:57:11.733Z] [2025-11-28T04:57:11.734Z] [INDEXING-ORCHESTRATOR] [DEBUG] 📍 Chunk 55-85: 1 candidate symbols
[2025-11-28T04:57:11.733Z] [2025-11-28T04:57:11.734Z] [INDEXING-ORCHESTRATOR] [DEBUG] ✅ Chunk symbols after filtering: 1 symbols - getImageUploadCategories
[2025-11-28T04:57:11.733Z] [2025-11-28T04:57:11.734Z] [INDEXING-ORCHESTRATOR] [DEBUG] 📍 Chunk 92-115: 1 candidate symbols
[2025-11-28T04:57:11.733Z] [2025-11-28T04:57:11.734Z] [INDEXING-ORCHESTRATOR] [DEBUG] ✅ Chunk symbols after filtering: 1 symbols - validateImageFile
[2025-11-28T04:57:11.733Z] [2025-11-28T04:57:11.734Z] [INDEXING-ORCHESTRATOR] [DEBUG] Created 3 semantic chunks for C:\Projects\educatedplanet\admin\src\lib\image-upload.ts
[2025-11-28T04:57:11.733Z] [2025-11-28T04:57:11.734Z] [INDEXING-ORCHESTRATOR] [DEBUG] Average chunk size: 732 characters
[2025-11-28T04:57:11.735Z] [2025-11-28T04:57:11.736Z] [TREESITTER-CHUNKER] [INFO] Created 1 semantic chunks from C:\Projects\educatedplanet\admin\src\lib\layout-utils.ts
[2025-11-28T04:57:11.738Z] [2025-11-28T04:57:11.738Z] [TREESITTER-FULL] [INFO] Extracted 2 symbols from C:\Projects\educatedplanet\admin\src\lib\layout-utils.ts
[2025-11-28T04:57:11.738Z] [2025-11-28T04:57:11.738Z] [INDEXING-ORCHESTRATOR] [DEBUG] 🔍 Symbol extraction for C:\Projects\educatedplanet\admin\src\lib\layout-utils.ts: 2 symbols, 0 imports
[2025-11-28T04:57:11.738Z] [2025-11-28T04:57:11.739Z] [INDEXING-ORCHESTRATOR] [DEBUG] 📍 Chunk 1-13: 2 candidate symbols
[2025-11-28T04:57:11.738Z] [2025-11-28T04:57:11.739Z] [INDEXING-ORCHESTRATOR] [DEBUG] ✅ Chunk symbols after filtering: 2 symbols - updateContentLayout, updateNavbarStyle
[2025-11-28T04:57:11.738Z] [2025-11-28T04:57:11.739Z] [INDEXING-ORCHESTRATOR] [DEBUG] Created 1 semantic chunks for C:\Projects\educatedplanet\admin\src\lib\layout-utils.ts
[2025-11-28T04:57:11.738Z] [2025-11-28T04:57:11.739Z] [INDEXING-ORCHESTRATOR] [DEBUG] Average chunk size: 435 characters
[2025-11-28T04:57:11.740Z] [2025-11-28T04:57:11.741Z] [TREESITTER-CHUNKER] [INFO] Created 1 semantic chunks from C:\Projects\educatedplanet\admin\src\lib\seed-database.ts
[2025-11-28T04:57:11.742Z] [2025-11-28T04:57:11.743Z] [TREESITTER-FULL] [INFO] Extracted 1 symbols from C:\Projects\educatedplanet\admin\src\lib\seed-database.ts
[2025-11-28T04:57:11.743Z] [2025-11-28T04:57:11.743Z] [INDEXING-ORCHESTRATOR] [DEBUG] 🔍 Symbol extraction for C:\Projects\educatedplanet\admin\src\lib\seed-database.ts: 1 symbols, 0 imports
[2025-11-28T04:57:11.743Z] [2025-11-28T04:57:11.743Z] [INDEXING-ORCHESTRATOR] [DEBUG] 📍 Chunk 9-33: 1 candidate symbols
[2025-11-28T04:57:11.743Z] [2025-11-28T04:57:11.743Z] [INDEXING-ORCHESTRATOR] [DEBUG] ✅ Chunk symbols after filtering: 1 symbols - seedDatabase
[2025-11-28T04:57:11.743Z] [2025-11-28T04:57:11.743Z] [INDEXING-ORCHESTRATOR] [DEBUG] Created 1 semantic chunks for C:\Projects\educatedplanet\admin\src\lib\seed-database.ts
[2025-11-28T04:57:11.743Z] [2025-11-28T04:57:11.743Z] [INDEXING-ORCHESTRATOR] [DEBUG] Average chunk size: 752 characters
[2025-11-28T04:57:11.743Z] [2025-11-28T04:57:11.744Z] [INDEXING-ORCHESTRATOR] [DEBUG] 📊 Processed: 200/324 files
[2025-11-28T04:57:11.753Z] [2025-11-28T04:57:11.753Z] [TREESITTER-CHUNKER] [INFO] Created 1 semantic chunks from C:\Projects\educatedplanet\admin\src\lib\theme-utils.ts
[2025-11-28T04:57:11.756Z] [2025-11-28T04:57:11.757Z] [TREESITTER-FULL] [INFO] Extracted 1 symbols from C:\Projects\educatedplanet\admin\src\lib\theme-utils.ts
[2025-11-28T04:57:11.757Z] [2025-11-28T04:57:11.757Z] [INDEXING-ORCHESTRATOR] [DEBUG] 🔍 Symbol extraction for C:\Projects\educatedplanet\admin\src\lib\theme-utils.ts: 1 symbols, 0 imports
[2025-11-28T04:57:11.757Z] [2025-11-28T04:57:11.757Z] [INDEXING-ORCHESTRATOR] [DEBUG] 📍 Chunk 1-8: 1 candidate symbols
[2025-11-28T04:57:11.757Z] [2025-11-28T04:57:11.757Z] [INDEXING-ORCHESTRATOR] [DEBUG] ✅ Chunk symbols after filtering: 1 symbols - updateThemeMode
[2025-11-28T04:57:11.757Z] [2025-11-28T04:57:11.757Z] [INDEXING-ORCHESTRATOR] [DEBUG] Created 1 semantic chunks for C:\Projects\educatedplanet\admin\src\lib\theme-utils.ts
[2025-11-28T04:57:11.757Z] [2025-11-28T04:57:11.757Z] [INDEXING-ORCHESTRATOR] [DEBUG] Average chunk size: 281 characters
[2025-11-28T04:57:11.761Z] [2025-11-28T04:57:11.761Z] [TREESITTER-CHUNKER] [INFO] Created 2 semantic chunks from C:\Projects\educatedplanet\admin\src\lib\utils.ts
[2025-11-28T04:57:11.768Z] [2025-11-28T04:57:11.769Z] [TREESITTER-FULL] [INFO] Extracted 3 symbols from C:\Projects\educatedplanet\admin\src\lib\utils.ts
[2025-11-28T04:57:11.768Z] [2025-11-28T04:57:11.769Z] [INDEXING-ORCHESTRATOR] [DEBUG] 🔍 Symbol extraction for C:\Projects\educatedplanet\admin\src\lib\utils.ts: 3 symbols, 2 imports
[2025-11-28T04:57:11.768Z] [2025-11-28T04:57:11.769Z] [INDEXING-ORCHESTRATOR] [DEBUG] 📍 Chunk 4-6: 1 candidate symbols
[2025-11-28T04:57:11.768Z] [2025-11-28T04:57:11.769Z] [INDEXING-ORCHESTRATOR] [DEBUG] ✅ Chunk symbols after filtering: 1 symbols - cn
[2025-11-28T04:57:11.768Z] [2025-11-28T04:57:11.769Z] [INDEXING-ORCHESTRATOR] [DEBUG] 📍 Chunk 22-42: 1 candidate symbols
[2025-11-28T04:57:11.768Z] [2025-11-28T04:57:11.769Z] [INDEXING-ORCHESTRATOR] [DEBUG] ✅ Chunk symbols after filtering: 1 symbols - formatCurrency
[2025-11-28T04:57:11.768Z] [2025-11-28T04:57:11.769Z] [INDEXING-ORCHESTRATOR] [DEBUG] Created 2 semantic chunks for C:\Projects\educatedplanet\admin\src\lib\utils.ts
[2025-11-28T04:57:11.768Z] [2025-11-28T04:57:11.769Z] [INDEXING-ORCHESTRATOR] [DEBUG] Average chunk size: 360 characters
[2025-11-28T04:57:11.778Z] [2025-11-28T04:57:11.779Z] [TREESITTER-CHUNKER] [INFO] Created 2 semantic chunks from C:\Projects\educatedplanet\admin\src\navigation\sidebar\sidebar-items.ts
[2025-11-28T04:57:11.799Z] [2025-11-28T04:57:11.800Z] [TREESITTER-FULL] [INFO] Extracted 4 symbols from C:\Projects\educatedplanet\admin\src\navigation\sidebar\sidebar-items.ts
[2025-11-28T04:57:11.799Z] [2025-11-28T04:57:11.800Z] [INDEXING-ORCHESTRATOR] [DEBUG] 🔍 Symbol extraction for C:\Projects\educatedplanet\admin\src\navigation\sidebar\sidebar-items.ts: 4 symbols, 1 imports
[2025-11-28T04:57:11.799Z] [2025-11-28T04:57:11.800Z] [INDEXING-ORCHESTRATOR] [DEBUG] 📍 Chunk 26-49: 3 candidate symbols
[2025-11-28T04:57:11.799Z] [2025-11-28T04:57:11.800Z] [INDEXING-ORCHESTRATOR] [DEBUG] ✅ Chunk symbols after filtering: 3 symbols - NavSubItem, NavMainItem, NavGroup
[2025-11-28T04:57:11.799Z] [2025-11-28T04:57:11.800Z] [INDEXING-ORCHESTRATOR] [DEBUG] 📍 Chunk 50-194: 1 candidate symbols
[2025-11-28T04:57:11.799Z] [2025-11-28T04:57:11.800Z] [INDEXING-ORCHESTRATOR] [DEBUG] ✅ Chunk symbols after filtering: 1 symbols - sidebarItems
[2025-11-28T04:57:11.799Z] [2025-11-28T04:57:11.800Z] [INDEXING-ORCHESTRATOR] [DEBUG] Created 2 semantic chunks for C:\Projects\educatedplanet\admin\src\navigation\sidebar\sidebar-items.ts
[2025-11-28T04:57:11.799Z] [2025-11-28T04:57:11.800Z] [INDEXING-ORCHESTRATOR] [DEBUG] Average chunk size: 1753 characters
[2025-11-28T04:57:11.806Z] [2025-11-28T04:57:11.807Z] [TREESITTER-CHUNKER] [INFO] Created 3 semantic chunks from C:\Projects\educatedplanet\admin\src\proxy.ts
[2025-11-28T04:57:11.821Z] [2025-11-28T04:57:11.821Z] [TREESITTER-FULL] [INFO] Extracted 5 symbols from C:\Projects\educatedplanet\admin\src\proxy.ts
[2025-11-28T04:57:11.821Z] [2025-11-28T04:57:11.821Z] [INDEXING-ORCHESTRATOR] [DEBUG] 🔍 Symbol extraction for C:\Projects\educatedplanet\admin\src\proxy.ts: 5 symbols, 1 imports
[2025-11-28T04:57:11.821Z] [2025-11-28T04:57:11.821Z] [INDEXING-ORCHESTRATOR] [DEBUG] 📍 Chunk 13-64: 1 candidate symbols
[2025-11-28T04:57:11.821Z] [2025-11-28T04:57:11.821Z] [INDEXING-ORCHESTRATOR] [DEBUG] ✅ Chunk symbols after filtering: 1 symbols - rateLimitMiddleware
[2025-11-28T04:57:11.821Z] [2025-11-28T04:57:11.821Z] [INDEXING-ORCHESTRATOR] [DEBUG] 📍 Chunk 69-79: 2 candidate symbols
[2025-11-28T04:57:11.821Z] [2025-11-28T04:57:11.821Z] [INDEXING-ORCHESTRATOR] [DEBUG] ✅ Chunk symbols after filtering: 2 symbols - clearRateLimitForIP, getProgressiveDelay
[2025-11-28T04:57:11.821Z] [2025-11-28T04:57:11.821Z] [INDEXING-ORCHESTRATOR] [DEBUG] 📍 Chunk 80-85: 0 candidate symbols
[2025-11-28T04:57:11.821Z] [2025-11-28T04:57:11.821Z] [INDEXING-ORCHESTRATOR] [DEBUG] ✅ Chunk symbols after filtering: 0 symbols - 
[2025-11-28T04:57:11.821Z] [2025-11-28T04:57:11.821Z] [INDEXING-ORCHESTRATOR] [DEBUG] Created 3 semantic chunks for C:\Projects\educatedplanet\admin\src\proxy.ts
[2025-11-28T04:57:11.821Z] [2025-11-28T04:57:11.821Z] [INDEXING-ORCHESTRATOR] [DEBUG] Average chunk size: 752 characters
[2025-11-28T04:57:11.822Z] [2025-11-28T04:57:11.823Z] [TREESITTER-CHUNKER] [INFO] Created 2 semantic chunks from C:\Projects\educatedplanet\admin\src\proxy.disabled.ts
[2025-11-28T04:57:11.823Z] [2025-11-28T04:57:11.824Z] [TREESITTER-FULL] [INFO] Extracted 2 symbols from C:\Projects\educatedplanet\admin\src\proxy.disabled.ts
[2025-11-28T04:57:11.823Z] [2025-11-28T04:57:11.824Z] [INDEXING-ORCHESTRATOR] [DEBUG] 🔍 Symbol extraction for C:\Projects\educatedplanet\admin\src\proxy.disabled.ts: 2 symbols, 1 imports
[2025-11-28T04:57:11.823Z] [2025-11-28T04:57:11.824Z] [INDEXING-ORCHESTRATOR] [DEBUG] 📍 Chunk 10-17: 1 candidate symbols
[2025-11-28T04:57:11.823Z] [2025-11-28T04:57:11.824Z] [INDEXING-ORCHESTRATOR] [DEBUG] ✅ Chunk symbols after filtering: 1 symbols - proxy
[2025-11-28T04:57:11.823Z] [2025-11-28T04:57:11.824Z] [INDEXING-ORCHESTRATOR] [DEBUG] 📍 Chunk 18-26: 1 candidate symbols
[2025-11-28T04:57:11.823Z] [2025-11-28T04:57:11.824Z] [INDEXING-ORCHESTRATOR] [DEBUG] ✅ Chunk symbols after filtering: 1 symbols - config
[2025-11-28T04:57:11.823Z] [2025-11-28T04:57:11.824Z] [INDEXING-ORCHESTRATOR] [DEBUG] Created 2 semantic chunks for C:\Projects\educatedplanet\admin\src\proxy.disabled.ts
[2025-11-28T04:57:11.823Z] [2025-11-28T04:57:11.824Z] [INDEXING-ORCHESTRATOR] [DEBUG] Average chunk size: 237 characters
[2025-11-28T04:57:11.833Z] [2025-11-28T04:57:11.834Z] [TREESITTER-CHUNKER] [INFO] Created 2 semantic chunks from C:\Projects\educatedplanet\admin\src\scripts\generate-theme-presets.ts
[2025-11-28T04:57:11.862Z] [2025-11-28T04:57:11.863Z] [TREESITTER-FULL] [INFO] Extracted 11 symbols from C:\Projects\educatedplanet\admin\src\scripts\generate-theme-presets.ts
[2025-11-28T04:57:11.862Z] [2025-11-28T04:57:11.863Z] [INDEXING-ORCHESTRATOR] [DEBUG] 🔍 Symbol extraction for C:\Projects\educatedplanet\admin\src\scripts\generate-theme-presets.ts: 11 symbols, 3 imports
[2025-11-28T04:57:11.862Z] [2025-11-28T04:57:11.863Z] [INDEXING-ORCHESTRATOR] [DEBUG] 📍 Chunk 112-122: 1 candidate symbols
[2025-11-28T04:57:11.862Z] [2025-11-28T04:57:11.863Z] [INDEXING-ORCHESTRATOR] [DEBUG] ✅ Chunk symbols after filtering: 1 symbols - main
[2025-11-28T04:57:11.862Z] [2025-11-28T04:57:11.863Z] [INDEXING-ORCHESTRATOR] [DEBUG] 📍 Chunk 123-128: 0 candidate symbols
[2025-11-28T04:57:11.862Z] [2025-11-28T04:57:11.863Z] [INDEXING-ORCHESTRATOR] [DEBUG] ✅ Chunk symbols after filtering: 0 symbols - 
[2025-11-28T04:57:11.862Z] [2025-11-28T04:57:11.863Z] [INDEXING-ORCHESTRATOR] [DEBUG] Created 2 semantic chunks for C:\Projects\educatedplanet\admin\src\scripts\generate-theme-presets.ts
[2025-11-28T04:57:11.862Z] [2025-11-28T04:57:11.863Z] [INDEXING-ORCHESTRATOR] [DEBUG] Average chunk size: 221 characters
[2025-11-28T04:57:11.870Z] [2025-11-28T04:57:11.871Z] [TREESITTER-CHUNKER] [INFO] Created 1 semantic chunks from C:\Projects\educatedplanet\admin\src\server\server-actions.ts
[2025-11-28T04:57:11.875Z] [2025-11-28T04:57:11.875Z] [TREESITTER-FULL] [INFO] Extracted 3 symbols from C:\Projects\educatedplanet\admin\src\server\server-actions.ts
[2025-11-28T04:57:11.875Z] [2025-11-28T04:57:11.875Z] [INDEXING-ORCHESTRATOR] [DEBUG] 🔍 Symbol extraction for C:\Projects\educatedplanet\admin\src\server\server-actions.ts: 3 symbols, 1 imports
[2025-11-28T04:57:11.875Z] [2025-11-28T04:57:11.876Z] [INDEXING-ORCHESTRATOR] [DEBUG] 📍 Chunk 5-27: 3 candidate symbols
[2025-11-28T04:57:11.875Z] [2025-11-28T04:57:11.876Z] [INDEXING-ORCHESTRATOR] [DEBUG] ✅ Chunk symbols after filtering: 3 symbols - getValueFromCookie, setValueToCookie, getPreference
[2025-11-28T04:57:11.875Z] [2025-11-28T04:57:11.876Z] [INDEXING-ORCHESTRATOR] [DEBUG] Created 1 semantic chunks for C:\Projects\educatedplanet\admin\src\server\server-actions.ts
[2025-11-28T04:57:11.875Z] [2025-11-28T04:57:11.876Z] [INDEXING-ORCHESTRATOR] [DEBUG] Average chunk size: 820 characters
[2025-11-28T04:57:11.876Z] [2025-11-28T04:57:11.877Z] [TREESITTER-CHUNKER] [INFO] Created 2 semantic chunks from C:\Projects\educatedplanet\admin\src\stores\preferences\preferences-store.ts
[2025-11-28T04:57:11.878Z] [2025-11-28T04:57:11.879Z] [TREESITTER-FULL] [INFO] Extracted 2 symbols from C:\Projects\educatedplanet\admin\src\stores\preferences\preferences-store.ts
[2025-11-28T04:57:11.879Z] [2025-11-28T04:57:11.879Z] [INDEXING-ORCHESTRATOR] [DEBUG] 🔍 Symbol extraction for C:\Projects\educatedplanet\admin\src\stores\preferences\preferences-store.ts: 2 symbols, 2 imports
[2025-11-28T04:57:11.879Z] [2025-11-28T04:57:11.879Z] [INDEXING-ORCHESTRATOR] [DEBUG] 📍 Chunk 5-8: 1 candidate symbols
[2025-11-28T04:57:11.879Z] [2025-11-28T04:57:11.879Z] [INDEXING-ORCHESTRATOR] [DEBUG] ✅ Chunk symbols after filtering: 1 symbols - PreferencesState
[2025-11-28T04:57:11.879Z] [2025-11-28T04:57:11.879Z] [INDEXING-ORCHESTRATOR] [DEBUG] 📍 Chunk 9-15: 1 candidate symbols
[2025-11-28T04:57:11.879Z] [2025-11-28T04:57:11.879Z] [INDEXING-ORCHESTRATOR] [DEBUG] ✅ Chunk symbols after filtering: 1 symbols - createPreferencesStore
[2025-11-28T04:57:11.879Z] [2025-11-28T04:57:11.879Z] [INDEXING-ORCHESTRATOR] [DEBUG] Created 2 semantic chunks for C:\Projects\educatedplanet\admin\src\stores\preferences\preferences-store.ts
[2025-11-28T04:57:11.879Z] [2025-11-28T04:57:11.879Z] [INDEXING-ORCHESTRATOR] [DEBUG] Average chunk size: 164 characters
[2025-11-28T04:57:11.883Z] [2025-11-28T04:57:11.883Z] [TREESITTER-CHUNKER] [INFO] Created 1 semantic chunks from C:\Projects\educatedplanet\admin\src\stores\preferences\preferences-provider.tsx
[2025-11-28T04:57:11.890Z] [2025-11-28T04:57:11.891Z] [TREESITTER-FULL] [INFO] Extracted 3 symbols from C:\Projects\educatedplanet\admin\src\stores\preferences\preferences-provider.tsx
[2025-11-28T04:57:11.890Z] [2025-11-28T04:57:11.891Z] [INDEXING-ORCHESTRATOR] [DEBUG] 🔍 Symbol extraction for C:\Projects\educatedplanet\admin\src\stores\preferences\preferences-provider.tsx: 3 symbols, 3 imports
[2025-11-28T04:57:11.890Z] [2025-11-28T04:57:11.891Z] [INDEXING-ORCHESTRATOR] [DEBUG] 📍 Chunk 1-30: 3 candidate symbols
[2025-11-28T04:57:11.890Z] [2025-11-28T04:57:11.891Z] [INDEXING-ORCHESTRATOR] [DEBUG] ✅ Chunk symbols after filtering: 3 symbols - PreferencesStoreContext, storeRef, usePreferencesStore
[2025-11-28T04:57:11.890Z] [2025-11-28T04:57:11.891Z] [INDEXING-ORCHESTRATOR] [DEBUG] Created 1 semantic chunks for C:\Projects\educatedplanet\admin\src\stores\preferences\preferences-provider.tsx
[2025-11-28T04:57:11.890Z] [2025-11-28T04:57:11.891Z] [INDEXING-ORCHESTRATOR] [DEBUG] Average chunk size: 978 characters
[2025-11-28T04:57:11.894Z] [2025-11-28T04:57:11.895Z] [TREESITTER-CHUNKER] [INFO] Created 4 semantic chunks from C:\Projects\educatedplanet\admin\src\types\preferences\layout.ts
[2025-11-28T04:57:11.901Z] [2025-11-28T04:57:11.902Z] [TREESITTER-FULL] [INFO] Extracted 12 symbols from C:\Projects\educatedplanet\admin\src\types\preferences\layout.ts
[2025-11-28T04:57:11.902Z] [2025-11-28T04:57:11.902Z] [INDEXING-ORCHESTRATOR] [DEBUG] 🔍 Symbol extraction for C:\Projects\educatedplanet\admin\src\types\preferences\layout.ts: 12 symbols, 0 imports
[2025-11-28T04:57:11.902Z] [2025-11-28T04:57:11.902Z] [INDEXING-ORCHESTRATOR] [DEBUG] 📍 Chunk 8-8: 1 candidate symbols
[2025-11-28T04:57:11.902Z] [2025-11-28T04:57:11.902Z] [INDEXING-ORCHESTRATOR] [DEBUG] ✅ Chunk symbols after filtering: 1 symbols - SidebarVariant
[2025-11-28T04:57:11.902Z] [2025-11-28T04:57:11.902Z] [INDEXING-ORCHESTRATOR] [DEBUG] 📍 Chunk 16-16: 1 candidate symbols
[2025-11-28T04:57:11.902Z] [2025-11-28T04:57:11.902Z] [INDEXING-ORCHESTRATOR] [DEBUG] ✅ Chunk symbols after filtering: 1 symbols - SidebarCollapsible
[2025-11-28T04:57:11.902Z] [2025-11-28T04:57:11.902Z] [INDEXING-ORCHESTRATOR] [DEBUG] 📍 Chunk 24-24: 1 candidate symbols
[2025-11-28T04:57:11.902Z] [2025-11-28T04:57:11.902Z] [INDEXING-ORCHESTRATOR] [DEBUG] ✅ Chunk symbols after filtering: 1 symbols - ContentLayout
[2025-11-28T04:57:11.902Z] [2025-11-28T04:57:11.902Z] [INDEXING-ORCHESTRATOR] [DEBUG] 📍 Chunk 32-32: 1 candidate symbols
[2025-11-28T04:57:11.902Z] [2025-11-28T04:57:11.902Z] [INDEXING-ORCHESTRATOR] [DEBUG] ✅ Chunk symbols after filtering: 1 symbols - NavbarStyle
[2025-11-28T04:57:11.902Z] [2025-11-28T04:57:11.902Z] [INDEXING-ORCHESTRATOR] [DEBUG] Created 4 semantic chunks for C:\Projects\educatedplanet\admin\src\types\preferences\layout.ts
[2025-11-28T04:57:11.902Z] [2025-11-28T04:57:11.902Z] [INDEXING-ORCHESTRATOR] [DEBUG] Average chunk size: 62 characters
[2025-11-28T04:57:11.902Z] [2025-11-28T04:57:11.902Z] [INDEXING-ORCHESTRATOR] [DEBUG] 📊 Processed: 210/324 files
[2025-11-28T04:57:11.908Z] [2025-11-28T04:57:11.909Z] [TREESITTER-CHUNKER] [INFO] Created 1 semantic chunks from C:\Projects\educatedplanet\admin\src\types\preferences\theme.ts
[2025-11-28T04:57:11.910Z] [2025-11-28T04:57:11.911Z] [TREESITTER-FULL] [INFO] Extracted 3 symbols from C:\Projects\educatedplanet\admin\src\types\preferences\theme.ts
[2025-11-28T04:57:11.910Z] [2025-11-28T04:57:11.911Z] [INDEXING-ORCHESTRATOR] [DEBUG] 🔍 Symbol extraction for C:\Projects\educatedplanet\admin\src\types\preferences\theme.ts: 3 symbols, 0 imports
[2025-11-28T04:57:11.911Z] [2025-11-28T04:57:11.911Z] [INDEXING-ORCHESTRATOR] [DEBUG] 📍 Chunk 14-14: 1 candidate symbols
[2025-11-28T04:57:11.911Z] [2025-11-28T04:57:11.911Z] [INDEXING-ORCHESTRATOR] [DEBUG] ✅ Chunk symbols after filtering: 1 symbols - ThemeMode
[2025-11-28T04:57:11.911Z] [2025-11-28T04:57:11.911Z] [INDEXING-ORCHESTRATOR] [DEBUG] Created 1 semantic chunks for C:\Projects\educatedplanet\admin\src\types\preferences\theme.ts
[2025-11-28T04:57:11.911Z] [2025-11-28T04:57:11.911Z] [INDEXING-ORCHESTRATOR] [DEBUG] Average chunk size: 52 characters
[2025-11-28T04:57:11.916Z] [2025-11-28T04:57:11.917Z] [TREESITTER-CHUNKER] [INFO] Created 2 semantic chunks from C:\Projects\educatedplanet\admin\src\utils\encryption.ts
[2025-11-28T04:57:11.930Z] [2025-11-28T04:57:11.931Z] [TREESITTER-FULL] [INFO] Extracted 3 symbols from C:\Projects\educatedplanet\admin\src\utils\encryption.ts
[2025-11-28T04:57:11.930Z] [2025-11-28T04:57:11.931Z] [INDEXING-ORCHESTRATOR] [DEBUG] 🔍 Symbol extraction for C:\Projects\educatedplanet\admin\src\utils\encryption.ts: 3 symbols, 1 imports
[2025-11-28T04:57:11.930Z] [2025-11-28T04:57:11.931Z] [INDEXING-ORCHESTRATOR] [DEBUG] 📍 Chunk 10-45: 1 candidate symbols
[2025-11-28T04:57:11.930Z] [2025-11-28T04:57:11.931Z] [INDEXING-ORCHESTRATOR] [DEBUG] ✅ Chunk symbols after filtering: 1 symbols - getPublicKey
[2025-11-28T04:57:11.930Z] [2025-11-28T04:57:11.931Z] [INDEXING-ORCHESTRATOR] [DEBUG] 📍 Chunk 50-74: 2 candidate symbols
[2025-11-28T04:57:11.930Z] [2025-11-28T04:57:11.931Z] [INDEXING-ORCHESTRATOR] [DEBUG] ✅ Chunk symbols after filtering: 2 symbols - encryptPassword, clearPublicKeyCache
[2025-11-28T04:57:11.930Z] [2025-11-28T04:57:11.931Z] [INDEXING-ORCHESTRATOR] [DEBUG] Created 2 semantic chunks for C:\Projects\educatedplanet\admin\src\utils\encryption.ts
[2025-11-28T04:57:11.930Z] [2025-11-28T04:57:11.931Z] [INDEXING-ORCHESTRATOR] [DEBUG] Average chunk size: 864 characters
[2025-11-28T04:57:11.935Z] [2025-11-28T04:57:11.936Z] [TREESITTER-CHUNKER] [INFO] Created 1 semantic chunks from C:\Projects\educatedplanet\common\src\constants\index.ts
[2025-11-28T04:57:11.943Z] [2025-11-28T04:57:11.943Z] [TREESITTER-FULL] [INFO] Extracted 6 symbols from C:\Projects\educatedplanet\common\src\constants\index.ts
[2025-11-28T04:57:11.943Z] [2025-11-28T04:57:11.944Z] [INDEXING-ORCHESTRATOR] [DEBUG] 🔍 Symbol extraction for C:\Projects\educatedplanet\common\src\constants\index.ts: 6 symbols, 0 imports
[2025-11-28T04:57:11.943Z] [2025-11-28T04:57:11.944Z] [INDEXING-ORCHESTRATOR] [DEBUG] 📍 Chunk 1-78: 6 candidate symbols
[2025-11-28T04:57:11.943Z] [2025-11-28T04:57:11.944Z] [INDEXING-ORCHESTRATOR] [DEBUG] ✅ Chunk symbols after filtering: 6 symbols - APP_CONFIG, LOCATIONS, SUBJECTS, CLASS_LEVELS, USER_ROLES, TEACHING_MODES
[2025-11-28T04:57:11.943Z] [2025-11-28T04:57:11.944Z] [INDEXING-ORCHESTRATOR] [DEBUG] Created 1 semantic chunks for C:\Projects\educatedplanet\common\src\constants\index.ts
[2025-11-28T04:57:11.943Z] [2025-11-28T04:57:11.944Z] [INDEXING-ORCHESTRATOR] [DEBUG] Average chunk size: 1296 characters
[2025-11-28T04:57:11.945Z] [2025-11-28T04:57:11.946Z] [TREESITTER-CHUNKER] [INFO] Created 1 semantic chunks from C:\Projects\educatedplanet\admin\src\utils\get-csrf-token.ts
[2025-11-28T04:57:11.948Z] [2025-11-28T04:57:11.949Z] [TREESITTER-FULL] [INFO] Extracted 1 symbols from C:\Projects\educatedplanet\admin\src\utils\get-csrf-token.ts
[2025-11-28T04:57:11.948Z] [2025-11-28T04:57:11.949Z] [INDEXING-ORCHESTRATOR] [DEBUG] 🔍 Symbol extraction for C:\Projects\educatedplanet\admin\src\utils\get-csrf-token.ts: 1 symbols, 0 imports
[2025-11-28T04:57:11.948Z] [2025-11-28T04:57:11.949Z] [INDEXING-ORCHESTRATOR] [DEBUG] 📍 Chunk 4-14: 1 candidate symbols
[2025-11-28T04:57:11.948Z] [2025-11-28T04:57:11.949Z] [INDEXING-ORCHESTRATOR] [DEBUG] ✅ Chunk symbols after filtering: 1 symbols - getCSRFToken
[2025-11-28T04:57:11.948Z] [2025-11-28T04:57:11.949Z] [INDEXING-ORCHESTRATOR] [DEBUG] Created 1 semantic chunks for C:\Projects\educatedplanet\admin\src\utils\get-csrf-token.ts
[2025-11-28T04:57:11.948Z] [2025-11-28T04:57:11.949Z] [INDEXING-ORCHESTRATOR] [DEBUG] Average chunk size: 275 characters
[2025-11-28T04:57:11.949Z] [2025-11-28T04:57:11.950Z] [TREESITTER-CHUNKER] [INFO] Created 1 semantic chunks from C:\Projects\educatedplanet\common\src\index.ts
[2025-11-28T04:57:11.950Z] [2025-11-28T04:57:11.951Z] [TREESITTER-FULL] [INFO] Extracted 0 symbols from C:\Projects\educatedplanet\common\src\index.ts
[2025-11-28T04:57:11.951Z] [2025-11-28T04:57:11.951Z] [INDEXING-ORCHESTRATOR] [DEBUG] 🔍 Symbol extraction for C:\Projects\educatedplanet\common\src\index.ts: 0 symbols, 0 imports
[2025-11-28T04:57:11.951Z] [2025-11-28T04:57:11.951Z] [INDEXING-ORCHESTRATOR] [DEBUG] 📍 Chunk 1-25: 0 candidate symbols
[2025-11-28T04:57:11.951Z] [2025-11-28T04:57:11.951Z] [INDEXING-ORCHESTRATOR] [DEBUG] ✅ Chunk symbols after filtering: 0 symbols - 
[2025-11-28T04:57:11.951Z] [2025-11-28T04:57:11.951Z] [INDEXING-ORCHESTRATOR] [DEBUG] Created 1 semantic chunks for C:\Projects\educatedplanet\common\src\index.ts
[2025-11-28T04:57:11.951Z] [2025-11-28T04:57:11.951Z] [INDEXING-ORCHESTRATOR] [DEBUG] Average chunk size: 596 characters
[2025-11-28T04:57:11.951Z] [2025-11-28T04:57:11.952Z] [TREESITTER-CHUNKER] [INFO] Created 0 semantic chunks from C:\Projects\educatedplanet\common\src\services\emailservice.ts
[2025-11-28T04:57:11.951Z] [2025-11-28T04:57:11.952Z] [TREESITTER-FULL] [INFO] Extracted 0 symbols from C:\Projects\educatedplanet\common\src\services\emailservice.ts
[2025-11-28T04:57:11.951Z] [2025-11-28T04:57:11.952Z] [INDEXING-ORCHESTRATOR] [DEBUG] 🔍 Symbol extraction for C:\Projects\educatedplanet\common\src\services\emailservice.ts: 0 symbols, 0 imports
[2025-11-28T04:57:11.951Z] [2025-11-28T04:57:11.952Z] [INDEXING-ORCHESTRATOR] [DEBUG] Created 0 semantic chunks for C:\Projects\educatedplanet\common\src\services\emailservice.ts
[2025-11-28T04:57:11.954Z] [2025-11-28T04:57:11.955Z] [TREESITTER-CHUNKER] [INFO] 🔍 Found class: unknown (206 lines)
[2025-11-28T04:57:11.954Z] [2025-11-28T04:57:11.955Z] [TREESITTER-CHUNKER] [INFO] 📤 Splitting large class: unknown (206 lines > 150)
[2025-11-28T04:57:11.954Z] [2025-11-28T04:57:11.955Z] [TREESITTER-CHUNKER] [INFO] 🔧 Extracting methods from large class with 2 children
[2025-11-28T04:57:11.954Z] [2025-11-28T04:57:11.955Z] [TREESITTER-CHUNKER] [INFO] 🔍 Checking 14 nodes for methods (using class_body)
[2025-11-28T04:57:11.954Z] [2025-11-28T04:57:11.955Z] [TREESITTER-CHUNKER] [INFO]    Child type: public_field_definition at lines 5-5
[2025-11-28T04:57:11.954Z] [2025-11-28T04:57:11.955Z] [TREESITTER-CHUNKER] [INFO]    Child type: public_field_definition at lines 6-6
[2025-11-28T04:57:11.955Z] [2025-11-28T04:57:11.955Z] [TREESITTER-CHUNKER] [INFO]    Child type: public_field_definition at lines 7-7
[2025-11-28T04:57:11.955Z] [2025-11-28T04:57:11.955Z] [TREESITTER-CHUNKER] [INFO]    Child type: method_definition at lines 9-13
[2025-11-28T04:57:11.955Z] [2025-11-28T04:57:11.956Z] [TREESITTER-CHUNKER] [INFO]    🎯 Found method: unknown (5 lines, 237 chars)
[2025-11-28T04:57:11.955Z] [2025-11-28T04:57:11.956Z] [TREESITTER-CHUNKER] [INFO]    ✅ Added method chunk: unknown
[2025-11-28T04:57:11.955Z] [2025-11-28T04:57:11.956Z] [TREESITTER-CHUNKER] [INFO]    Child type: comment at lines 15-17
[2025-11-28T04:57:11.955Z] [2025-11-28T04:57:11.956Z] [TREESITTER-CHUNKER] [INFO]    Child type: method_definition at lines 18-85
[2025-11-28T04:57:11.955Z] [2025-11-28T04:57:11.956Z] [TREESITTER-CHUNKER] [INFO]    🎯 Found method: unknown (68 lines, 2104 chars)
[2025-11-28T04:57:11.955Z] [2025-11-28T04:57:11.956Z] [TREESITTER-CHUNKER] [INFO]    ✅ Added method chunk: unknown
[2025-11-28T04:57:11.955Z] [2025-11-28T04:57:11.956Z] [TREESITTER-CHUNKER] [INFO]    Child type: comment at lines 87-89
[2025-11-28T04:57:11.955Z] [2025-11-28T04:57:11.956Z] [TREESITTER-CHUNKER] [INFO]    Child type: method_definition at lines 90-118
[2025-11-28T04:57:11.955Z] [2025-11-28T04:57:11.956Z] [TREESITTER-CHUNKER] [INFO]    🎯 Found method: unknown (29 lines, 819 chars)
[2025-11-28T04:57:11.955Z] [2025-11-28T04:57:11.956Z] [TREESITTER-CHUNKER] [INFO]    ✅ Added method chunk: unknown
[2025-11-28T04:57:11.955Z] [2025-11-28T04:57:11.956Z] [TREESITTER-CHUNKER] [INFO]    Child type: comment at lines 120-122
[2025-11-28T04:57:11.955Z] [2025-11-28T04:57:11.956Z] [TREESITTER-CHUNKER] [INFO]    Child type: method_definition at lines 123-147
[2025-11-28T04:57:11.955Z] [2025-11-28T04:57:11.956Z] [TREESITTER-CHUNKER] [INFO]    🎯 Found method: unknown (25 lines, 681 chars)
[2025-11-28T04:57:11.955Z] [2025-11-28T04:57:11.956Z] [TREESITTER-CHUNKER] [INFO]    ✅ Added method chunk: unknown
[2025-11-28T04:57:11.955Z] [2025-11-28T04:57:11.956Z] [TREESITTER-CHUNKER] [INFO]    Child type: comment at lines 149-151
[2025-11-28T04:57:11.955Z] [2025-11-28T04:57:11.956Z] [TREESITTER-CHUNKER] [INFO]    Child type: method_definition at lines 152-194
[2025-11-28T04:57:11.955Z] [2025-11-28T04:57:11.956Z] [TREESITTER-CHUNKER] [INFO]    🎯 Found method: unknown (43 lines, 1335 chars)
[2025-11-28T04:57:11.955Z] [2025-11-28T04:57:11.956Z] [TREESITTER-CHUNKER] [INFO]    ✅ Added method chunk: unknown
[2025-11-28T04:57:11.955Z] [2025-11-28T04:57:11.956Z] [TREESITTER-CHUNKER] [INFO]    Child type: comment at lines 196-198
[2025-11-28T04:57:11.956Z] [2025-11-28T04:57:11.956Z] [TREESITTER-CHUNKER] [INFO]    Child type: method_definition at lines 199-208
[2025-11-28T04:57:11.956Z] [2025-11-28T04:57:11.956Z] [TREESITTER-CHUNKER] [INFO]    🎯 Found method: unknown (10 lines, 453 chars)
[2025-11-28T04:57:11.956Z] [2025-11-28T04:57:11.956Z] [TREESITTER-CHUNKER] [INFO]    ✅ Added method chunk: unknown
[2025-11-28T04:57:11.956Z] [2025-11-28T04:57:11.957Z] [TREESITTER-CHUNKER] [INFO] 🏁 Extracted 6 methods from large class
[2025-11-28T04:57:11.965Z] [2025-11-28T04:57:11.966Z] [TREESITTER-CHUNKER] [INFO] Created 6 semantic chunks from C:\Projects\educatedplanet\common\src\services\images-service\cloudflare-images.ts
[2025-11-28T04:57:12.011Z] [2025-11-28T04:57:12.012Z] [TREESITTER-FULL] [INFO] Extracted 1 symbols from C:\Projects\educatedplanet\common\src\services\images-service\cloudflare-images.ts
[2025-11-28T04:57:12.011Z] [2025-11-28T04:57:12.012Z] [INDEXING-ORCHESTRATOR] [DEBUG] 🔍 Symbol extraction for C:\Projects\educatedplanet\common\src\services\images-service\cloudflare-images.ts: 1 symbols, 2 imports
[2025-11-28T04:57:12.012Z] [2025-11-28T04:57:12.012Z] [INDEXING-ORCHESTRATOR] [DEBUG] 📍 Chunk 4-13: 0 candidate symbols
[2025-11-28T04:57:12.012Z] [2025-11-28T04:57:12.012Z] [INDEXING-ORCHESTRATOR] [DEBUG] ✅ Chunk symbols after filtering: 0 symbols - 
[2025-11-28T04:57:12.012Z] [2025-11-28T04:57:12.012Z] [INDEXING-ORCHESTRATOR] [DEBUG] 📍 Chunk 18-85: 0 candidate symbols
[2025-11-28T04:57:12.012Z] [2025-11-28T04:57:12.012Z] [INDEXING-ORCHESTRATOR] [DEBUG] ✅ Chunk symbols after filtering: 0 symbols - 
[2025-11-28T04:57:12.012Z] [2025-11-28T04:57:12.012Z] [INDEXING-ORCHESTRATOR] [DEBUG] 📍 Chunk 90-118: 0 candidate symbols
[2025-11-28T04:57:12.012Z] [2025-11-28T04:57:12.012Z] [INDEXING-ORCHESTRATOR] [DEBUG] ✅ Chunk symbols after filtering: 0 symbols - 
[2025-11-28T04:57:12.012Z] [2025-11-28T04:57:12.012Z] [INDEXING-ORCHESTRATOR] [DEBUG] 📍 Chunk 123-147: 0 candidate symbols
[2025-11-28T04:57:12.012Z] [2025-11-28T04:57:12.012Z] [INDEXING-ORCHESTRATOR] [DEBUG] ✅ Chunk symbols after filtering: 0 symbols - 
[2025-11-28T04:57:12.012Z] [2025-11-28T04:57:12.012Z] [INDEXING-ORCHESTRATOR] [DEBUG] 📍 Chunk 152-194: 0 candidate symbols
[2025-11-28T04:57:12.012Z] [2025-11-28T04:57:12.012Z] [INDEXING-ORCHESTRATOR] [DEBUG] ✅ Chunk symbols after filtering: 0 symbols - 
[2025-11-28T04:57:12.012Z] [2025-11-28T04:57:12.012Z] [INDEXING-ORCHESTRATOR] [DEBUG] 📍 Chunk 199-208: 0 candidate symbols
[2025-11-28T04:57:12.012Z] [2025-11-28T04:57:12.012Z] [INDEXING-ORCHESTRATOR] [DEBUG] ✅ Chunk symbols after filtering: 0 symbols - 
[2025-11-28T04:57:12.012Z] [2025-11-28T04:57:12.012Z] [INDEXING-ORCHESTRATOR] [DEBUG] Created 6 semantic chunks for C:\Projects\educatedplanet\common\src\services\images-service\cloudflare-images.ts
[2025-11-28T04:57:12.012Z] [2025-11-28T04:57:12.012Z] [INDEXING-ORCHESTRATOR] [DEBUG] Average chunk size: 959 characters
[2025-11-28T04:57:12.019Z] [2025-11-28T04:57:12.019Z] [TREESITTER-CHUNKER] [INFO] Created 1 semantic chunks from C:\Projects\educatedplanet\common\src\services\images-service\config.ts
[2025-11-28T04:57:12.025Z] [2025-11-28T04:57:12.026Z] [TREESITTER-FULL] [INFO] Extracted 3 symbols from C:\Projects\educatedplanet\common\src\services\images-service\config.ts
[2025-11-28T04:57:12.025Z] [2025-11-28T04:57:12.026Z] [INDEXING-ORCHESTRATOR] [DEBUG] 🔍 Symbol extraction for C:\Projects\educatedplanet\common\src\services\images-service\config.ts: 3 symbols, 1 imports
[2025-11-28T04:57:12.025Z] [2025-11-28T04:57:12.026Z] [INDEXING-ORCHESTRATOR] [DEBUG] 📍 Chunk 27-46: 2 candidate symbols
[2025-11-28T04:57:12.025Z] [2025-11-28T04:57:12.026Z] [INDEXING-ORCHESTRATOR] [DEBUG] ✅ Chunk symbols after filtering: 2 symbols - getCategoryConfig, validateCategory
[2025-11-28T04:57:12.025Z] [2025-11-28T04:57:12.026Z] [INDEXING-ORCHESTRATOR] [DEBUG] Created 1 semantic chunks for C:\Projects\educatedplanet\common\src\services\images-service\config.ts
[2025-11-28T04:57:12.025Z] [2025-11-28T04:57:12.026Z] [INDEXING-ORCHESTRATOR] [DEBUG] Average chunk size: 692 characters
[2025-11-28T04:57:12.028Z] [2025-11-28T04:57:12.028Z] [TREESITTER-CHUNKER] [INFO] 🔍 Found class: unknown (267 lines)
[2025-11-28T04:57:12.028Z] [2025-11-28T04:57:12.028Z] [TREESITTER-CHUNKER] [INFO] 📤 Splitting large class: unknown (267 lines > 150)
[2025-11-28T04:57:12.028Z] [2025-11-28T04:57:12.028Z] [TREESITTER-CHUNKER] [INFO] 🔧 Extracting methods from large class with 2 children
[2025-11-28T04:57:12.028Z] [2025-11-28T04:57:12.029Z] [TREESITTER-CHUNKER] [INFO] 🔍 Checking 30 nodes for methods (using class_body)
[2025-11-28T04:57:12.028Z] [2025-11-28T04:57:12.029Z] [TREESITTER-CHUNKER] [INFO]    Child type: public_field_definition at lines 15-15
[2025-11-28T04:57:12.028Z] [2025-11-28T04:57:12.029Z] [TREESITTER-CHUNKER] [INFO]    Child type: public_field_definition at lines 16-16
[2025-11-28T04:57:12.028Z] [2025-11-28T04:57:12.029Z] [TREESITTER-CHUNKER] [INFO]    Child type: public_field_definition at lines 17-17
[2025-11-28T04:57:12.028Z] [2025-11-28T04:57:12.029Z] [TREESITTER-CHUNKER] [INFO]    Child type: public_field_definition at lines 18-18
[2025-11-28T04:57:12.028Z] [2025-11-28T04:57:12.029Z] [TREESITTER-CHUNKER] [INFO]    Child type: method_definition at lines 20-20
[2025-11-28T04:57:12.028Z] [2025-11-28T04:57:12.029Z] [TREESITTER-CHUNKER] [INFO]    🎯 Found method: unknown (1 lines, 24 chars)
[2025-11-28T04:57:12.028Z] [2025-11-28T04:57:12.029Z] [TREESITTER-CHUNKER] [INFO]    ❌ Method too small: unknown (24 < 30)
[2025-11-28T04:57:12.028Z] [2025-11-28T04:57:12.029Z] [TREESITTER-CHUNKER] [INFO]    Child type: method_definition at lines 22-27
[2025-11-28T04:57:12.028Z] [2025-11-28T04:57:12.029Z] [TREESITTER-CHUNKER] [INFO]    🎯 Found method: unknown (6 lines, 206 chars)
[2025-11-28T04:57:12.028Z] [2025-11-28T04:57:12.029Z] [TREESITTER-CHUNKER] [INFO]    ✅ Added method chunk: unknown
[2025-11-28T04:57:12.028Z] [2025-11-28T04:57:12.029Z] [TREESITTER-CHUNKER] [INFO]    Child type: comment at lines 29-31
[2025-11-28T04:57:12.028Z] [2025-11-28T04:57:12.029Z] [TREESITTER-CHUNKER] [INFO]    Child type: method_definition at lines 32-60
[2025-11-28T04:57:12.028Z] [2025-11-28T04:57:12.029Z] [TREESITTER-CHUNKER] [INFO]    🎯 Found method: unknown (29 lines, 1002 chars)
[2025-11-28T04:57:12.028Z] [2025-11-28T04:57:12.029Z] [TREESITTER-CHUNKER] [INFO]    ✅ Added method chunk: unknown
[2025-11-28T04:57:12.028Z] [2025-11-28T04:57:12.029Z] [TREESITTER-CHUNKER] [INFO]    Child type: comment at lines 62-64
[2025-11-28T04:57:12.028Z] [2025-11-28T04:57:12.029Z] [TREESITTER-CHUNKER] [INFO]    Child type: method_definition at lines 65-130
[2025-11-28T04:57:12.028Z] [2025-11-28T04:57:12.029Z] [TREESITTER-CHUNKER] [INFO]    🎯 Found method: unknown (66 lines, 2215 chars)
[2025-11-28T04:57:12.028Z] [2025-11-28T04:57:12.029Z] [TREESITTER-CHUNKER] [INFO]    ✅ Added method chunk: unknown
[2025-11-28T04:57:12.028Z] [2025-11-28T04:57:12.029Z] [TREESITTER-CHUNKER] [INFO]    Child type: comment at lines 132-134
[2025-11-28T04:57:12.028Z] [2025-11-28T04:57:12.029Z] [TREESITTER-CHUNKER] [INFO]    Child type: method_definition at lines 135-153
[2025-11-28T04:57:12.028Z] [2025-11-28T04:57:12.029Z] [TREESITTER-CHUNKER] [INFO]    🎯 Found method: unknown (19 lines, 619 chars)
[2025-11-28T04:57:12.028Z] [2025-11-28T04:57:12.029Z] [TREESITTER-CHUNKER] [INFO]    ✅ Added method chunk: unknown
[2025-11-28T04:57:12.028Z] [2025-11-28T04:57:12.029Z] [TREESITTER-CHUNKER] [INFO]    Child type: comment at lines 155-157
[2025-11-28T04:57:12.028Z] [2025-11-28T04:57:12.029Z] [TREESITTER-CHUNKER] [INFO]    Child type: method_definition at lines 158-179
[2025-11-28T04:57:12.028Z] [2025-11-28T04:57:12.029Z] [TREESITTER-CHUNKER] [INFO]    🎯 Found method: unknown (22 lines, 613 chars)
[2025-11-28T04:57:12.028Z] [2025-11-28T04:57:12.029Z] [TREESITTER-CHUNKER] [INFO]    ✅ Added method chunk: unknown
[2025-11-28T04:57:12.028Z] [2025-11-28T04:57:12.029Z] [TREESITTER-CHUNKER] [INFO]    Child type: comment at lines 181-183
[2025-11-28T04:57:12.028Z] [2025-11-28T04:57:12.029Z] [TREESITTER-CHUNKER] [INFO]    Child type: method_definition at lines 184-205
[2025-11-28T04:57:12.029Z] [2025-11-28T04:57:12.029Z] [TREESITTER-CHUNKER] [INFO]    🎯 Found method: unknown (22 lines, 694 chars)
[2025-11-28T04:57:12.029Z] [2025-11-28T04:57:12.029Z] [TREESITTER-CHUNKER] [INFO]    ✅ Added method chunk: unknown
[2025-11-28T04:57:12.029Z] [2025-11-28T04:57:12.029Z] [TREESITTER-CHUNKER] [INFO]    Child type: comment at lines 207-209
[2025-11-28T04:57:12.029Z] [2025-11-28T04:57:12.030Z] [TREESITTER-CHUNKER] [INFO]    Child type: method_definition at lines 210-212
[2025-11-28T04:57:12.029Z] [2025-11-28T04:57:12.030Z] [TREESITTER-CHUNKER] [INFO]    🎯 Found method: unknown (3 lines, 113 chars)
[2025-11-28T04:57:12.029Z] [2025-11-28T04:57:12.030Z] [TREESITTER-CHUNKER] [INFO]    ✅ Added method chunk: unknown
[2025-11-28T04:57:12.029Z] [2025-11-28T04:57:12.030Z] [TREESITTER-CHUNKER] [INFO]    Child type: comment at lines 214-216
[2025-11-28T04:57:12.029Z] [2025-11-28T04:57:12.030Z] [TREESITTER-CHUNKER] [INFO]    Child type: method_definition at lines 217-219
[2025-11-28T04:57:12.029Z] [2025-11-28T04:57:12.030Z] [TREESITTER-CHUNKER] [INFO]    🎯 Found method: unknown (3 lines, 107 chars)
[2025-11-28T04:57:12.029Z] [2025-11-28T04:57:12.030Z] [TREESITTER-CHUNKER] [INFO]    ✅ Added method chunk: unknown
[2025-11-28T04:57:12.029Z] [2025-11-28T04:57:12.030Z] [TREESITTER-CHUNKER] [INFO]    Child type: comment at lines 221-223
[2025-11-28T04:57:12.029Z] [2025-11-28T04:57:12.030Z] [TREESITTER-CHUNKER] [INFO]    Child type: method_definition at lines 224-244
[2025-11-28T04:57:12.029Z] [2025-11-28T04:57:12.030Z] [TREESITTER-CHUNKER] [INFO]    🎯 Found method: unknown (21 lines, 573 chars)
[2025-11-28T04:57:12.029Z] [2025-11-28T04:57:12.030Z] [TREESITTER-CHUNKER] [INFO]    ✅ Added method chunk: unknown
[2025-11-28T04:57:12.029Z] [2025-11-28T04:57:12.030Z] [TREESITTER-CHUNKER] [INFO]    Child type: comment at lines 246-248
[2025-11-28T04:57:12.029Z] [2025-11-28T04:57:12.030Z] [TREESITTER-CHUNKER] [INFO]    Child type: method_definition at lines 249-258
[2025-11-28T04:57:12.029Z] [2025-11-28T04:57:12.030Z] [TREESITTER-CHUNKER] [INFO]    🎯 Found method: unknown (10 lines, 280 chars)
[2025-11-28T04:57:12.029Z] [2025-11-28T04:57:12.030Z] [TREESITTER-CHUNKER] [INFO]    ✅ Added method chunk: unknown
[2025-11-28T04:57:12.029Z] [2025-11-28T04:57:12.030Z] [TREESITTER-CHUNKER] [INFO]    Child type: comment at lines 260-262
[2025-11-28T04:57:12.029Z] [2025-11-28T04:57:12.030Z] [TREESITTER-CHUNKER] [INFO]    Child type: method_definition at lines 263-265
[2025-11-28T04:57:12.029Z] [2025-11-28T04:57:12.030Z] [TREESITTER-CHUNKER] [INFO]    🎯 Found method: unknown (3 lines, 69 chars)
[2025-11-28T04:57:12.029Z] [2025-11-28T04:57:12.030Z] [TREESITTER-CHUNKER] [INFO]    ✅ Added method chunk: unknown
[2025-11-28T04:57:12.029Z] [2025-11-28T04:57:12.030Z] [TREESITTER-CHUNKER] [INFO]    Child type: comment at lines 267-269
[2025-11-28T04:57:12.029Z] [2025-11-28T04:57:12.030Z] [TREESITTER-CHUNKER] [INFO]    Child type: method_definition at lines 270-272
[2025-11-28T04:57:12.029Z] [2025-11-28T04:57:12.030Z] [TREESITTER-CHUNKER] [INFO]    🎯 Found method: unknown (3 lines, 100 chars)
[2025-11-28T04:57:12.029Z] [2025-11-28T04:57:12.030Z] [TREESITTER-CHUNKER] [INFO]    ✅ Added method chunk: unknown
[2025-11-28T04:57:12.029Z] [2025-11-28T04:57:12.030Z] [TREESITTER-CHUNKER] [INFO]    Child type: comment at lines 274-276
[2025-11-28T04:57:12.029Z] [2025-11-28T04:57:12.030Z] [TREESITTER-CHUNKER] [INFO]    Child type: method_definition at lines 277-279
[2025-11-28T04:57:12.029Z] [2025-11-28T04:57:12.030Z] [TREESITTER-CHUNKER] [INFO]    🎯 Found method: unknown (3 lines, 69 chars)
[2025-11-28T04:57:12.029Z] [2025-11-28T04:57:12.030Z] [TREESITTER-CHUNKER] [INFO]    ✅ Added method chunk: unknown
[2025-11-28T04:57:12.029Z] [2025-11-28T04:57:12.030Z] [TREESITTER-CHUNKER] [INFO] 🏁 Extracted 13 methods from large class
[2025-11-28T04:57:12.037Z] [2025-11-28T04:57:12.038Z] [TREESITTER-CHUNKER] [INFO] Created 7 semantic chunks from C:\Projects\educatedplanet\common\src\services\images-service\index.ts
[2025-11-28T04:57:12.085Z] [2025-11-28T04:57:12.086Z] [TREESITTER-FULL] [INFO] Extracted 2 symbols from C:\Projects\educatedplanet\common\src\services\images-service\index.ts
[2025-11-28T04:57:12.085Z] [2025-11-28T04:57:12.086Z] [INDEXING-ORCHESTRATOR] [DEBUG] 🔍 Symbol extraction for C:\Projects\educatedplanet\common\src\services\images-service\index.ts: 2 symbols, 5 imports
[2025-11-28T04:57:12.086Z] [2025-11-28T04:57:12.086Z] [INDEXING-ORCHESTRATOR] [DEBUG] 📍 Chunk 14-27: 0 candidate symbols
[2025-11-28T04:57:12.086Z] [2025-11-28T04:57:12.086Z] [INDEXING-ORCHESTRATOR] [DEBUG] ✅ Chunk symbols after filtering: 0 symbols - 
[2025-11-28T04:57:12.086Z] [2025-11-28T04:57:12.086Z] [INDEXING-ORCHESTRATOR] [DEBUG] 📍 Chunk 32-60: 0 candidate symbols
[2025-11-28T04:57:12.086Z] [2025-11-28T04:57:12.086Z] [INDEXING-ORCHESTRATOR] [DEBUG] ✅ Chunk symbols after filtering: 0 symbols - 
[2025-11-28T04:57:12.086Z] [2025-11-28T04:57:12.086Z] [INDEXING-ORCHESTRATOR] [DEBUG] 📍 Chunk 65-130: 0 candidate symbols
[2025-11-28T04:57:12.086Z] [2025-11-28T04:57:12.086Z] [INDEXING-ORCHESTRATOR] [DEBUG] ✅ Chunk symbols after filtering: 0 symbols - 
[2025-11-28T04:57:12.086Z] [2025-11-28T04:57:12.086Z] [INDEXING-ORCHESTRATOR] [DEBUG] 📍 Chunk 135-179: 0 candidate symbols
[2025-11-28T04:57:12.086Z] [2025-11-28T04:57:12.086Z] [INDEXING-ORCHESTRATOR] [DEBUG] ✅ Chunk symbols after filtering: 0 symbols - 
[2025-11-28T04:57:12.086Z] [2025-11-28T04:57:12.086Z] [INDEXING-ORCHESTRATOR] [DEBUG] 📍 Chunk 184-219: 0 candidate symbols
[2025-11-28T04:57:12.086Z] [2025-11-28T04:57:12.086Z] [INDEXING-ORCHESTRATOR] [DEBUG] ✅ Chunk symbols after filtering: 0 symbols - 
[2025-11-28T04:57:12.086Z] [2025-11-28T04:57:12.086Z] [INDEXING-ORCHESTRATOR] [DEBUG] 📍 Chunk 224-279: 0 candidate symbols
[2025-11-28T04:57:12.086Z] [2025-11-28T04:57:12.086Z] [INDEXING-ORCHESTRATOR] [DEBUG] ✅ Chunk symbols after filtering: 0 symbols - 
[2025-11-28T04:57:12.086Z] [2025-11-28T04:57:12.086Z] [INDEXING-ORCHESTRATOR] [DEBUG] 📍 Chunk 280-293: 1 candidate symbols
[2025-11-28T04:57:12.086Z] [2025-11-28T04:57:12.086Z] [INDEXING-ORCHESTRATOR] [DEBUG] ✅ Chunk symbols after filtering: 1 symbols - imageService
[2025-11-28T04:57:12.086Z] [2025-11-28T04:57:12.086Z] [INDEXING-ORCHESTRATOR] [DEBUG] Created 7 semantic chunks for C:\Projects\educatedplanet\common\src\services\images-service\index.ts
[2025-11-28T04:57:12.086Z] [2025-11-28T04:57:12.086Z] [INDEXING-ORCHESTRATOR] [DEBUG] Average chunk size: 1104 characters
[2025-11-28T04:57:12.088Z] [2025-11-28T04:57:12.089Z] [TREESITTER-CHUNKER] [INFO] 🔍 Found class: unknown (139 lines)
[2025-11-28T04:57:12.088Z] [2025-11-28T04:57:12.089Z] [TREESITTER-CHUNKER] [INFO] 📦 Keeping small class intact: unknown (139 lines <= 150)
[2025-11-28T04:57:12.093Z] [2025-11-28T04:57:12.094Z] [TREESITTER-CHUNKER] [INFO] Created 2 semantic chunks from C:\Projects\educatedplanet\common\src\services\images-service\soft-delete.ts
[2025-11-28T04:57:12.129Z] [2025-11-28T04:57:12.130Z] [TREESITTER-FULL] [INFO] Extracted 2 symbols from C:\Projects\educatedplanet\common\src\services\images-service\soft-delete.ts
[2025-11-28T04:57:12.129Z] [2025-11-28T04:57:12.130Z] [INDEXING-ORCHESTRATOR] [DEBUG] 🔍 Symbol extraction for C:\Projects\educatedplanet\common\src\services\images-service\soft-delete.ts: 2 symbols, 1 imports
[2025-11-28T04:57:12.129Z] [2025-11-28T04:57:12.130Z] [INDEXING-ORCHESTRATOR] [DEBUG] 📍 Chunk 7-145: 1 candidate symbols
[2025-11-28T04:57:12.129Z] [2025-11-28T04:57:12.130Z] [INDEXING-ORCHESTRATOR] [DEBUG] ✅ Chunk symbols after filtering: 1 symbols - SoftDeleteManager
[2025-11-28T04:57:12.129Z] [2025-11-28T04:57:12.130Z] [INDEXING-ORCHESTRATOR] [DEBUG] 📍 Chunk 146-148: 1 candidate symbols
[2025-11-28T04:57:12.129Z] [2025-11-28T04:57:12.130Z] [INDEXING-ORCHESTRATOR] [DEBUG] ✅ Chunk symbols after filtering: 1 symbols - softDeleteManager
[2025-11-28T04:57:12.129Z] [2025-11-28T04:57:12.130Z] [INDEXING-ORCHESTRATOR] [DEBUG] Created 2 semantic chunks for C:\Projects\educatedplanet\common\src\services\images-service\soft-delete.ts
[2025-11-28T04:57:12.129Z] [2025-11-28T04:57:12.130Z] [INDEXING-ORCHESTRATOR] [DEBUG] Average chunk size: 1992 characters
[2025-11-28T04:57:12.129Z] [2025-11-28T04:57:12.130Z] [INDEXING-ORCHESTRATOR] [DEBUG] 📊 Processed: 220/324 files
[2025-11-28T04:57:12.140Z] [2025-11-28T04:57:12.141Z] [TREESITTER-CHUNKER] [INFO] Created 1 semantic chunks from C:\Projects\educatedplanet\common\src\services\images-service\types.ts
[2025-11-28T04:57:12.143Z] [2025-11-28T04:57:12.144Z] [TREESITTER-FULL] [INFO] Extracted 7 symbols from C:\Projects\educatedplanet\common\src\services\images-service\types.ts
[2025-11-28T04:57:12.143Z] [2025-11-28T04:57:12.144Z] [INDEXING-ORCHESTRATOR] [DEBUG] 🔍 Symbol extraction for C:\Projects\educatedplanet\common\src\services\images-service\types.ts: 7 symbols, 0 imports
[2025-11-28T04:57:12.144Z] [2025-11-28T04:57:12.144Z] [INDEXING-ORCHESTRATOR] [DEBUG] 📍 Chunk 1-51: 7 candidate symbols
[2025-11-28T04:57:12.144Z] [2025-11-28T04:57:12.144Z] [INDEXING-ORCHESTRATOR] [DEBUG] ✅ Chunk symbols after filtering: 7 symbols - CloudflareImageResponse, UploadImageOptions, ImageCategory, ImageUploadConfig, SoftDeleteImage, ImageUploadError, ImageValidationResult
[2025-11-28T04:57:12.144Z] [2025-11-28T04:57:12.144Z] [INDEXING-ORCHESTRATOR] [DEBUG] Created 1 semantic chunks for C:\Projects\educatedplanet\common\src\services\images-service\types.ts
[2025-11-28T04:57:12.144Z] [2025-11-28T04:57:12.144Z] [INDEXING-ORCHESTRATOR] [DEBUG] Average chunk size: 1314 characters
[2025-11-28T04:57:12.149Z] [2025-11-28T04:57:12.150Z] [TREESITTER-CHUNKER] [INFO] Created 3 semantic chunks from C:\Projects\educatedplanet\common\src\services\images-service\utils.ts
[2025-11-28T04:57:12.167Z] [2025-11-28T04:57:12.168Z] [TREESITTER-FULL] [INFO] Extracted 6 symbols from C:\Projects\educatedplanet\common\src\services\images-service\utils.ts
[2025-11-28T04:57:12.167Z] [2025-11-28T04:57:12.168Z] [INDEXING-ORCHESTRATOR] [DEBUG] 🔍 Symbol extraction for C:\Projects\educatedplanet\common\src\services\images-service\utils.ts: 6 symbols, 2 imports
[2025-11-28T04:57:12.168Z] [2025-11-28T04:57:12.168Z] [INDEXING-ORCHESTRATOR] [DEBUG] 📍 Chunk 7-47: 2 candidate symbols
[2025-11-28T04:57:12.168Z] [2025-11-28T04:57:12.168Z] [INDEXING-ORCHESTRATOR] [DEBUG] ✅ Chunk symbols after filtering: 2 symbols - generateUniqueFilename, validateFile
[2025-11-28T04:57:12.168Z] [2025-11-28T04:57:12.168Z] [INDEXING-ORCHESTRATOR] [DEBUG] 📍 Chunk 52-78: 3 candidate symbols
[2025-11-28T04:57:12.168Z] [2025-11-28T04:57:12.168Z] [INDEXING-ORCHESTRATOR] [DEBUG] ✅ Chunk symbols after filtering: 3 symbols - buildVariantUrls, getExtensionFromMimeType, isValidUUID
[2025-11-28T04:57:12.168Z] [2025-11-28T04:57:12.168Z] [INDEXING-ORCHESTRATOR] [DEBUG] 📍 Chunk 83-109: 1 candidate symbols
[2025-11-28T04:57:12.168Z] [2025-11-28T04:57:12.168Z] [INDEXING-ORCHESTRATOR] [DEBUG] ✅ Chunk symbols after filtering: 1 symbols - sanitizeMetadata
[2025-11-28T04:57:12.168Z] [2025-11-28T04:57:12.168Z] [INDEXING-ORCHESTRATOR] [DEBUG] Created 3 semantic chunks for C:\Projects\educatedplanet\common\src\services\images-service\utils.ts
[2025-11-28T04:57:12.168Z] [2025-11-28T04:57:12.168Z] [INDEXING-ORCHESTRATOR] [DEBUG] Average chunk size: 979 characters
[2025-11-28T04:57:12.177Z] [2025-11-28T04:57:12.177Z] [TREESITTER-CHUNKER] [INFO] Created 2 semantic chunks from C:\Projects\educatedplanet\common\src\utils\location.ts
[2025-11-28T04:57:12.191Z] [2025-11-28T04:57:12.192Z] [TREESITTER-FULL] [INFO] Extracted 6 symbols from C:\Projects\educatedplanet\common\src\utils\location.ts
[2025-11-28T04:57:12.192Z] [2025-11-28T04:57:12.192Z] [INDEXING-ORCHESTRATOR] [DEBUG] 🔍 Symbol extraction for C:\Projects\educatedplanet\common\src\utils\location.ts: 6 symbols, 0 imports
[2025-11-28T04:57:12.192Z] [2025-11-28T04:57:12.192Z] [INDEXING-ORCHESTRATOR] [DEBUG] 📍 Chunk 2-52: 4 candidate symbols
[2025-11-28T04:57:12.192Z] [2025-11-28T04:57:12.192Z] [INDEXING-ORCHESTRATOR] [DEBUG] ✅ Chunk symbols after filtering: 4 symbols - convertDistance, validateCoordinates, convertToGeoJSON, extractFromGeoJSON
[2025-11-28T04:57:12.192Z] [2025-11-28T04:57:12.192Z] [INDEXING-ORCHESTRATOR] [DEBUG] 📍 Chunk 55-84: 2 candidate symbols
[2025-11-28T04:57:12.192Z] [2025-11-28T04:57:12.192Z] [INDEXING-ORCHESTRATOR] [DEBUG] ✅ Chunk symbols after filtering: 2 symbols - calculateDistance, formatDistance
[2025-11-28T04:57:12.192Z] [2025-11-28T04:57:12.192Z] [INDEXING-ORCHESTRATOR] [DEBUG] Created 2 semantic chunks for C:\Projects\educatedplanet\common\src\utils\location.ts
[2025-11-28T04:57:12.192Z] [2025-11-28T04:57:12.192Z] [INDEXING-ORCHESTRATOR] [DEBUG] Average chunk size: 1059 characters
[2025-11-28T04:57:12.196Z] [2025-11-28T04:57:12.196Z] [TREESITTER-CHUNKER] [INFO] Created 2 semantic chunks from C:\Projects\educatedplanet\common\src\utils\index.ts
[2025-11-28T04:57:12.200Z] [2025-11-28T04:57:12.200Z] [TREESITTER-FULL] [INFO] Extracted 5 symbols from C:\Projects\educatedplanet\common\src\utils\index.ts
[2025-11-28T04:57:12.200Z] [2025-11-28T04:57:12.200Z] [INDEXING-ORCHESTRATOR] [DEBUG] 🔍 Symbol extraction for C:\Projects\educatedplanet\common\src\utils\index.ts: 5 symbols, 0 imports
[2025-11-28T04:57:12.200Z] [2025-11-28T04:57:12.201Z] [INDEXING-ORCHESTRATOR] [DEBUG] 📍 Chunk 6-44: 5 candidate symbols
[2025-11-28T04:57:12.200Z] [2025-11-28T04:57:12.201Z] [INDEXING-ORCHESTRATOR] [DEBUG] ✅ Chunk symbols after filtering: 5 symbols - formatTutorName, formatCurrency, generateSlug, isEmpty, truncateText
[2025-11-28T04:57:12.200Z] [2025-11-28T04:57:12.201Z] [INDEXING-ORCHESTRATOR] [DEBUG] 📍 Chunk 45-47: 0 candidate symbols
[2025-11-28T04:57:12.200Z] [2025-11-28T04:57:12.201Z] [INDEXING-ORCHESTRATOR] [DEBUG] ✅ Chunk symbols after filtering: 0 symbols - 
[2025-11-28T04:57:12.200Z] [2025-11-28T04:57:12.201Z] [INDEXING-ORCHESTRATOR] [DEBUG] Created 2 semantic chunks for C:\Projects\educatedplanet\common\src\utils\index.ts
[2025-11-28T04:57:12.200Z] [2025-11-28T04:57:12.201Z] [INDEXING-ORCHESTRATOR] [DEBUG] Average chunk size: 470 characters
[2025-11-28T04:57:12.200Z] [2025-11-28T04:57:12.201Z] [TREESITTER-CHUNKER] [INFO] Created 1 semantic chunks from C:\Projects\educatedplanet\common\src\services\index.ts
[2025-11-28T04:57:12.201Z] [2025-11-28T04:57:12.202Z] [TREESITTER-FULL] [INFO] Extracted 0 symbols from C:\Projects\educatedplanet\common\src\services\index.ts
[2025-11-28T04:57:12.201Z] [2025-11-28T04:57:12.202Z] [INDEXING-ORCHESTRATOR] [DEBUG] 🔍 Symbol extraction for C:\Projects\educatedplanet\common\src\services\index.ts: 0 symbols, 0 imports
[2025-11-28T04:57:12.201Z] [2025-11-28T04:57:12.202Z] [INDEXING-ORCHESTRATOR] [DEBUG] 📍 Chunk 1-3: 0 candidate symbols
[2025-11-28T04:57:12.201Z] [2025-11-28T04:57:12.202Z] [INDEXING-ORCHESTRATOR] [DEBUG] ✅ Chunk symbols after filtering: 0 symbols - 
[2025-11-28T04:57:12.201Z] [2025-11-28T04:57:12.202Z] [INDEXING-ORCHESTRATOR] [DEBUG] Created 1 semantic chunks for C:\Projects\educatedplanet\common\src\services\index.ts
[2025-11-28T04:57:12.201Z] [2025-11-28T04:57:12.202Z] [INDEXING-ORCHESTRATOR] [DEBUG] Average chunk size: 118 characters
[2025-11-28T04:57:12.203Z] [2025-11-28T04:57:12.204Z] [TREESITTER-CHUNKER] [INFO] Created 2 semantic chunks from C:\Projects\educatedplanet\dataservice\run-seeder.js
[2025-11-28T04:57:12.205Z] [2025-11-28T04:57:12.206Z] [TREESITTER-FULL] [INFO] Extracted 1 symbols from C:\Projects\educatedplanet\dataservice\run-seeder.js
[2025-11-28T04:57:12.205Z] [2025-11-28T04:57:12.206Z] [INDEXING-ORCHESTRATOR] [DEBUG] 🔍 Symbol extraction for C:\Projects\educatedplanet\dataservice\run-seeder.js: 1 symbols, 2 imports
[2025-11-28T04:57:12.205Z] [2025-11-28T04:57:12.206Z] [INDEXING-ORCHESTRATOR] [DEBUG] 📍 Chunk 11-21: 1 candidate symbols
[2025-11-28T04:57:12.205Z] [2025-11-28T04:57:12.206Z] [INDEXING-ORCHESTRATOR] [DEBUG] ✅ Chunk symbols after filtering: 1 symbols - runSeeder
[2025-11-28T04:57:12.205Z] [2025-11-28T04:57:12.206Z] [INDEXING-ORCHESTRATOR] [DEBUG] 📍 Chunk 22-24: 0 candidate symbols
[2025-11-28T04:57:12.205Z] [2025-11-28T04:57:12.206Z] [INDEXING-ORCHESTRATOR] [DEBUG] ✅ Chunk symbols after filtering: 0 symbols - 
[2025-11-28T04:57:12.205Z] [2025-11-28T04:57:12.206Z] [INDEXING-ORCHESTRATOR] [DEBUG] Created 2 semantic chunks for C:\Projects\educatedplanet\dataservice\run-seeder.js
[2025-11-28T04:57:12.205Z] [2025-11-28T04:57:12.206Z] [INDEXING-ORCHESTRATOR] [DEBUG] Average chunk size: 157 characters
[2025-11-28T04:57:12.231Z] [2025-11-28T04:57:12.232Z] [TREESITTER-CHUNKER] [INFO] Created 1 semantic chunks from C:\Projects\educatedplanet\common\src\validation\index.ts
[2025-11-28T04:57:12.274Z] [2025-11-28T04:57:12.275Z] [TREESITTER-FULL] [INFO] Extracted 32 symbols from C:\Projects\educatedplanet\common\src\validation\index.ts
[2025-11-28T04:57:12.274Z] [2025-11-28T04:57:12.275Z] [INDEXING-ORCHESTRATOR] [DEBUG] 🔍 Symbol extraction for C:\Projects\educatedplanet\common\src\validation\index.ts: 32 symbols, 1 imports
[2025-11-28T04:57:12.274Z] [2025-11-28T04:57:12.275Z] [INDEXING-ORCHESTRATOR] [DEBUG] 📍 Chunk 160-169: 10 candidate symbols
[2025-11-28T04:57:12.274Z] [2025-11-28T04:57:12.275Z] [INDEXING-ORCHESTRATOR] [DEBUG] ✅ Chunk symbols after filtering: 10 symbols - LoginInput, TutorBasicInfoInput, TutorTeachingInput, TutorLocationInput, ReviewInput, CreateClassInput, UpdateClassInput, ClassSearchParamsInput, AddSubClassInput, RemoveSubClassInput
[2025-11-28T04:57:12.274Z] [2025-11-28T04:57:12.275Z] [INDEXING-ORCHESTRATOR] [DEBUG] Created 1 semantic chunks for C:\Projects\educatedplanet\common\src\validation\index.ts
[2025-11-28T04:57:12.274Z] [2025-11-28T04:57:12.275Z] [INDEXING-ORCHESTRATOR] [DEBUG] Average chunk size: 662 characters
[2025-11-28T04:57:12.279Z] [2025-11-28T04:57:12.279Z] [TREESITTER-CHUNKER] [INFO] Created 2 semantic chunks from C:\Projects\educatedplanet\common\src\utils\password.ts
[2025-11-28T04:57:12.280Z] [2025-11-28T04:57:12.281Z] [TREESITTER-FULL] [INFO] Extracted 4 symbols from C:\Projects\educatedplanet\common\src\utils\password.ts
[2025-11-28T04:57:12.280Z] [2025-11-28T04:57:12.281Z] [INDEXING-ORCHESTRATOR] [DEBUG] 🔍 Symbol extraction for C:\Projects\educatedplanet\common\src\utils\password.ts: 4 symbols, 1 imports
[2025-11-28T04:57:12.280Z] [2025-11-28T04:57:12.281Z] [INDEXING-ORCHESTRATOR] [DEBUG] 📍 Chunk 6-16: 2 candidate symbols
[2025-11-28T04:57:12.280Z] [2025-11-28T04:57:12.281Z] [INDEXING-ORCHESTRATOR] [DEBUG] ✅ Chunk symbols after filtering: 2 symbols - hashPassword, verifyPassword
[2025-11-28T04:57:12.280Z] [2025-11-28T04:57:12.281Z] [INDEXING-ORCHESTRATOR] [DEBUG] 📍 Chunk 22-22: 1 candidate symbols
[2025-11-28T04:57:12.280Z] [2025-11-28T04:57:12.281Z] [INDEXING-ORCHESTRATOR] [DEBUG] ✅ Chunk symbols after filtering: 1 symbols - PasswordVerifyResult
[2025-11-28T04:57:12.280Z] [2025-11-28T04:57:12.281Z] [INDEXING-ORCHESTRATOR] [DEBUG] Created 2 semantic chunks for C:\Projects\educatedplanet\common\src\utils\password.ts
[2025-11-28T04:57:12.280Z] [2025-11-28T04:57:12.281Z] [INDEXING-ORCHESTRATOR] [DEBUG] Average chunk size: 190 characters
[2025-11-28T04:57:12.283Z] [2025-11-28T04:57:12.284Z] [TREESITTER-CHUNKER] [INFO] 🔍 Found class: DatabaseConnection (126 lines)
[2025-11-28T04:57:12.283Z] [2025-11-28T04:57:12.284Z] [TREESITTER-CHUNKER] [INFO] 📦 Keeping small class intact: DatabaseConnection (126 lines <= 150)
[2025-11-28T04:57:12.289Z] [2025-11-28T04:57:12.290Z] [TREESITTER-CHUNKER] [INFO] Created 2 semantic chunks from C:\Projects\educatedplanet\dataservice\src\datamodels\connections\database.js
[2025-11-28T04:57:12.313Z] [2025-11-28T04:57:12.313Z] [TREESITTER-FULL] [INFO] Extracted 4 symbols from C:\Projects\educatedplanet\dataservice\src\datamodels\connections\database.js
[2025-11-28T04:57:12.313Z] [2025-11-28T04:57:12.314Z] [INDEXING-ORCHESTRATOR] [DEBUG] 🔍 Symbol extraction for C:\Projects\educatedplanet\dataservice\src\datamodels\connections\database.js: 4 symbols, 0 imports
[2025-11-28T04:57:12.313Z] [2025-11-28T04:57:12.314Z] [INDEXING-ORCHESTRATOR] [DEBUG] 📍 Chunk 27-152: 1 candidate symbols
[2025-11-28T04:57:12.313Z] [2025-11-28T04:57:12.314Z] [INDEXING-ORCHESTRATOR] [DEBUG] ✅ Chunk symbols after filtering: 1 symbols - DatabaseConnection
[2025-11-28T04:57:12.313Z] [2025-11-28T04:57:12.314Z] [INDEXING-ORCHESTRATOR] [DEBUG] 📍 Chunk 153-174: 2 candidate symbols
[2025-11-28T04:57:12.313Z] [2025-11-28T04:57:12.314Z] [INDEXING-ORCHESTRATOR] [DEBUG] ✅ Chunk symbols after filtering: 2 symbols - initializeDatabase, closeDatabase
[2025-11-28T04:57:12.313Z] [2025-11-28T04:57:12.314Z] [INDEXING-ORCHESTRATOR] [DEBUG] Created 2 semantic chunks for C:\Projects\educatedplanet\dataservice\src\datamodels\connections\database.js
[2025-11-28T04:57:12.313Z] [2025-11-28T04:57:12.314Z] [INDEXING-ORCHESTRATOR] [DEBUG] Average chunk size: 2344 characters
[2025-11-28T04:57:12.318Z] [2025-11-28T04:57:12.318Z] [TREESITTER-CHUNKER] [INFO] 🔍 Found class: unknown (261 lines)
[2025-11-28T04:57:12.318Z] [2025-11-28T04:57:12.318Z] [TREESITTER-CHUNKER] [INFO] 📤 Splitting large class: unknown (261 lines > 150)
[2025-11-28T04:57:12.318Z] [2025-11-28T04:57:12.318Z] [TREESITTER-CHUNKER] [INFO] 🔧 Extracting methods from large class with 2 children
[2025-11-28T04:57:12.318Z] [2025-11-28T04:57:12.319Z] [TREESITTER-CHUNKER] [INFO] 🔍 Checking 37 nodes for methods (using class_body)
[2025-11-28T04:57:12.318Z] [2025-11-28T04:57:12.319Z] [TREESITTER-CHUNKER] [INFO]    Child type: public_field_definition at lines 41-41
[2025-11-28T04:57:12.318Z] [2025-11-28T04:57:12.319Z] [TREESITTER-CHUNKER] [INFO]    Child type: public_field_definition at lines 42-42
[2025-11-28T04:57:12.318Z] [2025-11-28T04:57:12.319Z] [TREESITTER-CHUNKER] [INFO]    Child type: public_field_definition at lines 43-43
[2025-11-28T04:57:12.318Z] [2025-11-28T04:57:12.319Z] [TREESITTER-CHUNKER] [INFO]    Child type: public_field_definition at lines 44-44
[2025-11-28T04:57:12.318Z] [2025-11-28T04:57:12.319Z] [TREESITTER-CHUNKER] [INFO]    Child type: public_field_definition at lines 45-45
[2025-11-28T04:57:12.318Z] [2025-11-28T04:57:12.319Z] [TREESITTER-CHUNKER] [INFO]    Child type: comment at lines 45-45
[2025-11-28T04:57:12.318Z] [2025-11-28T04:57:12.319Z] [TREESITTER-CHUNKER] [INFO]    Child type: method_definition at lines 47-52
[2025-11-28T04:57:12.318Z] [2025-11-28T04:57:12.319Z] [TREESITTER-CHUNKER] [INFO]    🎯 Found method: unknown (6 lines, 143 chars)
[2025-11-28T04:57:12.318Z] [2025-11-28T04:57:12.319Z] [TREESITTER-CHUNKER] [INFO]    ✅ Added method chunk: unknown
[2025-11-28T04:57:12.318Z] [2025-11-28T04:57:12.319Z] [TREESITTER-CHUNKER] [INFO]    Child type: comment at lines 54-56
[2025-11-28T04:57:12.318Z] [2025-11-28T04:57:12.319Z] [TREESITTER-CHUNKER] [INFO]    Child type: method_definition at lines 57-62
[2025-11-28T04:57:12.318Z] [2025-11-28T04:57:12.319Z] [TREESITTER-CHUNKER] [INFO]    🎯 Found method: unknown (6 lines, 206 chars)
[2025-11-28T04:57:12.318Z] [2025-11-28T04:57:12.319Z] [TREESITTER-CHUNKER] [INFO]    ✅ Added method chunk: unknown
[2025-11-28T04:57:12.318Z] [2025-11-28T04:57:12.319Z] [TREESITTER-CHUNKER] [INFO]    Child type: comment at lines 64-66
[2025-11-28T04:57:12.318Z] [2025-11-28T04:57:12.319Z] [TREESITTER-CHUNKER] [INFO]    Child type: method_definition at lines 67-93
[2025-11-28T04:57:12.318Z] [2025-11-28T04:57:12.319Z] [TREESITTER-CHUNKER] [INFO]    🎯 Found method: unknown (27 lines, 837 chars)
[2025-11-28T04:57:12.318Z] [2025-11-28T04:57:12.319Z] [TREESITTER-CHUNKER] [INFO]    ✅ Added method chunk: unknown
[2025-11-28T04:57:12.318Z] [2025-11-28T04:57:12.319Z] [TREESITTER-CHUNKER] [INFO]    Child type: comment at lines 95-97
[2025-11-28T04:57:12.318Z] [2025-11-28T04:57:12.319Z] [TREESITTER-CHUNKER] [INFO]    Child type: method_definition at lines 98-112
[2025-11-28T04:57:12.319Z] [2025-11-28T04:57:12.319Z] [TREESITTER-CHUNKER] [INFO]    🎯 Found method: unknown (15 lines, 396 chars)
[2025-11-28T04:57:12.319Z] [2025-11-28T04:57:12.319Z] [TREESITTER-CHUNKER] [INFO]    ✅ Added method chunk: unknown
[2025-11-28T04:57:12.319Z] [2025-11-28T04:57:12.320Z] [TREESITTER-CHUNKER] [INFO]    Child type: comment at lines 114-116
[2025-11-28T04:57:12.319Z] [2025-11-28T04:57:12.320Z] [TREESITTER-CHUNKER] [INFO]    Child type: method_definition at lines 117-119
[2025-11-28T04:57:12.319Z] [2025-11-28T04:57:12.320Z] [TREESITTER-CHUNKER] [INFO]    🎯 Found method: unknown (3 lines, 114 chars)
[2025-11-28T04:57:12.319Z] [2025-11-28T04:57:12.320Z] [TREESITTER-CHUNKER] [INFO]    ✅ Added method chunk: unknown
[2025-11-28T04:57:12.319Z] [2025-11-28T04:57:12.320Z] [TREESITTER-CHUNKER] [INFO]    Child type: comment at lines 121-123
[2025-11-28T04:57:12.319Z] [2025-11-28T04:57:12.320Z] [TREESITTER-CHUNKER] [INFO]    Child type: method_definition at lines 124-126
[2025-11-28T04:57:12.319Z] [2025-11-28T04:57:12.320Z] [TREESITTER-CHUNKER] [INFO]    🎯 Found method: unknown (3 lines, 66 chars)
[2025-11-28T04:57:12.319Z] [2025-11-28T04:57:12.320Z] [TREESITTER-CHUNKER] [INFO]    ✅ Added method chunk: unknown
[2025-11-28T04:57:12.319Z] [2025-11-28T04:57:12.320Z] [TREESITTER-CHUNKER] [INFO]    Child type: comment at lines 128-130
[2025-11-28T04:57:12.319Z] [2025-11-28T04:57:12.320Z] [TREESITTER-CHUNKER] [INFO]    Child type: method_definition at lines 131-136
[2025-11-28T04:57:12.319Z] [2025-11-28T04:57:12.320Z] [TREESITTER-CHUNKER] [INFO]    🎯 Found method: unknown (6 lines, 175 chars)
[2025-11-28T04:57:12.319Z] [2025-11-28T04:57:12.320Z] [TREESITTER-CHUNKER] [INFO]    ✅ Added method chunk: unknown
[2025-11-28T04:57:12.319Z] [2025-11-28T04:57:12.320Z] [TREESITTER-CHUNKER] [INFO]    Child type: comment at lines 138-140
[2025-11-28T04:57:12.319Z] [2025-11-28T04:57:12.320Z] [TREESITTER-CHUNKER] [INFO]    Child type: method_definition at lines 141-148
[2025-11-28T04:57:12.319Z] [2025-11-28T04:57:12.320Z] [TREESITTER-CHUNKER] [INFO]    🎯 Found method: unknown (8 lines, 321 chars)
[2025-11-28T04:57:12.319Z] [2025-11-28T04:57:12.320Z] [TREESITTER-CHUNKER] [INFO]    ✅ Added method chunk: unknown
[2025-11-28T04:57:12.319Z] [2025-11-28T04:57:12.320Z] [TREESITTER-CHUNKER] [INFO]    Child type: comment at lines 150-152
[2025-11-28T04:57:12.319Z] [2025-11-28T04:57:12.320Z] [TREESITTER-CHUNKER] [INFO]    Child type: method_definition at lines 153-160
[2025-11-28T04:57:12.319Z] [2025-11-28T04:57:12.320Z] [TREESITTER-CHUNKER] [INFO]    🎯 Found method: unknown (8 lines, 328 chars)
[2025-11-28T04:57:12.319Z] [2025-11-28T04:57:12.320Z] [TREESITTER-CHUNKER] [INFO]    ✅ Added method chunk: unknown
[2025-11-28T04:57:12.319Z] [2025-11-28T04:57:12.320Z] [TREESITTER-CHUNKER] [INFO]    Child type: comment at lines 162-164
[2025-11-28T04:57:12.319Z] [2025-11-28T04:57:12.320Z] [TREESITTER-CHUNKER] [INFO]    Child type: method_definition at lines 165-172
[2025-11-28T04:57:12.319Z] [2025-11-28T04:57:12.320Z] [TREESITTER-CHUNKER] [INFO]    🎯 Found method: unknown (8 lines, 335 chars)
[2025-11-28T04:57:12.320Z] [2025-11-28T04:57:12.320Z] [TREESITTER-CHUNKER] [INFO]    ✅ Added method chunk: unknown
[2025-11-28T04:57:12.320Z] [2025-11-28T04:57:12.320Z] [TREESITTER-CHUNKER] [INFO]    Child type: comment at lines 174-176
[2025-11-28T04:57:12.320Z] [2025-11-28T04:57:12.320Z] [TREESITTER-CHUNKER] [INFO]    Child type: method_definition at lines 177-184
[2025-11-28T04:57:12.320Z] [2025-11-28T04:57:12.320Z] [TREESITTER-CHUNKER] [INFO]    🎯 Found method: unknown (8 lines, 338 chars)
[2025-11-28T04:57:12.320Z] [2025-11-28T04:57:12.320Z] [TREESITTER-CHUNKER] [INFO]    ✅ Added method chunk: unknown
[2025-11-28T04:57:12.320Z] [2025-11-28T04:57:12.321Z] [TREESITTER-CHUNKER] [INFO]    Child type: comment at lines 186-188
[2025-11-28T04:57:12.320Z] [2025-11-28T04:57:12.321Z] [TREESITTER-CHUNKER] [INFO]    Child type: method_definition at lines 189-196
[2025-11-28T04:57:12.320Z] [2025-11-28T04:57:12.321Z] [TREESITTER-CHUNKER] [INFO]    🎯 Found method: unknown (8 lines, 352 chars)
[2025-11-28T04:57:12.320Z] [2025-11-28T04:57:12.321Z] [TREESITTER-CHUNKER] [INFO]    ✅ Added method chunk: unknown
[2025-11-28T04:57:12.320Z] [2025-11-28T04:57:12.321Z] [TREESITTER-CHUNKER] [INFO]    Child type: comment at lines 198-200
[2025-11-28T04:57:12.320Z] [2025-11-28T04:57:12.321Z] [TREESITTER-CHUNKER] [INFO]    Child type: method_definition at lines 201-221
[2025-11-28T04:57:12.320Z] [2025-11-28T04:57:12.321Z] [TREESITTER-CHUNKER] [INFO]    🎯 Found method: unknown (21 lines, 776 chars)
[2025-11-28T04:57:12.320Z] [2025-11-28T04:57:12.321Z] [TREESITTER-CHUNKER] [INFO]    ✅ Added method chunk: unknown
[2025-11-28T04:57:12.320Z] [2025-11-28T04:57:12.321Z] [TREESITTER-CHUNKER] [INFO]    Child type: comment at lines 223-225
[2025-11-28T04:57:12.320Z] [2025-11-28T04:57:12.321Z] [TREESITTER-CHUNKER] [INFO]    Child type: method_definition at lines 226-242
[2025-11-28T04:57:12.320Z] [2025-11-28T04:57:12.321Z] [TREESITTER-CHUNKER] [INFO]    🎯 Found method: unknown (17 lines, 462 chars)
[2025-11-28T04:57:12.320Z] [2025-11-28T04:57:12.321Z] [TREESITTER-CHUNKER] [INFO]    ✅ Added method chunk: unknown
[2025-11-28T04:57:12.320Z] [2025-11-28T04:57:12.321Z] [TREESITTER-CHUNKER] [INFO]    Child type: comment at lines 244-246
[2025-11-28T04:57:12.320Z] [2025-11-28T04:57:12.321Z] [TREESITTER-CHUNKER] [INFO]    Child type: method_definition at lines 247-284
[2025-11-28T04:57:12.320Z] [2025-11-28T04:57:12.321Z] [TREESITTER-CHUNKER] [INFO]    🎯 Found method: unknown (38 lines, 1124 chars)
[2025-11-28T04:57:12.320Z] [2025-11-28T04:57:12.321Z] [TREESITTER-CHUNKER] [INFO]    ✅ Added method chunk: unknown
[2025-11-28T04:57:12.320Z] [2025-11-28T04:57:12.321Z] [TREESITTER-CHUNKER] [INFO]    Child type: comment at lines 286-288
[2025-11-28T04:57:12.320Z] [2025-11-28T04:57:12.321Z] [TREESITTER-CHUNKER] [INFO]    Child type: method_definition at lines 289-299
[2025-11-28T04:57:12.320Z] [2025-11-28T04:57:12.321Z] [TREESITTER-CHUNKER] [INFO]    🎯 Found method: unknown (11 lines, 306 chars)
[2025-11-28T04:57:12.320Z] [2025-11-28T04:57:12.321Z] [TREESITTER-CHUNKER] [INFO]    ✅ Added method chunk: unknown
[2025-11-28T04:57:12.320Z] [2025-11-28T04:57:12.321Z] [TREESITTER-CHUNKER] [INFO] 🏁 Extracted 16 methods from large class
[2025-11-28T04:57:12.326Z] [2025-11-28T04:57:12.327Z] [TREESITTER-CHUNKER] [INFO] Created 8 semantic chunks from C:\Projects\educatedplanet\dataservice\src\datamodels\connections\database.ts
[2025-11-28T04:57:12.358Z] [2025-11-28T04:57:12.359Z] [TREESITTER-FULL] [INFO] Extracted 6 symbols from C:\Projects\educatedplanet\dataservice\src\datamodels\connections\database.ts
[2025-11-28T04:57:12.358Z] [2025-11-28T04:57:12.359Z] [INDEXING-ORCHESTRATOR] [DEBUG] 🔍 Symbol extraction for C:\Projects\educatedplanet\dataservice\src\datamodels\connections\database.ts: 6 symbols, 8 imports
[2025-11-28T04:57:12.359Z] [2025-11-28T04:57:12.359Z] [INDEXING-ORCHESTRATOR] [DEBUG] 📍 Chunk 13-16: 1 candidate symbols
[2025-11-28T04:57:12.359Z] [2025-11-28T04:57:12.359Z] [INDEXING-ORCHESTRATOR] [DEBUG] ✅ Chunk symbols after filtering: 1 symbols - DatabaseConfig
[2025-11-28T04:57:12.359Z] [2025-11-28T04:57:12.359Z] [INDEXING-ORCHESTRATOR] [DEBUG] 📍 Chunk 40-62: 0 candidate symbols
[2025-11-28T04:57:12.359Z] [2025-11-28T04:57:12.359Z] [INDEXING-ORCHESTRATOR] [DEBUG] ✅ Chunk symbols after filtering: 0 symbols - 
[2025-11-28T04:57:12.359Z] [2025-11-28T04:57:12.359Z] [INDEXING-ORCHESTRATOR] [DEBUG] 📍 Chunk 67-119: 0 candidate symbols
[2025-11-28T04:57:12.359Z] [2025-11-28T04:57:12.359Z] [INDEXING-ORCHESTRATOR] [DEBUG] ✅ Chunk symbols after filtering: 0 symbols - 
[2025-11-28T04:57:12.359Z] [2025-11-28T04:57:12.359Z] [INDEXING-ORCHESTRATOR] [DEBUG] 📍 Chunk 124-172: 0 candidate symbols
[2025-11-28T04:57:12.359Z] [2025-11-28T04:57:12.359Z] [INDEXING-ORCHESTRATOR] [DEBUG] ✅ Chunk symbols after filtering: 0 symbols - 
[2025-11-28T04:57:12.359Z] [2025-11-28T04:57:12.359Z] [INDEXING-ORCHESTRATOR] [DEBUG] 📍 Chunk 177-196: 0 candidate symbols
[2025-11-28T04:57:12.359Z] [2025-11-28T04:57:12.360Z] [INDEXING-ORCHESTRATOR] [DEBUG] ✅ Chunk symbols after filtering: 0 symbols - 
[2025-11-28T04:57:12.359Z] [2025-11-28T04:57:12.360Z] [INDEXING-ORCHESTRATOR] [DEBUG] 📍 Chunk 201-242: 0 candidate symbols
[2025-11-28T04:57:12.359Z] [2025-11-28T04:57:12.360Z] [INDEXING-ORCHESTRATOR] [DEBUG] ✅ Chunk symbols after filtering: 0 symbols - 
[2025-11-28T04:57:12.359Z] [2025-11-28T04:57:12.360Z] [INDEXING-ORCHESTRATOR] [DEBUG] 📍 Chunk 247-299: 0 candidate symbols
[2025-11-28T04:57:12.359Z] [2025-11-28T04:57:12.360Z] [INDEXING-ORCHESTRATOR] [DEBUG] ✅ Chunk symbols after filtering: 0 symbols - 
[2025-11-28T04:57:12.359Z] [2025-11-28T04:57:12.360Z] [INDEXING-ORCHESTRATOR] [DEBUG] 📍 Chunk 300-321: 3 candidate symbols
[2025-11-28T04:57:12.359Z] [2025-11-28T04:57:12.360Z] [INDEXING-ORCHESTRATOR] [DEBUG] ✅ Chunk symbols after filtering: 3 symbols - databaseConnection, initializeDatabase, closeDatabase
[2025-11-28T04:57:12.359Z] [2025-11-28T04:57:12.360Z] [INDEXING-ORCHESTRATOR] [DEBUG] Created 8 semantic chunks for C:\Projects\educatedplanet\dataservice\src\datamodels\connections\database.ts
[2025-11-28T04:57:12.359Z] [2025-11-28T04:57:12.360Z] [INDEXING-ORCHESTRATOR] [DEBUG] Average chunk size: 962 characters
[2025-11-28T04:57:12.359Z] [2025-11-28T04:57:12.360Z] [INDEXING-ORCHESTRATOR] [DEBUG] 📊 Processed: 230/324 files
[2025-11-28T04:57:12.373Z] [2025-11-28T04:57:12.374Z] [TREESITTER-CHUNKER] [INFO] Created 1 semantic chunks from C:\Projects\educatedplanet\dataservice\src\datamodels\index.js
[2025-11-28T04:57:12.389Z] [2025-11-28T04:57:12.390Z] [TREESITTER-FULL] [INFO] Extracted 3 symbols from C:\Projects\educatedplanet\dataservice\src\datamodels\index.js
[2025-11-28T04:57:12.389Z] [2025-11-28T04:57:12.390Z] [INDEXING-ORCHESTRATOR] [DEBUG] 🔍 Symbol extraction for C:\Projects\educatedplanet\dataservice\src\datamodels\index.js: 3 symbols, 0 imports
[2025-11-28T04:57:12.389Z] [2025-11-28T04:57:12.390Z] [INDEXING-ORCHESTRATOR] [DEBUG] 📍 Chunk 1-45: 3 candidate symbols
[2025-11-28T04:57:12.389Z] [2025-11-28T04:57:12.390Z] [INDEXING-ORCHESTRATOR] [DEBUG] ✅ Chunk symbols after filtering: 3 symbols - connections_1, schemas_1, models_1
[2025-11-28T04:57:12.389Z] [2025-11-28T04:57:12.390Z] [INDEXING-ORCHESTRATOR] [DEBUG] Created 1 semantic chunks for C:\Projects\educatedplanet\dataservice\src\datamodels\index.js
[2025-11-28T04:57:12.389Z] [2025-11-28T04:57:12.390Z] [INDEXING-ORCHESTRATOR] [DEBUG] Average chunk size: 3251 characters
[2025-11-28T04:57:12.390Z] [2025-11-28T04:57:12.391Z] [TREESITTER-CHUNKER] [INFO] Created 1 semantic chunks from C:\Projects\educatedplanet\dataservice\src\datamodels\connections\index.ts
[2025-11-28T04:57:12.392Z] [2025-11-28T04:57:12.393Z] [TREESITTER-FULL] [INFO] Extracted 1 symbols from C:\Projects\educatedplanet\dataservice\src\datamodels\connections\index.ts
[2025-11-28T04:57:12.392Z] [2025-11-28T04:57:12.393Z] [INDEXING-ORCHESTRATOR] [DEBUG] 🔍 Symbol extraction for C:\Projects\educatedplanet\dataservice\src\datamodels\connections\index.ts: 1 symbols, 1 imports
[2025-11-28T04:57:12.392Z] [2025-11-28T04:57:12.393Z] [INDEXING-ORCHESTRATOR] [DEBUG] 📍 Chunk 1-23: 1 candidate symbols
[2025-11-28T04:57:12.392Z] [2025-11-28T04:57:12.393Z] [INDEXING-ORCHESTRATOR] [DEBUG] ✅ Chunk symbols after filtering: 1 symbols - getModel
[2025-11-28T04:57:12.392Z] [2025-11-28T04:57:12.393Z] [INDEXING-ORCHESTRATOR] [DEBUG] Created 1 semantic chunks for C:\Projects\educatedplanet\dataservice\src\datamodels\connections\index.ts
[2025-11-28T04:57:12.392Z] [2025-11-28T04:57:12.393Z] [INDEXING-ORCHESTRATOR] [DEBUG] Average chunk size: 603 characters
[2025-11-28T04:57:12.396Z] [2025-11-28T04:57:12.397Z] [TREESITTER-CHUNKER] [INFO] Created 1 semantic chunks from C:\Projects\educatedplanet\dataservice\src\datamodels\connections\index.js
[2025-11-28T04:57:12.400Z] [2025-11-28T04:57:12.401Z] [TREESITTER-FULL] [INFO] Extracted 1 symbols from C:\Projects\educatedplanet\dataservice\src\datamodels\connections\index.js
[2025-11-28T04:57:12.400Z] [2025-11-28T04:57:12.401Z] [INDEXING-ORCHESTRATOR] [DEBUG] 🔍 Symbol extraction for C:\Projects\educatedplanet\dataservice\src\datamodels\connections\index.js: 1 symbols, 0 imports
[2025-11-28T04:57:12.400Z] [2025-11-28T04:57:12.401Z] [INDEXING-ORCHESTRATOR] [DEBUG] 📍 Chunk 1-13: 1 candidate symbols
[2025-11-28T04:57:12.401Z] [2025-11-28T04:57:12.401Z] [INDEXING-ORCHESTRATOR] [DEBUG] ✅ Chunk symbols after filtering: 1 symbols - database_1
[2025-11-28T04:57:12.401Z] [2025-11-28T04:57:12.401Z] [INDEXING-ORCHESTRATOR] [DEBUG] Created 1 semantic chunks for C:\Projects\educatedplanet\dataservice\src\datamodels\connections\index.js
[2025-11-28T04:57:12.401Z] [2025-11-28T04:57:12.401Z] [INDEXING-ORCHESTRATOR] [DEBUG] Average chunk size: 992 characters
[2025-11-28T04:57:12.402Z] [2025-11-28T04:57:12.402Z] [TREESITTER-CHUNKER] [INFO] Created 1 semantic chunks from C:\Projects\educatedplanet\dataservice\src\datamodels\index.ts
[2025-11-28T04:57:12.403Z] [2025-11-28T04:57:12.403Z] [TREESITTER-FULL] [INFO] Extracted 0 symbols from C:\Projects\educatedplanet\dataservice\src\datamodels\index.ts
[2025-11-28T04:57:12.403Z] [2025-11-28T04:57:12.404Z] [INDEXING-ORCHESTRATOR] [DEBUG] 🔍 Symbol extraction for C:\Projects\educatedplanet\dataservice\src\datamodels\index.ts: 0 symbols, 0 imports
[2025-11-28T04:57:12.403Z] [2025-11-28T04:57:12.404Z] [INDEXING-ORCHESTRATOR] [DEBUG] 📍 Chunk 1-46: 0 candidate symbols
[2025-11-28T04:57:12.403Z] [2025-11-28T04:57:12.404Z] [INDEXING-ORCHESTRATOR] [DEBUG] ✅ Chunk symbols after filtering: 0 symbols - 
[2025-11-28T04:57:12.403Z] [2025-11-28T04:57:12.404Z] [INDEXING-ORCHESTRATOR] [DEBUG] Created 1 semantic chunks for C:\Projects\educatedplanet\dataservice\src\datamodels\index.ts
[2025-11-28T04:57:12.403Z] [2025-11-28T04:57:12.404Z] [INDEXING-ORCHESTRATOR] [DEBUG] Average chunk size: 860 characters
[2025-11-28T04:57:12.407Z] [2025-11-28T04:57:12.408Z] [TREESITTER-CHUNKER] [INFO] Created 1 semantic chunks from C:\Projects\educatedplanet\dataservice\src\datamodels\models\index.js
[2025-11-28T04:57:12.412Z] [2025-11-28T04:57:12.412Z] [TREESITTER-FULL] [INFO] Extracted 3 symbols from C:\Projects\educatedplanet\dataservice\src\datamodels\models\index.js
[2025-11-28T04:57:12.412Z] [2025-11-28T04:57:12.413Z] [INDEXING-ORCHESTRATOR] [DEBUG] 🔍 Symbol extraction for C:\Projects\educatedplanet\dataservice\src\datamodels\models\index.js: 3 symbols, 0 imports
[2025-11-28T04:57:12.412Z] [2025-11-28T04:57:12.413Z] [INDEXING-ORCHESTRATOR] [DEBUG] 📍 Chunk 1-16: 3 candidate symbols
[2025-11-28T04:57:12.412Z] [2025-11-28T04:57:12.413Z] [INDEXING-ORCHESTRATOR] [DEBUG] ✅ Chunk symbols after filtering: 3 symbols - user_model_1, tutor_model_1, review_model_1
[2025-11-28T04:57:12.412Z] [2025-11-28T04:57:12.413Z] [INDEXING-ORCHESTRATOR] [DEBUG] Created 1 semantic chunks for C:\Projects\educatedplanet\dataservice\src\datamodels\models\index.js
[2025-11-28T04:57:12.412Z] [2025-11-28T04:57:12.413Z] [INDEXING-ORCHESTRATOR] [DEBUG] Average chunk size: 1186 characters
[2025-11-28T04:57:12.420Z] [2025-11-28T04:57:12.421Z] [TREESITTER-CHUNKER] [INFO] Created 3 semantic chunks from C:\Projects\educatedplanet\dataservice\src\datamodels\models\class.model.ts
[2025-11-28T04:57:12.448Z] [2025-11-28T04:57:12.449Z] [TREESITTER-FULL] [INFO] Extracted 5 symbols from C:\Projects\educatedplanet\dataservice\src\datamodels\models\class.model.ts
[2025-11-28T04:57:12.448Z] [2025-11-28T04:57:12.449Z] [INDEXING-ORCHESTRATOR] [DEBUG] 🔍 Symbol extraction for C:\Projects\educatedplanet\dataservice\src\datamodels\models\class.model.ts: 5 symbols, 3 imports
[2025-11-28T04:57:12.449Z] [2025-11-28T04:57:12.449Z] [INDEXING-ORCHESTRATOR] [DEBUG] 📍 Chunk 5-18: 2 candidate symbols
[2025-11-28T04:57:12.449Z] [2025-11-28T04:57:12.449Z] [INDEXING-ORCHESTRATOR] [DEBUG] ✅ Chunk symbols after filtering: 2 symbols - IClassDocument, IClassModel
[2025-11-28T04:57:12.449Z] [2025-11-28T04:57:12.449Z] [INDEXING-ORCHESTRATOR] [DEBUG] 📍 Chunk 23-34: 1 candidate symbols
[2025-11-28T04:57:12.449Z] [2025-11-28T04:57:12.449Z] [INDEXING-ORCHESTRATOR] [DEBUG] ✅ Chunk symbols after filtering: 1 symbols - getClassModel
[2025-11-28T04:57:12.449Z] [2025-11-28T04:57:12.449Z] [INDEXING-ORCHESTRATOR] [DEBUG] 📍 Chunk 35-172: 2 candidate symbols
[2025-11-28T04:57:12.449Z] [2025-11-28T04:57:12.449Z] [INDEXING-ORCHESTRATOR] [DEBUG] ✅ Chunk symbols after filtering: 2 symbols - ClassModel, ClassQueries
[2025-11-28T04:57:12.449Z] [2025-11-28T04:57:12.449Z] [INDEXING-ORCHESTRATOR] [DEBUG] Created 3 semantic chunks for C:\Projects\educatedplanet\dataservice\src\datamodels\models\class.model.ts
[2025-11-28T04:57:12.449Z] [2025-11-28T04:57:12.449Z] [INDEXING-ORCHESTRATOR] [DEBUG] Average chunk size: 1656 characters
[2025-11-28T04:57:12.465Z] [2025-11-28T04:57:12.465Z] [TREESITTER-CHUNKER] [INFO] Created 1 semantic chunks from C:\Projects\educatedplanet\dataservice\src\datamodels\models\review.model.ts
[2025-11-28T04:57:12.516Z] [2025-11-28T04:57:12.517Z] [TREESITTER-FULL] [INFO] Extracted 2 symbols from C:\Projects\educatedplanet\dataservice\src\datamodels\models\review.model.ts
[2025-11-28T04:57:12.516Z] [2025-11-28T04:57:12.517Z] [INDEXING-ORCHESTRATOR] [DEBUG] 🔍 Symbol extraction for C:\Projects\educatedplanet\dataservice\src\datamodels\models\review.model.ts: 2 symbols, 3 imports
[2025-11-28T04:57:12.516Z] [2025-11-28T04:57:12.517Z] [INDEXING-ORCHESTRATOR] [DEBUG] 📍 Chunk 1-304: 2 candidate symbols
[2025-11-28T04:57:12.516Z] [2025-11-28T04:57:12.517Z] [INDEXING-ORCHESTRATOR] [DEBUG] ✅ Chunk symbols after filtering: 2 symbols - ReviewModel, ReviewQueries
[2025-11-28T04:57:12.516Z] [2025-11-28T04:57:12.517Z] [INDEXING-ORCHESTRATOR] [DEBUG] Created 1 semantic chunks for C:\Projects\educatedplanet\dataservice\src\datamodels\models\review.model.ts
[2025-11-28T04:57:12.516Z] [2025-11-28T04:57:12.517Z] [INDEXING-ORCHESTRATOR] [DEBUG] Average chunk size: 6592 characters
[2025-11-28T04:57:12.517Z] [2025-11-28T04:57:12.518Z] [TREESITTER-CHUNKER] [INFO] Created 1 semantic chunks from C:\Projects\educatedplanet\dataservice\src\datamodels\models\index.ts
[2025-11-28T04:57:12.518Z] [2025-11-28T04:57:12.519Z] [TREESITTER-FULL] [INFO] Extracted 0 symbols from C:\Projects\educatedplanet\dataservice\src\datamodels\models\index.ts
[2025-11-28T04:57:12.518Z] [2025-11-28T04:57:12.519Z] [INDEXING-ORCHESTRATOR] [DEBUG] 🔍 Symbol extraction for C:\Projects\educatedplanet\dataservice\src\datamodels\models\index.ts: 0 symbols, 0 imports
[2025-11-28T04:57:12.518Z] [2025-11-28T04:57:12.519Z] [INDEXING-ORCHESTRATOR] [DEBUG] 📍 Chunk 1-15: 0 candidate symbols
[2025-11-28T04:57:12.518Z] [2025-11-28T04:57:12.519Z] [INDEXING-ORCHESTRATOR] [DEBUG] ✅ Chunk symbols after filtering: 0 symbols - 
[2025-11-28T04:57:12.518Z] [2025-11-28T04:57:12.519Z] [INDEXING-ORCHESTRATOR] [DEBUG] Created 1 semantic chunks for C:\Projects\educatedplanet\dataservice\src\datamodels\models\index.ts
[2025-11-28T04:57:12.518Z] [2025-11-28T04:57:12.519Z] [INDEXING-ORCHESTRATOR] [DEBUG] Average chunk size: 640 characters
[2025-11-28T04:57:12.528Z] [2025-11-28T04:57:12.528Z] [TREESITTER-CHUNKER] [INFO] Created 1 semantic chunks from C:\Projects\educatedplanet\dataservice\src\datamodels\models\review.model.js
[2025-11-28T04:57:12.569Z] [2025-11-28T04:57:12.569Z] [TREESITTER-FULL] [INFO] Extracted 1 symbols from C:\Projects\educatedplanet\dataservice\src\datamodels\models\review.model.js
[2025-11-28T04:57:12.569Z] [2025-11-28T04:57:12.570Z] [INDEXING-ORCHESTRATOR] [DEBUG] 🔍 Symbol extraction for C:\Projects\educatedplanet\dataservice\src\datamodels\models\review.model.js: 1 symbols, 0 imports
[2025-11-28T04:57:12.569Z] [2025-11-28T04:57:12.570Z] [INDEXING-ORCHESTRATOR] [DEBUG] 📍 Chunk 1-237: 1 candidate symbols
[2025-11-28T04:57:12.569Z] [2025-11-28T04:57:12.570Z] [INDEXING-ORCHESTRATOR] [DEBUG] ✅ Chunk symbols after filtering: 1 symbols - mongoose_1
[2025-11-28T04:57:12.569Z] [2025-11-28T04:57:12.570Z] [INDEXING-ORCHESTRATOR] [DEBUG] Created 1 semantic chunks for C:\Projects\educatedplanet\dataservice\src\datamodels\models\review.model.js
[2025-11-28T04:57:12.569Z] [2025-11-28T04:57:12.570Z] [INDEXING-ORCHESTRATOR] [DEBUG] Average chunk size: 7085 characters
[2025-11-28T04:57:12.582Z] [2025-11-28T04:57:12.583Z] [TREESITTER-CHUNKER] [INFO] Created 2 semantic chunks from C:\Projects\educatedplanet\dataservice\src\datamodels\models\subject.model.ts
[2025-11-28T04:57:12.620Z] [2025-11-28T04:57:12.621Z] [TREESITTER-FULL] [INFO] Extracted 5 symbols from C:\Projects\educatedplanet\dataservice\src\datamodels\models\subject.model.ts
[2025-11-28T04:57:12.621Z] [2025-11-28T04:57:12.621Z] [INDEXING-ORCHESTRATOR] [DEBUG] 🔍 Symbol extraction for C:\Projects\educatedplanet\dataservice\src\datamodels\models\subject.model.ts: 5 symbols, 4 imports
[2025-11-28T04:57:12.621Z] [2025-11-28T04:57:12.621Z] [INDEXING-ORCHESTRATOR] [DEBUG] 📍 Chunk 16-44: 3 candidate symbols
[2025-11-28T04:57:12.621Z] [2025-11-28T04:57:12.621Z] [INDEXING-ORCHESTRATOR] [DEBUG] ✅ Chunk symbols after filtering: 3 symbols - ISubjectDocument, ISubjectModel, getSubjectModel
[2025-11-28T04:57:12.621Z] [2025-11-28T04:57:12.621Z] [INDEXING-ORCHESTRATOR] [DEBUG] 📍 Chunk 45-255: 2 candidate symbols
[2025-11-28T04:57:12.621Z] [2025-11-28T04:57:12.621Z] [INDEXING-ORCHESTRATOR] [DEBUG] ✅ Chunk symbols after filtering: 2 symbols - SubjectModel, SubjectQueries
[2025-11-28T04:57:12.621Z] [2025-11-28T04:57:12.621Z] [INDEXING-ORCHESTRATOR] [DEBUG] Created 2 semantic chunks for C:\Projects\educatedplanet\dataservice\src\datamodels\models\subject.model.ts
[2025-11-28T04:57:12.621Z] [2025-11-28T04:57:12.621Z] [INDEXING-ORCHESTRATOR] [DEBUG] Average chunk size: 3612 characters
[2025-11-28T04:57:12.621Z] [2025-11-28T04:57:12.621Z] [INDEXING-ORCHESTRATOR] [DEBUG] 📊 Processed: 240/324 files
[2025-11-28T04:57:12.635Z] [2025-11-28T04:57:12.636Z] [TREESITTER-CHUNKER] [INFO] Created 1 semantic chunks from C:\Projects\educatedplanet\dataservice\src\datamodels\models\tutor.model.js
[2025-11-28T04:57:12.705Z] [2025-11-28T04:57:12.706Z] [TREESITTER-FULL] [INFO] Extracted 1 symbols from C:\Projects\educatedplanet\dataservice\src\datamodels\models\tutor.model.js
[2025-11-28T04:57:12.705Z] [2025-11-28T04:57:12.706Z] [INDEXING-ORCHESTRATOR] [DEBUG] 🔍 Symbol extraction for C:\Projects\educatedplanet\dataservice\src\datamodels\models\tutor.model.js: 1 symbols, 0 imports
[2025-11-28T04:57:12.705Z] [2025-11-28T04:57:12.706Z] [INDEXING-ORCHESTRATOR] [DEBUG] 📍 Chunk 1-224: 1 candidate symbols
[2025-11-28T04:57:12.705Z] [2025-11-28T04:57:12.706Z] [INDEXING-ORCHESTRATOR] [DEBUG] ✅ Chunk symbols after filtering: 1 symbols - mongoose_1
[2025-11-28T04:57:12.705Z] [2025-11-28T04:57:12.706Z] [INDEXING-ORCHESTRATOR] [DEBUG] Created 1 semantic chunks for C:\Projects\educatedplanet\dataservice\src\datamodels\models\tutor.model.js
[2025-11-28T04:57:12.705Z] [2025-11-28T04:57:12.706Z] [INDEXING-ORCHESTRATOR] [DEBUG] Average chunk size: 7645 characters
[2025-11-28T04:57:12.710Z] [2025-11-28T04:57:12.711Z] [TREESITTER-CHUNKER] [INFO] Created 2 semantic chunks from C:\Projects\educatedplanet\dataservice\src\datamodels\models\user.model.ts
[2025-11-28T04:57:12.724Z] [2025-11-28T04:57:12.725Z] [TREESITTER-FULL] [INFO] Extracted 3 symbols from C:\Projects\educatedplanet\dataservice\src\datamodels\models\user.model.ts
[2025-11-28T04:57:12.724Z] [2025-11-28T04:57:12.725Z] [INDEXING-ORCHESTRATOR] [DEBUG] 🔍 Symbol extraction for C:\Projects\educatedplanet\dataservice\src\datamodels\models\user.model.ts: 3 symbols, 2 imports
[2025-11-28T04:57:12.724Z] [2025-11-28T04:57:12.725Z] [INDEXING-ORCHESTRATOR] [DEBUG] 📍 Chunk 7-10: 1 candidate symbols
[2025-11-28T04:57:12.724Z] [2025-11-28T04:57:12.725Z] [INDEXING-ORCHESTRATOR] [DEBUG] ✅ Chunk symbols after filtering: 1 symbols - getUserModel
[2025-11-28T04:57:12.724Z] [2025-11-28T04:57:12.725Z] [INDEXING-ORCHESTRATOR] [DEBUG] 📍 Chunk 11-98: 2 candidate symbols
[2025-11-28T04:57:12.724Z] [2025-11-28T04:57:12.725Z] [INDEXING-ORCHESTRATOR] [DEBUG] ✅ Chunk symbols after filtering: 2 symbols - UserModel, UserQueries
[2025-11-28T04:57:12.724Z] [2025-11-28T04:57:12.725Z] [INDEXING-ORCHESTRATOR] [DEBUG] Created 2 semantic chunks for C:\Projects\educatedplanet\dataservice\src\datamodels\models\user.model.ts
[2025-11-28T04:57:12.724Z] [2025-11-28T04:57:12.725Z] [INDEXING-ORCHESTRATOR] [DEBUG] Average chunk size: 1039 characters
[2025-11-28T04:57:12.743Z] [2025-11-28T04:57:12.744Z] [TREESITTER-CHUNKER] [INFO] Created 1 semantic chunks from C:\Projects\educatedplanet\dataservice\src\datamodels\models\tutor.model.ts
[2025-11-28T04:57:12.805Z] [2025-11-28T04:57:12.806Z] [TREESITTER-FULL] [INFO] Extracted 2 symbols from C:\Projects\educatedplanet\dataservice\src\datamodels\models\tutor.model.ts
[2025-11-28T04:57:12.805Z] [2025-11-28T04:57:12.806Z] [INDEXING-ORCHESTRATOR] [DEBUG] 🔍 Symbol extraction for C:\Projects\educatedplanet\dataservice\src\datamodels\models\tutor.model.ts: 2 symbols, 4 imports
[2025-11-28T04:57:12.805Z] [2025-11-28T04:57:12.806Z] [INDEXING-ORCHESTRATOR] [DEBUG] 📍 Chunk 1-305: 2 candidate symbols
[2025-11-28T04:57:12.805Z] [2025-11-28T04:57:12.806Z] [INDEXING-ORCHESTRATOR] [DEBUG] ✅ Chunk symbols after filtering: 2 symbols - TutorModel, TutorQueries
[2025-11-28T04:57:12.805Z] [2025-11-28T04:57:12.806Z] [INDEXING-ORCHESTRATOR] [DEBUG] Created 1 semantic chunks for C:\Projects\educatedplanet\dataservice\src\datamodels\models\tutor.model.ts
[2025-11-28T04:57:12.805Z] [2025-11-28T04:57:12.806Z] [INDEXING-ORCHESTRATOR] [DEBUG] Average chunk size: 7400 characters
[2025-11-28T04:57:12.812Z] [2025-11-28T04:57:12.813Z] [TREESITTER-CHUNKER] [INFO] Created 1 semantic chunks from C:\Projects\educatedplanet\dataservice\src\datamodels\models\user.model.js
[2025-11-28T04:57:12.828Z] [2025-11-28T04:57:12.829Z] [TREESITTER-FULL] [INFO] Extracted 1 symbols from C:\Projects\educatedplanet\dataservice\src\datamodels\models\user.model.js
[2025-11-28T04:57:12.828Z] [2025-11-28T04:57:12.829Z] [INDEXING-ORCHESTRATOR] [DEBUG] 🔍 Symbol extraction for C:\Projects\educatedplanet\dataservice\src\datamodels\models\user.model.js: 1 symbols, 0 imports
[2025-11-28T04:57:12.828Z] [2025-11-28T04:57:12.829Z] [INDEXING-ORCHESTRATOR] [DEBUG] 📍 Chunk 1-79: 1 candidate symbols
[2025-11-28T04:57:12.828Z] [2025-11-28T04:57:12.829Z] [INDEXING-ORCHESTRATOR] [DEBUG] ✅ Chunk symbols after filtering: 1 symbols - mongoose_1
[2025-11-28T04:57:12.828Z] [2025-11-28T04:57:12.829Z] [INDEXING-ORCHESTRATOR] [DEBUG] Created 1 semantic chunks for C:\Projects\educatedplanet\dataservice\src\datamodels\models\user.model.js
[2025-11-28T04:57:12.828Z] [2025-11-28T04:57:12.829Z] [INDEXING-ORCHESTRATOR] [DEBUG] Average chunk size: 2326 characters
[2025-11-28T04:57:12.830Z] [2025-11-28T04:57:12.831Z] [TREESITTER-CHUNKER] [INFO] Created 1 semantic chunks from C:\Projects\educatedplanet\dataservice\src\datamodels\schemas\index.js
[2025-11-28T04:57:12.836Z] [2025-11-28T04:57:12.837Z] [TREESITTER-FULL] [INFO] Extracted 3 symbols from C:\Projects\educatedplanet\dataservice\src\datamodels\schemas\index.js
[2025-11-28T04:57:12.836Z] [2025-11-28T04:57:12.837Z] [INDEXING-ORCHESTRATOR] [DEBUG] 🔍 Symbol extraction for C:\Projects\educatedplanet\dataservice\src\datamodels\schemas\index.js: 3 symbols, 0 imports
[2025-11-28T04:57:12.836Z] [2025-11-28T04:57:12.837Z] [INDEXING-ORCHESTRATOR] [DEBUG] 📍 Chunk 1-13: 3 candidate symbols
[2025-11-28T04:57:12.836Z] [2025-11-28T04:57:12.837Z] [INDEXING-ORCHESTRATOR] [DEBUG] ✅ Chunk symbols after filtering: 3 symbols - user_clean_schema_1, tutor_clean_schema_1, review_clean_schema_1
[2025-11-28T04:57:12.836Z] [2025-11-28T04:57:12.837Z] [INDEXING-ORCHESTRATOR] [DEBUG] Created 1 semantic chunks for C:\Projects\educatedplanet\dataservice\src\datamodels\schemas\index.js
[2025-11-28T04:57:12.836Z] [2025-11-28T04:57:12.837Z] [INDEXING-ORCHESTRATOR] [DEBUG] Average chunk size: 809 characters
[2025-11-28T04:57:12.844Z] [2025-11-28T04:57:12.845Z] [TREESITTER-CHUNKER] [INFO] Created 1 semantic chunks from C:\Projects\educatedplanet\dataservice\src\datamodels\schemas\class.schema.ts
[2025-11-28T04:57:12.866Z] [2025-11-28T04:57:12.867Z] [TREESITTER-FULL] [INFO] Extracted 1 symbols from C:\Projects\educatedplanet\dataservice\src\datamodels\schemas\class.schema.ts
[2025-11-28T04:57:12.866Z] [2025-11-28T04:57:12.867Z] [INDEXING-ORCHESTRATOR] [DEBUG] 🔍 Symbol extraction for C:\Projects\educatedplanet\dataservice\src\datamodels\schemas\class.schema.ts: 1 symbols, 3 imports
[2025-11-28T04:57:12.866Z] [2025-11-28T04:57:12.867Z] [INDEXING-ORCHESTRATOR] [DEBUG] 📍 Chunk 1-79: 1 candidate symbols
[2025-11-28T04:57:12.866Z] [2025-11-28T04:57:12.867Z] [INDEXING-ORCHESTRATOR] [DEBUG] ✅ Chunk symbols after filtering: 1 symbols - classSchemaDefinition
[2025-11-28T04:57:12.866Z] [2025-11-28T04:57:12.867Z] [INDEXING-ORCHESTRATOR] [DEBUG] Created 1 semantic chunks for C:\Projects\educatedplanet\dataservice\src\datamodels\schemas\class.schema.ts
[2025-11-28T04:57:12.866Z] [2025-11-28T04:57:12.867Z] [INDEXING-ORCHESTRATOR] [DEBUG] Average chunk size: 2321 characters
[2025-11-28T04:57:12.868Z] [2025-11-28T04:57:12.869Z] [TREESITTER-CHUNKER] [INFO] Created 1 semantic chunks from C:\Projects\educatedplanet\dataservice\src\datamodels\schemas\index.ts
[2025-11-28T04:57:12.869Z] [2025-11-28T04:57:12.870Z] [TREESITTER-FULL] [INFO] Extracted 0 symbols from C:\Projects\educatedplanet\dataservice\src\datamodels\schemas\index.ts
[2025-11-28T04:57:12.870Z] [2025-11-28T04:57:12.870Z] [INDEXING-ORCHESTRATOR] [DEBUG] 🔍 Symbol extraction for C:\Projects\educatedplanet\dataservice\src\datamodels\schemas\index.ts: 0 symbols, 0 imports
[2025-11-28T04:57:12.870Z] [2025-11-28T04:57:12.870Z] [INDEXING-ORCHESTRATOR] [DEBUG] 📍 Chunk 1-15: 0 candidate symbols
[2025-11-28T04:57:12.870Z] [2025-11-28T04:57:12.870Z] [INDEXING-ORCHESTRATOR] [DEBUG] ✅ Chunk symbols after filtering: 0 symbols - 
[2025-11-28T04:57:12.870Z] [2025-11-28T04:57:12.870Z] [INDEXING-ORCHESTRATOR] [DEBUG] Created 1 semantic chunks for C:\Projects\educatedplanet\dataservice\src\datamodels\schemas\index.ts
[2025-11-28T04:57:12.870Z] [2025-11-28T04:57:12.870Z] [INDEXING-ORCHESTRATOR] [DEBUG] Average chunk size: 660 characters
[2025-11-28T04:57:12.887Z] [2025-11-28T04:57:12.887Z] [TREESITTER-CHUNKER] [INFO] Created 2 semantic chunks from C:\Projects\educatedplanet\dataservice\src\datamodels\schemas\review-clean.schema.ts
[2025-11-28T04:57:12.910Z] [2025-11-28T04:57:12.910Z] [TREESITTER-FULL] [INFO] Extracted 2 symbols from C:\Projects\educatedplanet\dataservice\src\datamodels\schemas\review-clean.schema.ts
[2025-11-28T04:57:12.910Z] [2025-11-28T04:57:12.910Z] [INDEXING-ORCHESTRATOR] [DEBUG] 🔍 Symbol extraction for C:\Projects\educatedplanet\dataservice\src\datamodels\schemas\review-clean.schema.ts: 2 symbols, 2 imports
[2025-11-28T04:57:12.910Z] [2025-11-28T04:57:12.910Z] [INDEXING-ORCHESTRATOR] [DEBUG] 📍 Chunk 7-25: 1 candidate symbols
[2025-11-28T04:57:12.910Z] [2025-11-28T04:57:12.911Z] [INDEXING-ORCHESTRATOR] [DEBUG] ✅ Chunk symbols after filtering: 1 symbols - IReviewDocument
[2025-11-28T04:57:12.910Z] [2025-11-28T04:57:12.911Z] [INDEXING-ORCHESTRATOR] [DEBUG] 📍 Chunk 26-140: 1 candidate symbols
[2025-11-28T04:57:12.910Z] [2025-11-28T04:57:12.911Z] [INDEXING-ORCHESTRATOR] [DEBUG] ✅ Chunk symbols after filtering: 1 symbols - reviewSchema
[2025-11-28T04:57:12.910Z] [2025-11-28T04:57:12.911Z] [INDEXING-ORCHESTRATOR] [DEBUG] Created 2 semantic chunks for C:\Projects\educatedplanet\dataservice\src\datamodels\schemas\review-clean.schema.ts
[2025-11-28T04:57:12.910Z] [2025-11-28T04:57:12.911Z] [INDEXING-ORCHESTRATOR] [DEBUG] Average chunk size: 1458 characters
[2025-11-28T04:57:12.924Z] [2025-11-28T04:57:12.924Z] [TREESITTER-CHUNKER] [INFO] Created 1 semantic chunks from C:\Projects\educatedplanet\dataservice\src\datamodels\schemas\review-clean.schema.js
[2025-11-28T04:57:12.976Z] [2025-11-28T04:57:12.976Z] [TREESITTER-FULL] [INFO] Extracted 2 symbols from C:\Projects\educatedplanet\dataservice\src\datamodels\schemas\review-clean.schema.js
[2025-11-28T04:57:12.976Z] [2025-11-28T04:57:12.976Z] [INDEXING-ORCHESTRATOR] [DEBUG] 🔍 Symbol extraction for C:\Projects\educatedplanet\dataservice\src\datamodels\schemas\review-clean.schema.js: 2 symbols, 0 imports
[2025-11-28T04:57:12.976Z] [2025-11-28T04:57:12.976Z] [INDEXING-ORCHESTRATOR] [DEBUG] 📍 Chunk 1-148: 2 candidate symbols
[2025-11-28T04:57:12.976Z] [2025-11-28T04:57:12.976Z] [INDEXING-ORCHESTRATOR] [DEBUG] ✅ Chunk symbols after filtering: 2 symbols - mongoose_1, reviewSchema
[2025-11-28T04:57:12.976Z] [2025-11-28T04:57:12.977Z] [INDEXING-ORCHESTRATOR] [DEBUG] Created 1 semantic chunks for C:\Projects\educatedplanet\dataservice\src\datamodels\schemas\review-clean.schema.js
[2025-11-28T04:57:12.976Z] [2025-11-28T04:57:12.977Z] [INDEXING-ORCHESTRATOR] [DEBUG] Average chunk size: 4299 characters
[2025-11-28T04:57:12.989Z] [2025-11-28T04:57:12.989Z] [TREESITTER-CHUNKER] [INFO] Created 1 semantic chunks from C:\Projects\educatedplanet\dataservice\src\datamodels\schemas\subject.schema.ts
[2025-11-28T04:57:13.021Z] [2025-11-28T04:57:13.022Z] [TREESITTER-FULL] [INFO] Extracted 1 symbols from C:\Projects\educatedplanet\dataservice\src\datamodels\schemas\subject.schema.ts
[2025-11-28T04:57:13.021Z] [2025-11-28T04:57:13.022Z] [INDEXING-ORCHESTRATOR] [DEBUG] 🔍 Symbol extraction for C:\Projects\educatedplanet\dataservice\src\datamodels\schemas\subject.schema.ts: 1 symbols, 3 imports
[2025-11-28T04:57:13.022Z] [2025-11-28T04:57:13.022Z] [INDEXING-ORCHESTRATOR] [DEBUG] 📍 Chunk 1-147: 1 candidate symbols
[2025-11-28T04:57:13.022Z] [2025-11-28T04:57:13.022Z] [INDEXING-ORCHESTRATOR] [DEBUG] ✅ Chunk symbols after filtering: 1 symbols - subjectSchemaDefinition
[2025-11-28T04:57:13.022Z] [2025-11-28T04:57:13.022Z] [INDEXING-ORCHESTRATOR] [DEBUG] Created 1 semantic chunks for C:\Projects\educatedplanet\dataservice\src\datamodels\schemas\subject.schema.ts
[2025-11-28T04:57:13.022Z] [2025-11-28T04:57:13.022Z] [INDEXING-ORCHESTRATOR] [DEBUG] Average chunk size: 4255 characters
[2025-11-28T04:57:13.022Z] [2025-11-28T04:57:13.022Z] [INDEXING-ORCHESTRATOR] [DEBUG] 📊 Processed: 250/324 files
[2025-11-28T04:57:13.044Z] [2025-11-28T04:57:13.044Z] [TREESITTER-CHUNKER] [INFO] Created 1 semantic chunks from C:\Projects\educatedplanet\dataservice\src\datamodels\schemas\tutor-clean.schema.js
[2025-11-28T04:57:13.089Z] [2025-11-28T04:57:13.090Z] [TREESITTER-FULL] [INFO] Extracted 2 symbols from C:\Projects\educatedplanet\dataservice\src\datamodels\schemas\tutor-clean.schema.js
[2025-11-28T04:57:13.089Z] [2025-11-28T04:57:13.090Z] [INDEXING-ORCHESTRATOR] [DEBUG] 🔍 Symbol extraction for C:\Projects\educatedplanet\dataservice\src\datamodels\schemas\tutor-clean.schema.js: 2 symbols, 0 imports
[2025-11-28T04:57:13.089Z] [2025-11-28T04:57:13.090Z] [INDEXING-ORCHESTRATOR] [DEBUG] 📍 Chunk 1-206: 2 candidate symbols
[2025-11-28T04:57:13.089Z] [2025-11-28T04:57:13.090Z] [INDEXING-ORCHESTRATOR] [DEBUG] ✅ Chunk symbols after filtering: 2 symbols - mongoose_1, tutorSchema
[2025-11-28T04:57:13.089Z] [2025-11-28T04:57:13.090Z] [INDEXING-ORCHESTRATOR] [DEBUG] Created 1 semantic chunks for C:\Projects\educatedplanet\dataservice\src\datamodels\schemas\tutor-clean.schema.js
[2025-11-28T04:57:13.089Z] [2025-11-28T04:57:13.090Z] [INDEXING-ORCHESTRATOR] [DEBUG] Average chunk size: 5368 characters
[2025-11-28T04:57:13.135Z] [2025-11-28T04:57:13.136Z] [TREESITTER-CHUNKER] [INFO] Created 3 semantic chunks from C:\Projects\educatedplanet\dataservice\src\datamodels\schemas\tutor-clean.schema.ts
[2025-11-28T04:57:13.302Z] [2025-11-28T04:57:13.303Z] [TREESITTER-FULL] [INFO] Extracted 6 symbols from C:\Projects\educatedplanet\dataservice\src\datamodels\schemas\tutor-clean.schema.ts
[2025-11-28T04:57:13.303Z] [2025-11-28T04:57:13.303Z] [INDEXING-ORCHESTRATOR] [DEBUG] 🔍 Symbol extraction for C:\Projects\educatedplanet\dataservice\src\datamodels\schemas\tutor-clean.schema.ts: 6 symbols, 1 imports
[2025-11-28T04:57:13.303Z] [2025-11-28T04:57:13.303Z] [INDEXING-ORCHESTRATOR] [DEBUG] 📍 Chunk 6-86: 1 candidate symbols
[2025-11-28T04:57:13.303Z] [2025-11-28T04:57:13.303Z] [INDEXING-ORCHESTRATOR] [DEBUG] ✅ Chunk symbols after filtering: 1 symbols - TutorData
[2025-11-28T04:57:13.303Z] [2025-11-28T04:57:13.303Z] [INDEXING-ORCHESTRATOR] [DEBUG] 📍 Chunk 91-128: 1 candidate symbols
[2025-11-28T04:57:13.303Z] [2025-11-28T04:57:13.303Z] [INDEXING-ORCHESTRATOR] [DEBUG] ✅ Chunk symbols after filtering: 1 symbols - ITutorDocument
[2025-11-28T04:57:13.303Z] [2025-11-28T04:57:13.303Z] [INDEXING-ORCHESTRATOR] [DEBUG] 📍 Chunk 129-803: 4 candidate symbols
[2025-11-28T04:57:13.303Z] [2025-11-28T04:57:13.303Z] [INDEXING-ORCHESTRATOR] [DEBUG] ✅ Chunk symbols after filtering: 4 symbols - subjectSchema, experienceSchema, educationSchema, tutorSchema
[2025-11-28T04:57:13.303Z] [2025-11-28T04:57:13.303Z] [INDEXING-ORCHESTRATOR] [DEBUG] Created 3 semantic chunks for C:\Projects\educatedplanet\dataservice\src\datamodels\schemas\tutor-clean.schema.ts
[2025-11-28T04:57:13.303Z] [2025-11-28T04:57:13.303Z] [INDEXING-ORCHESTRATOR] [DEBUG] Average chunk size: 6077 characters
[2025-11-28T04:57:13.315Z] [2025-11-28T04:57:13.316Z] [TREESITTER-CHUNKER] [INFO] Created 1 semantic chunks from C:\Projects\educatedplanet\dataservice\src\datamodels\schemas\user-clean.schema.js
[2025-11-28T04:57:13.359Z] [2025-11-28T04:57:13.360Z] [TREESITTER-FULL] [INFO] Extracted 3 symbols from C:\Projects\educatedplanet\dataservice\src\datamodels\schemas\user-clean.schema.js
[2025-11-28T04:57:13.359Z] [2025-11-28T04:57:13.360Z] [INDEXING-ORCHESTRATOR] [DEBUG] 🔍 Symbol extraction for C:\Projects\educatedplanet\dataservice\src\datamodels\schemas\user-clean.schema.js: 3 symbols, 0 imports
[2025-11-28T04:57:13.360Z] [2025-11-28T04:57:13.360Z] [INDEXING-ORCHESTRATOR] [DEBUG] 📍 Chunk 1-155: 3 candidate symbols
[2025-11-28T04:57:13.360Z] [2025-11-28T04:57:13.360Z] [INDEXING-ORCHESTRATOR] [DEBUG] ✅ Chunk symbols after filtering: 3 symbols - mongoose_1, validator_1, userSchema
[2025-11-28T04:57:13.360Z] [2025-11-28T04:57:13.360Z] [INDEXING-ORCHESTRATOR] [DEBUG] Created 1 semantic chunks for C:\Projects\educatedplanet\dataservice\src\datamodels\schemas\user-clean.schema.js
[2025-11-28T04:57:13.360Z] [2025-11-28T04:57:13.360Z] [INDEXING-ORCHESTRATOR] [DEBUG] Average chunk size: 4434 characters
[2025-11-28T04:57:13.366Z] [2025-11-28T04:57:13.366Z] [TREESITTER-CHUNKER] [INFO] Created 2 semantic chunks from C:\Projects\educatedplanet\dataservice\src\datamodels\schemas\user-clean.schema.ts
[2025-11-28T04:57:13.381Z] [2025-11-28T04:57:13.382Z] [TREESITTER-FULL] [INFO] Extracted 2 symbols from C:\Projects\educatedplanet\dataservice\src\datamodels\schemas\user-clean.schema.ts
[2025-11-28T04:57:13.381Z] [2025-11-28T04:57:13.382Z] [INDEXING-ORCHESTRATOR] [DEBUG] 🔍 Symbol extraction for C:\Projects\educatedplanet\dataservice\src\datamodels\schemas\user-clean.schema.ts: 2 symbols, 3 imports
[2025-11-28T04:57:13.381Z] [2025-11-28T04:57:13.382Z] [INDEXING-ORCHESTRATOR] [DEBUG] 📍 Chunk 8-23: 1 candidate symbols
[2025-11-28T04:57:13.381Z] [2025-11-28T04:57:13.382Z] [INDEXING-ORCHESTRATOR] [DEBUG] ✅ Chunk symbols after filtering: 1 symbols - IUserDocument
[2025-11-28T04:57:13.381Z] [2025-11-28T04:57:13.382Z] [INDEXING-ORCHESTRATOR] [DEBUG] 📍 Chunk 24-146: 1 candidate symbols
[2025-11-28T04:57:13.381Z] [2025-11-28T04:57:13.382Z] [INDEXING-ORCHESTRATOR] [DEBUG] ✅ Chunk symbols after filtering: 1 symbols - userSchema
[2025-11-28T04:57:13.381Z] [2025-11-28T04:57:13.382Z] [INDEXING-ORCHESTRATOR] [DEBUG] Created 2 semantic chunks for C:\Projects\educatedplanet\dataservice\src\datamodels\schemas\user-clean.schema.ts
[2025-11-28T04:57:13.381Z] [2025-11-28T04:57:13.382Z] [INDEXING-ORCHESTRATOR] [DEBUG] Average chunk size: 1412 characters
[2025-11-28T04:57:13.384Z] [2025-11-28T04:57:13.385Z] [TREESITTER-CHUNKER] [INFO] Created 1 semantic chunks from C:\Projects\educatedplanet\dataservice\src\index.ts
[2025-11-28T04:57:13.387Z] [2025-11-28T04:57:13.388Z] [TREESITTER-FULL] [INFO] Extracted 0 symbols from C:\Projects\educatedplanet\dataservice\src\index.ts
[2025-11-28T04:57:13.387Z] [2025-11-28T04:57:13.388Z] [INDEXING-ORCHESTRATOR] [DEBUG] 🔍 Symbol extraction for C:\Projects\educatedplanet\dataservice\src\index.ts: 0 symbols, 0 imports
[2025-11-28T04:57:13.387Z] [2025-11-28T04:57:13.388Z] [INDEXING-ORCHESTRATOR] [DEBUG] 📍 Chunk 1-111: 0 candidate symbols
[2025-11-28T04:57:13.387Z] [2025-11-28T04:57:13.388Z] [INDEXING-ORCHESTRATOR] [DEBUG] ✅ Chunk symbols after filtering: 0 symbols - 
[2025-11-28T04:57:13.387Z] [2025-11-28T04:57:13.388Z] [INDEXING-ORCHESTRATOR] [DEBUG] Created 1 semantic chunks for C:\Projects\educatedplanet\dataservice\src\index.ts
[2025-11-28T04:57:13.387Z] [2025-11-28T04:57:13.388Z] [INDEXING-ORCHESTRATOR] [DEBUG] Average chunk size: 2720 characters
[2025-11-28T04:57:13.396Z] [2025-11-28T04:57:13.397Z] [TREESITTER-CHUNKER] [INFO] Created 3 semantic chunks from C:\Projects\educatedplanet\dataservice\src\migrations\001-create-tutor-collection.ts
[2025-11-28T04:57:13.434Z] [2025-11-28T04:57:13.435Z] [TREESITTER-FULL] [INFO] Extracted 2 symbols from C:\Projects\educatedplanet\dataservice\src\migrations\001-create-tutor-collection.ts
[2025-11-28T04:57:13.434Z] [2025-11-28T04:57:13.435Z] [INDEXING-ORCHESTRATOR] [DEBUG] 🔍 Symbol extraction for C:\Projects\educatedplanet\dataservice\src\migrations\001-create-tutor-collection.ts: 2 symbols, 2 imports
[2025-11-28T04:57:13.434Z] [2025-11-28T04:57:13.435Z] [INDEXING-ORCHESTRATOR] [DEBUG] 📍 Chunk 9-159: 1 candidate symbols
[2025-11-28T04:57:13.434Z] [2025-11-28T04:57:13.435Z] [INDEXING-ORCHESTRATOR] [DEBUG] ✅ Chunk symbols after filtering: 1 symbols - up
[2025-11-28T04:57:13.434Z] [2025-11-28T04:57:13.435Z] [INDEXING-ORCHESTRATOR] [DEBUG] 📍 Chunk 165-187: 1 candidate symbols
[2025-11-28T04:57:13.434Z] [2025-11-28T04:57:13.435Z] [INDEXING-ORCHESTRATOR] [DEBUG] ✅ Chunk symbols after filtering: 1 symbols - down
[2025-11-28T04:57:13.434Z] [2025-11-28T04:57:13.435Z] [INDEXING-ORCHESTRATOR] [DEBUG] 📍 Chunk 188-203: 0 candidate symbols
[2025-11-28T04:57:13.434Z] [2025-11-28T04:57:13.435Z] [INDEXING-ORCHESTRATOR] [DEBUG] ✅ Chunk symbols after filtering: 0 symbols - 
[2025-11-28T04:57:13.434Z] [2025-11-28T04:57:13.435Z] [INDEXING-ORCHESTRATOR] [DEBUG] Created 3 semantic chunks for C:\Projects\educatedplanet\dataservice\src\migrations\001-create-tutor-collection.ts
[2025-11-28T04:57:13.434Z] [2025-11-28T04:57:13.435Z] [INDEXING-ORCHESTRATOR] [DEBUG] Average chunk size: 2192 characters
[2025-11-28T04:57:13.457Z] [2025-11-28T04:57:13.458Z] [TREESITTER-CHUNKER] [INFO] Created 6 semantic chunks from C:\Projects\educatedplanet\dataservice\src\migrations\002-update-tutor-location-schema.ts
[2025-11-28T04:57:13.481Z] [2025-11-28T04:57:13.481Z] [TREESITTER-FULL] [INFO] Extracted 8 symbols from C:\Projects\educatedplanet\dataservice\src\migrations\002-update-tutor-location-schema.ts
[2025-11-28T04:57:13.481Z] [2025-11-28T04:57:13.482Z] [INDEXING-ORCHESTRATOR] [DEBUG] 🔍 Symbol extraction for C:\Projects\educatedplanet\dataservice\src\migrations\002-update-tutor-location-schema.ts: 8 symbols, 3 imports
[2025-11-28T04:57:13.481Z] [2025-11-28T04:57:13.482Z] [INDEXING-ORCHESTRATOR] [DEBUG] 📍 Chunk 15-33: 2 candidate symbols
[2025-11-28T04:57:13.481Z] [2025-11-28T04:57:13.482Z] [INDEXING-ORCHESTRATOR] [DEBUG] ✅ Chunk symbols after filtering: 2 symbols - Address, AvailabilityRange
[2025-11-28T04:57:13.481Z] [2025-11-28T04:57:13.482Z] [INDEXING-ORCHESTRATOR] [DEBUG] 📍 Chunk 42-70: 1 candidate symbols
[2025-11-28T04:57:13.481Z] [2025-11-28T04:57:13.482Z] [INDEXING-ORCHESTRATOR] [DEBUG] ✅ Chunk symbols after filtering: 1 symbols - geocodeLocation
[2025-11-28T04:57:13.481Z] [2025-11-28T04:57:13.482Z] [INDEXING-ORCHESTRATOR] [DEBUG] 📍 Chunk 73-93: 1 candidate symbols
[2025-11-28T04:57:13.481Z] [2025-11-28T04:57:13.482Z] [INDEXING-ORCHESTRATOR] [DEBUG] ✅ Chunk symbols after filtering: 1 symbols - createAddressFromLegacy
[2025-11-28T04:57:13.481Z] [2025-11-28T04:57:13.482Z] [INDEXING-ORCHESTRATOR] [DEBUG] 📍 Chunk 95-160: 1 candidate symbols
[2025-11-28T04:57:13.481Z] [2025-11-28T04:57:13.482Z] [INDEXING-ORCHESTRATOR] [DEBUG] ✅ Chunk symbols after filtering: 1 symbols - up
[2025-11-28T04:57:13.481Z] [2025-11-28T04:57:13.482Z] [INDEXING-ORCHESTRATOR] [DEBUG] 📍 Chunk 162-185: 1 candidate symbols
[2025-11-28T04:57:13.481Z] [2025-11-28T04:57:13.482Z] [INDEXING-ORCHESTRATOR] [DEBUG] ✅ Chunk symbols after filtering: 1 symbols - down
[2025-11-28T04:57:13.481Z] [2025-11-28T04:57:13.482Z] [INDEXING-ORCHESTRATOR] [DEBUG] 📍 Chunk 186-211: 1 candidate symbols
[2025-11-28T04:57:13.481Z] [2025-11-28T04:57:13.482Z] [INDEXING-ORCHESTRATOR] [DEBUG] ✅ Chunk symbols after filtering: 1 symbols - mongooseConnection
[2025-11-28T04:57:13.481Z] [2025-11-28T04:57:13.482Z] [INDEXING-ORCHESTRATOR] [DEBUG] Created 6 semantic chunks for C:\Projects\educatedplanet\dataservice\src\migrations\002-update-tutor-location-schema.ts
[2025-11-28T04:57:13.481Z] [2025-11-28T04:57:13.482Z] [INDEXING-ORCHESTRATOR] [DEBUG] Average chunk size: 859 characters
[2025-11-28T04:57:13.484Z] [2025-11-28T04:57:13.484Z] [TREESITTER-CHUNKER] [INFO] 🔍 Found class: unknown (382 lines)
[2025-11-28T04:57:13.484Z] [2025-11-28T04:57:13.484Z] [TREESITTER-CHUNKER] [INFO] 📤 Splitting large class: unknown (382 lines > 150)
[2025-11-28T04:57:13.484Z] [2025-11-28T04:57:13.485Z] [TREESITTER-CHUNKER] [INFO] 🔧 Extracting methods from large class with 2 children
[2025-11-28T04:57:13.484Z] [2025-11-28T04:57:13.485Z] [TREESITTER-CHUNKER] [INFO] 🔍 Checking 20 nodes for methods (using class_body)
[2025-11-28T04:57:13.484Z] [2025-11-28T04:57:13.485Z] [TREESITTER-CHUNKER] [INFO]    Child type: comment at lines 19-21
[2025-11-28T04:57:13.484Z] [2025-11-28T04:57:13.485Z] [TREESITTER-CHUNKER] [INFO]    Child type: method_definition at lines 22-52
[2025-11-28T04:57:13.484Z] [2025-11-28T04:57:13.485Z] [TREESITTER-CHUNKER] [INFO]    🎯 Found method: unknown (31 lines, 848 chars)
[2025-11-28T04:57:13.484Z] [2025-11-28T04:57:13.485Z] [TREESITTER-CHUNKER] [INFO]    ✅ Added method chunk: unknown
[2025-11-28T04:57:13.484Z] [2025-11-28T04:57:13.485Z] [TREESITTER-CHUNKER] [INFO]    Child type: comment at lines 54-56
[2025-11-28T04:57:13.484Z] [2025-11-28T04:57:13.485Z] [TREESITTER-CHUNKER] [INFO]    Child type: method_definition at lines 57-153
[2025-11-28T04:57:13.484Z] [2025-11-28T04:57:13.485Z] [TREESITTER-CHUNKER] [INFO]    🎯 Found method: unknown (97 lines, 2335 chars)
[2025-11-28T04:57:13.484Z] [2025-11-28T04:57:13.485Z] [TREESITTER-CHUNKER] [INFO]    ✅ Added method chunk: unknown
[2025-11-28T04:57:13.484Z] [2025-11-28T04:57:13.485Z] [TREESITTER-CHUNKER] [INFO]    Child type: comment at lines 155-157
[2025-11-28T04:57:13.484Z] [2025-11-28T04:57:13.485Z] [TREESITTER-CHUNKER] [INFO]    Child type: method_definition at lines 158-164
[2025-11-28T04:57:13.484Z] [2025-11-28T04:57:13.485Z] [TREESITTER-CHUNKER] [INFO]    🎯 Found method: unknown (7 lines, 254 chars)
[2025-11-28T04:57:13.484Z] [2025-11-28T04:57:13.485Z] [TREESITTER-CHUNKER] [INFO]    ✅ Added method chunk: unknown
[2025-11-28T04:57:13.484Z] [2025-11-28T04:57:13.485Z] [TREESITTER-CHUNKER] [INFO]    Child type: comment at lines 166-168
[2025-11-28T04:57:13.484Z] [2025-11-28T04:57:13.485Z] [TREESITTER-CHUNKER] [INFO]    Child type: method_definition at lines 169-196
[2025-11-28T04:57:13.484Z] [2025-11-28T04:57:13.485Z] [TREESITTER-CHUNKER] [INFO]    🎯 Found method: unknown (28 lines, 1009 chars)
[2025-11-28T04:57:13.484Z] [2025-11-28T04:57:13.485Z] [TREESITTER-CHUNKER] [INFO]    ✅ Added method chunk: unknown
[2025-11-28T04:57:13.484Z] [2025-11-28T04:57:13.485Z] [TREESITTER-CHUNKER] [INFO]    Child type: comment at lines 198-200
[2025-11-28T04:57:13.484Z] [2025-11-28T04:57:13.485Z] [TREESITTER-CHUNKER] [INFO]    Child type: method_definition at lines 201-244
[2025-11-28T04:57:13.484Z] [2025-11-28T04:57:13.485Z] [TREESITTER-CHUNKER] [INFO]    🎯 Found method: unknown (44 lines, 1321 chars)
[2025-11-28T04:57:13.484Z] [2025-11-28T04:57:13.485Z] [TREESITTER-CHUNKER] [INFO]    ✅ Added method chunk: unknown
[2025-11-28T04:57:13.484Z] [2025-11-28T04:57:13.485Z] [TREESITTER-CHUNKER] [INFO]    Child type: comment at lines 246-248
[2025-11-28T04:57:13.484Z] [2025-11-28T04:57:13.485Z] [TREESITTER-CHUNKER] [INFO]    Child type: method_definition at lines 249-258
[2025-11-28T04:57:13.484Z] [2025-11-28T04:57:13.485Z] [TREESITTER-CHUNKER] [INFO]    🎯 Found method: unknown (10 lines, 300 chars)
[2025-11-28T04:57:13.484Z] [2025-11-28T04:57:13.485Z] [TREESITTER-CHUNKER] [INFO]    ✅ Added method chunk: unknown
[2025-11-28T04:57:13.484Z] [2025-11-28T04:57:13.485Z] [TREESITTER-CHUNKER] [INFO]    Child type: comment at lines 260-262
[2025-11-28T04:57:13.484Z] [2025-11-28T04:57:13.485Z] [TREESITTER-CHUNKER] [INFO]    Child type: method_definition at lines 263-272
[2025-11-28T04:57:13.484Z] [2025-11-28T04:57:13.485Z] [TREESITTER-CHUNKER] [INFO]    🎯 Found method: unknown (10 lines, 296 chars)
[2025-11-28T04:57:13.484Z] [2025-11-28T04:57:13.485Z] [TREESITTER-CHUNKER] [INFO]    ✅ Added method chunk: unknown
[2025-11-28T04:57:13.484Z] [2025-11-28T04:57:13.485Z] [TREESITTER-CHUNKER] [INFO]    Child type: comment at lines 274-276
[2025-11-28T04:57:13.485Z] [2025-11-28T04:57:13.485Z] [TREESITTER-CHUNKER] [INFO]    Child type: method_definition at lines 277-287
[2025-11-28T04:57:13.485Z] [2025-11-28T04:57:13.485Z] [TREESITTER-CHUNKER] [INFO]    🎯 Found method: unknown (11 lines, 242 chars)
[2025-11-28T04:57:13.485Z] [2025-11-28T04:57:13.485Z] [TREESITTER-CHUNKER] [INFO]    ✅ Added method chunk: unknown
[2025-11-28T04:57:13.485Z] [2025-11-28T04:57:13.485Z] [TREESITTER-CHUNKER] [INFO]    Child type: comment at lines 289-291
[2025-11-28T04:57:13.485Z] [2025-11-28T04:57:13.485Z] [TREESITTER-CHUNKER] [INFO]    Child type: method_definition at lines 292-363
[2025-11-28T04:57:13.485Z] [2025-11-28T04:57:13.486Z] [TREESITTER-CHUNKER] [INFO]    🎯 Found method: unknown (72 lines, 2380 chars)
[2025-11-28T04:57:13.485Z] [2025-11-28T04:57:13.486Z] [TREESITTER-CHUNKER] [INFO]    ✅ Added method chunk: unknown
[2025-11-28T04:57:13.485Z] [2025-11-28T04:57:13.486Z] [TREESITTER-CHUNKER] [INFO]    Child type: comment at lines 365-367
[2025-11-28T04:57:13.485Z] [2025-11-28T04:57:13.486Z] [TREESITTER-CHUNKER] [INFO]    Child type: method_definition at lines 368-398
[2025-11-28T04:57:13.485Z] [2025-11-28T04:57:13.486Z] [TREESITTER-CHUNKER] [INFO]    🎯 Found method: unknown (31 lines, 1335 chars)
[2025-11-28T04:57:13.485Z] [2025-11-28T04:57:13.486Z] [TREESITTER-CHUNKER] [INFO]    ✅ Added method chunk: unknown
[2025-11-28T04:57:13.485Z] [2025-11-28T04:57:13.486Z] [TREESITTER-CHUNKER] [INFO] 🏁 Extracted 10 methods from large class
[2025-11-28T04:57:13.494Z] [2025-11-28T04:57:13.495Z] [TREESITTER-CHUNKER] [INFO] Created 7 semantic chunks from C:\Projects\educatedplanet\dataservice\src\queries\tutor.queries.ts
[2025-11-28T04:57:13.564Z] [2025-11-28T04:57:13.565Z] [TREESITTER-FULL] [INFO] Extracted 1 symbols from C:\Projects\educatedplanet\dataservice\src\queries\tutor.queries.ts
[2025-11-28T04:57:13.564Z] [2025-11-28T04:57:13.565Z] [INDEXING-ORCHESTRATOR] [DEBUG] 🔍 Symbol extraction for C:\Projects\educatedplanet\dataservice\src\queries\tutor.queries.ts: 1 symbols, 3 imports
[2025-11-28T04:57:13.564Z] [2025-11-28T04:57:13.565Z] [INDEXING-ORCHESTRATOR] [DEBUG] 📍 Chunk 18-52: 0 candidate symbols
[2025-11-28T04:57:13.564Z] [2025-11-28T04:57:13.565Z] [INDEXING-ORCHESTRATOR] [DEBUG] ✅ Chunk symbols after filtering: 0 symbols - 
[2025-11-28T04:57:13.564Z] [2025-11-28T04:57:13.565Z] [INDEXING-ORCHESTRATOR] [DEBUG] 📍 Chunk 57-153: 0 candidate symbols
[2025-11-28T04:57:13.564Z] [2025-11-28T04:57:13.565Z] [INDEXING-ORCHESTRATOR] [DEBUG] ✅ Chunk symbols after filtering: 0 symbols - 
[2025-11-28T04:57:13.564Z] [2025-11-28T04:57:13.565Z] [INDEXING-ORCHESTRATOR] [DEBUG] 📍 Chunk 158-196: 0 candidate symbols
[2025-11-28T04:57:13.564Z] [2025-11-28T04:57:13.565Z] [INDEXING-ORCHESTRATOR] [DEBUG] ✅ Chunk symbols after filtering: 0 symbols - 
[2025-11-28T04:57:13.564Z] [2025-11-28T04:57:13.565Z] [INDEXING-ORCHESTRATOR] [DEBUG] 📍 Chunk 201-244: 0 candidate symbols
[2025-11-28T04:57:13.564Z] [2025-11-28T04:57:13.565Z] [INDEXING-ORCHESTRATOR] [DEBUG] ✅ Chunk symbols after filtering: 0 symbols - 
[2025-11-28T04:57:13.564Z] [2025-11-28T04:57:13.565Z] [INDEXING-ORCHESTRATOR] [DEBUG] 📍 Chunk 249-287: 0 candidate symbols
[2025-11-28T04:57:13.565Z] [2025-11-28T04:57:13.565Z] [INDEXING-ORCHESTRATOR] [DEBUG] ✅ Chunk symbols after filtering: 0 symbols - 
[2025-11-28T04:57:13.565Z] [2025-11-28T04:57:13.565Z] [INDEXING-ORCHESTRATOR] [DEBUG] 📍 Chunk 292-363: 0 candidate symbols
[2025-11-28T04:57:13.565Z] [2025-11-28T04:57:13.565Z] [INDEXING-ORCHESTRATOR] [DEBUG] ✅ Chunk symbols after filtering: 0 symbols - 
[2025-11-28T04:57:13.565Z] [2025-11-28T04:57:13.565Z] [INDEXING-ORCHESTRATOR] [DEBUG] 📍 Chunk 368-398: 0 candidate symbols
[2025-11-28T04:57:13.565Z] [2025-11-28T04:57:13.565Z] [INDEXING-ORCHESTRATOR] [DEBUG] ✅ Chunk symbols after filtering: 0 symbols - 
[2025-11-28T04:57:13.565Z] [2025-11-28T04:57:13.565Z] [INDEXING-ORCHESTRATOR] [DEBUG] Created 7 semantic chunks for C:\Projects\educatedplanet\dataservice\src\queries\tutor.queries.ts
[2025-11-28T04:57:13.565Z] [2025-11-28T04:57:13.565Z] [INDEXING-ORCHESTRATOR] [DEBUG] Average chunk size: 1509 characters
[2025-11-28T04:57:13.569Z] [2025-11-28T04:57:13.569Z] [TREESITTER-CHUNKER] [INFO] Created 2 semantic chunks from C:\Projects\educatedplanet\dataservice\src\migrations\index.ts
[2025-11-28T04:57:13.576Z] [2025-11-28T04:57:13.576Z] [TREESITTER-FULL] [INFO] Extracted 5 symbols from C:\Projects\educatedplanet\dataservice\src\migrations\index.ts
[2025-11-28T04:57:13.576Z] [2025-11-28T04:57:13.576Z] [INDEXING-ORCHESTRATOR] [DEBUG] 🔍 Symbol extraction for C:\Projects\educatedplanet\dataservice\src\migrations\index.ts: 5 symbols, 1 imports
[2025-11-28T04:57:13.576Z] [2025-11-28T04:57:13.576Z] [INDEXING-ORCHESTRATOR] [DEBUG] 📍 Chunk 17-64: 3 candidate symbols
[2025-11-28T04:57:13.576Z] [2025-11-28T04:57:13.577Z] [INDEXING-ORCHESTRATOR] [DEBUG] ✅ Chunk symbols after filtering: 3 symbols - runMigrations, runMigration, getMigrations
[2025-11-28T04:57:13.576Z] [2025-11-28T04:57:13.577Z] [INDEXING-ORCHESTRATOR] [DEBUG] 📍 Chunk 67-67: 1 candidate symbols
[2025-11-28T04:57:13.576Z] [2025-11-28T04:57:13.577Z] [INDEXING-ORCHESTRATOR] [DEBUG] ✅ Chunk symbols after filtering: 1 symbols - MigrationName
[2025-11-28T04:57:13.576Z] [2025-11-28T04:57:13.577Z] [INDEXING-ORCHESTRATOR] [DEBUG] Created 2 semantic chunks for C:\Projects\educatedplanet\dataservice\src\migrations\index.ts
[2025-11-28T04:57:13.576Z] [2025-11-28T04:57:13.577Z] [INDEXING-ORCHESTRATOR] [DEBUG] Average chunk size: 738 characters
[2025-11-28T04:57:13.577Z] [2025-11-28T04:57:13.577Z] [TREESITTER-CHUNKER] [INFO] 🔍 Found class: unknown (77 lines)
[2025-11-28T04:57:13.577Z] [2025-11-28T04:57:13.577Z] [TREESITTER-CHUNKER] [INFO] 📦 Keeping small class intact: unknown (77 lines <= 150)
[2025-11-28T04:57:13.579Z] [2025-11-28T04:57:13.579Z] [TREESITTER-CHUNKER] [INFO] Created 2 semantic chunks from C:\Projects\educatedplanet\dataservice\src\repositories\user.repository.ts
[2025-11-28T04:57:13.587Z] [2025-11-28T04:57:13.588Z] [TREESITTER-FULL] [INFO] Extracted 2 symbols from C:\Projects\educatedplanet\dataservice\src\repositories\user.repository.ts
[2025-11-28T04:57:13.587Z] [2025-11-28T04:57:13.588Z] [INDEXING-ORCHESTRATOR] [DEBUG] 🔍 Symbol extraction for C:\Projects\educatedplanet\dataservice\src\repositories\user.repository.ts: 2 symbols, 3 imports
[2025-11-28T04:57:13.587Z] [2025-11-28T04:57:13.588Z] [INDEXING-ORCHESTRATOR] [DEBUG] 📍 Chunk 8-84: 1 candidate symbols
[2025-11-28T04:57:13.587Z] [2025-11-28T04:57:13.588Z] [INDEXING-ORCHESTRATOR] [DEBUG] ✅ Chunk symbols after filtering: 1 symbols - UserRepository
[2025-11-28T04:57:13.587Z] [2025-11-28T04:57:13.588Z] [INDEXING-ORCHESTRATOR] [DEBUG] 📍 Chunk 85-87: 1 candidate symbols
[2025-11-28T04:57:13.587Z] [2025-11-28T04:57:13.588Z] [INDEXING-ORCHESTRATOR] [DEBUG] ✅ Chunk symbols after filtering: 1 symbols - userRepository
[2025-11-28T04:57:13.587Z] [2025-11-28T04:57:13.588Z] [INDEXING-ORCHESTRATOR] [DEBUG] Created 2 semantic chunks for C:\Projects\educatedplanet\dataservice\src\repositories\user.repository.ts
[2025-11-28T04:57:13.587Z] [2025-11-28T04:57:13.588Z] [INDEXING-ORCHESTRATOR] [DEBUG] Average chunk size: 1071 characters
[2025-11-28T04:57:13.587Z] [2025-11-28T04:57:13.588Z] [INDEXING-ORCHESTRATOR] [DEBUG] 📊 Processed: 260/324 files
[2025-11-28T04:57:13.598Z] [2025-11-28T04:57:13.599Z] [TREESITTER-CHUNKER] [INFO] Created 0 semantic chunks from C:\Projects\educatedplanet\dataservice\src\repository\user.repository.ts
[2025-11-28T04:57:13.598Z] [2025-11-28T04:57:13.599Z] [TREESITTER-FULL] [INFO] Extracted 0 symbols from C:\Projects\educatedplanet\dataservice\src\repository\user.repository.ts
[2025-11-28T04:57:13.598Z] [2025-11-28T04:57:13.599Z] [INDEXING-ORCHESTRATOR] [DEBUG] 🔍 Symbol extraction for C:\Projects\educatedplanet\dataservice\src\repository\user.repository.ts: 0 symbols, 0 imports
[2025-11-28T04:57:13.598Z] [2025-11-28T04:57:13.599Z] [INDEXING-ORCHESTRATOR] [DEBUG] Created 0 semantic chunks for C:\Projects\educatedplanet\dataservice\src\repository\user.repository.ts
[2025-11-28T04:57:13.601Z] [2025-11-28T04:57:13.602Z] [TREESITTER-CHUNKER] [INFO] Created 2 semantic chunks from C:\Projects\educatedplanet\dataservice\src\scripts\run-migrations.ts
[2025-11-28T04:57:13.613Z] [2025-11-28T04:57:13.614Z] [TREESITTER-FULL] [INFO] Extracted 1 symbols from C:\Projects\educatedplanet\dataservice\src\scripts\run-migrations.ts
[2025-11-28T04:57:13.613Z] [2025-11-28T04:57:13.614Z] [INDEXING-ORCHESTRATOR] [DEBUG] 🔍 Symbol extraction for C:\Projects\educatedplanet\dataservice\src\scripts\run-migrations.ts: 1 symbols, 2 imports
[2025-11-28T04:57:13.613Z] [2025-11-28T04:57:13.614Z] [INDEXING-ORCHESTRATOR] [DEBUG] 📍 Chunk 10-67: 1 candidate symbols
[2025-11-28T04:57:13.614Z] [2025-11-28T04:57:13.614Z] [INDEXING-ORCHESTRATOR] [DEBUG] ✅ Chunk symbols after filtering: 1 symbols - main
[2025-11-28T04:57:13.614Z] [2025-11-28T04:57:13.614Z] [INDEXING-ORCHESTRATOR] [DEBUG] 📍 Chunk 68-72: 0 candidate symbols
[2025-11-28T04:57:13.614Z] [2025-11-28T04:57:13.614Z] [INDEXING-ORCHESTRATOR] [DEBUG] ✅ Chunk symbols after filtering: 0 symbols - 
[2025-11-28T04:57:13.614Z] [2025-11-28T04:57:13.614Z] [INDEXING-ORCHESTRATOR] [DEBUG] Created 2 semantic chunks for C:\Projects\educatedplanet\dataservice\src\scripts\run-migrations.ts
[2025-11-28T04:57:13.614Z] [2025-11-28T04:57:13.614Z] [INDEXING-ORCHESTRATOR] [DEBUG] Average chunk size: 935 characters
[2025-11-28T04:57:13.653Z] [2025-11-28T04:57:13.654Z] [TREESITTER-CHUNKER] [INFO] Created 5 semantic chunks from C:\Projects\educatedplanet\dataservice\src\seeder\subjectseeder.ts
[2025-11-28T04:57:13.760Z] [2025-11-28T04:57:13.760Z] [TREESITTER-FULL] [INFO] Extracted 5 symbols from C:\Projects\educatedplanet\dataservice\src\seeder\subjectseeder.ts
[2025-11-28T04:57:13.760Z] [2025-11-28T04:57:13.760Z] [INDEXING-ORCHESTRATOR] [DEBUG] 🔍 Symbol extraction for C:\Projects\educatedplanet\dataservice\src\seeder\subjectseeder.ts: 5 symbols, 2 imports
[2025-11-28T04:57:13.760Z] [2025-11-28T04:57:13.760Z] [INDEXING-ORCHESTRATOR] [DEBUG] 📍 Chunk 4-27: 1 candidate symbols
[2025-11-28T04:57:13.760Z] [2025-11-28T04:57:13.760Z] [INDEXING-ORCHESTRATOR] [DEBUG] ✅ Chunk symbols after filtering: 1 symbols - SubjectSeedData
[2025-11-28T04:57:13.760Z] [2025-11-28T04:57:13.760Z] [INDEXING-ORCHESTRATOR] [DEBUG] 📍 Chunk 552-569: 1 candidate symbols
[2025-11-28T04:57:13.760Z] [2025-11-28T04:57:13.760Z] [INDEXING-ORCHESTRATOR] [DEBUG] ✅ Chunk symbols after filtering: 1 symbols - getClassIdsFromCodes
[2025-11-28T04:57:13.760Z] [2025-11-28T04:57:13.760Z] [INDEXING-ORCHESTRATOR] [DEBUG] 📍 Chunk 572-612: 1 candidate symbols
[2025-11-28T04:57:13.760Z] [2025-11-28T04:57:13.760Z] [INDEXING-ORCHESTRATOR] [DEBUG] ✅ Chunk symbols after filtering: 1 symbols - seedSubjects
[2025-11-28T04:57:13.760Z] [2025-11-28T04:57:13.760Z] [INDEXING-ORCHESTRATOR] [DEBUG] 📍 Chunk 615-634: 1 candidate symbols
[2025-11-28T04:57:13.760Z] [2025-11-28T04:57:13.760Z] [INDEXING-ORCHESTRATOR] [DEBUG] ✅ Chunk symbols after filtering: 1 symbols - clearSubjects
[2025-11-28T04:57:13.760Z] [2025-11-28T04:57:13.761Z] [INDEXING-ORCHESTRATOR] [DEBUG] 📍 Chunk 635-637: 0 candidate symbols
[2025-11-28T04:57:13.760Z] [2025-11-28T04:57:13.761Z] [INDEXING-ORCHESTRATOR] [DEBUG] ✅ Chunk symbols after filtering: 0 symbols - 
[2025-11-28T04:57:13.760Z] [2025-11-28T04:57:13.761Z] [INDEXING-ORCHESTRATOR] [DEBUG] Created 5 semantic chunks for C:\Projects\educatedplanet\dataservice\src\seeder\subjectseeder.ts
[2025-11-28T04:57:13.760Z] [2025-11-28T04:57:13.761Z] [INDEXING-ORCHESTRATOR] [DEBUG] Average chunk size: 660 characters
[2025-11-28T04:57:13.763Z] [2025-11-28T04:57:13.764Z] [TREESITTER-CHUNKER] [INFO] 🔍 Found class: unknown (6 lines)
[2025-11-28T04:57:13.763Z] [2025-11-28T04:57:13.764Z] [TREESITTER-CHUNKER] [INFO] 📦 Keeping small class intact: unknown (6 lines <= 150)
[2025-11-28T04:57:13.777Z] [2025-11-28T04:57:13.778Z] [TREESITTER-CHUNKER] [INFO] Created 10 semantic chunks from C:\Projects\educatedplanet\dataservice\src\seeder\userseeder.ts
[2025-11-28T04:57:13.841Z] [2025-11-28T04:57:13.842Z] [TREESITTER-FULL] [INFO] Extracted 10 symbols from C:\Projects\educatedplanet\dataservice\src\seeder\userseeder.ts
[2025-11-28T04:57:13.841Z] [2025-11-28T04:57:13.842Z] [INDEXING-ORCHESTRATOR] [DEBUG] 🔍 Symbol extraction for C:\Projects\educatedplanet\dataservice\src\seeder\userseeder.ts: 10 symbols, 4 imports
[2025-11-28T04:57:13.841Z] [2025-11-28T04:57:13.842Z] [INDEXING-ORCHESTRATOR] [DEBUG] 📍 Chunk 7-15: 1 candidate symbols
[2025-11-28T04:57:13.841Z] [2025-11-28T04:57:13.842Z] [INDEXING-ORCHESTRATOR] [DEBUG] ✅ Chunk symbols after filtering: 1 symbols - UserData
[2025-11-28T04:57:13.841Z] [2025-11-28T04:57:13.842Z] [INDEXING-ORCHESTRATOR] [DEBUG] 📍 Chunk 26-31: 1 candidate symbols
[2025-11-28T04:57:13.841Z] [2025-11-28T04:57:13.842Z] [INDEXING-ORCHESTRATOR] [DEBUG] ✅ Chunk symbols after filtering: 1 symbols - SeederError
[2025-11-28T04:57:13.841Z] [2025-11-28T04:57:13.842Z] [INDEXING-ORCHESTRATOR] [DEBUG] 📍 Chunk 38-59: 1 candidate symbols
[2025-11-28T04:57:13.841Z] [2025-11-28T04:57:13.842Z] [INDEXING-ORCHESTRATOR] [DEBUG] ✅ Chunk symbols after filtering: 1 symbols - validateUserData
[2025-11-28T04:57:13.841Z] [2025-11-28T04:57:13.842Z] [INDEXING-ORCHESTRATOR] [DEBUG] 📍 Chunk 65-76: 1 candidate symbols
[2025-11-28T04:57:13.841Z] [2025-11-28T04:57:13.842Z] [INDEXING-ORCHESTRATOR] [DEBUG] ✅ Chunk symbols after filtering: 1 symbols - getDataFilePath
[2025-11-28T04:57:13.841Z] [2025-11-28T04:57:13.842Z] [INDEXING-ORCHESTRATOR] [DEBUG] 📍 Chunk 82-131: 1 candidate symbols
[2025-11-28T04:57:13.841Z] [2025-11-28T04:57:13.842Z] [INDEXING-ORCHESTRATOR] [DEBUG] ✅ Chunk symbols after filtering: 1 symbols - readUsersData
[2025-11-28T04:57:13.841Z] [2025-11-28T04:57:13.842Z] [INDEXING-ORCHESTRATOR] [DEBUG] 📍 Chunk 138-144: 1 candidate symbols
[2025-11-28T04:57:13.841Z] [2025-11-28T04:57:13.842Z] [INDEXING-ORCHESTRATOR] [DEBUG] ✅ Chunk symbols after filtering: 1 symbols - hashPassword
[2025-11-28T04:57:13.841Z] [2025-11-28T04:57:13.842Z] [INDEXING-ORCHESTRATOR] [DEBUG] 📍 Chunk 151-262: 1 candidate symbols
[2025-11-28T04:57:13.841Z] [2025-11-28T04:57:13.842Z] [INDEXING-ORCHESTRATOR] [DEBUG] ✅ Chunk symbols after filtering: 1 symbols - createUser
[2025-11-28T04:57:13.841Z] [2025-11-28T04:57:13.842Z] [INDEXING-ORCHESTRATOR] [DEBUG] 📍 Chunk 268-281: 1 candidate symbols
[2025-11-28T04:57:13.841Z] [2025-11-28T04:57:13.842Z] [INDEXING-ORCHESTRATOR] [DEBUG] ✅ Chunk symbols after filtering: 1 symbols - clearModelCache
[2025-11-28T04:57:13.841Z] [2025-11-28T04:57:13.842Z] [INDEXING-ORCHESTRATOR] [DEBUG] 📍 Chunk 287-356: 1 candidate symbols
[2025-11-28T04:57:13.841Z] [2025-11-28T04:57:13.842Z] [INDEXING-ORCHESTRATOR] [DEBUG] ✅ Chunk symbols after filtering: 1 symbols - seedUsers
[2025-11-28T04:57:13.841Z] [2025-11-28T04:57:13.842Z] [INDEXING-ORCHESTRATOR] [DEBUG] 📍 Chunk 362-402: 1 candidate symbols
[2025-11-28T04:57:13.841Z] [2025-11-28T04:57:13.842Z] [INDEXING-ORCHESTRATOR] [DEBUG] ✅ Chunk symbols after filtering: 1 symbols - resetSeededUsers
[2025-11-28T04:57:13.841Z] [2025-11-28T04:57:13.842Z] [INDEXING-ORCHESTRATOR] [DEBUG] Created 10 semantic chunks for C:\Projects\educatedplanet\dataservice\src\seeder\userseeder.ts
[2025-11-28T04:57:13.841Z] [2025-11-28T04:57:13.842Z] [INDEXING-ORCHESTRATOR] [DEBUG] Average chunk size: 1202 characters
[2025-11-28T04:57:13.860Z] [2025-11-28T04:57:13.860Z] [TREESITTER-CHUNKER] [INFO] Created 4 semantic chunks from C:\Projects\educatedplanet\dataservice\src\seeder\classseeder.ts
[2025-11-28T04:57:13.910Z] [2025-11-28T04:57:13.910Z] [TREESITTER-FULL] [INFO] Extracted 4 symbols from C:\Projects\educatedplanet\dataservice\src\seeder\classseeder.ts
[2025-11-28T04:57:13.910Z] [2025-11-28T04:57:13.910Z] [INDEXING-ORCHESTRATOR] [DEBUG] 🔍 Symbol extraction for C:\Projects\educatedplanet\dataservice\src\seeder\classseeder.ts: 4 symbols, 2 imports
[2025-11-28T04:57:13.910Z] [2025-11-28T04:57:13.910Z] [INDEXING-ORCHESTRATOR] [DEBUG] 📍 Chunk 4-17: 1 candidate symbols
[2025-11-28T04:57:13.910Z] [2025-11-28T04:57:13.910Z] [INDEXING-ORCHESTRATOR] [DEBUG] ✅ Chunk symbols after filtering: 1 symbols - ClassSeedData
[2025-11-28T04:57:13.910Z] [2025-11-28T04:57:13.911Z] [INDEXING-ORCHESTRATOR] [DEBUG] 📍 Chunk 319-355: 1 candidate symbols
[2025-11-28T04:57:13.910Z] [2025-11-28T04:57:13.911Z] [INDEXING-ORCHESTRATOR] [DEBUG] ✅ Chunk symbols after filtering: 1 symbols - seedClasses
[2025-11-28T04:57:13.910Z] [2025-11-28T04:57:13.911Z] [INDEXING-ORCHESTRATOR] [DEBUG] 📍 Chunk 358-378: 1 candidate symbols
[2025-11-28T04:57:13.910Z] [2025-11-28T04:57:13.911Z] [INDEXING-ORCHESTRATOR] [DEBUG] ✅ Chunk symbols after filtering: 1 symbols - clearClasses
[2025-11-28T04:57:13.910Z] [2025-11-28T04:57:13.911Z] [INDEXING-ORCHESTRATOR] [DEBUG] 📍 Chunk 379-381: 0 candidate symbols
[2025-11-28T04:57:13.910Z] [2025-11-28T04:57:13.911Z] [INDEXING-ORCHESTRATOR] [DEBUG] ✅ Chunk symbols after filtering: 0 symbols - 
[2025-11-28T04:57:13.910Z] [2025-11-28T04:57:13.911Z] [INDEXING-ORCHESTRATOR] [DEBUG] Created 4 semantic chunks for C:\Projects\educatedplanet\dataservice\src\seeder\classseeder.ts
[2025-11-28T04:57:13.910Z] [2025-11-28T04:57:13.911Z] [INDEXING-ORCHESTRATOR] [DEBUG] Average chunk size: 564 characters
[2025-11-28T04:57:13.912Z] [2025-11-28T04:57:13.913Z] [TREESITTER-CHUNKER] [INFO] 🔍 Found class: unknown (276 lines)
[2025-11-28T04:57:13.912Z] [2025-11-28T04:57:13.913Z] [TREESITTER-CHUNKER] [INFO] 📤 Splitting large class: unknown (276 lines > 150)
[2025-11-28T04:57:13.913Z] [2025-11-28T04:57:13.913Z] [TREESITTER-CHUNKER] [INFO] 🔧 Extracting methods from large class with 2 children
[2025-11-28T04:57:13.913Z] [2025-11-28T04:57:13.913Z] [TREESITTER-CHUNKER] [INFO] 🔍 Checking 12 nodes for methods (using class_body)
[2025-11-28T04:57:13.913Z] [2025-11-28T04:57:13.913Z] [TREESITTER-CHUNKER] [INFO]    Child type: comment at lines 9-11
[2025-11-28T04:57:13.913Z] [2025-11-28T04:57:13.913Z] [TREESITTER-CHUNKER] [INFO]    Child type: method_definition at lines 12-59
[2025-11-28T04:57:13.913Z] [2025-11-28T04:57:13.913Z] [TREESITTER-CHUNKER] [INFO]    🎯 Found method: unknown (48 lines, 1300 chars)
[2025-11-28T04:57:13.913Z] [2025-11-28T04:57:13.913Z] [TREESITTER-CHUNKER] [INFO]    ✅ Added method chunk: unknown
[2025-11-28T04:57:13.913Z] [2025-11-28T04:57:13.913Z] [TREESITTER-CHUNKER] [INFO]    Child type: comment at lines 61-63
[2025-11-28T04:57:13.913Z] [2025-11-28T04:57:13.913Z] [TREESITTER-CHUNKER] [INFO]    Child type: method_definition at lines 64-88
[2025-11-28T04:57:13.913Z] [2025-11-28T04:57:13.913Z] [TREESITTER-CHUNKER] [INFO]    🎯 Found method: unknown (25 lines, 608 chars)
[2025-11-28T04:57:13.913Z] [2025-11-28T04:57:13.913Z] [TREESITTER-CHUNKER] [INFO]    ✅ Added method chunk: unknown
[2025-11-28T04:57:13.913Z] [2025-11-28T04:57:13.913Z] [TREESITTER-CHUNKER] [INFO]    Child type: comment at lines 90-92
[2025-11-28T04:57:13.913Z] [2025-11-28T04:57:13.913Z] [TREESITTER-CHUNKER] [INFO]    Child type: method_definition at lines 93-124
[2025-11-28T04:57:13.913Z] [2025-11-28T04:57:13.914Z] [TREESITTER-CHUNKER] [INFO]    🎯 Found method: unknown (32 lines, 787 chars)
[2025-11-28T04:57:13.913Z] [2025-11-28T04:57:13.914Z] [TREESITTER-CHUNKER] [INFO]    ✅ Added method chunk: unknown
[2025-11-28T04:57:13.913Z] [2025-11-28T04:57:13.914Z] [TREESITTER-CHUNKER] [INFO]    Child type: comment at lines 126-128
[2025-11-28T04:57:13.913Z] [2025-11-28T04:57:13.914Z] [TREESITTER-CHUNKER] [INFO]    Child type: method_definition at lines 129-195
[2025-11-28T04:57:13.913Z] [2025-11-28T04:57:13.914Z] [TREESITTER-CHUNKER] [INFO]    🎯 Found method: unknown (67 lines, 2064 chars)
[2025-11-28T04:57:13.913Z] [2025-11-28T04:57:13.914Z] [TREESITTER-CHUNKER] [INFO]    ✅ Added method chunk: unknown
[2025-11-28T04:57:13.913Z] [2025-11-28T04:57:13.914Z] [TREESITTER-CHUNKER] [INFO]    Child type: comment at lines 197-199
[2025-11-28T04:57:13.913Z] [2025-11-28T04:57:13.914Z] [TREESITTER-CHUNKER] [INFO]    Child type: method_definition at lines 200-252
[2025-11-28T04:57:13.913Z] [2025-11-28T04:57:13.914Z] [TREESITTER-CHUNKER] [INFO]    🎯 Found method: unknown (53 lines, 1590 chars)
[2025-11-28T04:57:13.913Z] [2025-11-28T04:57:13.914Z] [TREESITTER-CHUNKER] [INFO]    ✅ Added method chunk: unknown
[2025-11-28T04:57:13.913Z] [2025-11-28T04:57:13.914Z] [TREESITTER-CHUNKER] [INFO]    Child type: comment at lines 254-256
[2025-11-28T04:57:13.913Z] [2025-11-28T04:57:13.914Z] [TREESITTER-CHUNKER] [INFO]    Child type: method_definition at lines 257-282
[2025-11-28T04:57:13.913Z] [2025-11-28T04:57:13.914Z] [TREESITTER-CHUNKER] [INFO]    🎯 Found method: unknown (26 lines, 711 chars)
[2025-11-28T04:57:13.913Z] [2025-11-28T04:57:13.914Z] [TREESITTER-CHUNKER] [INFO]    ✅ Added method chunk: unknown
[2025-11-28T04:57:13.913Z] [2025-11-28T04:57:13.914Z] [TREESITTER-CHUNKER] [INFO] 🏁 Extracted 6 methods from large class
[2025-11-28T04:57:13.925Z] [2025-11-28T04:57:13.926Z] [TREESITTER-CHUNKER] [INFO] Created 5 semantic chunks from C:\Projects\educatedplanet\dataservice\src\services\admin-analytics.service.ts
[2025-11-28T04:57:13.975Z] [2025-11-28T04:57:13.976Z] [TREESITTER-FULL] [INFO] Extracted 1 symbols from C:\Projects\educatedplanet\dataservice\src\services\admin-analytics.service.ts
[2025-11-28T04:57:13.975Z] [2025-11-28T04:57:13.976Z] [INDEXING-ORCHESTRATOR] [DEBUG] 🔍 Symbol extraction for C:\Projects\educatedplanet\dataservice\src\services\admin-analytics.service.ts: 1 symbols, 3 imports
[2025-11-28T04:57:13.975Z] [2025-11-28T04:57:13.976Z] [INDEXING-ORCHESTRATOR] [DEBUG] 📍 Chunk 8-59: 0 candidate symbols
[2025-11-28T04:57:13.975Z] [2025-11-28T04:57:13.976Z] [INDEXING-ORCHESTRATOR] [DEBUG] ✅ Chunk symbols after filtering: 0 symbols - 
[2025-11-28T04:57:13.975Z] [2025-11-28T04:57:13.976Z] [INDEXING-ORCHESTRATOR] [DEBUG] 📍 Chunk 64-124: 0 candidate symbols
[2025-11-28T04:57:13.975Z] [2025-11-28T04:57:13.976Z] [INDEXING-ORCHESTRATOR] [DEBUG] ✅ Chunk symbols after filtering: 0 symbols - 
[2025-11-28T04:57:13.975Z] [2025-11-28T04:57:13.976Z] [INDEXING-ORCHESTRATOR] [DEBUG] 📍 Chunk 129-195: 0 candidate symbols
[2025-11-28T04:57:13.975Z] [2025-11-28T04:57:13.976Z] [INDEXING-ORCHESTRATOR] [DEBUG] ✅ Chunk symbols after filtering: 0 symbols - 
[2025-11-28T04:57:13.975Z] [2025-11-28T04:57:13.976Z] [INDEXING-ORCHESTRATOR] [DEBUG] 📍 Chunk 200-252: 0 candidate symbols
[2025-11-28T04:57:13.975Z] [2025-11-28T04:57:13.976Z] [INDEXING-ORCHESTRATOR] [DEBUG] ✅ Chunk symbols after filtering: 0 symbols - 
[2025-11-28T04:57:13.975Z] [2025-11-28T04:57:13.976Z] [INDEXING-ORCHESTRATOR] [DEBUG] 📍 Chunk 257-282: 0 candidate symbols
[2025-11-28T04:57:13.975Z] [2025-11-28T04:57:13.976Z] [INDEXING-ORCHESTRATOR] [DEBUG] ✅ Chunk symbols after filtering: 0 symbols - 
[2025-11-28T04:57:13.975Z] [2025-11-28T04:57:13.976Z] [INDEXING-ORCHESTRATOR] [DEBUG] Created 5 semantic chunks for C:\Projects\educatedplanet\dataservice\src\services\admin-analytics.service.ts
[2025-11-28T04:57:13.975Z] [2025-11-28T04:57:13.976Z] [INDEXING-ORCHESTRATOR] [DEBUG] Average chunk size: 1440 characters
[2025-11-28T04:57:13.989Z] [2025-11-28T04:57:13.989Z] [TREESITTER-CHUNKER] [INFO] Created 4 semantic chunks from C:\Projects\educatedplanet\dataservice\src\services\auth.service.ts
[2025-11-28T04:57:14.021Z] [2025-11-28T04:57:14.022Z] [TREESITTER-FULL] [INFO] Extracted 7 symbols from C:\Projects\educatedplanet\dataservice\src\services\auth.service.ts
[2025-11-28T04:57:14.021Z] [2025-11-28T04:57:14.022Z] [INDEXING-ORCHESTRATOR] [DEBUG] 🔍 Symbol extraction for C:\Projects\educatedplanet\dataservice\src\services\auth.service.ts: 7 symbols, 4 imports
[2025-11-28T04:57:14.021Z] [2025-11-28T04:57:14.022Z] [INDEXING-ORCHESTRATOR] [DEBUG] 📍 Chunk 11-44: 3 candidate symbols
[2025-11-28T04:57:14.021Z] [2025-11-28T04:57:14.022Z] [INDEXING-ORCHESTRATOR] [DEBUG] ✅ Chunk symbols after filtering: 3 symbols - ensureDbInitialized, AuthSession, UserSessionResponse
[2025-11-28T04:57:14.021Z] [2025-11-28T04:57:14.022Z] [INDEXING-ORCHESTRATOR] [DEBUG] 📍 Chunk 49-115: 1 candidate symbols
[2025-11-28T04:57:14.021Z] [2025-11-28T04:57:14.022Z] [INDEXING-ORCHESTRATOR] [DEBUG] ✅ Chunk symbols after filtering: 1 symbols - authenticateUser
[2025-11-28T04:57:14.021Z] [2025-11-28T04:57:14.022Z] [INDEXING-ORCHESTRATOR] [DEBUG] 📍 Chunk 120-164: 1 candidate symbols
[2025-11-28T04:57:14.021Z] [2025-11-28T04:57:14.022Z] [INDEXING-ORCHESTRATOR] [DEBUG] ✅ Chunk symbols after filtering: 1 symbols - validateSession
[2025-11-28T04:57:14.021Z] [2025-11-28T04:57:14.022Z] [INDEXING-ORCHESTRATOR] [DEBUG] 📍 Chunk 169-210: 2 candidate symbols
[2025-11-28T04:57:14.021Z] [2025-11-28T04:57:14.022Z] [INDEXING-ORCHESTRATOR] [DEBUG] ✅ Chunk symbols after filtering: 2 symbols - invalidateSession, userExists
[2025-11-28T04:57:14.021Z] [2025-11-28T04:57:14.022Z] [INDEXING-ORCHESTRATOR] [DEBUG] Created 4 semantic chunks for C:\Projects\educatedplanet\dataservice\src\services\auth.service.ts
[2025-11-28T04:57:14.021Z] [2025-11-28T04:57:14.022Z] [INDEXING-ORCHESTRATOR] [DEBUG] Average chunk size: 1276 characters
[2025-11-28T04:57:14.042Z] [2025-11-28T04:57:14.042Z] [TREESITTER-CHUNKER] [INFO] 🔍 Found class: unknown (360 lines)
[2025-11-28T04:57:14.042Z] [2025-11-28T04:57:14.042Z] [TREESITTER-CHUNKER] [INFO] 📤 Splitting large class: unknown (360 lines > 150)
[2025-11-28T04:57:14.042Z] [2025-11-28T04:57:14.043Z] [TREESITTER-CHUNKER] [INFO] 🔧 Extracting methods from large class with 2 children
[2025-11-28T04:57:14.042Z] [2025-11-28T04:57:14.043Z] [TREESITTER-CHUNKER] [INFO] 🔍 Checking 40 nodes for methods (using class_body)
[2025-11-28T04:57:14.042Z] [2025-11-28T04:57:14.043Z] [TREESITTER-CHUNKER] [INFO]    Child type: comment at lines 22-24
[2025-11-28T04:57:14.042Z] [2025-11-28T04:57:14.043Z] [TREESITTER-CHUNKER] [INFO]    Child type: method_definition at lines 25-32
[2025-11-28T04:57:14.042Z] [2025-11-28T04:57:14.043Z] [TREESITTER-CHUNKER] [INFO]    🎯 Found method: unknown (8 lines, 219 chars)
[2025-11-28T04:57:14.042Z] [2025-11-28T04:57:14.043Z] [TREESITTER-CHUNKER] [INFO]    ✅ Added method chunk: unknown
[2025-11-28T04:57:14.042Z] [2025-11-28T04:57:14.043Z] [TREESITTER-CHUNKER] [INFO]    Child type: comment at lines 34-36
[2025-11-28T04:57:14.042Z] [2025-11-28T04:57:14.043Z] [TREESITTER-CHUNKER] [INFO]    Child type: method_definition at lines 37-39
[2025-11-28T04:57:14.042Z] [2025-11-28T04:57:14.043Z] [TREESITTER-CHUNKER] [INFO]    🎯 Found method: unknown (3 lines, 119 chars)
[2025-11-28T04:57:14.042Z] [2025-11-28T04:57:14.043Z] [TREESITTER-CHUNKER] [INFO]    ✅ Added method chunk: unknown
[2025-11-28T04:57:14.042Z] [2025-11-28T04:57:14.043Z] [TREESITTER-CHUNKER] [INFO]    Child type: comment at lines 41-43
[2025-11-28T04:57:14.042Z] [2025-11-28T04:57:14.043Z] [TREESITTER-CHUNKER] [INFO]    Child type: method_definition at lines 44-46
[2025-11-28T04:57:14.042Z] [2025-11-28T04:57:14.043Z] [TREESITTER-CHUNKER] [INFO]    🎯 Found method: unknown (3 lines, 129 chars)
[2025-11-28T04:57:14.042Z] [2025-11-28T04:57:14.043Z] [TREESITTER-CHUNKER] [INFO]    ✅ Added method chunk: unknown
[2025-11-28T04:57:14.042Z] [2025-11-28T04:57:14.043Z] [TREESITTER-CHUNKER] [INFO]    Child type: comment at lines 48-50
[2025-11-28T04:57:14.042Z] [2025-11-28T04:57:14.043Z] [TREESITTER-CHUNKER] [INFO]    Child type: method_definition at lines 51-53
[2025-11-28T04:57:14.042Z] [2025-11-28T04:57:14.043Z] [TREESITTER-CHUNKER] [INFO]    🎯 Found method: unknown (3 lines, 139 chars)
[2025-11-28T04:57:14.042Z] [2025-11-28T04:57:14.043Z] [TREESITTER-CHUNKER] [INFO]    ✅ Added method chunk: unknown
[2025-11-28T04:57:14.042Z] [2025-11-28T04:57:14.043Z] [TREESITTER-CHUNKER] [INFO]    Child type: comment at lines 55-57
[2025-11-28T04:57:14.042Z] [2025-11-28T04:57:14.043Z] [TREESITTER-CHUNKER] [INFO]    Child type: method_definition at lines 58-85
[2025-11-28T04:57:14.042Z] [2025-11-28T04:57:14.043Z] [TREESITTER-CHUNKER] [INFO]    🎯 Found method: unknown (28 lines, 788 chars)
[2025-11-28T04:57:14.042Z] [2025-11-28T04:57:14.043Z] [TREESITTER-CHUNKER] [INFO]    ✅ Added method chunk: unknown
[2025-11-28T04:57:14.042Z] [2025-11-28T04:57:14.043Z] [TREESITTER-CHUNKER] [INFO]    Child type: comment at lines 87-89
[2025-11-28T04:57:14.043Z] [2025-11-28T04:57:14.043Z] [TREESITTER-CHUNKER] [INFO]    Child type: method_definition at lines 90-109
[2025-11-28T04:57:14.043Z] [2025-11-28T04:57:14.043Z] [TREESITTER-CHUNKER] [INFO]    🎯 Found method: unknown (20 lines, 552 chars)
[2025-11-28T04:57:14.043Z] [2025-11-28T04:57:14.043Z] [TREESITTER-CHUNKER] [INFO]    ✅ Added method chunk: unknown
[2025-11-28T04:57:14.043Z] [2025-11-28T04:57:14.044Z] [TREESITTER-CHUNKER] [INFO]    Child type: comment at lines 111-113
[2025-11-28T04:57:14.043Z] [2025-11-28T04:57:14.044Z] [TREESITTER-CHUNKER] [INFO]    Child type: method_definition at lines 114-134
[2025-11-28T04:57:14.043Z] [2025-11-28T04:57:14.044Z] [TREESITTER-CHUNKER] [INFO]    🎯 Found method: unknown (21 lines, 582 chars)
[2025-11-28T04:57:14.043Z] [2025-11-28T04:57:14.044Z] [TREESITTER-CHUNKER] [INFO]    ✅ Added method chunk: unknown
[2025-11-28T04:57:14.043Z] [2025-11-28T04:57:14.044Z] [TREESITTER-CHUNKER] [INFO]    Child type: comment at lines 136-138
[2025-11-28T04:57:14.043Z] [2025-11-28T04:57:14.044Z] [TREESITTER-CHUNKER] [INFO]    Child type: method_definition at lines 139-159
[2025-11-28T04:57:14.043Z] [2025-11-28T04:57:14.044Z] [TREESITTER-CHUNKER] [INFO]    🎯 Found method: unknown (21 lines, 572 chars)
[2025-11-28T04:57:14.043Z] [2025-11-28T04:57:14.044Z] [TREESITTER-CHUNKER] [INFO]    ✅ Added method chunk: unknown
[2025-11-28T04:57:14.043Z] [2025-11-28T04:57:14.044Z] [TREESITTER-CHUNKER] [INFO]    Child type: comment at lines 161-163
[2025-11-28T04:57:14.043Z] [2025-11-28T04:57:14.044Z] [TREESITTER-CHUNKER] [INFO]    Child type: method_definition at lines 164-181
[2025-11-28T04:57:14.043Z] [2025-11-28T04:57:14.044Z] [TREESITTER-CHUNKER] [INFO]    🎯 Found method: unknown (18 lines, 462 chars)
[2025-11-28T04:57:14.043Z] [2025-11-28T04:57:14.044Z] [TREESITTER-CHUNKER] [INFO]    ✅ Added method chunk: unknown
[2025-11-28T04:57:14.043Z] [2025-11-28T04:57:14.044Z] [TREESITTER-CHUNKER] [INFO]    Child type: comment at lines 183-185
[2025-11-28T04:57:14.043Z] [2025-11-28T04:57:14.044Z] [TREESITTER-CHUNKER] [INFO]    Child type: method_definition at lines 186-189
[2025-11-28T04:57:14.043Z] [2025-11-28T04:57:14.044Z] [TREESITTER-CHUNKER] [INFO]    🎯 Found method: unknown (4 lines, 237 chars)
[2025-11-28T04:57:14.043Z] [2025-11-28T04:57:14.044Z] [TREESITTER-CHUNKER] [INFO]    ✅ Added method chunk: unknown
[2025-11-28T04:57:14.043Z] [2025-11-28T04:57:14.044Z] [TREESITTER-CHUNKER] [INFO]    Child type: comment at lines 191-193
[2025-11-28T04:57:14.043Z] [2025-11-28T04:57:14.044Z] [TREESITTER-CHUNKER] [INFO]    Child type: method_definition at lines 194-196
[2025-11-28T04:57:14.043Z] [2025-11-28T04:57:14.044Z] [TREESITTER-CHUNKER] [INFO]    🎯 Found method: unknown (3 lines, 125 chars)
[2025-11-28T04:57:14.043Z] [2025-11-28T04:57:14.044Z] [TREESITTER-CHUNKER] [INFO]    ✅ Added method chunk: unknown
[2025-11-28T04:57:14.043Z] [2025-11-28T04:57:14.044Z] [TREESITTER-CHUNKER] [INFO]    Child type: comment at lines 198-200
[2025-11-28T04:57:14.043Z] [2025-11-28T04:57:14.044Z] [TREESITTER-CHUNKER] [INFO]    Child type: method_definition at lines 201-212
[2025-11-28T04:57:14.043Z] [2025-11-28T04:57:14.044Z] [TREESITTER-CHUNKER] [INFO]    🎯 Found method: unknown (12 lines, 275 chars)
[2025-11-28T04:57:14.043Z] [2025-11-28T04:57:14.044Z] [TREESITTER-CHUNKER] [INFO]    ✅ Added method chunk: unknown
[2025-11-28T04:57:14.044Z] [2025-11-28T04:57:14.044Z] [TREESITTER-CHUNKER] [INFO]    Child type: comment at lines 214-216
[2025-11-28T04:57:14.044Z] [2025-11-28T04:57:14.044Z] [TREESITTER-CHUNKER] [INFO]    Child type: method_definition at lines 217-253
[2025-11-28T04:57:14.044Z] [2025-11-28T04:57:14.044Z] [TREESITTER-CHUNKER] [INFO]    🎯 Found method: unknown (37 lines, 953 chars)
[2025-11-28T04:57:14.044Z] [2025-11-28T04:57:14.044Z] [TREESITTER-CHUNKER] [INFO]    ✅ Added method chunk: unknown
[2025-11-28T04:57:14.044Z] [2025-11-28T04:57:14.045Z] [TREESITTER-CHUNKER] [INFO]    Child type: comment at lines 255-257
[2025-11-28T04:57:14.044Z] [2025-11-28T04:57:14.045Z] [TREESITTER-CHUNKER] [INFO]    Child type: method_definition at lines 258-260
[2025-11-28T04:57:14.044Z] [2025-11-28T04:57:14.045Z] [TREESITTER-CHUNKER] [INFO]    🎯 Found method: unknown (3 lines, 158 chars)
[2025-11-28T04:57:14.044Z] [2025-11-28T04:57:14.045Z] [TREESITTER-CHUNKER] [INFO]    ✅ Added method chunk: unknown
[2025-11-28T04:57:14.044Z] [2025-11-28T04:57:14.045Z] [TREESITTER-CHUNKER] [INFO]    Child type: comment at lines 262-264
[2025-11-28T04:57:14.044Z] [2025-11-28T04:57:14.045Z] [TREESITTER-CHUNKER] [INFO]    Child type: method_definition at lines 265-267
[2025-11-28T04:57:14.044Z] [2025-11-28T04:57:14.045Z] [TREESITTER-CHUNKER] [INFO]    🎯 Found method: unknown (3 lines, 119 chars)
[2025-11-28T04:57:14.044Z] [2025-11-28T04:57:14.045Z] [TREESITTER-CHUNKER] [INFO]    ✅ Added method chunk: unknown
[2025-11-28T04:57:14.044Z] [2025-11-28T04:57:14.045Z] [TREESITTER-CHUNKER] [INFO]    Child type: comment at lines 269-271
[2025-11-28T04:57:14.044Z] [2025-11-28T04:57:14.045Z] [TREESITTER-CHUNKER] [INFO]    Child type: method_definition at lines 272-277
[2025-11-28T04:57:14.044Z] [2025-11-28T04:57:14.045Z] [TREESITTER-CHUNKER] [INFO]    🎯 Found method: unknown (6 lines, 187 chars)
[2025-11-28T04:57:14.044Z] [2025-11-28T04:57:14.045Z] [TREESITTER-CHUNKER] [INFO]    ✅ Added method chunk: unknown
[2025-11-28T04:57:14.044Z] [2025-11-28T04:57:14.045Z] [TREESITTER-CHUNKER] [INFO]    Child type: method_definition at lines 279-284
[2025-11-28T04:57:14.044Z] [2025-11-28T04:57:14.045Z] [TREESITTER-CHUNKER] [INFO]    🎯 Found method: unknown (6 lines, 187 chars)
[2025-11-28T04:57:14.044Z] [2025-11-28T04:57:14.045Z] [TREESITTER-CHUNKER] [INFO]    ✅ Added method chunk: unknown
[2025-11-28T04:57:14.044Z] [2025-11-28T04:57:14.045Z] [TREESITTER-CHUNKER] [INFO]    Child type: method_definition at lines 286-294
[2025-11-28T04:57:14.044Z] [2025-11-28T04:57:14.045Z] [TREESITTER-CHUNKER] [INFO]    🎯 Found method: unknown (9 lines, 250 chars)
[2025-11-28T04:57:14.044Z] [2025-11-28T04:57:14.045Z] [TREESITTER-CHUNKER] [INFO]    ✅ Added method chunk: unknown
[2025-11-28T04:57:14.044Z] [2025-11-28T04:57:14.045Z] [TREESITTER-CHUNKER] [INFO]    Child type: comment at lines 296-298
[2025-11-28T04:57:14.044Z] [2025-11-28T04:57:14.045Z] [TREESITTER-CHUNKER] [INFO]    Child type: method_definition at lines 299-310
[2025-11-28T04:57:14.044Z] [2025-11-28T04:57:14.045Z] [TREESITTER-CHUNKER] [INFO]    🎯 Found method: unknown (12 lines, 409 chars)
[2025-11-28T04:57:14.044Z] [2025-11-28T04:57:14.045Z] [TREESITTER-CHUNKER] [INFO]    ✅ Added method chunk: unknown
[2025-11-28T04:57:14.044Z] [2025-11-28T04:57:14.045Z] [TREESITTER-CHUNKER] [INFO]    Child type: comment at lines 312-314
[2025-11-28T04:57:14.044Z] [2025-11-28T04:57:14.045Z] [TREESITTER-CHUNKER] [INFO]    Child type: method_definition at lines 315-333
[2025-11-28T04:57:14.045Z] [2025-11-28T04:57:14.045Z] [TREESITTER-CHUNKER] [INFO]    🎯 Found method: unknown (19 lines, 493 chars)
[2025-11-28T04:57:14.045Z] [2025-11-28T04:57:14.045Z] [TREESITTER-CHUNKER] [INFO]    ✅ Added method chunk: unknown
[2025-11-28T04:57:14.045Z] [2025-11-28T04:57:14.045Z] [TREESITTER-CHUNKER] [INFO]    Child type: comment at lines 335-337
[2025-11-28T04:57:14.045Z] [2025-11-28T04:57:14.045Z] [TREESITTER-CHUNKER] [INFO]    Child type: method_definition at lines 338-379
[2025-11-28T04:57:14.045Z] [2025-11-28T04:57:14.045Z] [TREESITTER-CHUNKER] [INFO]    🎯 Found method: unknown (42 lines, 1125 chars)
[2025-11-28T04:57:14.045Z] [2025-11-28T04:57:14.046Z] [TREESITTER-CHUNKER] [INFO]    ✅ Added method chunk: unknown
[2025-11-28T04:57:14.045Z] [2025-11-28T04:57:14.046Z] [TREESITTER-CHUNKER] [INFO] 🏁 Extracted 21 methods from large class
[2025-11-28T04:57:14.057Z] [2025-11-28T04:57:14.058Z] [TREESITTER-CHUNKER] [INFO] Created 8 semantic chunks from C:\Projects\educatedplanet\dataservice\src\services\admin-tutor.service.ts
[2025-11-28T04:57:14.117Z] [2025-11-28T04:57:14.118Z] [TREESITTER-FULL] [INFO] Extracted 1 symbols from C:\Projects\educatedplanet\dataservice\src\services\admin-tutor.service.ts
[2025-11-28T04:57:14.117Z] [2025-11-28T04:57:14.118Z] [INDEXING-ORCHESTRATOR] [DEBUG] 🔍 Symbol extraction for C:\Projects\educatedplanet\dataservice\src\services\admin-tutor.service.ts: 1 symbols, 4 imports
[2025-11-28T04:57:14.117Z] [2025-11-28T04:57:14.118Z] [INDEXING-ORCHESTRATOR] [DEBUG] 📍 Chunk 21-53: 0 candidate symbols
[2025-11-28T04:57:14.117Z] [2025-11-28T04:57:14.118Z] [INDEXING-ORCHESTRATOR] [DEBUG] ✅ Chunk symbols after filtering: 0 symbols - 
[2025-11-28T04:57:14.117Z] [2025-11-28T04:57:14.118Z] [INDEXING-ORCHESTRATOR] [DEBUG] 📍 Chunk 58-109: 0 candidate symbols
[2025-11-28T04:57:14.117Z] [2025-11-28T04:57:14.118Z] [INDEXING-ORCHESTRATOR] [DEBUG] ✅ Chunk symbols after filtering: 0 symbols - 
[2025-11-28T04:57:14.117Z] [2025-11-28T04:57:14.118Z] [INDEXING-ORCHESTRATOR] [DEBUG] 📍 Chunk 114-159: 0 candidate symbols
[2025-11-28T04:57:14.117Z] [2025-11-28T04:57:14.118Z] [INDEXING-ORCHESTRATOR] [DEBUG] ✅ Chunk symbols after filtering: 0 symbols - 
[2025-11-28T04:57:14.117Z] [2025-11-28T04:57:14.118Z] [INDEXING-ORCHESTRATOR] [DEBUG] 📍 Chunk 164-212: 0 candidate symbols
[2025-11-28T04:57:14.117Z] [2025-11-28T04:57:14.118Z] [INDEXING-ORCHESTRATOR] [DEBUG] ✅ Chunk symbols after filtering: 0 symbols - 
[2025-11-28T04:57:14.117Z] [2025-11-28T04:57:14.118Z] [INDEXING-ORCHESTRATOR] [DEBUG] 📍 Chunk 217-267: 0 candidate symbols
[2025-11-28T04:57:14.117Z] [2025-11-28T04:57:14.118Z] [INDEXING-ORCHESTRATOR] [DEBUG] ✅ Chunk symbols after filtering: 0 symbols - 
[2025-11-28T04:57:14.117Z] [2025-11-28T04:57:14.118Z] [INDEXING-ORCHESTRATOR] [DEBUG] 📍 Chunk 272-310: 0 candidate symbols
[2025-11-28T04:57:14.117Z] [2025-11-28T04:57:14.118Z] [INDEXING-ORCHESTRATOR] [DEBUG] ✅ Chunk symbols after filtering: 0 symbols - 
[2025-11-28T04:57:14.117Z] [2025-11-28T04:57:14.118Z] [INDEXING-ORCHESTRATOR] [DEBUG] 📍 Chunk 315-333: 0 candidate symbols
[2025-11-28T04:57:14.117Z] [2025-11-28T04:57:14.118Z] [INDEXING-ORCHESTRATOR] [DEBUG] ✅ Chunk symbols after filtering: 0 symbols - 
[2025-11-28T04:57:14.117Z] [2025-11-28T04:57:14.118Z] [INDEXING-ORCHESTRATOR] [DEBUG] 📍 Chunk 338-379: 0 candidate symbols
[2025-11-28T04:57:14.117Z] [2025-11-28T04:57:14.118Z] [INDEXING-ORCHESTRATOR] [DEBUG] ✅ Chunk symbols after filtering: 0 symbols - 
[2025-11-28T04:57:14.117Z] [2025-11-28T04:57:14.118Z] [INDEXING-ORCHESTRATOR] [DEBUG] Created 8 semantic chunks for C:\Projects\educatedplanet\dataservice\src\services\admin-tutor.service.ts
[2025-11-28T04:57:14.117Z] [2025-11-28T04:57:14.118Z] [INDEXING-ORCHESTRATOR] [DEBUG] Average chunk size: 1091 characters
[2025-11-28T04:57:14.122Z] [2025-11-28T04:57:14.122Z] [TREESITTER-CHUNKER] [INFO] 🔍 Found class: unknown (253 lines)
[2025-11-28T04:57:14.122Z] [2025-11-28T04:57:14.122Z] [TREESITTER-CHUNKER] [INFO] 📤 Splitting large class: unknown (253 lines > 150)
[2025-11-28T04:57:14.122Z] [2025-11-28T04:57:14.122Z] [TREESITTER-CHUNKER] [INFO] 🔧 Extracting methods from large class with 2 children
[2025-11-28T04:57:14.122Z] [2025-11-28T04:57:14.123Z] [TREESITTER-CHUNKER] [INFO] 🔍 Checking 28 nodes for methods (using class_body)
[2025-11-28T04:57:14.122Z] [2025-11-28T04:57:14.123Z] [TREESITTER-CHUNKER] [INFO]    Child type: public_field_definition at lines 15-15
[2025-11-28T04:57:14.122Z] [2025-11-28T04:57:14.123Z] [TREESITTER-CHUNKER] [INFO]    Child type: method_definition at lines 17-22
[2025-11-28T04:57:14.122Z] [2025-11-28T04:57:14.123Z] [TREESITTER-CHUNKER] [INFO]    🎯 Found method: unknown (6 lines, 144 chars)
[2025-11-28T04:57:14.122Z] [2025-11-28T04:57:14.123Z] [TREESITTER-CHUNKER] [INFO]    ✅ Added method chunk: unknown
[2025-11-28T04:57:14.122Z] [2025-11-28T04:57:14.123Z] [TREESITTER-CHUNKER] [INFO]    Child type: comment at lines 24-24
[2025-11-28T04:57:14.122Z] [2025-11-28T04:57:14.123Z] [TREESITTER-CHUNKER] [INFO]    Child type: method_definition at lines 25-40
[2025-11-28T04:57:14.122Z] [2025-11-28T04:57:14.123Z] [TREESITTER-CHUNKER] [INFO]    🎯 Found method: unknown (16 lines, 569 chars)
[2025-11-28T04:57:14.122Z] [2025-11-28T04:57:14.123Z] [TREESITTER-CHUNKER] [INFO]    ✅ Added method chunk: unknown
[2025-11-28T04:57:14.122Z] [2025-11-28T04:57:14.123Z] [TREESITTER-CHUNKER] [INFO]    Child type: comment at lines 42-42
[2025-11-28T04:57:14.122Z] [2025-11-28T04:57:14.123Z] [TREESITTER-CHUNKER] [INFO]    Child type: method_definition at lines 43-67
[2025-11-28T04:57:14.122Z] [2025-11-28T04:57:14.123Z] [TREESITTER-CHUNKER] [INFO]    🎯 Found method: unknown (25 lines, 933 chars)
[2025-11-28T04:57:14.122Z] [2025-11-28T04:57:14.123Z] [TREESITTER-CHUNKER] [INFO]    ✅ Added method chunk: unknown
[2025-11-28T04:57:14.122Z] [2025-11-28T04:57:14.123Z] [TREESITTER-CHUNKER] [INFO]    Child type: method_definition at lines 69-86
[2025-11-28T04:57:14.122Z] [2025-11-28T04:57:14.123Z] [TREESITTER-CHUNKER] [INFO]    🎯 Found method: unknown (18 lines, 623 chars)
[2025-11-28T04:57:14.122Z] [2025-11-28T04:57:14.123Z] [TREESITTER-CHUNKER] [INFO]    ✅ Added method chunk: unknown
[2025-11-28T04:57:14.122Z] [2025-11-28T04:57:14.123Z] [TREESITTER-CHUNKER] [INFO]    Child type: method_definition at lines 88-105
[2025-11-28T04:57:14.122Z] [2025-11-28T04:57:14.123Z] [TREESITTER-CHUNKER] [INFO]    🎯 Found method: unknown (18 lines, 585 chars)
[2025-11-28T04:57:14.122Z] [2025-11-28T04:57:14.123Z] [TREESITTER-CHUNKER] [INFO]    ✅ Added method chunk: unknown
[2025-11-28T04:57:14.122Z] [2025-11-28T04:57:14.123Z] [TREESITTER-CHUNKER] [INFO]    Child type: method_definition at lines 107-111
[2025-11-28T04:57:14.123Z] [2025-11-28T04:57:14.123Z] [TREESITTER-CHUNKER] [INFO]    🎯 Found method: unknown (5 lines, 199 chars)
[2025-11-28T04:57:14.123Z] [2025-11-28T04:57:14.123Z] [TREESITTER-CHUNKER] [INFO]    ✅ Added method chunk: unknown
[2025-11-28T04:57:14.123Z] [2025-11-28T04:57:14.124Z] [TREESITTER-CHUNKER] [INFO]    Child type: method_definition at lines 113-117
[2025-11-28T04:57:14.123Z] [2025-11-28T04:57:14.124Z] [TREESITTER-CHUNKER] [INFO]    🎯 Found method: unknown (5 lines, 207 chars)
[2025-11-28T04:57:14.123Z] [2025-11-28T04:57:14.124Z] [TREESITTER-CHUNKER] [INFO]    ✅ Added method chunk: unknown
[2025-11-28T04:57:14.124Z] [2025-11-28T04:57:14.124Z] [TREESITTER-CHUNKER] [INFO]    Child type: method_definition at lines 119-123
[2025-11-28T04:57:14.124Z] [2025-11-28T04:57:14.124Z] [TREESITTER-CHUNKER] [INFO]    🎯 Found method: unknown (5 lines, 220 chars)
[2025-11-28T04:57:14.124Z] [2025-11-28T04:57:14.124Z] [TREESITTER-CHUNKER] [INFO]    ✅ Added method chunk: unknown
[2025-11-28T04:57:14.124Z] [2025-11-28T04:57:14.124Z] [TREESITTER-CHUNKER] [INFO]    Child type: comment at lines 125-125
[2025-11-28T04:57:14.124Z] [2025-11-28T04:57:14.124Z] [TREESITTER-CHUNKER] [INFO]    Child type: method_definition at lines 126-146
[2025-11-28T04:57:14.124Z] [2025-11-28T04:57:14.125Z] [TREESITTER-CHUNKER] [INFO]    🎯 Found method: unknown (21 lines, 748 chars)
[2025-11-28T04:57:14.124Z] [2025-11-28T04:57:14.125Z] [TREESITTER-CHUNKER] [INFO]    ✅ Added method chunk: unknown
[2025-11-28T04:57:14.124Z] [2025-11-28T04:57:14.125Z] [TREESITTER-CHUNKER] [INFO]    Child type: method_definition at lines 148-153
[2025-11-28T04:57:14.124Z] [2025-11-28T04:57:14.125Z] [TREESITTER-CHUNKER] [INFO]    🎯 Found method: unknown (6 lines, 271 chars)
[2025-11-28T04:57:14.124Z] [2025-11-28T04:57:14.125Z] [TREESITTER-CHUNKER] [INFO]    ✅ Added method chunk: unknown
[2025-11-28T04:57:14.124Z] [2025-11-28T04:57:14.125Z] [TREESITTER-CHUNKER] [INFO]    Child type: method_definition at lines 155-173
[2025-11-28T04:57:14.124Z] [2025-11-28T04:57:14.125Z] [TREESITTER-CHUNKER] [INFO]    🎯 Found method: unknown (19 lines, 601 chars)
[2025-11-28T04:57:14.124Z] [2025-11-28T04:57:14.125Z] [TREESITTER-CHUNKER] [INFO]    ✅ Added method chunk: unknown
[2025-11-28T04:57:14.124Z] [2025-11-28T04:57:14.125Z] [TREESITTER-CHUNKER] [INFO]    Child type: method_definition at lines 175-179
[2025-11-28T04:57:14.124Z] [2025-11-28T04:57:14.125Z] [TREESITTER-CHUNKER] [INFO]    🎯 Found method: unknown (5 lines, 240 chars)
[2025-11-28T04:57:14.124Z] [2025-11-28T04:57:14.125Z] [TREESITTER-CHUNKER] [INFO]    ✅ Added method chunk: unknown
[2025-11-28T04:57:14.124Z] [2025-11-28T04:57:14.125Z] [TREESITTER-CHUNKER] [INFO]    Child type: comment at lines 181-181
[2025-11-28T04:57:14.124Z] [2025-11-28T04:57:14.125Z] [TREESITTER-CHUNKER] [INFO]    Child type: method_definition at lines 182-190
[2025-11-28T04:57:14.124Z] [2025-11-28T04:57:14.125Z] [TREESITTER-CHUNKER] [INFO]    🎯 Found method: unknown (9 lines, 301 chars)
[2025-11-28T04:57:14.124Z] [2025-11-28T04:57:14.125Z] [TREESITTER-CHUNKER] [INFO]    ✅ Added method chunk: unknown
[2025-11-28T04:57:14.124Z] [2025-11-28T04:57:14.125Z] [TREESITTER-CHUNKER] [INFO]    Child type: comment at lines 192-192
[2025-11-28T04:57:14.124Z] [2025-11-28T04:57:14.125Z] [TREESITTER-CHUNKER] [INFO]    Child type: method_definition at lines 193-196
[2025-11-28T04:57:14.124Z] [2025-11-28T04:57:14.125Z] [TREESITTER-CHUNKER] [INFO]    🎯 Found method: unknown (4 lines, 170 chars)
[2025-11-28T04:57:14.124Z] [2025-11-28T04:57:14.125Z] [TREESITTER-CHUNKER] [INFO]    ✅ Added method chunk: unknown
[2025-11-28T04:57:14.124Z] [2025-11-28T04:57:14.125Z] [TREESITTER-CHUNKER] [INFO]    Child type: method_definition at lines 198-213
[2025-11-28T04:57:14.124Z] [2025-11-28T04:57:14.125Z] [TREESITTER-CHUNKER] [INFO]    🎯 Found method: unknown (16 lines, 508 chars)
[2025-11-28T04:57:14.124Z] [2025-11-28T04:57:14.125Z] [TREESITTER-CHUNKER] [INFO]    ✅ Added method chunk: unknown
[2025-11-28T04:57:14.124Z] [2025-11-28T04:57:14.125Z] [TREESITTER-CHUNKER] [INFO]    Child type: method_definition at lines 215-234
[2025-11-28T04:57:14.124Z] [2025-11-28T04:57:14.125Z] [TREESITTER-CHUNKER] [INFO]    🎯 Found method: unknown (20 lines, 584 chars)
[2025-11-28T04:57:14.124Z] [2025-11-28T04:57:14.125Z] [TREESITTER-CHUNKER] [INFO]    ✅ Added method chunk: unknown
[2025-11-28T04:57:14.124Z] [2025-11-28T04:57:14.125Z] [TREESITTER-CHUNKER] [INFO]    Child type: comment at lines 236-236
[2025-11-28T04:57:14.124Z] [2025-11-28T04:57:14.125Z] [TREESITTER-CHUNKER] [INFO]    Child type: method_definition at lines 237-252
[2025-11-28T04:57:14.125Z] [2025-11-28T04:57:14.125Z] [TREESITTER-CHUNKER] [INFO]    🎯 Found method: unknown (16 lines, 501 chars)
[2025-11-28T04:57:14.125Z] [2025-11-28T04:57:14.125Z] [TREESITTER-CHUNKER] [INFO]    ✅ Added method chunk: unknown
[2025-11-28T04:57:14.125Z] [2025-11-28T04:57:14.125Z] [TREESITTER-CHUNKER] [INFO]    Child type: comment at lines 254-254
[2025-11-28T04:57:14.125Z] [2025-11-28T04:57:14.125Z] [TREESITTER-CHUNKER] [INFO]    Child type: method_definition at lines 255-259
[2025-11-28T04:57:14.125Z] [2025-11-28T04:57:14.125Z] [TREESITTER-CHUNKER] [INFO]    🎯 Found method: unknown (5 lines, 229 chars)
[2025-11-28T04:57:14.125Z] [2025-11-28T04:57:14.125Z] [TREESITTER-CHUNKER] [INFO]    ✅ Added method chunk: unknown
[2025-11-28T04:57:14.125Z] [2025-11-28T04:57:14.125Z] [TREESITTER-CHUNKER] [INFO]    Child type: comment at lines 261-261
[2025-11-28T04:57:14.125Z] [2025-11-28T04:57:14.126Z] [TREESITTER-CHUNKER] [INFO]    Child type: method_definition at lines 262-265
[2025-11-28T04:57:14.125Z] [2025-11-28T04:57:14.126Z] [TREESITTER-CHUNKER] [INFO]    🎯 Found method: unknown (4 lines, 162 chars)
[2025-11-28T04:57:14.125Z] [2025-11-28T04:57:14.126Z] [TREESITTER-CHUNKER] [INFO]    ✅ Added method chunk: unknown
[2025-11-28T04:57:14.125Z] [2025-11-28T04:57:14.126Z] [TREESITTER-CHUNKER] [INFO] 🏁 Extracted 19 methods from large class
[2025-11-28T04:57:14.139Z] [2025-11-28T04:57:14.140Z] [TREESITTER-CHUNKER] [INFO] Created 8 semantic chunks from C:\Projects\educatedplanet\dataservice\src\services\class.service.ts
[2025-11-28T04:57:14.191Z] [2025-11-28T04:57:14.191Z] [TREESITTER-FULL] [INFO] Extracted 2 symbols from C:\Projects\educatedplanet\dataservice\src\services\class.service.ts
[2025-11-28T04:57:14.191Z] [2025-11-28T04:57:14.191Z] [INDEXING-ORCHESTRATOR] [DEBUG] 🔍 Symbol extraction for C:\Projects\educatedplanet\dataservice\src\services\class.service.ts: 2 symbols, 3 imports
[2025-11-28T04:57:14.191Z] [2025-11-28T04:57:14.191Z] [INDEXING-ORCHESTRATOR] [DEBUG] 📍 Chunk 14-40: 0 candidate symbols
[2025-11-28T04:57:14.191Z] [2025-11-28T04:57:14.191Z] [INDEXING-ORCHESTRATOR] [DEBUG] ✅ Chunk symbols after filtering: 0 symbols - 
[2025-11-28T04:57:14.191Z] [2025-11-28T04:57:14.191Z] [INDEXING-ORCHESTRATOR] [DEBUG] 📍 Chunk 43-67: 0 candidate symbols
[2025-11-28T04:57:14.191Z] [2025-11-28T04:57:14.192Z] [INDEXING-ORCHESTRATOR] [DEBUG] ✅ Chunk symbols after filtering: 0 symbols - 
[2025-11-28T04:57:14.191Z] [2025-11-28T04:57:14.192Z] [INDEXING-ORCHESTRATOR] [DEBUG] 📍 Chunk 69-111: 0 candidate symbols
[2025-11-28T04:57:14.191Z] [2025-11-28T04:57:14.192Z] [INDEXING-ORCHESTRATOR] [DEBUG] ✅ Chunk symbols after filtering: 0 symbols - 
[2025-11-28T04:57:14.191Z] [2025-11-28T04:57:14.192Z] [INDEXING-ORCHESTRATOR] [DEBUG] 📍 Chunk 113-153: 0 candidate symbols
[2025-11-28T04:57:14.191Z] [2025-11-28T04:57:14.192Z] [INDEXING-ORCHESTRATOR] [DEBUG] ✅ Chunk symbols after filtering: 0 symbols - 
[2025-11-28T04:57:14.191Z] [2025-11-28T04:57:14.192Z] [INDEXING-ORCHESTRATOR] [DEBUG] 📍 Chunk 155-196: 0 candidate symbols
[2025-11-28T04:57:14.191Z] [2025-11-28T04:57:14.192Z] [INDEXING-ORCHESTRATOR] [DEBUG] ✅ Chunk symbols after filtering: 0 symbols - 
[2025-11-28T04:57:14.191Z] [2025-11-28T04:57:14.192Z] [INDEXING-ORCHESTRATOR] [DEBUG] 📍 Chunk 198-234: 0 candidate symbols
[2025-11-28T04:57:14.191Z] [2025-11-28T04:57:14.192Z] [INDEXING-ORCHESTRATOR] [DEBUG] ✅ Chunk symbols after filtering: 0 symbols - 
[2025-11-28T04:57:14.191Z] [2025-11-28T04:57:14.192Z] [INDEXING-ORCHESTRATOR] [DEBUG] 📍 Chunk 237-265: 0 candidate symbols
[2025-11-28T04:57:14.191Z] [2025-11-28T04:57:14.192Z] [INDEXING-ORCHESTRATOR] [DEBUG] ✅ Chunk symbols after filtering: 0 symbols - 
[2025-11-28T04:57:14.191Z] [2025-11-28T04:57:14.192Z] [INDEXING-ORCHESTRATOR] [DEBUG] 📍 Chunk 266-269: 1 candidate symbols
[2025-11-28T04:57:14.191Z] [2025-11-28T04:57:14.192Z] [INDEXING-ORCHESTRATOR] [DEBUG] ✅ Chunk symbols after filtering: 1 symbols - classService
[2025-11-28T04:57:14.191Z] [2025-11-28T04:57:14.192Z] [INDEXING-ORCHESTRATOR] [DEBUG] Created 8 semantic chunks for C:\Projects\educatedplanet\dataservice\src\services\class.service.ts
[2025-11-28T04:57:14.191Z] [2025-11-28T04:57:14.192Z] [INDEXING-ORCHESTRATOR] [DEBUG] Average chunk size: 1021 characters
[2025-11-28T04:57:14.193Z] [2025-11-28T04:57:14.193Z] [TREESITTER-CHUNKER] [INFO] 🔍 Found class: unknown (213 lines)
[2025-11-28T04:57:14.193Z] [2025-11-28T04:57:14.193Z] [TREESITTER-CHUNKER] [INFO] 📤 Splitting large class: unknown (213 lines > 150)
[2025-11-28T04:57:14.193Z] [2025-11-28T04:57:14.194Z] [TREESITTER-CHUNKER] [INFO] 🔧 Extracting methods from large class with 2 children
[2025-11-28T04:57:14.193Z] [2025-11-28T04:57:14.194Z] [TREESITTER-CHUNKER] [INFO] 🔍 Checking 22 nodes for methods (using class_body)
[2025-11-28T04:57:14.193Z] [2025-11-28T04:57:14.194Z] [TREESITTER-CHUNKER] [INFO]    Child type: public_field_definition at lines 13-13
[2025-11-28T04:57:14.193Z] [2025-11-28T04:57:14.194Z] [TREESITTER-CHUNKER] [INFO]    Child type: public_field_definition at lines 14-14
[2025-11-28T04:57:14.193Z] [2025-11-28T04:57:14.194Z] [TREESITTER-CHUNKER] [INFO]    Child type: public_field_definition at lines 15-15
[2025-11-28T04:57:14.193Z] [2025-11-28T04:57:14.194Z] [TREESITTER-CHUNKER] [INFO]    Child type: public_field_definition at lines 16-16
[2025-11-28T04:57:14.193Z] [2025-11-28T04:57:14.194Z] [TREESITTER-CHUNKER] [INFO]    Child type: comment at lines 16-16
[2025-11-28T04:57:14.193Z] [2025-11-28T04:57:14.194Z] [TREESITTER-CHUNKER] [INFO]    Child type: method_definition at lines 18-18
[2025-11-28T04:57:14.193Z] [2025-11-28T04:57:14.194Z] [TREESITTER-CHUNKER] [INFO]    🎯 Found method: unknown (1 lines, 24 chars)
[2025-11-28T04:57:14.193Z] [2025-11-28T04:57:14.194Z] [TREESITTER-CHUNKER] [INFO]    ❌ Method too small: unknown (24 < 30)
[2025-11-28T04:57:14.193Z] [2025-11-28T04:57:14.194Z] [TREESITTER-CHUNKER] [INFO]    Child type: comment at lines 20-22
[2025-11-28T04:57:14.193Z] [2025-11-28T04:57:14.194Z] [TREESITTER-CHUNKER] [INFO]    Child type: method_definition at lines 23-28
[2025-11-28T04:57:14.193Z] [2025-11-28T04:57:14.194Z] [TREESITTER-CHUNKER] [INFO]    🎯 Found method: unknown (6 lines, 186 chars)
[2025-11-28T04:57:14.193Z] [2025-11-28T04:57:14.194Z] [TREESITTER-CHUNKER] [INFO]    ✅ Added method chunk: unknown
[2025-11-28T04:57:14.193Z] [2025-11-28T04:57:14.194Z] [TREESITTER-CHUNKER] [INFO]    Child type: comment at lines 30-32
[2025-11-28T04:57:14.193Z] [2025-11-28T04:57:14.194Z] [TREESITTER-CHUNKER] [INFO]    Child type: method_definition at lines 33-74
[2025-11-28T04:57:14.193Z] [2025-11-28T04:57:14.194Z] [TREESITTER-CHUNKER] [INFO]    🎯 Found method: unknown (42 lines, 1256 chars)
[2025-11-28T04:57:14.193Z] [2025-11-28T04:57:14.194Z] [TREESITTER-CHUNKER] [INFO]    ✅ Added method chunk: unknown
[2025-11-28T04:57:14.193Z] [2025-11-28T04:57:14.194Z] [TREESITTER-CHUNKER] [INFO]    Child type: comment at lines 76-78
[2025-11-28T04:57:14.193Z] [2025-11-28T04:57:14.194Z] [TREESITTER-CHUNKER] [INFO]    Child type: method_definition at lines 79-92
[2025-11-28T04:57:14.193Z] [2025-11-28T04:57:14.194Z] [TREESITTER-CHUNKER] [INFO]    🎯 Found method: unknown (14 lines, 336 chars)
[2025-11-28T04:57:14.193Z] [2025-11-28T04:57:14.194Z] [TREESITTER-CHUNKER] [INFO]    ✅ Added method chunk: unknown
[2025-11-28T04:57:14.193Z] [2025-11-28T04:57:14.194Z] [TREESITTER-CHUNKER] [INFO]    Child type: comment at lines 94-96
[2025-11-28T04:57:14.193Z] [2025-11-28T04:57:14.194Z] [TREESITTER-CHUNKER] [INFO]    Child type: method_definition at lines 97-99
[2025-11-28T04:57:14.193Z] [2025-11-28T04:57:14.194Z] [TREESITTER-CHUNKER] [INFO]    🎯 Found method: unknown (3 lines, 111 chars)
[2025-11-28T04:57:14.193Z] [2025-11-28T04:57:14.194Z] [TREESITTER-CHUNKER] [INFO]    ✅ Added method chunk: unknown
[2025-11-28T04:57:14.194Z] [2025-11-28T04:57:14.194Z] [TREESITTER-CHUNKER] [INFO]    Child type: comment at lines 101-103
[2025-11-28T04:57:14.194Z] [2025-11-28T04:57:14.194Z] [TREESITTER-CHUNKER] [INFO]    Child type: method_definition at lines 104-112
[2025-11-28T04:57:14.194Z] [2025-11-28T04:57:14.194Z] [TREESITTER-CHUNKER] [INFO]    🎯 Found method: unknown (9 lines, 252 chars)
[2025-11-28T04:57:14.194Z] [2025-11-28T04:57:14.194Z] [TREESITTER-CHUNKER] [INFO]    ✅ Added method chunk: unknown
[2025-11-28T04:57:14.194Z] [2025-11-28T04:57:14.194Z] [TREESITTER-CHUNKER] [INFO]    Child type: comment at lines 114-116
[2025-11-28T04:57:14.194Z] [2025-11-28T04:57:14.195Z] [TREESITTER-CHUNKER] [INFO]    Child type: method_definition at lines 117-141
[2025-11-28T04:57:14.194Z] [2025-11-28T04:57:14.195Z] [TREESITTER-CHUNKER] [INFO]    🎯 Found method: unknown (25 lines, 657 chars)
[2025-11-28T04:57:14.194Z] [2025-11-28T04:57:14.195Z] [TREESITTER-CHUNKER] [INFO]    ✅ Added method chunk: unknown
[2025-11-28T04:57:14.194Z] [2025-11-28T04:57:14.195Z] [TREESITTER-CHUNKER] [INFO]    Child type: comment at lines 143-145
[2025-11-28T04:57:14.194Z] [2025-11-28T04:57:14.195Z] [TREESITTER-CHUNKER] [INFO]    Child type: method_definition at lines 146-204
[2025-11-28T04:57:14.194Z] [2025-11-28T04:57:14.195Z] [TREESITTER-CHUNKER] [INFO]    🎯 Found method: unknown (59 lines, 1825 chars)
[2025-11-28T04:57:14.194Z] [2025-11-28T04:57:14.195Z] [TREESITTER-CHUNKER] [INFO]    ✅ Added method chunk: unknown
[2025-11-28T04:57:14.194Z] [2025-11-28T04:57:14.195Z] [TREESITTER-CHUNKER] [INFO]    Child type: comment at lines 206-208
[2025-11-28T04:57:14.194Z] [2025-11-28T04:57:14.195Z] [TREESITTER-CHUNKER] [INFO]    Child type: method_definition at lines 209-223
[2025-11-28T04:57:14.194Z] [2025-11-28T04:57:14.195Z] [TREESITTER-CHUNKER] [INFO]    🎯 Found method: unknown (15 lines, 414 chars)
[2025-11-28T04:57:14.194Z] [2025-11-28T04:57:14.195Z] [TREESITTER-CHUNKER] [INFO]    ✅ Added method chunk: unknown
[2025-11-28T04:57:14.194Z] [2025-11-28T04:57:14.195Z] [TREESITTER-CHUNKER] [INFO] 🏁 Extracted 8 methods from large class
[2025-11-28T04:57:14.199Z] [2025-11-28T04:57:14.200Z] [TREESITTER-CHUNKER] [INFO] Created 8 semantic chunks from C:\Projects\educatedplanet\dataservice\src\services\database.service.ts
[2025-11-28T04:57:14.227Z] [2025-11-28T04:57:14.228Z] [TREESITTER-FULL] [INFO] Extracted 3 symbols from C:\Projects\educatedplanet\dataservice\src\services\database.service.ts
[2025-11-28T04:57:14.227Z] [2025-11-28T04:57:14.228Z] [INDEXING-ORCHESTRATOR] [DEBUG] 🔍 Symbol extraction for C:\Projects\educatedplanet\dataservice\src\services\database.service.ts: 3 symbols, 1 imports
[2025-11-28T04:57:14.227Z] [2025-11-28T04:57:14.228Z] [INDEXING-ORCHESTRATOR] [DEBUG] 📍 Chunk 3-7: 1 candidate symbols
[2025-11-28T04:57:14.228Z] [2025-11-28T04:57:14.228Z] [INDEXING-ORCHESTRATOR] [DEBUG] ✅ Chunk symbols after filtering: 1 symbols - DatabaseConfig
[2025-11-28T04:57:14.228Z] [2025-11-28T04:57:14.228Z] [INDEXING-ORCHESTRATOR] [DEBUG] 📍 Chunk 12-28: 0 candidate symbols
[2025-11-28T04:57:14.228Z] [2025-11-28T04:57:14.228Z] [INDEXING-ORCHESTRATOR] [DEBUG] ✅ Chunk symbols after filtering: 0 symbols - 
[2025-11-28T04:57:14.228Z] [2025-11-28T04:57:14.228Z] [INDEXING-ORCHESTRATOR] [DEBUG] 📍 Chunk 33-74: 0 candidate symbols
[2025-11-28T04:57:14.228Z] [2025-11-28T04:57:14.228Z] [INDEXING-ORCHESTRATOR] [DEBUG] ✅ Chunk symbols after filtering: 0 symbols - 
[2025-11-28T04:57:14.228Z] [2025-11-28T04:57:14.228Z] [INDEXING-ORCHESTRATOR] [DEBUG] 📍 Chunk 79-112: 0 candidate symbols
[2025-11-28T04:57:14.228Z] [2025-11-28T04:57:14.228Z] [INDEXING-ORCHESTRATOR] [DEBUG] ✅ Chunk symbols after filtering: 0 symbols - 
[2025-11-28T04:57:14.228Z] [2025-11-28T04:57:14.228Z] [INDEXING-ORCHESTRATOR] [DEBUG] 📍 Chunk 117-141: 0 candidate symbols
[2025-11-28T04:57:14.228Z] [2025-11-28T04:57:14.228Z] [INDEXING-ORCHESTRATOR] [DEBUG] ✅ Chunk symbols after filtering: 0 symbols - 
[2025-11-28T04:57:14.228Z] [2025-11-28T04:57:14.228Z] [INDEXING-ORCHESTRATOR] [DEBUG] 📍 Chunk 146-204: 0 candidate symbols
[2025-11-28T04:57:14.228Z] [2025-11-28T04:57:14.228Z] [INDEXING-ORCHESTRATOR] [DEBUG] ✅ Chunk symbols after filtering: 0 symbols - 
[2025-11-28T04:57:14.228Z] [2025-11-28T04:57:14.228Z] [INDEXING-ORCHESTRATOR] [DEBUG] 📍 Chunk 209-223: 0 candidate symbols
[2025-11-28T04:57:14.228Z] [2025-11-28T04:57:14.228Z] [INDEXING-ORCHESTRATOR] [DEBUG] ✅ Chunk symbols after filtering: 0 symbols - 
[2025-11-28T04:57:14.228Z] [2025-11-28T04:57:14.228Z] [INDEXING-ORCHESTRATOR] [DEBUG] 📍 Chunk 224-227: 1 candidate symbols
[2025-11-28T04:57:14.228Z] [2025-11-28T04:57:14.228Z] [INDEXING-ORCHESTRATOR] [DEBUG] ✅ Chunk symbols after filtering: 1 symbols - databaseService
[2025-11-28T04:57:14.228Z] [2025-11-28T04:57:14.228Z] [INDEXING-ORCHESTRATOR] [DEBUG] Created 8 semantic chunks for C:\Projects\educatedplanet\dataservice\src\services\database.service.ts
[2025-11-28T04:57:14.228Z] [2025-11-28T04:57:14.228Z] [INDEXING-ORCHESTRATOR] [DEBUG] Average chunk size: 701 characters
[2025-11-28T04:57:14.228Z] [2025-11-28T04:57:14.228Z] [INDEXING-ORCHESTRATOR] [DEBUG] 📊 Processed: 270/324 files
[2025-11-28T04:57:14.238Z] [2025-11-28T04:57:14.238Z] [TREESITTER-CHUNKER] [INFO] 🔍 Found class: unknown (320 lines)
[2025-11-28T04:57:14.238Z] [2025-11-28T04:57:14.238Z] [TREESITTER-CHUNKER] [INFO] 📤 Splitting large class: unknown (320 lines > 150)
[2025-11-28T04:57:14.238Z] [2025-11-28T04:57:14.238Z] [TREESITTER-CHUNKER] [INFO] 🔧 Extracting methods from large class with 2 children
[2025-11-28T04:57:14.238Z] [2025-11-28T04:57:14.239Z] [TREESITTER-CHUNKER] [INFO] 🔍 Checking 46 nodes for methods (using class_body)
[2025-11-28T04:57:14.238Z] [2025-11-28T04:57:14.239Z] [TREESITTER-CHUNKER] [INFO]    Child type: public_field_definition at lines 14-14
[2025-11-28T04:57:14.238Z] [2025-11-28T04:57:14.239Z] [TREESITTER-CHUNKER] [INFO]    Child type: method_definition at lines 16-21
[2025-11-28T04:57:14.238Z] [2025-11-28T04:57:14.239Z] [TREESITTER-CHUNKER] [INFO]    🎯 Found method: unknown (6 lines, 172 chars)
[2025-11-28T04:57:14.238Z] [2025-11-28T04:57:14.239Z] [TREESITTER-CHUNKER] [INFO]    ✅ Added method chunk: unknown
[2025-11-28T04:57:14.238Z] [2025-11-28T04:57:14.239Z] [TREESITTER-CHUNKER] [INFO]    Child type: comment at lines 23-25
[2025-11-28T04:57:14.238Z] [2025-11-28T04:57:14.239Z] [TREESITTER-CHUNKER] [INFO]    Child type: method_definition at lines 26-38
[2025-11-28T04:57:14.238Z] [2025-11-28T04:57:14.239Z] [TREESITTER-CHUNKER] [INFO]    🎯 Found method: unknown (13 lines, 500 chars)
[2025-11-28T04:57:14.238Z] [2025-11-28T04:57:14.239Z] [TREESITTER-CHUNKER] [INFO]    ✅ Added method chunk: unknown
[2025-11-28T04:57:14.238Z] [2025-11-28T04:57:14.239Z] [TREESITTER-CHUNKER] [INFO]    Child type: comment at lines 39-41
[2025-11-28T04:57:14.238Z] [2025-11-28T04:57:14.239Z] [TREESITTER-CHUNKER] [INFO]    Child type: method_definition at lines 42-72
[2025-11-28T04:57:14.238Z] [2025-11-28T04:57:14.239Z] [TREESITTER-CHUNKER] [INFO]    🎯 Found method: unknown (31 lines, 955 chars)
[2025-11-28T04:57:14.238Z] [2025-11-28T04:57:14.239Z] [TREESITTER-CHUNKER] [INFO]    ✅ Added method chunk: unknown
[2025-11-28T04:57:14.238Z] [2025-11-28T04:57:14.239Z] [TREESITTER-CHUNKER] [INFO]    Child type: comment at lines 74-76
[2025-11-28T04:57:14.238Z] [2025-11-28T04:57:14.239Z] [TREESITTER-CHUNKER] [INFO]    Child type: method_definition at lines 77-82
[2025-11-28T04:57:14.238Z] [2025-11-28T04:57:14.239Z] [TREESITTER-CHUNKER] [INFO]    🎯 Found method: unknown (6 lines, 237 chars)
[2025-11-28T04:57:14.238Z] [2025-11-28T04:57:14.239Z] [TREESITTER-CHUNKER] [INFO]    ✅ Added method chunk: unknown
[2025-11-28T04:57:14.238Z] [2025-11-28T04:57:14.239Z] [TREESITTER-CHUNKER] [INFO]    Child type: comment at lines 84-86
[2025-11-28T04:57:14.238Z] [2025-11-28T04:57:14.239Z] [TREESITTER-CHUNKER] [INFO]    Child type: method_definition at lines 87-98
[2025-11-28T04:57:14.238Z] [2025-11-28T04:57:14.239Z] [TREESITTER-CHUNKER] [INFO]    🎯 Found method: unknown (12 lines, 349 chars)
[2025-11-28T04:57:14.238Z] [2025-11-28T04:57:14.239Z] [TREESITTER-CHUNKER] [INFO]    ✅ Added method chunk: unknown
[2025-11-28T04:57:14.238Z] [2025-11-28T04:57:14.239Z] [TREESITTER-CHUNKER] [INFO]    Child type: comment at lines 100-102
[2025-11-28T04:57:14.238Z] [2025-11-28T04:57:14.239Z] [TREESITTER-CHUNKER] [INFO]    Child type: method_definition at lines 103-109
[2025-11-28T04:57:14.238Z] [2025-11-28T04:57:14.239Z] [TREESITTER-CHUNKER] [INFO]    🎯 Found method: unknown (7 lines, 206 chars)
[2025-11-28T04:57:14.238Z] [2025-11-28T04:57:14.239Z] [TREESITTER-CHUNKER] [INFO]    ✅ Added method chunk: unknown
[2025-11-28T04:57:14.238Z] [2025-11-28T04:57:14.239Z] [TREESITTER-CHUNKER] [INFO]    Child type: comment at lines 111-113
[2025-11-28T04:57:14.239Z] [2025-11-28T04:57:14.239Z] [TREESITTER-CHUNKER] [INFO]    Child type: method_definition at lines 114-117
[2025-11-28T04:57:14.239Z] [2025-11-28T04:57:14.239Z] [TREESITTER-CHUNKER] [INFO]    🎯 Found method: unknown (4 lines, 207 chars)
[2025-11-28T04:57:14.239Z] [2025-11-28T04:57:14.239Z] [TREESITTER-CHUNKER] [INFO]    ✅ Added method chunk: unknown
[2025-11-28T04:57:14.239Z] [2025-11-28T04:57:14.239Z] [TREESITTER-CHUNKER] [INFO]    Child type: comment at lines 119-121
[2025-11-28T04:57:14.239Z] [2025-11-28T04:57:14.239Z] [TREESITTER-CHUNKER] [INFO]    Child type: method_definition at lines 122-129
[2025-11-28T04:57:14.239Z] [2025-11-28T04:57:14.240Z] [TREESITTER-CHUNKER] [INFO]    🎯 Found method: unknown (8 lines, 344 chars)
[2025-11-28T04:57:14.239Z] [2025-11-28T04:57:14.240Z] [TREESITTER-CHUNKER] [INFO]    ✅ Added method chunk: unknown
[2025-11-28T04:57:14.239Z] [2025-11-28T04:57:14.240Z] [TREESITTER-CHUNKER] [INFO]    Child type: comment at lines 131-133
[2025-11-28T04:57:14.239Z] [2025-11-28T04:57:14.240Z] [TREESITTER-CHUNKER] [INFO]    Child type: method_definition at lines 134-156
[2025-11-28T04:57:14.239Z] [2025-11-28T04:57:14.240Z] [TREESITTER-CHUNKER] [INFO]    🎯 Found method: unknown (23 lines, 728 chars)
[2025-11-28T04:57:14.239Z] [2025-11-28T04:57:14.240Z] [TREESITTER-CHUNKER] [INFO]    ✅ Added method chunk: unknown
[2025-11-28T04:57:14.239Z] [2025-11-28T04:57:14.240Z] [TREESITTER-CHUNKER] [INFO]    Child type: comment at lines 158-160
[2025-11-28T04:57:14.239Z] [2025-11-28T04:57:14.240Z] [TREESITTER-CHUNKER] [INFO]    Child type: method_definition at lines 161-173
[2025-11-28T04:57:14.239Z] [2025-11-28T04:57:14.240Z] [TREESITTER-CHUNKER] [INFO]    🎯 Found method: unknown (13 lines, 558 chars)
[2025-11-28T04:57:14.239Z] [2025-11-28T04:57:14.240Z] [TREESITTER-CHUNKER] [INFO]    ✅ Added method chunk: unknown
[2025-11-28T04:57:14.239Z] [2025-11-28T04:57:14.240Z] [TREESITTER-CHUNKER] [INFO]    Child type: comment at lines 175-177
[2025-11-28T04:57:14.239Z] [2025-11-28T04:57:14.240Z] [TREESITTER-CHUNKER] [INFO]    Child type: method_definition at lines 178-181
[2025-11-28T04:57:14.239Z] [2025-11-28T04:57:14.240Z] [TREESITTER-CHUNKER] [INFO]    🎯 Found method: unknown (4 lines, 238 chars)
[2025-11-28T04:57:14.239Z] [2025-11-28T04:57:14.240Z] [TREESITTER-CHUNKER] [INFO]    ✅ Added method chunk: unknown
[2025-11-28T04:57:14.239Z] [2025-11-28T04:57:14.240Z] [TREESITTER-CHUNKER] [INFO]    Child type: comment at lines 183-185
[2025-11-28T04:57:14.239Z] [2025-11-28T04:57:14.240Z] [TREESITTER-CHUNKER] [INFO]    Child type: method_definition at lines 186-189
[2025-11-28T04:57:14.239Z] [2025-11-28T04:57:14.240Z] [TREESITTER-CHUNKER] [INFO]    🎯 Found method: unknown (4 lines, 259 chars)
[2025-11-28T04:57:14.239Z] [2025-11-28T04:57:14.240Z] [TREESITTER-CHUNKER] [INFO]    ✅ Added method chunk: unknown
[2025-11-28T04:57:14.239Z] [2025-11-28T04:57:14.240Z] [TREESITTER-CHUNKER] [INFO]    Child type: comment at lines 191-193
[2025-11-28T04:57:14.239Z] [2025-11-28T04:57:14.240Z] [TREESITTER-CHUNKER] [INFO]    Child type: method_definition at lines 194-196
[2025-11-28T04:57:14.239Z] [2025-11-28T04:57:14.240Z] [TREESITTER-CHUNKER] [INFO]    🎯 Found method: unknown (3 lines, 121 chars)
[2025-11-28T04:57:14.239Z] [2025-11-28T04:57:14.240Z] [TREESITTER-CHUNKER] [INFO]    ✅ Added method chunk: unknown
[2025-11-28T04:57:14.239Z] [2025-11-28T04:57:14.240Z] [TREESITTER-CHUNKER] [INFO]    Child type: comment at lines 198-200
[2025-11-28T04:57:14.239Z] [2025-11-28T04:57:14.240Z] [TREESITTER-CHUNKER] [INFO]    Child type: method_definition at lines 201-203
[2025-11-28T04:57:14.239Z] [2025-11-28T04:57:14.240Z] [TREESITTER-CHUNKER] [INFO]    🎯 Found method: unknown (3 lines, 125 chars)
[2025-11-28T04:57:14.239Z] [2025-11-28T04:57:14.240Z] [TREESITTER-CHUNKER] [INFO]    ✅ Added method chunk: unknown
[2025-11-28T04:57:14.239Z] [2025-11-28T04:57:14.240Z] [TREESITTER-CHUNKER] [INFO]    Child type: comment at lines 205-207
[2025-11-28T04:57:14.239Z] [2025-11-28T04:57:14.240Z] [TREESITTER-CHUNKER] [INFO]    Child type: method_definition at lines 208-210
[2025-11-28T04:57:14.239Z] [2025-11-28T04:57:14.240Z] [TREESITTER-CHUNKER] [INFO]    🎯 Found method: unknown (3 lines, 129 chars)
[2025-11-28T04:57:14.239Z] [2025-11-28T04:57:14.240Z] [TREESITTER-CHUNKER] [INFO]    ✅ Added method chunk: unknown
[2025-11-28T04:57:14.239Z] [2025-11-28T04:57:14.240Z] [TREESITTER-CHUNKER] [INFO]    Child type: comment at lines 212-214
[2025-11-28T04:57:14.239Z] [2025-11-28T04:57:14.240Z] [TREESITTER-CHUNKER] [INFO]    Child type: method_definition at lines 215-228
[2025-11-28T04:57:14.240Z] [2025-11-28T04:57:14.240Z] [TREESITTER-CHUNKER] [INFO]    🎯 Found method: unknown (14 lines, 455 chars)
[2025-11-28T04:57:14.240Z] [2025-11-28T04:57:14.240Z] [TREESITTER-CHUNKER] [INFO]    ✅ Added method chunk: unknown
[2025-11-28T04:57:14.240Z] [2025-11-28T04:57:14.240Z] [TREESITTER-CHUNKER] [INFO]    Child type: comment at lines 230-232
[2025-11-28T04:57:14.240Z] [2025-11-28T04:57:14.241Z] [TREESITTER-CHUNKER] [INFO]    Child type: method_definition at lines 233-240
[2025-11-28T04:57:14.240Z] [2025-11-28T04:57:14.241Z] [TREESITTER-CHUNKER] [INFO]    🎯 Found method: unknown (8 lines, 216 chars)
[2025-11-28T04:57:14.240Z] [2025-11-28T04:57:14.241Z] [TREESITTER-CHUNKER] [INFO]    ✅ Added method chunk: unknown
[2025-11-28T04:57:14.240Z] [2025-11-28T04:57:14.241Z] [TREESITTER-CHUNKER] [INFO]    Child type: comment at lines 242-244
[2025-11-28T04:57:14.240Z] [2025-11-28T04:57:14.241Z] [TREESITTER-CHUNKER] [INFO]    Child type: method_definition at lines 245-250
[2025-11-28T04:57:14.240Z] [2025-11-28T04:57:14.241Z] [TREESITTER-CHUNKER] [INFO]    🎯 Found method: unknown (6 lines, 169 chars)
[2025-11-28T04:57:14.240Z] [2025-11-28T04:57:14.241Z] [TREESITTER-CHUNKER] [INFO]    ✅ Added method chunk: unknown
[2025-11-28T04:57:14.240Z] [2025-11-28T04:57:14.241Z] [TREESITTER-CHUNKER] [INFO]    Child type: comment at lines 252-254
[2025-11-28T04:57:14.240Z] [2025-11-28T04:57:14.241Z] [TREESITTER-CHUNKER] [INFO]    Child type: method_definition at lines 255-261
[2025-11-28T04:57:14.240Z] [2025-11-28T04:57:14.241Z] [TREESITTER-CHUNKER] [INFO]    🎯 Found method: unknown (7 lines, 248 chars)
[2025-11-28T04:57:14.240Z] [2025-11-28T04:57:14.241Z] [TREESITTER-CHUNKER] [INFO]    ✅ Added method chunk: unknown
[2025-11-28T04:57:14.240Z] [2025-11-28T04:57:14.241Z] [TREESITTER-CHUNKER] [INFO]    Child type: comment at lines 263-265
[2025-11-28T04:57:14.240Z] [2025-11-28T04:57:14.241Z] [TREESITTER-CHUNKER] [INFO]    Child type: method_definition at lines 266-283
[2025-11-28T04:57:14.240Z] [2025-11-28T04:57:14.241Z] [TREESITTER-CHUNKER] [INFO]    🎯 Found method: unknown (18 lines, 490 chars)
[2025-11-28T04:57:14.240Z] [2025-11-28T04:57:14.241Z] [TREESITTER-CHUNKER] [INFO]    ✅ Added method chunk: unknown
[2025-11-28T04:57:14.240Z] [2025-11-28T04:57:14.241Z] [TREESITTER-CHUNKER] [INFO]    Child type: comment at lines 285-287
[2025-11-28T04:57:14.240Z] [2025-11-28T04:57:14.241Z] [TREESITTER-CHUNKER] [INFO]    Child type: method_definition at lines 288-290
[2025-11-28T04:57:14.240Z] [2025-11-28T04:57:14.241Z] [TREESITTER-CHUNKER] [INFO]    🎯 Found method: unknown (3 lines, 129 chars)
[2025-11-28T04:57:14.240Z] [2025-11-28T04:57:14.241Z] [TREESITTER-CHUNKER] [INFO]    ✅ Added method chunk: unknown
[2025-11-28T04:57:14.240Z] [2025-11-28T04:57:14.241Z] [TREESITTER-CHUNKER] [INFO]    Child type: comment at lines 292-294
[2025-11-28T04:57:14.240Z] [2025-11-28T04:57:14.241Z] [TREESITTER-CHUNKER] [INFO]    Child type: method_definition at lines 295-298
[2025-11-28T04:57:14.240Z] [2025-11-28T04:57:14.241Z] [TREESITTER-CHUNKER] [INFO]    🎯 Found method: unknown (4 lines, 199 chars)
[2025-11-28T04:57:14.240Z] [2025-11-28T04:57:14.241Z] [TREESITTER-CHUNKER] [INFO]    ✅ Added method chunk: unknown
[2025-11-28T04:57:14.240Z] [2025-11-28T04:57:14.241Z] [TREESITTER-CHUNKER] [INFO]    Child type: comment at lines 300-302
[2025-11-28T04:57:14.240Z] [2025-11-28T04:57:14.241Z] [TREESITTER-CHUNKER] [INFO]    Child type: method_definition at lines 303-331
[2025-11-28T04:57:14.240Z] [2025-11-28T04:57:14.241Z] [TREESITTER-CHUNKER] [INFO]    🎯 Found method: unknown (29 lines, 965 chars)
[2025-11-28T04:57:14.240Z] [2025-11-28T04:57:14.241Z] [TREESITTER-CHUNKER] [INFO]    ✅ Added method chunk: unknown
[2025-11-28T04:57:14.240Z] [2025-11-28T04:57:14.241Z] [TREESITTER-CHUNKER] [INFO] 🏁 Extracted 23 methods from large class
[2025-11-28T04:57:14.250Z] [2025-11-28T04:57:14.251Z] [TREESITTER-CHUNKER] [INFO] Created 9 semantic chunks from C:\Projects\educatedplanet\dataservice\src\services\review.service.ts
[2025-11-28T04:57:14.287Z] [2025-11-28T04:57:14.288Z] [TREESITTER-FULL] [INFO] Extracted 2 symbols from C:\Projects\educatedplanet\dataservice\src\services\review.service.ts
[2025-11-28T04:57:14.287Z] [2025-11-28T04:57:14.288Z] [INDEXING-ORCHESTRATOR] [DEBUG] 🔍 Symbol extraction for C:\Projects\educatedplanet\dataservice\src\services\review.service.ts: 2 symbols, 3 imports
[2025-11-28T04:57:14.287Z] [2025-11-28T04:57:14.288Z] [INDEXING-ORCHESTRATOR] [DEBUG] 📍 Chunk 13-38: 0 candidate symbols
[2025-11-28T04:57:14.287Z] [2025-11-28T04:57:14.288Z] [INDEXING-ORCHESTRATOR] [DEBUG] ✅ Chunk symbols after filtering: 0 symbols - 
[2025-11-28T04:57:14.287Z] [2025-11-28T04:57:14.288Z] [INDEXING-ORCHESTRATOR] [DEBUG] 📍 Chunk 42-82: 0 candidate symbols
[2025-11-28T04:57:14.287Z] [2025-11-28T04:57:14.288Z] [INDEXING-ORCHESTRATOR] [DEBUG] ✅ Chunk symbols after filtering: 0 symbols - 
[2025-11-28T04:57:14.287Z] [2025-11-28T04:57:14.288Z] [INDEXING-ORCHESTRATOR] [DEBUG] 📍 Chunk 87-129: 0 candidate symbols
[2025-11-28T04:57:14.287Z] [2025-11-28T04:57:14.288Z] [INDEXING-ORCHESTRATOR] [DEBUG] ✅ Chunk symbols after filtering: 0 symbols - 
[2025-11-28T04:57:14.287Z] [2025-11-28T04:57:14.288Z] [INDEXING-ORCHESTRATOR] [DEBUG] 📍 Chunk 134-173: 0 candidate symbols
[2025-11-28T04:57:14.287Z] [2025-11-28T04:57:14.288Z] [INDEXING-ORCHESTRATOR] [DEBUG] ✅ Chunk symbols after filtering: 0 symbols - 
[2025-11-28T04:57:14.287Z] [2025-11-28T04:57:14.288Z] [INDEXING-ORCHESTRATOR] [DEBUG] 📍 Chunk 178-210: 0 candidate symbols
[2025-11-28T04:57:14.287Z] [2025-11-28T04:57:14.288Z] [INDEXING-ORCHESTRATOR] [DEBUG] ✅ Chunk symbols after filtering: 0 symbols - 
[2025-11-28T04:57:14.287Z] [2025-11-28T04:57:14.288Z] [INDEXING-ORCHESTRATOR] [DEBUG] 📍 Chunk 215-261: 0 candidate symbols
[2025-11-28T04:57:14.287Z] [2025-11-28T04:57:14.288Z] [INDEXING-ORCHESTRATOR] [DEBUG] ✅ Chunk symbols after filtering: 0 symbols - 
[2025-11-28T04:57:14.287Z] [2025-11-28T04:57:14.288Z] [INDEXING-ORCHESTRATOR] [DEBUG] 📍 Chunk 266-298: 0 candidate symbols
[2025-11-28T04:57:14.287Z] [2025-11-28T04:57:14.288Z] [INDEXING-ORCHESTRATOR] [DEBUG] ✅ Chunk symbols after filtering: 0 symbols - 
[2025-11-28T04:57:14.287Z] [2025-11-28T04:57:14.288Z] [INDEXING-ORCHESTRATOR] [DEBUG] 📍 Chunk 303-331: 0 candidate symbols
[2025-11-28T04:57:14.287Z] [2025-11-28T04:57:14.288Z] [INDEXING-ORCHESTRATOR] [DEBUG] ✅ Chunk symbols after filtering: 0 symbols - 
[2025-11-28T04:57:14.287Z] [2025-11-28T04:57:14.288Z] [INDEXING-ORCHESTRATOR] [DEBUG] 📍 Chunk 332-335: 1 candidate symbols
[2025-11-28T04:57:14.287Z] [2025-11-28T04:57:14.288Z] [INDEXING-ORCHESTRATOR] [DEBUG] ✅ Chunk symbols after filtering: 1 symbols - reviewService
[2025-11-28T04:57:14.287Z] [2025-11-28T04:57:14.288Z] [INDEXING-ORCHESTRATOR] [DEBUG] Created 9 semantic chunks for C:\Projects\educatedplanet\dataservice\src\services\review.service.ts
[2025-11-28T04:57:14.287Z] [2025-11-28T04:57:14.288Z] [INDEXING-ORCHESTRATOR] [DEBUG] Average chunk size: 987 characters
[2025-11-28T04:57:14.290Z] [2025-11-28T04:57:14.291Z] [TREESITTER-CHUNKER] [INFO] 🔍 Found class: unknown (311 lines)
[2025-11-28T04:57:14.290Z] [2025-11-28T04:57:14.291Z] [TREESITTER-CHUNKER] [INFO] 📤 Splitting large class: unknown (311 lines > 150)
[2025-11-28T04:57:14.291Z] [2025-11-28T04:57:14.291Z] [TREESITTER-CHUNKER] [INFO] 🔧 Extracting methods from large class with 2 children
[2025-11-28T04:57:14.291Z] [2025-11-28T04:57:14.292Z] [TREESITTER-CHUNKER] [INFO] 🔍 Checking 35 nodes for methods (using class_body)
[2025-11-28T04:57:14.291Z] [2025-11-28T04:57:14.292Z] [TREESITTER-CHUNKER] [INFO]    Child type: public_field_definition at lines 17-17
[2025-11-28T04:57:14.291Z] [2025-11-28T04:57:14.292Z] [TREESITTER-CHUNKER] [INFO]    Child type: method_definition at lines 19-24
[2025-11-28T04:57:14.291Z] [2025-11-28T04:57:14.292Z] [TREESITTER-CHUNKER] [INFO]    🎯 Found method: unknown (6 lines, 144 chars)
[2025-11-28T04:57:14.291Z] [2025-11-28T04:57:14.292Z] [TREESITTER-CHUNKER] [INFO]    ✅ Added method chunk: unknown
[2025-11-28T04:57:14.291Z] [2025-11-28T04:57:14.292Z] [TREESITTER-CHUNKER] [INFO]    Child type: comment at lines 26-26
[2025-11-28T04:57:14.291Z] [2025-11-28T04:57:14.292Z] [TREESITTER-CHUNKER] [INFO]    Child type: method_definition at lines 27-43
[2025-11-28T04:57:14.291Z] [2025-11-28T04:57:14.292Z] [TREESITTER-CHUNKER] [INFO]    🎯 Found method: unknown (17 lines, 615 chars)
[2025-11-28T04:57:14.291Z] [2025-11-28T04:57:14.292Z] [TREESITTER-CHUNKER] [INFO]    ✅ Added method chunk: unknown
[2025-11-28T04:57:14.291Z] [2025-11-28T04:57:14.292Z] [TREESITTER-CHUNKER] [INFO]    Child type: comment at lines 45-45
[2025-11-28T04:57:14.291Z] [2025-11-28T04:57:14.292Z] [TREESITTER-CHUNKER] [INFO]    Child type: method_definition at lines 46-75
[2025-11-28T04:57:14.291Z] [2025-11-28T04:57:14.292Z] [TREESITTER-CHUNKER] [INFO]    🎯 Found method: unknown (30 lines, 1106 chars)
[2025-11-28T04:57:14.291Z] [2025-11-28T04:57:14.292Z] [TREESITTER-CHUNKER] [INFO]    ✅ Added method chunk: unknown
[2025-11-28T04:57:14.291Z] [2025-11-28T04:57:14.292Z] [TREESITTER-CHUNKER] [INFO]    Child type: method_definition at lines 77-99
[2025-11-28T04:57:14.291Z] [2025-11-28T04:57:14.292Z] [TREESITTER-CHUNKER] [INFO]    🎯 Found method: unknown (23 lines, 845 chars)
[2025-11-28T04:57:14.291Z] [2025-11-28T04:57:14.292Z] [TREESITTER-CHUNKER] [INFO]    ✅ Added method chunk: unknown
[2025-11-28T04:57:14.291Z] [2025-11-28T04:57:14.292Z] [TREESITTER-CHUNKER] [INFO]    Child type: method_definition at lines 101-113
[2025-11-28T04:57:14.291Z] [2025-11-28T04:57:14.292Z] [TREESITTER-CHUNKER] [INFO]    🎯 Found method: unknown (13 lines, 429 chars)
[2025-11-28T04:57:14.291Z] [2025-11-28T04:57:14.292Z] [TREESITTER-CHUNKER] [INFO]    ✅ Added method chunk: unknown
[2025-11-28T04:57:14.291Z] [2025-11-28T04:57:14.292Z] [TREESITTER-CHUNKER] [INFO]    Child type: method_definition at lines 115-119
[2025-11-28T04:57:14.291Z] [2025-11-28T04:57:14.292Z] [TREESITTER-CHUNKER] [INFO]    🎯 Found method: unknown (5 lines, 210 chars)
[2025-11-28T04:57:14.291Z] [2025-11-28T04:57:14.292Z] [TREESITTER-CHUNKER] [INFO]    ✅ Added method chunk: unknown
[2025-11-28T04:57:14.291Z] [2025-11-28T04:57:14.292Z] [TREESITTER-CHUNKER] [INFO]    Child type: method_definition at lines 121-125
[2025-11-28T04:57:14.291Z] [2025-11-28T04:57:14.292Z] [TREESITTER-CHUNKER] [INFO]    🎯 Found method: unknown (5 lines, 218 chars)
[2025-11-28T04:57:14.291Z] [2025-11-28T04:57:14.292Z] [TREESITTER-CHUNKER] [INFO]    ✅ Added method chunk: unknown
[2025-11-28T04:57:14.291Z] [2025-11-28T04:57:14.292Z] [TREESITTER-CHUNKER] [INFO]    Child type: method_definition at lines 127-131
[2025-11-28T04:57:14.291Z] [2025-11-28T04:57:14.292Z] [TREESITTER-CHUNKER] [INFO]    🎯 Found method: unknown (5 lines, 230 chars)
[2025-11-28T04:57:14.291Z] [2025-11-28T04:57:14.292Z] [TREESITTER-CHUNKER] [INFO]    ✅ Added method chunk: unknown
[2025-11-28T04:57:14.291Z] [2025-11-28T04:57:14.292Z] [TREESITTER-CHUNKER] [INFO]    Child type: comment at lines 133-133
[2025-11-28T04:57:14.291Z] [2025-11-28T04:57:14.292Z] [TREESITTER-CHUNKER] [INFO]    Child type: method_definition at lines 134-145
[2025-11-28T04:57:14.291Z] [2025-11-28T04:57:14.292Z] [TREESITTER-CHUNKER] [INFO]    🎯 Found method: unknown (12 lines, 455 chars)
[2025-11-28T04:57:14.291Z] [2025-11-28T04:57:14.292Z] [TREESITTER-CHUNKER] [INFO]    ✅ Added method chunk: unknown
[2025-11-28T04:57:14.291Z] [2025-11-28T04:57:14.292Z] [TREESITTER-CHUNKER] [INFO]    Child type: method_definition at lines 147-152
[2025-11-28T04:57:14.291Z] [2025-11-28T04:57:14.292Z] [TREESITTER-CHUNKER] [INFO]    🎯 Found method: unknown (6 lines, 294 chars)
[2025-11-28T04:57:14.291Z] [2025-11-28T04:57:14.292Z] [TREESITTER-CHUNKER] [INFO]    ✅ Added method chunk: unknown
[2025-11-28T04:57:14.291Z] [2025-11-28T04:57:14.292Z] [TREESITTER-CHUNKER] [INFO]    Child type: method_definition at lines 154-158
[2025-11-28T04:57:14.291Z] [2025-11-28T04:57:14.292Z] [TREESITTER-CHUNKER] [INFO]    🎯 Found method: unknown (5 lines, 250 chars)
[2025-11-28T04:57:14.291Z] [2025-11-28T04:57:14.292Z] [TREESITTER-CHUNKER] [INFO]    ✅ Added method chunk: unknown
[2025-11-28T04:57:14.291Z] [2025-11-28T04:57:14.292Z] [TREESITTER-CHUNKER] [INFO]    Child type: method_definition at lines 160-194
[2025-11-28T04:57:14.291Z] [2025-11-28T04:57:14.292Z] [TREESITTER-CHUNKER] [INFO]    🎯 Found method: unknown (35 lines, 1378 chars)
[2025-11-28T04:57:14.291Z] [2025-11-28T04:57:14.292Z] [TREESITTER-CHUNKER] [INFO]    ✅ Added method chunk: unknown
[2025-11-28T04:57:14.291Z] [2025-11-28T04:57:14.292Z] [TREESITTER-CHUNKER] [INFO]    Child type: comment at lines 196-196
[2025-11-28T04:57:14.292Z] [2025-11-28T04:57:14.292Z] [TREESITTER-CHUNKER] [INFO]    Child type: method_definition at lines 197-205
[2025-11-28T04:57:14.292Z] [2025-11-28T04:57:14.292Z] [TREESITTER-CHUNKER] [INFO]    🎯 Found method: unknown (9 lines, 314 chars)
[2025-11-28T04:57:14.292Z] [2025-11-28T04:57:14.292Z] [TREESITTER-CHUNKER] [INFO]    ✅ Added method chunk: unknown
[2025-11-28T04:57:14.292Z] [2025-11-28T04:57:14.292Z] [TREESITTER-CHUNKER] [INFO]    Child type: comment at lines 207-207
[2025-11-28T04:57:14.292Z] [2025-11-28T04:57:14.292Z] [TREESITTER-CHUNKER] [INFO]    Child type: method_definition at lines 208-212
[2025-11-28T04:57:14.292Z] [2025-11-28T04:57:14.292Z] [TREESITTER-CHUNKER] [INFO]    🎯 Found method: unknown (5 lines, 250 chars)
[2025-11-28T04:57:14.292Z] [2025-11-28T04:57:14.292Z] [TREESITTER-CHUNKER] [INFO]    ✅ Added method chunk: unknown
[2025-11-28T04:57:14.292Z] [2025-11-28T04:57:14.292Z] [TREESITTER-CHUNKER] [INFO]    Child type: method_definition at lines 214-218
[2025-11-28T04:57:14.292Z] [2025-11-28T04:57:14.293Z] [TREESITTER-CHUNKER] [INFO]    🎯 Found method: unknown (5 lines, 263 chars)
[2025-11-28T04:57:14.292Z] [2025-11-28T04:57:14.293Z] [TREESITTER-CHUNKER] [INFO]    ✅ Added method chunk: unknown
[2025-11-28T04:57:14.292Z] [2025-11-28T04:57:14.293Z] [TREESITTER-CHUNKER] [INFO]    Child type: comment at lines 220-220
[2025-11-28T04:57:14.292Z] [2025-11-28T04:57:14.293Z] [TREESITTER-CHUNKER] [INFO]    Child type: method_definition at lines 221-224
[2025-11-28T04:57:14.292Z] [2025-11-28T04:57:14.293Z] [TREESITTER-CHUNKER] [INFO]    🎯 Found method: unknown (4 lines, 172 chars)
[2025-11-28T04:57:14.292Z] [2025-11-28T04:57:14.293Z] [TREESITTER-CHUNKER] [INFO]    ✅ Added method chunk: unknown
[2025-11-28T04:57:14.292Z] [2025-11-28T04:57:14.293Z] [TREESITTER-CHUNKER] [INFO]    Child type: method_definition at lines 226-236
[2025-11-28T04:57:14.292Z] [2025-11-28T04:57:14.293Z] [TREESITTER-CHUNKER] [INFO]    🎯 Found method: unknown (11 lines, 370 chars)
[2025-11-28T04:57:14.292Z] [2025-11-28T04:57:14.293Z] [TREESITTER-CHUNKER] [INFO]    ✅ Added method chunk: unknown
[2025-11-28T04:57:14.292Z] [2025-11-28T04:57:14.293Z] [TREESITTER-CHUNKER] [INFO]    Child type: method_definition at lines 238-257
[2025-11-28T04:57:14.292Z] [2025-11-28T04:57:14.293Z] [TREESITTER-CHUNKER] [INFO]    🎯 Found method: unknown (20 lines, 602 chars)
[2025-11-28T04:57:14.292Z] [2025-11-28T04:57:14.293Z] [TREESITTER-CHUNKER] [INFO]    ✅ Added method chunk: unknown
[2025-11-28T04:57:14.292Z] [2025-11-28T04:57:14.293Z] [TREESITTER-CHUNKER] [INFO]    Child type: comment at lines 259-259
[2025-11-28T04:57:14.292Z] [2025-11-28T04:57:14.293Z] [TREESITTER-CHUNKER] [INFO]    Child type: method_definition at lines 260-298
[2025-11-28T04:57:14.292Z] [2025-11-28T04:57:14.293Z] [TREESITTER-CHUNKER] [INFO]    🎯 Found method: unknown (39 lines, 984 chars)
[2025-11-28T04:57:14.292Z] [2025-11-28T04:57:14.293Z] [TREESITTER-CHUNKER] [INFO]    ✅ Added method chunk: unknown
[2025-11-28T04:57:14.292Z] [2025-11-28T04:57:14.293Z] [TREESITTER-CHUNKER] [INFO]    Child type: comment at lines 300-300
[2025-11-28T04:57:14.292Z] [2025-11-28T04:57:14.293Z] [TREESITTER-CHUNKER] [INFO]    Child type: method_definition at lines 301-304
[2025-11-28T04:57:14.292Z] [2025-11-28T04:57:14.293Z] [TREESITTER-CHUNKER] [INFO]    🎯 Found method: unknown (4 lines, 176 chars)
[2025-11-28T04:57:14.292Z] [2025-11-28T04:57:14.293Z] [TREESITTER-CHUNKER] [INFO]    ✅ Added method chunk: unknown
[2025-11-28T04:57:14.292Z] [2025-11-28T04:57:14.293Z] [TREESITTER-CHUNKER] [INFO]    Child type: comment at lines 306-306
[2025-11-28T04:57:14.292Z] [2025-11-28T04:57:14.293Z] [TREESITTER-CHUNKER] [INFO]    Child type: method_definition at lines 307-310
[2025-11-28T04:57:14.292Z] [2025-11-28T04:57:14.293Z] [TREESITTER-CHUNKER] [INFO]    🎯 Found method: unknown (4 lines, 170 chars)
[2025-11-28T04:57:14.292Z] [2025-11-28T04:57:14.293Z] [TREESITTER-CHUNKER] [INFO]    ✅ Added method chunk: unknown
[2025-11-28T04:57:14.292Z] [2025-11-28T04:57:14.293Z] [TREESITTER-CHUNKER] [INFO]    Child type: comment at lines 312-312
[2025-11-28T04:57:14.292Z] [2025-11-28T04:57:14.293Z] [TREESITTER-CHUNKER] [INFO]    Child type: method_definition at lines 313-318
[2025-11-28T04:57:14.292Z] [2025-11-28T04:57:14.293Z] [TREESITTER-CHUNKER] [INFO]    🎯 Found method: unknown (6 lines, 205 chars)
[2025-11-28T04:57:14.292Z] [2025-11-28T04:57:14.293Z] [TREESITTER-CHUNKER] [INFO]    ✅ Added method chunk: unknown
[2025-11-28T04:57:14.292Z] [2025-11-28T04:57:14.293Z] [TREESITTER-CHUNKER] [INFO]    Child type: comment at lines 320-320
[2025-11-28T04:57:14.292Z] [2025-11-28T04:57:14.293Z] [TREESITTER-CHUNKER] [INFO]    Child type: method_definition at lines 321-325
[2025-11-28T04:57:14.292Z] [2025-11-28T04:57:14.293Z] [TREESITTER-CHUNKER] [INFO]    🎯 Found method: unknown (5 lines, 287 chars)
[2025-11-28T04:57:14.292Z] [2025-11-28T04:57:14.293Z] [TREESITTER-CHUNKER] [INFO]    ✅ Added method chunk: unknown
[2025-11-28T04:57:14.292Z] [2025-11-28T04:57:14.293Z] [TREESITTER-CHUNKER] [INFO] 🏁 Extracted 23 methods from large class
[2025-11-28T04:57:14.303Z] [2025-11-28T04:57:14.304Z] [TREESITTER-CHUNKER] [INFO] Created 11 semantic chunks from C:\Projects\educatedplanet\dataservice\src\services\subject.service.ts
[2025-11-28T04:57:14.356Z] [2025-11-28T04:57:14.357Z] [TREESITTER-FULL] [INFO] Extracted 2 symbols from C:\Projects\educatedplanet\dataservice\src\services\subject.service.ts
[2025-11-28T04:57:14.356Z] [2025-11-28T04:57:14.357Z] [INDEXING-ORCHESTRATOR] [DEBUG] 🔍 Symbol extraction for C:\Projects\educatedplanet\dataservice\src\services\subject.service.ts: 2 symbols, 4 imports
[2025-11-28T04:57:14.357Z] [2025-11-28T04:57:14.357Z] [INDEXING-ORCHESTRATOR] [DEBUG] 📍 Chunk 16-43: 0 candidate symbols
[2025-11-28T04:57:14.357Z] [2025-11-28T04:57:14.357Z] [INDEXING-ORCHESTRATOR] [DEBUG] ✅ Chunk symbols after filtering: 0 symbols - 
[2025-11-28T04:57:14.357Z] [2025-11-28T04:57:14.357Z] [INDEXING-ORCHESTRATOR] [DEBUG] 📍 Chunk 46-75: 0 candidate symbols
[2025-11-28T04:57:14.357Z] [2025-11-28T04:57:14.357Z] [INDEXING-ORCHESTRATOR] [DEBUG] ✅ Chunk symbols after filtering: 0 symbols - 
[2025-11-28T04:57:14.357Z] [2025-11-28T04:57:14.357Z] [INDEXING-ORCHESTRATOR] [DEBUG] 📍 Chunk 77-119: 0 candidate symbols
[2025-11-28T04:57:14.357Z] [2025-11-28T04:57:14.357Z] [INDEXING-ORCHESTRATOR] [DEBUG] ✅ Chunk symbols after filtering: 0 symbols - 
[2025-11-28T04:57:14.357Z] [2025-11-28T04:57:14.357Z] [INDEXING-ORCHESTRATOR] [DEBUG] 📍 Chunk 121-152: 0 candidate symbols
[2025-11-28T04:57:14.357Z] [2025-11-28T04:57:14.357Z] [INDEXING-ORCHESTRATOR] [DEBUG] ✅ Chunk symbols after filtering: 0 symbols - 
[2025-11-28T04:57:14.357Z] [2025-11-28T04:57:14.357Z] [INDEXING-ORCHESTRATOR] [DEBUG] 📍 Chunk 154-158: 0 candidate symbols
[2025-11-28T04:57:14.357Z] [2025-11-28T04:57:14.357Z] [INDEXING-ORCHESTRATOR] [DEBUG] ✅ Chunk symbols after filtering: 0 symbols - 
[2025-11-28T04:57:14.357Z] [2025-11-28T04:57:14.357Z] [INDEXING-ORCHESTRATOR] [DEBUG] 📍 Chunk 160-194: 0 candidate symbols
[2025-11-28T04:57:14.357Z] [2025-11-28T04:57:14.357Z] [INDEXING-ORCHESTRATOR] [DEBUG] ✅ Chunk symbols after filtering: 0 symbols - 
[2025-11-28T04:57:14.357Z] [2025-11-28T04:57:14.357Z] [INDEXING-ORCHESTRATOR] [DEBUG] 📍 Chunk 197-236: 0 candidate symbols
[2025-11-28T04:57:14.357Z] [2025-11-28T04:57:14.357Z] [INDEXING-ORCHESTRATOR] [DEBUG] ✅ Chunk symbols after filtering: 0 symbols - 
[2025-11-28T04:57:14.357Z] [2025-11-28T04:57:14.357Z] [INDEXING-ORCHESTRATOR] [DEBUG] 📍 Chunk 238-257: 0 candidate symbols
[2025-11-28T04:57:14.357Z] [2025-11-28T04:57:14.357Z] [INDEXING-ORCHESTRATOR] [DEBUG] ✅ Chunk symbols after filtering: 0 symbols - 
[2025-11-28T04:57:14.357Z] [2025-11-28T04:57:14.357Z] [INDEXING-ORCHESTRATOR] [DEBUG] 📍 Chunk 260-310: 0 candidate symbols
[2025-11-28T04:57:14.357Z] [2025-11-28T04:57:14.357Z] [INDEXING-ORCHESTRATOR] [DEBUG] ✅ Chunk symbols after filtering: 0 symbols - 
[2025-11-28T04:57:14.357Z] [2025-11-28T04:57:14.357Z] [INDEXING-ORCHESTRATOR] [DEBUG] 📍 Chunk 313-325: 0 candidate symbols
[2025-11-28T04:57:14.357Z] [2025-11-28T04:57:14.357Z] [INDEXING-ORCHESTRATOR] [DEBUG] ✅ Chunk symbols after filtering: 0 symbols - 
[2025-11-28T04:57:14.357Z] [2025-11-28T04:57:14.357Z] [INDEXING-ORCHESTRATOR] [DEBUG] 📍 Chunk 326-329: 1 candidate symbols
[2025-11-28T04:57:14.357Z] [2025-11-28T04:57:14.357Z] [INDEXING-ORCHESTRATOR] [DEBUG] ✅ Chunk symbols after filtering: 1 symbols - subjectService
[2025-11-28T04:57:14.357Z] [2025-11-28T04:57:14.357Z] [INDEXING-ORCHESTRATOR] [DEBUG] Created 11 semantic chunks for C:\Projects\educatedplanet\dataservice\src\services\subject.service.ts
[2025-11-28T04:57:14.357Z] [2025-11-28T04:57:14.357Z] [INDEXING-ORCHESTRATOR] [DEBUG] Average chunk size: 946 characters
[2025-11-28T04:57:14.359Z] [2025-11-28T04:57:14.360Z] [TREESITTER-CHUNKER] [INFO] 🔍 Found class: unknown (318 lines)
[2025-11-28T04:57:14.359Z] [2025-11-28T04:57:14.360Z] [TREESITTER-CHUNKER] [INFO] 📤 Splitting large class: unknown (318 lines > 150)
[2025-11-28T04:57:14.359Z] [2025-11-28T04:57:14.360Z] [TREESITTER-CHUNKER] [INFO] 🔧 Extracting methods from large class with 2 children
[2025-11-28T04:57:14.359Z] [2025-11-28T04:57:14.360Z] [TREESITTER-CHUNKER] [INFO] 🔍 Checking 46 nodes for methods (using class_body)
[2025-11-28T04:57:14.359Z] [2025-11-28T04:57:14.360Z] [TREESITTER-CHUNKER] [INFO]    Child type: public_field_definition at lines 14-14
[2025-11-28T04:57:14.359Z] [2025-11-28T04:57:14.360Z] [TREESITTER-CHUNKER] [INFO]    Child type: method_definition at lines 16-21
[2025-11-28T04:57:14.359Z] [2025-11-28T04:57:14.360Z] [TREESITTER-CHUNKER] [INFO]    🎯 Found method: unknown (6 lines, 170 chars)
[2025-11-28T04:57:14.359Z] [2025-11-28T04:57:14.360Z] [TREESITTER-CHUNKER] [INFO]    ✅ Added method chunk: unknown
[2025-11-28T04:57:14.359Z] [2025-11-28T04:57:14.360Z] [TREESITTER-CHUNKER] [INFO]    Child type: comment at lines 23-25
[2025-11-28T04:57:14.359Z] [2025-11-28T04:57:14.360Z] [TREESITTER-CHUNKER] [INFO]    Child type: method_definition at lines 26-42
[2025-11-28T04:57:14.360Z] [2025-11-28T04:57:14.360Z] [TREESITTER-CHUNKER] [INFO]    🎯 Found method: unknown (17 lines, 606 chars)
[2025-11-28T04:57:14.360Z] [2025-11-28T04:57:14.360Z] [TREESITTER-CHUNKER] [INFO]    ✅ Added method chunk: unknown
[2025-11-28T04:57:14.360Z] [2025-11-28T04:57:14.360Z] [TREESITTER-CHUNKER] [INFO]    Child type: comment at lines 43-45
[2025-11-28T04:57:14.360Z] [2025-11-28T04:57:14.360Z] [TREESITTER-CHUNKER] [INFO]    Child type: method_definition at lines 46-77
[2025-11-28T04:57:14.360Z] [2025-11-28T04:57:14.361Z] [TREESITTER-CHUNKER] [INFO]    🎯 Found method: unknown (32 lines, 907 chars)
[2025-11-28T04:57:14.360Z] [2025-11-28T04:57:14.361Z] [TREESITTER-CHUNKER] [INFO]    ✅ Added method chunk: unknown
[2025-11-28T04:57:14.360Z] [2025-11-28T04:57:14.361Z] [TREESITTER-CHUNKER] [INFO]    Child type: comment at lines 79-81
[2025-11-28T04:57:14.360Z] [2025-11-28T04:57:14.361Z] [TREESITTER-CHUNKER] [INFO]    Child type: method_definition at lines 82-87
[2025-11-28T04:57:14.360Z] [2025-11-28T04:57:14.361Z] [TREESITTER-CHUNKER] [INFO]    🎯 Found method: unknown (6 lines, 230 chars)
[2025-11-28T04:57:14.360Z] [2025-11-28T04:57:14.361Z] [TREESITTER-CHUNKER] [INFO]    ✅ Added method chunk: unknown
[2025-11-28T04:57:14.360Z] [2025-11-28T04:57:14.361Z] [TREESITTER-CHUNKER] [INFO]    Child type: comment at lines 89-91
[2025-11-28T04:57:14.360Z] [2025-11-28T04:57:14.361Z] [TREESITTER-CHUNKER] [INFO]    Child type: method_definition at lines 92-115
[2025-11-28T04:57:14.360Z] [2025-11-28T04:57:14.361Z] [TREESITTER-CHUNKER] [INFO]    🎯 Found method: unknown (24 lines, 613 chars)
[2025-11-28T04:57:14.360Z] [2025-11-28T04:57:14.361Z] [TREESITTER-CHUNKER] [INFO]    ✅ Added method chunk: unknown
[2025-11-28T04:57:14.360Z] [2025-11-28T04:57:14.361Z] [TREESITTER-CHUNKER] [INFO]    Child type: comment at lines 117-119
[2025-11-28T04:57:14.360Z] [2025-11-28T04:57:14.361Z] [TREESITTER-CHUNKER] [INFO]    Child type: method_definition at lines 120-123
[2025-11-28T04:57:14.360Z] [2025-11-28T04:57:14.361Z] [TREESITTER-CHUNKER] [INFO]    🎯 Found method: unknown (4 lines, 200 chars)
[2025-11-28T04:57:14.360Z] [2025-11-28T04:57:14.361Z] [TREESITTER-CHUNKER] [INFO]    ✅ Added method chunk: unknown
[2025-11-28T04:57:14.360Z] [2025-11-28T04:57:14.361Z] [TREESITTER-CHUNKER] [INFO]    Child type: comment at lines 125-127
[2025-11-28T04:57:14.360Z] [2025-11-28T04:57:14.361Z] [TREESITTER-CHUNKER] [INFO]    Child type: method_definition at lines 128-131
[2025-11-28T04:57:14.360Z] [2025-11-28T04:57:14.361Z] [TREESITTER-CHUNKER] [INFO]    🎯 Found method: unknown (4 lines, 190 chars)
[2025-11-28T04:57:14.360Z] [2025-11-28T04:57:14.361Z] [TREESITTER-CHUNKER] [INFO]    ✅ Added method chunk: unknown
[2025-11-28T04:57:14.360Z] [2025-11-28T04:57:14.361Z] [TREESITTER-CHUNKER] [INFO]    Child type: comment at lines 133-135
[2025-11-28T04:57:14.360Z] [2025-11-28T04:57:14.361Z] [TREESITTER-CHUNKER] [INFO]    Child type: method_definition at lines 136-139
[2025-11-28T04:57:14.360Z] [2025-11-28T04:57:14.361Z] [TREESITTER-CHUNKER] [INFO]    🎯 Found method: unknown (4 lines, 220 chars)
[2025-11-28T04:57:14.360Z] [2025-11-28T04:57:14.361Z] [TREESITTER-CHUNKER] [INFO]    ✅ Added method chunk: unknown
[2025-11-28T04:57:14.360Z] [2025-11-28T04:57:14.361Z] [TREESITTER-CHUNKER] [INFO]    Child type: comment at lines 141-143
[2025-11-28T04:57:14.360Z] [2025-11-28T04:57:14.361Z] [TREESITTER-CHUNKER] [INFO]    Child type: method_definition at lines 144-151
[2025-11-28T04:57:14.360Z] [2025-11-28T04:57:14.361Z] [TREESITTER-CHUNKER] [INFO]    🎯 Found method: unknown (8 lines, 424 chars)
[2025-11-28T04:57:14.360Z] [2025-11-28T04:57:14.361Z] [TREESITTER-CHUNKER] [INFO]    ✅ Added method chunk: unknown
[2025-11-28T04:57:14.360Z] [2025-11-28T04:57:14.361Z] [TREESITTER-CHUNKER] [INFO]    Child type: comment at lines 153-155
[2025-11-28T04:57:14.360Z] [2025-11-28T04:57:14.361Z] [TREESITTER-CHUNKER] [INFO]    Child type: method_definition at lines 156-159
[2025-11-28T04:57:14.360Z] [2025-11-28T04:57:14.361Z] [TREESITTER-CHUNKER] [INFO]    🎯 Found method: unknown (4 lines, 199 chars)
[2025-11-28T04:57:14.361Z] [2025-11-28T04:57:14.361Z] [TREESITTER-CHUNKER] [INFO]    ✅ Added method chunk: unknown
[2025-11-28T04:57:14.361Z] [2025-11-28T04:57:14.361Z] [TREESITTER-CHUNKER] [INFO]    Child type: comment at lines 161-163
[2025-11-28T04:57:14.361Z] [2025-11-28T04:57:14.361Z] [TREESITTER-CHUNKER] [INFO]    Child type: method_definition at lines 164-167
[2025-11-28T04:57:14.361Z] [2025-11-28T04:57:14.361Z] [TREESITTER-CHUNKER] [INFO]    🎯 Found method: unknown (4 lines, 194 chars)
[2025-11-28T04:57:14.361Z] [2025-11-28T04:57:14.361Z] [TREESITTER-CHUNKER] [INFO]    ✅ Added method chunk: unknown
[2025-11-28T04:57:14.361Z] [2025-11-28T04:57:14.362Z] [TREESITTER-CHUNKER] [INFO]    Child type: comment at lines 169-171
[2025-11-28T04:57:14.361Z] [2025-11-28T04:57:14.362Z] [TREESITTER-CHUNKER] [INFO]    Child type: method_definition at lines 172-175
[2025-11-28T04:57:14.361Z] [2025-11-28T04:57:14.362Z] [TREESITTER-CHUNKER] [INFO]    🎯 Found method: unknown (4 lines, 190 chars)
[2025-11-28T04:57:14.361Z] [2025-11-28T04:57:14.362Z] [TREESITTER-CHUNKER] [INFO]    ✅ Added method chunk: unknown
[2025-11-28T04:57:14.361Z] [2025-11-28T04:57:14.362Z] [TREESITTER-CHUNKER] [INFO]    Child type: comment at lines 177-179
[2025-11-28T04:57:14.361Z] [2025-11-28T04:57:14.362Z] [TREESITTER-CHUNKER] [INFO]    Child type: method_definition at lines 180-199
[2025-11-28T04:57:14.361Z] [2025-11-28T04:57:14.362Z] [TREESITTER-CHUNKER] [INFO]    🎯 Found method: unknown (20 lines, 883 chars)
[2025-11-28T04:57:14.361Z] [2025-11-28T04:57:14.362Z] [TREESITTER-CHUNKER] [INFO]    ✅ Added method chunk: unknown
[2025-11-28T04:57:14.361Z] [2025-11-28T04:57:14.362Z] [TREESITTER-CHUNKER] [INFO]    Child type: comment at lines 201-203
[2025-11-28T04:57:14.361Z] [2025-11-28T04:57:14.362Z] [TREESITTER-CHUNKER] [INFO]    Child type: method_definition at lines 204-207
[2025-11-28T04:57:14.361Z] [2025-11-28T04:57:14.362Z] [TREESITTER-CHUNKER] [INFO]    🎯 Found method: unknown (4 lines, 230 chars)
[2025-11-28T04:57:14.361Z] [2025-11-28T04:57:14.362Z] [TREESITTER-CHUNKER] [INFO]    ✅ Added method chunk: unknown
[2025-11-28T04:57:14.361Z] [2025-11-28T04:57:14.362Z] [TREESITTER-CHUNKER] [INFO]    Child type: comment at lines 209-211
[2025-11-28T04:57:14.361Z] [2025-11-28T04:57:14.362Z] [TREESITTER-CHUNKER] [INFO]    Child type: method_definition at lines 212-215
[2025-11-28T04:57:14.361Z] [2025-11-28T04:57:14.362Z] [TREESITTER-CHUNKER] [INFO]    🎯 Found method: unknown (4 lines, 238 chars)
[2025-11-28T04:57:14.361Z] [2025-11-28T04:57:14.362Z] [TREESITTER-CHUNKER] [INFO]    ✅ Added method chunk: unknown
[2025-11-28T04:57:14.361Z] [2025-11-28T04:57:14.362Z] [TREESITTER-CHUNKER] [INFO]    Child type: comment at lines 217-219
[2025-11-28T04:57:14.361Z] [2025-11-28T04:57:14.362Z] [TREESITTER-CHUNKER] [INFO]    Child type: method_definition at lines 220-227
[2025-11-28T04:57:14.361Z] [2025-11-28T04:57:14.362Z] [TREESITTER-CHUNKER] [INFO]    🎯 Found method: unknown (8 lines, 338 chars)
[2025-11-28T04:57:14.361Z] [2025-11-28T04:57:14.362Z] [TREESITTER-CHUNKER] [INFO]    ✅ Added method chunk: unknown
[2025-11-28T04:57:14.361Z] [2025-11-28T04:57:14.362Z] [TREESITTER-CHUNKER] [INFO]    Child type: comment at lines 229-231
[2025-11-28T04:57:14.361Z] [2025-11-28T04:57:14.362Z] [TREESITTER-CHUNKER] [INFO]    Child type: method_definition at lines 232-234
[2025-11-28T04:57:14.361Z] [2025-11-28T04:57:14.362Z] [TREESITTER-CHUNKER] [INFO]    🎯 Found method: unknown (3 lines, 141 chars)
[2025-11-28T04:57:14.361Z] [2025-11-28T04:57:14.362Z] [TREESITTER-CHUNKER] [INFO]    ✅ Added method chunk: unknown
[2025-11-28T04:57:14.361Z] [2025-11-28T04:57:14.362Z] [TREESITTER-CHUNKER] [INFO]    Child type: comment at lines 236-238
[2025-11-28T04:57:14.361Z] [2025-11-28T04:57:14.362Z] [TREESITTER-CHUNKER] [INFO]    Child type: method_definition at lines 239-241
[2025-11-28T04:57:14.361Z] [2025-11-28T04:57:14.362Z] [TREESITTER-CHUNKER] [INFO]    🎯 Found method: unknown (3 lines, 141 chars)
[2025-11-28T04:57:14.361Z] [2025-11-28T04:57:14.362Z] [TREESITTER-CHUNKER] [INFO]    ✅ Added method chunk: unknown
[2025-11-28T04:57:14.361Z] [2025-11-28T04:57:14.362Z] [TREESITTER-CHUNKER] [INFO]    Child type: comment at lines 243-245
[2025-11-28T04:57:14.362Z] [2025-11-28T04:57:14.362Z] [TREESITTER-CHUNKER] [INFO]    Child type: method_definition at lines 246-248
[2025-11-28T04:57:14.362Z] [2025-11-28T04:57:14.362Z] [TREESITTER-CHUNKER] [INFO]    🎯 Found method: unknown (3 lines, 133 chars)
[2025-11-28T04:57:14.362Z] [2025-11-28T04:57:14.362Z] [TREESITTER-CHUNKER] [INFO]    ✅ Added method chunk: unknown
[2025-11-28T04:57:14.362Z] [2025-11-28T04:57:14.362Z] [TREESITTER-CHUNKER] [INFO]    Child type: comment at lines 250-252
[2025-11-28T04:57:14.362Z] [2025-11-28T04:57:14.362Z] [TREESITTER-CHUNKER] [INFO]    Child type: method_definition at lines 253-255
[2025-11-28T04:57:14.362Z] [2025-11-28T04:57:14.363Z] [TREESITTER-CHUNKER] [INFO]    🎯 Found method: unknown (3 lines, 128 chars)
[2025-11-28T04:57:14.362Z] [2025-11-28T04:57:14.363Z] [TREESITTER-CHUNKER] [INFO]    ✅ Added method chunk: unknown
[2025-11-28T04:57:14.362Z] [2025-11-28T04:57:14.363Z] [TREESITTER-CHUNKER] [INFO]    Child type: comment at lines 257-259
[2025-11-28T04:57:14.362Z] [2025-11-28T04:57:14.363Z] [TREESITTER-CHUNKER] [INFO]    Child type: method_definition at lines 260-262
[2025-11-28T04:57:14.362Z] [2025-11-28T04:57:14.363Z] [TREESITTER-CHUNKER] [INFO]    🎯 Found method: unknown (3 lines, 120 chars)
[2025-11-28T04:57:14.362Z] [2025-11-28T04:57:14.363Z] [TREESITTER-CHUNKER] [INFO]    ✅ Added method chunk: unknown
[2025-11-28T04:57:14.362Z] [2025-11-28T04:57:14.363Z] [TREESITTER-CHUNKER] [INFO]    Child type: comment at lines 264-266
[2025-11-28T04:57:14.362Z] [2025-11-28T04:57:14.363Z] [TREESITTER-CHUNKER] [INFO]    Child type: method_definition at lines 267-272
[2025-11-28T04:57:14.362Z] [2025-11-28T04:57:14.363Z] [TREESITTER-CHUNKER] [INFO]    🎯 Found method: unknown (6 lines, 143 chars)
[2025-11-28T04:57:14.362Z] [2025-11-28T04:57:14.363Z] [TREESITTER-CHUNKER] [INFO]    ✅ Added method chunk: unknown
[2025-11-28T04:57:14.362Z] [2025-11-28T04:57:14.363Z] [TREESITTER-CHUNKER] [INFO]    Child type: comment at lines 274-276
[2025-11-28T04:57:14.362Z] [2025-11-28T04:57:14.363Z] [TREESITTER-CHUNKER] [INFO]    Child type: method_definition at lines 277-329
[2025-11-28T04:57:14.362Z] [2025-11-28T04:57:14.363Z] [TREESITTER-CHUNKER] [INFO]    🎯 Found method: unknown (53 lines, 1609 chars)
[2025-11-28T04:57:14.362Z] [2025-11-28T04:57:14.363Z] [TREESITTER-CHUNKER] [INFO]    ✅ Added method chunk: unknown
[2025-11-28T04:57:14.362Z] [2025-11-28T04:57:14.363Z] [TREESITTER-CHUNKER] [INFO] 🏁 Extracted 23 methods from large class
[2025-11-28T04:57:14.369Z] [2025-11-28T04:57:14.370Z] [TREESITTER-CHUNKER] [INFO] Created 9 semantic chunks from C:\Projects\educatedplanet\dataservice\src\services\tutor.service.ts
[2025-11-28T04:57:14.410Z] [2025-11-28T04:57:14.411Z] [TREESITTER-FULL] [INFO] Extracted 2 symbols from C:\Projects\educatedplanet\dataservice\src\services\tutor.service.ts
[2025-11-28T04:57:14.410Z] [2025-11-28T04:57:14.411Z] [INDEXING-ORCHESTRATOR] [DEBUG] 🔍 Symbol extraction for C:\Projects\educatedplanet\dataservice\src\services\tutor.service.ts: 2 symbols, 3 imports
[2025-11-28T04:57:14.410Z] [2025-11-28T04:57:14.411Z] [INDEXING-ORCHESTRATOR] [DEBUG] 📍 Chunk 13-42: 0 candidate symbols
[2025-11-28T04:57:14.410Z] [2025-11-28T04:57:14.411Z] [INDEXING-ORCHESTRATOR] [DEBUG] ✅ Chunk symbols after filtering: 0 symbols - 
[2025-11-28T04:57:14.410Z] [2025-11-28T04:57:14.411Z] [INDEXING-ORCHESTRATOR] [DEBUG] 📍 Chunk 46-87: 0 candidate symbols
[2025-11-28T04:57:14.410Z] [2025-11-28T04:57:14.411Z] [INDEXING-ORCHESTRATOR] [DEBUG] ✅ Chunk symbols after filtering: 0 symbols - 
[2025-11-28T04:57:14.410Z] [2025-11-28T04:57:14.411Z] [INDEXING-ORCHESTRATOR] [DEBUG] 📍 Chunk 92-139: 0 candidate symbols
[2025-11-28T04:57:14.410Z] [2025-11-28T04:57:14.411Z] [INDEXING-ORCHESTRATOR] [DEBUG] ✅ Chunk symbols after filtering: 0 symbols - 
[2025-11-28T04:57:14.410Z] [2025-11-28T04:57:14.411Z] [INDEXING-ORCHESTRATOR] [DEBUG] 📍 Chunk 144-175: 0 candidate symbols
[2025-11-28T04:57:14.410Z] [2025-11-28T04:57:14.411Z] [INDEXING-ORCHESTRATOR] [DEBUG] ✅ Chunk symbols after filtering: 0 symbols - 
[2025-11-28T04:57:14.410Z] [2025-11-28T04:57:14.411Z] [INDEXING-ORCHESTRATOR] [DEBUG] 📍 Chunk 180-215: 0 candidate symbols
[2025-11-28T04:57:14.410Z] [2025-11-28T04:57:14.411Z] [INDEXING-ORCHESTRATOR] [DEBUG] ✅ Chunk symbols after filtering: 0 symbols - 
[2025-11-28T04:57:14.410Z] [2025-11-28T04:57:14.411Z] [INDEXING-ORCHESTRATOR] [DEBUG] 📍 Chunk 220-262: 0 candidate symbols
[2025-11-28T04:57:14.410Z] [2025-11-28T04:57:14.411Z] [INDEXING-ORCHESTRATOR] [DEBUG] ✅ Chunk symbols after filtering: 0 symbols - 
[2025-11-28T04:57:14.410Z] [2025-11-28T04:57:14.411Z] [INDEXING-ORCHESTRATOR] [DEBUG] 📍 Chunk 267-272: 0 candidate symbols
[2025-11-28T04:57:14.410Z] [2025-11-28T04:57:14.411Z] [INDEXING-ORCHESTRATOR] [DEBUG] ✅ Chunk symbols after filtering: 0 symbols - 
[2025-11-28T04:57:14.410Z] [2025-11-28T04:57:14.411Z] [INDEXING-ORCHESTRATOR] [DEBUG] 📍 Chunk 277-329: 0 candidate symbols
[2025-11-28T04:57:14.410Z] [2025-11-28T04:57:14.411Z] [INDEXING-ORCHESTRATOR] [DEBUG] ✅ Chunk symbols after filtering: 0 symbols - 
[2025-11-28T04:57:14.410Z] [2025-11-28T04:57:14.411Z] [INDEXING-ORCHESTRATOR] [DEBUG] 📍 Chunk 330-333: 1 candidate symbols
[2025-11-28T04:57:14.410Z] [2025-11-28T04:57:14.411Z] [INDEXING-ORCHESTRATOR] [DEBUG] ✅ Chunk symbols after filtering: 1 symbols - tutorService
[2025-11-28T04:57:14.410Z] [2025-11-28T04:57:14.411Z] [INDEXING-ORCHESTRATOR] [DEBUG] Created 9 semantic chunks for C:\Projects\educatedplanet\dataservice\src\services\tutor.service.ts
[2025-11-28T04:57:14.410Z] [2025-11-28T04:57:14.411Z] [INDEXING-ORCHESTRATOR] [DEBUG] Average chunk size: 1017 characters
[2025-11-28T04:57:14.413Z] [2025-11-28T04:57:14.414Z] [TREESITTER-CHUNKER] [INFO] 🔍 Found class: unknown (325 lines)
[2025-11-28T04:57:14.413Z] [2025-11-28T04:57:14.414Z] [TREESITTER-CHUNKER] [INFO] 📤 Splitting large class: unknown (325 lines > 150)
[2025-11-28T04:57:14.413Z] [2025-11-28T04:57:14.414Z] [TREESITTER-CHUNKER] [INFO] 🔧 Extracting methods from large class with 2 children
[2025-11-28T04:57:14.413Z] [2025-11-28T04:57:14.414Z] [TREESITTER-CHUNKER] [INFO] 🔍 Checking 30 nodes for methods (using class_body)
[2025-11-28T04:57:14.413Z] [2025-11-28T04:57:14.414Z] [TREESITTER-CHUNKER] [INFO]    Child type: public_field_definition at lines 17-17
[2025-11-28T04:57:14.413Z] [2025-11-28T04:57:14.414Z] [TREESITTER-CHUNKER] [INFO]    Child type: method_definition at lines 19-24
[2025-11-28T04:57:14.413Z] [2025-11-28T04:57:14.414Z] [TREESITTER-CHUNKER] [INFO]    🎯 Found method: unknown (6 lines, 168 chars)
[2025-11-28T04:57:14.413Z] [2025-11-28T04:57:14.414Z] [TREESITTER-CHUNKER] [INFO]    ✅ Added method chunk: unknown
[2025-11-28T04:57:14.413Z] [2025-11-28T04:57:14.414Z] [TREESITTER-CHUNKER] [INFO]    Child type: comment at lines 25-27
[2025-11-28T04:57:14.413Z] [2025-11-28T04:57:14.414Z] [TREESITTER-CHUNKER] [INFO]    Child type: method_definition at lines 28-41
[2025-11-28T04:57:14.413Z] [2025-11-28T04:57:14.414Z] [TREESITTER-CHUNKER] [INFO]    🎯 Found method: unknown (14 lines, 462 chars)
[2025-11-28T04:57:14.413Z] [2025-11-28T04:57:14.414Z] [TREESITTER-CHUNKER] [INFO]    ✅ Added method chunk: unknown
[2025-11-28T04:57:14.413Z] [2025-11-28T04:57:14.414Z] [TREESITTER-CHUNKER] [INFO]    Child type: comment at lines 42-44
[2025-11-28T04:57:14.413Z] [2025-11-28T04:57:14.414Z] [TREESITTER-CHUNKER] [INFO]    Child type: method_definition at lines 45-73
[2025-11-28T04:57:14.413Z] [2025-11-28T04:57:14.414Z] [TREESITTER-CHUNKER] [INFO]    🎯 Found method: unknown (29 lines, 929 chars)
[2025-11-28T04:57:14.413Z] [2025-11-28T04:57:14.414Z] [TREESITTER-CHUNKER] [INFO]    ✅ Added method chunk: unknown
[2025-11-28T04:57:14.413Z] [2025-11-28T04:57:14.414Z] [TREESITTER-CHUNKER] [INFO]    Child type: comment at lines 75-77
[2025-11-28T04:57:14.413Z] [2025-11-28T04:57:14.414Z] [TREESITTER-CHUNKER] [INFO]    Child type: method_definition at lines 78-87
[2025-11-28T04:57:14.413Z] [2025-11-28T04:57:14.414Z] [TREESITTER-CHUNKER] [INFO]    🎯 Found method: unknown (10 lines, 308 chars)
[2025-11-28T04:57:14.414Z] [2025-11-28T04:57:14.414Z] [TREESITTER-CHUNKER] [INFO]    ✅ Added method chunk: unknown
[2025-11-28T04:57:14.414Z] [2025-11-28T04:57:14.414Z] [TREESITTER-CHUNKER] [INFO]    Child type: comment at lines 89-91
[2025-11-28T04:57:14.414Z] [2025-11-28T04:57:14.414Z] [TREESITTER-CHUNKER] [INFO]    Child type: method_definition at lines 92-99
[2025-11-28T04:57:14.414Z] [2025-11-28T04:57:14.414Z] [TREESITTER-CHUNKER] [INFO]    🎯 Found method: unknown (8 lines, 285 chars)
[2025-11-28T04:57:14.414Z] [2025-11-28T04:57:14.414Z] [TREESITTER-CHUNKER] [INFO]    ✅ Added method chunk: unknown
[2025-11-28T04:57:14.414Z] [2025-11-28T04:57:14.414Z] [TREESITTER-CHUNKER] [INFO]    Child type: comment at lines 101-103
[2025-11-28T04:57:14.414Z] [2025-11-28T04:57:14.415Z] [TREESITTER-CHUNKER] [INFO]    Child type: method_definition at lines 104-111
[2025-11-28T04:57:14.414Z] [2025-11-28T04:57:14.415Z] [TREESITTER-CHUNKER] [INFO]    🎯 Found method: unknown (8 lines, 299 chars)
[2025-11-28T04:57:14.414Z] [2025-11-28T04:57:14.415Z] [TREESITTER-CHUNKER] [INFO]    ✅ Added method chunk: unknown
[2025-11-28T04:57:14.414Z] [2025-11-28T04:57:14.415Z] [TREESITTER-CHUNKER] [INFO]    Child type: comment at lines 113-115
[2025-11-28T04:57:14.414Z] [2025-11-28T04:57:14.415Z] [TREESITTER-CHUNKER] [INFO]    Child type: method_definition at lines 116-162
[2025-11-28T04:57:14.414Z] [2025-11-28T04:57:14.415Z] [TREESITTER-CHUNKER] [INFO]    🎯 Found method: unknown (47 lines, 1109 chars)
[2025-11-28T04:57:14.414Z] [2025-11-28T04:57:14.415Z] [TREESITTER-CHUNKER] [INFO]    ✅ Added method chunk: unknown
[2025-11-28T04:57:14.414Z] [2025-11-28T04:57:14.415Z] [TREESITTER-CHUNKER] [INFO]    Child type: comment at lines 164-166
[2025-11-28T04:57:14.414Z] [2025-11-28T04:57:14.415Z] [TREESITTER-CHUNKER] [INFO]    Child type: method_definition at lines 167-191
[2025-11-28T04:57:14.414Z] [2025-11-28T04:57:14.415Z] [TREESITTER-CHUNKER] [INFO]    🎯 Found method: unknown (25 lines, 878 chars)
[2025-11-28T04:57:14.414Z] [2025-11-28T04:57:14.415Z] [TREESITTER-CHUNKER] [INFO]    ✅ Added method chunk: unknown
[2025-11-28T04:57:14.414Z] [2025-11-28T04:57:14.415Z] [TREESITTER-CHUNKER] [INFO]    Child type: comment at lines 193-195
[2025-11-28T04:57:14.414Z] [2025-11-28T04:57:14.415Z] [TREESITTER-CHUNKER] [INFO]    Child type: method_definition at lines 196-203
[2025-11-28T04:57:14.414Z] [2025-11-28T04:57:14.415Z] [TREESITTER-CHUNKER] [INFO]    🎯 Found method: unknown (8 lines, 276 chars)
[2025-11-28T04:57:14.414Z] [2025-11-28T04:57:14.415Z] [TREESITTER-CHUNKER] [INFO]    ✅ Added method chunk: unknown
[2025-11-28T04:57:14.414Z] [2025-11-28T04:57:14.415Z] [TREESITTER-CHUNKER] [INFO]    Child type: comment at lines 205-207
[2025-11-28T04:57:14.414Z] [2025-11-28T04:57:14.415Z] [TREESITTER-CHUNKER] [INFO]    Child type: method_definition at lines 208-215
[2025-11-28T04:57:14.414Z] [2025-11-28T04:57:14.415Z] [TREESITTER-CHUNKER] [INFO]    🎯 Found method: unknown (8 lines, 304 chars)
[2025-11-28T04:57:14.414Z] [2025-11-28T04:57:14.415Z] [TREESITTER-CHUNKER] [INFO]    ✅ Added method chunk: unknown
[2025-11-28T04:57:14.414Z] [2025-11-28T04:57:14.415Z] [TREESITTER-CHUNKER] [INFO]    Child type: comment at lines 217-219
[2025-11-28T04:57:14.414Z] [2025-11-28T04:57:14.415Z] [TREESITTER-CHUNKER] [INFO]    Child type: method_definition at lines 220-240
[2025-11-28T04:57:14.414Z] [2025-11-28T04:57:14.415Z] [TREESITTER-CHUNKER] [INFO]    🎯 Found method: unknown (21 lines, 646 chars)
[2025-11-28T04:57:14.414Z] [2025-11-28T04:57:14.415Z] [TREESITTER-CHUNKER] [INFO]    ✅ Added method chunk: unknown
[2025-11-28T04:57:14.414Z] [2025-11-28T04:57:14.415Z] [TREESITTER-CHUNKER] [INFO]    Child type: comment at lines 242-244
[2025-11-28T04:57:14.414Z] [2025-11-28T04:57:14.415Z] [TREESITTER-CHUNKER] [INFO]    Child type: method_definition at lines 245-268
[2025-11-28T04:57:14.414Z] [2025-11-28T04:57:14.415Z] [TREESITTER-CHUNKER] [INFO]    🎯 Found method: unknown (24 lines, 860 chars)
[2025-11-28T04:57:14.414Z] [2025-11-28T04:57:14.415Z] [TREESITTER-CHUNKER] [INFO]    ✅ Added method chunk: unknown
[2025-11-28T04:57:14.415Z] [2025-11-28T04:57:14.415Z] [TREESITTER-CHUNKER] [INFO]    Child type: comment at lines 270-272
[2025-11-28T04:57:14.415Z] [2025-11-28T04:57:14.415Z] [TREESITTER-CHUNKER] [INFO]    Child type: method_definition at lines 273-301
[2025-11-28T04:57:14.415Z] [2025-11-28T04:57:14.415Z] [TREESITTER-CHUNKER] [INFO]    🎯 Found method: unknown (29 lines, 804 chars)
[2025-11-28T04:57:14.415Z] [2025-11-28T04:57:14.415Z] [TREESITTER-CHUNKER] [INFO]    ✅ Added method chunk: unknown
[2025-11-28T04:57:14.415Z] [2025-11-28T04:57:14.415Z] [TREESITTER-CHUNKER] [INFO]    Child type: comment at lines 303-305
[2025-11-28T04:57:14.415Z] [2025-11-28T04:57:14.416Z] [TREESITTER-CHUNKER] [INFO]    Child type: method_definition at lines 306-322
[2025-11-28T04:57:14.415Z] [2025-11-28T04:57:14.416Z] [TREESITTER-CHUNKER] [INFO]    🎯 Found method: unknown (17 lines, 541 chars)
[2025-11-28T04:57:14.415Z] [2025-11-28T04:57:14.416Z] [TREESITTER-CHUNKER] [INFO]    ✅ Added method chunk: unknown
[2025-11-28T04:57:14.415Z] [2025-11-28T04:57:14.416Z] [TREESITTER-CHUNKER] [INFO]    Child type: comment at lines 324-326
[2025-11-28T04:57:14.415Z] [2025-11-28T04:57:14.416Z] [TREESITTER-CHUNKER] [INFO]    Child type: method_definition at lines 327-339
[2025-11-28T04:57:14.415Z] [2025-11-28T04:57:14.416Z] [TREESITTER-CHUNKER] [INFO]    🎯 Found method: unknown (13 lines, 398 chars)
[2025-11-28T04:57:14.415Z] [2025-11-28T04:57:14.416Z] [TREESITTER-CHUNKER] [INFO]    ✅ Added method chunk: unknown
[2025-11-28T04:57:14.415Z] [2025-11-28T04:57:14.416Z] [TREESITTER-CHUNKER] [INFO] 🏁 Extracted 15 methods from large class
[2025-11-28T04:57:14.423Z] [2025-11-28T04:57:14.423Z] [TREESITTER-CHUNKER] [INFO] Created 10 semantic chunks from C:\Projects\educatedplanet\dataservice\src\services\user.service.ts
[2025-11-28T04:57:14.460Z] [2025-11-28T04:57:14.461Z] [TREESITTER-FULL] [INFO] Extracted 2 symbols from C:\Projects\educatedplanet\dataservice\src\services\user.service.ts
[2025-11-28T04:57:14.460Z] [2025-11-28T04:57:14.461Z] [INDEXING-ORCHESTRATOR] [DEBUG] 🔍 Symbol extraction for C:\Projects\educatedplanet\dataservice\src\services\user.service.ts: 2 symbols, 5 imports
[2025-11-28T04:57:14.460Z] [2025-11-28T04:57:14.461Z] [INDEXING-ORCHESTRATOR] [DEBUG] 📍 Chunk 16-41: 0 candidate symbols
[2025-11-28T04:57:14.460Z] [2025-11-28T04:57:14.461Z] [INDEXING-ORCHESTRATOR] [DEBUG] ✅ Chunk symbols after filtering: 0 symbols - 
[2025-11-28T04:57:14.460Z] [2025-11-28T04:57:14.461Z] [INDEXING-ORCHESTRATOR] [DEBUG] 📍 Chunk 45-87: 0 candidate symbols
[2025-11-28T04:57:14.460Z] [2025-11-28T04:57:14.461Z] [INDEXING-ORCHESTRATOR] [DEBUG] ✅ Chunk symbols after filtering: 0 symbols - 
[2025-11-28T04:57:14.460Z] [2025-11-28T04:57:14.461Z] [INDEXING-ORCHESTRATOR] [DEBUG] 📍 Chunk 92-111: 0 candidate symbols
[2025-11-28T04:57:14.460Z] [2025-11-28T04:57:14.461Z] [INDEXING-ORCHESTRATOR] [DEBUG] ✅ Chunk symbols after filtering: 0 symbols - 
[2025-11-28T04:57:14.460Z] [2025-11-28T04:57:14.461Z] [INDEXING-ORCHESTRATOR] [DEBUG] 📍 Chunk 116-162: 0 candidate symbols
[2025-11-28T04:57:14.460Z] [2025-11-28T04:57:14.461Z] [INDEXING-ORCHESTRATOR] [DEBUG] ✅ Chunk symbols after filtering: 0 symbols - 
[2025-11-28T04:57:14.460Z] [2025-11-28T04:57:14.461Z] [INDEXING-ORCHESTRATOR] [DEBUG] 📍 Chunk 167-203: 0 candidate symbols
[2025-11-28T04:57:14.460Z] [2025-11-28T04:57:14.461Z] [INDEXING-ORCHESTRATOR] [DEBUG] ✅ Chunk symbols after filtering: 0 symbols - 
[2025-11-28T04:57:14.460Z] [2025-11-28T04:57:14.461Z] [INDEXING-ORCHESTRATOR] [DEBUG] 📍 Chunk 208-240: 0 candidate symbols
[2025-11-28T04:57:14.460Z] [2025-11-28T04:57:14.461Z] [INDEXING-ORCHESTRATOR] [DEBUG] ✅ Chunk symbols after filtering: 0 symbols - 
[2025-11-28T04:57:14.460Z] [2025-11-28T04:57:14.461Z] [INDEXING-ORCHESTRATOR] [DEBUG] 📍 Chunk 245-268: 0 candidate symbols
[2025-11-28T04:57:14.460Z] [2025-11-28T04:57:14.461Z] [INDEXING-ORCHESTRATOR] [DEBUG] ✅ Chunk symbols after filtering: 0 symbols - 
[2025-11-28T04:57:14.460Z] [2025-11-28T04:57:14.461Z] [INDEXING-ORCHESTRATOR] [DEBUG] 📍 Chunk 273-322: 0 candidate symbols
[2025-11-28T04:57:14.460Z] [2025-11-28T04:57:14.461Z] [INDEXING-ORCHESTRATOR] [DEBUG] ✅ Chunk symbols after filtering: 0 symbols - 
[2025-11-28T04:57:14.460Z] [2025-11-28T04:57:14.461Z] [INDEXING-ORCHESTRATOR] [DEBUG] 📍 Chunk 327-339: 0 candidate symbols
[2025-11-28T04:57:14.460Z] [2025-11-28T04:57:14.461Z] [INDEXING-ORCHESTRATOR] [DEBUG] ✅ Chunk symbols after filtering: 0 symbols - 
[2025-11-28T04:57:14.460Z] [2025-11-28T04:57:14.461Z] [INDEXING-ORCHESTRATOR] [DEBUG] 📍 Chunk 340-343: 1 candidate symbols
[2025-11-28T04:57:14.460Z] [2025-11-28T04:57:14.461Z] [INDEXING-ORCHESTRATOR] [DEBUG] ✅ Chunk symbols after filtering: 1 symbols - userService
[2025-11-28T04:57:14.461Z] [2025-11-28T04:57:14.461Z] [INDEXING-ORCHESTRATOR] [DEBUG] Created 10 semantic chunks for C:\Projects\educatedplanet\dataservice\src\services\user.service.ts
[2025-11-28T04:57:14.461Z] [2025-11-28T04:57:14.461Z] [INDEXING-ORCHESTRATOR] [DEBUG] Average chunk size: 868 characters
[2025-11-28T04:57:14.467Z] [2025-11-28T04:57:14.468Z] [TREESITTER-CHUNKER] [INFO] Created 3 semantic chunks from C:\Projects\educatedplanet\dataservice\src\utils\rsa-keys.ts
[2025-11-28T04:57:14.478Z] [2025-11-28T04:57:14.479Z] [TREESITTER-FULL] [INFO] Extracted 6 symbols from C:\Projects\educatedplanet\dataservice\src\utils\rsa-keys.ts
[2025-11-28T04:57:14.478Z] [2025-11-28T04:57:14.479Z] [INDEXING-ORCHESTRATOR] [DEBUG] 🔍 Symbol extraction for C:\Projects\educatedplanet\dataservice\src\utils\rsa-keys.ts: 6 symbols, 2 imports
[2025-11-28T04:57:14.478Z] [2025-11-28T04:57:14.479Z] [INDEXING-ORCHESTRATOR] [DEBUG] 📍 Chunk 17-66: 3 candidate symbols
[2025-11-28T04:57:14.478Z] [2025-11-28T04:57:14.479Z] [INDEXING-ORCHESTRATOR] [DEBUG] ✅ Chunk symbols after filtering: 3 symbols - initializeRSAKeys, getPublicKey, getPrivateKey
[2025-11-28T04:57:14.478Z] [2025-11-28T04:57:14.479Z] [INDEXING-ORCHESTRATOR] [DEBUG] 📍 Chunk 71-115: 2 candidate symbols
[2025-11-28T04:57:14.478Z] [2025-11-28T04:57:14.479Z] [INDEXING-ORCHESTRATOR] [DEBUG] ✅ Chunk symbols after filtering: 2 symbols - decryptWithPrivateKey, encryptWithPublicKey
[2025-11-28T04:57:14.478Z] [2025-11-28T04:57:14.479Z] [INDEXING-ORCHESTRATOR] [DEBUG] 📍 Chunk 120-140: 1 candidate symbols
[2025-11-28T04:57:14.478Z] [2025-11-28T04:57:14.479Z] [INDEXING-ORCHESTRATOR] [DEBUG] ✅ Chunk symbols after filtering: 1 symbols - regenerateRSAKeys
[2025-11-28T04:57:14.478Z] [2025-11-28T04:57:14.479Z] [INDEXING-ORCHESTRATOR] [DEBUG] Created 3 semantic chunks for C:\Projects\educatedplanet\dataservice\src\utils\rsa-keys.ts
[2025-11-28T04:57:14.478Z] [2025-11-28T04:57:14.479Z] [INDEXING-ORCHESTRATOR] [DEBUG] Average chunk size: 979 characters
[2025-11-28T04:57:14.481Z] [2025-11-28T04:57:14.482Z] [TREESITTER-CHUNKER] [INFO] Created 2 semantic chunks from C:\Projects\educatedplanet\models\src\class\types.ts
[2025-11-28T04:57:14.487Z] [2025-11-28T04:57:14.488Z] [TREESITTER-FULL] [INFO] Extracted 9 symbols from C:\Projects\educatedplanet\models\src\class\types.ts
[2025-11-28T04:57:14.487Z] [2025-11-28T04:57:14.488Z] [INDEXING-ORCHESTRATOR] [DEBUG] 🔍 Symbol extraction for C:\Projects\educatedplanet\models\src\class\types.ts: 9 symbols, 0 imports
[2025-11-28T04:57:14.487Z] [2025-11-28T04:57:14.488Z] [INDEXING-ORCHESTRATOR] [DEBUG] 📍 Chunk 2-48: 3 candidate symbols
[2025-11-28T04:57:14.487Z] [2025-11-28T04:57:14.488Z] [INDEXING-ORCHESTRATOR] [DEBUG] ✅ Chunk symbols after filtering: 3 symbols - Class, ClassMetadata, CreateClassInput
[2025-11-28T04:57:14.487Z] [2025-11-28T04:57:14.488Z] [INDEXING-ORCHESTRATOR] [DEBUG] 📍 Chunk 50-100: 6 candidate symbols
[2025-11-28T04:57:14.487Z] [2025-11-28T04:57:14.488Z] [INDEXING-ORCHESTRATOR] [DEBUG] ✅ Chunk symbols after filtering: 6 symbols - UpdateClassInput, ClassSearchParams, ClassWithSubClasses, AddSubClassInput, RemoveSubClassInput, PaginatedResponse
[2025-11-28T04:57:14.487Z] [2025-11-28T04:57:14.488Z] [INDEXING-ORCHESTRATOR] [DEBUG] Created 2 semantic chunks for C:\Projects\educatedplanet\models\src\class\types.ts
[2025-11-28T04:57:14.487Z] [2025-11-28T04:57:14.488Z] [INDEXING-ORCHESTRATOR] [DEBUG] Average chunk size: 1264 characters
[2025-11-28T04:57:14.489Z] [2025-11-28T04:57:14.490Z] [TREESITTER-CHUNKER] [INFO] Created 1 semantic chunks from C:\Projects\educatedplanet\models\src\common\common.types.js
[2025-11-28T04:57:14.493Z] [2025-11-28T04:57:14.494Z] [TREESITTER-FULL] [INFO] Extracted 0 symbols from C:\Projects\educatedplanet\models\src\common\common.types.js
[2025-11-28T04:57:14.493Z] [2025-11-28T04:57:14.494Z] [INDEXING-ORCHESTRATOR] [DEBUG] 🔍 Symbol extraction for C:\Projects\educatedplanet\models\src\common\common.types.js: 0 symbols, 0 imports
[2025-11-28T04:57:14.493Z] [2025-11-28T04:57:14.494Z] [INDEXING-ORCHESTRATOR] [DEBUG] 📍 Chunk 1-37: 0 candidate symbols
[2025-11-28T04:57:14.493Z] [2025-11-28T04:57:14.494Z] [INDEXING-ORCHESTRATOR] [DEBUG] ✅ Chunk symbols after filtering: 0 symbols - 
[2025-11-28T04:57:14.493Z] [2025-11-28T04:57:14.494Z] [INDEXING-ORCHESTRATOR] [DEBUG] Created 1 semantic chunks for C:\Projects\educatedplanet\models\src\common\common.types.js
[2025-11-28T04:57:14.494Z] [2025-11-28T04:57:14.494Z] [INDEXING-ORCHESTRATOR] [DEBUG] Average chunk size: 1064 characters
[2025-11-28T04:57:14.510Z] [2025-11-28T04:57:14.511Z] [TREESITTER-CHUNKER] [INFO] Created 3 semantic chunks from C:\Projects\educatedplanet\models\src\common\common.types.ts
[2025-11-28T04:57:14.520Z] [2025-11-28T04:57:14.521Z] [TREESITTER-FULL] [INFO] Extracted 21 symbols from C:\Projects\educatedplanet\models\src\common\common.types.ts
[2025-11-28T04:57:14.520Z] [2025-11-28T04:57:14.521Z] [INDEXING-ORCHESTRATOR] [DEBUG] 🔍 Symbol extraction for C:\Projects\educatedplanet\models\src\common\common.types.ts: 21 symbols, 0 imports
[2025-11-28T04:57:14.520Z] [2025-11-28T04:57:14.521Z] [INDEXING-ORCHESTRATOR] [DEBUG] 📍 Chunk 8-86: 8 candidate symbols
[2025-11-28T04:57:14.520Z] [2025-11-28T04:57:14.521Z] [INDEXING-ORCHESTRATOR] [DEBUG] ✅ Chunk symbols after filtering: 8 symbols - ApiResponse, ApiError, PaginationParams, PaginationMeta, PaginatedResponse, BaseEntity, Status, VerificationStatus
[2025-11-28T04:57:14.520Z] [2025-11-28T04:57:14.521Z] [INDEXING-ORCHESTRATOR] [DEBUG] 📍 Chunk 91-110: 2 candidate symbols
[2025-11-28T04:57:14.520Z] [2025-11-28T04:57:14.521Z] [INDEXING-ORCHESTRATOR] [DEBUG] ✅ Chunk symbols after filtering: 2 symbols - Subject, ClassLevel
[2025-11-28T04:57:14.520Z] [2025-11-28T04:57:14.521Z] [INDEXING-ORCHESTRATOR] [DEBUG] 📍 Chunk 129-207: 10 candidate symbols
[2025-11-28T04:57:14.520Z] [2025-11-28T04:57:14.521Z] [INDEXING-ORCHESTRATOR] [DEBUG] ✅ Chunk symbols after filtering: 10 symbols - BhubaneswarArea, SearchFilters, LoadingState, ThemeMode, Currency, FileUpload, FormErrors, ComponentProps, ColorVariant, SizeVariant
[2025-11-28T04:57:14.520Z] [2025-11-28T04:57:14.521Z] [INDEXING-ORCHESTRATOR] [DEBUG] Created 3 semantic chunks for C:\Projects\educatedplanet\models\src\common\common.types.ts
[2025-11-28T04:57:14.520Z] [2025-11-28T04:57:14.521Z] [INDEXING-ORCHESTRATOR] [DEBUG] Average chunk size: 1009 characters
[2025-11-28T04:57:14.520Z] [2025-11-28T04:57:14.521Z] [TREESITTER-CHUNKER] [INFO] Created 1 semantic chunks from C:\Projects\educatedplanet\models\src\common\index.ts
[2025-11-28T04:57:14.521Z] [2025-11-28T04:57:14.521Z] [TREESITTER-FULL] [INFO] Extracted 0 symbols from C:\Projects\educatedplanet\models\src\common\index.ts
[2025-11-28T04:57:14.521Z] [2025-11-28T04:57:14.521Z] [INDEXING-ORCHESTRATOR] [DEBUG] 🔍 Symbol extraction for C:\Projects\educatedplanet\models\src\common\index.ts: 0 symbols, 0 imports
[2025-11-28T04:57:14.521Z] [2025-11-28T04:57:14.521Z] [INDEXING-ORCHESTRATOR] [DEBUG] 📍 Chunk 1-5: 0 candidate symbols
[2025-11-28T04:57:14.521Z] [2025-11-28T04:57:14.521Z] [INDEXING-ORCHESTRATOR] [DEBUG] ✅ Chunk symbols after filtering: 0 symbols - 
[2025-11-28T04:57:14.521Z] [2025-11-28T04:57:14.521Z] [INDEXING-ORCHESTRATOR] [DEBUG] Created 1 semantic chunks for C:\Projects\educatedplanet\models\src\common\index.ts
[2025-11-28T04:57:14.521Z] [2025-11-28T04:57:14.521Z] [INDEXING-ORCHESTRATOR] [DEBUG] Average chunk size: 64 characters
[2025-11-28T04:57:14.523Z] [2025-11-28T04:57:14.524Z] [TREESITTER-CHUNKER] [INFO] Created 1 semantic chunks from C:\Projects\educatedplanet\models\src\index.js
[2025-11-28T04:57:14.529Z] [2025-11-28T04:57:14.530Z] [TREESITTER-FULL] [INFO] Extracted 0 symbols from C:\Projects\educatedplanet\models\src\index.js
[2025-11-28T04:57:14.530Z] [2025-11-28T04:57:14.530Z] [INDEXING-ORCHESTRATOR] [DEBUG] 🔍 Symbol extraction for C:\Projects\educatedplanet\models\src\index.js: 0 symbols, 0 imports
[2025-11-28T04:57:14.530Z] [2025-11-28T04:57:14.530Z] [INDEXING-ORCHESTRATOR] [DEBUG] 📍 Chunk 1-27: 0 candidate symbols
[2025-11-28T04:57:14.530Z] [2025-11-28T04:57:14.530Z] [INDEXING-ORCHESTRATOR] [DEBUG] ✅ Chunk symbols after filtering: 0 symbols - 
[2025-11-28T04:57:14.530Z] [2025-11-28T04:57:14.530Z] [INDEXING-ORCHESTRATOR] [DEBUG] Created 1 semantic chunks for C:\Projects\educatedplanet\models\src\index.js
[2025-11-28T04:57:14.530Z] [2025-11-28T04:57:14.530Z] [INDEXING-ORCHESTRATOR] [DEBUG] Average chunk size: 1176 characters
[2025-11-28T04:57:14.530Z] [2025-11-28T04:57:14.530Z] [INDEXING-ORCHESTRATOR] [DEBUG] 📊 Processed: 280/324 files
[2025-11-28T04:57:14.539Z] [2025-11-28T04:57:14.540Z] [TREESITTER-CHUNKER] [INFO] Created 1 semantic chunks from C:\Projects\educatedplanet\models\src\index.ts
[2025-11-28T04:57:14.541Z] [2025-11-28T04:57:14.542Z] [TREESITTER-FULL] [INFO] Extracted 0 symbols from C:\Projects\educatedplanet\models\src\index.ts
[2025-11-28T04:57:14.541Z] [2025-11-28T04:57:14.542Z] [INDEXING-ORCHESTRATOR] [DEBUG] 🔍 Symbol extraction for C:\Projects\educatedplanet\models\src\index.ts: 0 symbols, 0 imports
[2025-11-28T04:57:14.541Z] [2025-11-28T04:57:14.542Z] [INDEXING-ORCHESTRATOR] [DEBUG] 📍 Chunk 1-119: 0 candidate symbols
[2025-11-28T04:57:14.541Z] [2025-11-28T04:57:14.542Z] [INDEXING-ORCHESTRATOR] [DEBUG] ✅ Chunk symbols after filtering: 0 symbols - 
[2025-11-28T04:57:14.541Z] [2025-11-28T04:57:14.542Z] [INDEXING-ORCHESTRATOR] [DEBUG] Created 1 semantic chunks for C:\Projects\educatedplanet\models\src\index.ts
[2025-11-28T04:57:14.541Z] [2025-11-28T04:57:14.542Z] [INDEXING-ORCHESTRATOR] [DEBUG] Average chunk size: 2256 characters
[2025-11-28T04:57:14.542Z] [2025-11-28T04:57:14.543Z] [TREESITTER-CHUNKER] [INFO] Created 1 semantic chunks from C:\Projects\educatedplanet\models\src\tutor\tutor.types.js
[2025-11-28T04:57:14.542Z] [2025-11-28T04:57:14.543Z] [TREESITTER-FULL] [INFO] Extracted 0 symbols from C:\Projects\educatedplanet\models\src\tutor\tutor.types.js
[2025-11-28T04:57:14.542Z] [2025-11-28T04:57:14.543Z] [INDEXING-ORCHESTRATOR] [DEBUG] 🔍 Symbol extraction for C:\Projects\educatedplanet\models\src\tutor\tutor.types.js: 0 symbols, 0 imports
[2025-11-28T04:57:14.542Z] [2025-11-28T04:57:14.543Z] [INDEXING-ORCHESTRATOR] [DEBUG] 📍 Chunk 1-3: 0 candidate symbols
[2025-11-28T04:57:14.542Z] [2025-11-28T04:57:14.543Z] [INDEXING-ORCHESTRATOR] [DEBUG] ✅ Chunk symbols after filtering: 0 symbols - 
[2025-11-28T04:57:14.542Z] [2025-11-28T04:57:14.543Z] [INDEXING-ORCHESTRATOR] [DEBUG] Created 1 semantic chunks for C:\Projects\educatedplanet\models\src\tutor\tutor.types.js
[2025-11-28T04:57:14.542Z] [2025-11-28T04:57:14.543Z] [INDEXING-ORCHESTRATOR] [DEBUG] Average chunk size: 116 characters
[2025-11-28T04:57:14.554Z] [2025-11-28T04:57:14.555Z] [TREESITTER-CHUNKER] [INFO] Created 5 semantic chunks from C:\Projects\educatedplanet\models\src\tutor\admin.types.ts
[2025-11-28T04:57:14.576Z] [2025-11-28T04:57:14.577Z] [TREESITTER-FULL] [INFO] Extracted 20 symbols from C:\Projects\educatedplanet\models\src\tutor\admin.types.ts
[2025-11-28T04:57:14.576Z] [2025-11-28T04:57:14.577Z] [INDEXING-ORCHESTRATOR] [DEBUG] 🔍 Symbol extraction for C:\Projects\educatedplanet\models\src\tutor\admin.types.ts: 20 symbols, 2 imports
[2025-11-28T04:57:14.576Z] [2025-11-28T04:57:14.577Z] [INDEXING-ORCHESTRATOR] [DEBUG] 📍 Chunk 7-60: 3 candidate symbols
[2025-11-28T04:57:14.576Z] [2025-11-28T04:57:14.577Z] [INDEXING-ORCHESTRATOR] [DEBUG] ✅ Chunk symbols after filtering: 3 symbols - PhotoData, TutorStatus, TutorAdmin
[2025-11-28T04:57:14.576Z] [2025-11-28T04:57:14.577Z] [INDEXING-ORCHESTRATOR] [DEBUG] 📍 Chunk 65-169: 1 candidate symbols
[2025-11-28T04:57:14.576Z] [2025-11-28T04:57:14.577Z] [INDEXING-ORCHESTRATOR] [DEBUG] ✅ Chunk symbols after filtering: 1 symbols - TutorData
[2025-11-28T04:57:14.576Z] [2025-11-28T04:57:14.577Z] [INDEXING-ORCHESTRATOR] [DEBUG] 📍 Chunk 174-238: 4 candidate symbols
[2025-11-28T04:57:14.576Z] [2025-11-28T04:57:14.577Z] [INDEXING-ORCHESTRATOR] [DEBUG] ✅ Chunk symbols after filtering: 4 symbols - TutorAdminListItem, TutorApprovalQueue, BulkOperationRequest, BulkOperationResult
[2025-11-28T04:57:14.576Z] [2025-11-28T04:57:14.577Z] [INDEXING-ORCHESTRATOR] [DEBUG] 📍 Chunk 243-319: 7 candidate symbols
[2025-11-28T04:57:14.576Z] [2025-11-28T04:57:14.577Z] [INDEXING-ORCHESTRATOR] [DEBUG] ✅ Chunk symbols after filtering: 7 symbols - TutorDashboardStats, TutorAnalyticsFilter, TutorAdminSearchParams, TutorVerificationUpdate, TutorApprovalUpdate, TutorRejectionUpdate, TutorSuspensionUpdate
[2025-11-28T04:57:14.576Z] [2025-11-28T04:57:14.577Z] [INDEXING-ORCHESTRATOR] [DEBUG] 📍 Chunk 324-364: 5 candidate symbols
[2025-11-28T04:57:14.576Z] [2025-11-28T04:57:14.577Z] [INDEXING-ORCHESTRATOR] [DEBUG] ✅ Chunk symbols after filtering: 5 symbols - TutorSubject, SubjectOption, ClassOption, SubjectsResponse, SubjectsClassesResponse
[2025-11-28T04:57:14.576Z] [2025-11-28T04:57:14.577Z] [INDEXING-ORCHESTRATOR] [DEBUG] Created 5 semantic chunks for C:\Projects\educatedplanet\models\src\tutor\admin.types.ts
[2025-11-28T04:57:14.576Z] [2025-11-28T04:57:14.577Z] [INDEXING-ORCHESTRATOR] [DEBUG] Average chunk size: 1421 characters
[2025-11-28T04:57:14.576Z] [2025-11-28T04:57:14.577Z] [TREESITTER-CHUNKER] [INFO] Created 1 semantic chunks from C:\Projects\educatedplanet\models\src\tutor\index.ts
[2025-11-28T04:57:14.577Z] [2025-11-28T04:57:14.578Z] [TREESITTER-FULL] [INFO] Extracted 0 symbols from C:\Projects\educatedplanet\models\src\tutor\index.ts
[2025-11-28T04:57:14.577Z] [2025-11-28T04:57:14.578Z] [INDEXING-ORCHESTRATOR] [DEBUG] 🔍 Symbol extraction for C:\Projects\educatedplanet\models\src\tutor\index.ts: 0 symbols, 0 imports
[2025-11-28T04:57:14.577Z] [2025-11-28T04:57:14.578Z] [INDEXING-ORCHESTRATOR] [DEBUG] 📍 Chunk 1-6: 0 candidate symbols
[2025-11-28T04:57:14.577Z] [2025-11-28T04:57:14.578Z] [INDEXING-ORCHESTRATOR] [DEBUG] ✅ Chunk symbols after filtering: 0 symbols - 
[2025-11-28T04:57:14.577Z] [2025-11-28T04:57:14.578Z] [INDEXING-ORCHESTRATOR] [DEBUG] Created 1 semantic chunks for C:\Projects\educatedplanet\models\src\tutor\index.ts
[2025-11-28T04:57:14.577Z] [2025-11-28T04:57:14.578Z] [INDEXING-ORCHESTRATOR] [DEBUG] Average chunk size: 101 characters
[2025-11-28T04:57:14.580Z] [2025-11-28T04:57:14.581Z] [TREESITTER-CHUNKER] [INFO] Created 2 semantic chunks from C:\Projects\educatedplanet\models\src\subject\types.ts
[2025-11-28T04:57:14.586Z] [2025-11-28T04:57:14.587Z] [TREESITTER-FULL] [INFO] Extracted 9 symbols from C:\Projects\educatedplanet\models\src\subject\types.ts
[2025-11-28T04:57:14.586Z] [2025-11-28T04:57:14.587Z] [INDEXING-ORCHESTRATOR] [DEBUG] 🔍 Symbol extraction for C:\Projects\educatedplanet\models\src\subject\types.ts: 9 symbols, 1 imports
[2025-11-28T04:57:14.586Z] [2025-11-28T04:57:14.587Z] [INDEXING-ORCHESTRATOR] [DEBUG] 📍 Chunk 6-48: 3 candidate symbols
[2025-11-28T04:57:14.586Z] [2025-11-28T04:57:14.587Z] [INDEXING-ORCHESTRATOR] [DEBUG] ✅ Chunk symbols after filtering: 3 symbols - Subject, SubjectMetadata, CreateSubjectInput
[2025-11-28T04:57:14.586Z] [2025-11-28T04:57:14.587Z] [INDEXING-ORCHESTRATOR] [DEBUG] 📍 Chunk 50-97: 6 candidate symbols
[2025-11-28T04:57:14.586Z] [2025-11-28T04:57:14.587Z] [INDEXING-ORCHESTRATOR] [DEBUG] ✅ Chunk symbols after filtering: 6 symbols - UpdateSubjectInput, SubjectSearchParams, SubjectWithClasses, AddClassToSubjectInput, RemoveClassFromSubjectInput, BulkSubjectOperation
[2025-11-28T04:57:14.586Z] [2025-11-28T04:57:14.587Z] [INDEXING-ORCHESTRATOR] [DEBUG] Created 2 semantic chunks for C:\Projects\educatedplanet\models\src\subject\types.ts
[2025-11-28T04:57:14.586Z] [2025-11-28T04:57:14.587Z] [INDEXING-ORCHESTRATOR] [DEBUG] Average chunk size: 1351 characters
[2025-11-28T04:57:14.593Z] [2025-11-28T04:57:14.593Z] [TREESITTER-CHUNKER] [INFO] Created 4 semantic chunks from C:\Projects\educatedplanet\models\src\tutor\tutor.types.ts
[2025-11-28T04:57:14.603Z] [2025-11-28T04:57:14.603Z] [TREESITTER-FULL] [INFO] Extracted 20 symbols from C:\Projects\educatedplanet\models\src\tutor\tutor.types.ts
[2025-11-28T04:57:14.603Z] [2025-11-28T04:57:14.604Z] [INDEXING-ORCHESTRATOR] [DEBUG] 🔍 Symbol extraction for C:\Projects\educatedplanet\models\src\tutor\tutor.types.ts: 20 symbols, 0 imports
[2025-11-28T04:57:14.603Z] [2025-11-28T04:57:14.604Z] [INDEXING-ORCHESTRATOR] [DEBUG] 📍 Chunk 5-81: 8 candidate symbols
[2025-11-28T04:57:14.603Z] [2025-11-28T04:57:14.604Z] [INDEXING-ORCHESTRATOR] [DEBUG] ✅ Chunk symbols after filtering: 8 symbols - Tutor, TutorRating, TeachingMode, TutorLocation, TutorPrice, TutorSearchFilters, TutorCardVariant, ExtendedTutor
[2025-11-28T04:57:14.603Z] [2025-11-28T04:57:14.604Z] [INDEXING-ORCHESTRATOR] [DEBUG] 📍 Chunk 86-140: 6 candidate symbols
[2025-11-28T04:57:14.603Z] [2025-11-28T04:57:14.604Z] [INDEXING-ORCHESTRATOR] [DEBUG] ✅ Chunk symbols after filtering: 6 symbols - Education, Language, Availability, WeekdayAvailability, TimeSlot, Review
[2025-11-28T04:57:14.603Z] [2025-11-28T04:57:14.604Z] [INDEXING-ORCHESTRATOR] [DEBUG] 📍 Chunk 149-232: 5 candidate symbols
[2025-11-28T04:57:14.603Z] [2025-11-28T04:57:14.604Z] [INDEXING-ORCHESTRATOR] [DEBUG] ✅ Chunk symbols after filtering: 5 symbols - CreateTutorInput, UpdateTutorInput, TutorSearchParams, CreateReviewInput, UpdateReviewInput
[2025-11-28T04:57:14.603Z] [2025-11-28T04:57:14.604Z] [INDEXING-ORCHESTRATOR] [DEBUG] 📍 Chunk 237-245: 1 candidate symbols
[2025-11-28T04:57:14.603Z] [2025-11-28T04:57:14.604Z] [INDEXING-ORCHESTRATOR] [DEBUG] ✅ Chunk symbols after filtering: 1 symbols - ReviewSearchParams
[2025-11-28T04:57:14.603Z] [2025-11-28T04:57:14.604Z] [INDEXING-ORCHESTRATOR] [DEBUG] Created 4 semantic chunks for C:\Projects\educatedplanet\models\src\tutor\tutor.types.ts
[2025-11-28T04:57:14.603Z] [2025-11-28T04:57:14.604Z] [INDEXING-ORCHESTRATOR] [DEBUG] Average chunk size: 1013 characters
[2025-11-28T04:57:14.603Z] [2025-11-28T04:57:14.604Z] [TREESITTER-CHUNKER] [INFO] Created 1 semantic chunks from C:\Projects\educatedplanet\models\src\user\index.ts
[2025-11-28T04:57:14.603Z] [2025-11-28T04:57:14.604Z] [TREESITTER-FULL] [INFO] Extracted 0 symbols from C:\Projects\educatedplanet\models\src\user\index.ts
[2025-11-28T04:57:14.603Z] [2025-11-28T04:57:14.604Z] [INDEXING-ORCHESTRATOR] [DEBUG] 🔍 Symbol extraction for C:\Projects\educatedplanet\models\src\user\index.ts: 0 symbols, 0 imports
[2025-11-28T04:57:14.604Z] [2025-11-28T04:57:14.604Z] [INDEXING-ORCHESTRATOR] [DEBUG] 📍 Chunk 1-5: 0 candidate symbols
[2025-11-28T04:57:14.604Z] [2025-11-28T04:57:14.604Z] [INDEXING-ORCHESTRATOR] [DEBUG] ✅ Chunk symbols after filtering: 0 symbols - 
[2025-11-28T04:57:14.604Z] [2025-11-28T04:57:14.604Z] [INDEXING-ORCHESTRATOR] [DEBUG] Created 1 semantic chunks for C:\Projects\educatedplanet\models\src\user\index.ts
[2025-11-28T04:57:14.604Z] [2025-11-28T04:57:14.604Z] [INDEXING-ORCHESTRATOR] [DEBUG] Average chunk size: 68 characters
[2025-11-28T04:57:14.604Z] [2025-11-28T04:57:14.605Z] [TREESITTER-CHUNKER] [INFO] Created 1 semantic chunks from C:\Projects\educatedplanet\models\src\user\user.types.js
[2025-11-28T04:57:14.604Z] [2025-11-28T04:57:14.605Z] [TREESITTER-FULL] [INFO] Extracted 0 symbols from C:\Projects\educatedplanet\models\src\user\user.types.js
[2025-11-28T04:57:14.604Z] [2025-11-28T04:57:14.605Z] [INDEXING-ORCHESTRATOR] [DEBUG] 🔍 Symbol extraction for C:\Projects\educatedplanet\models\src\user\user.types.js: 0 symbols, 0 imports
[2025-11-28T04:57:14.604Z] [2025-11-28T04:57:14.605Z] [INDEXING-ORCHESTRATOR] [DEBUG] 📍 Chunk 1-3: 0 candidate symbols
[2025-11-28T04:57:14.604Z] [2025-11-28T04:57:14.605Z] [INDEXING-ORCHESTRATOR] [DEBUG] ✅ Chunk symbols after filtering: 0 symbols - 
[2025-11-28T04:57:14.604Z] [2025-11-28T04:57:14.605Z] [INDEXING-ORCHESTRATOR] [DEBUG] Created 1 semantic chunks for C:\Projects\educatedplanet\models\src\user\user.types.js
[2025-11-28T04:57:14.604Z] [2025-11-28T04:57:14.605Z] [INDEXING-ORCHESTRATOR] [DEBUG] Average chunk size: 115 characters
[2025-11-28T04:57:14.609Z] [2025-11-28T04:57:14.610Z] [TREESITTER-CHUNKER] [INFO] Created 3 semantic chunks from C:\Projects\educatedplanet\models\src\user\user.types.ts
[2025-11-28T04:57:14.615Z] [2025-11-28T04:57:14.616Z] [TREESITTER-FULL] [INFO] Extracted 15 symbols from C:\Projects\educatedplanet\models\src\user\user.types.ts
[2025-11-28T04:57:14.615Z] [2025-11-28T04:57:14.616Z] [INDEXING-ORCHESTRATOR] [DEBUG] 🔍 Symbol extraction for C:\Projects\educatedplanet\models\src\user\user.types.ts: 15 symbols, 0 imports
[2025-11-28T04:57:14.615Z] [2025-11-28T04:57:14.616Z] [INDEXING-ORCHESTRATOR] [DEBUG] 📍 Chunk 4-91: 8 candidate symbols
[2025-11-28T04:57:14.615Z] [2025-11-28T04:57:14.616Z] [INDEXING-ORCHESTRATOR] [DEBUG] ✅ Chunk symbols after filtering: 8 symbols - User, UserRole, UserRegistration, UserLogin, UserProfile, Address, UserPreferences, NotificationPreferences
[2025-11-28T04:57:14.615Z] [2025-11-28T04:57:14.616Z] [INDEXING-ORCHESTRATOR] [DEBUG] 📍 Chunk 96-120: 3 candidate symbols
[2025-11-28T04:57:14.615Z] [2025-11-28T04:57:14.616Z] [INDEXING-ORCHESTRATOR] [DEBUG] ✅ Chunk symbols after filtering: 3 symbols - PrivacySettings, ExtendedUser, UserStats
[2025-11-28T04:57:14.615Z] [2025-11-28T04:57:14.616Z] [INDEXING-ORCHESTRATOR] [DEBUG] 📍 Chunk 129-171: 4 candidate symbols
[2025-11-28T04:57:14.615Z] [2025-11-28T04:57:14.616Z] [INDEXING-ORCHESTRATOR] [DEBUG] ✅ Chunk symbols after filtering: 4 symbols - CreateUserInput, UpdateUserInput, LoginInput, UserSearchParams
[2025-11-28T04:57:14.615Z] [2025-11-28T04:57:14.616Z] [INDEXING-ORCHESTRATOR] [DEBUG] Created 3 semantic chunks for C:\Projects\educatedplanet\models\src\user\user.types.ts
[2025-11-28T04:57:14.615Z] [2025-11-28T04:57:14.616Z] [INDEXING-ORCHESTRATOR] [DEBUG] Average chunk size: 894 characters
[2025-11-28T04:57:14.653Z] [2025-11-28T04:57:14.653Z] [TREESITTER-CHUNKER] [INFO] Created 1 semantic chunks from C:\Projects\educatedplanet\web\app\demo\page.tsx
[2025-11-28T04:57:14.905Z] [2025-11-28T04:57:14.906Z] [TREESITTER-FULL] [INFO] Extracted 3 symbols from C:\Projects\educatedplanet\web\app\demo\page.tsx
[2025-11-28T04:57:14.905Z] [2025-11-28T04:57:14.906Z] [INDEXING-ORCHESTRATOR] [DEBUG] 🔍 Symbol extraction for C:\Projects\educatedplanet\web\app\demo\page.tsx: 3 symbols, 6 imports
[2025-11-28T04:57:14.905Z] [2025-11-28T04:57:14.906Z] [INDEXING-ORCHESTRATOR] [DEBUG] 📍 Chunk 1-343: 3 candidate symbols
[2025-11-28T04:57:14.905Z] [2025-11-28T04:57:14.906Z] [INDEXING-ORCHESTRATOR] [DEBUG] ✅ Chunk symbols after filtering: 3 symbols - features, components, demoTutors
[2025-11-28T04:57:14.905Z] [2025-11-28T04:57:14.906Z] [INDEXING-ORCHESTRATOR] [DEBUG] Created 1 semantic chunks for C:\Projects\educatedplanet\web\app\demo\page.tsx
[2025-11-28T04:57:14.905Z] [2025-11-28T04:57:14.906Z] [INDEXING-ORCHESTRATOR] [DEBUG] Average chunk size: 13510 characters
[2025-11-28T04:57:14.905Z] [2025-11-28T04:57:14.906Z] [INDEXING-ORCHESTRATOR] [DEBUG] 📊 Processed: 290/324 files
[2025-11-28T04:57:14.914Z] [2025-11-28T04:57:14.915Z] [TREESITTER-CHUNKER] [INFO] Created 1 semantic chunks from C:\Projects\educatedplanet\web\app\featured-tutors-demo\page.tsx
[2025-11-28T04:57:14.921Z] [2025-11-28T04:57:14.921Z] [TREESITTER-FULL] [INFO] Extracted 1 symbols from C:\Projects\educatedplanet\web\app\featured-tutors-demo\page.tsx
[2025-11-28T04:57:14.921Z] [2025-11-28T04:57:14.921Z] [INDEXING-ORCHESTRATOR] [DEBUG] 🔍 Symbol extraction for C:\Projects\educatedplanet\web\app\featured-tutors-demo\page.tsx: 1 symbols, 1 imports
[2025-11-28T04:57:14.921Z] [2025-11-28T04:57:14.921Z] [INDEXING-ORCHESTRATOR] [DEBUG] 📍 Chunk 3-30: 1 candidate symbols
[2025-11-28T04:57:14.921Z] [2025-11-28T04:57:14.922Z] [INDEXING-ORCHESTRATOR] [DEBUG] ✅ Chunk symbols after filtering: 1 symbols - FeaturedTutorsDemoPage
[2025-11-28T04:57:14.921Z] [2025-11-28T04:57:14.922Z] [INDEXING-ORCHESTRATOR] [DEBUG] Created 1 semantic chunks for C:\Projects\educatedplanet\web\app\featured-tutors-demo\page.tsx
[2025-11-28T04:57:14.921Z] [2025-11-28T04:57:14.922Z] [INDEXING-ORCHESTRATOR] [DEBUG] Average chunk size: 924 characters
[2025-11-28T04:57:14.923Z] [2025-11-28T04:57:14.924Z] [TREESITTER-CHUNKER] [INFO] Created 1 semantic chunks from C:\Projects\educatedplanet\web\app\layout.tsx
[2025-11-28T04:57:14.929Z] [2025-11-28T04:57:14.930Z] [TREESITTER-FULL] [INFO] Extracted 5 symbols from C:\Projects\educatedplanet\web\app\layout.tsx
[2025-11-28T04:57:14.929Z] [2025-11-28T04:57:14.930Z] [INDEXING-ORCHESTRATOR] [DEBUG] 🔍 Symbol extraction for C:\Projects\educatedplanet\web\app\layout.tsx: 5 symbols, 4 imports
[2025-11-28T04:57:14.929Z] [2025-11-28T04:57:14.930Z] [INDEXING-ORCHESTRATOR] [DEBUG] 📍 Chunk 32-49: 1 candidate symbols
[2025-11-28T04:57:14.929Z] [2025-11-28T04:57:14.930Z] [INDEXING-ORCHESTRATOR] [DEBUG] ✅ Chunk symbols after filtering: 1 symbols - RootLayout
[2025-11-28T04:57:14.929Z] [2025-11-28T04:57:14.930Z] [INDEXING-ORCHESTRATOR] [DEBUG] Created 1 semantic chunks for C:\Projects\educatedplanet\web\app\layout.tsx
[2025-11-28T04:57:14.929Z] [2025-11-28T04:57:14.930Z] [INDEXING-ORCHESTRATOR] [DEBUG] Average chunk size: 392 characters
[2025-11-28T04:57:14.931Z] [2025-11-28T04:57:14.932Z] [TREESITTER-CHUNKER] [INFO] Created 1 semantic chunks from C:\Projects\educatedplanet\web\app\page.tsx
[2025-11-28T04:57:14.934Z] [2025-11-28T04:57:14.934Z] [TREESITTER-FULL] [INFO] Extracted 1 symbols from C:\Projects\educatedplanet\web\app\page.tsx
[2025-11-28T04:57:14.934Z] [2025-11-28T04:57:14.934Z] [INDEXING-ORCHESTRATOR] [DEBUG] 🔍 Symbol extraction for C:\Projects\educatedplanet\web\app\page.tsx: 1 symbols, 2 imports
[2025-11-28T04:57:14.934Z] [2025-11-28T04:57:14.934Z] [INDEXING-ORCHESTRATOR] [DEBUG] 📍 Chunk 6-21: 1 candidate symbols
[2025-11-28T04:57:14.934Z] [2025-11-28T04:57:14.934Z] [INDEXING-ORCHESTRATOR] [DEBUG] ✅ Chunk symbols after filtering: 1 symbols - Home
[2025-11-28T04:57:14.934Z] [2025-11-28T04:57:14.934Z] [INDEXING-ORCHESTRATOR] [DEBUG] Created 1 semantic chunks for C:\Projects\educatedplanet\web\app\page.tsx
[2025-11-28T04:57:14.934Z] [2025-11-28T04:57:14.934Z] [INDEXING-ORCHESTRATOR] [DEBUG] Average chunk size: 507 characters
[2025-11-28T04:57:14.934Z] [2025-11-28T04:57:14.935Z] [TREESITTER-CHUNKER] [INFO] Created 1 semantic chunks from C:\Projects\educatedplanet\web\components\auth\index.ts
[2025-11-28T04:57:14.934Z] [2025-11-28T04:57:14.935Z] [TREESITTER-FULL] [INFO] Extracted 0 symbols from C:\Projects\educatedplanet\web\components\auth\index.ts
[2025-11-28T04:57:14.934Z] [2025-11-28T04:57:14.935Z] [INDEXING-ORCHESTRATOR] [DEBUG] 🔍 Symbol extraction for C:\Projects\educatedplanet\web\components\auth\index.ts: 0 symbols, 0 imports
[2025-11-28T04:57:14.934Z] [2025-11-28T04:57:14.935Z] [INDEXING-ORCHESTRATOR] [DEBUG] 📍 Chunk 1-1: 0 candidate symbols
[2025-11-28T04:57:14.934Z] [2025-11-28T04:57:14.935Z] [INDEXING-ORCHESTRATOR] [DEBUG] ✅ Chunk symbols after filtering: 0 symbols - 
[2025-11-28T04:57:14.934Z] [2025-11-28T04:57:14.935Z] [INDEXING-ORCHESTRATOR] [DEBUG] Created 1 semantic chunks for C:\Projects\educatedplanet\web\components\auth\index.ts
[2025-11-28T04:57:14.934Z] [2025-11-28T04:57:14.935Z] [INDEXING-ORCHESTRATOR] [DEBUG] Average chunk size: 42 characters
[2025-11-28T04:57:14.957Z] [2025-11-28T04:57:14.958Z] [TREESITTER-CHUNKER] [INFO] Created 3 semantic chunks from C:\Projects\educatedplanet\web\components\auth\login-modal.tsx
[2025-11-28T04:57:15.037Z] [2025-11-28T04:57:15.038Z] [TREESITTER-FULL] [INFO] Extracted 6 symbols from C:\Projects\educatedplanet\web\components\auth\login-modal.tsx
[2025-11-28T04:57:15.037Z] [2025-11-28T04:57:15.038Z] [INDEXING-ORCHESTRATOR] [DEBUG] 🔍 Symbol extraction for C:\Projects\educatedplanet\web\components\auth\login-modal.tsx: 6 symbols, 6 imports
[2025-11-28T04:57:15.037Z] [2025-11-28T04:57:15.038Z] [INDEXING-ORCHESTRATOR] [DEBUG] 📍 Chunk 10-67: 4 candidate symbols
[2025-11-28T04:57:15.037Z] [2025-11-28T04:57:15.038Z] [INDEXING-ORCHESTRATOR] [DEBUG] ✅ Chunk symbols after filtering: 4 symbols - LoginModalProps, OTPFormProps, OTPForm, OTPVerifyProps
[2025-11-28T04:57:15.037Z] [2025-11-28T04:57:15.038Z] [INDEXING-ORCHESTRATOR] [DEBUG] 📍 Chunk 69-128: 1 candidate symbols
[2025-11-28T04:57:15.037Z] [2025-11-28T04:57:15.038Z] [INDEXING-ORCHESTRATOR] [DEBUG] ✅ Chunk symbols after filtering: 1 symbols - OTPVerify
[2025-11-28T04:57:15.037Z] [2025-11-28T04:57:15.038Z] [INDEXING-ORCHESTRATOR] [DEBUG] 📍 Chunk 130-215: 1 candidate symbols
[2025-11-28T04:57:15.037Z] [2025-11-28T04:57:15.038Z] [INDEXING-ORCHESTRATOR] [DEBUG] ✅ Chunk symbols after filtering: 1 symbols - LoginModal
[2025-11-28T04:57:15.037Z] [2025-11-28T04:57:15.038Z] [INDEXING-ORCHESTRATOR] [DEBUG] Created 3 semantic chunks for C:\Projects\educatedplanet\web\components\auth\login-modal.tsx
[2025-11-28T04:57:15.037Z] [2025-11-28T04:57:15.038Z] [INDEXING-ORCHESTRATOR] [DEBUG] Average chunk size: 1713 characters
[2025-11-28T04:57:15.045Z] [2025-11-28T04:57:15.046Z] [TREESITTER-CHUNKER] [INFO] Created 2 semantic chunks from C:\Projects\educatedplanet\web\components\featured-tutors\featured-tutors-section.tsx
[2025-11-28T04:57:15.065Z] [2025-11-28T04:57:15.066Z] [TREESITTER-FULL] [INFO] Extracted 1 symbols from C:\Projects\educatedplanet\web\components\featured-tutors\featured-tutors-section.tsx
[2025-11-28T04:57:15.065Z] [2025-11-28T04:57:15.066Z] [INDEXING-ORCHESTRATOR] [DEBUG] 🔍 Symbol extraction for C:\Projects\educatedplanet\web\components\featured-tutors\featured-tutors-section.tsx: 1 symbols, 7 imports
[2025-11-28T04:57:15.065Z] [2025-11-28T04:57:15.066Z] [INDEXING-ORCHESTRATOR] [DEBUG] 📍 Chunk 11-18: 1 candidate symbols
[2025-11-28T04:57:15.065Z] [2025-11-28T04:57:15.066Z] [INDEXING-ORCHESTRATOR] [DEBUG] ✅ Chunk symbols after filtering: 1 symbols - FeaturedTutorsSectionProps
[2025-11-28T04:57:15.065Z] [2025-11-28T04:57:15.066Z] [INDEXING-ORCHESTRATOR] [DEBUG] 📍 Chunk 19-140: 0 candidate symbols
[2025-11-28T04:57:15.065Z] [2025-11-28T04:57:15.066Z] [INDEXING-ORCHESTRATOR] [DEBUG] ✅ Chunk symbols after filtering: 0 symbols - 
[2025-11-28T04:57:15.065Z] [2025-11-28T04:57:15.066Z] [INDEXING-ORCHESTRATOR] [DEBUG] Created 2 semantic chunks for C:\Projects\educatedplanet\web\components\featured-tutors\featured-tutors-section.tsx
[2025-11-28T04:57:15.065Z] [2025-11-28T04:57:15.066Z] [INDEXING-ORCHESTRATOR] [DEBUG] Average chunk size: 2325 characters
[2025-11-28T04:57:15.065Z] [2025-11-28T04:57:15.066Z] [TREESITTER-CHUNKER] [INFO] Created 1 semantic chunks from C:\Projects\educatedplanet\web\components\featured-tutors\index.ts
[2025-11-28T04:57:15.066Z] [2025-11-28T04:57:15.067Z] [TREESITTER-FULL] [INFO] Extracted 0 symbols from C:\Projects\educatedplanet\web\components\featured-tutors\index.ts
[2025-11-28T04:57:15.066Z] [2025-11-28T04:57:15.067Z] [INDEXING-ORCHESTRATOR] [DEBUG] 🔍 Symbol extraction for C:\Projects\educatedplanet\web\components\featured-tutors\index.ts: 0 symbols, 0 imports
[2025-11-28T04:57:15.066Z] [2025-11-28T04:57:15.067Z] [INDEXING-ORCHESTRATOR] [DEBUG] 📍 Chunk 1-4: 0 candidate symbols
[2025-11-28T04:57:15.066Z] [2025-11-28T04:57:15.067Z] [INDEXING-ORCHESTRATOR] [DEBUG] ✅ Chunk symbols after filtering: 0 symbols - 
[2025-11-28T04:57:15.066Z] [2025-11-28T04:57:15.067Z] [INDEXING-ORCHESTRATOR] [DEBUG] Created 1 semantic chunks for C:\Projects\educatedplanet\web\components\featured-tutors\index.ts
[2025-11-28T04:57:15.066Z] [2025-11-28T04:57:15.067Z] [INDEXING-ORCHESTRATOR] [DEBUG] Average chunk size: 209 characters
[2025-11-28T04:57:15.076Z] [2025-11-28T04:57:15.077Z] [TREESITTER-CHUNKER] [INFO] Created 1 semantic chunks from C:\Projects\educatedplanet\web\components\featured-tutors\integration-example.tsx
[2025-11-28T04:57:15.100Z] [2025-11-28T04:57:15.101Z] [TREESITTER-FULL] [INFO] Extracted 0 symbols from C:\Projects\educatedplanet\web\components\featured-tutors\integration-example.tsx
[2025-11-28T04:57:15.100Z] [2025-11-28T04:57:15.101Z] [INDEXING-ORCHESTRATOR] [DEBUG] 🔍 Symbol extraction for C:\Projects\educatedplanet\web\components\featured-tutors\integration-example.tsx: 0 symbols, 4 imports
[2025-11-28T04:57:15.100Z] [2025-11-28T04:57:15.101Z] [INDEXING-ORCHESTRATOR] [DEBUG] 📍 Chunk 1-103: 0 candidate symbols
[2025-11-28T04:57:15.100Z] [2025-11-28T04:57:15.101Z] [INDEXING-ORCHESTRATOR] [DEBUG] ✅ Chunk symbols after filtering: 0 symbols - 
[2025-11-28T04:57:15.100Z] [2025-11-28T04:57:15.101Z] [INDEXING-ORCHESTRATOR] [DEBUG] Created 1 semantic chunks for C:\Projects\educatedplanet\web\components\featured-tutors\integration-example.tsx
[2025-11-28T04:57:15.100Z] [2025-11-28T04:57:15.101Z] [INDEXING-ORCHESTRATOR] [DEBUG] Average chunk size: 4831 characters
[2025-11-28T04:57:15.109Z] [2025-11-28T04:57:15.110Z] [TREESITTER-CHUNKER] [INFO] Created 2 semantic chunks from C:\Projects\educatedplanet\web\components\featured-tutors\teaching-mode-badge.tsx
[2025-11-28T04:57:15.118Z] [2025-11-28T04:57:15.119Z] [TREESITTER-FULL] [INFO] Extracted 4 symbols from C:\Projects\educatedplanet\web\components\featured-tutors\teaching-mode-badge.tsx
[2025-11-28T04:57:15.118Z] [2025-11-28T04:57:15.119Z] [INDEXING-ORCHESTRATOR] [DEBUG] 🔍 Symbol extraction for C:\Projects\educatedplanet\web\components\featured-tutors\teaching-mode-badge.tsx: 4 symbols, 4 imports
[2025-11-28T04:57:15.118Z] [2025-11-28T04:57:15.119Z] [INDEXING-ORCHESTRATOR] [DEBUG] 📍 Chunk 8-12: 1 candidate symbols
[2025-11-28T04:57:15.118Z] [2025-11-28T04:57:15.119Z] [INDEXING-ORCHESTRATOR] [DEBUG] ✅ Chunk symbols after filtering: 1 symbols - TeachingModeBadgeProps
[2025-11-28T04:57:15.119Z] [2025-11-28T04:57:15.119Z] [INDEXING-ORCHESTRATOR] [DEBUG] 📍 Chunk 13-81: 3 candidate symbols
[2025-11-28T04:57:15.119Z] [2025-11-28T04:57:15.119Z] [INDEXING-ORCHESTRATOR] [DEBUG] ✅ Chunk symbols after filtering: 3 symbols - getBadgeInfo, sizeClasses, iconSizes
[2025-11-28T04:57:15.119Z] [2025-11-28T04:57:15.119Z] [INDEXING-ORCHESTRATOR] [DEBUG] Created 2 semantic chunks for C:\Projects\educatedplanet\web\components\featured-tutors\teaching-mode-badge.tsx
[2025-11-28T04:57:15.119Z] [2025-11-28T04:57:15.119Z] [INDEXING-ORCHESTRATOR] [DEBUG] Average chunk size: 999 characters
[2025-11-28T04:57:15.123Z] [2025-11-28T04:57:15.124Z] [TREESITTER-CHUNKER] [INFO] Created 2 semantic chunks from C:\Projects\educatedplanet\web\components\featured-tutors\rating-stars.tsx
[2025-11-28T04:57:15.137Z] [2025-11-28T04:57:15.138Z] [TREESITTER-FULL] [INFO] Extracted 4 symbols from C:\Projects\educatedplanet\web\components\featured-tutors\rating-stars.tsx
[2025-11-28T04:57:15.137Z] [2025-11-28T04:57:15.138Z] [INDEXING-ORCHESTRATOR] [DEBUG] 🔍 Symbol extraction for C:\Projects\educatedplanet\web\components\featured-tutors\rating-stars.tsx: 4 symbols, 3 imports
[2025-11-28T04:57:15.138Z] [2025-11-28T04:57:15.138Z] [INDEXING-ORCHESTRATOR] [DEBUG] 📍 Chunk 7-13: 1 candidate symbols
[2025-11-28T04:57:15.138Z] [2025-11-28T04:57:15.138Z] [INDEXING-ORCHESTRATOR] [DEBUG] ✅ Chunk symbols after filtering: 1 symbols - RatingStarsProps
[2025-11-28T04:57:15.138Z] [2025-11-28T04:57:15.138Z] [INDEXING-ORCHESTRATOR] [DEBUG] 📍 Chunk 14-95: 3 candidate symbols
[2025-11-28T04:57:15.138Z] [2025-11-28T04:57:15.138Z] [INDEXING-ORCHESTRATOR] [DEBUG] ✅ Chunk symbols after filtering: 3 symbols - fullStars, sizeClasses, textSizes
[2025-11-28T04:57:15.138Z] [2025-11-28T04:57:15.138Z] [INDEXING-ORCHESTRATOR] [DEBUG] Created 2 semantic chunks for C:\Projects\educatedplanet\web\components\featured-tutors\rating-stars.tsx
[2025-11-28T04:57:15.138Z] [2025-11-28T04:57:15.138Z] [INDEXING-ORCHESTRATOR] [DEBUG] Average chunk size: 1117 characters
[2025-11-28T04:57:15.138Z] [2025-11-28T04:57:15.138Z] [INDEXING-ORCHESTRATOR] [DEBUG] 📊 Processed: 300/324 files
[2025-11-28T04:57:15.147Z] [2025-11-28T04:57:15.148Z] [TREESITTER-CHUNKER] [INFO] Created 2 semantic chunks from C:\Projects\educatedplanet\web\components\header\header.tsx
[2025-11-28T04:57:15.186Z] [2025-11-28T04:57:15.187Z] [TREESITTER-FULL] [INFO] Extracted 2 symbols from C:\Projects\educatedplanet\web\components\header\header.tsx
[2025-11-28T04:57:15.186Z] [2025-11-28T04:57:15.187Z] [INDEXING-ORCHESTRATOR] [DEBUG] 🔍 Symbol extraction for C:\Projects\educatedplanet\web\components\header\header.tsx: 2 symbols, 8 imports
[2025-11-28T04:57:15.186Z] [2025-11-28T04:57:15.187Z] [INDEXING-ORCHESTRATOR] [DEBUG] 📍 Chunk 12-14: 1 candidate symbols
[2025-11-28T04:57:15.186Z] [2025-11-28T04:57:15.187Z] [INDEXING-ORCHESTRATOR] [DEBUG] ✅ Chunk symbols after filtering: 1 symbols - HeaderProps
[2025-11-28T04:57:15.187Z] [2025-11-28T04:57:15.187Z] [INDEXING-ORCHESTRATOR] [DEBUG] 📍 Chunk 16-84: 1 candidate symbols
[2025-11-28T04:57:15.187Z] [2025-11-28T04:57:15.187Z] [INDEXING-ORCHESTRATOR] [DEBUG] ✅ Chunk symbols after filtering: 1 symbols - Header
[2025-11-28T04:57:15.187Z] [2025-11-28T04:57:15.187Z] [INDEXING-ORCHESTRATOR] [DEBUG] Created 2 semantic chunks for C:\Projects\educatedplanet\web\components\header\header.tsx
[2025-11-28T04:57:15.187Z] [2025-11-28T04:57:15.187Z] [INDEXING-ORCHESTRATOR] [DEBUG] Average chunk size: 1094 characters
[2025-11-28T04:57:15.204Z] [2025-11-28T04:57:15.204Z] [TREESITTER-CHUNKER] [INFO] Created 2 semantic chunks from C:\Projects\educatedplanet\web\components\featured-tutors\tutor-card.tsx
[2025-11-28T04:57:15.250Z] [2025-11-28T04:57:15.251Z] [TREESITTER-FULL] [INFO] Extracted 3 symbols from C:\Projects\educatedplanet\web\components\featured-tutors\tutor-card.tsx
[2025-11-28T04:57:15.250Z] [2025-11-28T04:57:15.251Z] [INDEXING-ORCHESTRATOR] [DEBUG] 🔍 Symbol extraction for C:\Projects\educatedplanet\web\components\featured-tutors\tutor-card.tsx: 3 symbols, 12 imports
[2025-11-28T04:57:15.250Z] [2025-11-28T04:57:15.251Z] [INDEXING-ORCHESTRATOR] [DEBUG] 📍 Chunk 16-22: 1 candidate symbols
[2025-11-28T04:57:15.250Z] [2025-11-28T04:57:15.251Z] [INDEXING-ORCHESTRATOR] [DEBUG] ✅ Chunk symbols after filtering: 1 symbols - TutorCardProps
[2025-11-28T04:57:15.250Z] [2025-11-28T04:57:15.251Z] [INDEXING-ORCHESTRATOR] [DEBUG] 📍 Chunk 23-190: 2 candidate symbols
[2025-11-28T04:57:15.250Z] [2025-11-28T04:57:15.251Z] [INDEXING-ORCHESTRATOR] [DEBUG] ✅ Chunk symbols after filtering: 2 symbols - handleViewProfile, variantStyles
[2025-11-28T04:57:15.250Z] [2025-11-28T04:57:15.251Z] [INDEXING-ORCHESTRATOR] [DEBUG] Created 2 semantic chunks for C:\Projects\educatedplanet\web\components\featured-tutors\tutor-card.tsx
[2025-11-28T04:57:15.250Z] [2025-11-28T04:57:15.251Z] [INDEXING-ORCHESTRATOR] [DEBUG] Average chunk size: 3176 characters
[2025-11-28T04:57:15.251Z] [2025-11-28T04:57:15.252Z] [TREESITTER-CHUNKER] [INFO] Created 1 semantic chunks from C:\Projects\educatedplanet\web\components\header\index.ts
[2025-11-28T04:57:15.251Z] [2025-11-28T04:57:15.252Z] [TREESITTER-FULL] [INFO] Extracted 0 symbols from C:\Projects\educatedplanet\web\components\header\index.ts
[2025-11-28T04:57:15.251Z] [2025-11-28T04:57:15.252Z] [INDEXING-ORCHESTRATOR] [DEBUG] 🔍 Symbol extraction for C:\Projects\educatedplanet\web\components\header\index.ts: 0 symbols, 0 imports
[2025-11-28T04:57:15.251Z] [2025-11-28T04:57:15.252Z] [INDEXING-ORCHESTRATOR] [DEBUG] 📍 Chunk 1-4: 0 candidate symbols
[2025-11-28T04:57:15.251Z] [2025-11-28T04:57:15.252Z] [INDEXING-ORCHESTRATOR] [DEBUG] ✅ Chunk symbols after filtering: 0 symbols - 
[2025-11-28T04:57:15.251Z] [2025-11-28T04:57:15.252Z] [INDEXING-ORCHESTRATOR] [DEBUG] Created 1 semantic chunks for C:\Projects\educatedplanet\web\components\header\index.ts
[2025-11-28T04:57:15.251Z] [2025-11-28T04:57:15.252Z] [INDEXING-ORCHESTRATOR] [DEBUG] Average chunk size: 148 characters
[2025-11-28T04:57:15.254Z] [2025-11-28T04:57:15.255Z] [TREESITTER-CHUNKER] [INFO] Created 1 semantic chunks from C:\Projects\educatedplanet\web\components\header\logo.tsx
[2025-11-28T04:57:15.259Z] [2025-11-28T04:57:15.260Z] [TREESITTER-FULL] [INFO] Extracted 2 symbols from C:\Projects\educatedplanet\web\components\header\logo.tsx
[2025-11-28T04:57:15.259Z] [2025-11-28T04:57:15.260Z] [INDEXING-ORCHESTRATOR] [DEBUG] 🔍 Symbol extraction for C:\Projects\educatedplanet\web\components\header\logo.tsx: 2 symbols, 2 imports
[2025-11-28T04:57:15.260Z] [2025-11-28T04:57:15.260Z] [INDEXING-ORCHESTRATOR] [DEBUG] 📍 Chunk 4-53: 2 candidate symbols
[2025-11-28T04:57:15.260Z] [2025-11-28T04:57:15.260Z] [INDEXING-ORCHESTRATOR] [DEBUG] ✅ Chunk symbols after filtering: 2 symbols - LogoProps, Logo
[2025-11-28T04:57:15.260Z] [2025-11-28T04:57:15.260Z] [INDEXING-ORCHESTRATOR] [DEBUG] Created 1 semantic chunks for C:\Projects\educatedplanet\web\components\header\logo.tsx
[2025-11-28T04:57:15.260Z] [2025-11-28T04:57:15.260Z] [INDEXING-ORCHESTRATOR] [DEBUG] Average chunk size: 1194 characters
[2025-11-28T04:57:15.263Z] [2025-11-28T04:57:15.264Z] [TREESITTER-CHUNKER] [INFO] Created 1 semantic chunks from C:\Projects\educatedplanet\web\components\header\navigation.tsx
[2025-11-28T04:57:15.270Z] [2025-11-28T04:57:15.271Z] [TREESITTER-FULL] [INFO] Extracted 3 symbols from C:\Projects\educatedplanet\web\components\header\navigation.tsx
[2025-11-28T04:57:15.270Z] [2025-11-28T04:57:15.271Z] [INDEXING-ORCHESTRATOR] [DEBUG] 🔍 Symbol extraction for C:\Projects\educatedplanet\web\components\header\navigation.tsx: 3 symbols, 3 imports
[2025-11-28T04:57:15.270Z] [2025-11-28T04:57:15.271Z] [INDEXING-ORCHESTRATOR] [DEBUG] 📍 Chunk 7-74: 3 candidate symbols
[2025-11-28T04:57:15.270Z] [2025-11-28T04:57:15.271Z] [INDEXING-ORCHESTRATOR] [DEBUG] ✅ Chunk symbols after filtering: 3 symbols - NavigationProps, NavItemProps, NavItem
[2025-11-28T04:57:15.270Z] [2025-11-28T04:57:15.271Z] [INDEXING-ORCHESTRATOR] [DEBUG] Created 1 semantic chunks for C:\Projects\educatedplanet\web\components\header\navigation.tsx
[2025-11-28T04:57:15.270Z] [2025-11-28T04:57:15.271Z] [INDEXING-ORCHESTRATOR] [DEBUG] Average chunk size: 1439 characters
[2025-11-28T04:57:15.274Z] [2025-11-28T04:57:15.275Z] [TREESITTER-CHUNKER] [INFO] Created 2 semantic chunks from C:\Projects\educatedplanet\web\components\header\mobile-menu.tsx
[2025-11-28T04:57:15.282Z] [2025-11-28T04:57:15.283Z] [TREESITTER-FULL] [INFO] Extracted 2 symbols from C:\Projects\educatedplanet\web\components\header\mobile-menu.tsx
[2025-11-28T04:57:15.282Z] [2025-11-28T04:57:15.283Z] [INDEXING-ORCHESTRATOR] [DEBUG] 🔍 Symbol extraction for C:\Projects\educatedplanet\web\components\header\mobile-menu.tsx: 2 symbols, 8 imports
[2025-11-28T04:57:15.282Z] [2025-11-28T04:57:15.283Z] [INDEXING-ORCHESTRATOR] [DEBUG] 📍 Chunk 12-14: 1 candidate symbols
[2025-11-28T04:57:15.282Z] [2025-11-28T04:57:15.283Z] [INDEXING-ORCHESTRATOR] [DEBUG] ✅ Chunk symbols after filtering: 1 symbols - MobileMenuProps
[2025-11-28T04:57:15.282Z] [2025-11-28T04:57:15.283Z] [INDEXING-ORCHESTRATOR] [DEBUG] 📍 Chunk 15-68: 1 candidate symbols
[2025-11-28T04:57:15.282Z] [2025-11-28T04:57:15.283Z] [INDEXING-ORCHESTRATOR] [DEBUG] ✅ Chunk symbols after filtering: 1 symbols - handleNavClick
[2025-11-28T04:57:15.282Z] [2025-11-28T04:57:15.283Z] [INDEXING-ORCHESTRATOR] [DEBUG] Created 2 semantic chunks for C:\Projects\educatedplanet\web\components\header\mobile-menu.tsx
[2025-11-28T04:57:15.282Z] [2025-11-28T04:57:15.283Z] [INDEXING-ORCHESTRATOR] [DEBUG] Average chunk size: 701 characters
[2025-11-28T04:57:15.309Z] [2025-11-28T04:57:15.309Z] [TREESITTER-CHUNKER] [INFO] Created 2 semantic chunks from C:\Projects\educatedplanet\web\components\hero\hero-section.tsx
[2025-11-28T04:57:15.421Z] [2025-11-28T04:57:15.422Z] [TREESITTER-FULL] [INFO] Extracted 2 symbols from C:\Projects\educatedplanet\web\components\hero\hero-section.tsx
[2025-11-28T04:57:15.421Z] [2025-11-28T04:57:15.422Z] [INDEXING-ORCHESTRATOR] [DEBUG] 🔍 Symbol extraction for C:\Projects\educatedplanet\web\components\hero\hero-section.tsx: 2 symbols, 6 imports
[2025-11-28T04:57:15.421Z] [2025-11-28T04:57:15.422Z] [INDEXING-ORCHESTRATOR] [DEBUG] 📍 Chunk 10-12: 1 candidate symbols
[2025-11-28T04:57:15.421Z] [2025-11-28T04:57:15.422Z] [INDEXING-ORCHESTRATOR] [DEBUG] ✅ Chunk symbols after filtering: 1 symbols - HeroSectionProps
[2025-11-28T04:57:15.421Z] [2025-11-28T04:57:15.422Z] [INDEXING-ORCHESTRATOR] [DEBUG] 📍 Chunk 14-176: 1 candidate symbols
[2025-11-28T04:57:15.421Z] [2025-11-28T04:57:15.422Z] [INDEXING-ORCHESTRATOR] [DEBUG] ✅ Chunk symbols after filtering: 1 symbols - HeroSection
[2025-11-28T04:57:15.421Z] [2025-11-28T04:57:15.422Z] [INDEXING-ORCHESTRATOR] [DEBUG] Created 2 semantic chunks for C:\Projects\educatedplanet\web\components\hero\hero-section.tsx
[2025-11-28T04:57:15.421Z] [2025-11-28T04:57:15.422Z] [INDEXING-ORCHESTRATOR] [DEBUG] Average chunk size: 3196 characters
[2025-11-28T04:57:15.424Z] [2025-11-28T04:57:15.425Z] [TREESITTER-CHUNKER] [INFO] Created 2 semantic chunks from C:\Projects\educatedplanet\web\components\ui\button.tsx
[2025-11-28T04:57:15.429Z] [2025-11-28T04:57:15.430Z] [TREESITTER-FULL] [INFO] Extracted 3 symbols from C:\Projects\educatedplanet\web\components\ui\button.tsx
[2025-11-28T04:57:15.429Z] [2025-11-28T04:57:15.430Z] [INDEXING-ORCHESTRATOR] [DEBUG] 🔍 Symbol extraction for C:\Projects\educatedplanet\web\components\ui\button.tsx: 3 symbols, 4 imports
[2025-11-28T04:57:15.429Z] [2025-11-28T04:57:15.430Z] [INDEXING-ORCHESTRATOR] [DEBUG] 📍 Chunk 36-40: 1 candidate symbols
[2025-11-28T04:57:15.429Z] [2025-11-28T04:57:15.430Z] [INDEXING-ORCHESTRATOR] [DEBUG] ✅ Chunk symbols after filtering: 1 symbols - ButtonProps
[2025-11-28T04:57:15.429Z] [2025-11-28T04:57:15.430Z] [INDEXING-ORCHESTRATOR] [DEBUG] 📍 Chunk 41-56: 1 candidate symbols
[2025-11-28T04:57:15.429Z] [2025-11-28T04:57:15.430Z] [INDEXING-ORCHESTRATOR] [DEBUG] ✅ Chunk symbols after filtering: 1 symbols - Button
[2025-11-28T04:57:15.429Z] [2025-11-28T04:57:15.430Z] [INDEXING-ORCHESTRATOR] [DEBUG] Created 2 semantic chunks for C:\Projects\educatedplanet\web\components\ui\button.tsx
[2025-11-28T04:57:15.429Z] [2025-11-28T04:57:15.430Z] [INDEXING-ORCHESTRATOR] [DEBUG] Average chunk size: 268 characters
[2025-11-28T04:57:15.430Z] [2025-11-28T04:57:15.430Z] [TREESITTER-CHUNKER] [INFO] Created 1 semantic chunks from C:\Projects\educatedplanet\web\components\hero\index.ts
[2025-11-28T04:57:15.430Z] [2025-11-28T04:57:15.431Z] [TREESITTER-FULL] [INFO] Extracted 0 symbols from C:\Projects\educatedplanet\web\components\hero\index.ts
[2025-11-28T04:57:15.430Z] [2025-11-28T04:57:15.431Z] [INDEXING-ORCHESTRATOR] [DEBUG] 🔍 Symbol extraction for C:\Projects\educatedplanet\web\components\hero\index.ts: 0 symbols, 0 imports
[2025-11-28T04:57:15.430Z] [2025-11-28T04:57:15.431Z] [INDEXING-ORCHESTRATOR] [DEBUG] 📍 Chunk 1-2: 0 candidate symbols
[2025-11-28T04:57:15.430Z] [2025-11-28T04:57:15.431Z] [INDEXING-ORCHESTRATOR] [DEBUG] ✅ Chunk symbols after filtering: 0 symbols - 
[2025-11-28T04:57:15.430Z] [2025-11-28T04:57:15.431Z] [INDEXING-ORCHESTRATOR] [DEBUG] Created 1 semantic chunks for C:\Projects\educatedplanet\web\components\hero\index.ts
[2025-11-28T04:57:15.430Z] [2025-11-28T04:57:15.431Z] [INDEXING-ORCHESTRATOR] [DEBUG] Average chunk size: 99 characters
[2025-11-28T04:57:15.431Z] [2025-11-28T04:57:15.432Z] [TREESITTER-CHUNKER] [INFO] Created 2 semantic chunks from C:\Projects\educatedplanet\web\components\ui\badge.tsx
[2025-11-28T04:57:15.435Z] [2025-11-28T04:57:15.435Z] [TREESITTER-FULL] [INFO] Extracted 3 symbols from C:\Projects\educatedplanet\web\components\ui\badge.tsx
[2025-11-28T04:57:15.435Z] [2025-11-28T04:57:15.436Z] [INDEXING-ORCHESTRATOR] [DEBUG] 🔍 Symbol extraction for C:\Projects\educatedplanet\web\components\ui\badge.tsx: 3 symbols, 3 imports
[2025-11-28T04:57:15.435Z] [2025-11-28T04:57:15.436Z] [INDEXING-ORCHESTRATOR] [DEBUG] 📍 Chunk 26-34: 2 candidate symbols
[2025-11-28T04:57:15.435Z] [2025-11-28T04:57:15.436Z] [INDEXING-ORCHESTRATOR] [DEBUG] ✅ Chunk symbols after filtering: 2 symbols - BadgeProps, Badge
[2025-11-28T04:57:15.435Z] [2025-11-28T04:57:15.436Z] [INDEXING-ORCHESTRATOR] [DEBUG] 📍 Chunk 35-36: 0 candidate symbols
[2025-11-28T04:57:15.435Z] [2025-11-28T04:57:15.436Z] [INDEXING-ORCHESTRATOR] [DEBUG] ✅ Chunk symbols after filtering: 0 symbols - 
[2025-11-28T04:57:15.435Z] [2025-11-28T04:57:15.436Z] [INDEXING-ORCHESTRATOR] [DEBUG] Created 2 semantic chunks for C:\Projects\educatedplanet\web\components\ui\badge.tsx
[2025-11-28T04:57:15.435Z] [2025-11-28T04:57:15.436Z] [INDEXING-ORCHESTRATOR] [DEBUG] Average chunk size: 150 characters
[2025-11-28T04:57:15.435Z] [2025-11-28T04:57:15.436Z] [INDEXING-ORCHESTRATOR] [DEBUG] 📊 Processed: 310/324 files
[2025-11-28T04:57:15.448Z] [2025-11-28T04:57:15.448Z] [TREESITTER-CHUNKER] [INFO] Created 1 semantic chunks from C:\Projects\educatedplanet\web\components\ui\card.tsx
[2025-11-28T04:57:15.463Z] [2025-11-28T04:57:15.463Z] [TREESITTER-FULL] [INFO] Extracted 0 symbols from C:\Projects\educatedplanet\web\components\ui\card.tsx
[2025-11-28T04:57:15.463Z] [2025-11-28T04:57:15.463Z] [INDEXING-ORCHESTRATOR] [DEBUG] 🔍 Symbol extraction for C:\Projects\educatedplanet\web\components\ui\card.tsx: 0 symbols, 2 imports
[2025-11-28T04:57:15.463Z] [2025-11-28T04:57:15.463Z] [INDEXING-ORCHESTRATOR] [DEBUG] 📍 Chunk 1-79: 0 candidate symbols
[2025-11-28T04:57:15.463Z] [2025-11-28T04:57:15.463Z] [INDEXING-ORCHESTRATOR] [DEBUG] ✅ Chunk symbols after filtering: 0 symbols - 
[2025-11-28T04:57:15.463Z] [2025-11-28T04:57:15.463Z] [INDEXING-ORCHESTRATOR] [DEBUG] Created 1 semantic chunks for C:\Projects\educatedplanet\web\components\ui\card.tsx
[2025-11-28T04:57:15.463Z] [2025-11-28T04:57:15.463Z] [INDEXING-ORCHESTRATOR] [DEBUG] Average chunk size: 1876 characters
[2025-11-28T04:57:15.472Z] [2025-11-28T04:57:15.473Z] [TREESITTER-CHUNKER] [INFO] Created 1 semantic chunks from C:\Projects\educatedplanet\web\components\ui\select.tsx
[2025-11-28T04:57:15.497Z] [2025-11-28T04:57:15.498Z] [TREESITTER-FULL] [INFO] Extracted 3 symbols from C:\Projects\educatedplanet\web\components\ui\select.tsx
[2025-11-28T04:57:15.497Z] [2025-11-28T04:57:15.498Z] [INDEXING-ORCHESTRATOR] [DEBUG] 🔍 Symbol extraction for C:\Projects\educatedplanet\web\components\ui\select.tsx: 3 symbols, 4 imports
[2025-11-28T04:57:15.497Z] [2025-11-28T04:57:15.498Z] [INDEXING-ORCHESTRATOR] [DEBUG] 📍 Chunk 1-158: 3 candidate symbols
[2025-11-28T04:57:15.497Z] [2025-11-28T04:57:15.498Z] [INDEXING-ORCHESTRATOR] [DEBUG] ✅ Chunk symbols after filtering: 3 symbols - SelectTrigger, SelectScrollUpButton, SelectScrollDownButton
[2025-11-28T04:57:15.497Z] [2025-11-28T04:57:15.498Z] [INDEXING-ORCHESTRATOR] [DEBUG] Created 1 semantic chunks for C:\Projects\educatedplanet\web\components\ui\select.tsx
[2025-11-28T04:57:15.497Z] [2025-11-28T04:57:15.498Z] [INDEXING-ORCHESTRATOR] [DEBUG] Average chunk size: 5614 characters
[2025-11-28T04:57:15.504Z] [2025-11-28T04:57:15.505Z] [TREESITTER-CHUNKER] [INFO] Created 1 semantic chunks from C:\Projects\educatedplanet\web\components\ui\dialog.tsx
[2025-11-28T04:57:15.520Z] [2025-11-28T04:57:15.520Z] [TREESITTER-FULL] [INFO] Extracted 0 symbols from C:\Projects\educatedplanet\web\components\ui\dialog.tsx
[2025-11-28T04:57:15.520Z] [2025-11-28T04:57:15.520Z] [INDEXING-ORCHESTRATOR] [DEBUG] 🔍 Symbol extraction for C:\Projects\educatedplanet\web\components\ui\dialog.tsx: 0 symbols, 4 imports
[2025-11-28T04:57:15.520Z] [2025-11-28T04:57:15.521Z] [INDEXING-ORCHESTRATOR] [DEBUG] 📍 Chunk 1-120: 0 candidate symbols
[2025-11-28T04:57:15.520Z] [2025-11-28T04:57:15.521Z] [INDEXING-ORCHESTRATOR] [DEBUG] ✅ Chunk symbols after filtering: 0 symbols - 
[2025-11-28T04:57:15.520Z] [2025-11-28T04:57:15.521Z] [INDEXING-ORCHESTRATOR] [DEBUG] Created 1 semantic chunks for C:\Projects\educatedplanet\web\components\ui\dialog.tsx
[2025-11-28T04:57:15.520Z] [2025-11-28T04:57:15.521Z] [INDEXING-ORCHESTRATOR] [DEBUG] Average chunk size: 3855 characters
[2025-11-28T04:57:15.522Z] [2025-11-28T04:57:15.522Z] [TREESITTER-CHUNKER] [INFO] Created 1 semantic chunks from C:\Projects\educatedplanet\web\components\ui\label.tsx
[2025-11-28T04:57:15.525Z] [2025-11-28T04:57:15.525Z] [TREESITTER-FULL] [INFO] Extracted 1 symbols from C:\Projects\educatedplanet\web\components\ui\label.tsx
[2025-11-28T04:57:15.525Z] [2025-11-28T04:57:15.525Z] [INDEXING-ORCHESTRATOR] [DEBUG] 🔍 Symbol extraction for C:\Projects\educatedplanet\web\components\ui\label.tsx: 1 symbols, 4 imports
[2025-11-28T04:57:15.525Z] [2025-11-28T04:57:15.525Z] [INDEXING-ORCHESTRATOR] [DEBUG] 📍 Chunk 1-24: 1 candidate symbols
[2025-11-28T04:57:15.525Z] [2025-11-28T04:57:15.525Z] [INDEXING-ORCHESTRATOR] [DEBUG] ✅ Chunk symbols after filtering: 1 symbols - labelVariants
[2025-11-28T04:57:15.525Z] [2025-11-28T04:57:15.525Z] [INDEXING-ORCHESTRATOR] [DEBUG] Created 1 semantic chunks for C:\Projects\educatedplanet\web\components\ui\label.tsx
[2025-11-28T04:57:15.525Z] [2025-11-28T04:57:15.525Z] [INDEXING-ORCHESTRATOR] [DEBUG] Average chunk size: 709 characters
[2025-11-28T04:57:15.526Z] [2025-11-28T04:57:15.527Z] [TREESITTER-CHUNKER] [INFO] Created 2 semantic chunks from C:\Projects\educatedplanet\web\components\ui\input.tsx
[2025-11-28T04:57:15.528Z] [2025-11-28T04:57:15.529Z] [TREESITTER-FULL] [INFO] Extracted 2 symbols from C:\Projects\educatedplanet\web\components\ui\input.tsx
[2025-11-28T04:57:15.528Z] [2025-11-28T04:57:15.529Z] [INDEXING-ORCHESTRATOR] [DEBUG] 🔍 Symbol extraction for C:\Projects\educatedplanet\web\components\ui\input.tsx: 2 symbols, 2 imports
[2025-11-28T04:57:15.529Z] [2025-11-28T04:57:15.529Z] [INDEXING-ORCHESTRATOR] [DEBUG] 📍 Chunk 5-6: 1 candidate symbols
[2025-11-28T04:57:15.529Z] [2025-11-28T04:57:15.529Z] [INDEXING-ORCHESTRATOR] [DEBUG] ✅ Chunk symbols after filtering: 1 symbols - InputProps
[2025-11-28T04:57:15.529Z] [2025-11-28T04:57:15.529Z] [INDEXING-ORCHESTRATOR] [DEBUG] 📍 Chunk 7-25: 1 candidate symbols
[2025-11-28T04:57:15.529Z] [2025-11-28T04:57:15.529Z] [INDEXING-ORCHESTRATOR] [DEBUG] ✅ Chunk symbols after filtering: 1 symbols - Input
[2025-11-28T04:57:15.529Z] [2025-11-28T04:57:15.529Z] [INDEXING-ORCHESTRATOR] [DEBUG] Created 2 semantic chunks for C:\Projects\educatedplanet\web\components\ui\input.tsx
[2025-11-28T04:57:15.529Z] [2025-11-28T04:57:15.529Z] [INDEXING-ORCHESTRATOR] [DEBUG] Average chunk size: 374 characters
[2025-11-28T04:57:15.536Z] [2025-11-28T04:57:15.536Z] [TREESITTER-CHUNKER] [INFO] Created 2 semantic chunks from C:\Projects\educatedplanet\web\components\ui\sheet.tsx
[2025-11-28T04:57:15.555Z] [2025-11-28T04:57:15.556Z] [TREESITTER-FULL] [INFO] Extracted 3 symbols from C:\Projects\educatedplanet\web\components\ui\sheet.tsx
[2025-11-28T04:57:15.555Z] [2025-11-28T04:57:15.556Z] [INDEXING-ORCHESTRATOR] [DEBUG] 🔍 Symbol extraction for C:\Projects\educatedplanet\web\components\ui\sheet.tsx: 3 symbols, 5 imports
[2025-11-28T04:57:15.555Z] [2025-11-28T04:57:15.556Z] [INDEXING-ORCHESTRATOR] [DEBUG] 📍 Chunk 35-39: 1 candidate symbols
[2025-11-28T04:57:15.555Z] [2025-11-28T04:57:15.556Z] [INDEXING-ORCHESTRATOR] [DEBUG] ✅ Chunk symbols after filtering: 1 symbols - SheetContentProps
[2025-11-28T04:57:15.555Z] [2025-11-28T04:57:15.556Z] [INDEXING-ORCHESTRATOR] [DEBUG] 📍 Chunk 40-144: 1 candidate symbols
[2025-11-28T04:57:15.555Z] [2025-11-28T04:57:15.556Z] [INDEXING-ORCHESTRATOR] [DEBUG] ✅ Chunk symbols after filtering: 1 symbols - SheetContent
[2025-11-28T04:57:15.555Z] [2025-11-28T04:57:15.556Z] [INDEXING-ORCHESTRATOR] [DEBUG] Created 2 semantic chunks for C:\Projects\educatedplanet\web\components\ui\sheet.tsx
[2025-11-28T04:57:15.555Z] [2025-11-28T04:57:15.556Z] [INDEXING-ORCHESTRATOR] [DEBUG] Average chunk size: 1611 characters
[2025-11-28T04:57:15.557Z] [2025-11-28T04:57:15.558Z] [TREESITTER-CHUNKER] [INFO] Created 1 semantic chunks from C:\Projects\educatedplanet\web\components\ui\separator.tsx
[2025-11-28T04:57:15.565Z] [2025-11-28T04:57:15.566Z] [TREESITTER-FULL] [INFO] Extracted 0 symbols from C:\Projects\educatedplanet\web\components\ui\separator.tsx
[2025-11-28T04:57:15.565Z] [2025-11-28T04:57:15.566Z] [INDEXING-ORCHESTRATOR] [DEBUG] 🔍 Symbol extraction for C:\Projects\educatedplanet\web\components\ui\separator.tsx: 0 symbols, 3 imports
[2025-11-28T04:57:15.565Z] [2025-11-28T04:57:15.566Z] [INDEXING-ORCHESTRATOR] [DEBUG] 📍 Chunk 1-29: 0 candidate symbols
[2025-11-28T04:57:15.565Z] [2025-11-28T04:57:15.566Z] [INDEXING-ORCHESTRATOR] [DEBUG] ✅ Chunk symbols after filtering: 0 symbols - 
[2025-11-28T04:57:15.565Z] [2025-11-28T04:57:15.566Z] [INDEXING-ORCHESTRATOR] [DEBUG] Created 1 semantic chunks for C:\Projects\educatedplanet\web\components\ui\separator.tsx
[2025-11-28T04:57:15.565Z] [2025-11-28T04:57:15.566Z] [INDEXING-ORCHESTRATOR] [DEBUG] Average chunk size: 755 characters
[2025-11-28T04:57:15.571Z] [2025-11-28T04:57:15.572Z] [TREESITTER-CHUNKER] [INFO] Created 1 semantic chunks from C:\Projects\educatedplanet\web\eslint.config.mjs
[2025-11-28T04:57:15.572Z] [2025-11-28T04:57:15.573Z] [TREESITTER-FULL] [INFO] Extracted 1 symbols from C:\Projects\educatedplanet\web\eslint.config.mjs
[2025-11-28T04:57:15.573Z] [2025-11-28T04:57:15.573Z] [INDEXING-ORCHESTRATOR] [DEBUG] 🔍 Symbol extraction for C:\Projects\educatedplanet\web\eslint.config.mjs: 1 symbols, 3 imports
[2025-11-28T04:57:15.573Z] [2025-11-28T04:57:15.573Z] [INDEXING-ORCHESTRATOR] [DEBUG] 📍 Chunk 1-19: 1 candidate symbols
[2025-11-28T04:57:15.573Z] [2025-11-28T04:57:15.573Z] [INDEXING-ORCHESTRATOR] [DEBUG] ✅ Chunk symbols after filtering: 1 symbols - eslintConfig
[2025-11-28T04:57:15.573Z] [2025-11-28T04:57:15.573Z] [INDEXING-ORCHESTRATOR] [DEBUG] Created 1 semantic chunks for C:\Projects\educatedplanet\web\eslint.config.mjs
[2025-11-28T04:57:15.573Z] [2025-11-28T04:57:15.573Z] [INDEXING-ORCHESTRATOR] [DEBUG] Average chunk size: 464 characters
[2025-11-28T04:57:15.579Z] [2025-11-28T04:57:15.580Z] [TREESITTER-CHUNKER] [INFO] Created 1 semantic chunks from C:\Projects\educatedplanet\web\data\featured-tutors-data.ts
[2025-11-28T04:57:15.597Z] [2025-11-28T04:57:15.598Z] [TREESITTER-FULL] [INFO] Extracted 1 symbols from C:\Projects\educatedplanet\web\data\featured-tutors-data.ts
[2025-11-28T04:57:15.597Z] [2025-11-28T04:57:15.598Z] [INDEXING-ORCHESTRATOR] [DEBUG] 🔍 Symbol extraction for C:\Projects\educatedplanet\web\data\featured-tutors-data.ts: 1 symbols, 1 imports
[2025-11-28T04:57:15.597Z] [2025-11-28T04:57:15.598Z] [INDEXING-ORCHESTRATOR] [DEBUG] 📍 Chunk 1-208: 1 candidate symbols
[2025-11-28T04:57:15.597Z] [2025-11-28T04:57:15.598Z] [INDEXING-ORCHESTRATOR] [DEBUG] ✅ Chunk symbols after filtering: 1 symbols - featuredTutors
[2025-11-28T04:57:15.597Z] [2025-11-28T04:57:15.598Z] [INDEXING-ORCHESTRATOR] [DEBUG] Created 1 semantic chunks for C:\Projects\educatedplanet\web\data\featured-tutors-data.ts
[2025-11-28T04:57:15.597Z] [2025-11-28T04:57:15.598Z] [INDEXING-ORCHESTRATOR] [DEBUG] Average chunk size: 4754 characters
[2025-11-28T04:57:15.619Z] [2025-11-28T04:57:15.620Z] [TREESITTER-CHUNKER] [INFO] Created 6 semantic chunks from C:\Projects\educatedplanet\web\examples\header-usage.tsx
[2025-11-28T04:57:15.669Z] [2025-11-28T04:57:15.670Z] [TREESITTER-FULL] [INFO] Extracted 7 symbols from C:\Projects\educatedplanet\web\examples\header-usage.tsx
[2025-11-28T04:57:15.670Z] [2025-11-28T04:57:15.670Z] [INDEXING-ORCHESTRATOR] [DEBUG] 🔍 Symbol extraction for C:\Projects\educatedplanet\web\examples\header-usage.tsx: 7 symbols, 7 imports
[2025-11-28T04:57:15.670Z] [2025-11-28T04:57:15.670Z] [INDEXING-ORCHESTRATOR] [DEBUG] 📍 Chunk 13-23: 1 candidate symbols
[2025-11-28T04:57:15.670Z] [2025-11-28T04:57:15.670Z] [INDEXING-ORCHESTRATOR] [DEBUG] ✅ Chunk symbols after filtering: 1 symbols - BasicLayout
[2025-11-28T04:57:15.670Z] [2025-11-28T04:57:15.670Z] [INDEXING-ORCHESTRATOR] [DEBUG] 📍 Chunk 26-67: 1 candidate symbols
[2025-11-28T04:57:15.670Z] [2025-11-28T04:57:15.670Z] [INDEXING-ORCHESTRATOR] [DEBUG] ✅ Chunk symbols after filtering: 1 symbols - CustomHeaderExample
[2025-11-28T04:57:15.670Z] [2025-11-28T04:57:15.670Z] [INDEXING-ORCHESTRATOR] [DEBUG] 📍 Chunk 70-125: 3 candidate symbols
[2025-11-28T04:57:15.670Z] [2025-11-28T04:57:15.670Z] [INDEXING-ORCHESTRATOR] [DEBUG] ✅ Chunk symbols after filtering: 3 symbols - MinimalHeader, CustomNavigationHeader, FullPageLayout
[2025-11-28T04:57:15.670Z] [2025-11-28T04:57:15.670Z] [INDEXING-ORCHESTRATOR] [DEBUG] 📍 Chunk 128-169: 1 candidate symbols
[2025-11-28T04:57:15.670Z] [2025-11-28T04:57:15.670Z] [INDEXING-ORCHESTRATOR] [DEBUG] ✅ Chunk symbols after filtering: 1 symbols - HeaderWithSearch
[2025-11-28T04:57:15.670Z] [2025-11-28T04:57:15.670Z] [INDEXING-ORCHESTRATOR] [DEBUG] 📍 Chunk 172-197: 1 candidate symbols
[2025-11-28T04:57:15.670Z] [2025-11-28T04:57:15.671Z] [INDEXING-ORCHESTRATOR] [DEBUG] ✅ Chunk symbols after filtering: 1 symbols - DashboardHeader
[2025-11-28T04:57:15.670Z] [2025-11-28T04:57:15.671Z] [INDEXING-ORCHESTRATOR] [DEBUG] 📍 Chunk 198-216: 0 candidate symbols
[2025-11-28T04:57:15.670Z] [2025-11-28T04:57:15.671Z] [INDEXING-ORCHESTRATOR] [DEBUG] ✅ Chunk symbols after filtering: 0 symbols - 
[2025-11-28T04:57:15.670Z] [2025-11-28T04:57:15.671Z] [INDEXING-ORCHESTRATOR] [DEBUG] Created 6 semantic chunks for C:\Projects\educatedplanet\web\examples\header-usage.tsx
[2025-11-28T04:57:15.670Z] [2025-11-28T04:57:15.671Z] [INDEXING-ORCHESTRATOR] [DEBUG] Average chunk size: 910 characters
[2025-11-28T04:57:15.670Z] [2025-11-28T04:57:15.671Z] [INDEXING-ORCHESTRATOR] [DEBUG] 📊 Processed: 320/324 files
[2025-11-28T04:57:15.671Z] [2025-11-28T04:57:15.672Z] [TREESITTER-CHUNKER] [INFO] Created 1 semantic chunks from C:\Projects\educatedplanet\web\lib\utils.ts
[2025-11-28T04:57:15.672Z] [2025-11-28T04:57:15.673Z] [TREESITTER-FULL] [INFO] Extracted 1 symbols from C:\Projects\educatedplanet\web\lib\utils.ts
[2025-11-28T04:57:15.672Z] [2025-11-28T04:57:15.673Z] [INDEXING-ORCHESTRATOR] [DEBUG] 🔍 Symbol extraction for C:\Projects\educatedplanet\web\lib\utils.ts: 1 symbols, 2 imports
[2025-11-28T04:57:15.672Z] [2025-11-28T04:57:15.673Z] [INDEXING-ORCHESTRATOR] [DEBUG] 📍 Chunk 4-6: 1 candidate symbols
[2025-11-28T04:57:15.672Z] [2025-11-28T04:57:15.673Z] [INDEXING-ORCHESTRATOR] [DEBUG] ✅ Chunk symbols after filtering: 1 symbols - cn
[2025-11-28T04:57:15.672Z] [2025-11-28T04:57:15.673Z] [INDEXING-ORCHESTRATOR] [DEBUG] Created 1 semantic chunks for C:\Projects\educatedplanet\web\lib\utils.ts
[2025-11-28T04:57:15.672Z] [2025-11-28T04:57:15.673Z] [INDEXING-ORCHESTRATOR] [DEBUG] Average chunk size: 71 characters
[2025-11-28T04:57:15.689Z] [2025-11-28T04:57:15.689Z] [TREESITTER-CHUNKER] [INFO] Created 3 semantic chunks from C:\Projects\educatedplanet\web\examples\hero-usage.tsx
[2025-11-28T04:57:15.766Z] [2025-11-28T04:57:15.767Z] [TREESITTER-FULL] [INFO] Extracted 4 symbols from C:\Projects\educatedplanet\web\examples\hero-usage.tsx
[2025-11-28T04:57:15.766Z] [2025-11-28T04:57:15.767Z] [INDEXING-ORCHESTRATOR] [DEBUG] 🔍 Symbol extraction for C:\Projects\educatedplanet\web\examples\hero-usage.tsx: 4 symbols, 3 imports
[2025-11-28T04:57:15.766Z] [2025-11-28T04:57:15.767Z] [INDEXING-ORCHESTRATOR] [DEBUG] 📍 Chunk 11-58: 2 candidate symbols
[2025-11-28T04:57:15.766Z] [2025-11-28T04:57:15.767Z] [INDEXING-ORCHESTRATOR] [DEBUG] ✅ Chunk symbols after filtering: 2 symbols - BasicHeroExample, HeroWithState
[2025-11-28T04:57:15.766Z] [2025-11-28T04:57:15.767Z] [INDEXING-ORCHESTRATOR] [DEBUG] 📍 Chunk 61-82: 1 candidate symbols
[2025-11-28T04:57:15.766Z] [2025-11-28T04:57:15.767Z] [INDEXING-ORCHESTRATOR] [DEBUG] ✅ Chunk symbols after filtering: 1 symbols - HeroWithAnalytics
[2025-11-28T04:57:15.766Z] [2025-11-28T04:57:15.767Z] [INDEXING-ORCHESTRATOR] [DEBUG] 📍 Chunk 83-183: 1 candidate symbols
[2025-11-28T04:57:15.766Z] [2025-11-28T04:57:15.767Z] [INDEXING-ORCHESTRATOR] [DEBUG] ✅ Chunk symbols after filtering: 1 symbols - handleSearch
[2025-11-28T04:57:15.766Z] [2025-11-28T04:57:15.767Z] [INDEXING-ORCHESTRATOR] [DEBUG] Created 3 semantic chunks for C:\Projects\educatedplanet\web\examples\hero-usage.tsx
[2025-11-28T04:57:15.766Z] [2025-11-28T04:57:15.767Z] [INDEXING-ORCHESTRATOR] [DEBUG] Average chunk size: 1730 characters
[2025-11-28T04:57:15.767Z] [2025-11-28T04:57:15.768Z] [TREESITTER-CHUNKER] [INFO] Created 1 semantic chunks from C:\Projects\educatedplanet\web\postcss.config.mjs
[2025-11-28T04:57:15.767Z] [2025-11-28T04:57:15.768Z] [TREESITTER-FULL] [INFO] Extracted 1 symbols from C:\Projects\educatedplanet\web\postcss.config.mjs
[2025-11-28T04:57:15.767Z] [2025-11-28T04:57:15.768Z] [INDEXING-ORCHESTRATOR] [DEBUG] 🔍 Symbol extraction for C:\Projects\educatedplanet\web\postcss.config.mjs: 1 symbols, 0 imports
[2025-11-28T04:57:15.767Z] [2025-11-28T04:57:15.768Z] [INDEXING-ORCHESTRATOR] [DEBUG] 📍 Chunk 1-8: 1 candidate symbols
[2025-11-28T04:57:15.767Z] [2025-11-28T04:57:15.768Z] [INDEXING-ORCHESTRATOR] [DEBUG] ✅ Chunk symbols after filtering: 1 symbols - config
[2025-11-28T04:57:15.767Z] [2025-11-28T04:57:15.768Z] [INDEXING-ORCHESTRATOR] [DEBUG] Created 1 semantic chunks for C:\Projects\educatedplanet\web\postcss.config.mjs
[2025-11-28T04:57:15.767Z] [2025-11-28T04:57:15.768Z] [INDEXING-ORCHESTRATOR] [DEBUG] Average chunk size: 93 characters
[2025-11-28T04:57:15.768Z] [2025-11-28T04:57:15.769Z] [TREESITTER-CHUNKER] [INFO] Created 1 semantic chunks from C:\Projects\educatedplanet\web\next.config.ts
[2025-11-28T04:57:15.771Z] [2025-11-28T04:57:15.772Z] [TREESITTER-FULL] [INFO] Extracted 1 symbols from C:\Projects\educatedplanet\web\next.config.ts
[2025-11-28T04:57:15.771Z] [2025-11-28T04:57:15.772Z] [INDEXING-ORCHESTRATOR] [DEBUG] 🔍 Symbol extraction for C:\Projects\educatedplanet\web\next.config.ts: 1 symbols, 1 imports
[2025-11-28T04:57:15.771Z] [2025-11-28T04:57:15.772Z] [INDEXING-ORCHESTRATOR] [DEBUG] 📍 Chunk 1-27: 1 candidate symbols
[2025-11-28T04:57:15.771Z] [2025-11-28T04:57:15.772Z] [INDEXING-ORCHESTRATOR] [DEBUG] ✅ Chunk symbols after filtering: 1 symbols - nextConfig
[2025-11-28T04:57:15.771Z] [2025-11-28T04:57:15.772Z] [INDEXING-ORCHESTRATOR] [DEBUG] Created 1 semantic chunks for C:\Projects\educatedplanet\web\next.config.ts
[2025-11-28T04:57:15.771Z] [2025-11-28T04:57:15.772Z] [INDEXING-ORCHESTRATOR] [DEBUG] Average chunk size: 516 characters
[2025-11-28T04:57:15.771Z] [2025-11-28T04:57:15.772Z] [INDEXING-ORCHESTRATOR] [DEBUG] 📊 Processed: 324/324 files
[2025-11-28T04:57:15.771Z] [2025-11-28T04:57:15.772Z] [INDEXING-ORCHESTRATOR] [INFO] Uploading 726 chunks to vector store...
[2025-11-28T04:57:15.771Z] [2025-11-28T04:57:15.772Z] [INDEXING-ORCHESTRATOR] [INFO] Uploading 726 chunks to vector store and local metadata...
[2025-11-28T04:57:15.772Z] [2025-11-28T04:57:15.772Z] [INDEXING-ORCHESTRATOR] [INFO] 📦 Processing batch 1/73 (10 chunks)
[2025-11-28T04:57:15.772Z] [2025-11-28T04:57:15.772Z] [INDEXING-ORCHESTRATOR] [DEBUG] 🧠 Generating embeddings for 10 chunks...
[2025-11-28T04:57:17.922Z] [2025-11-28T04:57:17.922Z] [INDEXING-ORCHESTRATOR] [DEBUG] ✅ Generated 10 embeddings
[2025-11-28T04:57:17.922Z] [2025-11-28T04:57:17.923Z] [INDEXING-ORCHESTRATOR] [DEBUG] ⬆️  Upserting 10 vectors to namespace: mcp_b0e62d81bd2a51d5
[2025-11-28T04:57:20.137Z] [2025-11-28T04:57:20.138Z] [INDEXING-ORCHESTRATOR] [WARN] ⚠️ Skipping batch 1 after retries failed. Continuing with remaining batches.
[2025-11-28T04:57:20.137Z] [2025-11-28T04:57:20.138Z] [INDEXING-ORCHESTRATOR] [WARN] Skipped batch error: "Turbopuffer upsert error (400): {\"error\":\"💔 This upsert contains duplicate document IDs and was not written. You should ensure that individual upserts do not include duplicate documents. The duplicated IDs in this batch were the following: C:\\\\Projects\\\\educatedplanet\\\\admin\\\\src\\\\app\\\\(main)\\\\auth\\\\_compon\",\"status\":\"error\"}"
[2025-11-28T04:57:20.137Z] [2025-11-28T04:57:20.138Z] [INDEXING-ORCHESTRATOR] [INFO] 📦 Processing batch 2/73 (10 chunks)
[2025-11-28T04:57:20.137Z] [2025-11-28T04:57:20.138Z] [INDEXING-ORCHESTRATOR] [DEBUG] 🧠 Generating embeddings for 10 chunks...
[2025-11-28T04:57:21.817Z] [2025-11-28T04:57:21.817Z] [INDEXING-ORCHESTRATOR] [DEBUG] ✅ Generated 10 embeddings
[2025-11-28T04:57:21.817Z] [2025-11-28T04:57:21.818Z] [INDEXING-ORCHESTRATOR] [DEBUG] ⬆️  Upserting 10 vectors to namespace: mcp_b0e62d81bd2a51d5
[2025-11-28T04:57:23.270Z] [2025-11-28T04:57:23.271Z] [INDEXING-ORCHESTRATOR] [WARN] ⚠️ Skipping batch 2 after retries failed. Continuing with remaining batches.
[2025-11-28T04:57:23.270Z] [2025-11-28T04:57:23.271Z] [INDEXING-ORCHESTRATOR] [WARN] Skipped batch error: "Turbopuffer upsert error (400): {\"error\":\"💔 This upsert contains duplicate document IDs and was not written. You should ensure that individual upserts do not include duplicate documents. The duplicated IDs in this batch were the following: C:\\\\Projects\\\\educatedplanet\\\\admin\\\\src\\\\app\\\\(main)\\\\dashboard\\\\_c\",\"status\":\"error\"}"
[2025-11-28T04:57:23.270Z] [2025-11-28T04:57:23.271Z] [INDEXING-ORCHESTRATOR] [INFO] 📦 Processing batch 3/73 (10 chunks)
[2025-11-28T04:57:23.270Z] [2025-11-28T04:57:23.271Z] [INDEXING-ORCHESTRATOR] [DEBUG] 🧠 Generating embeddings for 10 chunks...
[2025-11-28T04:57:25.176Z] [2025-11-28T04:57:25.177Z] [INDEXING-ORCHESTRATOR] [DEBUG] ✅ Generated 10 embeddings
[2025-11-28T04:57:25.176Z] [2025-11-28T04:57:25.177Z] [INDEXING-ORCHESTRATOR] [DEBUG] ⬆️  Upserting 10 vectors to namespace: mcp_b0e62d81bd2a51d5
[2025-11-28T04:57:26.746Z] [2025-11-28T04:57:26.747Z] [INDEXING-ORCHESTRATOR] [WARN] ⚠️ Skipping batch 3 after retries failed. Continuing with remaining batches.
[2025-11-28T04:57:26.746Z] [2025-11-28T04:57:26.747Z] [INDEXING-ORCHESTRATOR] [WARN] Skipped batch error: "Turbopuffer upsert error (400): {\"error\":\"💔 This upsert contains duplicate document IDs and was not written. You should ensure that individual upserts do not include duplicate documents. The duplicated IDs in this batch were the following: C:\\\\Projects\\\\educatedplanet\\\\admin\\\\src\\\\app\\\\(main)\\\\dashboard\\\\cl\",\"status\":\"error\"}"
[2025-11-28T04:57:26.746Z] [2025-11-28T04:57:26.747Z] [INDEXING-ORCHESTRATOR] [INFO] 📦 Processing batch 4/73 (10 chunks)
[2025-11-28T04:57:26.746Z] [2025-11-28T04:57:26.747Z] [INDEXING-ORCHESTRATOR] [DEBUG] 🧠 Generating embeddings for 10 chunks...
[2025-11-28T04:57:28.296Z] [2025-11-28T04:57:28.297Z] [INDEXING-ORCHESTRATOR] [DEBUG] ✅ Generated 10 embeddings
[2025-11-28T04:57:28.296Z] [2025-11-28T04:57:28.297Z] [INDEXING-ORCHESTRATOR] [DEBUG] ⬆️  Upserting 10 vectors to namespace: mcp_b0e62d81bd2a51d5
[2025-11-28T04:57:29.680Z] [2025-11-28T04:57:29.681Z] [INDEXING-ORCHESTRATOR] [WARN] ⚠️ Skipping batch 4 after retries failed. Continuing with remaining batches.
[2025-11-28T04:57:29.680Z] [2025-11-28T04:57:29.681Z] [INDEXING-ORCHESTRATOR] [WARN] Skipped batch error: "Turbopuffer upsert error (400): {\"error\":\"💔 This upsert contains duplicate document IDs and was not written. You should ensure that individual upserts do not include duplicate documents. The duplicated IDs in this batch were the following: C:\\\\Projects\\\\educatedplanet\\\\admin\\\\src\\\\app\\\\(main)\\\\dashboard\\\\cl,C:\\\\Projects\\\\educatedplanet\\\\admin\\\\src\\\\app\\\\(main)\\\\dashboard\\\\cr\",\"status\":\"error\"}"
[2025-11-28T04:57:29.680Z] [2025-11-28T04:57:29.681Z] [INDEXING-ORCHESTRATOR] [INFO] 📦 Processing batch 5/73 (10 chunks)
[2025-11-28T04:57:29.680Z] [2025-11-28T04:57:29.681Z] [INDEXING-ORCHESTRATOR] [DEBUG] 🧠 Generating embeddings for 10 chunks...
[2025-11-28T04:57:31.129Z] [2025-11-28T04:57:31.129Z] [INDEXING-ORCHESTRATOR] [DEBUG] ✅ Generated 10 embeddings
[2025-11-28T04:57:31.129Z] [2025-11-28T04:57:31.130Z] [INDEXING-ORCHESTRATOR] [DEBUG] ⬆️  Upserting 10 vectors to namespace: mcp_b0e62d81bd2a51d5
[2025-11-28T04:57:32.367Z] [2025-11-28T04:57:32.367Z] [INDEXING-ORCHESTRATOR] [WARN] ⚠️ Skipping batch 5 after retries failed. Continuing with remaining batches.
[2025-11-28T04:57:32.367Z] [2025-11-28T04:57:32.367Z] [INDEXING-ORCHESTRATOR] [WARN] Skipped batch error: "Turbopuffer upsert error (400): {\"error\":\"💔 This upsert contains duplicate document IDs and was not written. You should ensure that individual upserts do not include duplicate documents. The duplicated IDs in this batch were the following: C:\\\\Projects\\\\educatedplanet\\\\admin\\\\src\\\\app\\\\(main)\\\\dashboard\\\\cr,C:\\\\Projects\\\\educatedplanet\\\\admin\\\\src\\\\app\\\\(main)\\\\dashboard\\\\de\",\"status\":\"error\"}"
[2025-11-28T04:57:32.367Z] [2025-11-28T04:57:32.367Z] [INDEXING-ORCHESTRATOR] [INFO] 📦 Processing batch 6/73 (10 chunks)
[2025-11-28T04:57:32.367Z] [2025-11-28T04:57:32.367Z] [INDEXING-ORCHESTRATOR] [DEBUG] 🧠 Generating embeddings for 10 chunks...
[2025-11-28T04:57:33.865Z] [2025-11-28T04:57:33.866Z] [INDEXING-ORCHESTRATOR] [DEBUG] ✅ Generated 10 embeddings
[2025-11-28T04:57:33.866Z] [2025-11-28T04:57:33.866Z] [INDEXING-ORCHESTRATOR] [DEBUG] ⬆️  Upserting 10 vectors to namespace: mcp_b0e62d81bd2a51d5
[2025-11-28T04:57:35.380Z] [2025-11-28T04:57:35.381Z] [INDEXING-ORCHESTRATOR] [WARN] ⚠️ Skipping batch 6 after retries failed. Continuing with remaining batches.
[2025-11-28T04:57:35.380Z] [2025-11-28T04:57:35.381Z] [INDEXING-ORCHESTRATOR] [WARN] Skipped batch error: "Turbopuffer upsert error (400): {\"error\":\"💔 This upsert contains duplicate document IDs and was not written. You should ensure that individual upserts do not include duplicate documents. The duplicated IDs in this batch were the following: C:\\\\Projects\\\\educatedplanet\\\\admin\\\\src\\\\app\\\\(main)\\\\dashboard\\\\fi,C:\\\\Projects\\\\educatedplanet\\\\admin\\\\src\\\\app\\\\(main)\\\\dashboard\\\\la\",\"status\":\"error\"}"
[2025-11-28T04:57:35.381Z] [2025-11-28T04:57:35.381Z] [INDEXING-ORCHESTRATOR] [INFO] 📦 Processing batch 7/73 (10 chunks)
[2025-11-28T04:57:35.381Z] [2025-11-28T04:57:35.381Z] [INDEXING-ORCHESTRATOR] [DEBUG] 🧠 Generating embeddings for 10 chunks...
[2025-11-28T04:57:35.381Z] [2025-11-28T04:57:35.381Z] [JinaApiService] [WARN] Text truncated from 24147 to 20000 characters for Jina API
[2025-11-28T04:57:37.003Z] [2025-11-28T04:57:37.003Z] [INDEXING-ORCHESTRATOR] [DEBUG] ✅ Generated 10 embeddings
[2025-11-28T04:57:37.003Z] [2025-11-28T04:57:37.003Z] [INDEXING-ORCHESTRATOR] [DEBUG] ⬆️  Upserting 10 vectors to namespace: mcp_b0e62d81bd2a51d5
[2025-11-28T04:57:38.589Z] [2025-11-28T04:57:38.589Z] [INDEXING-ORCHESTRATOR] [WARN] ⚠️ Skipping batch 7 after retries failed. Continuing with remaining batches.
[2025-11-28T04:57:38.589Z] [2025-11-28T04:57:38.589Z] [INDEXING-ORCHESTRATOR] [WARN] Skipped batch error: "Turbopuffer upsert error (400): {\"error\":\"💔 This upsert contains duplicate document IDs and was not written. You should ensure that individual upserts do not include duplicate documents. The duplicated IDs in this batch were the following: C:\\\\Projects\\\\educatedplanet\\\\admin\\\\src\\\\app\\\\(main)\\\\dashboard\\\\su\",\"status\":\"error\"}"
[2025-11-28T04:57:38.589Z] [2025-11-28T04:57:38.590Z] [INDEXING-ORCHESTRATOR] [INFO] 📦 Processing batch 8/73 (10 chunks)
[2025-11-28T04:57:38.589Z] [2025-11-28T04:57:38.590Z] [INDEXING-ORCHESTRATOR] [DEBUG] 🧠 Generating embeddings for 10 chunks...
[2025-11-28T04:57:40.674Z] [2025-11-28T04:57:40.675Z] [INDEXING-ORCHESTRATOR] [DEBUG] ✅ Generated 10 embeddings
[2025-11-28T04:57:40.674Z] [2025-11-28T04:57:40.675Z] [INDEXING-ORCHESTRATOR] [DEBUG] ⬆️  Upserting 10 vectors to namespace: mcp_b0e62d81bd2a51d5
[2025-11-28T04:57:42.004Z] [2025-11-28T04:57:42.004Z] [INDEXING-ORCHESTRATOR] [WARN] ⚠️ Skipping batch 8 after retries failed. Continuing with remaining batches.
[2025-11-28T04:57:42.004Z] [2025-11-28T04:57:42.004Z] [INDEXING-ORCHESTRATOR] [WARN] Skipped batch error: "Turbopuffer upsert error (400): {\"error\":\"💔 This upsert contains duplicate document IDs and was not written. You should ensure that individual upserts do not include duplicate documents. The duplicated IDs in this batch were the following: C:\\\\Projects\\\\educatedplanet\\\\admin\\\\src\\\\app\\\\(main)\\\\dashboard\\\\tu\",\"status\":\"error\"}"
[2025-11-28T04:57:42.004Z] [2025-11-28T04:57:42.005Z] [INDEXING-ORCHESTRATOR] [INFO] 📦 Processing batch 9/73 (10 chunks)
[2025-11-28T04:57:42.004Z] [2025-11-28T04:57:42.005Z] [INDEXING-ORCHESTRATOR] [DEBUG] 🧠 Generating embeddings for 10 chunks...
[2025-11-28T04:57:43.661Z] [2025-11-28T04:57:43.662Z] [INDEXING-ORCHESTRATOR] [DEBUG] ✅ Generated 10 embeddings
[2025-11-28T04:57:43.662Z] [2025-11-28T04:57:43.662Z] [INDEXING-ORCHESTRATOR] [DEBUG] ⬆️  Upserting 10 vectors to namespace: mcp_b0e62d81bd2a51d5
[2025-11-28T04:57:44.880Z] [2025-11-28T04:57:44.881Z] [INDEXING-ORCHESTRATOR] [WARN] ⚠️ Skipping batch 9 after retries failed. Continuing with remaining batches.
[2025-11-28T04:57:44.880Z] [2025-11-28T04:57:44.881Z] [INDEXING-ORCHESTRATOR] [WARN] Skipped batch error: "Turbopuffer upsert error (400): {\"error\":\"💔 This upsert contains duplicate document IDs and was not written. You should ensure that individual upserts do not include duplicate documents. The duplicated IDs in this batch were the following: C:\\\\Projects\\\\educatedplanet\\\\admin\\\\src\\\\app\\\\(main)\\\\dashboard\\\\us\",\"status\":\"error\"}"
[2025-11-28T04:57:44.880Z] [2025-11-28T04:57:44.881Z] [INDEXING-ORCHESTRATOR] [INFO] 📦 Processing batch 10/73 (10 chunks)
[2025-11-28T04:57:44.880Z] [2025-11-28T04:57:44.881Z] [INDEXING-ORCHESTRATOR] [DEBUG] 🧠 Generating embeddings for 10 chunks...
[2025-11-28T04:57:46.933Z] [2025-11-28T04:57:46.934Z] [INDEXING-ORCHESTRATOR] [DEBUG] ✅ Generated 10 embeddings
[2025-11-28T04:57:46.934Z] [2025-11-28T04:57:46.934Z] [INDEXING-ORCHESTRATOR] [DEBUG] ⬆️  Upserting 10 vectors to namespace: mcp_b0e62d81bd2a51d5
[2025-11-28T04:57:48.140Z] [2025-11-28T04:57:48.140Z] [INDEXING-ORCHESTRATOR] [WARN] ⚠️ Skipping batch 10 after retries failed. Continuing with remaining batches.
[2025-11-28T04:57:48.140Z] [2025-11-28T04:57:48.140Z] [INDEXING-ORCHESTRATOR] [WARN] Skipped batch error: "Turbopuffer upsert error (400): {\"error\":\"💔 This upsert contains duplicate document IDs and was not written. You should ensure that individual upserts do not include duplicate documents. The duplicated IDs in this batch were the following: C:\\\\Projects\\\\educatedplanet\\\\admin\\\\src\\\\app\\\\api\\\\admin\\\\tutors\\\\[i\",\"status\":\"error\"}"
[2025-11-28T04:57:48.140Z] [2025-11-28T04:57:48.140Z] [INDEXING-ORCHESTRATOR] [INFO] 📦 Processing batch 11/73 (10 chunks)
[2025-11-28T04:57:48.140Z] [2025-11-28T04:57:48.141Z] [INDEXING-ORCHESTRATOR] [DEBUG] 🧠 Generating embeddings for 10 chunks...
[2025-11-28T04:57:49.579Z] [2025-11-28T04:57:49.579Z] [INDEXING-ORCHESTRATOR] [DEBUG] ✅ Generated 10 embeddings
[2025-11-28T04:57:49.579Z] [2025-11-28T04:57:49.579Z] [INDEXING-ORCHESTRATOR] [DEBUG] ⬆️  Upserting 10 vectors to namespace: mcp_b0e62d81bd2a51d5
[2025-11-28T04:57:50.816Z] [2025-11-28T04:57:50.831Z] [INDEXING-ORCHESTRATOR] [WARN] ⚠️ Skipping batch 11 after retries failed. Continuing with remaining batches.
[2025-11-28T04:57:50.816Z] [2025-11-28T04:57:50.831Z] [INDEXING-ORCHESTRATOR] [WARN] Skipped batch error: "Turbopuffer upsert error (400): {\"error\":\"💔 This upsert contains duplicate document IDs and was not written. You should ensure that individual upserts do not include duplicate documents. The duplicated IDs in this batch were the following: C:\\\\Projects\\\\educatedplanet\\\\admin\\\\src\\\\app\\\\api\\\\admin\\\\tutors\\\\ro\",\"status\":\"error\"}"
[2025-11-28T04:57:50.816Z] [2025-11-28T04:57:50.831Z] [INDEXING-ORCHESTRATOR] [INFO] 📦 Processing batch 12/73 (10 chunks)
[2025-11-28T04:57:50.816Z] [2025-11-28T04:57:50.831Z] [INDEXING-ORCHESTRATOR] [DEBUG] 🧠 Generating embeddings for 10 chunks...
[2025-11-28T04:57:52.308Z] [2025-11-28T04:57:52.322Z] [INDEXING-ORCHESTRATOR] [DEBUG] ✅ Generated 10 embeddings
[2025-11-28T04:57:52.308Z] [2025-11-28T04:57:52.322Z] [INDEXING-ORCHESTRATOR] [DEBUG] ⬆️  Upserting 10 vectors to namespace: mcp_b0e62d81bd2a51d5
[2025-11-28T04:57:53.659Z] [2025-11-28T04:57:53.673Z] [INDEXING-ORCHESTRATOR] [WARN] ⚠️ Skipping batch 12 after retries failed. Continuing with remaining batches.
[2025-11-28T04:57:53.659Z] [2025-11-28T04:57:53.673Z] [INDEXING-ORCHESTRATOR] [WARN] Skipped batch error: "Turbopuffer upsert error (400): {\"error\":\"💔 This upsert contains duplicate document IDs and was not written. You should ensure that individual upserts do not include duplicate documents. The duplicated IDs in this batch were the following: C:\\\\Projects\\\\educatedplanet\\\\admin\\\\src\\\\app\\\\api\\\\classes\\\\[id]\\\\ro,C:\\\\Projects\\\\educatedplanet\\\\admin\\\\src\\\\app\\\\api\\\\classes\\\\[id]\\\\su,C:\\\\Projects\\\\educatedplanet\\\\admin\\\\src\\\\app\\\\api\\\\classes\\\\route_c\",\"status\":\"error\"}"
[2025-11-28T04:57:53.659Z] [2025-11-28T04:57:53.674Z] [INDEXING-ORCHESTRATOR] [INFO] 📦 Processing batch 13/73 (10 chunks)
[2025-11-28T04:57:53.659Z] [2025-11-28T04:57:53.674Z] [INDEXING-ORCHESTRATOR] [DEBUG] 🧠 Generating embeddings for 10 chunks...
[2025-11-28T04:57:55.326Z] [2025-11-28T04:57:55.341Z] [INDEXING-ORCHESTRATOR] [DEBUG] ✅ Generated 10 embeddings
[2025-11-28T04:57:55.326Z] [2025-11-28T04:57:55.341Z] [INDEXING-ORCHESTRATOR] [DEBUG] ⬆️  Upserting 10 vectors to namespace: mcp_b0e62d81bd2a51d5
[2025-11-28T04:57:56.787Z] [2025-11-28T04:57:56.802Z] [INDEXING-ORCHESTRATOR] [WARN] ⚠️ Skipping batch 13 after retries failed. Continuing with remaining batches.
[2025-11-28T04:57:56.787Z] [2025-11-28T04:57:56.802Z] [INDEXING-ORCHESTRATOR] [WARN] Skipped batch error: "Turbopuffer upsert error (400): {\"error\":\"💔 This upsert contains duplicate document IDs and was not written. You should ensure that individual upserts do not include duplicate documents. The duplicated IDs in this batch were the following: C:\\\\Projects\\\\educatedplanet\\\\admin\\\\src\\\\app\\\\api\\\\subjects\\\\[id]\\\\r,C:\\\\Projects\\\\educatedplanet\\\\admin\\\\src\\\\app\\\\api\\\\subjects\\\\route_,C:\\\\Projects\\\\educatedplanet\\\\admin\\\\src\\\\app\\\\api\\\\tutors\\\\route_20,C:\\\\Projects\\\\educatedplanet\\\\admin\\\\src\\\\app\\\\api\\\\upload\\\\cleanup\\\\\",\"status\":\"error\"}"
[2025-11-28T04:57:56.787Z] [2025-11-28T04:57:56.802Z] [INDEXING-ORCHESTRATOR] [INFO] 📦 Processing batch 14/73 (10 chunks)
[2025-11-28T04:57:56.787Z] [2025-11-28T04:57:56.802Z] [INDEXING-ORCHESTRATOR] [DEBUG] 🧠 Generating embeddings for 10 chunks...
[2025-11-28T04:57:58.158Z] [2025-11-28T04:57:58.173Z] [INDEXING-ORCHESTRATOR] [DEBUG] ✅ Generated 10 embeddings
[2025-11-28T04:57:58.159Z] [2025-11-28T04:57:58.173Z] [INDEXING-ORCHESTRATOR] [DEBUG] ⬆️  Upserting 10 vectors to namespace: mcp_b0e62d81bd2a51d5
[2025-11-28T04:57:59.380Z] [2025-11-28T04:57:59.395Z] [INDEXING-ORCHESTRATOR] [WARN] ⚠️ Skipping batch 14 after retries failed. Continuing with remaining batches.
[2025-11-28T04:57:59.381Z] [2025-11-28T04:57:59.395Z] [INDEXING-ORCHESTRATOR] [WARN] Skipped batch error: "Turbopuffer upsert error (400): {\"error\":\"💔 This upsert contains duplicate document IDs and was not written. You should ensure that individual upserts do not include duplicate documents. The duplicated IDs in this batch were the following: C:\\\\Projects\\\\educatedplanet\\\\admin\\\\src\\\\app\\\\api\\\\upload\\\\image\\\\ro,C:\\\\Projects\\\\educatedplanet\\\\admin\\\\src\\\\app\\\\api\\\\users\\\\[id]\\\\rout,C:\\\\Projects\\\\educatedplanet\\\\admin\\\\src\\\\app\\\\api\\\\users\\\\route_e11\",\"status\":\"error\"}"
[2025-11-28T04:57:59.381Z] [2025-11-28T04:57:59.395Z] [INDEXING-ORCHESTRATOR] [INFO] 📦 Processing batch 15/73 (10 chunks)
[2025-11-28T04:57:59.381Z] [2025-11-28T04:57:59.395Z] [INDEXING-ORCHESTRATOR] [DEBUG] 🧠 Generating embeddings for 10 chunks...
[2025-11-28T04:58:01.264Z] [2025-11-28T04:58:01.279Z] [INDEXING-ORCHESTRATOR] [DEBUG] ✅ Generated 10 embeddings
[2025-11-28T04:58:01.264Z] [2025-11-28T04:58:01.279Z] [INDEXING-ORCHESTRATOR] [DEBUG] ⬆️  Upserting 10 vectors to namespace: mcp_b0e62d81bd2a51d5
[2025-11-28T04:58:02.316Z] [2025-11-28T04:58:02.330Z] [INDEXING-ORCHESTRATOR] [WARN] ⚠️ Skipping batch 15 after retries failed. Continuing with remaining batches.
[2025-11-28T04:58:02.316Z] [2025-11-28T04:58:02.330Z] [INDEXING-ORCHESTRATOR] [WARN] Skipped batch error: "Turbopuffer upsert error (400): {\"error\":\"💔 This upsert contains duplicate document IDs and was not written. You should ensure that individual upserts do not include duplicate documents. The duplicated IDs in this batch were the following: C:\\\\Projects\\\\educatedplanet\\\\admin\\\\src\\\\components\\\\data-table\\\\d\",\"status\":\"error\"}"
[2025-11-28T04:58:02.316Z] [2025-11-28T04:58:02.330Z] [INDEXING-ORCHESTRATOR] [INFO] 📦 Processing batch 16/73 (10 chunks)
[2025-11-28T04:58:02.317Z] [2025-11-28T04:58:02.330Z] [INDEXING-ORCHESTRATOR] [DEBUG] 🧠 Generating embeddings for 10 chunks...
[2025-11-28T04:58:04.594Z] [2025-11-28T04:58:04.606Z] [INDEXING-ORCHESTRATOR] [DEBUG] ✅ Generated 10 embeddings
[2025-11-28T04:58:04.595Z] [2025-11-28T04:58:04.606Z] [INDEXING-ORCHESTRATOR] [DEBUG] ⬆️  Upserting 10 vectors to namespace: mcp_b0e62d81bd2a51d5
[2025-11-28T04:58:05.967Z] [2025-11-28T04:58:05.978Z] [INDEXING-ORCHESTRATOR] [WARN] ⚠️ Skipping batch 16 after retries failed. Continuing with remaining batches.
[2025-11-28T04:58:05.967Z] [2025-11-28T04:58:05.978Z] [INDEXING-ORCHESTRATOR] [WARN] Skipped batch error: "Turbopuffer upsert error (400): {\"error\":\"💔 This upsert contains duplicate document IDs and was not written. You should ensure that individual upserts do not include duplicate documents. The duplicated IDs in this batch were the following: C:\\\\Projects\\\\educatedplanet\\\\admin\\\\src\\\\components\\\\data-table\\\\d,C:\\\\Projects\\\\educatedplanet\\\\admin\\\\src\\\\components\\\\forms\\\\Experi,C:\\\\Projects\\\\educatedplanet\\\\admin\\\\src\\\\components\\\\forms\\\\ImageU\",\"status\":\"error\"}"
[2025-11-28T04:58:05.967Z] [2025-11-28T04:58:05.978Z] [INDEXING-ORCHESTRATOR] [INFO] 📦 Processing batch 17/73 (10 chunks)
[2025-11-28T04:58:05.967Z] [2025-11-28T04:58:05.978Z] [INDEXING-ORCHESTRATOR] [DEBUG] 🧠 Generating embeddings for 10 chunks...
[2025-11-28T04:58:07.756Z] [2025-11-28T04:58:07.768Z] [INDEXING-ORCHESTRATOR] [DEBUG] ✅ Generated 10 embeddings
[2025-11-28T04:58:07.757Z] [2025-11-28T04:58:07.768Z] [INDEXING-ORCHESTRATOR] [DEBUG] ⬆️  Upserting 10 vectors to namespace: mcp_b0e62d81bd2a51d5
[2025-11-28T04:58:09.376Z] [2025-11-28T04:58:09.387Z] [INDEXING-ORCHESTRATOR] [WARN] ⚠️ Skipping batch 17 after retries failed. Continuing with remaining batches.
[2025-11-28T04:58:09.376Z] [2025-11-28T04:58:09.387Z] [INDEXING-ORCHESTRATOR] [WARN] Skipped batch error: "Turbopuffer upsert error (400): {\"error\":\"💔 This upsert contains duplicate document IDs and was not written. You should ensure that individual upserts do not include duplicate documents. The duplicated IDs in this batch were the following: C:\\\\Projects\\\\educatedplanet\\\\admin\\\\src\\\\components\\\\forms\\\\Locati,C:\\\\Projects\\\\educatedplanet\\\\admin\\\\src\\\\components\\\\forms\\\\MapSel,C:\\\\Projects\\\\educatedplanet\\\\admin\\\\src\\\\components\\\\forms\\\\Subjec,C:\\\\Projects\\\\educatedplanet\\\\admin\\\\src\\\\components\\\\forms\\\\Travel\",\"status\":\"error\"}"
[2025-11-28T04:58:09.376Z] [2025-11-28T04:58:09.387Z] [INDEXING-ORCHESTRATOR] [INFO] 📦 Processing batch 18/73 (10 chunks)
[2025-11-28T04:58:09.376Z] [2025-11-28T04:58:09.387Z] [INDEXING-ORCHESTRATOR] [DEBUG] 🧠 Generating embeddings for 10 chunks...
[2025-11-28T04:58:11.079Z] [2025-11-28T04:58:11.090Z] [INDEXING-ORCHESTRATOR] [DEBUG] ✅ Generated 10 embeddings
[2025-11-28T04:58:11.080Z] [2025-11-28T04:58:11.090Z] [INDEXING-ORCHESTRATOR] [DEBUG] ⬆️  Upserting 10 vectors to namespace: mcp_b0e62d81bd2a51d5
[2025-11-28T04:58:12.806Z] [2025-11-28T04:58:12.817Z] [INDEXING-ORCHESTRATOR] [WARN] ⚠️ Skipping batch 18 after retries failed. Continuing with remaining batches.
[2025-11-28T04:58:12.806Z] [2025-11-28T04:58:12.818Z] [INDEXING-ORCHESTRATOR] [WARN] Skipped batch error: "Turbopuffer upsert error (400): {\"error\":\"💔 This upsert contains duplicate document IDs and was not written. You should ensure that individual upserts do not include duplicate documents. The duplicated IDs in this batch were the following: C:\\\\Projects\\\\educatedplanet\\\\admin\\\\src\\\\components\\\\forms\\\\TutorP,C:\\\\Projects\\\\educatedplanet\\\\admin\\\\src\\\\components\\\\providers\\\\Go,C:\\\\Projects\\\\educatedplanet\\\\admin\\\\src\\\\components\\\\providers\\\\gl\",\"status\":\"error\"}"
[2025-11-28T04:58:12.806Z] [2025-11-28T04:58:12.818Z] [INDEXING-ORCHESTRATOR] [INFO] 📦 Processing batch 19/73 (10 chunks)
[2025-11-28T04:58:12.806Z] [2025-11-28T04:58:12.818Z] [INDEXING-ORCHESTRATOR] [DEBUG] 🧠 Generating embeddings for 10 chunks...
[2025-11-28T04:58:14.344Z] [2025-11-28T04:58:14.356Z] [INDEXING-ORCHESTRATOR] [DEBUG] ✅ Generated 10 embeddings
[2025-11-28T04:58:14.345Z] [2025-11-28T04:58:14.356Z] [INDEXING-ORCHESTRATOR] [DEBUG] ⬆️  Upserting 10 vectors to namespace: mcp_b0e62d81bd2a51d5
[2025-11-28T04:58:15.895Z] [2025-11-28T04:58:15.907Z] [INDEXING-ORCHESTRATOR] [WARN] ⚠️ Skipping batch 19 after retries failed. Continuing with remaining batches.
[2025-11-28T04:58:15.895Z] [2025-11-28T04:58:15.907Z] [INDEXING-ORCHESTRATOR] [WARN] Skipped batch error: "Turbopuffer upsert error (400): {\"error\":\"💔 This upsert contains duplicate document IDs and was not written. You should ensure that individual upserts do not include duplicate documents. The duplicated IDs in this batch were the following: C:\\\\Projects\\\\educatedplanet\\\\admin\\\\src\\\\components\\\\ui\\\\accordion,C:\\\\Projects\\\\educatedplanet\\\\admin\\\\src\\\\components\\\\ui\\\\alert-dia,C:\\\\Projects\\\\educatedplanet\\\\admin\\\\src\\\\components\\\\ui\\\\alert_b3f\",\"status\":\"error\"}"
[2025-11-28T04:58:15.895Z] [2025-11-28T04:58:15.907Z] [INDEXING-ORCHESTRATOR] [INFO] 📦 Processing batch 20/73 (10 chunks)
[2025-11-28T04:58:15.896Z] [2025-11-28T04:58:15.907Z] [INDEXING-ORCHESTRATOR] [DEBUG] 🧠 Generating embeddings for 10 chunks...
[2025-11-28T04:58:17.879Z] [2025-11-28T04:58:17.890Z] [INDEXING-ORCHESTRATOR] [DEBUG] ✅ Generated 10 embeddings
[2025-11-28T04:58:17.879Z] [2025-11-28T04:58:17.890Z] [INDEXING-ORCHESTRATOR] [DEBUG] ⬆️  Upserting 10 vectors to namespace: mcp_b0e62d81bd2a51d5
[2025-11-28T04:58:19.387Z] [2025-11-28T04:58:19.398Z] [INDEXING-ORCHESTRATOR] [WARN] ⚠️ Skipping batch 20 after retries failed. Continuing with remaining batches.
[2025-11-28T04:58:19.387Z] [2025-11-28T04:58:19.398Z] [INDEXING-ORCHESTRATOR] [WARN] Skipped batch error: "Turbopuffer upsert error (400): {\"error\":\"💔 This upsert contains duplicate document IDs and was not written. You should ensure that individual upserts do not include duplicate documents. The duplicated IDs in this batch were the following: C:\\\\Projects\\\\educatedplanet\\\\admin\\\\src\\\\components\\\\ui\\\\badge_838,C:\\\\Projects\\\\educatedplanet\\\\admin\\\\src\\\\components\\\\ui\\\\breadcrum\",\"status\":\"error\"}"
[2025-11-28T04:58:19.387Z] [2025-11-28T04:58:19.398Z] [INDEXING-ORCHESTRATOR] [INFO] 📦 Processing batch 21/73 (10 chunks)
[2025-11-28T04:58:19.387Z] [2025-11-28T04:58:19.398Z] [INDEXING-ORCHESTRATOR] [DEBUG] 🧠 Generating embeddings for 10 chunks...
[2025-11-28T04:58:20.874Z] [2025-11-28T04:58:20.886Z] [INDEXING-ORCHESTRATOR] [DEBUG] ✅ Generated 10 embeddings
[2025-11-28T04:58:20.875Z] [2025-11-28T04:58:20.886Z] [INDEXING-ORCHESTRATOR] [DEBUG] ⬆️  Upserting 10 vectors to namespace: mcp_b0e62d81bd2a51d5
[2025-11-28T04:58:22.077Z] [2025-11-28T04:58:22.088Z] [INDEXING-ORCHESTRATOR] [WARN] ⚠️ Skipping batch 21 after retries failed. Continuing with remaining batches.
[2025-11-28T04:58:22.077Z] [2025-11-28T04:58:22.088Z] [INDEXING-ORCHESTRATOR] [WARN] Skipped batch error: "Turbopuffer upsert error (400): {\"error\":\"💔 This upsert contains duplicate document IDs and was not written. You should ensure that individual upserts do not include duplicate documents. The duplicated IDs in this batch were the following: C:\\\\Projects\\\\educatedplanet\\\\admin\\\\src\\\\components\\\\ui\\\\button-gr,C:\\\\Projects\\\\educatedplanet\\\\admin\\\\src\\\\components\\\\ui\\\\calendar_\",\"status\":\"error\"}"
[2025-11-28T04:58:22.077Z] [2025-11-28T04:58:22.088Z] [INDEXING-ORCHESTRATOR] [INFO] 📦 Processing batch 22/73 (10 chunks)
[2025-11-28T04:58:22.077Z] [2025-11-28T04:58:22.088Z] [INDEXING-ORCHESTRATOR] [DEBUG] 🧠 Generating embeddings for 10 chunks...
[2025-11-28T04:58:23.557Z] [2025-11-28T04:58:23.569Z] [INDEXING-ORCHESTRATOR] [DEBUG] ✅ Generated 10 embeddings
[2025-11-28T04:58:23.557Z] [2025-11-28T04:58:23.569Z] [INDEXING-ORCHESTRATOR] [DEBUG] ⬆️  Upserting 10 vectors to namespace: mcp_b0e62d81bd2a51d5
[2025-11-28T04:58:24.822Z] [2025-11-28T04:58:24.833Z] [INDEXING-ORCHESTRATOR] [WARN] ⚠️ Skipping batch 22 after retries failed. Continuing with remaining batches.
[2025-11-28T04:58:24.822Z] [2025-11-28T04:58:24.833Z] [INDEXING-ORCHESTRATOR] [WARN] Skipped batch error: "Turbopuffer upsert error (400): {\"error\":\"💔 This upsert contains duplicate document IDs and was not written. You should ensure that individual upserts do not include duplicate documents. The duplicated IDs in this batch were the following: C:\\\\Projects\\\\educatedplanet\\\\admin\\\\src\\\\components\\\\ui\\\\card_9cfa,C:\\\\Projects\\\\educatedplanet\\\\admin\\\\src\\\\components\\\\ui\\\\carousel_\",\"status\":\"error\"}"
[2025-11-28T04:58:24.822Z] [2025-11-28T04:58:24.833Z] [INDEXING-ORCHESTRATOR] [INFO] 📦 Processing batch 23/73 (10 chunks)
[2025-11-28T04:58:24.822Z] [2025-11-28T04:58:24.833Z] [INDEXING-ORCHESTRATOR] [DEBUG] 🧠 Generating embeddings for 10 chunks...
[2025-11-28T04:58:26.328Z] [2025-11-28T04:58:26.340Z] [INDEXING-ORCHESTRATOR] [DEBUG] ✅ Generated 10 embeddings
[2025-11-28T04:58:26.329Z] [2025-11-28T04:58:26.340Z] [INDEXING-ORCHESTRATOR] [DEBUG] ⬆️  Upserting 10 vectors to namespace: mcp_b0e62d81bd2a51d5
[2025-11-28T04:58:28.019Z] [2025-11-28T04:58:28.030Z] [INDEXING-ORCHESTRATOR] [WARN] ⚠️ Skipping batch 23 after retries failed. Continuing with remaining batches.
[2025-11-28T04:58:28.020Z] [2025-11-28T04:58:28.030Z] [INDEXING-ORCHESTRATOR] [WARN] Skipped batch error: "Turbopuffer upsert error (400): {\"error\":\"💔 This upsert contains duplicate document IDs and was not written. You should ensure that individual upserts do not include duplicate documents. The duplicated IDs in this batch were the following: C:\\\\Projects\\\\educatedplanet\\\\admin\\\\src\\\\components\\\\ui\\\\carousel_,C:\\\\Projects\\\\educatedplanet\\\\admin\\\\src\\\\components\\\\ui\\\\chart_cc5\",\"status\":\"error\"}"
[2025-11-28T04:58:28.020Z] [2025-11-28T04:58:28.031Z] [INDEXING-ORCHESTRATOR] [INFO] 📦 Processing batch 24/73 (10 chunks)
[2025-11-28T04:58:28.020Z] [2025-11-28T04:58:28.031Z] [INDEXING-ORCHESTRATOR] [DEBUG] 🧠 Generating embeddings for 10 chunks...
[2025-11-28T04:58:29.475Z] [2025-11-28T04:58:29.486Z] [INDEXING-ORCHESTRATOR] [DEBUG] ✅ Generated 10 embeddings
[2025-11-28T04:58:29.475Z] [2025-11-28T04:58:29.486Z] [INDEXING-ORCHESTRATOR] [DEBUG] ⬆️  Upserting 10 vectors to namespace: mcp_b0e62d81bd2a51d5
[2025-11-28T04:58:30.861Z] [2025-11-28T04:58:30.873Z] [INDEXING-ORCHESTRATOR] [WARN] ⚠️ Skipping batch 24 after retries failed. Continuing with remaining batches.
[2025-11-28T04:58:30.861Z] [2025-11-28T04:58:30.873Z] [INDEXING-ORCHESTRATOR] [WARN] Skipped batch error: "Turbopuffer upsert error (400): {\"error\":\"💔 This upsert contains duplicate document IDs and was not written. You should ensure that individual upserts do not include duplicate documents. The duplicated IDs in this batch were the following: C:\\\\Projects\\\\educatedplanet\\\\admin\\\\src\\\\components\\\\ui\\\\command_a,C:\\\\Projects\\\\educatedplanet\\\\admin\\\\src\\\\components\\\\ui\\\\context-m\",\"status\":\"error\"}"
[2025-11-28T04:58:30.862Z] [2025-11-28T04:58:30.873Z] [INDEXING-ORCHESTRATOR] [INFO] 📦 Processing batch 25/73 (10 chunks)
[2025-11-28T04:58:30.862Z] [2025-11-28T04:58:30.873Z] [INDEXING-ORCHESTRATOR] [DEBUG] 🧠 Generating embeddings for 10 chunks...
[2025-11-28T04:58:32.349Z] [2025-11-28T04:58:32.360Z] [INDEXING-ORCHESTRATOR] [DEBUG] ✅ Generated 10 embeddings
[2025-11-28T04:58:32.349Z] [2025-11-28T04:58:32.360Z] [INDEXING-ORCHESTRATOR] [DEBUG] ⬆️  Upserting 10 vectors to namespace: mcp_b0e62d81bd2a51d5
[2025-11-28T04:58:33.587Z] [2025-11-28T04:58:33.598Z] [INDEXING-ORCHESTRATOR] [WARN] ⚠️ Skipping batch 25 after retries failed. Continuing with remaining batches.
[2025-11-28T04:58:33.587Z] [2025-11-28T04:58:33.598Z] [INDEXING-ORCHESTRATOR] [WARN] Skipped batch error: "Turbopuffer upsert error (400): {\"error\":\"💔 This upsert contains duplicate document IDs and was not written. You should ensure that individual upserts do not include duplicate documents. The duplicated IDs in this batch were the following: C:\\\\Projects\\\\educatedplanet\\\\admin\\\\src\\\\components\\\\ui\\\\context-m,C:\\\\Projects\\\\educatedplanet\\\\admin\\\\src\\\\components\\\\ui\\\\dialog_d2,C:\\\\Projects\\\\educatedplanet\\\\admin\\\\src\\\\components\\\\ui\\\\drawer_06\",\"status\":\"error\"}"
[2025-11-28T04:58:33.587Z] [2025-11-28T04:58:33.598Z] [INDEXING-ORCHESTRATOR] [INFO] 📦 Processing batch 26/73 (10 chunks)
[2025-11-28T04:58:33.587Z] [2025-11-28T04:58:33.598Z] [INDEXING-ORCHESTRATOR] [DEBUG] 🧠 Generating embeddings for 10 chunks...
[2025-11-28T04:58:35.004Z] [2025-11-28T04:58:35.015Z] [INDEXING-ORCHESTRATOR] [DEBUG] ✅ Generated 10 embeddings
[2025-11-28T04:58:35.004Z] [2025-11-28T04:58:35.015Z] [INDEXING-ORCHESTRATOR] [DEBUG] ⬆️  Upserting 10 vectors to namespace: mcp_b0e62d81bd2a51d5
[2025-11-28T04:58:36.441Z] [2025-11-28T04:58:36.452Z] [INDEXING-ORCHESTRATOR] [WARN] ⚠️ Skipping batch 26 after retries failed. Continuing with remaining batches.
[2025-11-28T04:58:36.441Z] [2025-11-28T04:58:36.452Z] [INDEXING-ORCHESTRATOR] [WARN] Skipped batch error: "Turbopuffer upsert error (400): {\"error\":\"💔 This upsert contains duplicate document IDs and was not written. You should ensure that individual upserts do not include duplicate documents. The duplicated IDs in this batch were the following: C:\\\\Projects\\\\educatedplanet\\\\admin\\\\src\\\\components\\\\ui\\\\dropdown-,C:\\\\Projects\\\\educatedplanet\\\\admin\\\\src\\\\components\\\\ui\\\\empty_abb\",\"status\":\"error\"}"
[2025-11-28T04:58:36.441Z] [2025-11-28T04:58:36.452Z] [INDEXING-ORCHESTRATOR] [INFO] 📦 Processing batch 27/73 (10 chunks)
[2025-11-28T04:58:36.441Z] [2025-11-28T04:58:36.452Z] [INDEXING-ORCHESTRATOR] [DEBUG] 🧠 Generating embeddings for 10 chunks...
[2025-11-28T04:58:37.960Z] [2025-11-28T04:58:37.972Z] [INDEXING-ORCHESTRATOR] [DEBUG] ✅ Generated 10 embeddings
[2025-11-28T04:58:37.960Z] [2025-11-28T04:58:37.972Z] [INDEXING-ORCHESTRATOR] [DEBUG] ⬆️  Upserting 10 vectors to namespace: mcp_b0e62d81bd2a51d5
[2025-11-28T04:58:39.176Z] [2025-11-28T04:58:39.187Z] [INDEXING-ORCHESTRATOR] [WARN] ⚠️ Skipping batch 27 after retries failed. Continuing with remaining batches.
[2025-11-28T04:58:39.176Z] [2025-11-28T04:58:39.187Z] [INDEXING-ORCHESTRATOR] [WARN] Skipped batch error: "Turbopuffer upsert error (400): {\"error\":\"💔 This upsert contains duplicate document IDs and was not written. You should ensure that individual upserts do not include duplicate documents. The duplicated IDs in this batch were the following: C:\\\\Projects\\\\educatedplanet\\\\admin\\\\src\\\\components\\\\ui\\\\field_823\",\"status\":\"error\"}"
[2025-11-28T04:58:39.176Z] [2025-11-28T04:58:39.187Z] [INDEXING-ORCHESTRATOR] [INFO] 📦 Processing batch 28/73 (10 chunks)
[2025-11-28T04:58:39.176Z] [2025-11-28T04:58:39.187Z] [INDEXING-ORCHESTRATOR] [DEBUG] 🧠 Generating embeddings for 10 chunks...
[2025-11-28T04:58:41.239Z] [2025-11-28T04:58:41.250Z] [INDEXING-ORCHESTRATOR] [DEBUG] ✅ Generated 10 embeddings
[2025-11-28T04:58:41.239Z] [2025-11-28T04:58:41.250Z] [INDEXING-ORCHESTRATOR] [DEBUG] ⬆️  Upserting 10 vectors to namespace: mcp_b0e62d81bd2a51d5
[2025-11-28T04:58:42.450Z] [2025-11-28T04:58:42.461Z] [INDEXING-ORCHESTRATOR] [WARN] ⚠️ Skipping batch 28 after retries failed. Continuing with remaining batches.
[2025-11-28T04:58:42.450Z] [2025-11-28T04:58:42.461Z] [INDEXING-ORCHESTRATOR] [WARN] Skipped batch error: "Turbopuffer upsert error (400): {\"error\":\"💔 This upsert contains duplicate document IDs and was not written. You should ensure that individual upserts do not include duplicate documents. The duplicated IDs in this batch were the following: C:\\\\Projects\\\\educatedplanet\\\\admin\\\\src\\\\components\\\\ui\\\\form_1e95,C:\\\\Projects\\\\educatedplanet\\\\admin\\\\src\\\\components\\\\ui\\\\hover-car,C:\\\\Projects\\\\educatedplanet\\\\admin\\\\src\\\\components\\\\ui\\\\input-gro\",\"status\":\"error\"}"
[2025-11-28T04:58:42.450Z] [2025-11-28T04:58:42.461Z] [INDEXING-ORCHESTRATOR] [INFO] 📦 Processing batch 29/73 (10 chunks)
[2025-11-28T04:58:42.450Z] [2025-11-28T04:58:42.461Z] [INDEXING-ORCHESTRATOR] [DEBUG] 🧠 Generating embeddings for 10 chunks...
[2025-11-28T04:58:43.898Z] [2025-11-28T04:58:43.909Z] [INDEXING-ORCHESTRATOR] [DEBUG] ✅ Generated 10 embeddings
[2025-11-28T04:58:43.898Z] [2025-11-28T04:58:43.909Z] [INDEXING-ORCHESTRATOR] [DEBUG] ⬆️  Upserting 10 vectors to namespace: mcp_b0e62d81bd2a51d5
[2025-11-28T04:58:45.096Z] [2025-11-28T04:58:45.108Z] [INDEXING-ORCHESTRATOR] [WARN] ⚠️ Skipping batch 29 after retries failed. Continuing with remaining batches.
[2025-11-28T04:58:45.096Z] [2025-11-28T04:58:45.108Z] [INDEXING-ORCHESTRATOR] [WARN] Skipped batch error: "Turbopuffer upsert error (400): {\"error\":\"💔 This upsert contains duplicate document IDs and was not written. You should ensure that individual upserts do not include duplicate documents. The duplicated IDs in this batch were the following: C:\\\\Projects\\\\educatedplanet\\\\admin\\\\src\\\\components\\\\ui\\\\input-gro,C:\\\\Projects\\\\educatedplanet\\\\admin\\\\src\\\\components\\\\ui\\\\input-otp,C:\\\\Projects\\\\educatedplanet\\\\admin\\\\src\\\\components\\\\ui\\\\item_b373\",\"status\":\"error\"}"
[2025-11-28T04:58:45.097Z] [2025-11-28T04:58:45.108Z] [INDEXING-ORCHESTRATOR] [INFO] 📦 Processing batch 30/73 (10 chunks)
[2025-11-28T04:58:45.097Z] [2025-11-28T04:58:45.108Z] [INDEXING-ORCHESTRATOR] [DEBUG] 🧠 Generating embeddings for 10 chunks...
[2025-11-28T04:58:47.232Z] [2025-11-28T04:58:47.243Z] [INDEXING-ORCHESTRATOR] [DEBUG] ✅ Generated 10 embeddings
[2025-11-28T04:58:47.232Z] [2025-11-28T04:58:47.243Z] [INDEXING-ORCHESTRATOR] [DEBUG] ⬆️  Upserting 10 vectors to namespace: mcp_b0e62d81bd2a51d5
[2025-11-28T04:58:48.454Z] [2025-11-28T04:58:48.465Z] [INDEXING-ORCHESTRATOR] [WARN] ⚠️ Skipping batch 30 after retries failed. Continuing with remaining batches.
[2025-11-28T04:58:48.454Z] [2025-11-28T04:58:48.465Z] [INDEXING-ORCHESTRATOR] [WARN] Skipped batch error: "Turbopuffer upsert error (400): {\"error\":\"💔 This upsert contains duplicate document IDs and was not written. You should ensure that individual upserts do not include duplicate documents. The duplicated IDs in this batch were the following: C:\\\\Projects\\\\educatedplanet\\\\admin\\\\src\\\\components\\\\ui\\\\item_b373,C:\\\\Projects\\\\educatedplanet\\\\admin\\\\src\\\\components\\\\ui\\\\kbd_50c2f\",\"status\":\"error\"}"
[2025-11-28T04:58:48.454Z] [2025-11-28T04:58:48.465Z] [INDEXING-ORCHESTRATOR] [INFO] 📦 Processing batch 31/73 (10 chunks)
[2025-11-28T04:58:48.454Z] [2025-11-28T04:58:48.465Z] [INDEXING-ORCHESTRATOR] [DEBUG] 🧠 Generating embeddings for 10 chunks...
[2025-11-28T04:58:49.899Z] [2025-11-28T04:58:49.910Z] [INDEXING-ORCHESTRATOR] [DEBUG] ✅ Generated 10 embeddings
[2025-11-28T04:58:49.899Z] [2025-11-28T04:58:49.910Z] [INDEXING-ORCHESTRATOR] [DEBUG] ⬆️  Upserting 10 vectors to namespace: mcp_b0e62d81bd2a51d5
[2025-11-28T04:58:51.200Z] [2025-11-28T04:58:51.202Z] [INDEXING-ORCHESTRATOR] [WARN] ⚠️ Skipping batch 31 after retries failed. Continuing with remaining batches.
[2025-11-28T04:58:51.200Z] [2025-11-28T04:58:51.202Z] [INDEXING-ORCHESTRATOR] [WARN] Skipped batch error: "Turbopuffer upsert error (400): {\"error\":\"💔 This upsert contains duplicate document IDs and was not written. You should ensure that individual upserts do not include duplicate documents. The duplicated IDs in this batch were the following: C:\\\\Projects\\\\educatedplanet\\\\admin\\\\src\\\\components\\\\ui\\\\loading-b,C:\\\\Projects\\\\educatedplanet\\\\admin\\\\src\\\\components\\\\ui\\\\loading-l,C:\\\\Projects\\\\educatedplanet\\\\admin\\\\src\\\\components\\\\ui\\\\menubar_7\",\"status\":\"error\"}"
[2025-11-28T04:58:51.200Z] [2025-11-28T04:58:51.202Z] [INDEXING-ORCHESTRATOR] [INFO] 📦 Processing batch 32/73 (10 chunks)
[2025-11-28T04:58:51.200Z] [2025-11-28T04:58:51.202Z] [INDEXING-ORCHESTRATOR] [DEBUG] 🧠 Generating embeddings for 10 chunks...
[2025-11-28T04:58:52.422Z] [2025-11-28T04:58:52.424Z] [INDEXING-ORCHESTRATOR] [DEBUG] ✅ Generated 10 embeddings
[2025-11-28T04:58:52.422Z] [2025-11-28T04:58:52.424Z] [INDEXING-ORCHESTRATOR] [DEBUG] ⬆️  Upserting 10 vectors to namespace: mcp_b0e62d81bd2a51d5
[2025-11-28T04:58:53.648Z] [2025-11-28T04:58:53.650Z] [INDEXING-ORCHESTRATOR] [WARN] ⚠️ Skipping batch 32 after retries failed. Continuing with remaining batches.
[2025-11-28T04:58:53.648Z] [2025-11-28T04:58:53.650Z] [INDEXING-ORCHESTRATOR] [WARN] Skipped batch error: "Turbopuffer upsert error (400): {\"error\":\"💔 This upsert contains duplicate document IDs and was not written. You should ensure that individual upserts do not include duplicate documents. The duplicated IDs in this batch were the following: C:\\\\Projects\\\\educatedplanet\\\\admin\\\\src\\\\components\\\\ui\\\\navigatio,C:\\\\Projects\\\\educatedplanet\\\\admin\\\\src\\\\components\\\\ui\\\\paginatio\",\"status\":\"error\"}"
[2025-11-28T04:58:53.648Z] [2025-11-28T04:58:53.650Z] [INDEXING-ORCHESTRATOR] [INFO] 📦 Processing batch 33/73 (10 chunks)
[2025-11-28T04:58:53.648Z] [2025-11-28T04:58:53.650Z] [INDEXING-ORCHESTRATOR] [DEBUG] 🧠 Generating embeddings for 10 chunks...
[2025-11-28T04:58:55.124Z] [2025-11-28T04:58:55.126Z] [INDEXING-ORCHESTRATOR] [DEBUG] ✅ Generated 10 embeddings
[2025-11-28T04:58:55.124Z] [2025-11-28T04:58:55.126Z] [INDEXING-ORCHESTRATOR] [DEBUG] ⬆️  Upserting 10 vectors to namespace: mcp_b0e62d81bd2a51d5
[2025-11-28T04:58:56.494Z] [2025-11-28T04:58:56.496Z] [INDEXING-ORCHESTRATOR] [WARN] ⚠️ Skipping batch 33 after retries failed. Continuing with remaining batches.
[2025-11-28T04:58:56.494Z] [2025-11-28T04:58:56.496Z] [INDEXING-ORCHESTRATOR] [WARN] Skipped batch error: "Turbopuffer upsert error (400): {\"error\":\"💔 This upsert contains duplicate document IDs and was not written. You should ensure that individual upserts do not include duplicate documents. The duplicated IDs in this batch were the following: C:\\\\Projects\\\\educatedplanet\\\\admin\\\\src\\\\components\\\\ui\\\\radio-gro,C:\\\\Projects\\\\educatedplanet\\\\admin\\\\src\\\\components\\\\ui\\\\scroll-ar,C:\\\\Projects\\\\educatedplanet\\\\admin\\\\src\\\\components\\\\ui\\\\select_64\",\"status\":\"error\"}"
[2025-11-28T04:58:56.494Z] [2025-11-28T04:58:56.496Z] [INDEXING-ORCHESTRATOR] [INFO] 📦 Processing batch 34/73 (10 chunks)
[2025-11-28T04:58:56.494Z] [2025-11-28T04:58:56.496Z] [INDEXING-ORCHESTRATOR] [DEBUG] 🧠 Generating embeddings for 10 chunks...
[2025-11-28T04:58:57.810Z] [2025-11-28T04:58:57.812Z] [INDEXING-ORCHESTRATOR] [DEBUG] ✅ Generated 10 embeddings
[2025-11-28T04:58:57.810Z] [2025-11-28T04:58:57.812Z] [INDEXING-ORCHESTRATOR] [DEBUG] ⬆️  Upserting 10 vectors to namespace: mcp_b0e62d81bd2a51d5
[2025-11-28T04:58:58.899Z] [2025-11-28T04:58:58.901Z] [INDEXING-ORCHESTRATOR] [WARN] ⚠️ Skipping batch 34 after retries failed. Continuing with remaining batches.
[2025-11-28T04:58:58.899Z] [2025-11-28T04:58:58.901Z] [INDEXING-ORCHESTRATOR] [WARN] Skipped batch error: "Turbopuffer upsert error (400): {\"error\":\"💔 This upsert contains duplicate document IDs and was not written. You should ensure that individual upserts do not include duplicate documents. The duplicated IDs in this batch were the following: C:\\\\Projects\\\\educatedplanet\\\\admin\\\\src\\\\components\\\\ui\\\\select_64,C:\\\\Projects\\\\educatedplanet\\\\admin\\\\src\\\\components\\\\ui\\\\sheet_8a0,C:\\\\Projects\\\\educatedplanet\\\\admin\\\\src\\\\components\\\\ui\\\\sidebar_3\",\"status\":\"error\"}"
[2025-11-28T04:58:58.899Z] [2025-11-28T04:58:58.901Z] [INDEXING-ORCHESTRATOR] [INFO] 📦 Processing batch 35/73 (10 chunks)
[2025-11-28T04:58:58.899Z] [2025-11-28T04:58:58.901Z] [INDEXING-ORCHESTRATOR] [DEBUG] 🧠 Generating embeddings for 10 chunks...
[2025-11-28T04:59:00.113Z] [2025-11-28T04:59:00.115Z] [INDEXING-ORCHESTRATOR] [DEBUG] ✅ Generated 10 embeddings
[2025-11-28T04:59:00.113Z] [2025-11-28T04:59:00.115Z] [INDEXING-ORCHESTRATOR] [DEBUG] ⬆️  Upserting 10 vectors to namespace: mcp_b0e62d81bd2a51d5
[2025-11-28T04:59:01.290Z] [2025-11-28T04:59:01.292Z] [INDEXING-ORCHESTRATOR] [WARN] ⚠️ Skipping batch 35 after retries failed. Continuing with remaining batches.
[2025-11-28T04:59:01.290Z] [2025-11-28T04:59:01.292Z] [INDEXING-ORCHESTRATOR] [WARN] Skipped batch error: "Turbopuffer upsert error (400): {\"error\":\"💔 This upsert contains duplicate document IDs and was not written. You should ensure that individual upserts do not include duplicate documents. The duplicated IDs in this batch were the following: C:\\\\Projects\\\\educatedplanet\\\\admin\\\\src\\\\components\\\\ui\\\\sidebar_3\",\"status\":\"error\"}"
[2025-11-28T04:59:01.290Z] [2025-11-28T04:59:01.292Z] [INDEXING-ORCHESTRATOR] [INFO] 📦 Processing batch 36/73 (10 chunks)
[2025-11-28T04:59:01.290Z] [2025-11-28T04:59:01.292Z] [INDEXING-ORCHESTRATOR] [DEBUG] 🧠 Generating embeddings for 10 chunks...
[2025-11-28T04:59:02.658Z] [2025-11-28T04:59:02.659Z] [INDEXING-ORCHESTRATOR] [DEBUG] ✅ Generated 10 embeddings
[2025-11-28T04:59:02.658Z] [2025-11-28T04:59:02.660Z] [INDEXING-ORCHESTRATOR] [DEBUG] ⬆️  Upserting 10 vectors to namespace: mcp_b0e62d81bd2a51d5
[2025-11-28T04:59:04.174Z] [2025-11-28T04:59:04.175Z] [INDEXING-ORCHESTRATOR] [WARN] ⚠️ Skipping batch 36 after retries failed. Continuing with remaining batches.
[2025-11-28T04:59:04.174Z] [2025-11-28T04:59:04.175Z] [INDEXING-ORCHESTRATOR] [WARN] Skipped batch error: "Turbopuffer upsert error (400): {\"error\":\"💔 This upsert contains duplicate document IDs and was not written. You should ensure that individual upserts do not include duplicate documents. The duplicated IDs in this batch were the following: C:\\\\Projects\\\\educatedplanet\\\\admin\\\\src\\\\components\\\\ui\\\\sidebar_3\",\"status\":\"error\"}"
[2025-11-28T04:59:04.174Z] [2025-11-28T04:59:04.176Z] [INDEXING-ORCHESTRATOR] [INFO] 📦 Processing batch 37/73 (10 chunks)
[2025-11-28T04:59:04.174Z] [2025-11-28T04:59:04.176Z] [INDEXING-ORCHESTRATOR] [DEBUG] 🧠 Generating embeddings for 10 chunks...
[2025-11-28T04:59:05.635Z] [2025-11-28T04:59:05.631Z] [INDEXING-ORCHESTRATOR] [DEBUG] ✅ Generated 10 embeddings
[2025-11-28T04:59:05.635Z] [2025-11-28T04:59:05.631Z] [INDEXING-ORCHESTRATOR] [DEBUG] ⬆️  Upserting 10 vectors to namespace: mcp_b0e62d81bd2a51d5
[2025-11-28T04:59:06.784Z] [2025-11-28T04:59:06.780Z] [INDEXING-ORCHESTRATOR] [WARN] ⚠️ Skipping batch 37 after retries failed. Continuing with remaining batches.
[2025-11-28T04:59:06.784Z] [2025-11-28T04:59:06.780Z] [INDEXING-ORCHESTRATOR] [WARN] Skipped batch error: "Turbopuffer upsert error (400): {\"error\":\"💔 This upsert contains duplicate document IDs and was not written. You should ensure that individual upserts do not include duplicate documents. The duplicated IDs in this batch were the following: C:\\\\Projects\\\\educatedplanet\\\\admin\\\\src\\\\components\\\\ui\\\\sidebar_3,C:\\\\Projects\\\\educatedplanet\\\\admin\\\\src\\\\components\\\\ui\\\\simple-lo,C:\\\\Projects\\\\educatedplanet\\\\admin\\\\src\\\\components\\\\ui\\\\skeleton_\",\"status\":\"error\"}"
[2025-11-28T04:59:06.784Z] [2025-11-28T04:59:06.780Z] [INDEXING-ORCHESTRATOR] [INFO] 📦 Processing batch 38/73 (10 chunks)
[2025-11-28T04:59:06.784Z] [2025-11-28T04:59:06.780Z] [INDEXING-ORCHESTRATOR] [DEBUG] 🧠 Generating embeddings for 10 chunks...
[2025-11-28T04:59:08.646Z] [2025-11-28T04:59:08.642Z] [INDEXING-ORCHESTRATOR] [DEBUG] ✅ Generated 10 embeddings
[2025-11-28T04:59:08.646Z] [2025-11-28T04:59:08.642Z] [INDEXING-ORCHESTRATOR] [DEBUG] ⬆️  Upserting 10 vectors to namespace: mcp_b0e62d81bd2a51d5
[2025-11-28T04:59:09.824Z] [2025-11-28T04:59:09.820Z] [INDEXING-ORCHESTRATOR] [WARN] ⚠️ Skipping batch 38 after retries failed. Continuing with remaining batches.
[2025-11-28T04:59:09.824Z] [2025-11-28T04:59:09.820Z] [INDEXING-ORCHESTRATOR] [WARN] Skipped batch error: "Turbopuffer upsert error (400): {\"error\":\"💔 This upsert contains duplicate document IDs and was not written. You should ensure that individual upserts do not include duplicate documents. The duplicated IDs in this batch were the following: C:\\\\Projects\\\\educatedplanet\\\\admin\\\\src\\\\components\\\\ui\\\\table_076\",\"status\":\"error\"}"
[2025-11-28T04:59:09.824Z] [2025-11-28T04:59:09.820Z] [INDEXING-ORCHESTRATOR] [INFO] 📦 Processing batch 39/73 (10 chunks)
[2025-11-28T04:59:09.824Z] [2025-11-28T04:59:09.820Z] [INDEXING-ORCHESTRATOR] [DEBUG] 🧠 Generating embeddings for 10 chunks...
[2025-11-28T04:59:11.214Z] [2025-11-28T04:59:11.209Z] [INDEXING-ORCHESTRATOR] [DEBUG] ✅ Generated 10 embeddings
[2025-11-28T04:59:11.214Z] [2025-11-28T04:59:11.210Z] [INDEXING-ORCHESTRATOR] [DEBUG] ⬆️  Upserting 10 vectors to namespace: mcp_b0e62d81bd2a51d5
[2025-11-28T04:59:12.463Z] [2025-11-28T04:59:12.459Z] [INDEXING-ORCHESTRATOR] [WARN] ⚠️ Skipping batch 39 after retries failed. Continuing with remaining batches.
[2025-11-28T04:59:12.464Z] [2025-11-28T04:59:12.459Z] [INDEXING-ORCHESTRATOR] [WARN] Skipped batch error: "Turbopuffer upsert error (400): {\"error\":\"💔 This upsert contains duplicate document IDs and was not written. You should ensure that individual upserts do not include duplicate documents. The duplicated IDs in this batch were the following: C:\\\\Projects\\\\educatedplanet\\\\admin\\\\src\\\\components\\\\ui\\\\textarea_,C:\\\\Projects\\\\educatedplanet\\\\admin\\\\src\\\\components\\\\ui\\\\toggle-gr,C:\\\\Projects\\\\educatedplanet\\\\admin\\\\src\\\\components\\\\ui\\\\tooltip_a\",\"status\":\"error\"}"
[2025-11-28T04:59:12.464Z] [2025-11-28T04:59:12.460Z] [INDEXING-ORCHESTRATOR] [INFO] 📦 Processing batch 40/73 (10 chunks)
[2025-11-28T04:59:12.464Z] [2025-11-28T04:59:12.460Z] [INDEXING-ORCHESTRATOR] [DEBUG] 🧠 Generating embeddings for 10 chunks...
[2025-11-28T04:59:14.725Z] [2025-11-28T04:59:14.721Z] [INDEXING-ORCHESTRATOR] [DEBUG] ✅ Generated 10 embeddings
[2025-11-28T04:59:14.725Z] [2025-11-28T04:59:14.721Z] [INDEXING-ORCHESTRATOR] [DEBUG] ⬆️  Upserting 10 vectors to namespace: mcp_b0e62d81bd2a51d5
[2025-11-28T04:59:16.136Z] [2025-11-28T04:59:16.132Z] [INDEXING-ORCHESTRATOR] [WARN] ⚠️ Skipping batch 40 after retries failed. Continuing with remaining batches.
[2025-11-28T04:59:16.136Z] [2025-11-28T04:59:16.132Z] [INDEXING-ORCHESTRATOR] [WARN] Skipped batch error: "Turbopuffer upsert error (400): {\"error\":\"💔 This upsert contains duplicate document IDs and was not written. You should ensure that individual upserts do not include duplicate documents. The duplicated IDs in this batch were the following: C:\\\\Projects\\\\educatedplanet\\\\admin\\\\src\\\\hooks\\\\use-data-table-in\",\"status\":\"error\"}"
[2025-11-28T04:59:16.136Z] [2025-11-28T04:59:16.132Z] [INDEXING-ORCHESTRATOR] [INFO] 📦 Processing batch 41/73 (10 chunks)
[2025-11-28T04:59:16.136Z] [2025-11-28T04:59:16.132Z] [INDEXING-ORCHESTRATOR] [DEBUG] 🧠 Generating embeddings for 10 chunks...
[2025-11-28T04:59:17.951Z] [2025-11-28T04:59:17.947Z] [INDEXING-ORCHESTRATOR] [DEBUG] ✅ Generated 10 embeddings
[2025-11-28T04:59:17.951Z] [2025-11-28T04:59:17.947Z] [INDEXING-ORCHESTRATOR] [DEBUG] ⬆️  Upserting 10 vectors to namespace: mcp_b0e62d81bd2a51d5
[2025-11-28T04:59:19.450Z] [2025-11-28T04:59:19.446Z] [INDEXING-ORCHESTRATOR] [WARN] ⚠️ Skipping batch 41 after retries failed. Continuing with remaining batches.
[2025-11-28T04:59:19.450Z] [2025-11-28T04:59:19.446Z] [INDEXING-ORCHESTRATOR] [WARN] Skipped batch error: "Turbopuffer upsert error (400): {\"error\":\"💔 This upsert contains duplicate document IDs and was not written. You should ensure that individual upserts do not include duplicate documents. The duplicated IDs in this batch were the following: C:\\\\Projects\\\\educatedplanet\\\\admin\\\\src\\\\hooks\\\\useSubjectsAndCla,C:\\\\Projects\\\\educatedplanet\\\\admin\\\\src\\\\lib\\\\auth-client_f2a8061\",\"status\":\"error\"}"
[2025-11-28T04:59:19.450Z] [2025-11-28T04:59:19.446Z] [INDEXING-ORCHESTRATOR] [INFO] 📦 Processing batch 42/73 (10 chunks)
[2025-11-28T04:59:19.450Z] [2025-11-28T04:59:19.446Z] [INDEXING-ORCHESTRATOR] [DEBUG] 🧠 Generating embeddings for 10 chunks...
[2025-11-28T04:59:21.043Z] [2025-11-28T04:59:21.039Z] [INDEXING-ORCHESTRATOR] [DEBUG] ✅ Generated 10 embeddings
[2025-11-28T04:59:21.043Z] [2025-11-28T04:59:21.039Z] [INDEXING-ORCHESTRATOR] [DEBUG] ⬆️  Upserting 10 vectors to namespace: mcp_b0e62d81bd2a51d5
[2025-11-28T04:59:22.204Z] [2025-11-28T04:59:22.200Z] [INDEXING-ORCHESTRATOR] [WARN] ⚠️ Skipping batch 42 after retries failed. Continuing with remaining batches.
[2025-11-28T04:59:22.204Z] [2025-11-28T04:59:22.200Z] [INDEXING-ORCHESTRATOR] [WARN] Skipped batch error: "Turbopuffer upsert error (400): {\"error\":\"💔 This upsert contains duplicate document IDs and was not written. You should ensure that individual upserts do not include duplicate documents. The duplicated IDs in this batch were the following: C:\\\\Projects\\\\educatedplanet\\\\admin\\\\src\\\\lib\\\\auth-utils_11f215ce,C:\\\\Projects\\\\educatedplanet\\\\admin\\\\src\\\\lib\\\\cropImage_5b863237_\",\"status\":\"error\"}"
[2025-11-28T04:59:22.204Z] [2025-11-28T04:59:22.200Z] [INDEXING-ORCHESTRATOR] [INFO] 📦 Processing batch 43/73 (10 chunks)
[2025-11-28T04:59:22.204Z] [2025-11-28T04:59:22.200Z] [INDEXING-ORCHESTRATOR] [DEBUG] 🧠 Generating embeddings for 10 chunks...
[2025-11-28T04:59:23.878Z] [2025-11-28T04:59:23.874Z] [INDEXING-ORCHESTRATOR] [DEBUG] ✅ Generated 10 embeddings
[2025-11-28T04:59:23.878Z] [2025-11-28T04:59:23.874Z] [INDEXING-ORCHESTRATOR] [DEBUG] ⬆️  Upserting 10 vectors to namespace: mcp_b0e62d81bd2a51d5
[2025-11-28T04:59:25.160Z] [2025-11-28T04:59:25.156Z] [INDEXING-ORCHESTRATOR] [WARN] ⚠️ Skipping batch 43 after retries failed. Continuing with remaining batches.
[2025-11-28T04:59:25.160Z] [2025-11-28T04:59:25.156Z] [INDEXING-ORCHESTRATOR] [WARN] Skipped batch error: "Turbopuffer upsert error (400): {\"error\":\"💔 This upsert contains duplicate document IDs and was not written. You should ensure that individual upserts do not include duplicate documents. The duplicated IDs in this batch were the following: C:\\\\Projects\\\\educatedplanet\\\\admin\\\\src\\\\lib\\\\google-maps_4a08a59,C:\\\\Projects\\\\educatedplanet\\\\admin\\\\src\\\\lib\\\\image-upload_fa605a\",\"status\":\"error\"}"
[2025-11-28T04:59:25.160Z] [2025-11-28T04:59:25.156Z] [INDEXING-ORCHESTRATOR] [INFO] 📦 Processing batch 44/73 (10 chunks)
[2025-11-28T04:59:25.160Z] [2025-11-28T04:59:25.156Z] [INDEXING-ORCHESTRATOR] [DEBUG] 🧠 Generating embeddings for 10 chunks...
[2025-11-28T04:59:26.710Z] [2025-11-28T04:59:26.706Z] [INDEXING-ORCHESTRATOR] [DEBUG] ✅ Generated 10 embeddings
[2025-11-28T04:59:26.710Z] [2025-11-28T04:59:26.706Z] [INDEXING-ORCHESTRATOR] [DEBUG] ⬆️  Upserting 10 vectors to namespace: mcp_b0e62d81bd2a51d5
[2025-11-28T04:59:27.994Z] [2025-11-28T04:59:27.989Z] [INDEXING-ORCHESTRATOR] [WARN] ⚠️ Skipping batch 44 after retries failed. Continuing with remaining batches.
[2025-11-28T04:59:27.994Z] [2025-11-28T04:59:27.990Z] [INDEXING-ORCHESTRATOR] [WARN] Skipped batch error: "Turbopuffer upsert error (400): {\"error\":\"💔 This upsert contains duplicate document IDs and was not written. You should ensure that individual upserts do not include duplicate documents. The duplicated IDs in this batch were the following: C:\\\\Projects\\\\educatedplanet\\\\admin\\\\src\\\\navigation\\\\sidebar\\\\side\",\"status\":\"error\"}"
[2025-11-28T04:59:27.994Z] [2025-11-28T04:59:27.990Z] [INDEXING-ORCHESTRATOR] [INFO] 📦 Processing batch 45/73 (10 chunks)
[2025-11-28T04:59:27.994Z] [2025-11-28T04:59:27.990Z] [INDEXING-ORCHESTRATOR] [DEBUG] 🧠 Generating embeddings for 10 chunks...
[2025-11-28T04:59:30.105Z] [2025-11-28T04:59:30.101Z] [INDEXING-ORCHESTRATOR] [DEBUG] ✅ Generated 10 embeddings
[2025-11-28T04:59:30.105Z] [2025-11-28T04:59:30.101Z] [INDEXING-ORCHESTRATOR] [DEBUG] ⬆️  Upserting 10 vectors to namespace: mcp_b0e62d81bd2a51d5
[2025-11-28T04:59:31.418Z] [2025-11-28T04:59:31.414Z] [INDEXING-ORCHESTRATOR] [WARN] ⚠️ Skipping batch 45 after retries failed. Continuing with remaining batches.
[2025-11-28T04:59:31.418Z] [2025-11-28T04:59:31.414Z] [INDEXING-ORCHESTRATOR] [WARN] Skipped batch error: "Turbopuffer upsert error (400): {\"error\":\"💔 This upsert contains duplicate document IDs and was not written. You should ensure that individual upserts do not include duplicate documents. The duplicated IDs in this batch were the following: C:\\\\Projects\\\\educatedplanet\\\\admin\\\\src\\\\stores\\\\preferences\\\\pref,C:\\\\Projects\\\\educatedplanet\\\\admin\\\\src\\\\types\\\\preferences\\\\layou\",\"status\":\"error\"}"
[2025-11-28T04:59:31.418Z] [2025-11-28T04:59:31.414Z] [INDEXING-ORCHESTRATOR] [INFO] 📦 Processing batch 46/73 (10 chunks)
[2025-11-28T04:59:31.418Z] [2025-11-28T04:59:31.414Z] [INDEXING-ORCHESTRATOR] [DEBUG] 🧠 Generating embeddings for 10 chunks...
[2025-11-28T04:59:32.986Z] [2025-11-28T04:59:32.982Z] [INDEXING-ORCHESTRATOR] [DEBUG] ✅ Generated 10 embeddings
[2025-11-28T04:59:32.986Z] [2025-11-28T04:59:32.982Z] [INDEXING-ORCHESTRATOR] [DEBUG] ⬆️  Upserting 10 vectors to namespace: mcp_b0e62d81bd2a51d5
[2025-11-28T04:59:34.069Z] [2025-11-28T04:59:34.065Z] [INDEXING-ORCHESTRATOR] [WARN] ⚠️ Skipping batch 46 after retries failed. Continuing with remaining batches.
[2025-11-28T04:59:34.069Z] [2025-11-28T04:59:34.065Z] [INDEXING-ORCHESTRATOR] [WARN] Skipped batch error: "Turbopuffer upsert error (400): {\"error\":\"💔 This upsert contains duplicate document IDs and was not written. You should ensure that individual upserts do not include duplicate documents. The duplicated IDs in this batch were the following: C:\\\\Projects\\\\educatedplanet\\\\admin\\\\src\\\\utils\\\\encryption_9248f7,C:\\\\Projects\\\\educatedplanet\\\\common\\\\src\\\\services\\\\images-servic\",\"status\":\"error\"}"
[2025-11-28T04:59:34.069Z] [2025-11-28T04:59:34.065Z] [INDEXING-ORCHESTRATOR] [INFO] 📦 Processing batch 47/73 (10 chunks)
[2025-11-28T04:59:34.069Z] [2025-11-28T04:59:34.065Z] [INDEXING-ORCHESTRATOR] [DEBUG] 🧠 Generating embeddings for 10 chunks...
[2025-11-28T04:59:36.080Z] [2025-11-28T04:59:36.076Z] [INDEXING-ORCHESTRATOR] [DEBUG] ✅ Generated 10 embeddings
[2025-11-28T04:59:36.080Z] [2025-11-28T04:59:36.076Z] [INDEXING-ORCHESTRATOR] [DEBUG] ⬆️  Upserting 10 vectors to namespace: mcp_b0e62d81bd2a51d5
[2025-11-28T04:59:37.303Z] [2025-11-28T04:59:37.299Z] [INDEXING-ORCHESTRATOR] [WARN] ⚠️ Skipping batch 47 after retries failed. Continuing with remaining batches.
[2025-11-28T04:59:37.303Z] [2025-11-28T04:59:37.299Z] [INDEXING-ORCHESTRATOR] [WARN] Skipped batch error: "Turbopuffer upsert error (400): {\"error\":\"💔 This upsert contains duplicate document IDs and was not written. You should ensure that individual upserts do not include duplicate documents. The duplicated IDs in this batch were the following: C:\\\\Projects\\\\educatedplanet\\\\common\\\\src\\\\services\\\\images-servic\",\"status\":\"error\"}"
[2025-11-28T04:59:37.303Z] [2025-11-28T04:59:37.299Z] [INDEXING-ORCHESTRATOR] [INFO] 📦 Processing batch 48/73 (10 chunks)
[2025-11-28T04:59:37.303Z] [2025-11-28T04:59:37.299Z] [INDEXING-ORCHESTRATOR] [DEBUG] 🧠 Generating embeddings for 10 chunks...
[2025-11-28T04:59:39.450Z] [2025-11-28T04:59:39.446Z] [INDEXING-ORCHESTRATOR] [DEBUG] ✅ Generated 10 embeddings
[2025-11-28T04:59:39.450Z] [2025-11-28T04:59:39.446Z] [INDEXING-ORCHESTRATOR] [DEBUG] ⬆️  Upserting 10 vectors to namespace: mcp_b0e62d81bd2a51d5
[2025-11-28T04:59:40.851Z] [2025-11-28T04:59:40.847Z] [INDEXING-ORCHESTRATOR] [WARN] ⚠️ Skipping batch 48 after retries failed. Continuing with remaining batches.
[2025-11-28T04:59:40.851Z] [2025-11-28T04:59:40.847Z] [INDEXING-ORCHESTRATOR] [WARN] Skipped batch error: "Turbopuffer upsert error (400): {\"error\":\"💔 This upsert contains duplicate document IDs and was not written. You should ensure that individual upserts do not include duplicate documents. The duplicated IDs in this batch were the following: C:\\\\Projects\\\\educatedplanet\\\\common\\\\src\\\\services\\\\images-servic,C:\\\\Projects\\\\educatedplanet\\\\common\\\\src\\\\utils\\\\location_921d431\",\"status\":\"error\"}"
[2025-11-28T04:59:40.851Z] [2025-11-28T04:59:40.847Z] [INDEXING-ORCHESTRATOR] [INFO] 📦 Processing batch 49/73 (10 chunks)
[2025-11-28T04:59:40.851Z] [2025-11-28T04:59:40.847Z] [INDEXING-ORCHESTRATOR] [DEBUG] 🧠 Generating embeddings for 10 chunks...
[2025-11-28T04:59:42.496Z] [2025-11-28T04:59:42.492Z] [INDEXING-ORCHESTRATOR] [DEBUG] ✅ Generated 10 embeddings
[2025-11-28T04:59:42.497Z] [2025-11-28T04:59:42.493Z] [INDEXING-ORCHESTRATOR] [DEBUG] ⬆️  Upserting 10 vectors to namespace: mcp_b0e62d81bd2a51d5
[2025-11-28T04:59:43.911Z] [2025-11-28T04:59:43.907Z] [INDEXING-ORCHESTRATOR] [WARN] ⚠️ Skipping batch 49 after retries failed. Continuing with remaining batches.
[2025-11-28T04:59:43.912Z] [2025-11-28T04:59:43.907Z] [INDEXING-ORCHESTRATOR] [WARN] Skipped batch error: "Turbopuffer upsert error (400): {\"error\":\"💔 This upsert contains duplicate document IDs and was not written. You should ensure that individual upserts do not include duplicate documents. The duplicated IDs in this batch were the following: C:\\\\Projects\\\\educatedplanet\\\\common\\\\src\\\\utils\\\\password_0962464,C:\\\\Projects\\\\educatedplanet\\\\dataservice\\\\src\\\\datamodels\\\\connec\",\"status\":\"error\"}"
[2025-11-28T04:59:43.912Z] [2025-11-28T04:59:43.907Z] [INDEXING-ORCHESTRATOR] [INFO] 📦 Processing batch 50/73 (10 chunks)
[2025-11-28T04:59:43.912Z] [2025-11-28T04:59:43.907Z] [INDEXING-ORCHESTRATOR] [DEBUG] 🧠 Generating embeddings for 10 chunks...
[2025-11-28T04:59:45.577Z] [2025-11-28T04:59:45.573Z] [INDEXING-ORCHESTRATOR] [DEBUG] ✅ Generated 10 embeddings
[2025-11-28T04:59:45.577Z] [2025-11-28T04:59:45.573Z] [INDEXING-ORCHESTRATOR] [DEBUG] ⬆️  Upserting 10 vectors to namespace: mcp_b0e62d81bd2a51d5
[2025-11-28T04:59:46.714Z] [2025-11-28T04:59:46.710Z] [INDEXING-ORCHESTRATOR] [WARN] ⚠️ Skipping batch 50 after retries failed. Continuing with remaining batches.
[2025-11-28T04:59:46.714Z] [2025-11-28T04:59:46.710Z] [INDEXING-ORCHESTRATOR] [WARN] Skipped batch error: "Turbopuffer upsert error (400): {\"error\":\"💔 This upsert contains duplicate document IDs and was not written. You should ensure that individual upserts do not include duplicate documents. The duplicated IDs in this batch were the following: C:\\\\Projects\\\\educatedplanet\\\\dataservice\\\\src\\\\datamodels\\\\connec,C:\\\\Projects\\\\educatedplanet\\\\dataservice\\\\src\\\\datamodels\\\\index_\",\"status\":\"error\"}"
[2025-11-28T04:59:46.714Z] [2025-11-28T04:59:46.710Z] [INDEXING-ORCHESTRATOR] [INFO] 📦 Processing batch 51/73 (10 chunks)
[2025-11-28T04:59:46.714Z] [2025-11-28T04:59:46.710Z] [INDEXING-ORCHESTRATOR] [DEBUG] 🧠 Generating embeddings for 10 chunks...
[2025-11-28T04:59:48.963Z] [2025-11-28T04:59:48.959Z] [INDEXING-ORCHESTRATOR] [DEBUG] ✅ Generated 10 embeddings
[2025-11-28T04:59:48.963Z] [2025-11-28T04:59:48.959Z] [INDEXING-ORCHESTRATOR] [DEBUG] ⬆️  Upserting 10 vectors to namespace: mcp_b0e62d81bd2a51d5
[2025-11-28T04:59:50.170Z] [2025-11-28T04:59:50.166Z] [INDEXING-ORCHESTRATOR] [WARN] ⚠️ Skipping batch 51 after retries failed. Continuing with remaining batches.
[2025-11-28T04:59:50.170Z] [2025-11-28T04:59:50.166Z] [INDEXING-ORCHESTRATOR] [WARN] Skipped batch error: "Turbopuffer upsert error (400): {\"error\":\"💔 This upsert contains duplicate document IDs and was not written. You should ensure that individual upserts do not include duplicate documents. The duplicated IDs in this batch were the following: C:\\\\Projects\\\\educatedplanet\\\\dataservice\\\\src\\\\datamodels\\\\models\",\"status\":\"error\"}"
[2025-11-28T04:59:50.170Z] [2025-11-28T04:59:50.166Z] [INDEXING-ORCHESTRATOR] [INFO] 📦 Processing batch 52/73 (10 chunks)
[2025-11-28T04:59:50.170Z] [2025-11-28T04:59:50.166Z] [INDEXING-ORCHESTRATOR] [DEBUG] 🧠 Generating embeddings for 10 chunks...
[2025-11-28T04:59:51.867Z] [2025-11-28T04:59:51.864Z] [INDEXING-ORCHESTRATOR] [DEBUG] ✅ Generated 10 embeddings
[2025-11-28T04:59:51.867Z] [2025-11-28T04:59:51.864Z] [INDEXING-ORCHESTRATOR] [DEBUG] ⬆️  Upserting 10 vectors to namespace: mcp_b0e62d81bd2a51d5
[2025-11-28T04:59:53.067Z] [2025-11-28T04:59:53.064Z] [INDEXING-ORCHESTRATOR] [WARN] ⚠️ Skipping batch 52 after retries failed. Continuing with remaining batches.
[2025-11-28T04:59:53.067Z] [2025-11-28T04:59:53.065Z] [INDEXING-ORCHESTRATOR] [WARN] Skipped batch error: "Turbopuffer upsert error (400): {\"error\":\"💔 This upsert contains duplicate document IDs and was not written. You should ensure that individual upserts do not include duplicate documents. The duplicated IDs in this batch were the following: C:\\\\Projects\\\\educatedplanet\\\\dataservice\\\\src\\\\datamodels\\\\models,C:\\\\Projects\\\\educatedplanet\\\\dataservice\\\\src\\\\datamodels\\\\schema\",\"status\":\"error\"}"
[2025-11-28T04:59:53.067Z] [2025-11-28T04:59:53.065Z] [INDEXING-ORCHESTRATOR] [INFO] 📦 Processing batch 53/73 (10 chunks)
[2025-11-28T04:59:53.067Z] [2025-11-28T04:59:53.065Z] [INDEXING-ORCHESTRATOR] [DEBUG] 🧠 Generating embeddings for 10 chunks...
[2025-11-28T04:59:54.864Z] [2025-11-28T04:59:54.862Z] [INDEXING-ORCHESTRATOR] [DEBUG] ✅ Generated 10 embeddings
[2025-11-28T04:59:54.864Z] [2025-11-28T04:59:54.862Z] [INDEXING-ORCHESTRATOR] [DEBUG] ⬆️  Upserting 10 vectors to namespace: mcp_b0e62d81bd2a51d5
[2025-11-28T04:59:56.046Z] [2025-11-28T04:59:56.043Z] [INDEXING-ORCHESTRATOR] [WARN] ⚠️ Skipping batch 53 after retries failed. Continuing with remaining batches.
[2025-11-28T04:59:56.046Z] [2025-11-28T04:59:56.043Z] [INDEXING-ORCHESTRATOR] [WARN] Skipped batch error: "Turbopuffer upsert error (400): {\"error\":\"💔 This upsert contains duplicate document IDs and was not written. You should ensure that individual upserts do not include duplicate documents. The duplicated IDs in this batch were the following: C:\\\\Projects\\\\educatedplanet\\\\dataservice\\\\src\\\\datamodels\\\\schema,C:\\\\Projects\\\\educatedplanet\\\\dataservice\\\\src\\\\migrations\\\\001-cr\",\"status\":\"error\"}"
[2025-11-28T04:59:56.046Z] [2025-11-28T04:59:56.043Z] [INDEXING-ORCHESTRATOR] [INFO] 📦 Processing batch 54/73 (10 chunks)
[2025-11-28T04:59:56.046Z] [2025-11-28T04:59:56.043Z] [INDEXING-ORCHESTRATOR] [DEBUG] 🧠 Generating embeddings for 10 chunks...
[2025-11-28T04:59:57.992Z] [2025-11-28T04:59:57.990Z] [INDEXING-ORCHESTRATOR] [DEBUG] ✅ Generated 10 embeddings
[2025-11-28T04:59:57.992Z] [2025-11-28T04:59:57.990Z] [INDEXING-ORCHESTRATOR] [DEBUG] ⬆️  Upserting 10 vectors to namespace: mcp_b0e62d81bd2a51d5
[2025-11-28T04:59:59.357Z] [2025-11-28T04:59:59.354Z] [INDEXING-ORCHESTRATOR] [WARN] ⚠️ Skipping batch 54 after retries failed. Continuing with remaining batches.
[2025-11-28T04:59:59.357Z] [2025-11-28T04:59:59.354Z] [INDEXING-ORCHESTRATOR] [WARN] Skipped batch error: "Turbopuffer upsert error (400): {\"error\":\"💔 This upsert contains duplicate document IDs and was not written. You should ensure that individual upserts do not include duplicate documents. The duplicated IDs in this batch were the following: C:\\\\Projects\\\\educatedplanet\\\\dataservice\\\\src\\\\migrations\\\\002-up,C:\\\\Projects\\\\educatedplanet\\\\dataservice\\\\src\\\\migrations\\\\index_\",\"status\":\"error\"}"
[2025-11-28T04:59:59.357Z] [2025-11-28T04:59:59.354Z] [INDEXING-ORCHESTRATOR] [INFO] 📦 Processing batch 55/73 (10 chunks)
[2025-11-28T04:59:59.357Z] [2025-11-28T04:59:59.354Z] [INDEXING-ORCHESTRATOR] [DEBUG] 🧠 Generating embeddings for 10 chunks...
[2025-11-28T05:00:01.112Z] [2025-11-28T05:00:01.109Z] [INDEXING-ORCHESTRATOR] [DEBUG] ✅ Generated 10 embeddings
[2025-11-28T05:00:01.112Z] [2025-11-28T05:00:01.109Z] [INDEXING-ORCHESTRATOR] [DEBUG] ⬆️  Upserting 10 vectors to namespace: mcp_b0e62d81bd2a51d5
[2025-11-28T05:00:02.495Z] [2025-11-28T05:00:02.493Z] [INDEXING-ORCHESTRATOR] [WARN] ⚠️ Skipping batch 55 after retries failed. Continuing with remaining batches.
[2025-11-28T05:00:02.495Z] [2025-11-28T05:00:02.493Z] [INDEXING-ORCHESTRATOR] [WARN] Skipped batch error: "Turbopuffer upsert error (400): {\"error\":\"💔 This upsert contains duplicate document IDs and was not written. You should ensure that individual upserts do not include duplicate documents. The duplicated IDs in this batch were the following: C:\\\\Projects\\\\educatedplanet\\\\dataservice\\\\src\\\\queries\\\\tutor_dce,C:\\\\Projects\\\\educatedplanet\\\\dataservice\\\\src\\\\repositories\\\\user,C:\\\\Projects\\\\educatedplanet\\\\dataservice\\\\src\\\\scripts\\\\run-migra\",\"status\":\"error\"}"
[2025-11-28T05:00:02.495Z] [2025-11-28T05:00:02.493Z] [INDEXING-ORCHESTRATOR] [INFO] 📦 Processing batch 56/73 (10 chunks)
[2025-11-28T05:00:02.495Z] [2025-11-28T05:00:02.493Z] [INDEXING-ORCHESTRATOR] [DEBUG] 🧠 Generating embeddings for 10 chunks...
[2025-11-28T05:00:04.117Z] [2025-11-28T05:00:04.114Z] [INDEXING-ORCHESTRATOR] [DEBUG] ✅ Generated 10 embeddings
[2025-11-28T05:00:04.117Z] [2025-11-28T05:00:04.115Z] [INDEXING-ORCHESTRATOR] [DEBUG] ⬆️  Upserting 10 vectors to namespace: mcp_b0e62d81bd2a51d5
[2025-11-28T05:00:05.538Z] [2025-11-28T05:00:05.535Z] [INDEXING-ORCHESTRATOR] [WARN] ⚠️ Skipping batch 56 after retries failed. Continuing with remaining batches.
[2025-11-28T05:00:05.538Z] [2025-11-28T05:00:05.535Z] [INDEXING-ORCHESTRATOR] [WARN] Skipped batch error: "Turbopuffer upsert error (400): {\"error\":\"💔 This upsert contains duplicate document IDs and was not written. You should ensure that individual upserts do not include duplicate documents. The duplicated IDs in this batch were the following: C:\\\\Projects\\\\educatedplanet\\\\dataservice\\\\src\\\\seeder\\\\classseede,C:\\\\Projects\\\\educatedplanet\\\\dataservice\\\\src\\\\seeder\\\\subjectsee\",\"status\":\"error\"}"
[2025-11-28T05:00:05.538Z] [2025-11-28T05:00:05.536Z] [INDEXING-ORCHESTRATOR] [INFO] 📦 Processing batch 57/73 (10 chunks)
[2025-11-28T05:00:05.538Z] [2025-11-28T05:00:05.536Z] [INDEXING-ORCHESTRATOR] [DEBUG] 🧠 Generating embeddings for 10 chunks...
[2025-11-28T05:00:07.229Z] [2025-11-28T05:00:07.232Z] [INDEXING-ORCHESTRATOR] [DEBUG] ✅ Generated 10 embeddings
[2025-11-28T05:00:07.229Z] [2025-11-28T05:00:07.232Z] [INDEXING-ORCHESTRATOR] [DEBUG] ⬆️  Upserting 10 vectors to namespace: mcp_b0e62d81bd2a51d5
[2025-11-28T05:00:08.625Z] [2025-11-28T05:00:08.629Z] [INDEXING-ORCHESTRATOR] [WARN] ⚠️ Skipping batch 57 after retries failed. Continuing with remaining batches.
[2025-11-28T05:00:08.625Z] [2025-11-28T05:00:08.629Z] [INDEXING-ORCHESTRATOR] [WARN] Skipped batch error: "Turbopuffer upsert error (400): {\"error\":\"💔 This upsert contains duplicate document IDs and was not written. You should ensure that individual upserts do not include duplicate documents. The duplicated IDs in this batch were the following: C:\\\\Projects\\\\educatedplanet\\\\dataservice\\\\src\\\\seeder\\\\userseeder\",\"status\":\"error\"}"
[2025-11-28T05:00:08.626Z] [2025-11-28T05:00:08.629Z] [INDEXING-ORCHESTRATOR] [INFO] 📦 Processing batch 58/73 (10 chunks)
[2025-11-28T05:00:08.626Z] [2025-11-28T05:00:08.629Z] [INDEXING-ORCHESTRATOR] [DEBUG] 🧠 Generating embeddings for 10 chunks...
[2025-11-28T05:00:10.221Z] [2025-11-28T05:00:10.225Z] [INDEXING-ORCHESTRATOR] [DEBUG] ✅ Generated 10 embeddings
[2025-11-28T05:00:10.221Z] [2025-11-28T05:00:10.225Z] [INDEXING-ORCHESTRATOR] [DEBUG] ⬆️  Upserting 10 vectors to namespace: mcp_b0e62d81bd2a51d5
[2025-11-28T05:00:11.642Z] [2025-11-28T05:00:11.646Z] [INDEXING-ORCHESTRATOR] [WARN] ⚠️ Skipping batch 58 after retries failed. Continuing with remaining batches.
[2025-11-28T05:00:11.642Z] [2025-11-28T05:00:11.646Z] [INDEXING-ORCHESTRATOR] [WARN] Skipped batch error: "Turbopuffer upsert error (400): {\"error\":\"💔 This upsert contains duplicate document IDs and was not written. You should ensure that individual upserts do not include duplicate documents. The duplicated IDs in this batch were the following: C:\\\\Projects\\\\educatedplanet\\\\dataservice\\\\src\\\\services\\\\admin-an,C:\\\\Projects\\\\educatedplanet\\\\dataservice\\\\src\\\\services\\\\admin-tu\",\"status\":\"error\"}"
[2025-11-28T05:00:11.642Z] [2025-11-28T05:00:11.646Z] [INDEXING-ORCHESTRATOR] [INFO] 📦 Processing batch 59/73 (10 chunks)
[2025-11-28T05:00:11.642Z] [2025-11-28T05:00:11.646Z] [INDEXING-ORCHESTRATOR] [DEBUG] 🧠 Generating embeddings for 10 chunks...
[2025-11-28T05:00:13.008Z] [2025-11-28T05:00:13.012Z] [INDEXING-ORCHESTRATOR] [DEBUG] ✅ Generated 10 embeddings
[2025-11-28T05:00:13.009Z] [2025-11-28T05:00:13.012Z] [INDEXING-ORCHESTRATOR] [DEBUG] ⬆️  Upserting 10 vectors to namespace: mcp_b0e62d81bd2a51d5
[2025-11-28T05:00:14.342Z] [2025-11-28T05:00:14.345Z] [INDEXING-ORCHESTRATOR] [WARN] ⚠️ Skipping batch 59 after retries failed. Continuing with remaining batches.
[2025-11-28T05:00:14.342Z] [2025-11-28T05:00:14.345Z] [INDEXING-ORCHESTRATOR] [WARN] Skipped batch error: "Turbopuffer upsert error (400): {\"error\":\"💔 This upsert contains duplicate document IDs and was not written. You should ensure that individual upserts do not include duplicate documents. The duplicated IDs in this batch were the following: C:\\\\Projects\\\\educatedplanet\\\\dataservice\\\\src\\\\services\\\\admin-tu,C:\\\\Projects\\\\educatedplanet\\\\dataservice\\\\src\\\\services\\\\auth_b7c,C:\\\\Projects\\\\educatedplanet\\\\dataservice\\\\src\\\\services\\\\class_64\",\"status\":\"error\"}"
[2025-11-28T05:00:14.342Z] [2025-11-28T05:00:14.345Z] [INDEXING-ORCHESTRATOR] [INFO] 📦 Processing batch 60/73 (10 chunks)
[2025-11-28T05:00:14.342Z] [2025-11-28T05:00:14.345Z] [INDEXING-ORCHESTRATOR] [DEBUG] 🧠 Generating embeddings for 10 chunks...
[2025-11-28T05:00:15.855Z] [2025-11-28T05:00:15.858Z] [INDEXING-ORCHESTRATOR] [DEBUG] ✅ Generated 10 embeddings
[2025-11-28T05:00:15.855Z] [2025-11-28T05:00:15.859Z] [INDEXING-ORCHESTRATOR] [DEBUG] ⬆️  Upserting 10 vectors to namespace: mcp_b0e62d81bd2a51d5
[2025-11-28T05:00:17.075Z] [2025-11-28T05:00:17.078Z] [INDEXING-ORCHESTRATOR] [WARN] ⚠️ Skipping batch 60 after retries failed. Continuing with remaining batches.
[2025-11-28T05:00:17.075Z] [2025-11-28T05:00:17.078Z] [INDEXING-ORCHESTRATOR] [WARN] Skipped batch error: "Turbopuffer upsert error (400): {\"error\":\"💔 This upsert contains duplicate document IDs and was not written. You should ensure that individual upserts do not include duplicate documents. The duplicated IDs in this batch were the following: C:\\\\Projects\\\\educatedplanet\\\\dataservice\\\\src\\\\services\\\\class_64,C:\\\\Projects\\\\educatedplanet\\\\dataservice\\\\src\\\\services\\\\database\",\"status\":\"error\"}"
[2025-11-28T05:00:17.075Z] [2025-11-28T05:00:17.078Z] [INDEXING-ORCHESTRATOR] [INFO] 📦 Processing batch 61/73 (10 chunks)
[2025-11-28T05:00:17.075Z] [2025-11-28T05:00:17.079Z] [INDEXING-ORCHESTRATOR] [DEBUG] 🧠 Generating embeddings for 10 chunks...
[2025-11-28T05:00:18.712Z] [2025-11-28T05:00:18.715Z] [INDEXING-ORCHESTRATOR] [DEBUG] ✅ Generated 10 embeddings
[2025-11-28T05:00:18.712Z] [2025-11-28T05:00:18.715Z] [INDEXING-ORCHESTRATOR] [DEBUG] ⬆️  Upserting 10 vectors to namespace: mcp_b0e62d81bd2a51d5
[2025-11-28T05:00:19.946Z] [2025-11-28T05:00:19.949Z] [INDEXING-ORCHESTRATOR] [WARN] ⚠️ Skipping batch 61 after retries failed. Continuing with remaining batches.
[2025-11-28T05:00:19.946Z] [2025-11-28T05:00:19.949Z] [INDEXING-ORCHESTRATOR] [WARN] Skipped batch error: "Turbopuffer upsert error (400): {\"error\":\"💔 This upsert contains duplicate document IDs and was not written. You should ensure that individual upserts do not include duplicate documents. The duplicated IDs in this batch were the following: C:\\\\Projects\\\\educatedplanet\\\\dataservice\\\\src\\\\services\\\\database,C:\\\\Projects\\\\educatedplanet\\\\dataservice\\\\src\\\\services\\\\review_f\",\"status\":\"error\"}"
[2025-11-28T05:00:19.946Z] [2025-11-28T05:00:19.950Z] [INDEXING-ORCHESTRATOR] [INFO] 📦 Processing batch 62/73 (10 chunks)
[2025-11-28T05:00:19.946Z] [2025-11-28T05:00:19.950Z] [INDEXING-ORCHESTRATOR] [DEBUG] 🧠 Generating embeddings for 10 chunks...
[2025-11-28T05:00:21.570Z] [2025-11-28T05:00:21.573Z] [INDEXING-ORCHESTRATOR] [DEBUG] ✅ Generated 10 embeddings
[2025-11-28T05:00:21.570Z] [2025-11-28T05:00:21.573Z] [INDEXING-ORCHESTRATOR] [DEBUG] ⬆️  Upserting 10 vectors to namespace: mcp_b0e62d81bd2a51d5
[2025-11-28T05:00:22.956Z] [2025-11-28T05:00:22.959Z] [INDEXING-ORCHESTRATOR] [WARN] ⚠️ Skipping batch 62 after retries failed. Continuing with remaining batches.
[2025-11-28T05:00:22.956Z] [2025-11-28T05:00:22.959Z] [INDEXING-ORCHESTRATOR] [WARN] Skipped batch error: "Turbopuffer upsert error (400): {\"error\":\"💔 This upsert contains duplicate document IDs and was not written. You should ensure that individual upserts do not include duplicate documents. The duplicated IDs in this batch were the following: C:\\\\Projects\\\\educatedplanet\\\\dataservice\\\\src\\\\services\\\\subject_\",\"status\":\"error\"}"
[2025-11-28T05:00:22.956Z] [2025-11-28T05:00:22.959Z] [INDEXING-ORCHESTRATOR] [INFO] 📦 Processing batch 63/73 (10 chunks)
[2025-11-28T05:00:22.956Z] [2025-11-28T05:00:22.959Z] [INDEXING-ORCHESTRATOR] [DEBUG] 🧠 Generating embeddings for 10 chunks...
[2025-11-28T05:00:24.519Z] [2025-11-28T05:00:24.522Z] [INDEXING-ORCHESTRATOR] [DEBUG] ✅ Generated 10 embeddings
[2025-11-28T05:00:24.519Z] [2025-11-28T05:00:24.522Z] [INDEXING-ORCHESTRATOR] [DEBUG] ⬆️  Upserting 10 vectors to namespace: mcp_b0e62d81bd2a51d5
[2025-11-28T05:00:26.284Z] [2025-11-28T05:00:26.287Z] [INDEXING-ORCHESTRATOR] [WARN] ⚠️ Skipping batch 63 after retries failed. Continuing with remaining batches.
[2025-11-28T05:00:26.284Z] [2025-11-28T05:00:26.287Z] [INDEXING-ORCHESTRATOR] [WARN] Skipped batch error: "Turbopuffer upsert error (400): {\"error\":\"💔 This upsert contains duplicate document IDs and was not written. You should ensure that individual upserts do not include duplicate documents. The duplicated IDs in this batch were the following: C:\\\\Projects\\\\educatedplanet\\\\dataservice\\\\src\\\\services\\\\subject_,C:\\\\Projects\\\\educatedplanet\\\\dataservice\\\\src\\\\services\\\\tutor_91\",\"status\":\"error\"}"
[2025-11-28T05:00:26.284Z] [2025-11-28T05:00:26.287Z] [INDEXING-ORCHESTRATOR] [INFO] 📦 Processing batch 64/73 (10 chunks)
[2025-11-28T05:00:26.284Z] [2025-11-28T05:00:26.287Z] [INDEXING-ORCHESTRATOR] [DEBUG] 🧠 Generating embeddings for 10 chunks...
[2025-11-28T05:00:27.879Z] [2025-11-28T05:00:27.883Z] [INDEXING-ORCHESTRATOR] [DEBUG] ✅ Generated 10 embeddings
[2025-11-28T05:00:27.879Z] [2025-11-28T05:00:27.883Z] [INDEXING-ORCHESTRATOR] [DEBUG] ⬆️  Upserting 10 vectors to namespace: mcp_b0e62d81bd2a51d5
[2025-11-28T05:00:29.224Z] [2025-11-28T05:00:29.228Z] [INDEXING-ORCHESTRATOR] [WARN] ⚠️ Skipping batch 64 after retries failed. Continuing with remaining batches.
[2025-11-28T05:00:29.224Z] [2025-11-28T05:00:29.228Z] [INDEXING-ORCHESTRATOR] [WARN] Skipped batch error: "Turbopuffer upsert error (400): {\"error\":\"💔 This upsert contains duplicate document IDs and was not written. You should ensure that individual upserts do not include duplicate documents. The duplicated IDs in this batch were the following: C:\\\\Projects\\\\educatedplanet\\\\dataservice\\\\src\\\\services\\\\user_4cf\",\"status\":\"error\"}"
[2025-11-28T05:00:29.224Z] [2025-11-28T05:00:29.228Z] [INDEXING-ORCHESTRATOR] [INFO] 📦 Processing batch 65/73 (10 chunks)
[2025-11-28T05:00:29.224Z] [2025-11-28T05:00:29.228Z] [INDEXING-ORCHESTRATOR] [DEBUG] 🧠 Generating embeddings for 10 chunks...
[2025-11-28T05:00:31.290Z] [2025-11-28T05:00:31.293Z] [INDEXING-ORCHESTRATOR] [DEBUG] ✅ Generated 10 embeddings
[2025-11-28T05:00:31.290Z] [2025-11-28T05:00:31.293Z] [INDEXING-ORCHESTRATOR] [DEBUG] ⬆️  Upserting 10 vectors to namespace: mcp_b0e62d81bd2a51d5
[2025-11-28T05:00:32.571Z] [2025-11-28T05:00:32.575Z] [INDEXING-ORCHESTRATOR] [WARN] ⚠️ Skipping batch 65 after retries failed. Continuing with remaining batches.
[2025-11-28T05:00:32.571Z] [2025-11-28T05:00:32.575Z] [INDEXING-ORCHESTRATOR] [WARN] Skipped batch error: "Turbopuffer upsert error (400): {\"error\":\"💔 This upsert contains duplicate document IDs and was not written. You should ensure that individual upserts do not include duplicate documents. The duplicated IDs in this batch were the following: C:\\\\Projects\\\\educatedplanet\\\\dataservice\\\\src\\\\utils\\\\rsa-keys_fa,C:\\\\Projects\\\\educatedplanet\\\\models\\\\src\\\\common\\\\common_13d78cc7\",\"status\":\"error\"}"
[2025-11-28T05:00:32.571Z] [2025-11-28T05:00:32.575Z] [INDEXING-ORCHESTRATOR] [INFO] 📦 Processing batch 66/73 (10 chunks)
[2025-11-28T05:00:32.571Z] [2025-11-28T05:00:32.575Z] [INDEXING-ORCHESTRATOR] [DEBUG] 🧠 Generating embeddings for 10 chunks...
[2025-11-28T05:00:34.293Z] [2025-11-28T05:00:34.297Z] [INDEXING-ORCHESTRATOR] [DEBUG] ✅ Generated 10 embeddings
[2025-11-28T05:00:34.293Z] [2025-11-28T05:00:34.297Z] [INDEXING-ORCHESTRATOR] [DEBUG] ⬆️  Upserting 10 vectors to namespace: mcp_b0e62d81bd2a51d5
[2025-11-28T05:00:35.634Z] [2025-11-28T05:00:35.638Z] [INDEXING-ORCHESTRATOR] [WARN] ⚠️ Skipping batch 66 after retries failed. Continuing with remaining batches.
[2025-11-28T05:00:35.634Z] [2025-11-28T05:00:35.638Z] [INDEXING-ORCHESTRATOR] [WARN] Skipped batch error: "Turbopuffer upsert error (400): {\"error\":\"💔 This upsert contains duplicate document IDs and was not written. You should ensure that individual upserts do not include duplicate documents. The duplicated IDs in this batch were the following: C:\\\\Projects\\\\educatedplanet\\\\models\\\\src\\\\subject\\\\types_7a0b1947\",\"status\":\"error\"}"
[2025-11-28T05:00:35.634Z] [2025-11-28T05:00:35.638Z] [INDEXING-ORCHESTRATOR] [INFO] 📦 Processing batch 67/73 (10 chunks)
[2025-11-28T05:00:35.634Z] [2025-11-28T05:00:35.638Z] [INDEXING-ORCHESTRATOR] [DEBUG] 🧠 Generating embeddings for 10 chunks...
[2025-11-28T05:00:37.282Z] [2025-11-28T05:00:37.285Z] [INDEXING-ORCHESTRATOR] [DEBUG] ✅ Generated 10 embeddings
[2025-11-28T05:00:37.282Z] [2025-11-28T05:00:37.285Z] [INDEXING-ORCHESTRATOR] [DEBUG] ⬆️  Upserting 10 vectors to namespace: mcp_b0e62d81bd2a51d5
[2025-11-28T05:00:38.691Z] [2025-11-28T05:00:38.695Z] [INDEXING-ORCHESTRATOR] [INFO] ✅ Batch 67/73 completed successfully
[2025-11-28T05:00:38.691Z] [2025-11-28T05:00:38.695Z] [INDEXING-ORCHESTRATOR] [DEBUG] ⏱️  Waiting 100ms before next batch...
[2025-11-28T05:00:38.801Z] [2025-11-28T05:00:38.804Z] [INDEXING-ORCHESTRATOR] [INFO] 📦 Processing batch 68/73 (10 chunks)
[2025-11-28T05:00:38.801Z] [2025-11-28T05:00:38.804Z] [INDEXING-ORCHESTRATOR] [DEBUG] 🧠 Generating embeddings for 10 chunks...
[2025-11-28T05:00:40.580Z] [2025-11-28T05:00:40.583Z] [INDEXING-ORCHESTRATOR] [DEBUG] ✅ Generated 10 embeddings
[2025-11-28T05:00:40.580Z] [2025-11-28T05:00:40.583Z] [INDEXING-ORCHESTRATOR] [DEBUG] ⬆️  Upserting 10 vectors to namespace: mcp_b0e62d81bd2a51d5
[2025-11-28T05:00:41.981Z] [2025-11-28T05:00:41.984Z] [INDEXING-ORCHESTRATOR] [WARN] ⚠️ Skipping batch 68 after retries failed. Continuing with remaining batches.
[2025-11-28T05:00:41.981Z] [2025-11-28T05:00:41.984Z] [INDEXING-ORCHESTRATOR] [WARN] Skipped batch error: "Turbopuffer upsert error (400): {\"error\":\"💔 This upsert contains duplicate document IDs and was not written. You should ensure that individual upserts do not include duplicate documents. The duplicated IDs in this batch were the following: C:\\\\Projects\\\\educatedplanet\\\\web\\\\components\\\\auth\\\\login-modal_f\",\"status\":\"error\"}"
[2025-11-28T05:00:41.981Z] [2025-11-28T05:00:41.984Z] [INDEXING-ORCHESTRATOR] [INFO] 📦 Processing batch 69/73 (10 chunks)
[2025-11-28T05:00:41.981Z] [2025-11-28T05:00:41.984Z] [INDEXING-ORCHESTRATOR] [DEBUG] 🧠 Generating embeddings for 10 chunks...
[2025-11-28T05:00:44.030Z] [2025-11-28T05:00:44.034Z] [INDEXING-ORCHESTRATOR] [DEBUG] ✅ Generated 10 embeddings
[2025-11-28T05:00:44.030Z] [2025-11-28T05:00:44.034Z] [INDEXING-ORCHESTRATOR] [DEBUG] ⬆️  Upserting 10 vectors to namespace: mcp_b0e62d81bd2a51d5
[2025-11-28T05:00:45.383Z] [2025-11-28T05:00:45.387Z] [INDEXING-ORCHESTRATOR] [WARN] ⚠️ Skipping batch 69 after retries failed. Continuing with remaining batches.
[2025-11-28T05:00:45.383Z] [2025-11-28T05:00:45.387Z] [INDEXING-ORCHESTRATOR] [WARN] Skipped batch error: "Turbopuffer upsert error (400): {\"error\":\"💔 This upsert contains duplicate document IDs and was not written. You should ensure that individual upserts do not include duplicate documents. The duplicated IDs in this batch were the following: C:\\\\Projects\\\\educatedplanet\\\\web\\\\components\\\\featured-tutors\\\\in,C:\\\\Projects\\\\educatedplanet\\\\web\\\\components\\\\featured-tutors\\\\ra,C:\\\\Projects\\\\educatedplanet\\\\web\\\\components\\\\featured-tutors\\\\te,C:\\\\Projects\\\\educatedplanet\\\\web\\\\components\\\\featured-tutors\\\\tu\",\"status\":\"error\"}"
[2025-11-28T05:00:45.383Z] [2025-11-28T05:00:45.387Z] [INDEXING-ORCHESTRATOR] [INFO] 📦 Processing batch 70/73 (10 chunks)
[2025-11-28T05:00:45.383Z] [2025-11-28T05:00:45.387Z] [INDEXING-ORCHESTRATOR] [DEBUG] 🧠 Generating embeddings for 10 chunks...
[2025-11-28T05:00:47.290Z] [2025-11-28T05:00:47.293Z] [INDEXING-ORCHESTRATOR] [DEBUG] ✅ Generated 10 embeddings
[2025-11-28T05:00:47.290Z] [2025-11-28T05:00:47.294Z] [INDEXING-ORCHESTRATOR] [DEBUG] ⬆️  Upserting 10 vectors to namespace: mcp_b0e62d81bd2a51d5
[2025-11-28T05:00:48.633Z] [2025-11-28T05:00:48.636Z] [INDEXING-ORCHESTRATOR] [WARN] ⚠️ Skipping batch 70 after retries failed. Continuing with remaining batches.
[2025-11-28T05:00:48.633Z] [2025-11-28T05:00:48.636Z] [INDEXING-ORCHESTRATOR] [WARN] Skipped batch error: "Turbopuffer upsert error (400): {\"error\":\"💔 This upsert contains duplicate document IDs and was not written. You should ensure that individual upserts do not include duplicate documents. The duplicated IDs in this batch were the following: C:\\\\Projects\\\\educatedplanet\\\\web\\\\components\\\\header\\\\mobile-menu,C:\\\\Projects\\\\educatedplanet\\\\web\\\\components\\\\hero\\\\hero-section_\",\"status\":\"error\"}"
[2025-11-28T05:00:48.633Z] [2025-11-28T05:00:48.636Z] [INDEXING-ORCHESTRATOR] [INFO] 📦 Processing batch 71/73 (10 chunks)
[2025-11-28T05:00:48.633Z] [2025-11-28T05:00:48.636Z] [INDEXING-ORCHESTRATOR] [DEBUG] 🧠 Generating embeddings for 10 chunks...
[2025-11-28T05:00:50.348Z] [2025-11-28T05:00:50.352Z] [INDEXING-ORCHESTRATOR] [DEBUG] ✅ Generated 10 embeddings
[2025-11-28T05:00:50.348Z] [2025-11-28T05:00:50.352Z] [INDEXING-ORCHESTRATOR] [DEBUG] ⬆️  Upserting 10 vectors to namespace: mcp_b0e62d81bd2a51d5
[2025-11-28T05:00:51.736Z] [2025-11-28T05:00:51.739Z] [INDEXING-ORCHESTRATOR] [WARN] ⚠️ Skipping batch 71 after retries failed. Continuing with remaining batches.
[2025-11-28T05:00:51.736Z] [2025-11-28T05:00:51.740Z] [INDEXING-ORCHESTRATOR] [WARN] Skipped batch error: "Turbopuffer upsert error (400): {\"error\":\"💔 This upsert contains duplicate document IDs and was not written. You should ensure that individual upserts do not include duplicate documents. The duplicated IDs in this batch were the following: C:\\\\Projects\\\\educatedplanet\\\\web\\\\components\\\\ui\\\\button_87d965e6,C:\\\\Projects\\\\educatedplanet\\\\web\\\\components\\\\ui\\\\input_979921aa_\",\"status\":\"error\"}"
[2025-11-28T05:00:51.736Z] [2025-11-28T05:00:51.740Z] [INDEXING-ORCHESTRATOR] [INFO] 📦 Processing batch 72/73 (10 chunks)
[2025-11-28T05:00:51.736Z] [2025-11-28T05:00:51.740Z] [INDEXING-ORCHESTRATOR] [DEBUG] 🧠 Generating embeddings for 10 chunks...
[2025-11-28T05:00:53.381Z] [2025-11-28T05:00:53.377Z] [INDEXING-ORCHESTRATOR] [DEBUG] ✅ Generated 10 embeddings
[2025-11-28T05:00:53.381Z] [2025-11-28T05:00:53.377Z] [INDEXING-ORCHESTRATOR] [DEBUG] ⬆️  Upserting 10 vectors to namespace: mcp_b0e62d81bd2a51d5
[2025-11-28T05:00:54.772Z] [2025-11-28T05:00:54.769Z] [INDEXING-ORCHESTRATOR] [WARN] ⚠️ Skipping batch 72 after retries failed. Continuing with remaining batches.
[2025-11-28T05:00:54.772Z] [2025-11-28T05:00:54.769Z] [INDEXING-ORCHESTRATOR] [WARN] Skipped batch error: "Turbopuffer upsert error (400): {\"error\":\"💔 This upsert contains duplicate document IDs and was not written. You should ensure that individual upserts do not include duplicate documents. The duplicated IDs in this batch were the following: C:\\\\Projects\\\\educatedplanet\\\\web\\\\components\\\\ui\\\\sheet_4ca93d4e_,C:\\\\Projects\\\\educatedplanet\\\\web\\\\examples\\\\header-usage_1969b01\",\"status\":\"error\"}"
[2025-11-28T05:00:54.772Z] [2025-11-28T05:00:54.769Z] [INDEXING-ORCHESTRATOR] [INFO] 📦 Processing batch 73/73 (6 chunks)
[2025-11-28T05:00:54.772Z] [2025-11-28T05:00:54.769Z] [INDEXING-ORCHESTRATOR] [DEBUG] 🧠 Generating embeddings for 6 chunks...
[2025-11-28T05:00:56.259Z] [2025-11-28T05:00:56.255Z] [INDEXING-ORCHESTRATOR] [DEBUG] ✅ Generated 6 embeddings
[2025-11-28T05:00:56.259Z] [2025-11-28T05:00:56.256Z] [INDEXING-ORCHESTRATOR] [DEBUG] ⬆️  Upserting 6 vectors to namespace: mcp_b0e62d81bd2a51d5
[2025-11-28T05:00:57.347Z] [2025-11-28T05:00:57.344Z] [INDEXING-ORCHESTRATOR] [WARN] ⚠️ Skipping batch 73 after retries failed. Continuing with remaining batches.
[2025-11-28T05:00:57.347Z] [2025-11-28T05:00:57.344Z] [INDEXING-ORCHESTRATOR] [WARN] Skipped batch error: "Turbopuffer upsert error (400): {\"error\":\"💔 This upsert contains duplicate document IDs and was not written. You should ensure that individual upserts do not include duplicate documents. The duplicated IDs in this batch were the following: C:\\\\Projects\\\\educatedplanet\\\\web\\\\examples\\\\hero-usage_79ce6585_\",\"status\":\"error\"}"
[2025-11-28T05:00:57.348Z] [2025-11-28T05:00:57.344Z] [INDEXING-ORCHESTRATOR] [INFO] ✅ Upload complete: 10/726 chunks uploaded to namespace: mcp_b0e62d81bd2a51d5 (72/73 batches skipped due to rate limiting)
[2025-11-28T05:00:57.353Z] [2025-11-28T05:00:57.350Z] [NamespaceManagerService] [INFO] 📝 Registered codebase: C:\Projects\educatedplanet -> mcp_b0e62d81bd2a51d5 (10 chunks)
[2025-11-28T05:00:57.355Z] [2025-11-28T05:00:57.351Z] [INDEXING-ORCHESTRATOR] [INFO] ✅ Complete: 726 chunks in 12816ms
[2025-11-28T05:00:57.355Z] [BACKGROUND] Raw result: {
[2025-11-28T05:00:57.355Z]   "success": true,
[2025-11-28T05:00:57.355Z]   "namespace": "mcp_b0e62d81bd2a51d5",
[2025-11-28T05:00:57.355Z]   "filesProcessed": 324,
[2025-11-28T05:00:57.355Z]   "chunksCreated": 726,
[2025-11-28T05:00:57.355Z]   "processingTimeMs": 12816,
[2025-11-28T05:00:57.355Z]   "message": "Successfully indexed 324 files into 726 intelligent chunks",
[2025-11-28T05:00:57.355Z]   "errors": []
[2025-11-28T05:00:57.355Z] }
[2025-11-28T05:00:57.355Z] [BACKGROUND] ✅ Indexing completed for C:\Projects\educatedplanet: 726 chunks
[2025-11-28T05:00:57.357Z] [2025-11-28T05:00:57.353Z] [NamespaceManagerService] [INFO] 📝 Registered codebase: C:\Projects\educatedplanet -> mcp_b0e62d81bd2a51d5 (726 chunks)
[2025-11-28T05:00:57.357Z] [BACKGROUND] ✅ Codebase registered in namespace manager
[2025-11-28T05:00:57.410Z] Process completed with code: 0
