[2025-11-08T05:09:33.001Z] 🔧 Intelligent Context MCP Configuration:
[2025-11-08T05:09:33.003Z] ==================================================
[2025-11-08T05:09:33.003Z] 📊 Log Level: INFO
[2025-11-08T05:09:33.003Z] 🌟 Wildcard Backend: ✅ Enabled (all-in-one solution)
[2025-11-08T05:09:33.003Z] 🚀 Available Capabilities:
[2025-11-08T05:09:33.003Z] 🔄 Result Reranking: ✅ Enabled (via Wildcard)
[2025-11-08T05:09:33.003Z] 🔍 Vector Search: ✅ Enabled (via Wildcard)
[2025-11-08T05:09:33.003Z] 📐 Embeddings: ✅ Enabled (via Wildcard)
[2025-11-08T05:09:33.003Z] ==================================================
[2025-11-08T05:09:33.004Z] 🔧 Intelligent Context MCP Configuration:
[2025-11-08T05:09:33.004Z] ==================================================
[2025-11-08T05:09:33.004Z] 📊 Log Level: INFO
[2025-11-08T05:09:33.004Z] 🌟 Wildcard Backend: ✅ Enabled (all-in-one solution)
[2025-11-08T05:09:33.004Z] 🚀 Available Capabilities:
[2025-11-08T05:09:33.004Z] 🔄 Result Reranking: ✅ Enabled (via Wildcard)
[2025-11-08T05:09:33.004Z] 🔍 Vector Search: ✅ Enabled (via Wildcard)
[2025-11-08T05:09:33.004Z] 📐 Embeddings: ✅ Enabled (via Wildcard)
[2025-11-08T05:09:33.004Z] ==================================================
[2025-11-08T05:09:33.007Z] [DEBUG] NamespaceManagerService.initialize() called
[2025-11-08T05:09:33.007Z] [DEBUG] Loading registry from: C:\Users\RakaThinkpad\.codex-context\indexed-codebases.json
[2025-11-08T05:09:33.009Z] 🔧 Capabilities: {"reranking":false,"vectorSearch":false,"localBM25":true}
[2025-11-08T05:09:33.010Z] 🌐 Wildcard backend: ENABLED (using hosted Fastify backend)
[2025-11-08T05:09:33.010Z]    Base URL: https://deepcontext.mcp.wild-card.ai
[2025-11-08T05:09:33.010Z] ⚠️  Jina API key not provided - result reranking will be disabled
[2025-11-08T05:09:33.010Z] 💡 Set JINA_API_KEY environment variable to enable result reranking
[2025-11-08T05:09:33.010Z] [DEBUG] NamespaceManagerService.initialize() called
[2025-11-08T05:09:33.010Z] [DEBUG] Loading registry from: C:\Users\RakaThinkpad\.codex-context\indexed-codebases.json
[2025-11-08T05:09:33.011Z] [BACKGROUND] Starting indexing for: C:\Projects\educatedplanet
[2025-11-08T05:09:33.012Z] [BACKGROUND] Using Wildcard API
[2025-11-08T05:09:33.012Z] [BACKGROUND] Wildcard API Key: 3de72897c9...
[2025-11-08T05:09:33.012Z] [BACKGROUND] Wildcard API URL: undefined
[2025-11-08T05:09:33.013Z] 🔧 Intelligent Context MCP Configuration:
[2025-11-08T05:09:33.013Z] ==================================================
[2025-11-08T05:09:33.013Z] 📊 Log Level: INFO
[2025-11-08T05:09:33.013Z] 🌟 Wildcard Backend: ✅ Enabled (all-in-one solution)
[2025-11-08T05:09:33.013Z] 🚀 Available Capabilities:
[2025-11-08T05:09:33.013Z] 🔄 Result Reranking: ✅ Enabled (via Wildcard)
[2025-11-08T05:09:33.013Z] 🔍 Vector Search: ✅ Enabled (via Wildcard)
[2025-11-08T05:09:33.013Z] 📐 Embeddings: ✅ Enabled (via Wildcard)
[2025-11-08T05:09:33.013Z] ==================================================
[2025-11-08T05:09:33.014Z] 🔧 Intelligent Context MCP Configuration:
[2025-11-08T05:09:33.014Z] ==================================================
[2025-11-08T05:09:33.014Z] 📊 Log Level: INFO
[2025-11-08T05:09:33.014Z] 🌟 Wildcard Backend: ✅ Enabled (all-in-one solution)
[2025-11-08T05:09:33.014Z] 🚀 Available Capabilities:
[2025-11-08T05:09:33.014Z] 🔄 Result Reranking: ✅ Enabled (via Wildcard)
[2025-11-08T05:09:33.015Z] 🔍 Vector Search: ✅ Enabled (via Wildcard)
[2025-11-08T05:09:33.015Z] [BACKGROUND] Initialized successfully
[2025-11-08T05:09:33.015Z] 📐 Embeddings: ✅ Enabled (via Wildcard)
[2025-11-08T05:09:33.015Z] ==================================================
[2025-11-08T05:09:33.015Z] [DEBUG] NamespaceManagerService.initialize() called
[2025-11-08T05:09:33.015Z] [DEBUG] Loading registry from: C:\Users\RakaThinkpad\.codex-context\indexed-codebases.json
[2025-11-08T05:09:33.018Z] [DEBUG] Successfully loaded 3 indexed codebases
[2025-11-08T05:09:33.020Z] [2025-11-08T05:09:33.019Z] [NamespaceManagerService] [INFO] 📂 Loaded 3 indexed codebases from disk
[2025-11-08T05:09:33.020Z] [DEBUG] NamespaceManagerService initialized with 3 indexed codebases
[2025-11-08T05:09:33.020Z] [2025-11-08T05:09:33.021Z] [NamespaceManagerService] [INFO] 🚀 NamespaceManagerService initialized with 3 indexed codebases
[2025-11-08T05:09:33.026Z] [DEBUG] Successfully loaded 3 indexed codebases
[2025-11-08T05:09:33.027Z] [2025-11-08T05:09:33.028Z] [NamespaceManagerService] [INFO] 📂 Loaded 3 indexed codebases from disk
[2025-11-08T05:09:33.027Z] [DEBUG] NamespaceManagerService initialized with 3 indexed codebases
[2025-11-08T05:09:33.027Z] [2025-11-08T05:09:33.028Z] [NamespaceManagerService] [INFO] 🚀 NamespaceManagerService initialized with 3 indexed codebases
[2025-11-08T05:09:33.027Z] [DEBUG] Successfully loaded 3 indexed codebases
[2025-11-08T05:09:33.027Z] [2025-11-08T05:09:33.028Z] [NamespaceManagerService] [INFO] 📂 Loaded 3 indexed codebases from disk
[2025-11-08T05:09:33.027Z] [DEBUG] NamespaceManagerService initialized with 3 indexed codebases
[2025-11-08T05:09:33.027Z] [2025-11-08T05:09:33.029Z] [NamespaceManagerService] [INFO] 🚀 NamespaceManagerService initialized with 3 indexed codebases
[2025-11-08T05:09:33.188Z] [2025-11-08T05:09:33.189Z] [TREESITTER-FULL] [INFO] ✅ Tree-sitter parsers initialized successfully (TypeScript, JavaScript, Python)
[2025-11-08T05:09:33.188Z] [2025-11-08T05:09:33.189Z] [TREESITTER-FULL] [INFO] ✅ Tree-sitter parsers initialized successfully (TypeScript, JavaScript, Python)
[2025-11-08T05:09:33.188Z] [2025-11-08T05:09:33.189Z] [TREESITTER-FULL] [INFO] ✅ Tree-sitter parsers initialized successfully (TypeScript, JavaScript, Python)
[2025-11-08T05:09:33.188Z] [2025-11-08T05:09:33.189Z] [STANDALONE-INTEGRATION] [INFO] Initialized with 3 indexed codebases
[2025-11-08T05:09:33.188Z] [2025-11-08T05:09:33.189Z] [STANDALONE-INTEGRATION] [INFO] Initialized with 3 indexed codebases
[2025-11-08T05:09:33.188Z] [2025-11-08T05:09:33.189Z] [STANDALONE-INTEGRATION] [INFO] Initialized with 3 indexed codebases
[2025-11-08T05:09:33.189Z] 🔍 Registry initialized successfully
[2025-11-08T05:09:33.189Z] [BACKGROUND] Namespace manager initialized
[2025-11-08T05:09:33.189Z] [BACKGROUND] About to start indexCodebase()...
[2025-11-08T05:09:33.189Z] [BACKGROUND] Codebase path: C:\Projects\educatedplanet
[2025-11-08T05:09:33.189Z] [BACKGROUND] Force reindex: false
[2025-11-08T05:09:33.191Z] [2025-11-08T05:09:33.192Z] [INDEXING-ORCHESTRATOR] [INFO] 🚀 Starting indexing: C:\Projects\educatedplanet
[2025-11-08T05:09:33.191Z] [2025-11-08T05:09:33.192Z] [INDEXING-ORCHESTRATOR] [DEBUG] 📋 Options: {"force":false,"filtering":true,"dependencies":true}
[2025-11-08T05:09:33.191Z] [2025-11-08T05:09:33.192Z] [TREESITTER-FULL] [INFO] ✅ Tree-sitter parsers initialized successfully (TypeScript, JavaScript, Python)
[2025-11-08T05:09:33.191Z] 🚀 Intelligent Context MCP Server ready!
[2025-11-08T05:09:33.191Z] 🔄 Result Reranking: ❌ Disabled
[2025-11-08T05:09:33.191Z] 📝 Local BM25 Search: ✅ Always Available
[2025-11-08T05:09:33.191Z] 🔌 Transport: stdio
[2025-11-08T05:09:33.219Z] [2025-11-08T05:09:33.220Z] [INDEXING-ORCHESTRATOR] [INFO] 🔍 Content filtering 243 files...
[2025-11-08T05:09:33.253Z] [2025-11-08T05:09:33.254Z] [INDEXING-ORCHESTRATOR] [DEBUG] 🚫 Filtered: admin\next-env.d.ts (Generated file)
[2025-11-08T05:09:33.358Z] [2025-11-08T05:09:33.359Z] [INDEXING-ORCHESTRATOR] [DEBUG] 🚫 Filtered: dataservice\src\datamodels\connections\database.d.ts (Generated file)
[2025-11-08T05:09:33.359Z] [2025-11-08T05:09:33.359Z] [INDEXING-ORCHESTRATOR] [DEBUG] 🚫 Filtered: dataservice\src\datamodels\connections\index.d.ts (Generated file)
[2025-11-08T05:09:33.359Z] [2025-11-08T05:09:33.359Z] [INDEXING-ORCHESTRATOR] [DEBUG] 🚫 Filtered: dataservice\src\datamodels\index.d.ts (Generated file)
[2025-11-08T05:09:33.359Z] [2025-11-08T05:09:33.359Z] [INDEXING-ORCHESTRATOR] [DEBUG] 🚫 Filtered: dataservice\src\datamodels\models\index.d.ts (Generated file)
[2025-11-08T05:09:33.359Z] [2025-11-08T05:09:33.359Z] [INDEXING-ORCHESTRATOR] [DEBUG] 🚫 Filtered: dataservice\src\datamodels\models\review.model.d.ts (Generated file)
[2025-11-08T05:09:33.359Z] [2025-11-08T05:09:33.360Z] [INDEXING-ORCHESTRATOR] [DEBUG] 🚫 Filtered: dataservice\src\datamodels\models\tutor.model.d.ts (Generated file)
[2025-11-08T05:09:33.359Z] [2025-11-08T05:09:33.360Z] [INDEXING-ORCHESTRATOR] [DEBUG] 🚫 Filtered: dataservice\src\datamodels\models\user.model.d.ts (Generated file)
[2025-11-08T05:09:33.359Z] [2025-11-08T05:09:33.360Z] [INDEXING-ORCHESTRATOR] [DEBUG] 🚫 Filtered: dataservice\src\datamodels\schemas\index.d.ts (Generated file)
[2025-11-08T05:09:33.359Z] [2025-11-08T05:09:33.360Z] [INDEXING-ORCHESTRATOR] [DEBUG] 🚫 Filtered: dataservice\src\datamodels\schemas\review-clean.schema.d.ts (Generated file)
[2025-11-08T05:09:33.359Z] [2025-11-08T05:09:33.360Z] [INDEXING-ORCHESTRATOR] [DEBUG] 🚫 Filtered: dataservice\src\datamodels\schemas\tutor-clean.schema.d.ts (Generated file)
[2025-11-08T05:09:33.359Z] [2025-11-08T05:09:33.360Z] [INDEXING-ORCHESTRATOR] [DEBUG] 🚫 Filtered: dataservice\src\datamodels\schemas\user-clean.schema.d.ts (Generated file)
[2025-11-08T05:09:33.359Z] [2025-11-08T05:09:33.360Z] [INDEXING-ORCHESTRATOR] [DEBUG] 🚫 Filtered: models\src\common\common.types.d.ts (Generated file)
[2025-11-08T05:09:33.359Z] [2025-11-08T05:09:33.360Z] [INDEXING-ORCHESTRATOR] [DEBUG] 🚫 Filtered: models\src\index.d.ts (Generated file)
[2025-11-08T05:09:33.389Z] [2025-11-08T05:09:33.389Z] [INDEXING-ORCHESTRATOR] [DEBUG] 🚫 Filtered: models\src\tutor\tutor.types.d.ts (Generated file)
[2025-11-08T05:09:33.389Z] [2025-11-08T05:09:33.389Z] [INDEXING-ORCHESTRATOR] [DEBUG] 🚫 Filtered: models\src\user\user.types.d.ts (Generated file)
[2025-11-08T05:09:33.390Z] [2025-11-08T05:09:33.390Z] [INDEXING-ORCHESTRATOR] [DEBUG] 🚫 Filtered: web\next-env.d.ts (Generated file)
[2025-11-08T05:09:33.391Z] [2025-11-08T05:09:33.390Z] [INDEXING-ORCHESTRATOR] [INFO] ✅ Content filtering complete: 226/243 files included
[2025-11-08T05:09:33.391Z] [2025-11-08T05:09:33.390Z] [INDEXING-ORCHESTRATOR] [INFO] 📝 Processing: 226 files
[2025-11-08T05:09:33.416Z] [2025-11-08T05:09:33.417Z] [TREESITTER-CHUNKER] [INFO] ✅ Tree-sitter chunker initialized successfully (TypeScript, JavaScript, Python)
[2025-11-08T05:09:33.424Z] [2025-11-08T05:09:33.425Z] [TREESITTER-CHUNKER] [INFO] Created 2 semantic chunks from C:\Projects\educatedplanet\admin\next.config.mjs
[2025-11-08T05:09:33.432Z] [2025-11-08T05:09:33.433Z] [TREESITTER-FULL] [INFO] Extracted 1 symbols from C:\Projects\educatedplanet\admin\next.config.mjs
[2025-11-08T05:09:33.433Z] [2025-11-08T05:09:33.434Z] [INDEXING-ORCHESTRATOR] [DEBUG] 🔍 Symbol extraction for C:\Projects\educatedplanet\admin\next.config.mjs: 1 symbols, 0 imports
[2025-11-08T05:09:33.433Z] [2025-11-08T05:09:33.434Z] [INDEXING-ORCHESTRATOR] [DEBUG] 📍 Chunk 14-22: 0 candidate symbols
[2025-11-08T05:09:33.433Z] [2025-11-08T05:09:33.434Z] [INDEXING-ORCHESTRATOR] [DEBUG] ✅ Chunk symbols after filtering: 0 symbols - 
[2025-11-08T05:09:33.433Z] [2025-11-08T05:09:33.434Z] [INDEXING-ORCHESTRATOR] [DEBUG] 📍 Chunk 23-26: 0 candidate symbols
[2025-11-08T05:09:33.433Z] [2025-11-08T05:09:33.434Z] [INDEXING-ORCHESTRATOR] [DEBUG] ✅ Chunk symbols after filtering: 0 symbols - 
[2025-11-08T05:09:33.433Z] [2025-11-08T05:09:33.434Z] [INDEXING-ORCHESTRATOR] [DEBUG] Created 2 semantic chunks for C:\Projects\educatedplanet\admin\next.config.mjs
[2025-11-08T05:09:33.433Z] [2025-11-08T05:09:33.434Z] [INDEXING-ORCHESTRATOR] [DEBUG] Average chunk size: 99 characters
[2025-11-08T05:09:33.449Z] [2025-11-08T05:09:33.450Z] [TREESITTER-CHUNKER] [INFO] Created 1 semantic chunks from C:\Projects\educatedplanet\admin\eslint.config.mjs
[2025-11-08T05:09:33.481Z] [2025-11-08T05:09:33.482Z] [TREESITTER-FULL] [INFO] Extracted 0 symbols from C:\Projects\educatedplanet\admin\eslint.config.mjs
[2025-11-08T05:09:33.481Z] [2025-11-08T05:09:33.483Z] [INDEXING-ORCHESTRATOR] [DEBUG] 🔍 Symbol extraction for C:\Projects\educatedplanet\admin\eslint.config.mjs: 0 symbols, 11 imports
[2025-11-08T05:09:33.482Z] [2025-11-08T05:09:33.483Z] [INDEXING-ORCHESTRATOR] [DEBUG] 📍 Chunk 1-161: 0 candidate symbols
[2025-11-08T05:09:33.482Z] [2025-11-08T05:09:33.483Z] [INDEXING-ORCHESTRATOR] [DEBUG] ✅ Chunk symbols after filtering: 0 symbols - 
[2025-11-08T05:09:33.482Z] [2025-11-08T05:09:33.483Z] [INDEXING-ORCHESTRATOR] [DEBUG] Created 1 semantic chunks for C:\Projects\educatedplanet\admin\eslint.config.mjs
[2025-11-08T05:09:33.482Z] [2025-11-08T05:09:33.483Z] [INDEXING-ORCHESTRATOR] [DEBUG] Average chunk size: 4929 characters
[2025-11-08T05:09:33.484Z] [2025-11-08T05:09:33.485Z] [TREESITTER-CHUNKER] [INFO] Created 1 semantic chunks from C:\Projects\educatedplanet\admin\postcss.config.mjs
[2025-11-08T05:09:33.485Z] [2025-11-08T05:09:33.486Z] [TREESITTER-FULL] [INFO] Extracted 1 symbols from C:\Projects\educatedplanet\admin\postcss.config.mjs
[2025-11-08T05:09:33.485Z] [2025-11-08T05:09:33.486Z] [INDEXING-ORCHESTRATOR] [DEBUG] 🔍 Symbol extraction for C:\Projects\educatedplanet\admin\postcss.config.mjs: 1 symbols, 0 imports
[2025-11-08T05:09:33.485Z] [2025-11-08T05:09:33.486Z] [INDEXING-ORCHESTRATOR] [DEBUG] 📍 Chunk 1-9: 1 candidate symbols
[2025-11-08T05:09:33.486Z] [2025-11-08T05:09:33.487Z] [INDEXING-ORCHESTRATOR] [DEBUG] ✅ Chunk symbols after filtering: 1 symbols - config
[2025-11-08T05:09:33.486Z] [2025-11-08T05:09:33.487Z] [INDEXING-ORCHESTRATOR] [DEBUG] Created 1 semantic chunks for C:\Projects\educatedplanet\admin\postcss.config.mjs
[2025-11-08T05:09:33.486Z] [2025-11-08T05:09:33.487Z] [INDEXING-ORCHESTRATOR] [DEBUG] Average chunk size: 150 characters
[2025-11-08T05:09:33.488Z] [2025-11-08T05:09:33.490Z] [TREESITTER-CHUNKER] [INFO] Created 1 semantic chunks from C:\Projects\educatedplanet\admin\src\app\(external)\page.tsx
[2025-11-08T05:09:33.490Z] [2025-11-08T05:09:33.491Z] [TREESITTER-FULL] [INFO] Extracted 1 symbols from C:\Projects\educatedplanet\admin\src\app\(external)\page.tsx
[2025-11-08T05:09:33.491Z] [2025-11-08T05:09:33.491Z] [INDEXING-ORCHESTRATOR] [DEBUG] 🔍 Symbol extraction for C:\Projects\educatedplanet\admin\src\app\(external)\page.tsx: 1 symbols, 1 imports
[2025-11-08T05:09:33.491Z] [2025-11-08T05:09:33.491Z] [INDEXING-ORCHESTRATOR] [DEBUG] 📍 Chunk 3-6: 1 candidate symbols
[2025-11-08T05:09:33.491Z] [2025-11-08T05:09:33.491Z] [INDEXING-ORCHESTRATOR] [DEBUG] ✅ Chunk symbols after filtering: 1 symbols - Home
[2025-11-08T05:09:33.491Z] [2025-11-08T05:09:33.492Z] [INDEXING-ORCHESTRATOR] [DEBUG] Created 1 semantic chunks for C:\Projects\educatedplanet\admin\src\app\(external)\page.tsx
[2025-11-08T05:09:33.491Z] [2025-11-08T05:09:33.492Z] [INDEXING-ORCHESTRATOR] [DEBUG] Average chunk size: 83 characters
[2025-11-08T05:09:33.511Z] [2025-11-08T05:09:33.512Z] [TREESITTER-CHUNKER] [INFO] Created 1 semantic chunks from C:\Projects\educatedplanet\admin\src\app\(main)\auth\_components\login-form.tsx
[2025-11-08T05:09:33.558Z] [2025-11-08T05:09:33.559Z] [TREESITTER-FULL] [INFO] Extracted 3 symbols from C:\Projects\educatedplanet\admin\src\app\(main)\auth\_components\login-form.tsx
[2025-11-08T05:09:33.558Z] [2025-11-08T05:09:33.559Z] [INDEXING-ORCHESTRATOR] [DEBUG] 🔍 Symbol extraction for C:\Projects\educatedplanet\admin\src\app\(main)\auth\_components\login-form.tsx: 3 symbols, 8 imports
[2025-11-08T05:09:33.558Z] [2025-11-08T05:09:33.559Z] [INDEXING-ORCHESTRATOR] [DEBUG] 📍 Chunk 1-100: 3 candidate symbols
[2025-11-08T05:09:33.558Z] [2025-11-08T05:09:33.559Z] [INDEXING-ORCHESTRATOR] [DEBUG] ✅ Chunk symbols after filtering: 3 symbols - FormSchema, form, onSubmit
[2025-11-08T05:09:33.558Z] [2025-11-08T05:09:33.559Z] [INDEXING-ORCHESTRATOR] [DEBUG] Created 1 semantic chunks for C:\Projects\educatedplanet\admin\src\app\(main)\auth\_components\login-form.tsx
[2025-11-08T05:09:33.558Z] [2025-11-08T05:09:33.560Z] [INDEXING-ORCHESTRATOR] [DEBUG] Average chunk size: 3165 characters
[2025-11-08T05:09:33.582Z] [2025-11-08T05:09:33.583Z] [TREESITTER-CHUNKER] [INFO] Created 1 semantic chunks from C:\Projects\educatedplanet\admin\src\app\(main)\auth\_components\register-form.tsx
[2025-11-08T05:09:33.615Z] [2025-11-08T05:09:33.616Z] [TREESITTER-FULL] [INFO] Extracted 3 symbols from C:\Projects\educatedplanet\admin\src\app\(main)\auth\_components\register-form.tsx
[2025-11-08T05:09:33.615Z] [2025-11-08T05:09:33.616Z] [INDEXING-ORCHESTRATOR] [DEBUG] 🔍 Symbol extraction for C:\Projects\educatedplanet\admin\src\app\(main)\auth\_components\register-form.tsx: 3 symbols, 7 imports
[2025-11-08T05:09:33.615Z] [2025-11-08T05:09:33.616Z] [INDEXING-ORCHESTRATOR] [DEBUG] 📍 Chunk 1-98: 3 candidate symbols
[2025-11-08T05:09:33.616Z] [2025-11-08T05:09:33.617Z] [INDEXING-ORCHESTRATOR] [DEBUG] ✅ Chunk symbols after filtering: 3 symbols - FormSchema, form, onSubmit
[2025-11-08T05:09:33.616Z] [2025-11-08T05:09:33.617Z] [INDEXING-ORCHESTRATOR] [DEBUG] Created 1 semantic chunks for C:\Projects\educatedplanet\admin\src\app\(main)\auth\_components\register-form.tsx
[2025-11-08T05:09:33.616Z] [2025-11-08T05:09:33.617Z] [INDEXING-ORCHESTRATOR] [DEBUG] Average chunk size: 3120 characters
[2025-11-08T05:09:33.623Z] [2025-11-08T05:09:33.624Z] [TREESITTER-CHUNKER] [INFO] Created 1 semantic chunks from C:\Projects\educatedplanet\admin\src\app\(main)\auth\register\page.tsx
[2025-11-08T05:09:33.642Z] [2025-11-08T05:09:33.643Z] [TREESITTER-FULL] [INFO] Extracted 1 symbols from C:\Projects\educatedplanet\admin\src\app\(main)\auth\register\page.tsx
[2025-11-08T05:09:33.642Z] [2025-11-08T05:09:33.643Z] [INDEXING-ORCHESTRATOR] [DEBUG] 🔍 Symbol extraction for C:\Projects\educatedplanet\admin\src\app\(main)\auth\register\page.tsx: 1 symbols, 4 imports
[2025-11-08T05:09:33.642Z] [2025-11-08T05:09:33.643Z] [INDEXING-ORCHESTRATOR] [DEBUG] 📍 Chunk 8-45: 1 candidate symbols
[2025-11-08T05:09:33.642Z] [2025-11-08T05:09:33.643Z] [INDEXING-ORCHESTRATOR] [DEBUG] ✅ Chunk symbols after filtering: 1 symbols - RegisterV1
[2025-11-08T05:09:33.642Z] [2025-11-08T05:09:33.643Z] [INDEXING-ORCHESTRATOR] [DEBUG] Created 1 semantic chunks for C:\Projects\educatedplanet\admin\src\app\(main)\auth\register\page.tsx
[2025-11-08T05:09:33.642Z] [2025-11-08T05:09:33.643Z] [INDEXING-ORCHESTRATOR] [DEBUG] Average chunk size: 1593 characters
[2025-11-08T05:09:33.648Z] [2025-11-08T05:09:33.649Z] [TREESITTER-CHUNKER] [INFO] Created 1 semantic chunks from C:\Projects\educatedplanet\admin\src\app\(main)\auth\login\page.tsx
[2025-11-08T05:09:33.680Z] [2025-11-08T05:09:33.681Z] [TREESITTER-FULL] [INFO] Extracted 1 symbols from C:\Projects\educatedplanet\admin\src\app\(main)\auth\login\page.tsx
[2025-11-08T05:09:33.680Z] [2025-11-08T05:09:33.681Z] [INDEXING-ORCHESTRATOR] [DEBUG] 🔍 Symbol extraction for C:\Projects\educatedplanet\admin\src\app\(main)\auth\login\page.tsx: 1 symbols, 3 imports
[2025-11-08T05:09:33.680Z] [2025-11-08T05:09:33.681Z] [INDEXING-ORCHESTRATOR] [DEBUG] 📍 Chunk 7-43: 1 candidate symbols
[2025-11-08T05:09:33.680Z] [2025-11-08T05:09:33.681Z] [INDEXING-ORCHESTRATOR] [DEBUG] ✅ Chunk symbols after filtering: 1 symbols - LoginV1
[2025-11-08T05:09:33.680Z] [2025-11-08T05:09:33.681Z] [INDEXING-ORCHESTRATOR] [DEBUG] Created 1 semantic chunks for C:\Projects\educatedplanet\admin\src\app\(main)\auth\login\page.tsx
[2025-11-08T05:09:33.680Z] [2025-11-08T05:09:33.681Z] [INDEXING-ORCHESTRATOR] [DEBUG] Average chunk size: 1504 characters
[2025-11-08T05:09:33.688Z] [2025-11-08T05:09:33.690Z] [TREESITTER-CHUNKER] [INFO] Created 1 semantic chunks from C:\Projects\educatedplanet\admin\src\app\(main)\dashboard\[...not-found]\page.tsx
[2025-11-08T05:09:33.693Z] [2025-11-08T05:09:33.694Z] [TREESITTER-FULL] [INFO] Extracted 1 symbols from C:\Projects\educatedplanet\admin\src\app\(main)\dashboard\[...not-found]\page.tsx
[2025-11-08T05:09:33.693Z] [2025-11-08T05:09:33.694Z] [INDEXING-ORCHESTRATOR] [DEBUG] 🔍 Symbol extraction for C:\Projects\educatedplanet\admin\src\app\(main)\dashboard\[...not-found]\page.tsx: 1 symbols, 0 imports
[2025-11-08T05:09:33.693Z] [2025-11-08T05:09:33.694Z] [INDEXING-ORCHESTRATOR] [DEBUG] 📍 Chunk 3-10: 1 candidate symbols
[2025-11-08T05:09:33.693Z] [2025-11-08T05:09:33.694Z] [INDEXING-ORCHESTRATOR] [DEBUG] ✅ Chunk symbols after filtering: 1 symbols - DashboardNotFound
[2025-11-08T05:09:33.693Z] [2025-11-08T05:09:33.694Z] [INDEXING-ORCHESTRATOR] [DEBUG] Created 1 semantic chunks for C:\Projects\educatedplanet\admin\src\app\(main)\dashboard\[...not-found]\page.tsx
[2025-11-08T05:09:33.694Z] [2025-11-08T05:09:33.695Z] [INDEXING-ORCHESTRATOR] [DEBUG] Average chunk size: 318 characters
[2025-11-08T05:09:33.712Z] [2025-11-08T05:09:33.713Z] [TREESITTER-CHUNKER] [INFO] Created 1 semantic chunks from C:\Projects\educatedplanet\admin\src\app\(main)\dashboard\_components\sidebar\account-switcher.tsx
[2025-11-08T05:09:33.735Z] [2025-11-08T05:09:33.736Z] [TREESITTER-FULL] [INFO] Extracted 0 symbols from C:\Projects\educatedplanet\admin\src\app\(main)\dashboard\_components\sidebar\account-switcher.tsx
[2025-11-08T05:09:33.735Z] [2025-11-08T05:09:33.736Z] [INDEXING-ORCHESTRATOR] [DEBUG] 🔍 Symbol extraction for C:\Projects\educatedplanet\admin\src\app\(main)\dashboard\_components\sidebar\account-switcher.tsx: 0 symbols, 5 imports
[2025-11-08T05:09:33.735Z] [2025-11-08T05:09:33.736Z] [INDEXING-ORCHESTRATOR] [DEBUG] 📍 Chunk 1-82: 0 candidate symbols
[2025-11-08T05:09:33.735Z] [2025-11-08T05:09:33.736Z] [INDEXING-ORCHESTRATOR] [DEBUG] ✅ Chunk symbols after filtering: 0 symbols - 
[2025-11-08T05:09:33.735Z] [2025-11-08T05:09:33.736Z] [INDEXING-ORCHESTRATOR] [DEBUG] Created 1 semantic chunks for C:\Projects\educatedplanet\admin\src\app\(main)\dashboard\_components\sidebar\account-switcher.tsx
[2025-11-08T05:09:33.735Z] [2025-11-08T05:09:33.736Z] [INDEXING-ORCHESTRATOR] [DEBUG] Average chunk size: 2748 characters
[2025-11-08T05:09:33.735Z] [2025-11-08T05:09:33.736Z] [INDEXING-ORCHESTRATOR] [DEBUG] 📊 Processed: 10/226 files
[2025-11-08T05:09:33.753Z] [2025-11-08T05:09:33.754Z] [TREESITTER-CHUNKER] [INFO] Created 1 semantic chunks from C:\Projects\educatedplanet\admin\src\app\(main)\dashboard\_components\sidebar\app-sidebar.tsx
[2025-11-08T05:09:33.782Z] [2025-11-08T05:09:33.783Z] [TREESITTER-FULL] [INFO] Extracted 2 symbols from C:\Projects\educatedplanet\admin\src\app\(main)\dashboard\_components\sidebar\app-sidebar.tsx
[2025-11-08T05:09:33.782Z] [2025-11-08T05:09:33.783Z] [INDEXING-ORCHESTRATOR] [DEBUG] 🔍 Symbol extraction for C:\Projects\educatedplanet\admin\src\app\(main)\dashboard\_components\sidebar\app-sidebar.tsx: 2 symbols, 9 imports
[2025-11-08T05:09:33.782Z] [2025-11-08T05:09:33.783Z] [INDEXING-ORCHESTRATOR] [DEBUG] 📍 Chunk 61-86: 1 candidate symbols
[2025-11-08T05:09:33.782Z] [2025-11-08T05:09:33.783Z] [INDEXING-ORCHESTRATOR] [DEBUG] ✅ Chunk symbols after filtering: 1 symbols - AppSidebar
[2025-11-08T05:09:33.782Z] [2025-11-08T05:09:33.783Z] [INDEXING-ORCHESTRATOR] [DEBUG] Created 1 semantic chunks for C:\Projects\educatedplanet\admin\src\app\(main)\dashboard\_components\sidebar\app-sidebar.tsx
[2025-11-08T05:09:33.782Z] [2025-11-08T05:09:33.783Z] [INDEXING-ORCHESTRATOR] [DEBUG] Average chunk size: 925 characters
[2025-11-08T05:09:33.795Z] [2025-11-08T05:09:33.796Z] [TREESITTER-CHUNKER] [INFO] Created 1 semantic chunks from C:\Projects\educatedplanet\admin\src\app\(main)\dashboard\_components\sidebar\nav-documents.tsx
[2025-11-08T05:09:33.830Z] [2025-11-08T05:09:33.831Z] [TREESITTER-FULL] [INFO] Extracted 1 symbols from C:\Projects\educatedplanet\admin\src\app\(main)\dashboard\_components\sidebar\nav-documents.tsx
[2025-11-08T05:09:33.830Z] [2025-11-08T05:09:33.832Z] [INDEXING-ORCHESTRATOR] [DEBUG] 🔍 Symbol extraction for C:\Projects\educatedplanet\admin\src\app\(main)\dashboard\_components\sidebar\nav-documents.tsx: 1 symbols, 3 imports
[2025-11-08T05:09:33.831Z] [2025-11-08T05:09:33.832Z] [INDEXING-ORCHESTRATOR] [DEBUG] 📍 Chunk 22-83: 1 candidate symbols
[2025-11-08T05:09:33.831Z] [2025-11-08T05:09:33.832Z] [INDEXING-ORCHESTRATOR] [DEBUG] ✅ Chunk symbols after filtering: 1 symbols - NavDocuments
[2025-11-08T05:09:33.831Z] [2025-11-08T05:09:33.832Z] [INDEXING-ORCHESTRATOR] [DEBUG] Created 1 semantic chunks for C:\Projects\educatedplanet\admin\src\app\(main)\dashboard\_components\sidebar\nav-documents.tsx
[2025-11-08T05:09:33.831Z] [2025-11-08T05:09:33.832Z] [INDEXING-ORCHESTRATOR] [DEBUG] Average chunk size: 2094 characters
[2025-11-08T05:09:33.862Z] [2025-11-08T05:09:33.863Z] [TREESITTER-CHUNKER] [INFO] Created 2 semantic chunks from C:\Projects\educatedplanet\admin\src\app\(main)\dashboard\_components\sidebar\nav-main.tsx
[2025-11-08T05:09:33.994Z] [2025-11-08T05:09:33.995Z] [TREESITTER-FULL] [INFO] Extracted 5 symbols from C:\Projects\educatedplanet\admin\src\app\(main)\dashboard\_components\sidebar\nav-main.tsx
[2025-11-08T05:09:33.994Z] [2025-11-08T05:09:33.995Z] [INDEXING-ORCHESTRATOR] [DEBUG] 🔍 Symbol extraction for C:\Projects\educatedplanet\admin\src\app\(main)\dashboard\_components\sidebar\nav-main.tsx: 5 symbols, 9 imports
[2025-11-08T05:09:33.994Z] [2025-11-08T05:09:33.995Z] [INDEXING-ORCHESTRATOR] [DEBUG] 📍 Chunk 31-33: 1 candidate symbols
[2025-11-08T05:09:33.994Z] [2025-11-08T05:09:33.995Z] [INDEXING-ORCHESTRATOR] [DEBUG] ✅ Chunk symbols after filtering: 1 symbols - NavMainProps
[2025-11-08T05:09:33.994Z] [2025-11-08T05:09:33.995Z] [INDEXING-ORCHESTRATOR] [DEBUG] 📍 Chunk 34-225: 4 candidate symbols
[2025-11-08T05:09:33.994Z] [2025-11-08T05:09:33.995Z] [INDEXING-ORCHESTRATOR] [DEBUG] ✅ Chunk symbols after filtering: 4 symbols - IsComingSoon, path, isItemActive, isSubmenuOpen
[2025-11-08T05:09:33.994Z] [2025-11-08T05:09:33.995Z] [INDEXING-ORCHESTRATOR] [DEBUG] Created 2 semantic chunks for C:\Projects\educatedplanet\admin\src\app\(main)\dashboard\_components\sidebar\nav-main.tsx
[2025-11-08T05:09:33.994Z] [2025-11-08T05:09:33.995Z] [INDEXING-ORCHESTRATOR] [DEBUG] Average chunk size: 3706 characters
[2025-11-08T05:09:34.011Z] [2025-11-08T05:09:34.012Z] [TREESITTER-CHUNKER] [INFO] Created 1 semantic chunks from C:\Projects\educatedplanet\admin\src\app\(main)\dashboard\_components\sidebar\nav-user.tsx
[2025-11-08T05:09:34.141Z] [2025-11-08T05:09:34.142Z] [TREESITTER-FULL] [INFO] Extracted 1 symbols from C:\Projects\educatedplanet\admin\src\app\(main)\dashboard\_components\sidebar\nav-user.tsx
[2025-11-08T05:09:34.143Z] [2025-11-08T05:09:34.144Z] [INDEXING-ORCHESTRATOR] [DEBUG] 🔍 Symbol extraction for C:\Projects\educatedplanet\admin\src\app\(main)\dashboard\_components\sidebar\nav-user.tsx: 1 symbols, 5 imports
[2025-11-08T05:09:34.144Z] [2025-11-08T05:09:34.144Z] [INDEXING-ORCHESTRATOR] [DEBUG] 📍 Chunk 18-92: 1 candidate symbols
[2025-11-08T05:09:34.144Z] [2025-11-08T05:09:34.145Z] [INDEXING-ORCHESTRATOR] [DEBUG] ✅ Chunk symbols after filtering: 1 symbols - NavUser
[2025-11-08T05:09:34.144Z] [2025-11-08T05:09:34.145Z] [INDEXING-ORCHESTRATOR] [DEBUG] Created 1 semantic chunks for C:\Projects\educatedplanet\admin\src\app\(main)\dashboard\_components\sidebar\nav-user.tsx
[2025-11-08T05:09:34.144Z] [2025-11-08T05:09:34.145Z] [INDEXING-ORCHESTRATOR] [DEBUG] Average chunk size: 2906 characters
[2025-11-08T05:09:34.164Z] [2025-11-08T05:09:34.165Z] [TREESITTER-CHUNKER] [INFO] Created 1 semantic chunks from C:\Projects\educatedplanet\admin\src\app\(main)\dashboard\_components\sidebar\nav-secondary.tsx
[2025-11-08T05:09:34.182Z] [2025-11-08T05:09:34.183Z] [TREESITTER-FULL] [INFO] Extracted 1 symbols from C:\Projects\educatedplanet\admin\src\app\(main)\dashboard\_components\sidebar\nav-secondary.tsx
[2025-11-08T05:09:34.183Z] [2025-11-08T05:09:34.183Z] [INDEXING-ORCHESTRATOR] [DEBUG] 🔍 Symbol extraction for C:\Projects\educatedplanet\admin\src\app\(main)\dashboard\_components\sidebar\nav-secondary.tsx: 1 symbols, 3 imports
[2025-11-08T05:09:34.183Z] [2025-11-08T05:09:34.184Z] [INDEXING-ORCHESTRATOR] [DEBUG] 📍 Chunk 15-43: 1 candidate symbols
[2025-11-08T05:09:34.183Z] [2025-11-08T05:09:34.184Z] [INDEXING-ORCHESTRATOR] [DEBUG] ✅ Chunk symbols after filtering: 1 symbols - NavSecondary
[2025-11-08T05:09:34.183Z] [2025-11-08T05:09:34.184Z] [INDEXING-ORCHESTRATOR] [DEBUG] Created 1 semantic chunks for C:\Projects\educatedplanet\admin\src\app\(main)\dashboard\_components\sidebar\nav-secondary.tsx
[2025-11-08T05:09:34.183Z] [2025-11-08T05:09:34.184Z] [INDEXING-ORCHESTRATOR] [DEBUG] Average chunk size: 716 characters
[2025-11-08T05:09:34.220Z] [2025-11-08T05:09:34.221Z] [TREESITTER-CHUNKER] [INFO] Created 1 semantic chunks from C:\Projects\educatedplanet\admin\src\app\(main)\dashboard\_components\sidebar\search-dialog.tsx
[2025-11-08T05:09:34.265Z] [2025-11-08T05:09:34.266Z] [TREESITTER-FULL] [INFO] Extracted 1 symbols from C:\Projects\educatedplanet\admin\src\app\(main)\dashboard\_components\sidebar\search-dialog.tsx
[2025-11-08T05:09:34.265Z] [2025-11-08T05:09:34.266Z] [INDEXING-ORCHESTRATOR] [DEBUG] 🔍 Symbol extraction for C:\Projects\educatedplanet\admin\src\app\(main)\dashboard\_components\sidebar\search-dialog.tsx: 1 symbols, 4 imports
[2025-11-08T05:09:34.265Z] [2025-11-08T05:09:34.266Z] [INDEXING-ORCHESTRATOR] [DEBUG] 📍 Chunk 1-80: 1 candidate symbols
[2025-11-08T05:09:34.266Z] [2025-11-08T05:09:34.266Z] [INDEXING-ORCHESTRATOR] [DEBUG] ✅ Chunk symbols after filtering: 1 symbols - searchItems
[2025-11-08T05:09:34.266Z] [2025-11-08T05:09:34.266Z] [INDEXING-ORCHESTRATOR] [DEBUG] Created 1 semantic chunks for C:\Projects\educatedplanet\admin\src\app\(main)\dashboard\_components\sidebar\search-dialog.tsx
[2025-11-08T05:09:34.266Z] [2025-11-08T05:09:34.266Z] [INDEXING-ORCHESTRATOR] [DEBUG] Average chunk size: 2935 characters
[2025-11-08T05:09:34.273Z] [2025-11-08T05:09:34.274Z] [TREESITTER-CHUNKER] [INFO] Created 1 semantic chunks from C:\Projects\educatedplanet\admin\src\app\(main)\dashboard\_components\sidebar\theme-switcher.tsx
[2025-11-08T05:09:34.281Z] [2025-11-08T05:09:34.282Z] [TREESITTER-FULL] [INFO] Extracted 1 symbols from C:\Projects\educatedplanet\admin\src\app\(main)\dashboard\_components\sidebar\theme-switcher.tsx
[2025-11-08T05:09:34.281Z] [2025-11-08T05:09:34.282Z] [INDEXING-ORCHESTRATOR] [DEBUG] 🔍 Symbol extraction for C:\Projects\educatedplanet\admin\src\app\(main)\dashboard\_components\sidebar\theme-switcher.tsx: 1 symbols, 5 imports
[2025-11-08T05:09:34.282Z] [2025-11-08T05:09:34.283Z] [INDEXING-ORCHESTRATOR] [DEBUG] 📍 Chunk 10-26: 1 candidate symbols
[2025-11-08T05:09:34.282Z] [2025-11-08T05:09:34.283Z] [INDEXING-ORCHESTRATOR] [DEBUG] ✅ Chunk symbols after filtering: 1 symbols - ThemeSwitcher
[2025-11-08T05:09:34.282Z] [2025-11-08T05:09:34.283Z] [INDEXING-ORCHESTRATOR] [DEBUG] Created 1 semantic chunks for C:\Projects\educatedplanet\admin\src\app\(main)\dashboard\_components\sidebar\theme-switcher.tsx
[2025-11-08T05:09:34.282Z] [2025-11-08T05:09:34.283Z] [INDEXING-ORCHESTRATOR] [DEBUG] Average chunk size: 527 characters
[2025-11-08T05:09:34.286Z] [2025-11-08T05:09:34.287Z] [TREESITTER-CHUNKER] [INFO] Created 1 semantic chunks from C:\Projects\educatedplanet\admin\src\app\(main)\dashboard\coming-soon\page.tsx
[2025-11-08T05:09:34.293Z] [2025-11-08T05:09:34.294Z] [TREESITTER-FULL] [INFO] Extracted 1 symbols from C:\Projects\educatedplanet\admin\src\app\(main)\dashboard\coming-soon\page.tsx
[2025-11-08T05:09:34.293Z] [2025-11-08T05:09:34.294Z] [INDEXING-ORCHESTRATOR] [DEBUG] 🔍 Symbol extraction for C:\Projects\educatedplanet\admin\src\app\(main)\dashboard\coming-soon\page.tsx: 1 symbols, 0 imports
[2025-11-08T05:09:34.293Z] [2025-11-08T05:09:34.294Z] [INDEXING-ORCHESTRATOR] [DEBUG] 📍 Chunk 1-8: 1 candidate symbols
[2025-11-08T05:09:34.293Z] [2025-11-08T05:09:34.294Z] [INDEXING-ORCHESTRATOR] [DEBUG] ✅ Chunk symbols after filtering: 1 symbols - Page
[2025-11-08T05:09:34.293Z] [2025-11-08T05:09:34.295Z] [INDEXING-ORCHESTRATOR] [DEBUG] Created 1 semantic chunks for C:\Projects\educatedplanet\admin\src\app\(main)\dashboard\coming-soon\page.tsx
[2025-11-08T05:09:34.293Z] [2025-11-08T05:09:34.295Z] [INDEXING-ORCHESTRATOR] [DEBUG] Average chunk size: 331 characters
[2025-11-08T05:09:34.312Z] [2025-11-08T05:09:34.313Z] [TREESITTER-CHUNKER] [INFO] Created 1 semantic chunks from C:\Projects\educatedplanet\admin\src\app\(main)\dashboard\crm\_components\columns.crm.tsx
[2025-11-08T05:09:34.353Z] [2025-11-08T05:09:34.354Z] [TREESITTER-FULL] [INFO] Extracted 0 symbols from C:\Projects\educatedplanet\admin\src\app\(main)\dashboard\crm\_components\columns.crm.tsx
[2025-11-08T05:09:34.353Z] [2025-11-08T05:09:34.354Z] [INDEXING-ORCHESTRATOR] [DEBUG] 🔍 Symbol extraction for C:\Projects\educatedplanet\admin\src\app\(main)\dashboard\crm\_components\columns.crm.tsx: 0 symbols, 8 imports
[2025-11-08T05:09:34.353Z] [2025-11-08T05:09:34.354Z] [INDEXING-ORCHESTRATOR] [DEBUG] 📍 Chunk 1-84: 0 candidate symbols
[2025-11-08T05:09:34.353Z] [2025-11-08T05:09:34.354Z] [INDEXING-ORCHESTRATOR] [DEBUG] ✅ Chunk symbols after filtering: 0 symbols - 
[2025-11-08T05:09:34.353Z] [2025-11-08T05:09:34.354Z] [INDEXING-ORCHESTRATOR] [DEBUG] Created 1 semantic chunks for C:\Projects\educatedplanet\admin\src\app\(main)\dashboard\crm\_components\columns.crm.tsx
[2025-11-08T05:09:34.353Z] [2025-11-08T05:09:34.354Z] [INDEXING-ORCHESTRATOR] [DEBUG] Average chunk size: 2876 characters
[2025-11-08T05:09:34.381Z] [2025-11-08T05:09:34.382Z] [TREESITTER-CHUNKER] [INFO] Created 1 semantic chunks from C:\Projects\educatedplanet\admin\src\app\(main)\dashboard\crm\_components\crm.config.ts
[2025-11-08T05:09:34.419Z] [2025-11-08T05:09:34.420Z] [TREESITTER-FULL] [INFO] Extracted 15 symbols from C:\Projects\educatedplanet\admin\src\app\(main)\dashboard\crm\_components\crm.config.ts
[2025-11-08T05:09:34.419Z] [2025-11-08T05:09:34.420Z] [INDEXING-ORCHESTRATOR] [DEBUG] 🔍 Symbol extraction for C:\Projects\educatedplanet\admin\src\app\(main)\dashboard\crm\_components\crm.config.ts: 15 symbols, 1 imports
[2025-11-08T05:09:34.420Z] [2025-11-08T05:09:34.420Z] [INDEXING-ORCHESTRATOR] [DEBUG] 📍 Chunk 1-334: 15 candidate symbols
[2025-11-08T05:09:34.420Z] [2025-11-08T05:09:34.420Z] [INDEXING-ORCHESTRATOR] [DEBUG] ✅ Chunk symbols after filtering: 15 symbols - leadsChartData, leadsChartConfig, proposalsChartData, proposalsChartConfig, revenueChartData, revenueChartConfig, leadsBySourceChartData, leadsBySourceChartConfig, projectRevenueChartData, projectRevenueChartConfig, salesPipelineChartData, salesPipelineChartConfig, regionSalesData, actionItems, recentLeadsData
[2025-11-08T05:09:34.420Z] [2025-11-08T05:09:34.420Z] [INDEXING-ORCHESTRATOR] [DEBUG] Created 1 semantic chunks for C:\Projects\educatedplanet\admin\src\app\(main)\dashboard\crm\_components\crm.config.ts
[2025-11-08T05:09:34.420Z] [2025-11-08T05:09:34.420Z] [INDEXING-ORCHESTRATOR] [DEBUG] Average chunk size: 7787 characters
[2025-11-08T05:09:34.420Z] [2025-11-08T05:09:34.421Z] [INDEXING-ORCHESTRATOR] [DEBUG] 📊 Processed: 20/226 files
[2025-11-08T05:09:34.444Z] [2025-11-08T05:09:34.445Z] [TREESITTER-CHUNKER] [INFO] Created 1 semantic chunks from C:\Projects\educatedplanet\admin\src\app\(main)\dashboard\crm\_components\insight-cards.tsx
[2025-11-08T05:09:34.512Z] [2025-11-08T05:09:34.513Z] [TREESITTER-FULL] [INFO] Extracted 1 symbols from C:\Projects\educatedplanet\admin\src\app\(main)\dashboard\crm\_components\insight-cards.tsx
[2025-11-08T05:09:34.512Z] [2025-11-08T05:09:34.513Z] [INDEXING-ORCHESTRATOR] [DEBUG] 🔍 Symbol extraction for C:\Projects\educatedplanet\admin\src\app\(main)\dashboard\crm\_components\insight-cards.tsx: 1 symbols, 5 imports
[2025-11-08T05:09:34.512Z] [2025-11-08T05:09:34.513Z] [INDEXING-ORCHESTRATOR] [DEBUG] 📍 Chunk 1-155: 1 candidate symbols
[2025-11-08T05:09:34.512Z] [2025-11-08T05:09:34.513Z] [INDEXING-ORCHESTRATOR] [DEBUG] ✅ Chunk symbols after filtering: 1 symbols - totalLeads
[2025-11-08T05:09:34.512Z] [2025-11-08T05:09:34.513Z] [INDEXING-ORCHESTRATOR] [DEBUG] Created 1 semantic chunks for C:\Projects\educatedplanet\admin\src\app\(main)\dashboard\crm\_components\insight-cards.tsx
[2025-11-08T05:09:34.512Z] [2025-11-08T05:09:34.513Z] [INDEXING-ORCHESTRATOR] [DEBUG] Average chunk size: 6050 characters
[2025-11-08T05:09:34.538Z] [2025-11-08T05:09:34.539Z] [TREESITTER-CHUNKER] [INFO] Created 3 semantic chunks from C:\Projects\educatedplanet\admin\src\app\(main)\dashboard\crm\_components\operational-cards.tsx
[2025-11-08T05:09:34.576Z] [2025-11-08T05:09:34.577Z] [TREESITTER-FULL] [INFO] Extracted 1 symbols from C:\Projects\educatedplanet\admin\src\app\(main)\dashboard\crm\_components\operational-cards.tsx
[2025-11-08T05:09:34.576Z] [2025-11-08T05:09:34.577Z] [INDEXING-ORCHESTRATOR] [DEBUG] 🔍 Symbol extraction for C:\Projects\educatedplanet\admin\src\app\(main)\dashboard\crm\_components\operational-cards.tsx: 1 symbols, 8 imports
[2025-11-08T05:09:34.576Z] [2025-11-08T05:09:34.577Z] [INDEXING-ORCHESTRATOR] [DEBUG] 📍 Chunk 55-60: 0 candidate symbols
[2025-11-08T05:09:34.576Z] [2025-11-08T05:09:34.577Z] [INDEXING-ORCHESTRATOR] [DEBUG] ✅ Chunk symbols after filtering: 0 symbols - 
[2025-11-08T05:09:34.576Z] [2025-11-08T05:09:34.577Z] [INDEXING-ORCHESTRATOR] [DEBUG] 📍 Chunk 93-100: 0 candidate symbols
[2025-11-08T05:09:34.576Z] [2025-11-08T05:09:34.577Z] [INDEXING-ORCHESTRATOR] [DEBUG] ✅ Chunk symbols after filtering: 0 symbols - 
[2025-11-08T05:09:34.576Z] [2025-11-08T05:09:34.577Z] [INDEXING-ORCHESTRATOR] [DEBUG] 📍 Chunk 101-116: 0 candidate symbols
[2025-11-08T05:09:34.576Z] [2025-11-08T05:09:34.577Z] [INDEXING-ORCHESTRATOR] [DEBUG] ✅ Chunk symbols after filtering: 0 symbols - 
[2025-11-08T05:09:34.576Z] [2025-11-08T05:09:34.577Z] [INDEXING-ORCHESTRATOR] [DEBUG] Created 3 semantic chunks for C:\Projects\educatedplanet\admin\src\app\(main)\dashboard\crm\_components\operational-cards.tsx
[2025-11-08T05:09:34.576Z] [2025-11-08T05:09:34.577Z] [INDEXING-ORCHESTRATOR] [DEBUG] Average chunk size: 382 characters
[2025-11-08T05:09:34.578Z] [2025-11-08T05:09:34.579Z] [TREESITTER-CHUNKER] [INFO] Created 1 semantic chunks from C:\Projects\educatedplanet\admin\src\app\(main)\dashboard\crm\_components\schema.ts
[2025-11-08T05:09:34.580Z] [2025-11-08T05:09:34.581Z] [TREESITTER-FULL] [INFO] Extracted 1 symbols from C:\Projects\educatedplanet\admin\src\app\(main)\dashboard\crm\_components\schema.ts
[2025-11-08T05:09:34.580Z] [2025-11-08T05:09:34.581Z] [INDEXING-ORCHESTRATOR] [DEBUG] 🔍 Symbol extraction for C:\Projects\educatedplanet\admin\src\app\(main)\dashboard\crm\_components\schema.ts: 1 symbols, 1 imports
[2025-11-08T05:09:34.580Z] [2025-11-08T05:09:34.581Z] [INDEXING-ORCHESTRATOR] [DEBUG] 📍 Chunk 1-11: 1 candidate symbols
[2025-11-08T05:09:34.580Z] [2025-11-08T05:09:34.581Z] [INDEXING-ORCHESTRATOR] [DEBUG] ✅ Chunk symbols after filtering: 1 symbols - recentLeadSchema
[2025-11-08T05:09:34.580Z] [2025-11-08T05:09:34.581Z] [INDEXING-ORCHESTRATOR] [DEBUG] Created 1 semantic chunks for C:\Projects\educatedplanet\admin\src\app\(main)\dashboard\crm\_components\schema.ts
[2025-11-08T05:09:34.580Z] [2025-11-08T05:09:34.581Z] [INDEXING-ORCHESTRATOR] [DEBUG] Average chunk size: 210 characters
[2025-11-08T05:09:34.589Z] [2025-11-08T05:09:34.590Z] [TREESITTER-CHUNKER] [INFO] Created 1 semantic chunks from C:\Projects\educatedplanet\admin\src\app\(main)\dashboard\crm\_components\table-cards.tsx
[2025-11-08T05:09:34.608Z] [2025-11-08T05:09:34.609Z] [TREESITTER-FULL] [INFO] Extracted 1 symbols from C:\Projects\educatedplanet\admin\src\app\(main)\dashboard\crm\_components\table-cards.tsx
[2025-11-08T05:09:34.608Z] [2025-11-08T05:09:34.609Z] [INDEXING-ORCHESTRATOR] [DEBUG] 🔍 Symbol extraction for C:\Projects\educatedplanet\admin\src\app\(main)\dashboard\crm\_components\table-cards.tsx: 1 symbols, 9 imports
[2025-11-08T05:09:34.608Z] [2025-11-08T05:09:34.609Z] [INDEXING-ORCHESTRATOR] [DEBUG] 📍 Chunk 15-47: 1 candidate symbols
[2025-11-08T05:09:34.608Z] [2025-11-08T05:09:34.609Z] [INDEXING-ORCHESTRATOR] [DEBUG] ✅ Chunk symbols after filtering: 1 symbols - TableCards
[2025-11-08T05:09:34.608Z] [2025-11-08T05:09:34.609Z] [INDEXING-ORCHESTRATOR] [DEBUG] Created 1 semantic chunks for C:\Projects\educatedplanet\admin\src\app\(main)\dashboard\crm\_components\table-cards.tsx
[2025-11-08T05:09:34.608Z] [2025-11-08T05:09:34.609Z] [INDEXING-ORCHESTRATOR] [DEBUG] Average chunk size: 1145 characters
[2025-11-08T05:09:34.628Z] [2025-11-08T05:09:34.629Z] [TREESITTER-CHUNKER] [INFO] Created 1 semantic chunks from C:\Projects\educatedplanet\admin\src\app\(main)\dashboard\crm\_components\overview-cards.tsx
[2025-11-08T05:09:34.670Z] [2025-11-08T05:09:34.671Z] [TREESITTER-FULL] [INFO] Extracted 1 symbols from C:\Projects\educatedplanet\admin\src\app\(main)\dashboard\crm\_components\overview-cards.tsx
[2025-11-08T05:09:34.670Z] [2025-11-08T05:09:34.671Z] [INDEXING-ORCHESTRATOR] [DEBUG] 🔍 Symbol extraction for C:\Projects\educatedplanet\admin\src\app\(main)\dashboard\crm\_components\overview-cards.tsx: 1 symbols, 6 imports
[2025-11-08T05:09:34.670Z] [2025-11-08T05:09:34.671Z] [INDEXING-ORCHESTRATOR] [DEBUG] 📍 Chunk 1-152: 1 candidate symbols
[2025-11-08T05:09:34.670Z] [2025-11-08T05:09:34.671Z] [INDEXING-ORCHESTRATOR] [DEBUG] ✅ Chunk symbols after filtering: 1 symbols - lastMonth
[2025-11-08T05:09:34.670Z] [2025-11-08T05:09:34.671Z] [INDEXING-ORCHESTRATOR] [DEBUG] Created 1 semantic chunks for C:\Projects\educatedplanet\admin\src\app\(main)\dashboard\crm\_components\overview-cards.tsx
[2025-11-08T05:09:34.670Z] [2025-11-08T05:09:34.671Z] [INDEXING-ORCHESTRATOR] [DEBUG] Average chunk size: 5874 characters
[2025-11-08T05:09:34.708Z] [2025-11-08T05:09:34.709Z] [TREESITTER-CHUNKER] [INFO] Created 1 semantic chunks from C:\Projects\educatedplanet\admin\src\app\(main)\dashboard\default\_components\chart-area-interactive.tsx
[2025-11-08T05:09:34.824Z] [2025-11-08T05:09:34.826Z] [TREESITTER-FULL] [INFO] Extracted 4 symbols from C:\Projects\educatedplanet\admin\src\app\(main)\dashboard\default\_components\chart-area-interactive.tsx
[2025-11-08T05:09:34.824Z] [2025-11-08T05:09:34.826Z] [INDEXING-ORCHESTRATOR] [DEBUG] 🔍 Symbol extraction for C:\Projects\educatedplanet\admin\src\app\(main)\dashboard\default\_components\chart-area-interactive.tsx: 4 symbols, 7 imports
[2025-11-08T05:09:34.825Z] [2025-11-08T05:09:34.826Z] [INDEXING-ORCHESTRATOR] [DEBUG] 📍 Chunk 1-240: 4 candidate symbols
[2025-11-08T05:09:34.825Z] [2025-11-08T05:09:34.826Z] [INDEXING-ORCHESTRATOR] [DEBUG] ✅ Chunk symbols after filtering: 4 symbols - description, chartData, isMobile, filteredData
[2025-11-08T05:09:34.825Z] [2025-11-08T05:09:34.826Z] [INDEXING-ORCHESTRATOR] [DEBUG] Created 1 semantic chunks for C:\Projects\educatedplanet\admin\src\app\(main)\dashboard\default\_components\chart-area-interactive.tsx
[2025-11-08T05:09:34.825Z] [2025-11-08T05:09:34.826Z] [INDEXING-ORCHESTRATOR] [DEBUG] Average chunk size: 10408 characters
[2025-11-08T05:09:34.826Z] [2025-11-08T05:09:34.827Z] [TREESITTER-CHUNKER] [INFO] Created 1 semantic chunks from C:\Projects\educatedplanet\admin\src\app\(main)\dashboard\crm\page.tsx
[2025-11-08T05:09:34.828Z] [2025-11-08T05:09:34.829Z] [TREESITTER-FULL] [INFO] Extracted 1 symbols from C:\Projects\educatedplanet\admin\src\app\(main)\dashboard\crm\page.tsx
[2025-11-08T05:09:34.828Z] [2025-11-08T05:09:34.829Z] [INDEXING-ORCHESTRATOR] [DEBUG] 🔍 Symbol extraction for C:\Projects\educatedplanet\admin\src\app\(main)\dashboard\crm\page.tsx: 1 symbols, 4 imports
[2025-11-08T05:09:34.828Z] [2025-11-08T05:09:34.829Z] [INDEXING-ORCHESTRATOR] [DEBUG] 📍 Chunk 6-15: 1 candidate symbols
[2025-11-08T05:09:34.828Z] [2025-11-08T05:09:34.829Z] [INDEXING-ORCHESTRATOR] [DEBUG] ✅ Chunk symbols after filtering: 1 symbols - Page
[2025-11-08T05:09:34.828Z] [2025-11-08T05:09:34.829Z] [INDEXING-ORCHESTRATOR] [DEBUG] Created 1 semantic chunks for C:\Projects\educatedplanet\admin\src\app\(main)\dashboard\crm\page.tsx
[2025-11-08T05:09:34.828Z] [2025-11-08T05:09:34.829Z] [INDEXING-ORCHESTRATOR] [DEBUG] Average chunk size: 201 characters
[2025-11-08T05:09:34.829Z] [2025-11-08T05:09:34.831Z] [TREESITTER-CHUNKER] [INFO] Created 1 semantic chunks from C:\Projects\educatedplanet\admin\src\app\(main)\dashboard\default\_components\schema.ts
[2025-11-08T05:09:34.831Z] [2025-11-08T05:09:34.832Z] [TREESITTER-FULL] [INFO] Extracted 1 symbols from C:\Projects\educatedplanet\admin\src\app\(main)\dashboard\default\_components\schema.ts
[2025-11-08T05:09:34.831Z] [2025-11-08T05:09:34.832Z] [INDEXING-ORCHESTRATOR] [DEBUG] 🔍 Symbol extraction for C:\Projects\educatedplanet\admin\src\app\(main)\dashboard\default\_components\schema.ts: 1 symbols, 1 imports
[2025-11-08T05:09:34.831Z] [2025-11-08T05:09:34.832Z] [INDEXING-ORCHESTRATOR] [DEBUG] 📍 Chunk 1-12: 1 candidate symbols
[2025-11-08T05:09:34.831Z] [2025-11-08T05:09:34.832Z] [INDEXING-ORCHESTRATOR] [DEBUG] ✅ Chunk symbols after filtering: 1 symbols - sectionSchema
[2025-11-08T05:09:34.831Z] [2025-11-08T05:09:34.833Z] [INDEXING-ORCHESTRATOR] [DEBUG] Created 1 semantic chunks for C:\Projects\educatedplanet\admin\src\app\(main)\dashboard\default\_components\schema.ts
[2025-11-08T05:09:34.831Z] [2025-11-08T05:09:34.833Z] [INDEXING-ORCHESTRATOR] [DEBUG] Average chunk size: 228 characters
[2025-11-08T05:09:34.856Z] [2025-11-08T05:09:34.857Z] [TREESITTER-CHUNKER] [INFO] Created 1 semantic chunks from C:\Projects\educatedplanet\admin\src\app\(main)\dashboard\default\_components\columns.tsx
[2025-11-08T05:09:34.930Z] [2025-11-08T05:09:34.931Z] [TREESITTER-FULL] [INFO] Extracted 0 symbols from C:\Projects\educatedplanet\admin\src\app\(main)\dashboard\default\_components\columns.tsx
[2025-11-08T05:09:34.930Z] [2025-11-08T05:09:34.931Z] [INDEXING-ORCHESTRATOR] [DEBUG] 🔍 Symbol extraction for C:\Projects\educatedplanet\admin\src\app\(main)\dashboard\default\_components\columns.tsx: 0 symbols, 14 imports
[2025-11-08T05:09:34.930Z] [2025-11-08T05:09:34.931Z] [INDEXING-ORCHESTRATOR] [DEBUG] 📍 Chunk 1-191: 0 candidate symbols
[2025-11-08T05:09:34.930Z] [2025-11-08T05:09:34.931Z] [INDEXING-ORCHESTRATOR] [DEBUG] ✅ Chunk symbols after filtering: 0 symbols - 
[2025-11-08T05:09:34.930Z] [2025-11-08T05:09:34.931Z] [INDEXING-ORCHESTRATOR] [DEBUG] Created 1 semantic chunks for C:\Projects\educatedplanet\admin\src\app\(main)\dashboard\default\_components\columns.tsx
[2025-11-08T05:09:34.930Z] [2025-11-08T05:09:34.931Z] [INDEXING-ORCHESTRATOR] [DEBUG] Average chunk size: 6693 characters
[2025-11-08T05:09:34.943Z] [2025-11-08T05:09:34.944Z] [TREESITTER-CHUNKER] [INFO] Created 1 semantic chunks from C:\Projects\educatedplanet\admin\src\app\(main)\dashboard\default\_components\data-table.tsx
[2025-11-08T05:09:35.131Z] [2025-11-08T05:09:35.132Z] [TREESITTER-FULL] [INFO] Extracted 1 symbols from C:\Projects\educatedplanet\admin\src\app\(main)\dashboard\default\_components\data-table.tsx
[2025-11-08T05:09:35.131Z] [2025-11-08T05:09:35.132Z] [INDEXING-ORCHESTRATOR] [DEBUG] 🔍 Symbol extraction for C:\Projects\educatedplanet\admin\src\app\(main)\dashboard\default\_components\data-table.tsx: 1 symbols, 15 imports
[2025-11-08T05:09:35.131Z] [2025-11-08T05:09:35.132Z] [INDEXING-ORCHESTRATOR] [DEBUG] 📍 Chunk 23-80: 1 candidate symbols
[2025-11-08T05:09:35.131Z] [2025-11-08T05:09:35.132Z] [INDEXING-ORCHESTRATOR] [DEBUG] ✅ Chunk symbols after filtering: 1 symbols - DataTable
[2025-11-08T05:09:35.131Z] [2025-11-08T05:09:35.132Z] [INDEXING-ORCHESTRATOR] [DEBUG] Created 1 semantic chunks for C:\Projects\educatedplanet\admin\src\app\(main)\dashboard\default\_components\data-table.tsx
[2025-11-08T05:09:35.131Z] [2025-11-08T05:09:35.132Z] [INDEXING-ORCHESTRATOR] [DEBUG] Average chunk size: 2958 characters
[2025-11-08T05:09:35.131Z] [2025-11-08T05:09:35.132Z] [INDEXING-ORCHESTRATOR] [DEBUG] 📊 Processed: 30/226 files
[2025-11-08T05:09:35.162Z] [2025-11-08T05:09:35.163Z] [TREESITTER-CHUNKER] [INFO] Created 1 semantic chunks from C:\Projects\educatedplanet\admin\src\app\(main)\dashboard\default\_components\table-cell-viewer.tsx
[2025-11-08T05:09:35.195Z] [2025-11-08T05:09:35.196Z] [TREESITTER-FULL] [INFO] Extracted 2 symbols from C:\Projects\educatedplanet\admin\src\app\(main)\dashboard\default\_components\table-cell-viewer.tsx
[2025-11-08T05:09:35.195Z] [2025-11-08T05:09:35.196Z] [INDEXING-ORCHESTRATOR] [DEBUG] 🔍 Symbol extraction for C:\Projects\educatedplanet\admin\src\app\(main)\dashboard\default\_components\table-cell-viewer.tsx: 2 symbols, 12 imports
[2025-11-08T05:09:35.195Z] [2025-11-08T05:09:35.196Z] [INDEXING-ORCHESTRATOR] [DEBUG] 📍 Chunk 1-186: 2 candidate symbols
[2025-11-08T05:09:35.195Z] [2025-11-08T05:09:35.196Z] [INDEXING-ORCHESTRATOR] [DEBUG] ✅ Chunk symbols after filtering: 2 symbols - chartData, isMobile
[2025-11-08T05:09:35.195Z] [2025-11-08T05:09:35.196Z] [INDEXING-ORCHESTRATOR] [DEBUG] Created 1 semantic chunks for C:\Projects\educatedplanet\admin\src\app\(main)\dashboard\default\_components\table-cell-viewer.tsx
[2025-11-08T05:09:35.195Z] [2025-11-08T05:09:35.196Z] [INDEXING-ORCHESTRATOR] [DEBUG] Average chunk size: 7557 characters
[2025-11-08T05:09:35.208Z] [2025-11-08T05:09:35.209Z] [TREESITTER-CHUNKER] [INFO] Created 2 semantic chunks from C:\Projects\educatedplanet\admin\src\app\(main)\dashboard\finance\_components\currency-exchange.tsx
[2025-11-08T05:09:35.231Z] [2025-11-08T05:09:35.232Z] [TREESITTER-FULL] [INFO] Extracted 1 symbols from C:\Projects\educatedplanet\admin\src\app\(main)\dashboard\finance\_components\currency-exchange.tsx
[2025-11-08T05:09:35.231Z] [2025-11-08T05:09:35.232Z] [INDEXING-ORCHESTRATOR] [DEBUG] 🔍 Symbol extraction for C:\Projects\educatedplanet\admin\src\app\(main)\dashboard\finance\_components\currency-exchange.tsx: 1 symbols, 6 imports
[2025-11-08T05:09:35.231Z] [2025-11-08T05:09:35.232Z] [INDEXING-ORCHESTRATOR] [DEBUG] 📍 Chunk 11-25: 1 candidate symbols
[2025-11-08T05:09:35.231Z] [2025-11-08T05:09:35.232Z] [INDEXING-ORCHESTRATOR] [DEBUG] ✅ Chunk symbols after filtering: 1 symbols - CurrencySelector
[2025-11-08T05:09:35.231Z] [2025-11-08T05:09:35.232Z] [INDEXING-ORCHESTRATOR] [DEBUG] 📍 Chunk 26-82: 0 candidate symbols
[2025-11-08T05:09:35.231Z] [2025-11-08T05:09:35.232Z] [INDEXING-ORCHESTRATOR] [DEBUG] ✅ Chunk symbols after filtering: 0 symbols - 
[2025-11-08T05:09:35.231Z] [2025-11-08T05:09:35.232Z] [INDEXING-ORCHESTRATOR] [DEBUG] Created 2 semantic chunks for C:\Projects\educatedplanet\admin\src\app\(main)\dashboard\finance\_components\currency-exchange.tsx
[2025-11-08T05:09:35.231Z] [2025-11-08T05:09:35.233Z] [INDEXING-ORCHESTRATOR] [DEBUG] Average chunk size: 1466 characters
[2025-11-08T05:09:35.252Z] [2025-11-08T05:09:35.253Z] [TREESITTER-CHUNKER] [INFO] Created 2 semantic chunks from C:\Projects\educatedplanet\admin\src\app\(main)\dashboard\finance\_components\account-overview.tsx
[2025-11-08T05:09:35.299Z] [2025-11-08T05:09:35.300Z] [TREESITTER-FULL] [INFO] Extracted 2 symbols from C:\Projects\educatedplanet\admin\src\app\(main)\dashboard\finance\_components\account-overview.tsx
[2025-11-08T05:09:35.299Z] [2025-11-08T05:09:35.300Z] [INDEXING-ORCHESTRATOR] [DEBUG] 🔍 Symbol extraction for C:\Projects\educatedplanet\admin\src\app\(main)\dashboard\finance\_components\account-overview.tsx: 2 symbols, 8 imports
[2025-11-08T05:09:35.299Z] [2025-11-08T05:09:35.300Z] [INDEXING-ORCHESTRATOR] [DEBUG] 📍 Chunk 13-26: 1 candidate symbols
[2025-11-08T05:09:35.299Z] [2025-11-08T05:09:35.300Z] [INDEXING-ORCHESTRATOR] [DEBUG] ✅ Chunk symbols after filtering: 1 symbols - ChipSVG
[2025-11-08T05:09:35.299Z] [2025-11-08T05:09:35.300Z] [INDEXING-ORCHESTRATOR] [DEBUG] 📍 Chunk 27-181: 1 candidate symbols
[2025-11-08T05:09:35.299Z] [2025-11-08T05:09:35.300Z] [INDEXING-ORCHESTRATOR] [DEBUG] ✅ Chunk symbols after filtering: 1 symbols - recentPayments
[2025-11-08T05:09:35.299Z] [2025-11-08T05:09:35.300Z] [INDEXING-ORCHESTRATOR] [DEBUG] Created 2 semantic chunks for C:\Projects\educatedplanet\admin\src\app\(main)\dashboard\finance\_components\account-overview.tsx
[2025-11-08T05:09:35.299Z] [2025-11-08T05:09:35.300Z] [INDEXING-ORCHESTRATOR] [DEBUG] Average chunk size: 3503 characters
[2025-11-08T05:09:35.300Z] [2025-11-08T05:09:35.301Z] [TREESITTER-CHUNKER] [INFO] Created 1 semantic chunks from C:\Projects\educatedplanet\admin\src\app\(main)\dashboard\default\page.tsx
[2025-11-08T05:09:35.302Z] [2025-11-08T05:09:35.303Z] [TREESITTER-FULL] [INFO] Extracted 1 symbols from C:\Projects\educatedplanet\admin\src\app\(main)\dashboard\default\page.tsx
[2025-11-08T05:09:35.302Z] [2025-11-08T05:09:35.303Z] [INDEXING-ORCHESTRATOR] [DEBUG] 🔍 Symbol extraction for C:\Projects\educatedplanet\admin\src\app\(main)\dashboard\default\page.tsx: 1 symbols, 4 imports
[2025-11-08T05:09:35.302Z] [2025-11-08T05:09:35.303Z] [INDEXING-ORCHESTRATOR] [DEBUG] 📍 Chunk 6-14: 1 candidate symbols
[2025-11-08T05:09:35.302Z] [2025-11-08T05:09:35.303Z] [INDEXING-ORCHESTRATOR] [DEBUG] ✅ Chunk symbols after filtering: 1 symbols - Page
[2025-11-08T05:09:35.302Z] [2025-11-08T05:09:35.303Z] [INDEXING-ORCHESTRATOR] [DEBUG] Created 1 semantic chunks for C:\Projects\educatedplanet\admin\src\app\(main)\dashboard\default\page.tsx
[2025-11-08T05:09:35.302Z] [2025-11-08T05:09:35.303Z] [INDEXING-ORCHESTRATOR] [DEBUG] Average chunk size: 207 characters
[2025-11-08T05:09:35.322Z] [2025-11-08T05:09:35.323Z] [TREESITTER-CHUNKER] [INFO] Created 1 semantic chunks from C:\Projects\educatedplanet\admin\src\app\(main)\dashboard\finance\_components\expense-summary.tsx
[2025-11-08T05:09:35.359Z] [2025-11-08T05:09:35.360Z] [TREESITTER-FULL] [INFO] Extracted 1 symbols from C:\Projects\educatedplanet\admin\src\app\(main)\dashboard\finance\_components\expense-summary.tsx
[2025-11-08T05:09:35.359Z] [2025-11-08T05:09:35.360Z] [INDEXING-ORCHESTRATOR] [DEBUG] 🔍 Symbol extraction for C:\Projects\educatedplanet\admin\src\app\(main)\dashboard\finance\_components\expense-summary.tsx: 1 symbols, 6 imports
[2025-11-08T05:09:35.359Z] [2025-11-08T05:09:35.360Z] [INDEXING-ORCHESTRATOR] [DEBUG] 📍 Chunk 1-133: 1 candidate symbols
[2025-11-08T05:09:35.359Z] [2025-11-08T05:09:35.360Z] [INDEXING-ORCHESTRATOR] [DEBUG] ✅ Chunk symbols after filtering: 1 symbols - chartData
[2025-11-08T05:09:35.359Z] [2025-11-08T05:09:35.360Z] [INDEXING-ORCHESTRATOR] [DEBUG] Created 1 semantic chunks for C:\Projects\educatedplanet\admin\src\app\(main)\dashboard\finance\_components\expense-summary.tsx
[2025-11-08T05:09:35.359Z] [2025-11-08T05:09:35.360Z] [INDEXING-ORCHESTRATOR] [DEBUG] Average chunk size: 5494 characters
[2025-11-08T05:09:35.404Z] [2025-11-08T05:09:35.405Z] [TREESITTER-CHUNKER] [INFO] Created 1 semantic chunks from C:\Projects\educatedplanet\admin\src\app\(main)\dashboard\default\_components\section-cards.tsx
[2025-11-08T05:09:35.459Z] [2025-11-08T05:09:35.460Z] [TREESITTER-FULL] [INFO] Extracted 0 symbols from C:\Projects\educatedplanet\admin\src\app\(main)\dashboard\default\_components\section-cards.tsx
[2025-11-08T05:09:35.459Z] [2025-11-08T05:09:35.460Z] [INDEXING-ORCHESTRATOR] [DEBUG] 🔍 Symbol extraction for C:\Projects\educatedplanet\admin\src\app\(main)\dashboard\default\_components\section-cards.tsx: 0 symbols, 5 imports
[2025-11-08T05:09:35.459Z] [2025-11-08T05:09:35.460Z] [INDEXING-ORCHESTRATOR] [DEBUG] 📍 Chunk 1-156: 0 candidate symbols
[2025-11-08T05:09:35.459Z] [2025-11-08T05:09:35.460Z] [INDEXING-ORCHESTRATOR] [DEBUG] ✅ Chunk symbols after filtering: 0 symbols - 
[2025-11-08T05:09:35.459Z] [2025-11-08T05:09:35.460Z] [INDEXING-ORCHESTRATOR] [DEBUG] Created 1 semantic chunks for C:\Projects\educatedplanet\admin\src\app\(main)\dashboard\default\_components\section-cards.tsx
[2025-11-08T05:09:35.459Z] [2025-11-08T05:09:35.460Z] [INDEXING-ORCHESTRATOR] [DEBUG] Average chunk size: 6581 characters
[2025-11-08T05:09:35.461Z] [2025-11-08T05:09:35.462Z] [TREESITTER-CHUNKER] [INFO] Created 1 semantic chunks from C:\Projects\educatedplanet\admin\src\app\(main)\dashboard\finance\page.tsx
[2025-11-08T05:09:35.465Z] [2025-11-08T05:09:35.466Z] [TREESITTER-FULL] [INFO] Extracted 1 symbols from C:\Projects\educatedplanet\admin\src\app\(main)\dashboard\finance\page.tsx
[2025-11-08T05:09:35.465Z] [2025-11-08T05:09:35.467Z] [INDEXING-ORCHESTRATOR] [DEBUG] 🔍 Symbol extraction for C:\Projects\educatedplanet\admin\src\app\(main)\dashboard\finance\page.tsx: 1 symbols, 4 imports
[2025-11-08T05:09:35.465Z] [2025-11-08T05:09:35.467Z] [INDEXING-ORCHESTRATOR] [DEBUG] 📍 Chunk 6-24: 1 candidate symbols
[2025-11-08T05:09:35.465Z] [2025-11-08T05:09:35.467Z] [INDEXING-ORCHESTRATOR] [DEBUG] ✅ Chunk symbols after filtering: 1 symbols - Page
[2025-11-08T05:09:35.465Z] [2025-11-08T05:09:35.467Z] [INDEXING-ORCHESTRATOR] [DEBUG] Created 1 semantic chunks for C:\Projects\educatedplanet\admin\src\app\(main)\dashboard\finance\page.tsx
[2025-11-08T05:09:35.466Z] [2025-11-08T05:09:35.467Z] [INDEXING-ORCHESTRATOR] [DEBUG] Average chunk size: 550 characters
[2025-11-08T05:09:35.497Z] [2025-11-08T05:09:35.498Z] [TREESITTER-CHUNKER] [INFO] Created 1 semantic chunks from C:\Projects\educatedplanet\admin\src\app\(main)\dashboard\finance\_components\financial-overview.tsx
[2025-11-08T05:09:35.536Z] [2025-11-08T05:09:35.537Z] [TREESITTER-FULL] [INFO] Extracted 4 symbols from C:\Projects\educatedplanet\admin\src\app\(main)\dashboard\finance\_components\financial-overview.tsx
[2025-11-08T05:09:35.536Z] [2025-11-08T05:09:35.537Z] [INDEXING-ORCHESTRATOR] [DEBUG] 🔍 Symbol extraction for C:\Projects\educatedplanet\admin\src\app\(main)\dashboard\finance\_components\financial-overview.tsx: 4 symbols, 7 imports
[2025-11-08T05:09:35.536Z] [2025-11-08T05:09:35.537Z] [INDEXING-ORCHESTRATOR] [DEBUG] 📍 Chunk 1-119: 4 candidate symbols
[2025-11-08T05:09:35.536Z] [2025-11-08T05:09:35.537Z] [INDEXING-ORCHESTRATOR] [DEBUG] ✅ Chunk symbols after filtering: 4 symbols - chartData, totalIncome, totalExpenses, totalScheduled
[2025-11-08T05:09:35.536Z] [2025-11-08T05:09:35.537Z] [INDEXING-ORCHESTRATOR] [DEBUG] Created 1 semantic chunks for C:\Projects\educatedplanet\admin\src\app\(main)\dashboard\finance\_components\financial-overview.tsx
[2025-11-08T05:09:35.536Z] [2025-11-08T05:09:35.537Z] [INDEXING-ORCHESTRATOR] [DEBUG] Average chunk size: 5605 characters
[2025-11-08T05:09:35.542Z] [2025-11-08T05:09:35.544Z] [TREESITTER-CHUNKER] [INFO] Created 2 semantic chunks from C:\Projects\educatedplanet\admin\src\app\(main)\dashboard\layout.tsx
[2025-11-08T05:09:35.561Z] [2025-11-08T05:09:35.562Z] [TREESITTER-FULL] [INFO] Extracted 1 symbols from C:\Projects\educatedplanet\admin\src\app\(main)\dashboard\layout.tsx
[2025-11-08T05:09:35.561Z] [2025-11-08T05:09:35.562Z] [INDEXING-ORCHESTRATOR] [DEBUG] 🔍 Symbol extraction for C:\Projects\educatedplanet\admin\src\app\(main)\dashboard\layout.tsx: 1 symbols, 12 imports
[2025-11-08T05:09:35.561Z] [2025-11-08T05:09:35.562Z] [INDEXING-ORCHESTRATOR] [DEBUG] 📍 Chunk 49-57: 0 candidate symbols
[2025-11-08T05:09:35.561Z] [2025-11-08T05:09:35.562Z] [INDEXING-ORCHESTRATOR] [DEBUG] ✅ Chunk symbols after filtering: 0 symbols - 
[2025-11-08T05:09:35.561Z] [2025-11-08T05:09:35.562Z] [INDEXING-ORCHESTRATOR] [DEBUG] 📍 Chunk 58-81: 0 candidate symbols
[2025-11-08T05:09:35.561Z] [2025-11-08T05:09:35.562Z] [INDEXING-ORCHESTRATOR] [DEBUG] ✅ Chunk symbols after filtering: 0 symbols - 
[2025-11-08T05:09:35.561Z] [2025-11-08T05:09:35.562Z] [INDEXING-ORCHESTRATOR] [DEBUG] Created 2 semantic chunks for C:\Projects\educatedplanet\admin\src\app\(main)\dashboard\layout.tsx
[2025-11-08T05:09:35.561Z] [2025-11-08T05:09:35.562Z] [INDEXING-ORCHESTRATOR] [DEBUG] Average chunk size: 916 characters
[2025-11-08T05:09:35.561Z] [2025-11-08T05:09:35.563Z] [TREESITTER-CHUNKER] [INFO] Created 1 semantic chunks from C:\Projects\educatedplanet\admin\src\app\(main)\dashboard\page.tsx
[2025-11-08T05:09:35.562Z] [2025-11-08T05:09:35.563Z] [TREESITTER-FULL] [INFO] Extracted 1 symbols from C:\Projects\educatedplanet\admin\src\app\(main)\dashboard\page.tsx
[2025-11-08T05:09:35.562Z] [2025-11-08T05:09:35.563Z] [INDEXING-ORCHESTRATOR] [DEBUG] 🔍 Symbol extraction for C:\Projects\educatedplanet\admin\src\app\(main)\dashboard\page.tsx: 1 symbols, 0 imports
[2025-11-08T05:09:35.562Z] [2025-11-08T05:09:35.563Z] [INDEXING-ORCHESTRATOR] [DEBUG] 📍 Chunk 1-3: 1 candidate symbols
[2025-11-08T05:09:35.562Z] [2025-11-08T05:09:35.563Z] [INDEXING-ORCHESTRATOR] [DEBUG] ✅ Chunk symbols after filtering: 1 symbols - Page
[2025-11-08T05:09:35.562Z] [2025-11-08T05:09:35.563Z] [INDEXING-ORCHESTRATOR] [DEBUG] Created 1 semantic chunks for C:\Projects\educatedplanet\admin\src\app\(main)\dashboard\page.tsx
[2025-11-08T05:09:35.562Z] [2025-11-08T05:09:35.563Z] [INDEXING-ORCHESTRATOR] [DEBUG] Average chunk size: 48 characters
[2025-11-08T05:09:35.562Z] [2025-11-08T05:09:35.563Z] [INDEXING-ORCHESTRATOR] [DEBUG] 📊 Processed: 40/226 files
[2025-11-08T05:09:35.584Z] [2025-11-08T05:09:35.585Z] [TREESITTER-CHUNKER] [INFO] Created 1 semantic chunks from C:\Projects\educatedplanet\admin\src\app\(main)\dashboard\users\_components\columns.tsx
[2025-11-08T05:09:35.638Z] [2025-11-08T05:09:35.639Z] [TREESITTER-FULL] [INFO] Extracted 2 symbols from C:\Projects\educatedplanet\admin\src\app\(main)\dashboard\users\_components\columns.tsx
[2025-11-08T05:09:35.638Z] [2025-11-08T05:09:35.639Z] [INDEXING-ORCHESTRATOR] [DEBUG] 🔍 Symbol extraction for C:\Projects\educatedplanet\admin\src\app\(main)\dashboard\users\_components\columns.tsx: 2 symbols, 10 imports
[2025-11-08T05:09:35.638Z] [2025-11-08T05:09:35.639Z] [INDEXING-ORCHESTRATOR] [DEBUG] 📍 Chunk 1-218: 2 candidate symbols
[2025-11-08T05:09:35.638Z] [2025-11-08T05:09:35.639Z] [INDEXING-ORCHESTRATOR] [DEBUG] ✅ Chunk symbols after filtering: 2 symbols - getRoleVariant, getRoleLabel
[2025-11-08T05:09:35.638Z] [2025-11-08T05:09:35.639Z] [INDEXING-ORCHESTRATOR] [DEBUG] Created 1 semantic chunks for C:\Projects\educatedplanet\admin\src\app\(main)\dashboard\users\_components\columns.tsx
[2025-11-08T05:09:35.638Z] [2025-11-08T05:09:35.639Z] [INDEXING-ORCHESTRATOR] [DEBUG] Average chunk size: 6534 characters
[2025-11-08T05:09:35.638Z] [2025-11-08T05:09:35.640Z] [TREESITTER-CHUNKER] [INFO] Created 1 semantic chunks from C:\Projects\educatedplanet\admin\src\app\(main)\dashboard\users\page.tsx
[2025-11-08T05:09:35.639Z] [2025-11-08T05:09:35.640Z] [TREESITTER-FULL] [INFO] Extracted 1 symbols from C:\Projects\educatedplanet\admin\src\app\(main)\dashboard\users\page.tsx
[2025-11-08T05:09:35.639Z] [2025-11-08T05:09:35.641Z] [INDEXING-ORCHESTRATOR] [DEBUG] 🔍 Symbol extraction for C:\Projects\educatedplanet\admin\src\app\(main)\dashboard\users\page.tsx: 1 symbols, 1 imports
[2025-11-08T05:09:35.639Z] [2025-11-08T05:09:35.641Z] [INDEXING-ORCHESTRATOR] [DEBUG] 📍 Chunk 3-9: 1 candidate symbols
[2025-11-08T05:09:35.639Z] [2025-11-08T05:09:35.641Z] [INDEXING-ORCHESTRATOR] [DEBUG] ✅ Chunk symbols after filtering: 1 symbols - UsersPage
[2025-11-08T05:09:35.639Z] [2025-11-08T05:09:35.641Z] [INDEXING-ORCHESTRATOR] [DEBUG] Created 1 semantic chunks for C:\Projects\educatedplanet\admin\src\app\(main)\dashboard\users\page.tsx
[2025-11-08T05:09:35.639Z] [2025-11-08T05:09:35.641Z] [INDEXING-ORCHESTRATOR] [DEBUG] Average chunk size: 120 characters
[2025-11-08T05:09:35.659Z] [2025-11-08T05:09:35.661Z] [TREESITTER-CHUNKER] [INFO] Created 2 semantic chunks from C:\Projects\educatedplanet\admin\src\app\(main)\dashboard\users\_components\user-modal.tsx
[2025-11-08T05:09:35.700Z] [2025-11-08T05:09:35.701Z] [TREESITTER-FULL] [INFO] Extracted 5 symbols from C:\Projects\educatedplanet\admin\src\app\(main)\dashboard\users\_components\user-modal.tsx
[2025-11-08T05:09:35.700Z] [2025-11-08T05:09:35.701Z] [INDEXING-ORCHESTRATOR] [DEBUG] 🔍 Symbol extraction for C:\Projects\educatedplanet\admin\src\app\(main)\dashboard\users\_components\user-modal.tsx: 5 symbols, 14 imports
[2025-11-08T05:09:35.700Z] [2025-11-08T05:09:35.701Z] [INDEXING-ORCHESTRATOR] [DEBUG] 📍 Chunk 50-57: 2 candidate symbols
[2025-11-08T05:09:35.700Z] [2025-11-08T05:09:35.701Z] [INDEXING-ORCHESTRATOR] [DEBUG] ✅ Chunk symbols after filtering: 2 symbols - UserFormData, UserModalProps
[2025-11-08T05:09:35.700Z] [2025-11-08T05:09:35.701Z] [INDEXING-ORCHESTRATOR] [DEBUG] 📍 Chunk 58-258: 2 candidate symbols
[2025-11-08T05:09:35.700Z] [2025-11-08T05:09:35.701Z] [INDEXING-ORCHESTRATOR] [DEBUG] ✅ Chunk symbols after filtering: 2 symbols - form, handleSubmit
[2025-11-08T05:09:35.700Z] [2025-11-08T05:09:35.701Z] [INDEXING-ORCHESTRATOR] [DEBUG] Created 2 semantic chunks for C:\Projects\educatedplanet\admin\src\app\(main)\dashboard\users\_components\user-modal.tsx
[2025-11-08T05:09:35.700Z] [2025-11-08T05:09:35.701Z] [INDEXING-ORCHESTRATOR] [DEBUG] Average chunk size: 3519 characters
[2025-11-08T05:09:35.722Z] [2025-11-08T05:09:35.723Z] [TREESITTER-CHUNKER] [INFO] Created 1 semantic chunks from C:\Projects\educatedplanet\admin\src\app\(main)\dashboard\users\_components\users-table.tsx
[2025-11-08T05:09:35.766Z] [2025-11-08T05:09:35.767Z] [TREESITTER-FULL] [INFO] Extracted 7 symbols from C:\Projects\educatedplanet\admin\src\app\(main)\dashboard\users\_components\users-table.tsx
[2025-11-08T05:09:35.766Z] [2025-11-08T05:09:35.767Z] [INDEXING-ORCHESTRATOR] [DEBUG] 🔍 Symbol extraction for C:\Projects\educatedplanet\admin\src\app\(main)\dashboard\users\_components\users-table.tsx: 7 symbols, 16 imports
[2025-11-08T05:09:35.766Z] [2025-11-08T05:09:35.767Z] [INDEXING-ORCHESTRATOR] [DEBUG] 📍 Chunk 1-216: 7 candidate symbols
[2025-11-08T05:09:35.766Z] [2025-11-08T05:09:35.767Z] [INDEXING-ORCHESTRATOR] [DEBUG] ✅ Chunk symbols after filtering: 7 symbols - filteredData, table, handleExport, handleUserSubmit, handleDeleteUser, handleVerifyUser, uniqueRoles
[2025-11-08T05:09:35.766Z] [2025-11-08T05:09:35.767Z] [INDEXING-ORCHESTRATOR] [DEBUG] Created 1 semantic chunks for C:\Projects\educatedplanet\admin\src\app\(main)\dashboard\users\_components\users-table.tsx
[2025-11-08T05:09:35.766Z] [2025-11-08T05:09:35.767Z] [INDEXING-ORCHESTRATOR] [DEBUG] Average chunk size: 8347 characters
[2025-11-08T05:09:35.773Z] [2025-11-08T05:09:35.774Z] [TREESITTER-CHUNKER] [INFO] Created 1 semantic chunks from C:\Projects\educatedplanet\admin\src\app\(main)\dashboard\users\_components\users-data.ts
[2025-11-08T05:09:35.785Z] [2025-11-08T05:09:35.787Z] [TREESITTER-FULL] [INFO] Extracted 1 symbols from C:\Projects\educatedplanet\admin\src\app\(main)\dashboard\users\_components\users-data.ts
[2025-11-08T05:09:35.785Z] [2025-11-08T05:09:35.787Z] [INDEXING-ORCHESTRATOR] [DEBUG] 🔍 Symbol extraction for C:\Projects\educatedplanet\admin\src\app\(main)\dashboard\users\_components\users-data.ts: 1 symbols, 1 imports
[2025-11-08T05:09:35.785Z] [2025-11-08T05:09:35.787Z] [INDEXING-ORCHESTRATOR] [DEBUG] 📍 Chunk 1-169: 1 candidate symbols
[2025-11-08T05:09:35.785Z] [2025-11-08T05:09:35.787Z] [INDEXING-ORCHESTRATOR] [DEBUG] ✅ Chunk symbols after filtering: 1 symbols - usersData
[2025-11-08T05:09:35.785Z] [2025-11-08T05:09:35.787Z] [INDEXING-ORCHESTRATOR] [DEBUG] Created 1 semantic chunks for C:\Projects\educatedplanet\admin\src\app\(main)\dashboard\users\_components\users-data.ts
[2025-11-08T05:09:35.786Z] [2025-11-08T05:09:35.787Z] [INDEXING-ORCHESTRATOR] [DEBUG] Average chunk size: 4783 characters
[2025-11-08T05:09:35.787Z] [2025-11-08T05:09:35.789Z] [TREESITTER-CHUNKER] [INFO] Created 1 semantic chunks from C:\Projects\educatedplanet\admin\src\app\(main)\dashboard\users\_components\schema.ts
[2025-11-08T05:09:35.794Z] [2025-11-08T05:09:35.796Z] [TREESITTER-FULL] [INFO] Extracted 2 symbols from C:\Projects\educatedplanet\admin\src\app\(main)\dashboard\users\_components\schema.ts
[2025-11-08T05:09:35.794Z] [2025-11-08T05:09:35.796Z] [INDEXING-ORCHESTRATOR] [DEBUG] 🔍 Symbol extraction for C:\Projects\educatedplanet\admin\src\app\(main)\dashboard\users\_components\schema.ts: 2 symbols, 1 imports
[2025-11-08T05:09:35.794Z] [2025-11-08T05:09:35.796Z] [INDEXING-ORCHESTRATOR] [DEBUG] 📍 Chunk 14-14: 1 candidate symbols
[2025-11-08T05:09:35.794Z] [2025-11-08T05:09:35.796Z] [INDEXING-ORCHESTRATOR] [DEBUG] ✅ Chunk symbols after filtering: 1 symbols - UserTable
[2025-11-08T05:09:35.794Z] [2025-11-08T05:09:35.796Z] [INDEXING-ORCHESTRATOR] [DEBUG] Created 1 semantic chunks for C:\Projects\educatedplanet\admin\src\app\(main)\dashboard\users\_components\schema.ts
[2025-11-08T05:09:35.795Z] [2025-11-08T05:09:35.796Z] [INDEXING-ORCHESTRATOR] [DEBUG] Average chunk size: 49 characters
[2025-11-08T05:09:35.798Z] [2025-11-08T05:09:35.799Z] [TREESITTER-CHUNKER] [INFO] Created 1 semantic chunks from C:\Projects\educatedplanet\admin\src\app\(main)\unauthorized\page.tsx
[2025-11-08T05:09:35.806Z] [2025-11-08T05:09:35.807Z] [TREESITTER-FULL] [INFO] Extracted 1 symbols from C:\Projects\educatedplanet\admin\src\app\(main)\unauthorized\page.tsx
[2025-11-08T05:09:35.806Z] [2025-11-08T05:09:35.807Z] [INDEXING-ORCHESTRATOR] [DEBUG] 🔍 Symbol extraction for C:\Projects\educatedplanet\admin\src\app\(main)\unauthorized\page.tsx: 1 symbols, 2 imports
[2025-11-08T05:09:35.806Z] [2025-11-08T05:09:35.807Z] [INDEXING-ORCHESTRATOR] [DEBUG] 📍 Chunk 5-27: 1 candidate symbols
[2025-11-08T05:09:35.806Z] [2025-11-08T05:09:35.807Z] [INDEXING-ORCHESTRATOR] [DEBUG] ✅ Chunk symbols after filtering: 1 symbols - page
[2025-11-08T05:09:35.806Z] [2025-11-08T05:09:35.807Z] [INDEXING-ORCHESTRATOR] [DEBUG] Created 1 semantic chunks for C:\Projects\educatedplanet\admin\src\app\(main)\unauthorized\page.tsx
[2025-11-08T05:09:35.806Z] [2025-11-08T05:09:35.807Z] [INDEXING-ORCHESTRATOR] [DEBUG] Average chunk size: 1043 characters
[2025-11-08T05:09:35.810Z] [2025-11-08T05:09:35.811Z] [TREESITTER-CHUNKER] [INFO] Created 1 semantic chunks from C:\Projects\educatedplanet\admin\src\app\api\dashboard\route.ts
[2025-11-08T05:09:35.817Z] [2025-11-08T05:09:35.818Z] [TREESITTER-FULL] [INFO] Extracted 1 symbols from C:\Projects\educatedplanet\admin\src\app\api\dashboard\route.ts
[2025-11-08T05:09:35.817Z] [2025-11-08T05:09:35.818Z] [INDEXING-ORCHESTRATOR] [DEBUG] 🔍 Symbol extraction for C:\Projects\educatedplanet\admin\src\app\api\dashboard\route.ts: 1 symbols, 2 imports
[2025-11-08T05:09:35.817Z] [2025-11-08T05:09:35.818Z] [INDEXING-ORCHESTRATOR] [DEBUG] 📍 Chunk 10-42: 1 candidate symbols
[2025-11-08T05:09:35.817Z] [2025-11-08T05:09:35.818Z] [INDEXING-ORCHESTRATOR] [DEBUG] ✅ Chunk symbols after filtering: 1 symbols - GET
[2025-11-08T05:09:35.817Z] [2025-11-08T05:09:35.818Z] [INDEXING-ORCHESTRATOR] [DEBUG] Created 1 semantic chunks for C:\Projects\educatedplanet\admin\src\app\api\dashboard\route.ts
[2025-11-08T05:09:35.817Z] [2025-11-08T05:09:35.818Z] [INDEXING-ORCHESTRATOR] [DEBUG] Average chunk size: 1026 characters
[2025-11-08T05:09:35.834Z] [2025-11-08T05:09:35.835Z] [TREESITTER-CHUNKER] [INFO] Created 2 semantic chunks from C:\Projects\educatedplanet\admin\src\app\api\tutors\route.ts
[2025-11-08T05:09:35.859Z] [2025-11-08T05:09:35.860Z] [TREESITTER-FULL] [INFO] Extracted 2 symbols from C:\Projects\educatedplanet\admin\src\app\api\tutors\route.ts
[2025-11-08T05:09:35.859Z] [2025-11-08T05:09:35.860Z] [INDEXING-ORCHESTRATOR] [DEBUG] 🔍 Symbol extraction for C:\Projects\educatedplanet\admin\src\app\api\tutors\route.ts: 2 symbols, 3 imports
[2025-11-08T05:09:35.859Z] [2025-11-08T05:09:35.860Z] [INDEXING-ORCHESTRATOR] [DEBUG] 📍 Chunk 11-54: 1 candidate symbols
[2025-11-08T05:09:35.859Z] [2025-11-08T05:09:35.860Z] [INDEXING-ORCHESTRATOR] [DEBUG] ✅ Chunk symbols after filtering: 1 symbols - GET
[2025-11-08T05:09:35.859Z] [2025-11-08T05:09:35.860Z] [INDEXING-ORCHESTRATOR] [DEBUG] 📍 Chunk 57-98: 1 candidate symbols
[2025-11-08T05:09:35.859Z] [2025-11-08T05:09:35.860Z] [INDEXING-ORCHESTRATOR] [DEBUG] ✅ Chunk symbols after filtering: 1 symbols - POST
[2025-11-08T05:09:35.859Z] [2025-11-08T05:09:35.860Z] [INDEXING-ORCHESTRATOR] [DEBUG] Created 2 semantic chunks for C:\Projects\educatedplanet\admin\src\app\api\tutors\route.ts
[2025-11-08T05:09:35.859Z] [2025-11-08T05:09:35.860Z] [INDEXING-ORCHESTRATOR] [DEBUG] Average chunk size: 1646 characters
[2025-11-08T05:09:35.865Z] [2025-11-08T05:09:35.866Z] [TREESITTER-CHUNKER] [INFO] Created 3 semantic chunks from C:\Projects\educatedplanet\admin\src\app\api\users\[id]\route.ts
[2025-11-08T05:09:35.878Z] [2025-11-08T05:09:35.879Z] [TREESITTER-FULL] [INFO] Extracted 4 symbols from C:\Projects\educatedplanet\admin\src\app\api\users\[id]\route.ts
[2025-11-08T05:09:35.878Z] [2025-11-08T05:09:35.879Z] [INDEXING-ORCHESTRATOR] [DEBUG] 🔍 Symbol extraction for C:\Projects\educatedplanet\admin\src\app\api\users\[id]\route.ts: 4 symbols, 3 imports
[2025-11-08T05:09:35.878Z] [2025-11-08T05:09:35.879Z] [INDEXING-ORCHESTRATOR] [DEBUG] 📍 Chunk 10-47: 2 candidate symbols
[2025-11-08T05:09:35.878Z] [2025-11-08T05:09:35.879Z] [INDEXING-ORCHESTRATOR] [DEBUG] ✅ Chunk symbols after filtering: 2 symbols - RouteParams, GET
[2025-11-08T05:09:35.878Z] [2025-11-08T05:09:35.879Z] [INDEXING-ORCHESTRATOR] [DEBUG] 📍 Chunk 50-94: 1 candidate symbols
[2025-11-08T05:09:35.878Z] [2025-11-08T05:09:35.879Z] [INDEXING-ORCHESTRATOR] [DEBUG] ✅ Chunk symbols after filtering: 1 symbols - PUT
[2025-11-08T05:09:35.878Z] [2025-11-08T05:09:35.879Z] [INDEXING-ORCHESTRATOR] [DEBUG] 📍 Chunk 97-126: 1 candidate symbols
[2025-11-08T05:09:35.878Z] [2025-11-08T05:09:35.879Z] [INDEXING-ORCHESTRATOR] [DEBUG] ✅ Chunk symbols after filtering: 1 symbols - DELETE
[2025-11-08T05:09:35.878Z] [2025-11-08T05:09:35.879Z] [INDEXING-ORCHESTRATOR] [DEBUG] Created 3 semantic chunks for C:\Projects\educatedplanet\admin\src\app\api\users\[id]\route.ts
[2025-11-08T05:09:35.878Z] [2025-11-08T05:09:35.879Z] [INDEXING-ORCHESTRATOR] [DEBUG] Average chunk size: 953 characters
[2025-11-08T05:09:35.878Z] [2025-11-08T05:09:35.879Z] [INDEXING-ORCHESTRATOR] [DEBUG] 📊 Processed: 50/226 files
[2025-11-08T05:09:35.884Z] [2025-11-08T05:09:35.886Z] [TREESITTER-CHUNKER] [INFO] Created 2 semantic chunks from C:\Projects\educatedplanet\admin\src\app\api\users\route.ts
[2025-11-08T05:09:35.897Z] [2025-11-08T05:09:35.898Z] [TREESITTER-FULL] [INFO] Extracted 2 symbols from C:\Projects\educatedplanet\admin\src\app\api\users\route.ts
[2025-11-08T05:09:35.897Z] [2025-11-08T05:09:35.898Z] [INDEXING-ORCHESTRATOR] [DEBUG] 🔍 Symbol extraction for C:\Projects\educatedplanet\admin\src\app\api\users\route.ts: 2 symbols, 3 imports
[2025-11-08T05:09:35.897Z] [2025-11-08T05:09:35.898Z] [INDEXING-ORCHESTRATOR] [DEBUG] 📍 Chunk 11-48: 1 candidate symbols
[2025-11-08T05:09:35.897Z] [2025-11-08T05:09:35.898Z] [INDEXING-ORCHESTRATOR] [DEBUG] ✅ Chunk symbols after filtering: 1 symbols - GET
[2025-11-08T05:09:35.897Z] [2025-11-08T05:09:35.898Z] [INDEXING-ORCHESTRATOR] [DEBUG] 📍 Chunk 51-84: 1 candidate symbols
[2025-11-08T05:09:35.897Z] [2025-11-08T05:09:35.898Z] [INDEXING-ORCHESTRATOR] [DEBUG] ✅ Chunk symbols after filtering: 1 symbols - POST
[2025-11-08T05:09:35.897Z] [2025-11-08T05:09:35.898Z] [INDEXING-ORCHESTRATOR] [DEBUG] Created 2 semantic chunks for C:\Projects\educatedplanet\admin\src\app\api\users\route.ts
[2025-11-08T05:09:35.897Z] [2025-11-08T05:09:35.898Z] [INDEXING-ORCHESTRATOR] [DEBUG] Average chunk size: 1109 characters
[2025-11-08T05:09:35.900Z] [2025-11-08T05:09:35.901Z] [TREESITTER-CHUNKER] [INFO] Created 1 semantic chunks from C:\Projects\educatedplanet\admin\src\app\not-found.tsx
[2025-11-08T05:09:35.908Z] [2025-11-08T05:09:35.909Z] [TREESITTER-FULL] [INFO] Extracted 1 symbols from C:\Projects\educatedplanet\admin\src\app\not-found.tsx
[2025-11-08T05:09:35.908Z] [2025-11-08T05:09:35.909Z] [INDEXING-ORCHESTRATOR] [DEBUG] 🔍 Symbol extraction for C:\Projects\educatedplanet\admin\src\app\not-found.tsx: 1 symbols, 2 imports
[2025-11-08T05:09:35.908Z] [2025-11-08T05:09:35.909Z] [INDEXING-ORCHESTRATOR] [DEBUG] 📍 Chunk 7-17: 1 candidate symbols
[2025-11-08T05:09:35.908Z] [2025-11-08T05:09:35.909Z] [INDEXING-ORCHESTRATOR] [DEBUG] ✅ Chunk symbols after filtering: 1 symbols - NotFound
[2025-11-08T05:09:35.908Z] [2025-11-08T05:09:35.909Z] [INDEXING-ORCHESTRATOR] [DEBUG] Created 1 semantic chunks for C:\Projects\educatedplanet\admin\src\app\not-found.tsx
[2025-11-08T05:09:35.908Z] [2025-11-08T05:09:35.909Z] [INDEXING-ORCHESTRATOR] [DEBUG] Average chunk size: 431 characters
[2025-11-08T05:09:35.915Z] [2025-11-08T05:09:35.916Z] [TREESITTER-CHUNKER] [INFO] Created 1 semantic chunks from C:\Projects\educatedplanet\admin\src\app\layout.tsx
[2025-11-08T05:09:35.922Z] [2025-11-08T05:09:35.923Z] [TREESITTER-FULL] [INFO] Extracted 2 symbols from C:\Projects\educatedplanet\admin\src\app\layout.tsx
[2025-11-08T05:09:35.922Z] [2025-11-08T05:09:35.923Z] [INDEXING-ORCHESTRATOR] [DEBUG] 🔍 Symbol extraction for C:\Projects\educatedplanet\admin\src\app\layout.tsx: 2 symbols, 11 imports
[2025-11-08T05:09:35.922Z] [2025-11-08T05:09:35.923Z] [INDEXING-ORCHESTRATOR] [DEBUG] 📍 Chunk 23-57: 1 candidate symbols
[2025-11-08T05:09:35.922Z] [2025-11-08T05:09:35.923Z] [INDEXING-ORCHESTRATOR] [DEBUG] ✅ Chunk symbols after filtering: 1 symbols - RootLayout
[2025-11-08T05:09:35.922Z] [2025-11-08T05:09:35.923Z] [INDEXING-ORCHESTRATOR] [DEBUG] Created 1 semantic chunks for C:\Projects\educatedplanet\admin\src\app\layout.tsx
[2025-11-08T05:09:35.922Z] [2025-11-08T05:09:35.923Z] [INDEXING-ORCHESTRATOR] [DEBUG] Average chunk size: 1185 characters
[2025-11-08T05:09:35.929Z] [2025-11-08T05:09:35.930Z] [TREESITTER-CHUNKER] [INFO] Created 2 semantic chunks from C:\Projects\educatedplanet\admin\src\app\page.tsx
[2025-11-08T05:09:35.943Z] [2025-11-08T05:09:35.944Z] [TREESITTER-FULL] [INFO] Extracted 1 symbols from C:\Projects\educatedplanet\admin\src\app\page.tsx
[2025-11-08T05:09:35.943Z] [2025-11-08T05:09:35.944Z] [INDEXING-ORCHESTRATOR] [DEBUG] 🔍 Symbol extraction for C:\Projects\educatedplanet\admin\src\app\page.tsx: 1 symbols, 16 imports
[2025-11-08T05:09:35.943Z] [2025-11-08T05:09:35.944Z] [INDEXING-ORCHESTRATOR] [DEBUG] 📍 Chunk 53-61: 0 candidate symbols
[2025-11-08T05:09:35.943Z] [2025-11-08T05:09:35.944Z] [INDEXING-ORCHESTRATOR] [DEBUG] ✅ Chunk symbols after filtering: 0 symbols - 
[2025-11-08T05:09:35.943Z] [2025-11-08T05:09:35.944Z] [INDEXING-ORCHESTRATOR] [DEBUG] 📍 Chunk 62-102: 0 candidate symbols
[2025-11-08T05:09:35.943Z] [2025-11-08T05:09:35.944Z] [INDEXING-ORCHESTRATOR] [DEBUG] ✅ Chunk symbols after filtering: 0 symbols - 
[2025-11-08T05:09:35.943Z] [2025-11-08T05:09:35.944Z] [INDEXING-ORCHESTRATOR] [DEBUG] Created 2 semantic chunks for C:\Projects\educatedplanet\admin\src\app\page.tsx
[2025-11-08T05:09:35.943Z] [2025-11-08T05:09:35.944Z] [INDEXING-ORCHESTRATOR] [DEBUG] Average chunk size: 1096 characters
[2025-11-08T05:09:35.949Z] [2025-11-08T05:09:35.950Z] [TREESITTER-CHUNKER] [INFO] Created 2 semantic chunks from C:\Projects\educatedplanet\admin\src\components\data-table\data-table-column-header.tsx
[2025-11-08T05:09:35.959Z] [2025-11-08T05:09:35.960Z] [TREESITTER-FULL] [INFO] Extracted 2 symbols from C:\Projects\educatedplanet\admin\src\components\data-table\data-table-column-header.tsx
[2025-11-08T05:09:35.959Z] [2025-11-08T05:09:35.960Z] [INDEXING-ORCHESTRATOR] [DEBUG] 🔍 Symbol extraction for C:\Projects\educatedplanet\admin\src\components\data-table\data-table-column-header.tsx: 2 symbols, 5 imports
[2025-11-08T05:09:35.959Z] [2025-11-08T05:09:35.960Z] [INDEXING-ORCHESTRATOR] [DEBUG] 📍 Chunk 14-28: 2 candidate symbols
[2025-11-08T05:09:35.959Z] [2025-11-08T05:09:35.960Z] [INDEXING-ORCHESTRATOR] [DEBUG] ✅ Chunk symbols after filtering: 2 symbols - DataTableColumnHeaderProps, getSortIcon
[2025-11-08T05:09:35.959Z] [2025-11-08T05:09:35.961Z] [INDEXING-ORCHESTRATOR] [DEBUG] 📍 Chunk 29-70: 0 candidate symbols
[2025-11-08T05:09:35.959Z] [2025-11-08T05:09:35.961Z] [INDEXING-ORCHESTRATOR] [DEBUG] ✅ Chunk symbols after filtering: 0 symbols - 
[2025-11-08T05:09:35.959Z] [2025-11-08T05:09:35.961Z] [INDEXING-ORCHESTRATOR] [DEBUG] Created 2 semantic chunks for C:\Projects\educatedplanet\admin\src\components\data-table\data-table-column-header.tsx
[2025-11-08T05:09:35.960Z] [2025-11-08T05:09:35.961Z] [INDEXING-ORCHESTRATOR] [DEBUG] Average chunk size: 934 characters
[2025-11-08T05:09:35.973Z] [2025-11-08T05:09:35.974Z] [TREESITTER-CHUNKER] [INFO] Created 2 semantic chunks from C:\Projects\educatedplanet\admin\src\components\data-table\data-table-pagination.tsx
[2025-11-08T05:09:35.995Z] [2025-11-08T05:09:35.996Z] [TREESITTER-FULL] [INFO] Extracted 1 symbols from C:\Projects\educatedplanet\admin\src\components\data-table\data-table-pagination.tsx
[2025-11-08T05:09:35.995Z] [2025-11-08T05:09:35.996Z] [INDEXING-ORCHESTRATOR] [DEBUG] 🔍 Symbol extraction for C:\Projects\educatedplanet\admin\src\components\data-table\data-table-pagination.tsx: 1 symbols, 5 imports
[2025-11-08T05:09:35.995Z] [2025-11-08T05:09:35.996Z] [INDEXING-ORCHESTRATOR] [DEBUG] 📍 Chunk 8-10: 1 candidate symbols
[2025-11-08T05:09:35.995Z] [2025-11-08T05:09:35.996Z] [INDEXING-ORCHESTRATOR] [DEBUG] ✅ Chunk symbols after filtering: 1 symbols - DataTablePaginationProps
[2025-11-08T05:09:35.995Z] [2025-11-08T05:09:35.996Z] [INDEXING-ORCHESTRATOR] [DEBUG] 📍 Chunk 11-89: 0 candidate symbols
[2025-11-08T05:09:35.995Z] [2025-11-08T05:09:35.996Z] [INDEXING-ORCHESTRATOR] [DEBUG] ✅ Chunk symbols after filtering: 0 symbols - 
[2025-11-08T05:09:35.995Z] [2025-11-08T05:09:35.996Z] [INDEXING-ORCHESTRATOR] [DEBUG] Created 2 semantic chunks for C:\Projects\educatedplanet\admin\src\components\data-table\data-table-pagination.tsx
[2025-11-08T05:09:35.995Z] [2025-11-08T05:09:35.996Z] [INDEXING-ORCHESTRATOR] [DEBUG] Average chunk size: 1533 characters
[2025-11-08T05:09:36.007Z] [2025-11-08T05:09:36.008Z] [TREESITTER-CHUNKER] [INFO] Created 3 semantic chunks from C:\Projects\educatedplanet\admin\src\components\data-table\data-table.tsx
[2025-11-08T05:09:36.029Z] [2025-11-08T05:09:36.030Z] [TREESITTER-FULL] [INFO] Extracted 5 symbols from C:\Projects\educatedplanet\admin\src\components\data-table\data-table.tsx
[2025-11-08T05:09:36.029Z] [2025-11-08T05:09:36.030Z] [INDEXING-ORCHESTRATOR] [DEBUG] 🔍 Symbol extraction for C:\Projects\educatedplanet\admin\src\components\data-table\data-table.tsx: 5 symbols, 7 imports
[2025-11-08T05:09:36.029Z] [2025-11-08T05:09:36.030Z] [INDEXING-ORCHESTRATOR] [DEBUG] 📍 Chunk 22-27: 1 candidate symbols
[2025-11-08T05:09:36.029Z] [2025-11-08T05:09:36.030Z] [INDEXING-ORCHESTRATOR] [DEBUG] ✅ Chunk symbols after filtering: 1 symbols - DataTableProps
[2025-11-08T05:09:36.029Z] [2025-11-08T05:09:36.030Z] [INDEXING-ORCHESTRATOR] [DEBUG] 📍 Chunk 77-87: 1 candidate symbols
[2025-11-08T05:09:36.029Z] [2025-11-08T05:09:36.030Z] [INDEXING-ORCHESTRATOR] [DEBUG] ✅ Chunk symbols after filtering: 1 symbols - handleDragEnd
[2025-11-08T05:09:36.029Z] [2025-11-08T05:09:36.030Z] [INDEXING-ORCHESTRATOR] [DEBUG] 📍 Chunk 88-126: 0 candidate symbols
[2025-11-08T05:09:36.029Z] [2025-11-08T05:09:36.030Z] [INDEXING-ORCHESTRATOR] [DEBUG] ✅ Chunk symbols after filtering: 0 symbols - 
[2025-11-08T05:09:36.029Z] [2025-11-08T05:09:36.030Z] [INDEXING-ORCHESTRATOR] [DEBUG] Created 3 semantic chunks for C:\Projects\educatedplanet\admin\src\components\data-table\data-table.tsx
[2025-11-08T05:09:36.029Z] [2025-11-08T05:09:36.030Z] [INDEXING-ORCHESTRATOR] [DEBUG] Average chunk size: 565 characters
[2025-11-08T05:09:36.033Z] [2025-11-08T05:09:36.034Z] [TREESITTER-CHUNKER] [INFO] Created 2 semantic chunks from C:\Projects\educatedplanet\admin\src\components\data-table\data-table-view-options.tsx
[2025-11-08T05:09:36.039Z] [2025-11-08T05:09:36.040Z] [TREESITTER-FULL] [INFO] Extracted 1 symbols from C:\Projects\educatedplanet\admin\src\components\data-table\data-table-view-options.tsx
[2025-11-08T05:09:36.039Z] [2025-11-08T05:09:36.040Z] [INDEXING-ORCHESTRATOR] [DEBUG] 🔍 Symbol extraction for C:\Projects\educatedplanet\admin\src\components\data-table\data-table-view-options.tsx: 1 symbols, 4 imports
[2025-11-08T05:09:36.039Z] [2025-11-08T05:09:36.040Z] [INDEXING-ORCHESTRATOR] [DEBUG] 📍 Chunk 16-18: 1 candidate symbols
[2025-11-08T05:09:36.039Z] [2025-11-08T05:09:36.040Z] [INDEXING-ORCHESTRATOR] [DEBUG] ✅ Chunk symbols after filtering: 1 symbols - DataTableViewOptionsProps
[2025-11-08T05:09:36.039Z] [2025-11-08T05:09:36.040Z] [INDEXING-ORCHESTRATOR] [DEBUG] 📍 Chunk 19-51: 0 candidate symbols
[2025-11-08T05:09:36.039Z] [2025-11-08T05:09:36.040Z] [INDEXING-ORCHESTRATOR] [DEBUG] ✅ Chunk symbols after filtering: 0 symbols - 
[2025-11-08T05:09:36.039Z] [2025-11-08T05:09:36.040Z] [INDEXING-ORCHESTRATOR] [DEBUG] Created 2 semantic chunks for C:\Projects\educatedplanet\admin\src\components\data-table\data-table-view-options.tsx
[2025-11-08T05:09:36.039Z] [2025-11-08T05:09:36.040Z] [INDEXING-ORCHESTRATOR] [DEBUG] Average chunk size: 590 characters
[2025-11-08T05:09:36.042Z] [2025-11-08T05:09:36.043Z] [TREESITTER-CHUNKER] [INFO] Created 2 semantic chunks from C:\Projects\educatedplanet\admin\src\components\data-table\drag-column.tsx
[2025-11-08T05:09:36.048Z] [2025-11-08T05:09:36.049Z] [TREESITTER-FULL] [INFO] Extracted 2 symbols from C:\Projects\educatedplanet\admin\src\components\data-table\drag-column.tsx
[2025-11-08T05:09:36.048Z] [2025-11-08T05:09:36.049Z] [INDEXING-ORCHESTRATOR] [DEBUG] 🔍 Symbol extraction for C:\Projects\educatedplanet\admin\src\components\data-table\drag-column.tsx: 2 symbols, 4 imports
[2025-11-08T05:09:36.048Z] [2025-11-08T05:09:36.049Z] [INDEXING-ORCHESTRATOR] [DEBUG] 📍 Chunk 7-24: 1 candidate symbols
[2025-11-08T05:09:36.048Z] [2025-11-08T05:09:36.049Z] [INDEXING-ORCHESTRATOR] [DEBUG] ✅ Chunk symbols after filtering: 1 symbols - DragHandle
[2025-11-08T05:09:36.048Z] [2025-11-08T05:09:36.049Z] [INDEXING-ORCHESTRATOR] [DEBUG] 📍 Chunk 25-33: 1 candidate symbols
[2025-11-08T05:09:36.048Z] [2025-11-08T05:09:36.049Z] [INDEXING-ORCHESTRATOR] [DEBUG] ✅ Chunk symbols after filtering: 1 symbols - dragColumn
[2025-11-08T05:09:36.048Z] [2025-11-08T05:09:36.049Z] [INDEXING-ORCHESTRATOR] [DEBUG] Created 2 semantic chunks for C:\Projects\educatedplanet\admin\src\components\data-table\drag-column.tsx
[2025-11-08T05:09:36.048Z] [2025-11-08T05:09:36.049Z] [INDEXING-ORCHESTRATOR] [DEBUG] Average chunk size: 320 characters
[2025-11-08T05:09:36.051Z] [2025-11-08T05:09:36.052Z] [TREESITTER-CHUNKER] [INFO] Created 1 semantic chunks from C:\Projects\educatedplanet\admin\src\components\data-table\draggable-row.tsx
[2025-11-08T05:09:36.057Z] [2025-11-08T05:09:36.058Z] [TREESITTER-FULL] [INFO] Extracted 0 symbols from C:\Projects\educatedplanet\admin\src\components\data-table\draggable-row.tsx
[2025-11-08T05:09:36.057Z] [2025-11-08T05:09:36.058Z] [INDEXING-ORCHESTRATOR] [DEBUG] 🔍 Symbol extraction for C:\Projects\educatedplanet\admin\src\components\data-table\draggable-row.tsx: 0 symbols, 4 imports
[2025-11-08T05:09:36.057Z] [2025-11-08T05:09:36.058Z] [INDEXING-ORCHESTRATOR] [DEBUG] 📍 Chunk 1-28: 0 candidate symbols
[2025-11-08T05:09:36.057Z] [2025-11-08T05:09:36.058Z] [INDEXING-ORCHESTRATOR] [DEBUG] ✅ Chunk symbols after filtering: 0 symbols - 
[2025-11-08T05:09:36.057Z] [2025-11-08T05:09:36.058Z] [INDEXING-ORCHESTRATOR] [DEBUG] Created 1 semantic chunks for C:\Projects\educatedplanet\admin\src\components\data-table\draggable-row.tsx
[2025-11-08T05:09:36.057Z] [2025-11-08T05:09:36.058Z] [INDEXING-ORCHESTRATOR] [DEBUG] Average chunk size: 951 characters
[2025-11-08T05:09:36.057Z] [2025-11-08T05:09:36.058Z] [INDEXING-ORCHESTRATOR] [DEBUG] 📊 Processed: 60/226 files
[2025-11-08T05:09:36.069Z] [2025-11-08T05:09:36.070Z] [TREESITTER-CHUNKER] [INFO] Created 2 semantic chunks from C:\Projects\educatedplanet\admin\src\components\providers\global-loading-provider.tsx
[2025-11-08T05:09:36.086Z] [2025-11-08T05:09:36.087Z] [TREESITTER-FULL] [INFO] Extracted 5 symbols from C:\Projects\educatedplanet\admin\src\components\providers\global-loading-provider.tsx
[2025-11-08T05:09:36.086Z] [2025-11-08T05:09:36.087Z] [INDEXING-ORCHESTRATOR] [DEBUG] 🔍 Symbol extraction for C:\Projects\educatedplanet\admin\src\components\providers\global-loading-provider.tsx: 5 symbols, 4 imports
[2025-11-08T05:09:36.086Z] [2025-11-08T05:09:36.087Z] [INDEXING-ORCHESTRATOR] [DEBUG] 📍 Chunk 8-26: 4 candidate symbols
[2025-11-08T05:09:36.086Z] [2025-11-08T05:09:36.087Z] [INDEXING-ORCHESTRATOR] [DEBUG] ✅ Chunk symbols after filtering: 4 symbols - LoadingContextType, LoadingContext, useLoading, LoadingProviderProps
[2025-11-08T05:09:36.086Z] [2025-11-08T05:09:36.087Z] [INDEXING-ORCHESTRATOR] [DEBUG] 📍 Chunk 28-151: 1 candidate symbols
[2025-11-08T05:09:36.086Z] [2025-11-08T05:09:36.087Z] [INDEXING-ORCHESTRATOR] [DEBUG] ✅ Chunk symbols after filtering: 1 symbols - LoadingProvider
[2025-11-08T05:09:36.086Z] [2025-11-08T05:09:36.087Z] [INDEXING-ORCHESTRATOR] [DEBUG] Created 2 semantic chunks for C:\Projects\educatedplanet\admin\src\components\providers\global-loading-provider.tsx
[2025-11-08T05:09:36.086Z] [2025-11-08T05:09:36.087Z] [INDEXING-ORCHESTRATOR] [DEBUG] Average chunk size: 1915 characters
[2025-11-08T05:09:36.087Z] [2025-11-08T05:09:36.088Z] [TREESITTER-CHUNKER] [INFO] Created 1 semantic chunks from C:\Projects\educatedplanet\admin\src\components\providers\query-client-provider.tsx
[2025-11-08T05:09:36.090Z] [2025-11-08T05:09:36.091Z] [TREESITTER-FULL] [INFO] Extracted 2 symbols from C:\Projects\educatedplanet\admin\src\components\providers\query-client-provider.tsx
[2025-11-08T05:09:36.090Z] [2025-11-08T05:09:36.091Z] [INDEXING-ORCHESTRATOR] [DEBUG] 🔍 Symbol extraction for C:\Projects\educatedplanet\admin\src\components\providers\query-client-provider.tsx: 2 symbols, 2 imports
[2025-11-08T05:09:36.090Z] [2025-11-08T05:09:36.091Z] [INDEXING-ORCHESTRATOR] [DEBUG] 📍 Chunk 6-28: 2 candidate symbols
[2025-11-08T05:09:36.090Z] [2025-11-08T05:09:36.091Z] [INDEXING-ORCHESTRATOR] [DEBUG] ✅ Chunk symbols after filtering: 2 symbols - QueryClientProviderProps, CustomQueryClientProvider
[2025-11-08T05:09:36.090Z] [2025-11-08T05:09:36.091Z] [INDEXING-ORCHESTRATOR] [DEBUG] Created 1 semantic chunks for C:\Projects\educatedplanet\admin\src\components\providers\query-client-provider.tsx
[2025-11-08T05:09:36.090Z] [2025-11-08T05:09:36.091Z] [INDEXING-ORCHESTRATOR] [DEBUG] Average chunk size: 482 characters
[2025-11-08T05:09:36.091Z] [2025-11-08T05:09:36.092Z] [TREESITTER-CHUNKER] [INFO] Created 1 semantic chunks from C:\Projects\educatedplanet\admin\src\components\data-table\table-utils.ts
[2025-11-08T05:09:36.092Z] [2025-11-08T05:09:36.093Z] [TREESITTER-FULL] [INFO] Extracted 1 symbols from C:\Projects\educatedplanet\admin\src\components\data-table\table-utils.ts
[2025-11-08T05:09:36.092Z] [2025-11-08T05:09:36.093Z] [INDEXING-ORCHESTRATOR] [DEBUG] 🔍 Symbol extraction for C:\Projects\educatedplanet\admin\src\components\data-table\table-utils.ts: 1 symbols, 2 imports
[2025-11-08T05:09:36.092Z] [2025-11-08T05:09:36.093Z] [INDEXING-ORCHESTRATOR] [DEBUG] 📍 Chunk 5-7: 1 candidate symbols
[2025-11-08T05:09:36.092Z] [2025-11-08T05:09:36.093Z] [INDEXING-ORCHESTRATOR] [DEBUG] ✅ Chunk symbols after filtering: 1 symbols - withDndColumn
[2025-11-08T05:09:36.092Z] [2025-11-08T05:09:36.093Z] [INDEXING-ORCHESTRATOR] [DEBUG] Created 1 semantic chunks for C:\Projects\educatedplanet\admin\src\components\data-table\table-utils.ts
[2025-11-08T05:09:36.092Z] [2025-11-08T05:09:36.093Z] [INDEXING-ORCHESTRATOR] [DEBUG] Average chunk size: 123 characters
[2025-11-08T05:09:36.093Z] [2025-11-08T05:09:36.094Z] [TREESITTER-CHUNKER] [INFO] Created 1 semantic chunks from C:\Projects\educatedplanet\admin\src\components\providers\providers-wrapper.tsx
[2025-11-08T05:09:36.097Z] [2025-11-08T05:09:36.098Z] [TREESITTER-FULL] [INFO] Extracted 2 symbols from C:\Projects\educatedplanet\admin\src\components\providers\providers-wrapper.tsx
[2025-11-08T05:09:36.097Z] [2025-11-08T05:09:36.098Z] [INDEXING-ORCHESTRATOR] [DEBUG] 🔍 Symbol extraction for C:\Projects\educatedplanet\admin\src\components\providers\providers-wrapper.tsx: 2 symbols, 2 imports
[2025-11-08T05:09:36.097Z] [2025-11-08T05:09:36.098Z] [INDEXING-ORCHESTRATOR] [DEBUG] 📍 Chunk 6-16: 2 candidate symbols
[2025-11-08T05:09:36.097Z] [2025-11-08T05:09:36.098Z] [INDEXING-ORCHESTRATOR] [DEBUG] ✅ Chunk symbols after filtering: 2 symbols - ProvidersWrapperProps, ProvidersWrapper
[2025-11-08T05:09:36.097Z] [2025-11-08T05:09:36.098Z] [INDEXING-ORCHESTRATOR] [DEBUG] Created 1 semantic chunks for C:\Projects\educatedplanet\admin\src\components\providers\providers-wrapper.tsx
[2025-11-08T05:09:36.097Z] [2025-11-08T05:09:36.098Z] [INDEXING-ORCHESTRATOR] [DEBUG] Average chunk size: 209 characters
[2025-11-08T05:09:36.100Z] [2025-11-08T05:09:36.101Z] [TREESITTER-CHUNKER] [INFO] Created 1 semantic chunks from C:\Projects\educatedplanet\admin\src\components\simple-icon.tsx
[2025-11-08T05:09:36.103Z] [2025-11-08T05:09:36.104Z] [TREESITTER-FULL] [INFO] Extracted 2 symbols from C:\Projects\educatedplanet\admin\src\components\simple-icon.tsx
[2025-11-08T05:09:36.103Z] [2025-11-08T05:09:36.105Z] [INDEXING-ORCHESTRATOR] [DEBUG] 🔍 Symbol extraction for C:\Projects\educatedplanet\admin\src\components\simple-icon.tsx: 2 symbols, 3 imports
[2025-11-08T05:09:36.103Z] [2025-11-08T05:09:36.105Z] [INDEXING-ORCHESTRATOR] [DEBUG] 📍 Chunk 9-30: 2 candidate symbols
[2025-11-08T05:09:36.103Z] [2025-11-08T05:09:36.105Z] [INDEXING-ORCHESTRATOR] [DEBUG] ✅ Chunk symbols after filtering: 2 symbols - SimpleIconProps, SimpleIcon
[2025-11-08T05:09:36.104Z] [2025-11-08T05:09:36.105Z] [INDEXING-ORCHESTRATOR] [DEBUG] Created 1 semantic chunks for C:\Projects\educatedplanet\admin\src\components\simple-icon.tsx
[2025-11-08T05:09:36.104Z] [2025-11-08T05:09:36.105Z] [INDEXING-ORCHESTRATOR] [DEBUG] Average chunk size: 506 characters
[2025-11-08T05:09:36.115Z] [2025-11-08T05:09:36.116Z] [TREESITTER-CHUNKER] [INFO] Created 4 semantic chunks from C:\Projects\educatedplanet\admin\src\components\ui\alert-dialog.tsx
[2025-11-08T05:09:36.132Z] [2025-11-08T05:09:36.133Z] [TREESITTER-FULL] [INFO] Extracted 2 symbols from C:\Projects\educatedplanet\admin\src\components\ui\alert-dialog.tsx
[2025-11-08T05:09:36.132Z] [2025-11-08T05:09:36.133Z] [INDEXING-ORCHESTRATOR] [DEBUG] 🔍 Symbol extraction for C:\Projects\educatedplanet\admin\src\components\ui\alert-dialog.tsx: 2 symbols, 4 imports
[2025-11-08T05:09:36.132Z] [2025-11-08T05:09:36.133Z] [INDEXING-ORCHESTRATOR] [DEBUG] 📍 Chunk 15-29: 2 candidate symbols
[2025-11-08T05:09:36.132Z] [2025-11-08T05:09:36.133Z] [INDEXING-ORCHESTRATOR] [DEBUG] ✅ Chunk symbols after filtering: 2 symbols - AlertDialogTrigger, AlertDialogPortal
[2025-11-08T05:09:36.132Z] [2025-11-08T05:09:36.133Z] [INDEXING-ORCHESTRATOR] [DEBUG] 📍 Chunk 73-74: 0 candidate symbols
[2025-11-08T05:09:36.132Z] [2025-11-08T05:09:36.133Z] [INDEXING-ORCHESTRATOR] [DEBUG] ✅ Chunk symbols after filtering: 0 symbols - 
[2025-11-08T05:09:36.132Z] [2025-11-08T05:09:36.133Z] [INDEXING-ORCHESTRATOR] [DEBUG] 📍 Chunk 86-90: 0 candidate symbols
[2025-11-08T05:09:36.132Z] [2025-11-08T05:09:36.133Z] [INDEXING-ORCHESTRATOR] [DEBUG] ✅ Chunk symbols after filtering: 0 symbols - 
[2025-11-08T05:09:36.132Z] [2025-11-08T05:09:36.133Z] [INDEXING-ORCHESTRATOR] [DEBUG] 📍 Chunk 91-158: 0 candidate symbols
[2025-11-08T05:09:36.132Z] [2025-11-08T05:09:36.133Z] [INDEXING-ORCHESTRATOR] [DEBUG] ✅ Chunk symbols after filtering: 0 symbols - 
[2025-11-08T05:09:36.132Z] [2025-11-08T05:09:36.133Z] [INDEXING-ORCHESTRATOR] [DEBUG] Created 4 semantic chunks for C:\Projects\educatedplanet\admin\src\components\ui\alert-dialog.tsx
[2025-11-08T05:09:36.132Z] [2025-11-08T05:09:36.133Z] [INDEXING-ORCHESTRATOR] [DEBUG] Average chunk size: 508 characters
[2025-11-08T05:09:36.136Z] [2025-11-08T05:09:36.137Z] [TREESITTER-CHUNKER] [INFO] Created 4 semantic chunks from C:\Projects\educatedplanet\admin\src\components\ui\alert.tsx
[2025-11-08T05:09:36.147Z] [2025-11-08T05:09:36.148Z] [TREESITTER-FULL] [INFO] Extracted 1 symbols from C:\Projects\educatedplanet\admin\src\components\ui\alert.tsx
[2025-11-08T05:09:36.147Z] [2025-11-08T05:09:36.148Z] [INDEXING-ORCHESTRATOR] [DEBUG] 🔍 Symbol extraction for C:\Projects\educatedplanet\admin\src\components\ui\alert.tsx: 1 symbols, 3 imports
[2025-11-08T05:09:36.147Z] [2025-11-08T05:09:36.148Z] [INDEXING-ORCHESTRATOR] [DEBUG] 📍 Chunk 31-32: 0 candidate symbols
[2025-11-08T05:09:36.147Z] [2025-11-08T05:09:36.148Z] [INDEXING-ORCHESTRATOR] [DEBUG] ✅ Chunk symbols after filtering: 0 symbols - 
[2025-11-08T05:09:36.147Z] [2025-11-08T05:09:36.148Z] [INDEXING-ORCHESTRATOR] [DEBUG] 📍 Chunk 41-45: 0 candidate symbols
[2025-11-08T05:09:36.148Z] [2025-11-08T05:09:36.148Z] [INDEXING-ORCHESTRATOR] [DEBUG] ✅ Chunk symbols after filtering: 0 symbols - 
[2025-11-08T05:09:36.148Z] [2025-11-08T05:09:36.148Z] [INDEXING-ORCHESTRATOR] [DEBUG] 📍 Chunk 57-61: 0 candidate symbols
[2025-11-08T05:09:36.148Z] [2025-11-08T05:09:36.149Z] [INDEXING-ORCHESTRATOR] [DEBUG] ✅ Chunk symbols after filtering: 0 symbols - 
[2025-11-08T05:09:36.148Z] [2025-11-08T05:09:36.149Z] [INDEXING-ORCHESTRATOR] [DEBUG] 📍 Chunk 62-67: 0 candidate symbols
[2025-11-08T05:09:36.148Z] [2025-11-08T05:09:36.149Z] [INDEXING-ORCHESTRATOR] [DEBUG] ✅ Chunk symbols after filtering: 0 symbols - 
[2025-11-08T05:09:36.148Z] [2025-11-08T05:09:36.149Z] [INDEXING-ORCHESTRATOR] [DEBUG] Created 4 semantic chunks for C:\Projects\educatedplanet\admin\src\components\ui\alert.tsx
[2025-11-08T05:09:36.148Z] [2025-11-08T05:09:36.149Z] [INDEXING-ORCHESTRATOR] [DEBUG] Average chunk size: 100 characters
[2025-11-08T05:09:36.152Z] [2025-11-08T05:09:36.153Z] [TREESITTER-CHUNKER] [INFO] Created 2 semantic chunks from C:\Projects\educatedplanet\admin\src\components\ui\accordion.tsx
[2025-11-08T05:09:36.161Z] [2025-11-08T05:09:36.162Z] [TREESITTER-FULL] [INFO] Extracted 2 symbols from C:\Projects\educatedplanet\admin\src\components\ui\accordion.tsx
[2025-11-08T05:09:36.161Z] [2025-11-08T05:09:36.162Z] [INDEXING-ORCHESTRATOR] [DEBUG] 🔍 Symbol extraction for C:\Projects\educatedplanet\admin\src\components\ui\accordion.tsx: 2 symbols, 4 imports
[2025-11-08T05:09:36.161Z] [2025-11-08T05:09:36.163Z] [INDEXING-ORCHESTRATOR] [DEBUG] 📍 Chunk 15-48: 2 candidate symbols
[2025-11-08T05:09:36.161Z] [2025-11-08T05:09:36.163Z] [INDEXING-ORCHESTRATOR] [DEBUG] ✅ Chunk symbols after filtering: 2 symbols - AccordionItem, AccordionTrigger
[2025-11-08T05:09:36.161Z] [2025-11-08T05:09:36.163Z] [INDEXING-ORCHESTRATOR] [DEBUG] 📍 Chunk 49-67: 0 candidate symbols
[2025-11-08T05:09:36.161Z] [2025-11-08T05:09:36.163Z] [INDEXING-ORCHESTRATOR] [DEBUG] ✅ Chunk symbols after filtering: 0 symbols - 
[2025-11-08T05:09:36.162Z] [2025-11-08T05:09:36.163Z] [INDEXING-ORCHESTRATOR] [DEBUG] Created 2 semantic chunks for C:\Projects\educatedplanet\admin\src\components\ui\accordion.tsx
[2025-11-08T05:09:36.162Z] [2025-11-08T05:09:36.163Z] [INDEXING-ORCHESTRATOR] [DEBUG] Average chunk size: 872 characters
[2025-11-08T05:09:36.164Z] [2025-11-08T05:09:36.165Z] [TREESITTER-CHUNKER] [INFO] Created 1 semantic chunks from C:\Projects\educatedplanet\admin\src\components\ui\avatar.tsx
[2025-11-08T05:09:36.169Z] [2025-11-08T05:09:36.170Z] [TREESITTER-FULL] [INFO] Extracted 0 symbols from C:\Projects\educatedplanet\admin\src\components\ui\avatar.tsx
[2025-11-08T05:09:36.169Z] [2025-11-08T05:09:36.170Z] [INDEXING-ORCHESTRATOR] [DEBUG] 🔍 Symbol extraction for C:\Projects\educatedplanet\admin\src\components\ui\avatar.tsx: 0 symbols, 3 imports
[2025-11-08T05:09:36.169Z] [2025-11-08T05:09:36.170Z] [INDEXING-ORCHESTRATOR] [DEBUG] 📍 Chunk 1-54: 0 candidate symbols
[2025-11-08T05:09:36.169Z] [2025-11-08T05:09:36.170Z] [INDEXING-ORCHESTRATOR] [DEBUG] ✅ Chunk symbols after filtering: 0 symbols - 
[2025-11-08T05:09:36.169Z] [2025-11-08T05:09:36.170Z] [INDEXING-ORCHESTRATOR] [DEBUG] Created 1 semantic chunks for C:\Projects\educatedplanet\admin\src\components\ui\avatar.tsx
[2025-11-08T05:09:36.169Z] [2025-11-08T05:09:36.170Z] [INDEXING-ORCHESTRATOR] [DEBUG] Average chunk size: 1143 characters
[2025-11-08T05:09:36.170Z] [2025-11-08T05:09:36.171Z] [TREESITTER-CHUNKER] [INFO] Created 1 semantic chunks from C:\Projects\educatedplanet\admin\src\components\ui\aspect-ratio.tsx
[2025-11-08T05:09:36.172Z] [2025-11-08T05:09:36.173Z] [TREESITTER-FULL] [INFO] Extracted 0 symbols from C:\Projects\educatedplanet\admin\src\components\ui\aspect-ratio.tsx
[2025-11-08T05:09:36.172Z] [2025-11-08T05:09:36.173Z] [INDEXING-ORCHESTRATOR] [DEBUG] 🔍 Symbol extraction for C:\Projects\educatedplanet\admin\src\components\ui\aspect-ratio.tsx: 0 symbols, 1 imports
[2025-11-08T05:09:36.172Z] [2025-11-08T05:09:36.173Z] [INDEXING-ORCHESTRATOR] [DEBUG] 📍 Chunk 1-12: 0 candidate symbols
[2025-11-08T05:09:36.172Z] [2025-11-08T05:09:36.173Z] [INDEXING-ORCHESTRATOR] [DEBUG] ✅ Chunk symbols after filtering: 0 symbols - 
[2025-11-08T05:09:36.172Z] [2025-11-08T05:09:36.173Z] [INDEXING-ORCHESTRATOR] [DEBUG] Created 1 semantic chunks for C:\Projects\educatedplanet\admin\src\components\ui\aspect-ratio.tsx
[2025-11-08T05:09:36.172Z] [2025-11-08T05:09:36.173Z] [INDEXING-ORCHESTRATOR] [DEBUG] Average chunk size: 283 characters
[2025-11-08T05:09:36.172Z] [2025-11-08T05:09:36.173Z] [INDEXING-ORCHESTRATOR] [DEBUG] 📊 Processed: 70/226 files
[2025-11-08T05:09:36.182Z] [2025-11-08T05:09:36.183Z] [TREESITTER-CHUNKER] [INFO] Created 7 semantic chunks from C:\Projects\educatedplanet\admin\src\components\ui\breadcrumb.tsx
[2025-11-08T05:09:36.205Z] [2025-11-08T05:09:36.206Z] [TREESITTER-FULL] [INFO] Extracted 1 symbols from C:\Projects\educatedplanet\admin\src\components\ui\breadcrumb.tsx
[2025-11-08T05:09:36.205Z] [2025-11-08T05:09:36.206Z] [INDEXING-ORCHESTRATOR] [DEBUG] 🔍 Symbol extraction for C:\Projects\educatedplanet\admin\src\components\ui\breadcrumb.tsx: 1 symbols, 4 imports
[2025-11-08T05:09:36.205Z] [2025-11-08T05:09:36.206Z] [INDEXING-ORCHESTRATOR] [DEBUG] 📍 Chunk 7-9: 1 candidate symbols
[2025-11-08T05:09:36.205Z] [2025-11-08T05:09:36.206Z] [INDEXING-ORCHESTRATOR] [DEBUG] ✅ Chunk symbols after filtering: 1 symbols - Breadcrumb
[2025-11-08T05:09:36.205Z] [2025-11-08T05:09:36.206Z] [INDEXING-ORCHESTRATOR] [DEBUG] 📍 Chunk 15-19: 0 candidate symbols
[2025-11-08T05:09:36.205Z] [2025-11-08T05:09:36.206Z] [INDEXING-ORCHESTRATOR] [DEBUG] ✅ Chunk symbols after filtering: 0 symbols - 
[2025-11-08T05:09:36.205Z] [2025-11-08T05:09:36.206Z] [INDEXING-ORCHESTRATOR] [DEBUG] 📍 Chunk 28-29: 0 candidate symbols
[2025-11-08T05:09:36.205Z] [2025-11-08T05:09:36.206Z] [INDEXING-ORCHESTRATOR] [DEBUG] ✅ Chunk symbols after filtering: 0 symbols - 
[2025-11-08T05:09:36.205Z] [2025-11-08T05:09:36.206Z] [INDEXING-ORCHESTRATOR] [DEBUG] 📍 Chunk 46-47: 0 candidate symbols
[2025-11-08T05:09:36.205Z] [2025-11-08T05:09:36.206Z] [INDEXING-ORCHESTRATOR] [DEBUG] ✅ Chunk symbols after filtering: 0 symbols - 
[2025-11-08T05:09:36.205Z] [2025-11-08T05:09:36.206Z] [INDEXING-ORCHESTRATOR] [DEBUG] 📍 Chunk 59-60: 0 candidate symbols
[2025-11-08T05:09:36.205Z] [2025-11-08T05:09:36.206Z] [INDEXING-ORCHESTRATOR] [DEBUG] ✅ Chunk symbols after filtering: 0 symbols - 
[2025-11-08T05:09:36.205Z] [2025-11-08T05:09:36.206Z] [INDEXING-ORCHESTRATOR] [DEBUG] 📍 Chunk 75-93: 0 candidate symbols
[2025-11-08T05:09:36.205Z] [2025-11-08T05:09:36.206Z] [INDEXING-ORCHESTRATOR] [DEBUG] ✅ Chunk symbols after filtering: 0 symbols - 
[2025-11-08T05:09:36.205Z] [2025-11-08T05:09:36.206Z] [INDEXING-ORCHESTRATOR] [DEBUG] 📍 Chunk 94-110: 0 candidate symbols
[2025-11-08T05:09:36.205Z] [2025-11-08T05:09:36.206Z] [INDEXING-ORCHESTRATOR] [DEBUG] ✅ Chunk symbols after filtering: 0 symbols - 
[2025-11-08T05:09:36.205Z] [2025-11-08T05:09:36.206Z] [INDEXING-ORCHESTRATOR] [DEBUG] Created 7 semantic chunks for C:\Projects\educatedplanet\admin\src\components\ui\breadcrumb.tsx
[2025-11-08T05:09:36.205Z] [2025-11-08T05:09:36.206Z] [INDEXING-ORCHESTRATOR] [DEBUG] Average chunk size: 169 characters
[2025-11-08T05:09:36.208Z] [2025-11-08T05:09:36.209Z] [TREESITTER-CHUNKER] [INFO] Created 2 semantic chunks from C:\Projects\educatedplanet\admin\src\components\ui\badge.tsx
[2025-11-08T05:09:36.213Z] [2025-11-08T05:09:36.215Z] [TREESITTER-FULL] [INFO] Extracted 2 symbols from C:\Projects\educatedplanet\admin\src\components\ui\badge.tsx
[2025-11-08T05:09:36.213Z] [2025-11-08T05:09:36.215Z] [INDEXING-ORCHESTRATOR] [DEBUG] 🔍 Symbol extraction for C:\Projects\educatedplanet\admin\src\components\ui\badge.tsx: 2 symbols, 4 imports
[2025-11-08T05:09:36.213Z] [2025-11-08T05:09:36.215Z] [INDEXING-ORCHESTRATOR] [DEBUG] 📍 Chunk 28-41: 0 candidate symbols
[2025-11-08T05:09:36.213Z] [2025-11-08T05:09:36.215Z] [INDEXING-ORCHESTRATOR] [DEBUG] ✅ Chunk symbols after filtering: 0 symbols - 
[2025-11-08T05:09:36.213Z] [2025-11-08T05:09:36.215Z] [INDEXING-ORCHESTRATOR] [DEBUG] 📍 Chunk 42-47: 0 candidate symbols
[2025-11-08T05:09:36.214Z] [2025-11-08T05:09:36.215Z] [INDEXING-ORCHESTRATOR] [DEBUG] ✅ Chunk symbols after filtering: 0 symbols - 
[2025-11-08T05:09:36.214Z] [2025-11-08T05:09:36.215Z] [INDEXING-ORCHESTRATOR] [DEBUG] Created 2 semantic chunks for C:\Projects\educatedplanet\admin\src\components\ui\badge.tsx
[2025-11-08T05:09:36.214Z] [2025-11-08T05:09:36.215Z] [INDEXING-ORCHESTRATOR] [DEBUG] Average chunk size: 201 characters
[2025-11-08T05:09:36.221Z] [2025-11-08T05:09:36.222Z] [TREESITTER-CHUNKER] [INFO] Created 8 semantic chunks from C:\Projects\educatedplanet\admin\src\components\ui\card.tsx
[2025-11-08T05:09:36.233Z] [2025-11-08T05:09:36.235Z] [TREESITTER-FULL] [INFO] Extracted 0 symbols from C:\Projects\educatedplanet\admin\src\components\ui\card.tsx
[2025-11-08T05:09:36.233Z] [2025-11-08T05:09:36.235Z] [INDEXING-ORCHESTRATOR] [DEBUG] 🔍 Symbol extraction for C:\Projects\educatedplanet\admin\src\components\ui\card.tsx: 0 symbols, 2 imports
[2025-11-08T05:09:36.233Z] [2025-11-08T05:09:36.235Z] [INDEXING-ORCHESTRATOR] [DEBUG] 📍 Chunk 9-13: 0 candidate symbols
[2025-11-08T05:09:36.234Z] [2025-11-08T05:09:36.235Z] [INDEXING-ORCHESTRATOR] [DEBUG] ✅ Chunk symbols after filtering: 0 symbols - 
[2025-11-08T05:09:36.234Z] [2025-11-08T05:09:36.235Z] [INDEXING-ORCHESTRATOR] [DEBUG] 📍 Chunk 22-26: 0 candidate symbols
[2025-11-08T05:09:36.234Z] [2025-11-08T05:09:36.235Z] [INDEXING-ORCHESTRATOR] [DEBUG] ✅ Chunk symbols after filtering: 0 symbols - 
[2025-11-08T05:09:36.234Z] [2025-11-08T05:09:36.235Z] [INDEXING-ORCHESTRATOR] [DEBUG] 📍 Chunk 35-36: 0 candidate symbols
[2025-11-08T05:09:36.234Z] [2025-11-08T05:09:36.235Z] [INDEXING-ORCHESTRATOR] [DEBUG] ✅ Chunk symbols after filtering: 0 symbols - 
[2025-11-08T05:09:36.234Z] [2025-11-08T05:09:36.235Z] [INDEXING-ORCHESTRATOR] [DEBUG] 📍 Chunk 45-46: 0 candidate symbols
[2025-11-08T05:09:36.234Z] [2025-11-08T05:09:36.235Z] [INDEXING-ORCHESTRATOR] [DEBUG] ✅ Chunk symbols after filtering: 0 symbols - 
[2025-11-08T05:09:36.234Z] [2025-11-08T05:09:36.235Z] [INDEXING-ORCHESTRATOR] [DEBUG] 📍 Chunk 55-59: 0 candidate symbols
[2025-11-08T05:09:36.234Z] [2025-11-08T05:09:36.235Z] [INDEXING-ORCHESTRATOR] [DEBUG] ✅ Chunk symbols after filtering: 0 symbols - 
[2025-11-08T05:09:36.234Z] [2025-11-08T05:09:36.235Z] [INDEXING-ORCHESTRATOR] [DEBUG] 📍 Chunk 68-69: 0 candidate symbols
[2025-11-08T05:09:36.234Z] [2025-11-08T05:09:36.235Z] [INDEXING-ORCHESTRATOR] [DEBUG] ✅ Chunk symbols after filtering: 0 symbols - 
[2025-11-08T05:09:36.234Z] [2025-11-08T05:09:36.235Z] [INDEXING-ORCHESTRATOR] [DEBUG] 📍 Chunk 78-79: 0 candidate symbols
[2025-11-08T05:09:36.234Z] [2025-11-08T05:09:36.235Z] [INDEXING-ORCHESTRATOR] [DEBUG] ✅ Chunk symbols after filtering: 0 symbols - 
[2025-11-08T05:09:36.234Z] [2025-11-08T05:09:36.235Z] [INDEXING-ORCHESTRATOR] [DEBUG] 📍 Chunk 80-93: 0 candidate symbols
[2025-11-08T05:09:36.234Z] [2025-11-08T05:09:36.235Z] [INDEXING-ORCHESTRATOR] [DEBUG] ✅ Chunk symbols after filtering: 0 symbols - 
[2025-11-08T05:09:36.234Z] [2025-11-08T05:09:36.235Z] [INDEXING-ORCHESTRATOR] [DEBUG] Created 8 semantic chunks for C:\Projects\educatedplanet\admin\src\components\ui\card.tsx
[2025-11-08T05:09:36.234Z] [2025-11-08T05:09:36.235Z] [INDEXING-ORCHESTRATOR] [DEBUG] Average chunk size: 107 characters
[2025-11-08T05:09:36.247Z] [2025-11-08T05:09:36.248Z] [TREESITTER-CHUNKER] [INFO] Created 6 semantic chunks from C:\Projects\educatedplanet\admin\src\components\ui\calendar.tsx
[2025-11-08T05:09:36.279Z] [2025-11-08T05:09:36.280Z] [TREESITTER-FULL] [INFO] Extracted 1 symbols from C:\Projects\educatedplanet\admin\src\components\ui\calendar.tsx
[2025-11-08T05:09:36.279Z] [2025-11-08T05:09:36.280Z] [INDEXING-ORCHESTRATOR] [DEBUG] 🔍 Symbol extraction for C:\Projects\educatedplanet\admin\src\components\ui\calendar.tsx: 1 symbols, 5 imports
[2025-11-08T05:09:36.279Z] [2025-11-08T05:09:36.280Z] [INDEXING-ORCHESTRATOR] [DEBUG] 📍 Chunk 31-37: 0 candidate symbols
[2025-11-08T05:09:36.279Z] [2025-11-08T05:09:36.280Z] [INDEXING-ORCHESTRATOR] [DEBUG] ✅ Chunk symbols after filtering: 0 symbols - 
[2025-11-08T05:09:36.279Z] [2025-11-08T05:09:36.280Z] [INDEXING-ORCHESTRATOR] [DEBUG] 📍 Chunk 136-137: 0 candidate symbols
[2025-11-08T05:09:36.279Z] [2025-11-08T05:09:36.280Z] [INDEXING-ORCHESTRATOR] [DEBUG] ✅ Chunk symbols after filtering: 0 symbols - 
[2025-11-08T05:09:36.279Z] [2025-11-08T05:09:36.280Z] [INDEXING-ORCHESTRATOR] [DEBUG] 📍 Chunk 142-146: 0 candidate symbols
[2025-11-08T05:09:36.279Z] [2025-11-08T05:09:36.281Z] [INDEXING-ORCHESTRATOR] [DEBUG] ✅ Chunk symbols after filtering: 0 symbols - 
[2025-11-08T05:09:36.279Z] [2025-11-08T05:09:36.281Z] [INDEXING-ORCHESTRATOR] [DEBUG] 📍 Chunk 151-152: 0 candidate symbols
[2025-11-08T05:09:36.279Z] [2025-11-08T05:09:36.281Z] [INDEXING-ORCHESTRATOR] [DEBUG] ✅ Chunk symbols after filtering: 0 symbols - 
[2025-11-08T05:09:36.279Z] [2025-11-08T05:09:36.281Z] [INDEXING-ORCHESTRATOR] [DEBUG] 📍 Chunk 206-211: 0 candidate symbols
[2025-11-08T05:09:36.279Z] [2025-11-08T05:09:36.281Z] [INDEXING-ORCHESTRATOR] [DEBUG] ✅ Chunk symbols after filtering: 0 symbols - 
[2025-11-08T05:09:36.279Z] [2025-11-08T05:09:36.281Z] [INDEXING-ORCHESTRATOR] [DEBUG] 📍 Chunk 212-217: 0 candidate symbols
[2025-11-08T05:09:36.279Z] [2025-11-08T05:09:36.281Z] [INDEXING-ORCHESTRATOR] [DEBUG] ✅ Chunk symbols after filtering: 0 symbols - 
[2025-11-08T05:09:36.279Z] [2025-11-08T05:09:36.281Z] [INDEXING-ORCHESTRATOR] [DEBUG] Created 6 semantic chunks for C:\Projects\educatedplanet\admin\src\components\ui\calendar.tsx
[2025-11-08T05:09:36.279Z] [2025-11-08T05:09:36.281Z] [INDEXING-ORCHESTRATOR] [DEBUG] Average chunk size: 274 characters
[2025-11-08T05:09:36.282Z] [2025-11-08T05:09:36.283Z] [TREESITTER-CHUNKER] [INFO] Created 1 semantic chunks from C:\Projects\educatedplanet\admin\src\components\ui\button.tsx
[2025-11-08T05:09:36.288Z] [2025-11-08T05:09:36.289Z] [TREESITTER-FULL] [INFO] Extracted 1 symbols from C:\Projects\educatedplanet\admin\src\components\ui\button.tsx
[2025-11-08T05:09:36.288Z] [2025-11-08T05:09:36.289Z] [INDEXING-ORCHESTRATOR] [DEBUG] 🔍 Symbol extraction for C:\Projects\educatedplanet\admin\src\components\ui\button.tsx: 1 symbols, 4 imports
[2025-11-08T05:09:36.288Z] [2025-11-08T05:09:36.289Z] [INDEXING-ORCHESTRATOR] [DEBUG] 📍 Chunk 54-60: 0 candidate symbols
[2025-11-08T05:09:36.288Z] [2025-11-08T05:09:36.289Z] [INDEXING-ORCHESTRATOR] [DEBUG] ✅ Chunk symbols after filtering: 0 symbols - 
[2025-11-08T05:09:36.288Z] [2025-11-08T05:09:36.289Z] [INDEXING-ORCHESTRATOR] [DEBUG] Created 1 semantic chunks for C:\Projects\educatedplanet\admin\src\components\ui\button.tsx
[2025-11-08T05:09:36.288Z] [2025-11-08T05:09:36.289Z] [INDEXING-ORCHESTRATOR] [DEBUG] Average chunk size: 120 characters
[2025-11-08T05:09:36.292Z] [2025-11-08T05:09:36.293Z] [TREESITTER-CHUNKER] [INFO] Created 2 semantic chunks from C:\Projects\educatedplanet\admin\src\components\ui\button-group.tsx
[2025-11-08T05:09:36.305Z] [2025-11-08T05:09:36.306Z] [TREESITTER-FULL] [INFO] Extracted 1 symbols from C:\Projects\educatedplanet\admin\src\components\ui\button-group.tsx
[2025-11-08T05:09:36.305Z] [2025-11-08T05:09:36.307Z] [INDEXING-ORCHESTRATOR] [DEBUG] 🔍 Symbol extraction for C:\Projects\educatedplanet\admin\src\components\ui\button-group.tsx: 1 symbols, 4 imports
[2025-11-08T05:09:36.305Z] [2025-11-08T05:09:36.307Z] [INDEXING-ORCHESTRATOR] [DEBUG] 📍 Chunk 69-73: 0 candidate symbols
[2025-11-08T05:09:36.305Z] [2025-11-08T05:09:36.307Z] [INDEXING-ORCHESTRATOR] [DEBUG] ✅ Chunk symbols after filtering: 0 symbols - 
[2025-11-08T05:09:36.305Z] [2025-11-08T05:09:36.307Z] [INDEXING-ORCHESTRATOR] [DEBUG] 📍 Chunk 74-84: 0 candidate symbols
[2025-11-08T05:09:36.305Z] [2025-11-08T05:09:36.307Z] [INDEXING-ORCHESTRATOR] [DEBUG] ✅ Chunk symbols after filtering: 0 symbols - 
[2025-11-08T05:09:36.305Z] [2025-11-08T05:09:36.307Z] [INDEXING-ORCHESTRATOR] [DEBUG] Created 2 semantic chunks for C:\Projects\educatedplanet\admin\src\components\ui\button-group.tsx
[2025-11-08T05:09:36.306Z] [2025-11-08T05:09:36.307Z] [INDEXING-ORCHESTRATOR] [DEBUG] Average chunk size: 122 characters
[2025-11-08T05:09:36.315Z] [2025-11-08T05:09:36.316Z] [TREESITTER-CHUNKER] [INFO] Created 1 semantic chunks from C:\Projects\educatedplanet\admin\src\components\ui\checkbox.tsx
[2025-11-08T05:09:36.319Z] [2025-11-08T05:09:36.320Z] [TREESITTER-FULL] [INFO] Extracted 1 symbols from C:\Projects\educatedplanet\admin\src\components\ui\checkbox.tsx
[2025-11-08T05:09:36.319Z] [2025-11-08T05:09:36.320Z] [INDEXING-ORCHESTRATOR] [DEBUG] 🔍 Symbol extraction for C:\Projects\educatedplanet\admin\src\components\ui\checkbox.tsx: 1 symbols, 4 imports
[2025-11-08T05:09:36.319Z] [2025-11-08T05:09:36.320Z] [INDEXING-ORCHESTRATOR] [DEBUG] 📍 Chunk 9-30: 1 candidate symbols
[2025-11-08T05:09:36.319Z] [2025-11-08T05:09:36.320Z] [INDEXING-ORCHESTRATOR] [DEBUG] ✅ Chunk symbols after filtering: 1 symbols - Checkbox
[2025-11-08T05:09:36.319Z] [2025-11-08T05:09:36.320Z] [INDEXING-ORCHESTRATOR] [DEBUG] Created 1 semantic chunks for C:\Projects\educatedplanet\admin\src\components\ui\checkbox.tsx
[2025-11-08T05:09:36.319Z] [2025-11-08T05:09:36.320Z] [INDEXING-ORCHESTRATOR] [DEBUG] Average chunk size: 1035 characters
[2025-11-08T05:09:36.342Z] [2025-11-08T05:09:36.343Z] [TREESITTER-CHUNKER] [INFO] Created 3 semantic chunks from C:\Projects\educatedplanet\admin\src\components\ui\chart.tsx
[2025-11-08T05:09:36.394Z] [2025-11-08T05:09:36.395Z] [TREESITTER-FULL] [INFO] Extracted 9 symbols from C:\Projects\educatedplanet\admin\src\components\ui\chart.tsx
[2025-11-08T05:09:36.394Z] [2025-11-08T05:09:36.395Z] [INDEXING-ORCHESTRATOR] [DEBUG] 🔍 Symbol extraction for C:\Projects\educatedplanet\admin\src\components\ui\chart.tsx: 9 symbols, 3 imports
[2025-11-08T05:09:36.394Z] [2025-11-08T05:09:36.395Z] [INDEXING-ORCHESTRATOR] [DEBUG] 📍 Chunk 11-35: 4 candidate symbols
[2025-11-08T05:09:36.394Z] [2025-11-08T05:09:36.395Z] [INDEXING-ORCHESTRATOR] [DEBUG] ✅ Chunk symbols after filtering: 4 symbols - ChartConfig, ChartContextProps, ChartContext, useChart
[2025-11-08T05:09:36.394Z] [2025-11-08T05:09:36.395Z] [INDEXING-ORCHESTRATOR] [DEBUG] 📍 Chunk 37-61: 0 candidate symbols
[2025-11-08T05:09:36.394Z] [2025-11-08T05:09:36.395Z] [INDEXING-ORCHESTRATOR] [DEBUG] ✅ Chunk symbols after filtering: 0 symbols - 
[2025-11-08T05:09:36.394Z] [2025-11-08T05:09:36.395Z] [INDEXING-ORCHESTRATOR] [DEBUG] 📍 Chunk 62-358: 4 candidate symbols
[2025-11-08T05:09:36.394Z] [2025-11-08T05:09:36.395Z] [INDEXING-ORCHESTRATOR] [DEBUG] ✅ Chunk symbols after filtering: 4 symbols - colorConfig, itemConfig, itemConfig, itemConfig
[2025-11-08T05:09:36.394Z] [2025-11-08T05:09:36.395Z] [INDEXING-ORCHESTRATOR] [DEBUG] Created 3 semantic chunks for C:\Projects\educatedplanet\admin\src\components\ui\chart.tsx
[2025-11-08T05:09:36.394Z] [2025-11-08T05:09:36.395Z] [INDEXING-ORCHESTRATOR] [DEBUG] Average chunk size: 3392 characters
[2025-11-08T05:09:36.396Z] [2025-11-08T05:09:36.397Z] [TREESITTER-CHUNKER] [INFO] Created 2 semantic chunks from C:\Projects\educatedplanet\admin\src\components\ui\collapsible.tsx
[2025-11-08T05:09:36.399Z] [2025-11-08T05:09:36.401Z] [TREESITTER-FULL] [INFO] Extracted 0 symbols from C:\Projects\educatedplanet\admin\src\components\ui\collapsible.tsx
[2025-11-08T05:09:36.399Z] [2025-11-08T05:09:36.401Z] [INDEXING-ORCHESTRATOR] [DEBUG] 🔍 Symbol extraction for C:\Projects\educatedplanet\admin\src\components\ui\collapsible.tsx: 0 symbols, 1 imports
[2025-11-08T05:09:36.399Z] [2025-11-08T05:09:36.401Z] [INDEXING-ORCHESTRATOR] [DEBUG] 📍 Chunk 11-31: 0 candidate symbols
[2025-11-08T05:09:36.399Z] [2025-11-08T05:09:36.401Z] [INDEXING-ORCHESTRATOR] [DEBUG] ✅ Chunk symbols after filtering: 0 symbols - 
[2025-11-08T05:09:36.399Z] [2025-11-08T05:09:36.401Z] [INDEXING-ORCHESTRATOR] [DEBUG] 📍 Chunk 32-34: 0 candidate symbols
[2025-11-08T05:09:36.399Z] [2025-11-08T05:09:36.401Z] [INDEXING-ORCHESTRATOR] [DEBUG] ✅ Chunk symbols after filtering: 0 symbols - 
[2025-11-08T05:09:36.399Z] [2025-11-08T05:09:36.401Z] [INDEXING-ORCHESTRATOR] [DEBUG] Created 2 semantic chunks for C:\Projects\educatedplanet\admin\src\components\ui\collapsible.tsx
[2025-11-08T05:09:36.400Z] [2025-11-08T05:09:36.401Z] [INDEXING-ORCHESTRATOR] [DEBUG] Average chunk size: 281 characters
[2025-11-08T05:09:36.415Z] [2025-11-08T05:09:36.416Z] [TREESITTER-CHUNKER] [INFO] Created 6 semantic chunks from C:\Projects\educatedplanet\admin\src\components\ui\carousel.tsx
[2025-11-08T05:09:36.447Z] [2025-11-08T05:09:36.448Z] [TREESITTER-FULL] [INFO] Extracted 9 symbols from C:\Projects\educatedplanet\admin\src\components\ui\carousel.tsx
[2025-11-08T05:09:36.447Z] [2025-11-08T05:09:36.448Z] [INDEXING-ORCHESTRATOR] [DEBUG] 🔍 Symbol extraction for C:\Projects\educatedplanet\admin\src\components\ui\carousel.tsx: 9 symbols, 5 imports
[2025-11-08T05:09:36.447Z] [2025-11-08T05:09:36.448Z] [INDEXING-ORCHESTRATOR] [DEBUG] 📍 Chunk 12-43: 8 candidate symbols
[2025-11-08T05:09:36.447Z] [2025-11-08T05:09:36.448Z] [INDEXING-ORCHESTRATOR] [DEBUG] ✅ Chunk symbols after filtering: 8 symbols - CarouselApi, UseCarouselParameters, CarouselOptions, CarouselPlugin, CarouselProps, CarouselContextProps, CarouselContext, useCarousel
[2025-11-08T05:09:36.447Z] [2025-11-08T05:09:36.448Z] [INDEXING-ORCHESTRATOR] [DEBUG] 📍 Chunk 45-123: 1 candidate symbols
[2025-11-08T05:09:36.447Z] [2025-11-08T05:09:36.448Z] [INDEXING-ORCHESTRATOR] [DEBUG] ✅ Chunk symbols after filtering: 1 symbols - Carousel
[2025-11-08T05:09:36.447Z] [2025-11-08T05:09:36.448Z] [INDEXING-ORCHESTRATOR] [DEBUG] 📍 Chunk 145-150: 0 candidate symbols
[2025-11-08T05:09:36.447Z] [2025-11-08T05:09:36.448Z] [INDEXING-ORCHESTRATOR] [DEBUG] ✅ Chunk symbols after filtering: 0 symbols - 
[2025-11-08T05:09:36.447Z] [2025-11-08T05:09:36.448Z] [INDEXING-ORCHESTRATOR] [DEBUG] 📍 Chunk 187-194: 0 candidate symbols
[2025-11-08T05:09:36.447Z] [2025-11-08T05:09:36.448Z] [INDEXING-ORCHESTRATOR] [DEBUG] ✅ Chunk symbols after filtering: 0 symbols - 
[2025-11-08T05:09:36.447Z] [2025-11-08T05:09:36.448Z] [INDEXING-ORCHESTRATOR] [DEBUG] 📍 Chunk 217-224: 0 candidate symbols
[2025-11-08T05:09:36.447Z] [2025-11-08T05:09:36.448Z] [INDEXING-ORCHESTRATOR] [DEBUG] ✅ Chunk symbols after filtering: 0 symbols - 
[2025-11-08T05:09:36.447Z] [2025-11-08T05:09:36.448Z] [INDEXING-ORCHESTRATOR] [DEBUG] 📍 Chunk 225-242: 0 candidate symbols
[2025-11-08T05:09:36.447Z] [2025-11-08T05:09:36.448Z] [INDEXING-ORCHESTRATOR] [DEBUG] ✅ Chunk symbols after filtering: 0 symbols - 
[2025-11-08T05:09:36.447Z] [2025-11-08T05:09:36.448Z] [INDEXING-ORCHESTRATOR] [DEBUG] Created 6 semantic chunks for C:\Projects\educatedplanet\admin\src\components\ui\carousel.tsx
[2025-11-08T05:09:36.447Z] [2025-11-08T05:09:36.448Z] [INDEXING-ORCHESTRATOR] [DEBUG] Average chunk size: 623 characters
[2025-11-08T05:09:36.447Z] [2025-11-08T05:09:36.448Z] [INDEXING-ORCHESTRATOR] [DEBUG] 📊 Processed: 80/226 files
[2025-11-08T05:09:36.459Z] [2025-11-08T05:09:36.460Z] [TREESITTER-CHUNKER] [INFO] Created 4 semantic chunks from C:\Projects\educatedplanet\admin\src\components\ui\command.tsx
[2025-11-08T05:09:36.479Z] [2025-11-08T05:09:36.481Z] [TREESITTER-FULL] [INFO] Extracted 0 symbols from C:\Projects\educatedplanet\admin\src\components\ui\command.tsx
[2025-11-08T05:09:36.479Z] [2025-11-08T05:09:36.481Z] [INDEXING-ORCHESTRATOR] [DEBUG] 🔍 Symbol extraction for C:\Projects\educatedplanet\admin\src\components\ui\command.tsx: 0 symbols, 5 imports
[2025-11-08T05:09:36.479Z] [2025-11-08T05:09:36.481Z] [INDEXING-ORCHESTRATOR] [DEBUG] 📍 Chunk 23-27: 0 candidate symbols
[2025-11-08T05:09:36.479Z] [2025-11-08T05:09:36.481Z] [INDEXING-ORCHESTRATOR] [DEBUG] ✅ Chunk symbols after filtering: 0 symbols - 
[2025-11-08T05:09:36.479Z] [2025-11-08T05:09:36.481Z] [INDEXING-ORCHESTRATOR] [DEBUG] 📍 Chunk 92-96: 0 candidate symbols
[2025-11-08T05:09:36.479Z] [2025-11-08T05:09:36.481Z] [INDEXING-ORCHESTRATOR] [DEBUG] ✅ Chunk symbols after filtering: 0 symbols - 
[2025-11-08T05:09:36.480Z] [2025-11-08T05:09:36.481Z] [INDEXING-ORCHESTRATOR] [DEBUG] 📍 Chunk 165-169: 0 candidate symbols
[2025-11-08T05:09:36.480Z] [2025-11-08T05:09:36.481Z] [INDEXING-ORCHESTRATOR] [DEBUG] ✅ Chunk symbols after filtering: 0 symbols - 
[2025-11-08T05:09:36.480Z] [2025-11-08T05:09:36.481Z] [INDEXING-ORCHESTRATOR] [DEBUG] 📍 Chunk 170-185: 0 candidate symbols
[2025-11-08T05:09:36.480Z] [2025-11-08T05:09:36.481Z] [INDEXING-ORCHESTRATOR] [DEBUG] ✅ Chunk symbols after filtering: 0 symbols - 
[2025-11-08T05:09:36.480Z] [2025-11-08T05:09:36.481Z] [INDEXING-ORCHESTRATOR] [DEBUG] Created 4 semantic chunks for C:\Projects\educatedplanet\admin\src\components\ui\command.tsx
[2025-11-08T05:09:36.480Z] [2025-11-08T05:09:36.481Z] [INDEXING-ORCHESTRATOR] [DEBUG] Average chunk size: 142 characters
[2025-11-08T05:09:36.495Z] [2025-11-08T05:09:36.496Z] [TREESITTER-CHUNKER] [INFO] Created 7 semantic chunks from C:\Projects\educatedplanet\admin\src\components\ui\context-menu.tsx
[2025-11-08T05:09:36.523Z] [2025-11-08T05:09:36.525Z] [TREESITTER-FULL] [INFO] Extracted 5 symbols from C:\Projects\educatedplanet\admin\src\components\ui\context-menu.tsx
[2025-11-08T05:09:36.523Z] [2025-11-08T05:09:36.525Z] [INDEXING-ORCHESTRATOR] [DEBUG] 🔍 Symbol extraction for C:\Projects\educatedplanet\admin\src\components\ui\context-menu.tsx: 5 symbols, 4 imports
[2025-11-08T05:09:36.523Z] [2025-11-08T05:09:36.525Z] [INDEXING-ORCHESTRATOR] [DEBUG] 📍 Chunk 15-37: 3 candidate symbols
[2025-11-08T05:09:36.523Z] [2025-11-08T05:09:36.525Z] [INDEXING-ORCHESTRATOR] [DEBUG] ✅ Chunk symbols after filtering: 3 symbols - ContextMenuTrigger, ContextMenuGroup, ContextMenuPortal
[2025-11-08T05:09:36.523Z] [2025-11-08T05:09:36.525Z] [INDEXING-ORCHESTRATOR] [DEBUG] 📍 Chunk 45-54: 1 candidate symbols
[2025-11-08T05:09:36.524Z] [2025-11-08T05:09:36.525Z] [INDEXING-ORCHESTRATOR] [DEBUG] ✅ Chunk symbols after filtering: 1 symbols - ContextMenuRadioGroup
[2025-11-08T05:09:36.524Z] [2025-11-08T05:09:36.525Z] [INDEXING-ORCHESTRATOR] [DEBUG] 📍 Chunk 87-91: 0 candidate symbols
[2025-11-08T05:09:36.524Z] [2025-11-08T05:09:36.525Z] [INDEXING-ORCHESTRATOR] [DEBUG] ✅ Chunk symbols after filtering: 0 symbols - 
[2025-11-08T05:09:36.524Z] [2025-11-08T05:09:36.525Z] [INDEXING-ORCHESTRATOR] [DEBUG] 📍 Chunk 128-132: 0 candidate symbols
[2025-11-08T05:09:36.524Z] [2025-11-08T05:09:36.525Z] [INDEXING-ORCHESTRATOR] [DEBUG] ✅ Chunk symbols after filtering: 0 symbols - 
[2025-11-08T05:09:36.524Z] [2025-11-08T05:09:36.525Z] [INDEXING-ORCHESTRATOR] [DEBUG] 📍 Chunk 163-185: 1 candidate symbols
[2025-11-08T05:09:36.524Z] [2025-11-08T05:09:36.525Z] [INDEXING-ORCHESTRATOR] [DEBUG] ✅ Chunk symbols after filtering: 1 symbols - ContextMenuRadioItem
[2025-11-08T05:09:36.524Z] [2025-11-08T05:09:36.525Z] [INDEXING-ORCHESTRATOR] [DEBUG] 📍 Chunk 227-231: 0 candidate symbols
[2025-11-08T05:09:36.524Z] [2025-11-08T05:09:36.525Z] [INDEXING-ORCHESTRATOR] [DEBUG] ✅ Chunk symbols after filtering: 0 symbols - 
[2025-11-08T05:09:36.524Z] [2025-11-08T05:09:36.525Z] [INDEXING-ORCHESTRATOR] [DEBUG] 📍 Chunk 232-253: 0 candidate symbols
[2025-11-08T05:09:36.524Z] [2025-11-08T05:09:36.525Z] [INDEXING-ORCHESTRATOR] [DEBUG] ✅ Chunk symbols after filtering: 0 symbols - 
[2025-11-08T05:09:36.524Z] [2025-11-08T05:09:36.525Z] [INDEXING-ORCHESTRATOR] [DEBUG] Created 7 semantic chunks for C:\Projects\educatedplanet\admin\src\components\ui\context-menu.tsx
[2025-11-08T05:09:36.524Z] [2025-11-08T05:09:36.525Z] [INDEXING-ORCHESTRATOR] [DEBUG] Average chunk size: 505 characters
[2025-11-08T05:09:36.537Z] [2025-11-08T05:09:36.539Z] [TREESITTER-CHUNKER] [INFO] Created 4 semantic chunks from C:\Projects\educatedplanet\admin\src\components\ui\dropdown-menu.tsx
[2025-11-08T05:09:36.564Z] [2025-11-08T05:09:36.565Z] [TREESITTER-FULL] [INFO] Extracted 2 symbols from C:\Projects\educatedplanet\admin\src\components\ui\dropdown-menu.tsx
[2025-11-08T05:09:36.564Z] [2025-11-08T05:09:36.565Z] [INDEXING-ORCHESTRATOR] [DEBUG] 🔍 Symbol extraction for C:\Projects\educatedplanet\admin\src\components\ui\dropdown-menu.tsx: 2 symbols, 4 imports
[2025-11-08T05:09:36.564Z] [2025-11-08T05:09:36.565Z] [INDEXING-ORCHESTRATOR] [DEBUG] 📍 Chunk 15-32: 2 candidate symbols
[2025-11-08T05:09:36.564Z] [2025-11-08T05:09:36.565Z] [INDEXING-ORCHESTRATOR] [DEBUG] ✅ Chunk symbols after filtering: 2 symbols - DropdownMenuPortal, DropdownMenuTrigger
[2025-11-08T05:09:36.564Z] [2025-11-08T05:09:36.565Z] [INDEXING-ORCHESTRATOR] [DEBUG] 📍 Chunk 186-190: 0 candidate symbols
[2025-11-08T05:09:36.564Z] [2025-11-08T05:09:36.565Z] [INDEXING-ORCHESTRATOR] [DEBUG] ✅ Chunk symbols after filtering: 0 symbols - 
[2025-11-08T05:09:36.564Z] [2025-11-08T05:09:36.565Z] [INDEXING-ORCHESTRATOR] [DEBUG] 📍 Chunk 232-236: 0 candidate symbols
[2025-11-08T05:09:36.564Z] [2025-11-08T05:09:36.566Z] [INDEXING-ORCHESTRATOR] [DEBUG] ✅ Chunk symbols after filtering: 0 symbols - 
[2025-11-08T05:09:36.564Z] [2025-11-08T05:09:36.566Z] [INDEXING-ORCHESTRATOR] [DEBUG] 📍 Chunk 237-258: 0 candidate symbols
[2025-11-08T05:09:36.564Z] [2025-11-08T05:09:36.566Z] [INDEXING-ORCHESTRATOR] [DEBUG] ✅ Chunk symbols after filtering: 0 symbols - 
[2025-11-08T05:09:36.564Z] [2025-11-08T05:09:36.566Z] [INDEXING-ORCHESTRATOR] [DEBUG] Created 4 semantic chunks for C:\Projects\educatedplanet\admin\src\components\ui\dropdown-menu.tsx
[2025-11-08T05:09:36.564Z] [2025-11-08T05:09:36.566Z] [INDEXING-ORCHESTRATOR] [DEBUG] Average chunk size: 375 characters
[2025-11-08T05:09:36.572Z] [2025-11-08T05:09:36.573Z] [TREESITTER-CHUNKER] [INFO] Created 4 semantic chunks from C:\Projects\educatedplanet\admin\src\components\ui\dialog.tsx
[2025-11-08T05:09:36.596Z] [2025-11-08T05:09:36.597Z] [TREESITTER-FULL] [INFO] Extracted 1 symbols from C:\Projects\educatedplanet\admin\src\components\ui\dialog.tsx
[2025-11-08T05:09:36.596Z] [2025-11-08T05:09:36.597Z] [INDEXING-ORCHESTRATOR] [DEBUG] 🔍 Symbol extraction for C:\Projects\educatedplanet\admin\src\components\ui\dialog.tsx: 1 symbols, 4 imports
[2025-11-08T05:09:36.596Z] [2025-11-08T05:09:36.597Z] [INDEXING-ORCHESTRATOR] [DEBUG] 📍 Chunk 87-88: 0 candidate symbols
[2025-11-08T05:09:36.596Z] [2025-11-08T05:09:36.597Z] [INDEXING-ORCHESTRATOR] [DEBUG] ✅ Chunk symbols after filtering: 0 symbols - 
[2025-11-08T05:09:36.596Z] [2025-11-08T05:09:36.597Z] [INDEXING-ORCHESTRATOR] [DEBUG] 📍 Chunk 97-101: 0 candidate symbols
[2025-11-08T05:09:36.596Z] [2025-11-08T05:09:36.597Z] [INDEXING-ORCHESTRATOR] [DEBUG] ✅ Chunk symbols after filtering: 0 symbols - 
[2025-11-08T05:09:36.596Z] [2025-11-08T05:09:36.597Z] [INDEXING-ORCHESTRATOR] [DEBUG] 📍 Chunk 119-130: 1 candidate symbols
[2025-11-08T05:09:36.596Z] [2025-11-08T05:09:36.597Z] [INDEXING-ORCHESTRATOR] [DEBUG] ✅ Chunk symbols after filtering: 1 symbols - DialogDescription
[2025-11-08T05:09:36.596Z] [2025-11-08T05:09:36.597Z] [INDEXING-ORCHESTRATOR] [DEBUG] 📍 Chunk 131-144: 0 candidate symbols
[2025-11-08T05:09:36.596Z] [2025-11-08T05:09:36.597Z] [INDEXING-ORCHESTRATOR] [DEBUG] ✅ Chunk symbols after filtering: 0 symbols - 
[2025-11-08T05:09:36.596Z] [2025-11-08T05:09:36.597Z] [INDEXING-ORCHESTRATOR] [DEBUG] Created 4 semantic chunks for C:\Projects\educatedplanet\admin\src\components\ui\dialog.tsx
[2025-11-08T05:09:36.596Z] [2025-11-08T05:09:36.597Z] [INDEXING-ORCHESTRATOR] [DEBUG] Average chunk size: 170 characters
[2025-11-08T05:09:36.603Z] [2025-11-08T05:09:36.604Z] [TREESITTER-CHUNKER] [INFO] Created 6 semantic chunks from C:\Projects\educatedplanet\admin\src\components\ui\empty.tsx
[2025-11-08T05:09:36.616Z] [2025-11-08T05:09:36.617Z] [TREESITTER-FULL] [INFO] Extracted 0 symbols from C:\Projects\educatedplanet\admin\src\components\ui\empty.tsx
[2025-11-08T05:09:36.616Z] [2025-11-08T05:09:36.617Z] [INDEXING-ORCHESTRATOR] [DEBUG] 🔍 Symbol extraction for C:\Projects\educatedplanet\admin\src\components\ui\empty.tsx: 0 symbols, 2 imports
[2025-11-08T05:09:36.616Z] [2025-11-08T05:09:36.617Z] [INDEXING-ORCHESTRATOR] [DEBUG] 📍 Chunk 9-13: 0 candidate symbols
[2025-11-08T05:09:36.616Z] [2025-11-08T05:09:36.617Z] [INDEXING-ORCHESTRATOR] [DEBUG] ✅ Chunk symbols after filtering: 0 symbols - 
[2025-11-08T05:09:36.616Z] [2025-11-08T05:09:36.617Z] [INDEXING-ORCHESTRATOR] [DEBUG] 📍 Chunk 22-26: 0 candidate symbols
[2025-11-08T05:09:36.616Z] [2025-11-08T05:09:36.617Z] [INDEXING-ORCHESTRATOR] [DEBUG] ✅ Chunk symbols after filtering: 0 symbols - 
[2025-11-08T05:09:36.616Z] [2025-11-08T05:09:36.617Z] [INDEXING-ORCHESTRATOR] [DEBUG] 📍 Chunk 65-66: 0 candidate symbols
[2025-11-08T05:09:36.616Z] [2025-11-08T05:09:36.617Z] [INDEXING-ORCHESTRATOR] [DEBUG] ✅ Chunk symbols after filtering: 0 symbols - 
[2025-11-08T05:09:36.616Z] [2025-11-08T05:09:36.617Z] [INDEXING-ORCHESTRATOR] [DEBUG] 📍 Chunk 75-79: 0 candidate symbols
[2025-11-08T05:09:36.616Z] [2025-11-08T05:09:36.617Z] [INDEXING-ORCHESTRATOR] [DEBUG] ✅ Chunk symbols after filtering: 0 symbols - 
[2025-11-08T05:09:36.616Z] [2025-11-08T05:09:36.617Z] [INDEXING-ORCHESTRATOR] [DEBUG] 📍 Chunk 88-92: 0 candidate symbols
[2025-11-08T05:09:36.616Z] [2025-11-08T05:09:36.617Z] [INDEXING-ORCHESTRATOR] [DEBUG] ✅ Chunk symbols after filtering: 0 symbols - 
[2025-11-08T05:09:36.616Z] [2025-11-08T05:09:36.617Z] [INDEXING-ORCHESTRATOR] [DEBUG] 📍 Chunk 93-105: 0 candidate symbols
[2025-11-08T05:09:36.616Z] [2025-11-08T05:09:36.617Z] [INDEXING-ORCHESTRATOR] [DEBUG] ✅ Chunk symbols after filtering: 0 symbols - 
[2025-11-08T05:09:36.616Z] [2025-11-08T05:09:36.617Z] [INDEXING-ORCHESTRATOR] [DEBUG] Created 6 semantic chunks for C:\Projects\educatedplanet\admin\src\components\ui\empty.tsx
[2025-11-08T05:09:36.616Z] [2025-11-08T05:09:36.617Z] [INDEXING-ORCHESTRATOR] [DEBUG] Average chunk size: 133 characters
[2025-11-08T05:09:36.624Z] [2025-11-08T05:09:36.625Z] [TREESITTER-CHUNKER] [INFO] Created 4 semantic chunks from C:\Projects\educatedplanet\admin\src\components\ui\drawer.tsx
[2025-11-08T05:09:36.641Z] [2025-11-08T05:09:36.642Z] [TREESITTER-FULL] [INFO] Extracted 1 symbols from C:\Projects\educatedplanet\admin\src\components\ui\drawer.tsx
[2025-11-08T05:09:36.641Z] [2025-11-08T05:09:36.642Z] [INDEXING-ORCHESTRATOR] [DEBUG] 🔍 Symbol extraction for C:\Projects\educatedplanet\admin\src\components\ui\drawer.tsx: 1 symbols, 3 imports
[2025-11-08T05:09:36.641Z] [2025-11-08T05:09:36.642Z] [INDEXING-ORCHESTRATOR] [DEBUG] 📍 Chunk 79-83: 0 candidate symbols
[2025-11-08T05:09:36.641Z] [2025-11-08T05:09:36.642Z] [INDEXING-ORCHESTRATOR] [DEBUG] ✅ Chunk symbols after filtering: 0 symbols - 
[2025-11-08T05:09:36.641Z] [2025-11-08T05:09:36.642Z] [INDEXING-ORCHESTRATOR] [DEBUG] 📍 Chunk 92-93: 0 candidate symbols
[2025-11-08T05:09:36.641Z] [2025-11-08T05:09:36.642Z] [INDEXING-ORCHESTRATOR] [DEBUG] ✅ Chunk symbols after filtering: 0 symbols - 
[2025-11-08T05:09:36.641Z] [2025-11-08T05:09:36.642Z] [INDEXING-ORCHESTRATOR] [DEBUG] 📍 Chunk 111-122: 1 candidate symbols
[2025-11-08T05:09:36.641Z] [2025-11-08T05:09:36.642Z] [INDEXING-ORCHESTRATOR] [DEBUG] ✅ Chunk symbols after filtering: 1 symbols - DrawerDescription
[2025-11-08T05:09:36.641Z] [2025-11-08T05:09:36.642Z] [INDEXING-ORCHESTRATOR] [DEBUG] 📍 Chunk 123-136: 0 candidate symbols
[2025-11-08T05:09:36.641Z] [2025-11-08T05:09:36.642Z] [INDEXING-ORCHESTRATOR] [DEBUG] ✅ Chunk symbols after filtering: 0 symbols - 
[2025-11-08T05:09:36.641Z] [2025-11-08T05:09:36.642Z] [INDEXING-ORCHESTRATOR] [DEBUG] Created 4 semantic chunks for C:\Projects\educatedplanet\admin\src\components\ui\drawer.tsx
[2025-11-08T05:09:36.641Z] [2025-11-08T05:09:36.642Z] [INDEXING-ORCHESTRATOR] [DEBUG] Average chunk size: 199 characters
[2025-11-08T05:09:36.651Z] [2025-11-08T05:09:36.652Z] [TREESITTER-CHUNKER] [INFO] Created 6 semantic chunks from C:\Projects\educatedplanet\admin\src\components\ui\form.tsx
[2025-11-08T05:09:36.679Z] [2025-11-08T05:09:36.680Z] [TREESITTER-FULL] [INFO] Extracted 6 symbols from C:\Projects\educatedplanet\admin\src\components\ui\form.tsx
[2025-11-08T05:09:36.679Z] [2025-11-08T05:09:36.680Z] [INDEXING-ORCHESTRATOR] [DEBUG] 🔍 Symbol extraction for C:\Projects\educatedplanet\admin\src\components\ui\form.tsx: 6 symbols, 5 imports
[2025-11-08T05:09:36.679Z] [2025-11-08T05:09:36.680Z] [INDEXING-ORCHESTRATOR] [DEBUG] 📍 Chunk 21-26: 1 candidate symbols
[2025-11-08T05:09:36.679Z] [2025-11-08T05:09:36.680Z] [INDEXING-ORCHESTRATOR] [DEBUG] ✅ Chunk symbols after filtering: 1 symbols - FormFieldContextValue
[2025-11-08T05:09:36.679Z] [2025-11-08T05:09:36.680Z] [INDEXING-ORCHESTRATOR] [DEBUG] 📍 Chunk 68-70: 1 candidate symbols
[2025-11-08T05:09:36.679Z] [2025-11-08T05:09:36.681Z] [INDEXING-ORCHESTRATOR] [DEBUG] ✅ Chunk symbols after filtering: 1 symbols - FormItemContextValue
[2025-11-08T05:09:36.679Z] [2025-11-08T05:09:36.681Z] [INDEXING-ORCHESTRATOR] [DEBUG] 📍 Chunk 83-84: 0 candidate symbols
[2025-11-08T05:09:36.679Z] [2025-11-08T05:09:36.681Z] [INDEXING-ORCHESTRATOR] [DEBUG] ✅ Chunk symbols after filtering: 0 symbols - 
[2025-11-08T05:09:36.679Z] [2025-11-08T05:09:36.681Z] [INDEXING-ORCHESTRATOR] [DEBUG] 📍 Chunk 100-133: 0 candidate symbols
[2025-11-08T05:09:36.679Z] [2025-11-08T05:09:36.681Z] [INDEXING-ORCHESTRATOR] [DEBUG] ✅ Chunk symbols after filtering: 0 symbols - 
[2025-11-08T05:09:36.679Z] [2025-11-08T05:09:36.681Z] [INDEXING-ORCHESTRATOR] [DEBUG] 📍 Chunk 150-151: 0 candidate symbols
[2025-11-08T05:09:36.679Z] [2025-11-08T05:09:36.681Z] [INDEXING-ORCHESTRATOR] [DEBUG] ✅ Chunk symbols after filtering: 0 symbols - 
[2025-11-08T05:09:36.680Z] [2025-11-08T05:09:36.681Z] [INDEXING-ORCHESTRATOR] [DEBUG] 📍 Chunk 152-168: 0 candidate symbols
[2025-11-08T05:09:36.680Z] [2025-11-08T05:09:36.681Z] [INDEXING-ORCHESTRATOR] [DEBUG] ✅ Chunk symbols after filtering: 0 symbols - 
[2025-11-08T05:09:36.680Z] [2025-11-08T05:09:36.681Z] [INDEXING-ORCHESTRATOR] [DEBUG] Created 6 semantic chunks for C:\Projects\educatedplanet\admin\src\components\ui\form.tsx
[2025-11-08T05:09:36.680Z] [2025-11-08T05:09:36.681Z] [INDEXING-ORCHESTRATOR] [DEBUG] Average chunk size: 230 characters
[2025-11-08T05:09:36.691Z] [2025-11-08T05:09:36.693Z] [TREESITTER-CHUNKER] [INFO] Created 5 semantic chunks from C:\Projects\educatedplanet\admin\src\components\ui\input-group.tsx
[2025-11-08T05:09:36.716Z] [2025-11-08T05:09:36.717Z] [TREESITTER-FULL] [INFO] Extracted 0 symbols from C:\Projects\educatedplanet\admin\src\components\ui\input-group.tsx
[2025-11-08T05:09:36.716Z] [2025-11-08T05:09:36.717Z] [INDEXING-ORCHESTRATOR] [DEBUG] 🔍 Symbol extraction for C:\Projects\educatedplanet\admin\src\components\ui\input-group.tsx: 0 symbols, 6 imports
[2025-11-08T05:09:36.716Z] [2025-11-08T05:09:36.717Z] [INDEXING-ORCHESTRATOR] [DEBUG] 📍 Chunk 16-34: 0 candidate symbols
[2025-11-08T05:09:36.716Z] [2025-11-08T05:09:36.717Z] [INDEXING-ORCHESTRATOR] [DEBUG] ✅ Chunk symbols after filtering: 0 symbols - 
[2025-11-08T05:09:36.716Z] [2025-11-08T05:09:36.717Z] [INDEXING-ORCHESTRATOR] [DEBUG] 📍 Chunk 122-126: 0 candidate symbols
[2025-11-08T05:09:36.716Z] [2025-11-08T05:09:36.717Z] [INDEXING-ORCHESTRATOR] [DEBUG] ✅ Chunk symbols after filtering: 0 symbols - 
[2025-11-08T05:09:36.716Z] [2025-11-08T05:09:36.717Z] [INDEXING-ORCHESTRATOR] [DEBUG] 📍 Chunk 138-142: 0 candidate symbols
[2025-11-08T05:09:36.716Z] [2025-11-08T05:09:36.717Z] [INDEXING-ORCHESTRATOR] [DEBUG] ✅ Chunk symbols after filtering: 0 symbols - 
[2025-11-08T05:09:36.716Z] [2025-11-08T05:09:36.717Z] [INDEXING-ORCHESTRATOR] [DEBUG] 📍 Chunk 154-158: 0 candidate symbols
[2025-11-08T05:09:36.716Z] [2025-11-08T05:09:36.717Z] [INDEXING-ORCHESTRATOR] [DEBUG] ✅ Chunk symbols after filtering: 0 symbols - 
[2025-11-08T05:09:36.716Z] [2025-11-08T05:09:36.717Z] [INDEXING-ORCHESTRATOR] [DEBUG] 📍 Chunk 159-171: 0 candidate symbols
[2025-11-08T05:09:36.716Z] [2025-11-08T05:09:36.717Z] [INDEXING-ORCHESTRATOR] [DEBUG] ✅ Chunk symbols after filtering: 0 symbols - 
[2025-11-08T05:09:36.716Z] [2025-11-08T05:09:36.717Z] [INDEXING-ORCHESTRATOR] [DEBUG] Created 5 semantic chunks for C:\Projects\educatedplanet\admin\src\components\ui\input-group.tsx
[2025-11-08T05:09:36.716Z] [2025-11-08T05:09:36.717Z] [INDEXING-ORCHESTRATOR] [DEBUG] Average chunk size: 360 characters
[2025-11-08T05:09:36.719Z] [2025-11-08T05:09:36.720Z] [TREESITTER-CHUNKER] [INFO] Created 2 semantic chunks from C:\Projects\educatedplanet\admin\src\components\ui\hover-card.tsx
[2025-11-08T05:09:36.723Z] [2025-11-08T05:09:36.724Z] [TREESITTER-FULL] [INFO] Extracted 1 symbols from C:\Projects\educatedplanet\admin\src\components\ui\hover-card.tsx
[2025-11-08T05:09:36.723Z] [2025-11-08T05:09:36.724Z] [INDEXING-ORCHESTRATOR] [DEBUG] 🔍 Symbol extraction for C:\Projects\educatedplanet\admin\src\components\ui\hover-card.tsx: 1 symbols, 3 imports
[2025-11-08T05:09:36.723Z] [2025-11-08T05:09:36.724Z] [INDEXING-ORCHESTRATOR] [DEBUG] 📍 Chunk 14-20: 1 candidate symbols
[2025-11-08T05:09:36.723Z] [2025-11-08T05:09:36.724Z] [INDEXING-ORCHESTRATOR] [DEBUG] ✅ Chunk symbols after filtering: 1 symbols - HoverCardTrigger
[2025-11-08T05:09:36.723Z] [2025-11-08T05:09:36.724Z] [INDEXING-ORCHESTRATOR] [DEBUG] 📍 Chunk 21-45: 0 candidate symbols
[2025-11-08T05:09:36.723Z] [2025-11-08T05:09:36.724Z] [INDEXING-ORCHESTRATOR] [DEBUG] ✅ Chunk symbols after filtering: 0 symbols - 
[2025-11-08T05:09:36.723Z] [2025-11-08T05:09:36.724Z] [INDEXING-ORCHESTRATOR] [DEBUG] Created 2 semantic chunks for C:\Projects\educatedplanet\admin\src\components\ui\hover-card.tsx
[2025-11-08T05:09:36.723Z] [2025-11-08T05:09:36.724Z] [INDEXING-ORCHESTRATOR] [DEBUG] Average chunk size: 624 characters
[2025-11-08T05:09:36.737Z] [2025-11-08T05:09:36.738Z] [TREESITTER-CHUNKER] [INFO] Created 9 semantic chunks from C:\Projects\educatedplanet\admin\src\components\ui\field.tsx
[2025-11-08T05:09:36.766Z] [2025-11-08T05:09:36.767Z] [TREESITTER-FULL] [INFO] Extracted 1 symbols from C:\Projects\educatedplanet\admin\src\components\ui\field.tsx
[2025-11-08T05:09:36.766Z] [2025-11-08T05:09:36.767Z] [INDEXING-ORCHESTRATOR] [DEBUG] 🔍 Symbol extraction for C:\Projects\educatedplanet\admin\src\components\ui\field.tsx: 1 symbols, 5 imports
[2025-11-08T05:09:36.766Z] [2025-11-08T05:09:36.767Z] [INDEXING-ORCHESTRATOR] [DEBUG] 📍 Chunk 14-19: 0 candidate symbols
[2025-11-08T05:09:36.766Z] [2025-11-08T05:09:36.767Z] [INDEXING-ORCHESTRATOR] [DEBUG] ✅ Chunk symbols after filtering: 0 symbols - 
[2025-11-08T05:09:36.766Z] [2025-11-08T05:09:36.767Z] [INDEXING-ORCHESTRATOR] [DEBUG] 📍 Chunk 33-39: 0 candidate symbols
[2025-11-08T05:09:36.766Z] [2025-11-08T05:09:36.767Z] [INDEXING-ORCHESTRATOR] [DEBUG] ✅ Chunk symbols after filtering: 0 symbols - 
[2025-11-08T05:09:36.766Z] [2025-11-08T05:09:36.767Z] [INDEXING-ORCHESTRATOR] [DEBUG] 📍 Chunk 48-52: 0 candidate symbols
[2025-11-08T05:09:36.766Z] [2025-11-08T05:09:36.767Z] [INDEXING-ORCHESTRATOR] [DEBUG] ✅ Chunk symbols after filtering: 0 symbols - 
[2025-11-08T05:09:36.766Z] [2025-11-08T05:09:36.767Z] [INDEXING-ORCHESTRATOR] [DEBUG] 📍 Chunk 101-105: 0 candidate symbols
[2025-11-08T05:09:36.766Z] [2025-11-08T05:09:36.767Z] [INDEXING-ORCHESTRATOR] [DEBUG] ✅ Chunk symbols after filtering: 0 symbols - 
[2025-11-08T05:09:36.766Z] [2025-11-08T05:09:36.767Z] [INDEXING-ORCHESTRATOR] [DEBUG] 📍 Chunk 117-123: 0 candidate symbols
[2025-11-08T05:09:36.766Z] [2025-11-08T05:09:36.768Z] [INDEXING-ORCHESTRATOR] [DEBUG] ✅ Chunk symbols after filtering: 0 symbols - 
[2025-11-08T05:09:36.766Z] [2025-11-08T05:09:36.768Z] [INDEXING-ORCHESTRATOR] [DEBUG] 📍 Chunk 132-136: 0 candidate symbols
[2025-11-08T05:09:36.767Z] [2025-11-08T05:09:36.768Z] [INDEXING-ORCHESTRATOR] [DEBUG] ✅ Chunk symbols after filtering: 0 symbols - 
[2025-11-08T05:09:36.767Z] [2025-11-08T05:09:36.768Z] [INDEXING-ORCHESTRATOR] [DEBUG] 📍 Chunk 145-151: 0 candidate symbols
[2025-11-08T05:09:36.767Z] [2025-11-08T05:09:36.768Z] [INDEXING-ORCHESTRATOR] [DEBUG] ✅ Chunk symbols after filtering: 0 symbols - 
[2025-11-08T05:09:36.767Z] [2025-11-08T05:09:36.768Z] [INDEXING-ORCHESTRATOR] [DEBUG] 📍 Chunk 167-171: 0 candidate symbols
[2025-11-08T05:09:36.767Z] [2025-11-08T05:09:36.768Z] [INDEXING-ORCHESTRATOR] [DEBUG] ✅ Chunk symbols after filtering: 0 symbols - 
[2025-11-08T05:09:36.767Z] [2025-11-08T05:09:36.768Z] [INDEXING-ORCHESTRATOR] [DEBUG] 📍 Chunk 172-249: 1 candidate symbols
[2025-11-08T05:09:36.767Z] [2025-11-08T05:09:36.768Z] [INDEXING-ORCHESTRATOR] [DEBUG] ✅ Chunk symbols after filtering: 1 symbols - uniqueErrors
[2025-11-08T05:09:36.767Z] [2025-11-08T05:09:36.768Z] [INDEXING-ORCHESTRATOR] [DEBUG] Created 9 semantic chunks for C:\Projects\educatedplanet\admin\src\components\ui\field.tsx
[2025-11-08T05:09:36.767Z] [2025-11-08T05:09:36.768Z] [INDEXING-ORCHESTRATOR] [DEBUG] Average chunk size: 364 characters
[2025-11-08T05:09:36.767Z] [2025-11-08T05:09:36.768Z] [INDEXING-ORCHESTRATOR] [DEBUG] 📊 Processed: 90/226 files
[2025-11-08T05:09:36.781Z] [2025-11-08T05:09:36.782Z] [TREESITTER-CHUNKER] [INFO] Created 1 semantic chunks from C:\Projects\educatedplanet\admin\src\components\ui\input.tsx
[2025-11-08T05:09:36.783Z] [2025-11-08T05:09:36.784Z] [TREESITTER-FULL] [INFO] Extracted 0 symbols from C:\Projects\educatedplanet\admin\src\components\ui\input.tsx
[2025-11-08T05:09:36.783Z] [2025-11-08T05:09:36.785Z] [INDEXING-ORCHESTRATOR] [DEBUG] 🔍 Symbol extraction for C:\Projects\educatedplanet\admin\src\components\ui\input.tsx: 0 symbols, 2 imports
[2025-11-08T05:09:36.783Z] [2025-11-08T05:09:36.785Z] [INDEXING-ORCHESTRATOR] [DEBUG] 📍 Chunk 1-22: 0 candidate symbols
[2025-11-08T05:09:36.783Z] [2025-11-08T05:09:36.785Z] [INDEXING-ORCHESTRATOR] [DEBUG] ✅ Chunk symbols after filtering: 0 symbols - 
[2025-11-08T05:09:36.783Z] [2025-11-08T05:09:36.785Z] [INDEXING-ORCHESTRATOR] [DEBUG] Created 1 semantic chunks for C:\Projects\educatedplanet\admin\src\components\ui\input.tsx
[2025-11-08T05:09:36.783Z] [2025-11-08T05:09:36.785Z] [INDEXING-ORCHESTRATOR] [DEBUG] Average chunk size: 981 characters
[2025-11-08T05:09:36.786Z] [2025-11-08T05:09:36.787Z] [TREESITTER-CHUNKER] [INFO] Created 3 semantic chunks from C:\Projects\educatedplanet\admin\src\components\ui\kbd.tsx
[2025-11-08T05:09:36.791Z] [2025-11-08T05:09:36.792Z] [TREESITTER-FULL] [INFO] Extracted 0 symbols from C:\Projects\educatedplanet\admin\src\components\ui\kbd.tsx
[2025-11-08T05:09:36.791Z] [2025-11-08T05:09:36.792Z] [INDEXING-ORCHESTRATOR] [DEBUG] 🔍 Symbol extraction for C:\Projects\educatedplanet\admin\src\components\ui\kbd.tsx: 0 symbols, 1 imports
[2025-11-08T05:09:36.791Z] [2025-11-08T05:09:36.792Z] [INDEXING-ORCHESTRATOR] [DEBUG] 📍 Chunk 7-13: 0 candidate symbols
[2025-11-08T05:09:36.791Z] [2025-11-08T05:09:36.792Z] [INDEXING-ORCHESTRATOR] [DEBUG] ✅ Chunk symbols after filtering: 0 symbols - 
[2025-11-08T05:09:36.791Z] [2025-11-08T05:09:36.792Z] [INDEXING-ORCHESTRATOR] [DEBUG] 📍 Chunk 22-23: 0 candidate symbols
[2025-11-08T05:09:36.791Z] [2025-11-08T05:09:36.792Z] [INDEXING-ORCHESTRATOR] [DEBUG] ✅ Chunk symbols after filtering: 0 symbols - 
[2025-11-08T05:09:36.791Z] [2025-11-08T05:09:36.792Z] [INDEXING-ORCHESTRATOR] [DEBUG] 📍 Chunk 24-29: 0 candidate symbols
[2025-11-08T05:09:36.791Z] [2025-11-08T05:09:36.792Z] [INDEXING-ORCHESTRATOR] [DEBUG] ✅ Chunk symbols after filtering: 0 symbols - 
[2025-11-08T05:09:36.791Z] [2025-11-08T05:09:36.792Z] [INDEXING-ORCHESTRATOR] [DEBUG] Created 3 semantic chunks for C:\Projects\educatedplanet\admin\src\components\ui\kbd.tsx
[2025-11-08T05:09:36.791Z] [2025-11-08T05:09:36.792Z] [INDEXING-ORCHESTRATOR] [DEBUG] Average chunk size: 184 characters
[2025-11-08T05:09:36.802Z] [2025-11-08T05:09:36.803Z] [TREESITTER-CHUNKER] [INFO] Created 9 semantic chunks from C:\Projects\educatedplanet\admin\src\components\ui\item.tsx
[2025-11-08T05:09:36.828Z] [2025-11-08T05:09:36.829Z] [TREESITTER-FULL] [INFO] Extracted 1 symbols from C:\Projects\educatedplanet\admin\src\components\ui\item.tsx
[2025-11-08T05:09:36.828Z] [2025-11-08T05:09:36.829Z] [INDEXING-ORCHESTRATOR] [DEBUG] 🔍 Symbol extraction for C:\Projects\educatedplanet\admin\src\components\ui\item.tsx: 1 symbols, 5 imports
[2025-11-08T05:09:36.828Z] [2025-11-08T05:09:36.829Z] [INDEXING-ORCHESTRATOR] [DEBUG] 📍 Chunk 8-17: 1 candidate symbols
[2025-11-08T05:09:36.828Z] [2025-11-08T05:09:36.829Z] [INDEXING-ORCHESTRATOR] [DEBUG] ✅ Chunk symbols after filtering: 1 symbols - ItemGroup
[2025-11-08T05:09:36.828Z] [2025-11-08T05:09:36.829Z] [INDEXING-ORCHESTRATOR] [DEBUG] 📍 Chunk 27-28: 0 candidate symbols
[2025-11-08T05:09:36.828Z] [2025-11-08T05:09:36.829Z] [INDEXING-ORCHESTRATOR] [DEBUG] ✅ Chunk symbols after filtering: 0 symbols - 
[2025-11-08T05:09:36.828Z] [2025-11-08T05:09:36.830Z] [INDEXING-ORCHESTRATOR] [DEBUG] 📍 Chunk 110-114: 0 candidate symbols
[2025-11-08T05:09:36.828Z] [2025-11-08T05:09:36.830Z] [INDEXING-ORCHESTRATOR] [DEBUG] ✅ Chunk symbols after filtering: 0 symbols - 
[2025-11-08T05:09:36.828Z] [2025-11-08T05:09:36.830Z] [INDEXING-ORCHESTRATOR] [DEBUG] 📍 Chunk 123-127: 0 candidate symbols
[2025-11-08T05:09:36.828Z] [2025-11-08T05:09:36.830Z] [INDEXING-ORCHESTRATOR] [DEBUG] ✅ Chunk symbols after filtering: 0 symbols - 
[2025-11-08T05:09:36.828Z] [2025-11-08T05:09:36.830Z] [INDEXING-ORCHESTRATOR] [DEBUG] 📍 Chunk 136-141: 0 candidate symbols
[2025-11-08T05:09:36.828Z] [2025-11-08T05:09:36.830Z] [INDEXING-ORCHESTRATOR] [DEBUG] ✅ Chunk symbols after filtering: 0 symbols - 
[2025-11-08T05:09:36.828Z] [2025-11-08T05:09:36.830Z] [INDEXING-ORCHESTRATOR] [DEBUG] 📍 Chunk 150-151: 0 candidate symbols
[2025-11-08T05:09:36.828Z] [2025-11-08T05:09:36.830Z] [INDEXING-ORCHESTRATOR] [DEBUG] ✅ Chunk symbols after filtering: 0 symbols - 
[2025-11-08T05:09:36.828Z] [2025-11-08T05:09:36.830Z] [INDEXING-ORCHESTRATOR] [DEBUG] 📍 Chunk 160-164: 0 candidate symbols
[2025-11-08T05:09:36.829Z] [2025-11-08T05:09:36.830Z] [INDEXING-ORCHESTRATOR] [DEBUG] ✅ Chunk symbols after filtering: 0 symbols - 
[2025-11-08T05:09:36.829Z] [2025-11-08T05:09:36.830Z] [INDEXING-ORCHESTRATOR] [DEBUG] 📍 Chunk 173-177: 0 candidate symbols
[2025-11-08T05:09:36.829Z] [2025-11-08T05:09:36.830Z] [INDEXING-ORCHESTRATOR] [DEBUG] ✅ Chunk symbols after filtering: 0 symbols - 
[2025-11-08T05:09:36.829Z] [2025-11-08T05:09:36.830Z] [INDEXING-ORCHESTRATOR] [DEBUG] 📍 Chunk 178-194: 0 candidate symbols
[2025-11-08T05:09:36.829Z] [2025-11-08T05:09:36.830Z] [INDEXING-ORCHESTRATOR] [DEBUG] ✅ Chunk symbols after filtering: 0 symbols - 
[2025-11-08T05:09:36.829Z] [2025-11-08T05:09:36.830Z] [INDEXING-ORCHESTRATOR] [DEBUG] Created 9 semantic chunks for C:\Projects\educatedplanet\admin\src\components\ui\item.tsx
[2025-11-08T05:09:36.829Z] [2025-11-08T05:09:36.830Z] [INDEXING-ORCHESTRATOR] [DEBUG] Average chunk size: 136 characters
[2025-11-08T05:09:36.834Z] [2025-11-08T05:09:36.835Z] [TREESITTER-CHUNKER] [INFO] Created 4 semantic chunks from C:\Projects\educatedplanet\admin\src\components\ui\input-otp.tsx
[2025-11-08T05:09:36.843Z] [2025-11-08T05:09:36.844Z] [TREESITTER-FULL] [INFO] Extracted 2 symbols from C:\Projects\educatedplanet\admin\src\components\ui\input-otp.tsx
[2025-11-08T05:09:36.843Z] [2025-11-08T05:09:36.844Z] [INDEXING-ORCHESTRATOR] [DEBUG] 🔍 Symbol extraction for C:\Projects\educatedplanet\admin\src\components\ui\input-otp.tsx: 2 symbols, 4 imports
[2025-11-08T05:09:36.843Z] [2025-11-08T05:09:36.844Z] [INDEXING-ORCHESTRATOR] [DEBUG] 📍 Chunk 9-23: 0 candidate symbols
[2025-11-08T05:09:36.843Z] [2025-11-08T05:09:36.844Z] [INDEXING-ORCHESTRATOR] [DEBUG] ✅ Chunk symbols after filtering: 0 symbols - 
[2025-11-08T05:09:36.843Z] [2025-11-08T05:09:36.844Z] [INDEXING-ORCHESTRATOR] [DEBUG] 📍 Chunk 33-34: 0 candidate symbols
[2025-11-08T05:09:36.843Z] [2025-11-08T05:09:36.844Z] [INDEXING-ORCHESTRATOR] [DEBUG] ✅ Chunk symbols after filtering: 0 symbols - 
[2025-11-08T05:09:36.843Z] [2025-11-08T05:09:36.844Z] [INDEXING-ORCHESTRATOR] [DEBUG] 📍 Chunk 53-57: 0 candidate symbols
[2025-11-08T05:09:36.843Z] [2025-11-08T05:09:36.844Z] [INDEXING-ORCHESTRATOR] [DEBUG] ✅ Chunk symbols after filtering: 0 symbols - 
[2025-11-08T05:09:36.843Z] [2025-11-08T05:09:36.844Z] [INDEXING-ORCHESTRATOR] [DEBUG] 📍 Chunk 58-78: 0 candidate symbols
[2025-11-08T05:09:36.843Z] [2025-11-08T05:09:36.844Z] [INDEXING-ORCHESTRATOR] [DEBUG] ✅ Chunk symbols after filtering: 0 symbols - 
[2025-11-08T05:09:36.843Z] [2025-11-08T05:09:36.844Z] [INDEXING-ORCHESTRATOR] [DEBUG] Created 4 semantic chunks for C:\Projects\educatedplanet\admin\src\components\ui\input-otp.tsx
[2025-11-08T05:09:36.843Z] [2025-11-08T05:09:36.844Z] [INDEXING-ORCHESTRATOR] [DEBUG] Average chunk size: 391 characters
[2025-11-08T05:09:36.847Z] [2025-11-08T05:09:36.849Z] [TREESITTER-CHUNKER] [INFO] Created 2 semantic chunks from C:\Projects\educatedplanet\admin\src\components\ui\loading-bar.tsx
[2025-11-08T05:09:36.856Z] [2025-11-08T05:09:36.857Z] [TREESITTER-FULL] [INFO] Extracted 2 symbols from C:\Projects\educatedplanet\admin\src\components\ui\loading-bar.tsx
[2025-11-08T05:09:36.856Z] [2025-11-08T05:09:36.857Z] [INDEXING-ORCHESTRATOR] [DEBUG] 🔍 Symbol extraction for C:\Projects\educatedplanet\admin\src\components\ui\loading-bar.tsx: 2 symbols, 3 imports
[2025-11-08T05:09:36.856Z] [2025-11-08T05:09:36.857Z] [INDEXING-ORCHESTRATOR] [DEBUG] 📍 Chunk 7-10: 1 candidate symbols
[2025-11-08T05:09:36.856Z] [2025-11-08T05:09:36.857Z] [INDEXING-ORCHESTRATOR] [DEBUG] ✅ Chunk symbols after filtering: 1 symbols - AppLoadingBarProps
[2025-11-08T05:09:36.856Z] [2025-11-08T05:09:36.857Z] [INDEXING-ORCHESTRATOR] [DEBUG] 📍 Chunk 12-73: 1 candidate symbols
[2025-11-08T05:09:36.856Z] [2025-11-08T05:09:36.857Z] [INDEXING-ORCHESTRATOR] [DEBUG] ✅ Chunk symbols after filtering: 1 symbols - AppLoadingBar
[2025-11-08T05:09:36.856Z] [2025-11-08T05:09:36.857Z] [INDEXING-ORCHESTRATOR] [DEBUG] Created 2 semantic chunks for C:\Projects\educatedplanet\admin\src\components\ui\loading-bar.tsx
[2025-11-08T05:09:36.856Z] [2025-11-08T05:09:36.857Z] [INDEXING-ORCHESTRATOR] [DEBUG] Average chunk size: 798 characters
[2025-11-08T05:09:36.860Z] [2025-11-08T05:09:36.861Z] [TREESITTER-CHUNKER] [INFO] Created 2 semantic chunks from C:\Projects\educatedplanet\admin\src\components\ui\loading-link.tsx
[2025-11-08T05:09:36.872Z] [2025-11-08T05:09:36.873Z] [TREESITTER-FULL] [INFO] Extracted 2 symbols from C:\Projects\educatedplanet\admin\src\components\ui\loading-link.tsx
[2025-11-08T05:09:36.872Z] [2025-11-08T05:09:36.873Z] [INDEXING-ORCHESTRATOR] [DEBUG] 🔍 Symbol extraction for C:\Projects\educatedplanet\admin\src\components\ui\loading-link.tsx: 2 symbols, 4 imports
[2025-11-08T05:09:36.872Z] [2025-11-08T05:09:36.873Z] [INDEXING-ORCHESTRATOR] [DEBUG] 📍 Chunk 8-16: 1 candidate symbols
[2025-11-08T05:09:36.872Z] [2025-11-08T05:09:36.873Z] [INDEXING-ORCHESTRATOR] [DEBUG] ✅ Chunk symbols after filtering: 1 symbols - LoadingLinkProps
[2025-11-08T05:09:36.872Z] [2025-11-08T05:09:36.873Z] [INDEXING-ORCHESTRATOR] [DEBUG] 📍 Chunk 17-92: 1 candidate symbols
[2025-11-08T05:09:36.872Z] [2025-11-08T05:09:36.873Z] [INDEXING-ORCHESTRATOR] [DEBUG] ✅ Chunk symbols after filtering: 1 symbols - LoadingLink
[2025-11-08T05:09:36.872Z] [2025-11-08T05:09:36.873Z] [INDEXING-ORCHESTRATOR] [DEBUG] Created 2 semantic chunks for C:\Projects\educatedplanet\admin\src\components\ui\loading-link.tsx
[2025-11-08T05:09:36.872Z] [2025-11-08T05:09:36.873Z] [INDEXING-ORCHESTRATOR] [DEBUG] Average chunk size: 926 characters
[2025-11-08T05:09:36.876Z] [2025-11-08T05:09:36.877Z] [TREESITTER-CHUNKER] [INFO] Created 1 semantic chunks from C:\Projects\educatedplanet\admin\src\components\ui\label.tsx
[2025-11-08T05:09:36.878Z] [2025-11-08T05:09:36.880Z] [TREESITTER-FULL] [INFO] Extracted 1 symbols from C:\Projects\educatedplanet\admin\src\components\ui\label.tsx
[2025-11-08T05:09:36.878Z] [2025-11-08T05:09:36.880Z] [INDEXING-ORCHESTRATOR] [DEBUG] 🔍 Symbol extraction for C:\Projects\educatedplanet\admin\src\components\ui\label.tsx: 1 symbols, 3 imports
[2025-11-08T05:09:36.878Z] [2025-11-08T05:09:36.880Z] [INDEXING-ORCHESTRATOR] [DEBUG] 📍 Chunk 8-24: 1 candidate symbols
[2025-11-08T05:09:36.878Z] [2025-11-08T05:09:36.880Z] [INDEXING-ORCHESTRATOR] [DEBUG] ✅ Chunk symbols after filtering: 1 symbols - Label
[2025-11-08T05:09:36.879Z] [2025-11-08T05:09:36.880Z] [INDEXING-ORCHESTRATOR] [DEBUG] Created 1 semantic chunks for C:\Projects\educatedplanet\admin\src\components\ui\label.tsx
[2025-11-08T05:09:36.879Z] [2025-11-08T05:09:36.880Z] [INDEXING-ORCHESTRATOR] [DEBUG] Average chunk size: 490 characters
[2025-11-08T05:09:36.892Z] [2025-11-08T05:09:36.893Z] [TREESITTER-CHUNKER] [INFO] Created 3 semantic chunks from C:\Projects\educatedplanet\admin\src\components\ui\menubar.tsx
[2025-11-08T05:09:36.924Z] [2025-11-08T05:09:36.925Z] [TREESITTER-FULL] [INFO] Extracted 0 symbols from C:\Projects\educatedplanet\admin\src\components\ui\menubar.tsx
[2025-11-08T05:09:36.924Z] [2025-11-08T05:09:36.926Z] [INDEXING-ORCHESTRATOR] [DEBUG] 🔍 Symbol extraction for C:\Projects\educatedplanet\admin\src\components\ui\menubar.tsx: 0 symbols, 4 imports
[2025-11-08T05:09:36.924Z] [2025-11-08T05:09:36.926Z] [INDEXING-ORCHESTRATOR] [DEBUG] 📍 Chunk 105-109: 0 candidate symbols
[2025-11-08T05:09:36.924Z] [2025-11-08T05:09:36.926Z] [INDEXING-ORCHESTRATOR] [DEBUG] ✅ Chunk symbols after filtering: 0 symbols - 
[2025-11-08T05:09:36.924Z] [2025-11-08T05:09:36.926Z] [INDEXING-ORCHESTRATOR] [DEBUG] 📍 Chunk 204-208: 0 candidate symbols
[2025-11-08T05:09:36.924Z] [2025-11-08T05:09:36.926Z] [INDEXING-ORCHESTRATOR] [DEBUG] ✅ Chunk symbols after filtering: 0 symbols - 
[2025-11-08T05:09:36.925Z] [2025-11-08T05:09:36.926Z] [INDEXING-ORCHESTRATOR] [DEBUG] 📍 Chunk 209-277: 0 candidate symbols
[2025-11-08T05:09:36.925Z] [2025-11-08T05:09:36.926Z] [INDEXING-ORCHESTRATOR] [DEBUG] ✅ Chunk symbols after filtering: 0 symbols - 
[2025-11-08T05:09:36.925Z] [2025-11-08T05:09:36.926Z] [INDEXING-ORCHESTRATOR] [DEBUG] Created 3 semantic chunks for C:\Projects\educatedplanet\admin\src\components\ui\menubar.tsx
[2025-11-08T05:09:36.925Z] [2025-11-08T05:09:36.926Z] [INDEXING-ORCHESTRATOR] [DEBUG] Average chunk size: 931 characters
[2025-11-08T05:09:36.932Z] [2025-11-08T05:09:36.933Z] [TREESITTER-CHUNKER] [INFO] Created 4 semantic chunks from C:\Projects\educatedplanet\admin\src\components\ui\navigation-menu.tsx
[2025-11-08T05:09:36.947Z] [2025-11-08T05:09:36.948Z] [TREESITTER-FULL] [INFO] Extracted 2 symbols from C:\Projects\educatedplanet\admin\src\components\ui\navigation-menu.tsx
[2025-11-08T05:09:36.947Z] [2025-11-08T05:09:36.948Z] [INDEXING-ORCHESTRATOR] [DEBUG] 🔍 Symbol extraction for C:\Projects\educatedplanet\admin\src\components\ui\navigation-menu.tsx: 2 symbols, 5 imports
[2025-11-08T05:09:36.947Z] [2025-11-08T05:09:36.948Z] [INDEXING-ORCHESTRATOR] [DEBUG] 📍 Chunk 39-43: 0 candidate symbols
[2025-11-08T05:09:36.947Z] [2025-11-08T05:09:36.948Z] [INDEXING-ORCHESTRATOR] [DEBUG] ✅ Chunk symbols after filtering: 0 symbols - 
[2025-11-08T05:09:36.947Z] [2025-11-08T05:09:36.948Z] [INDEXING-ORCHESTRATOR] [DEBUG] 📍 Chunk 65-83: 1 candidate symbols
[2025-11-08T05:09:36.947Z] [2025-11-08T05:09:36.948Z] [INDEXING-ORCHESTRATOR] [DEBUG] ✅ Chunk symbols after filtering: 1 symbols - NavigationMenuTrigger
[2025-11-08T05:09:36.947Z] [2025-11-08T05:09:36.948Z] [INDEXING-ORCHESTRATOR] [DEBUG] 📍 Chunk 131-135: 0 candidate symbols
[2025-11-08T05:09:36.947Z] [2025-11-08T05:09:36.948Z] [INDEXING-ORCHESTRATOR] [DEBUG] ✅ Chunk symbols after filtering: 0 symbols - 
[2025-11-08T05:09:36.947Z] [2025-11-08T05:09:36.948Z] [INDEXING-ORCHESTRATOR] [DEBUG] 📍 Chunk 136-169: 0 candidate symbols
[2025-11-08T05:09:36.947Z] [2025-11-08T05:09:36.948Z] [INDEXING-ORCHESTRATOR] [DEBUG] ✅ Chunk symbols after filtering: 0 symbols - 
[2025-11-08T05:09:36.947Z] [2025-11-08T05:09:36.948Z] [INDEXING-ORCHESTRATOR] [DEBUG] Created 4 semantic chunks for C:\Projects\educatedplanet\admin\src\components\ui\navigation-menu.tsx
[2025-11-08T05:09:36.947Z] [2025-11-08T05:09:36.948Z] [INDEXING-ORCHESTRATOR] [DEBUG] Average chunk size: 534 characters
[2025-11-08T05:09:36.955Z] [2025-11-08T05:09:36.956Z] [TREESITTER-CHUNKER] [INFO] Created 6 semantic chunks from C:\Projects\educatedplanet\admin\src\components\ui\pagination.tsx
[2025-11-08T05:09:36.981Z] [2025-11-08T05:09:36.982Z] [TREESITTER-FULL] [INFO] Extracted 0 symbols from C:\Projects\educatedplanet\admin\src\components\ui\pagination.tsx
[2025-11-08T05:09:36.981Z] [2025-11-08T05:09:36.982Z] [INDEXING-ORCHESTRATOR] [DEBUG] 🔍 Symbol extraction for C:\Projects\educatedplanet\admin\src\components\ui\pagination.tsx: 0 symbols, 4 imports
[2025-11-08T05:09:36.981Z] [2025-11-08T05:09:36.982Z] [INDEXING-ORCHESTRATOR] [DEBUG] 📍 Chunk 30-31: 0 candidate symbols
[2025-11-08T05:09:36.981Z] [2025-11-08T05:09:36.982Z] [INDEXING-ORCHESTRATOR] [DEBUG] ✅ Chunk symbols after filtering: 0 symbols - 
[2025-11-08T05:09:36.981Z] [2025-11-08T05:09:36.982Z] [INDEXING-ORCHESTRATOR] [DEBUG] 📍 Chunk 56-63: 0 candidate symbols
[2025-11-08T05:09:36.981Z] [2025-11-08T05:09:36.982Z] [INDEXING-ORCHESTRATOR] [DEBUG] ✅ Chunk symbols after filtering: 0 symbols - 
[2025-11-08T05:09:36.981Z] [2025-11-08T05:09:36.982Z] [INDEXING-ORCHESTRATOR] [DEBUG] 📍 Chunk 76-77: 0 candidate symbols
[2025-11-08T05:09:36.981Z] [2025-11-08T05:09:36.982Z] [INDEXING-ORCHESTRATOR] [DEBUG] ✅ Chunk symbols after filtering: 0 symbols - 
[2025-11-08T05:09:36.981Z] [2025-11-08T05:09:36.982Z] [INDEXING-ORCHESTRATOR] [DEBUG] 📍 Chunk 85-94: 0 candidate symbols
[2025-11-08T05:09:36.981Z] [2025-11-08T05:09:36.982Z] [INDEXING-ORCHESTRATOR] [DEBUG] ✅ Chunk symbols after filtering: 0 symbols - 
[2025-11-08T05:09:36.981Z] [2025-11-08T05:09:36.982Z] [INDEXING-ORCHESTRATOR] [DEBUG] 📍 Chunk 102-111: 0 candidate symbols
[2025-11-08T05:09:36.981Z] [2025-11-08T05:09:36.982Z] [INDEXING-ORCHESTRATOR] [DEBUG] ✅ Chunk symbols after filtering: 0 symbols - 
[2025-11-08T05:09:36.981Z] [2025-11-08T05:09:36.982Z] [INDEXING-ORCHESTRATOR] [DEBUG] 📍 Chunk 112-128: 0 candidate symbols
[2025-11-08T05:09:36.981Z] [2025-11-08T05:09:36.982Z] [INDEXING-ORCHESTRATOR] [DEBUG] ✅ Chunk symbols after filtering: 0 symbols - 
[2025-11-08T05:09:36.981Z] [2025-11-08T05:09:36.982Z] [INDEXING-ORCHESTRATOR] [DEBUG] Created 6 semantic chunks for C:\Projects\educatedplanet\admin\src\components\ui\pagination.tsx
[2025-11-08T05:09:36.981Z] [2025-11-08T05:09:36.982Z] [INDEXING-ORCHESTRATOR] [DEBUG] Average chunk size: 183 characters
[2025-11-08T05:09:36.981Z] [2025-11-08T05:09:36.982Z] [INDEXING-ORCHESTRATOR] [DEBUG] 📊 Processed: 100/226 files
[2025-11-08T05:09:36.991Z] [2025-11-08T05:09:36.992Z] [TREESITTER-CHUNKER] [INFO] Created 2 semantic chunks from C:\Projects\educatedplanet\admin\src\components\ui\radio-group.tsx
[2025-11-08T05:09:36.997Z] [2025-11-08T05:09:36.998Z] [TREESITTER-FULL] [INFO] Extracted 2 symbols from C:\Projects\educatedplanet\admin\src\components\ui\radio-group.tsx
[2025-11-08T05:09:36.997Z] [2025-11-08T05:09:36.998Z] [INDEXING-ORCHESTRATOR] [DEBUG] 🔍 Symbol extraction for C:\Projects\educatedplanet\admin\src\components\ui\radio-group.tsx: 2 symbols, 4 imports
[2025-11-08T05:09:36.997Z] [2025-11-08T05:09:36.998Z] [INDEXING-ORCHESTRATOR] [DEBUG] 📍 Chunk 9-43: 2 candidate symbols
[2025-11-08T05:09:36.997Z] [2025-11-08T05:09:36.998Z] [INDEXING-ORCHESTRATOR] [DEBUG] ✅ Chunk symbols after filtering: 2 symbols - RadioGroup, RadioGroupItem
[2025-11-08T05:09:36.997Z] [2025-11-08T05:09:36.998Z] [INDEXING-ORCHESTRATOR] [DEBUG] 📍 Chunk 44-46: 0 candidate symbols
[2025-11-08T05:09:36.997Z] [2025-11-08T05:09:36.998Z] [INDEXING-ORCHESTRATOR] [DEBUG] ✅ Chunk symbols after filtering: 0 symbols - 
[2025-11-08T05:09:36.997Z] [2025-11-08T05:09:36.998Z] [INDEXING-ORCHESTRATOR] [DEBUG] Created 2 semantic chunks for C:\Projects\educatedplanet\admin\src\components\ui\radio-group.tsx
[2025-11-08T05:09:36.997Z] [2025-11-08T05:09:36.998Z] [INDEXING-ORCHESTRATOR] [DEBUG] Average chunk size: 654 characters
[2025-11-08T05:09:36.999Z] [2025-11-08T05:09:37.001Z] [TREESITTER-CHUNKER] [INFO] Created 1 semantic chunks from C:\Projects\educatedplanet\admin\src\components\ui\popover.tsx
[2025-11-08T05:09:37.004Z] [2025-11-08T05:09:37.005Z] [TREESITTER-FULL] [INFO] Extracted 0 symbols from C:\Projects\educatedplanet\admin\src\components\ui\popover.tsx
[2025-11-08T05:09:37.004Z] [2025-11-08T05:09:37.006Z] [INDEXING-ORCHESTRATOR] [DEBUG] 🔍 Symbol extraction for C:\Projects\educatedplanet\admin\src\components\ui\popover.tsx: 0 symbols, 3 imports
[2025-11-08T05:09:37.004Z] [2025-11-08T05:09:37.006Z] [INDEXING-ORCHESTRATOR] [DEBUG] 📍 Chunk 1-49: 0 candidate symbols
[2025-11-08T05:09:37.004Z] [2025-11-08T05:09:37.006Z] [INDEXING-ORCHESTRATOR] [DEBUG] ✅ Chunk symbols after filtering: 0 symbols - 
[2025-11-08T05:09:37.004Z] [2025-11-08T05:09:37.006Z] [INDEXING-ORCHESTRATOR] [DEBUG] Created 1 semantic chunks for C:\Projects\educatedplanet\admin\src\components\ui\popover.tsx
[2025-11-08T05:09:37.005Z] [2025-11-08T05:09:37.006Z] [INDEXING-ORCHESTRATOR] [DEBUG] Average chunk size: 1676 characters
[2025-11-08T05:09:37.008Z] [2025-11-08T05:09:37.009Z] [TREESITTER-CHUNKER] [INFO] Created 1 semantic chunks from C:\Projects\educatedplanet\admin\src\components\ui\resizable.tsx
[2025-11-08T05:09:37.013Z] [2025-11-08T05:09:37.014Z] [TREESITTER-FULL] [INFO] Extracted 0 symbols from C:\Projects\educatedplanet\admin\src\components\ui\resizable.tsx
[2025-11-08T05:09:37.013Z] [2025-11-08T05:09:37.014Z] [INDEXING-ORCHESTRATOR] [DEBUG] 🔍 Symbol extraction for C:\Projects\educatedplanet\admin\src\components\ui\resizable.tsx: 0 symbols, 4 imports
[2025-11-08T05:09:37.013Z] [2025-11-08T05:09:37.014Z] [INDEXING-ORCHESTRATOR] [DEBUG] 📍 Chunk 1-57: 0 candidate symbols
[2025-11-08T05:09:37.013Z] [2025-11-08T05:09:37.014Z] [INDEXING-ORCHESTRATOR] [DEBUG] ✅ Chunk symbols after filtering: 0 symbols - 
[2025-11-08T05:09:37.013Z] [2025-11-08T05:09:37.014Z] [INDEXING-ORCHESTRATOR] [DEBUG] Created 1 semantic chunks for C:\Projects\educatedplanet\admin\src\components\ui\resizable.tsx
[2025-11-08T05:09:37.013Z] [2025-11-08T05:09:37.014Z] [INDEXING-ORCHESTRATOR] [DEBUG] Average chunk size: 2082 characters
[2025-11-08T05:09:37.015Z] [2025-11-08T05:09:37.016Z] [TREESITTER-CHUNKER] [INFO] Created 1 semantic chunks from C:\Projects\educatedplanet\admin\src\components\ui\progress.tsx
[2025-11-08T05:09:37.018Z] [2025-11-08T05:09:37.019Z] [TREESITTER-FULL] [INFO] Extracted 0 symbols from C:\Projects\educatedplanet\admin\src\components\ui\progress.tsx
[2025-11-08T05:09:37.018Z] [2025-11-08T05:09:37.020Z] [INDEXING-ORCHESTRATOR] [DEBUG] 🔍 Symbol extraction for C:\Projects\educatedplanet\admin\src\components\ui\progress.tsx: 0 symbols, 3 imports
[2025-11-08T05:09:37.018Z] [2025-11-08T05:09:37.020Z] [INDEXING-ORCHESTRATOR] [DEBUG] 📍 Chunk 1-32: 0 candidate symbols
[2025-11-08T05:09:37.018Z] [2025-11-08T05:09:37.020Z] [INDEXING-ORCHESTRATOR] [DEBUG] ✅ Chunk symbols after filtering: 0 symbols - 
[2025-11-08T05:09:37.018Z] [2025-11-08T05:09:37.020Z] [INDEXING-ORCHESTRATOR] [DEBUG] Created 1 semantic chunks for C:\Projects\educatedplanet\admin\src\components\ui\progress.tsx
[2025-11-08T05:09:37.019Z] [2025-11-08T05:09:37.020Z] [INDEXING-ORCHESTRATOR] [DEBUG] Average chunk size: 764 characters
[2025-11-08T05:09:37.027Z] [2025-11-08T05:09:37.028Z] [TREESITTER-CHUNKER] [INFO] Created 4 semantic chunks from C:\Projects\educatedplanet\admin\src\components\ui\sheet.tsx
[2025-11-08T05:09:37.047Z] [2025-11-08T05:09:37.048Z] [TREESITTER-FULL] [INFO] Extracted 1 symbols from C:\Projects\educatedplanet\admin\src\components\ui\sheet.tsx
[2025-11-08T05:09:37.047Z] [2025-11-08T05:09:37.049Z] [INDEXING-ORCHESTRATOR] [DEBUG] 🔍 Symbol extraction for C:\Projects\educatedplanet\admin\src\components\ui\sheet.tsx: 1 symbols, 4 imports
[2025-11-08T05:09:37.047Z] [2025-11-08T05:09:37.049Z] [INDEXING-ORCHESTRATOR] [DEBUG] 📍 Chunk 88-89: 0 candidate symbols
[2025-11-08T05:09:37.047Z] [2025-11-08T05:09:37.049Z] [INDEXING-ORCHESTRATOR] [DEBUG] ✅ Chunk symbols after filtering: 0 symbols - 
[2025-11-08T05:09:37.047Z] [2025-11-08T05:09:37.049Z] [INDEXING-ORCHESTRATOR] [DEBUG] 📍 Chunk 98-99: 0 candidate symbols
[2025-11-08T05:09:37.047Z] [2025-11-08T05:09:37.049Z] [INDEXING-ORCHESTRATOR] [DEBUG] ✅ Chunk symbols after filtering: 0 symbols - 
[2025-11-08T05:09:37.048Z] [2025-11-08T05:09:37.049Z] [INDEXING-ORCHESTRATOR] [DEBUG] 📍 Chunk 117-128: 1 candidate symbols
[2025-11-08T05:09:37.048Z] [2025-11-08T05:09:37.049Z] [INDEXING-ORCHESTRATOR] [DEBUG] ✅ Chunk symbols after filtering: 1 symbols - SheetDescription
[2025-11-08T05:09:37.048Z] [2025-11-08T05:09:37.049Z] [INDEXING-ORCHESTRATOR] [DEBUG] 📍 Chunk 129-140: 0 candidate symbols
[2025-11-08T05:09:37.048Z] [2025-11-08T05:09:37.049Z] [INDEXING-ORCHESTRATOR] [DEBUG] ✅ Chunk symbols after filtering: 0 symbols - 
[2025-11-08T05:09:37.048Z] [2025-11-08T05:09:37.049Z] [INDEXING-ORCHESTRATOR] [DEBUG] Created 4 semantic chunks for C:\Projects\educatedplanet\admin\src\components\ui\sheet.tsx
[2025-11-08T05:09:37.048Z] [2025-11-08T05:09:37.049Z] [INDEXING-ORCHESTRATOR] [DEBUG] Average chunk size: 141 characters
[2025-11-08T05:09:37.051Z] [2025-11-08T05:09:37.052Z] [TREESITTER-CHUNKER] [INFO] Created 3 semantic chunks from C:\Projects\educatedplanet\admin\src\components\ui\scroll-area.tsx
[2025-11-08T05:09:37.058Z] [2025-11-08T05:09:37.060Z] [TREESITTER-FULL] [INFO] Extracted 2 symbols from C:\Projects\educatedplanet\admin\src\components\ui\scroll-area.tsx
[2025-11-08T05:09:37.058Z] [2025-11-08T05:09:37.060Z] [INDEXING-ORCHESTRATOR] [DEBUG] 🔍 Symbol extraction for C:\Projects\educatedplanet\admin\src\components\ui\scroll-area.tsx: 2 symbols, 3 imports
[2025-11-08T05:09:37.058Z] [2025-11-08T05:09:37.060Z] [INDEXING-ORCHESTRATOR] [DEBUG] 📍 Chunk 8-29: 1 candidate symbols
[2025-11-08T05:09:37.058Z] [2025-11-08T05:09:37.060Z] [INDEXING-ORCHESTRATOR] [DEBUG] ✅ Chunk symbols after filtering: 1 symbols - ScrollArea
[2025-11-08T05:09:37.058Z] [2025-11-08T05:09:37.060Z] [INDEXING-ORCHESTRATOR] [DEBUG] 📍 Chunk 31-56: 1 candidate symbols
[2025-11-08T05:09:37.059Z] [2025-11-08T05:09:37.060Z] [INDEXING-ORCHESTRATOR] [DEBUG] ✅ Chunk symbols after filtering: 1 symbols - ScrollBar
[2025-11-08T05:09:37.059Z] [2025-11-08T05:09:37.060Z] [INDEXING-ORCHESTRATOR] [DEBUG] 📍 Chunk 57-59: 0 candidate symbols
[2025-11-08T05:09:37.059Z] [2025-11-08T05:09:37.060Z] [INDEXING-ORCHESTRATOR] [DEBUG] ✅ Chunk symbols after filtering: 0 symbols - 
[2025-11-08T05:09:37.059Z] [2025-11-08T05:09:37.060Z] [INDEXING-ORCHESTRATOR] [DEBUG] Created 3 semantic chunks for C:\Projects\educatedplanet\admin\src\components\ui\scroll-area.tsx
[2025-11-08T05:09:37.059Z] [2025-11-08T05:09:37.060Z] [INDEXING-ORCHESTRATOR] [DEBUG] Average chunk size: 513 characters
[2025-11-08T05:09:37.074Z] [2025-11-08T05:09:37.075Z] [TREESITTER-CHUNKER] [INFO] Created 5 semantic chunks from C:\Projects\educatedplanet\admin\src\components\ui\select.tsx
[2025-11-08T05:09:37.111Z] [2025-11-08T05:09:37.112Z] [TREESITTER-FULL] [INFO] Extracted 0 symbols from C:\Projects\educatedplanet\admin\src\components\ui\select.tsx
[2025-11-08T05:09:37.111Z] [2025-11-08T05:09:37.112Z] [INDEXING-ORCHESTRATOR] [DEBUG] 🔍 Symbol extraction for C:\Projects\educatedplanet\admin\src\components\ui\select.tsx: 0 symbols, 4 imports
[2025-11-08T05:09:37.111Z] [2025-11-08T05:09:37.112Z] [INDEXING-ORCHESTRATOR] [DEBUG] 📍 Chunk 27-88: 0 candidate symbols
[2025-11-08T05:09:37.111Z] [2025-11-08T05:09:37.112Z] [INDEXING-ORCHESTRATOR] [DEBUG] ✅ Chunk symbols after filtering: 0 symbols - 
[2025-11-08T05:09:37.111Z] [2025-11-08T05:09:37.112Z] [INDEXING-ORCHESTRATOR] [DEBUG] 📍 Chunk 64-70: 0 candidate symbols
[2025-11-08T05:09:37.111Z] [2025-11-08T05:09:37.112Z] [INDEXING-ORCHESTRATOR] [DEBUG] ✅ Chunk symbols after filtering: 0 symbols - 
[2025-11-08T05:09:37.111Z] [2025-11-08T05:09:37.112Z] [INDEXING-ORCHESTRATOR] [DEBUG] 📍 Chunk 90-125: 0 candidate symbols
[2025-11-08T05:09:37.111Z] [2025-11-08T05:09:37.112Z] [INDEXING-ORCHESTRATOR] [DEBUG] ✅ Chunk symbols after filtering: 0 symbols - 
[2025-11-08T05:09:37.111Z] [2025-11-08T05:09:37.112Z] [INDEXING-ORCHESTRATOR] [DEBUG] 📍 Chunk 127-174: 0 candidate symbols
[2025-11-08T05:09:37.111Z] [2025-11-08T05:09:37.112Z] [INDEXING-ORCHESTRATOR] [DEBUG] ✅ Chunk symbols after filtering: 0 symbols - 
[2025-11-08T05:09:37.111Z] [2025-11-08T05:09:37.112Z] [INDEXING-ORCHESTRATOR] [DEBUG] 📍 Chunk 175-188: 0 candidate symbols
[2025-11-08T05:09:37.111Z] [2025-11-08T05:09:37.112Z] [INDEXING-ORCHESTRATOR] [DEBUG] ✅ Chunk symbols after filtering: 0 symbols - 
[2025-11-08T05:09:37.111Z] [2025-11-08T05:09:37.112Z] [INDEXING-ORCHESTRATOR] [DEBUG] Created 5 semantic chunks for C:\Projects\educatedplanet\admin\src\components\ui\select.tsx
[2025-11-08T05:09:37.111Z] [2025-11-08T05:09:37.112Z] [INDEXING-ORCHESTRATOR] [DEBUG] Average chunk size: 1313 characters
[2025-11-08T05:09:37.114Z] [2025-11-08T05:09:37.116Z] [TREESITTER-CHUNKER] [INFO] Created 2 semantic chunks from C:\Projects\educatedplanet\admin\src\components\ui\simple-loading-bar.tsx
[2025-11-08T05:09:37.123Z] [2025-11-08T05:09:37.124Z] [TREESITTER-FULL] [INFO] Extracted 1 symbols from C:\Projects\educatedplanet\admin\src\components\ui\simple-loading-bar.tsx
[2025-11-08T05:09:37.123Z] [2025-11-08T05:09:37.124Z] [INDEXING-ORCHESTRATOR] [DEBUG] 🔍 Symbol extraction for C:\Projects\educatedplanet\admin\src\components\ui\simple-loading-bar.tsx: 1 symbols, 2 imports
[2025-11-08T05:09:37.123Z] [2025-11-08T05:09:37.124Z] [INDEXING-ORCHESTRATOR] [DEBUG] 📍 Chunk 6-8: 1 candidate symbols
[2025-11-08T05:09:37.123Z] [2025-11-08T05:09:37.124Z] [INDEXING-ORCHESTRATOR] [DEBUG] ✅ Chunk symbols after filtering: 1 symbols - SimpleLoadingBarProps
[2025-11-08T05:09:37.123Z] [2025-11-08T05:09:37.124Z] [INDEXING-ORCHESTRATOR] [DEBUG] 📍 Chunk 9-69: 0 candidate symbols
[2025-11-08T05:09:37.123Z] [2025-11-08T05:09:37.124Z] [INDEXING-ORCHESTRATOR] [DEBUG] ✅ Chunk symbols after filtering: 0 symbols - 
[2025-11-08T05:09:37.123Z] [2025-11-08T05:09:37.124Z] [INDEXING-ORCHESTRATOR] [DEBUG] Created 2 semantic chunks for C:\Projects\educatedplanet\admin\src\components\ui\simple-loading-bar.tsx
[2025-11-08T05:09:37.123Z] [2025-11-08T05:09:37.124Z] [INDEXING-ORCHESTRATOR] [DEBUG] Average chunk size: 737 characters
[2025-11-08T05:09:37.124Z] [2025-11-08T05:09:37.125Z] [TREESITTER-CHUNKER] [INFO] Created 1 semantic chunks from C:\Projects\educatedplanet\admin\src\components\ui\separator.tsx
[2025-11-08T05:09:37.126Z] [2025-11-08T05:09:37.128Z] [TREESITTER-FULL] [INFO] Extracted 1 symbols from C:\Projects\educatedplanet\admin\src\components\ui\separator.tsx
[2025-11-08T05:09:37.126Z] [2025-11-08T05:09:37.128Z] [INDEXING-ORCHESTRATOR] [DEBUG] 🔍 Symbol extraction for C:\Projects\educatedplanet\admin\src\components\ui\separator.tsx: 1 symbols, 3 imports
[2025-11-08T05:09:37.126Z] [2025-11-08T05:09:37.128Z] [INDEXING-ORCHESTRATOR] [DEBUG] 📍 Chunk 8-28: 1 candidate symbols
[2025-11-08T05:09:37.126Z] [2025-11-08T05:09:37.128Z] [INDEXING-ORCHESTRATOR] [DEBUG] ✅ Chunk symbols after filtering: 1 symbols - Separator
[2025-11-08T05:09:37.127Z] [2025-11-08T05:09:37.128Z] [INDEXING-ORCHESTRATOR] [DEBUG] Created 1 semantic chunks for C:\Projects\educatedplanet\admin\src\components\ui\separator.tsx
[2025-11-08T05:09:37.127Z] [2025-11-08T05:09:37.128Z] [INDEXING-ORCHESTRATOR] [DEBUG] Average chunk size: 574 characters
[2025-11-08T05:09:37.170Z] [2025-11-08T05:09:37.172Z] [TREESITTER-CHUNKER] [INFO] Created 25 semantic chunks from C:\Projects\educatedplanet\admin\src\components\ui\sidebar.tsx
[2025-11-08T05:09:37.352Z] [2025-11-08T05:09:37.354Z] [TREESITTER-FULL] [INFO] Extracted 8 symbols from C:\Projects\educatedplanet\admin\src\components\ui\sidebar.tsx
[2025-11-08T05:09:37.352Z] [2025-11-08T05:09:37.354Z] [INDEXING-ORCHESTRATOR] [DEBUG] 🔍 Symbol extraction for C:\Projects\educatedplanet\admin\src\components\ui\sidebar.tsx: 8 symbols, 12 imports
[2025-11-08T05:09:37.352Z] [2025-11-08T05:09:37.354Z] [INDEXING-ORCHESTRATOR] [DEBUG] 📍 Chunk 35-54: 3 candidate symbols
[2025-11-08T05:09:37.352Z] [2025-11-08T05:09:37.354Z] [INDEXING-ORCHESTRATOR] [DEBUG] ✅ Chunk symbols after filtering: 3 symbols - SidebarContextProps, SidebarContext, useSidebar
[2025-11-08T05:09:37.352Z] [2025-11-08T05:09:37.354Z] [INDEXING-ORCHESTRATOR] [DEBUG] 📍 Chunk 141-145: 0 candidate symbols
[2025-11-08T05:09:37.352Z] [2025-11-08T05:09:37.354Z] [INDEXING-ORCHESTRATOR] [DEBUG] ✅ Chunk symbols after filtering: 0 symbols - 
[2025-11-08T05:09:37.353Z] [2025-11-08T05:09:37.354Z] [INDEXING-ORCHESTRATOR] [DEBUG] 📍 Chunk 172-176: 0 candidate symbols
[2025-11-08T05:09:37.353Z] [2025-11-08T05:09:37.354Z] [INDEXING-ORCHESTRATOR] [DEBUG] ✅ Chunk symbols after filtering: 0 symbols - 
[2025-11-08T05:09:37.353Z] [2025-11-08T05:09:37.354Z] [INDEXING-ORCHESTRATOR] [DEBUG] 📍 Chunk 231-242: 0 candidate symbols
[2025-11-08T05:09:37.353Z] [2025-11-08T05:09:37.354Z] [INDEXING-ORCHESTRATOR] [DEBUG] ✅ Chunk symbols after filtering: 0 symbols - 
[2025-11-08T05:09:37.353Z] [2025-11-08T05:09:37.354Z] [INDEXING-ORCHESTRATOR] [DEBUG] 📍 Chunk 293-302: 0 candidate symbols
[2025-11-08T05:09:37.353Z] [2025-11-08T05:09:37.354Z] [INDEXING-ORCHESTRATOR] [DEBUG] ✅ Chunk symbols after filtering: 0 symbols - 
[2025-11-08T05:09:37.353Z] [2025-11-08T05:09:37.354Z] [INDEXING-ORCHESTRATOR] [DEBUG] 📍 Chunk 311-316: 0 candidate symbols
[2025-11-08T05:09:37.353Z] [2025-11-08T05:09:37.354Z] [INDEXING-ORCHESTRATOR] [DEBUG] ✅ Chunk symbols after filtering: 0 symbols - 
[2025-11-08T05:09:37.353Z] [2025-11-08T05:09:37.354Z] [INDEXING-ORCHESTRATOR] [DEBUG] 📍 Chunk 329-330: 0 candidate symbols
[2025-11-08T05:09:37.353Z] [2025-11-08T05:09:37.354Z] [INDEXING-ORCHESTRATOR] [DEBUG] ✅ Chunk symbols after filtering: 0 symbols - 
[2025-11-08T05:09:37.353Z] [2025-11-08T05:09:37.354Z] [INDEXING-ORCHESTRATOR] [DEBUG] 📍 Chunk 340-341: 0 candidate symbols
[2025-11-08T05:09:37.353Z] [2025-11-08T05:09:37.354Z] [INDEXING-ORCHESTRATOR] [DEBUG] ✅ Chunk symbols after filtering: 0 symbols - 
[2025-11-08T05:09:37.353Z] [2025-11-08T05:09:37.354Z] [INDEXING-ORCHESTRATOR] [DEBUG] 📍 Chunk 351-352: 0 candidate symbols
[2025-11-08T05:09:37.353Z] [2025-11-08T05:09:37.354Z] [INDEXING-ORCHESTRATOR] [DEBUG] ✅ Chunk symbols after filtering: 0 symbols - 
[2025-11-08T05:09:37.353Z] [2025-11-08T05:09:37.354Z] [INDEXING-ORCHESTRATOR] [DEBUG] 📍 Chunk 365-366: 0 candidate symbols
[2025-11-08T05:09:37.353Z] [2025-11-08T05:09:37.354Z] [INDEXING-ORCHESTRATOR] [DEBUG] ✅ Chunk symbols after filtering: 0 symbols - 
[2025-11-08T05:09:37.353Z] [2025-11-08T05:09:37.354Z] [INDEXING-ORCHESTRATOR] [DEBUG] 📍 Chunk 376-380: 0 candidate symbols
[2025-11-08T05:09:37.353Z] [2025-11-08T05:09:37.354Z] [INDEXING-ORCHESTRATOR] [DEBUG] ✅ Chunk symbols after filtering: 0 symbols - 
[2025-11-08T05:09:37.353Z] [2025-11-08T05:09:37.354Z] [INDEXING-ORCHESTRATOR] [DEBUG] 📍 Chunk 390-391: 0 candidate symbols
[2025-11-08T05:09:37.353Z] [2025-11-08T05:09:37.354Z] [INDEXING-ORCHESTRATOR] [DEBUG] ✅ Chunk symbols after filtering: 0 symbols - 
[2025-11-08T05:09:37.353Z] [2025-11-08T05:09:37.354Z] [INDEXING-ORCHESTRATOR] [DEBUG] 📍 Chunk 407-412: 0 candidate symbols
[2025-11-08T05:09:37.353Z] [2025-11-08T05:09:37.354Z] [INDEXING-ORCHESTRATOR] [DEBUG] ✅ Chunk symbols after filtering: 0 symbols - 
[2025-11-08T05:09:37.353Z] [2025-11-08T05:09:37.354Z] [INDEXING-ORCHESTRATOR] [DEBUG] 📍 Chunk 428-435: 0 candidate symbols
[2025-11-08T05:09:37.353Z] [2025-11-08T05:09:37.354Z] [INDEXING-ORCHESTRATOR] [DEBUG] ✅ Chunk symbols after filtering: 0 symbols - 
[2025-11-08T05:09:37.353Z] [2025-11-08T05:09:37.354Z] [INDEXING-ORCHESTRATOR] [DEBUG] 📍 Chunk 448-449: 0 candidate symbols
[2025-11-08T05:09:37.353Z] [2025-11-08T05:09:37.354Z] [INDEXING-ORCHESTRATOR] [DEBUG] ✅ Chunk symbols after filtering: 0 symbols - 
[2025-11-08T05:09:37.353Z] [2025-11-08T05:09:37.354Z] [INDEXING-ORCHESTRATOR] [DEBUG] 📍 Chunk 459-460: 0 candidate symbols
[2025-11-08T05:09:37.353Z] [2025-11-08T05:09:37.354Z] [INDEXING-ORCHESTRATOR] [DEBUG] ✅ Chunk symbols after filtering: 0 symbols - 
[2025-11-08T05:09:37.353Z] [2025-11-08T05:09:37.354Z] [INDEXING-ORCHESTRATOR] [DEBUG] 📍 Chunk 470-471: 0 candidate symbols
[2025-11-08T05:09:37.353Z] [2025-11-08T05:09:37.354Z] [INDEXING-ORCHESTRATOR] [DEBUG] ✅ Chunk symbols after filtering: 0 symbols - 
[2025-11-08T05:09:37.353Z] [2025-11-08T05:09:37.354Z] [INDEXING-ORCHESTRATOR] [DEBUG] 📍 Chunk 520-521: 0 candidate symbols
[2025-11-08T05:09:37.353Z] [2025-11-08T05:09:37.354Z] [INDEXING-ORCHESTRATOR] [DEBUG] ✅ Chunk symbols after filtering: 0 symbols - 
[2025-11-08T05:09:37.353Z] [2025-11-08T05:09:37.354Z] [INDEXING-ORCHESTRATOR] [DEBUG] 📍 Chunk 563-575: 0 candidate symbols
[2025-11-08T05:09:37.353Z] [2025-11-08T05:09:37.354Z] [INDEXING-ORCHESTRATOR] [DEBUG] ✅ Chunk symbols after filtering: 0 symbols - 
[2025-11-08T05:09:37.353Z] [2025-11-08T05:09:37.354Z] [INDEXING-ORCHESTRATOR] [DEBUG] 📍 Chunk 588-597: 0 candidate symbols
[2025-11-08T05:09:37.353Z] [2025-11-08T05:09:37.354Z] [INDEXING-ORCHESTRATOR] [DEBUG] ✅ Chunk symbols after filtering: 0 symbols - 
[2025-11-08T05:09:37.353Z] [2025-11-08T05:09:37.354Z] [INDEXING-ORCHESTRATOR] [DEBUG] 📍 Chunk 618-619: 0 candidate symbols
[2025-11-08T05:09:37.353Z] [2025-11-08T05:09:37.354Z] [INDEXING-ORCHESTRATOR] [DEBUG] ✅ Chunk symbols after filtering: 0 symbols - 
[2025-11-08T05:09:37.353Z] [2025-11-08T05:09:37.354Z] [INDEXING-ORCHESTRATOR] [DEBUG] 📍 Chunk 645-650: 0 candidate symbols
[2025-11-08T05:09:37.353Z] [2025-11-08T05:09:37.354Z] [INDEXING-ORCHESTRATOR] [DEBUG] ✅ Chunk symbols after filtering: 0 symbols - 
[2025-11-08T05:09:37.353Z] [2025-11-08T05:09:37.354Z] [INDEXING-ORCHESTRATOR] [DEBUG] 📍 Chunk 663-664: 0 candidate symbols
[2025-11-08T05:09:37.353Z] [2025-11-08T05:09:37.354Z] [INDEXING-ORCHESTRATOR] [DEBUG] ✅ Chunk symbols after filtering: 0 symbols - 
[2025-11-08T05:09:37.353Z] [2025-11-08T05:09:37.354Z] [INDEXING-ORCHESTRATOR] [DEBUG] 📍 Chunk 688-696: 0 candidate symbols
[2025-11-08T05:09:37.353Z] [2025-11-08T05:09:37.354Z] [INDEXING-ORCHESTRATOR] [DEBUG] ✅ Chunk symbols after filtering: 0 symbols - 
[2025-11-08T05:09:37.353Z] [2025-11-08T05:09:37.354Z] [INDEXING-ORCHESTRATOR] [DEBUG] 📍 Chunk 697-727: 0 candidate symbols
[2025-11-08T05:09:37.353Z] [2025-11-08T05:09:37.354Z] [INDEXING-ORCHESTRATOR] [DEBUG] ✅ Chunk symbols after filtering: 0 symbols - 
[2025-11-08T05:09:37.353Z] [2025-11-08T05:09:37.354Z] [INDEXING-ORCHESTRATOR] [DEBUG] Created 25 semantic chunks for C:\Projects\educatedplanet\admin\src\components\ui\sidebar.tsx
[2025-11-08T05:09:37.353Z] [2025-11-08T05:09:37.354Z] [INDEXING-ORCHESTRATOR] [DEBUG] Average chunk size: 301 characters
[2025-11-08T05:09:37.353Z] [2025-11-08T05:09:37.354Z] [INDEXING-ORCHESTRATOR] [DEBUG] 📊 Processed: 110/226 files
[2025-11-08T05:09:37.366Z] [2025-11-08T05:09:37.367Z] [TREESITTER-CHUNKER] [INFO] Created 1 semantic chunks from C:\Projects\educatedplanet\admin\src\components\ui\slider.tsx
[2025-11-08T05:09:37.372Z] [2025-11-08T05:09:37.373Z] [TREESITTER-FULL] [INFO] Extracted 1 symbols from C:\Projects\educatedplanet\admin\src\components\ui\slider.tsx
[2025-11-08T05:09:37.372Z] [2025-11-08T05:09:37.373Z] [INDEXING-ORCHESTRATOR] [DEBUG] 🔍 Symbol extraction for C:\Projects\educatedplanet\admin\src\components\ui\slider.tsx: 1 symbols, 3 imports
[2025-11-08T05:09:37.372Z] [2025-11-08T05:09:37.373Z] [INDEXING-ORCHESTRATOR] [DEBUG] 📍 Chunk 1-64: 1 candidate symbols
[2025-11-08T05:09:37.372Z] [2025-11-08T05:09:37.373Z] [INDEXING-ORCHESTRATOR] [DEBUG] ✅ Chunk symbols after filtering: 1 symbols - _values
[2025-11-08T05:09:37.372Z] [2025-11-08T05:09:37.373Z] [INDEXING-ORCHESTRATOR] [DEBUG] Created 1 semantic chunks for C:\Projects\educatedplanet\admin\src\components\ui\slider.tsx
[2025-11-08T05:09:37.372Z] [2025-11-08T05:09:37.373Z] [INDEXING-ORCHESTRATOR] [DEBUG] Average chunk size: 2052 characters
[2025-11-08T05:09:37.378Z] [2025-11-08T05:09:37.379Z] [TREESITTER-CHUNKER] [INFO] Created 1 semantic chunks from C:\Projects\educatedplanet\admin\src\components\ui\sonner.tsx
[2025-11-08T05:09:37.386Z] [2025-11-08T05:09:37.387Z] [TREESITTER-FULL] [INFO] Extracted 0 symbols from C:\Projects\educatedplanet\admin\src\components\ui\sonner.tsx
[2025-11-08T05:09:37.386Z] [2025-11-08T05:09:37.387Z] [INDEXING-ORCHESTRATOR] [DEBUG] 🔍 Symbol extraction for C:\Projects\educatedplanet\admin\src\components\ui\sonner.tsx: 0 symbols, 3 imports
[2025-11-08T05:09:37.386Z] [2025-11-08T05:09:37.387Z] [INDEXING-ORCHESTRATOR] [DEBUG] 📍 Chunk 1-41: 0 candidate symbols
[2025-11-08T05:09:37.386Z] [2025-11-08T05:09:37.387Z] [INDEXING-ORCHESTRATOR] [DEBUG] ✅ Chunk symbols after filtering: 0 symbols - 
[2025-11-08T05:09:37.386Z] [2025-11-08T05:09:37.387Z] [INDEXING-ORCHESTRATOR] [DEBUG] Created 1 semantic chunks for C:\Projects\educatedplanet\admin\src\components\ui\sonner.tsx
[2025-11-08T05:09:37.386Z] [2025-11-08T05:09:37.387Z] [INDEXING-ORCHESTRATOR] [DEBUG] Average chunk size: 1072 characters
[2025-11-08T05:09:37.394Z] [2025-11-08T05:09:37.396Z] [TREESITTER-CHUNKER] [INFO] Created 9 semantic chunks from C:\Projects\educatedplanet\admin\src\components\ui\table.tsx
[2025-11-08T05:09:37.410Z] [2025-11-08T05:09:37.412Z] [TREESITTER-FULL] [INFO] Extracted 0 symbols from C:\Projects\educatedplanet\admin\src\components\ui\table.tsx
[2025-11-08T05:09:37.410Z] [2025-11-08T05:09:37.412Z] [INDEXING-ORCHESTRATOR] [DEBUG] 🔍 Symbol extraction for C:\Projects\educatedplanet\admin\src\components\ui\table.tsx: 0 symbols, 2 imports
[2025-11-08T05:09:37.410Z] [2025-11-08T05:09:37.412Z] [INDEXING-ORCHESTRATOR] [DEBUG] 📍 Chunk 15-16: 0 candidate symbols
[2025-11-08T05:09:37.410Z] [2025-11-08T05:09:37.412Z] [INDEXING-ORCHESTRATOR] [DEBUG] ✅ Chunk symbols after filtering: 0 symbols - 
[2025-11-08T05:09:37.410Z] [2025-11-08T05:09:37.412Z] [INDEXING-ORCHESTRATOR] [DEBUG] 📍 Chunk 26-27: 0 candidate symbols
[2025-11-08T05:09:37.411Z] [2025-11-08T05:09:37.412Z] [INDEXING-ORCHESTRATOR] [DEBUG] ✅ Chunk symbols after filtering: 0 symbols - 
[2025-11-08T05:09:37.411Z] [2025-11-08T05:09:37.412Z] [INDEXING-ORCHESTRATOR] [DEBUG] 📍 Chunk 36-37: 0 candidate symbols
[2025-11-08T05:09:37.411Z] [2025-11-08T05:09:37.412Z] [INDEXING-ORCHESTRATOR] [DEBUG] ✅ Chunk symbols after filtering: 0 symbols - 
[2025-11-08T05:09:37.411Z] [2025-11-08T05:09:37.412Z] [INDEXING-ORCHESTRATOR] [DEBUG] 📍 Chunk 46-50: 0 candidate symbols
[2025-11-08T05:09:37.411Z] [2025-11-08T05:09:37.412Z] [INDEXING-ORCHESTRATOR] [DEBUG] ✅ Chunk symbols after filtering: 0 symbols - 
[2025-11-08T05:09:37.411Z] [2025-11-08T05:09:37.412Z] [INDEXING-ORCHESTRATOR] [DEBUG] 📍 Chunk 59-63: 0 candidate symbols
[2025-11-08T05:09:37.411Z] [2025-11-08T05:09:37.412Z] [INDEXING-ORCHESTRATOR] [DEBUG] ✅ Chunk symbols after filtering: 0 symbols - 
[2025-11-08T05:09:37.411Z] [2025-11-08T05:09:37.412Z] [INDEXING-ORCHESTRATOR] [DEBUG] 📍 Chunk 72-76: 0 candidate symbols
[2025-11-08T05:09:37.411Z] [2025-11-08T05:09:37.412Z] [INDEXING-ORCHESTRATOR] [DEBUG] ✅ Chunk symbols after filtering: 0 symbols - 
[2025-11-08T05:09:37.411Z] [2025-11-08T05:09:37.412Z] [INDEXING-ORCHESTRATOR] [DEBUG] 📍 Chunk 85-89: 0 candidate symbols
[2025-11-08T05:09:37.411Z] [2025-11-08T05:09:37.412Z] [INDEXING-ORCHESTRATOR] [DEBUG] ✅ Chunk symbols after filtering: 0 symbols - 
[2025-11-08T05:09:37.411Z] [2025-11-08T05:09:37.412Z] [INDEXING-ORCHESTRATOR] [DEBUG] 📍 Chunk 101-102: 0 candidate symbols
[2025-11-08T05:09:37.411Z] [2025-11-08T05:09:37.412Z] [INDEXING-ORCHESTRATOR] [DEBUG] ✅ Chunk symbols after filtering: 0 symbols - 
[2025-11-08T05:09:37.411Z] [2025-11-08T05:09:37.412Z] [INDEXING-ORCHESTRATOR] [DEBUG] 📍 Chunk 103-117: 0 candidate symbols
[2025-11-08T05:09:37.411Z] [2025-11-08T05:09:37.412Z] [INDEXING-ORCHESTRATOR] [DEBUG] ✅ Chunk symbols after filtering: 0 symbols - 
[2025-11-08T05:09:37.411Z] [2025-11-08T05:09:37.412Z] [INDEXING-ORCHESTRATOR] [DEBUG] Created 9 semantic chunks for C:\Projects\educatedplanet\admin\src\components\ui\table.tsx
[2025-11-08T05:09:37.411Z] [2025-11-08T05:09:37.412Z] [INDEXING-ORCHESTRATOR] [DEBUG] Average chunk size: 113 characters
[2025-11-08T05:09:37.412Z] [2025-11-08T05:09:37.413Z] [TREESITTER-CHUNKER] [INFO] Created 2 semantic chunks from C:\Projects\educatedplanet\admin\src\components\ui\skeleton.tsx
[2025-11-08T05:09:37.414Z] [2025-11-08T05:09:37.415Z] [TREESITTER-FULL] [INFO] Extracted 0 symbols from C:\Projects\educatedplanet\admin\src\components\ui\skeleton.tsx
[2025-11-08T05:09:37.414Z] [2025-11-08T05:09:37.415Z] [INDEXING-ORCHESTRATOR] [DEBUG] 🔍 Symbol extraction for C:\Projects\educatedplanet\admin\src\components\ui\skeleton.tsx: 0 symbols, 1 imports
[2025-11-08T05:09:37.414Z] [2025-11-08T05:09:37.415Z] [INDEXING-ORCHESTRATOR] [DEBUG] 📍 Chunk 7-8: 0 candidate symbols
[2025-11-08T05:09:37.414Z] [2025-11-08T05:09:37.415Z] [INDEXING-ORCHESTRATOR] [DEBUG] ✅ Chunk symbols after filtering: 0 symbols - 
[2025-11-08T05:09:37.414Z] [2025-11-08T05:09:37.415Z] [INDEXING-ORCHESTRATOR] [DEBUG] 📍 Chunk 9-14: 0 candidate symbols
[2025-11-08T05:09:37.414Z] [2025-11-08T05:09:37.415Z] [INDEXING-ORCHESTRATOR] [DEBUG] ✅ Chunk symbols after filtering: 0 symbols - 
[2025-11-08T05:09:37.414Z] [2025-11-08T05:09:37.415Z] [INDEXING-ORCHESTRATOR] [DEBUG] Created 2 semantic chunks for C:\Projects\educatedplanet\admin\src\components\ui\skeleton.tsx
[2025-11-08T05:09:37.414Z] [2025-11-08T05:09:37.415Z] [INDEXING-ORCHESTRATOR] [DEBUG] Average chunk size: 52 characters
[2025-11-08T05:09:37.416Z] [2025-11-08T05:09:37.417Z] [TREESITTER-CHUNKER] [INFO] Created 1 semantic chunks from C:\Projects\educatedplanet\admin\src\components\ui\spinner.tsx
[2025-11-08T05:09:37.419Z] [2025-11-08T05:09:37.420Z] [TREESITTER-FULL] [INFO] Extracted 0 symbols from C:\Projects\educatedplanet\admin\src\components\ui\spinner.tsx
[2025-11-08T05:09:37.419Z] [2025-11-08T05:09:37.420Z] [INDEXING-ORCHESTRATOR] [DEBUG] 🔍 Symbol extraction for C:\Projects\educatedplanet\admin\src\components\ui\spinner.tsx: 0 symbols, 2 imports
[2025-11-08T05:09:37.419Z] [2025-11-08T05:09:37.420Z] [INDEXING-ORCHESTRATOR] [DEBUG] 📍 Chunk 1-17: 0 candidate symbols
[2025-11-08T05:09:37.419Z] [2025-11-08T05:09:37.420Z] [INDEXING-ORCHESTRATOR] [DEBUG] ✅ Chunk symbols after filtering: 0 symbols - 
[2025-11-08T05:09:37.419Z] [2025-11-08T05:09:37.421Z] [INDEXING-ORCHESTRATOR] [DEBUG] Created 1 semantic chunks for C:\Projects\educatedplanet\admin\src\components\ui\spinner.tsx
[2025-11-08T05:09:37.419Z] [2025-11-08T05:09:37.421Z] [INDEXING-ORCHESTRATOR] [DEBUG] Average chunk size: 345 characters
[2025-11-08T05:09:37.426Z] [2025-11-08T05:09:37.427Z] [TREESITTER-CHUNKER] [INFO] Created 3 semantic chunks from C:\Projects\educatedplanet\admin\src\components\ui\toggle-group.tsx
[2025-11-08T05:09:37.436Z] [2025-11-08T05:09:37.437Z] [TREESITTER-FULL] [INFO] Extracted 2 symbols from C:\Projects\educatedplanet\admin\src\components\ui\toggle-group.tsx
[2025-11-08T05:09:37.436Z] [2025-11-08T05:09:37.437Z] [INDEXING-ORCHESTRATOR] [DEBUG] 🔍 Symbol extraction for C:\Projects\educatedplanet\admin\src\components\ui\toggle-group.tsx: 2 symbols, 5 imports
[2025-11-08T05:09:37.436Z] [2025-11-08T05:09:37.437Z] [INDEXING-ORCHESTRATOR] [DEBUG] 📍 Chunk 20-66: 1 candidate symbols
[2025-11-08T05:09:37.436Z] [2025-11-08T05:09:37.437Z] [INDEXING-ORCHESTRATOR] [DEBUG] ✅ Chunk symbols after filtering: 1 symbols - ToggleGroup
[2025-11-08T05:09:37.436Z] [2025-11-08T05:09:37.437Z] [INDEXING-ORCHESTRATOR] [DEBUG] 📍 Chunk 67-76: 0 candidate symbols
[2025-11-08T05:09:37.436Z] [2025-11-08T05:09:37.437Z] [INDEXING-ORCHESTRATOR] [DEBUG] ✅ Chunk symbols after filtering: 0 symbols - 
[2025-11-08T05:09:37.436Z] [2025-11-08T05:09:37.437Z] [INDEXING-ORCHESTRATOR] [DEBUG] 📍 Chunk 77-84: 0 candidate symbols
[2025-11-08T05:09:37.436Z] [2025-11-08T05:09:37.437Z] [INDEXING-ORCHESTRATOR] [DEBUG] ✅ Chunk symbols after filtering: 0 symbols - 
[2025-11-08T05:09:37.436Z] [2025-11-08T05:09:37.437Z] [INDEXING-ORCHESTRATOR] [DEBUG] Created 3 semantic chunks for C:\Projects\educatedplanet\admin\src\components\ui\toggle-group.tsx
[2025-11-08T05:09:37.436Z] [2025-11-08T05:09:37.437Z] [INDEXING-ORCHESTRATOR] [DEBUG] Average chunk size: 636 characters
[2025-11-08T05:09:37.438Z] [2025-11-08T05:09:37.439Z] [TREESITTER-CHUNKER] [INFO] Created 1 semantic chunks from C:\Projects\educatedplanet\admin\src\components\ui\switch.tsx
[2025-11-08T05:09:37.440Z] [2025-11-08T05:09:37.441Z] [TREESITTER-FULL] [INFO] Extracted 0 symbols from C:\Projects\educatedplanet\admin\src\components\ui\switch.tsx
[2025-11-08T05:09:37.440Z] [2025-11-08T05:09:37.442Z] [INDEXING-ORCHESTRATOR] [DEBUG] 🔍 Symbol extraction for C:\Projects\educatedplanet\admin\src\components\ui\switch.tsx: 0 symbols, 3 imports
[2025-11-08T05:09:37.440Z] [2025-11-08T05:09:37.442Z] [INDEXING-ORCHESTRATOR] [DEBUG] 📍 Chunk 1-32: 0 candidate symbols
[2025-11-08T05:09:37.440Z] [2025-11-08T05:09:37.442Z] [INDEXING-ORCHESTRATOR] [DEBUG] ✅ Chunk symbols after filtering: 0 symbols - 
[2025-11-08T05:09:37.440Z] [2025-11-08T05:09:37.442Z] [INDEXING-ORCHESTRATOR] [DEBUG] Created 1 semantic chunks for C:\Projects\educatedplanet\admin\src\components\ui\switch.tsx
[2025-11-08T05:09:37.440Z] [2025-11-08T05:09:37.442Z] [INDEXING-ORCHESTRATOR] [DEBUG] Average chunk size: 1201 characters
[2025-11-08T05:09:37.442Z] [2025-11-08T05:09:37.443Z] [TREESITTER-CHUNKER] [INFO] Created 2 semantic chunks from C:\Projects\educatedplanet\admin\src\components\ui\textarea.tsx
[2025-11-08T05:09:37.448Z] [2025-11-08T05:09:37.449Z] [TREESITTER-FULL] [INFO] Extracted 0 symbols from C:\Projects\educatedplanet\admin\src\components\ui\textarea.tsx
[2025-11-08T05:09:37.448Z] [2025-11-08T05:09:37.449Z] [INDEXING-ORCHESTRATOR] [DEBUG] 🔍 Symbol extraction for C:\Projects\educatedplanet\admin\src\components\ui\textarea.tsx: 0 symbols, 2 imports
[2025-11-08T05:09:37.448Z] [2025-11-08T05:09:37.449Z] [INDEXING-ORCHESTRATOR] [DEBUG] 📍 Chunk 9-13: 0 candidate symbols
[2025-11-08T05:09:37.448Z] [2025-11-08T05:09:37.449Z] [INDEXING-ORCHESTRATOR] [DEBUG] ✅ Chunk symbols after filtering: 0 symbols - 
[2025-11-08T05:09:37.448Z] [2025-11-08T05:09:37.449Z] [INDEXING-ORCHESTRATOR] [DEBUG] 📍 Chunk 14-19: 0 candidate symbols
[2025-11-08T05:09:37.448Z] [2025-11-08T05:09:37.449Z] [INDEXING-ORCHESTRATOR] [DEBUG] ✅ Chunk symbols after filtering: 0 symbols - 
[2025-11-08T05:09:37.448Z] [2025-11-08T05:09:37.449Z] [INDEXING-ORCHESTRATOR] [DEBUG] Created 2 semantic chunks for C:\Projects\educatedplanet\admin\src\components\ui\textarea.tsx
[2025-11-08T05:09:37.448Z] [2025-11-08T05:09:37.449Z] [INDEXING-ORCHESTRATOR] [DEBUG] Average chunk size: 274 characters
[2025-11-08T05:09:37.450Z] [2025-11-08T05:09:37.451Z] [TREESITTER-CHUNKER] [INFO] Created 1 semantic chunks from C:\Projects\educatedplanet\admin\src\components\ui\toggle.tsx
[2025-11-08T05:09:37.455Z] [2025-11-08T05:09:37.457Z] [TREESITTER-FULL] [INFO] Extracted 1 symbols from C:\Projects\educatedplanet\admin\src\components\ui\toggle.tsx
[2025-11-08T05:09:37.455Z] [2025-11-08T05:09:37.457Z] [INDEXING-ORCHESTRATOR] [DEBUG] 🔍 Symbol extraction for C:\Projects\educatedplanet\admin\src\components\ui\toggle.tsx: 1 symbols, 4 imports
[2025-11-08T05:09:37.456Z] [2025-11-08T05:09:37.457Z] [INDEXING-ORCHESTRATOR] [DEBUG] 📍 Chunk 1-48: 1 candidate symbols
[2025-11-08T05:09:37.456Z] [2025-11-08T05:09:37.457Z] [INDEXING-ORCHESTRATOR] [DEBUG] ✅ Chunk symbols after filtering: 1 symbols - toggleVariants
[2025-11-08T05:09:37.456Z] [2025-11-08T05:09:37.457Z] [INDEXING-ORCHESTRATOR] [DEBUG] Created 1 semantic chunks for C:\Projects\educatedplanet\admin\src\components\ui\toggle.tsx
[2025-11-08T05:09:37.456Z] [2025-11-08T05:09:37.457Z] [INDEXING-ORCHESTRATOR] [DEBUG] Average chunk size: 1610 characters
[2025-11-08T05:09:37.460Z] [2025-11-08T05:09:37.461Z] [TREESITTER-CHUNKER] [INFO] Created 2 semantic chunks from C:\Projects\educatedplanet\admin\src\components\ui\tabs.tsx
[2025-11-08T05:09:37.467Z] [2025-11-08T05:09:37.468Z] [TREESITTER-FULL] [INFO] Extracted 1 symbols from C:\Projects\educatedplanet\admin\src\components\ui\tabs.tsx
[2025-11-08T05:09:37.467Z] [2025-11-08T05:09:37.468Z] [INDEXING-ORCHESTRATOR] [DEBUG] 🔍 Symbol extraction for C:\Projects\educatedplanet\admin\src\components\ui\tabs.tsx: 1 symbols, 3 imports
[2025-11-08T05:09:37.467Z] [2025-11-08T05:09:37.468Z] [INDEXING-ORCHESTRATOR] [DEBUG] 📍 Chunk 8-19: 1 candidate symbols
[2025-11-08T05:09:37.467Z] [2025-11-08T05:09:37.468Z] [INDEXING-ORCHESTRATOR] [DEBUG] ✅ Chunk symbols after filtering: 1 symbols - Tabs
[2025-11-08T05:09:37.467Z] [2025-11-08T05:09:37.468Z] [INDEXING-ORCHESTRATOR] [DEBUG] 📍 Chunk 20-67: 0 candidate symbols
[2025-11-08T05:09:37.467Z] [2025-11-08T05:09:37.468Z] [INDEXING-ORCHESTRATOR] [DEBUG] ✅ Chunk symbols after filtering: 0 symbols - 
[2025-11-08T05:09:37.467Z] [2025-11-08T05:09:37.468Z] [INDEXING-ORCHESTRATOR] [DEBUG] Created 2 semantic chunks for C:\Projects\educatedplanet\admin\src\components\ui\tabs.tsx
[2025-11-08T05:09:37.467Z] [2025-11-08T05:09:37.468Z] [INDEXING-ORCHESTRATOR] [DEBUG] Average chunk size: 944 characters
[2025-11-08T05:09:37.467Z] [2025-11-08T05:09:37.468Z] [INDEXING-ORCHESTRATOR] [DEBUG] 📊 Processed: 120/226 files
[2025-11-08T05:09:37.475Z] [2025-11-08T05:09:37.476Z] [TREESITTER-CHUNKER] [INFO] Created 3 semantic chunks from C:\Projects\educatedplanet\admin\src\components\ui\tooltip.tsx
[2025-11-08T05:09:37.483Z] [2025-11-08T05:09:37.484Z] [TREESITTER-FULL] [INFO] Extracted 2 symbols from C:\Projects\educatedplanet\admin\src\components\ui\tooltip.tsx
[2025-11-08T05:09:37.483Z] [2025-11-08T05:09:37.484Z] [INDEXING-ORCHESTRATOR] [DEBUG] 🔍 Symbol extraction for C:\Projects\educatedplanet\admin\src\components\ui\tooltip.tsx: 2 symbols, 3 imports
[2025-11-08T05:09:37.483Z] [2025-11-08T05:09:37.484Z] [INDEXING-ORCHESTRATOR] [DEBUG] 📍 Chunk 8-29: 2 candidate symbols
[2025-11-08T05:09:37.483Z] [2025-11-08T05:09:37.484Z] [INDEXING-ORCHESTRATOR] [DEBUG] ✅ Chunk symbols after filtering: 2 symbols - TooltipProvider, Tooltip
[2025-11-08T05:09:37.483Z] [2025-11-08T05:09:37.484Z] [INDEXING-ORCHESTRATOR] [DEBUG] 📍 Chunk 37-59: 0 candidate symbols
[2025-11-08T05:09:37.483Z] [2025-11-08T05:09:37.484Z] [INDEXING-ORCHESTRATOR] [DEBUG] ✅ Chunk symbols after filtering: 0 symbols - 
[2025-11-08T05:09:37.483Z] [2025-11-08T05:09:37.484Z] [INDEXING-ORCHESTRATOR] [DEBUG] 📍 Chunk 60-62: 0 candidate symbols
[2025-11-08T05:09:37.483Z] [2025-11-08T05:09:37.484Z] [INDEXING-ORCHESTRATOR] [DEBUG] ✅ Chunk symbols after filtering: 0 symbols - 
[2025-11-08T05:09:37.483Z] [2025-11-08T05:09:37.484Z] [INDEXING-ORCHESTRATOR] [DEBUG] Created 3 semantic chunks for C:\Projects\educatedplanet\admin\src\components\ui\tooltip.tsx
[2025-11-08T05:09:37.483Z] [2025-11-08T05:09:37.484Z] [INDEXING-ORCHESTRATOR] [DEBUG] Average chunk size: 538 characters
[2025-11-08T05:09:37.486Z] [2025-11-08T05:09:37.487Z] [TREESITTER-CHUNKER] [INFO] Created 1 semantic chunks from C:\Projects\educatedplanet\admin\src\hooks\api\use-dashboard.ts
[2025-11-08T05:09:37.493Z] [2025-11-08T05:09:37.494Z] [TREESITTER-FULL] [INFO] Extracted 4 symbols from C:\Projects\educatedplanet\admin\src\hooks\api\use-dashboard.ts
[2025-11-08T05:09:37.493Z] [2025-11-08T05:09:37.494Z] [INDEXING-ORCHESTRATOR] [DEBUG] 🔍 Symbol extraction for C:\Projects\educatedplanet\admin\src\hooks\api\use-dashboard.ts: 4 symbols, 2 imports
[2025-11-08T05:09:37.493Z] [2025-11-08T05:09:37.494Z] [INDEXING-ORCHESTRATOR] [DEBUG] 📍 Chunk 1-49: 4 candidate symbols
[2025-11-08T05:09:37.493Z] [2025-11-08T05:09:37.494Z] [INDEXING-ORCHESTRATOR] [DEBUG] ✅ Chunk symbols after filtering: 4 symbols - dashboardKeys, useDashboardOverview, useRecentActivities, useRefreshDashboard
[2025-11-08T05:09:37.493Z] [2025-11-08T05:09:37.494Z] [INDEXING-ORCHESTRATOR] [DEBUG] Created 1 semantic chunks for C:\Projects\educatedplanet\admin\src\hooks\api\use-dashboard.ts
[2025-11-08T05:09:37.494Z] [2025-11-08T05:09:37.494Z] [INDEXING-ORCHESTRATOR] [DEBUG] Average chunk size: 1506 characters
[2025-11-08T05:09:37.494Z] [2025-11-08T05:09:37.495Z] [TREESITTER-CHUNKER] [INFO] Created 1 semantic chunks from C:\Projects\educatedplanet\admin\src\config\app-config.ts
[2025-11-08T05:09:37.496Z] [2025-11-08T05:09:37.497Z] [TREESITTER-FULL] [INFO] Extracted 2 symbols from C:\Projects\educatedplanet\admin\src\config\app-config.ts
[2025-11-08T05:09:37.496Z] [2025-11-08T05:09:37.497Z] [INDEXING-ORCHESTRATOR] [DEBUG] 🔍 Symbol extraction for C:\Projects\educatedplanet\admin\src\config\app-config.ts: 2 symbols, 1 imports
[2025-11-08T05:09:37.496Z] [2025-11-08T05:09:37.497Z] [INDEXING-ORCHESTRATOR] [DEBUG] 📍 Chunk 1-15: 2 candidate symbols
[2025-11-08T05:09:37.496Z] [2025-11-08T05:09:37.497Z] [INDEXING-ORCHESTRATOR] [DEBUG] ✅ Chunk symbols after filtering: 2 symbols - currentYear, APP_CONFIG
[2025-11-08T05:09:37.496Z] [2025-11-08T05:09:37.497Z] [INDEXING-ORCHESTRATOR] [DEBUG] Created 1 semantic chunks for C:\Projects\educatedplanet\admin\src\config\app-config.ts
[2025-11-08T05:09:37.496Z] [2025-11-08T05:09:37.497Z] [INDEXING-ORCHESTRATOR] [DEBUG] Average chunk size: 570 characters
[2025-11-08T05:09:37.497Z] [2025-11-08T05:09:37.498Z] [TREESITTER-CHUNKER] [INFO] Created 1 semantic chunks from C:\Projects\educatedplanet\admin\src\hooks\api\index.ts
[2025-11-08T05:09:37.498Z] [2025-11-08T05:09:37.499Z] [TREESITTER-FULL] [INFO] Extracted 0 symbols from C:\Projects\educatedplanet\admin\src\hooks\api\index.ts
[2025-11-08T05:09:37.498Z] [2025-11-08T05:09:37.499Z] [INDEXING-ORCHESTRATOR] [DEBUG] 🔍 Symbol extraction for C:\Projects\educatedplanet\admin\src\hooks\api\index.ts: 0 symbols, 0 imports
[2025-11-08T05:09:37.498Z] [2025-11-08T05:09:37.499Z] [INDEXING-ORCHESTRATOR] [DEBUG] 📍 Chunk 1-49: 0 candidate symbols
[2025-11-08T05:09:37.498Z] [2025-11-08T05:09:37.499Z] [INDEXING-ORCHESTRATOR] [DEBUG] ✅ Chunk symbols after filtering: 0 symbols - 
[2025-11-08T05:09:37.498Z] [2025-11-08T05:09:37.499Z] [INDEXING-ORCHESTRATOR] [DEBUG] Created 1 semantic chunks for C:\Projects\educatedplanet\admin\src\hooks\api\index.ts
[2025-11-08T05:09:37.498Z] [2025-11-08T05:09:37.499Z] [INDEXING-ORCHESTRATOR] [DEBUG] Average chunk size: 747 characters
[2025-11-08T05:09:37.503Z] [2025-11-08T05:09:37.504Z] [TREESITTER-CHUNKER] [INFO] Created 1 semantic chunks from C:\Projects\educatedplanet\admin\src\data\tutors.ts
[2025-11-08T05:09:37.513Z] [2025-11-08T05:09:37.514Z] [TREESITTER-FULL] [INFO] Extracted 2 symbols from C:\Projects\educatedplanet\admin\src\data\tutors.ts
[2025-11-08T05:09:37.513Z] [2025-11-08T05:09:37.514Z] [INDEXING-ORCHESTRATOR] [DEBUG] 🔍 Symbol extraction for C:\Projects\educatedplanet\admin\src\data\tutors.ts: 2 symbols, 1 imports
[2025-11-08T05:09:37.513Z] [2025-11-08T05:09:37.514Z] [INDEXING-ORCHESTRATOR] [DEBUG] 📍 Chunk 1-118: 2 candidate symbols
[2025-11-08T05:09:37.513Z] [2025-11-08T05:09:37.514Z] [INDEXING-ORCHESTRATOR] [DEBUG] ✅ Chunk symbols after filtering: 2 symbols - tutors, reviews
[2025-11-08T05:09:37.513Z] [2025-11-08T05:09:37.514Z] [INDEXING-ORCHESTRATOR] [DEBUG] Created 1 semantic chunks for C:\Projects\educatedplanet\admin\src\data\tutors.ts
[2025-11-08T05:09:37.513Z] [2025-11-08T05:09:37.514Z] [INDEXING-ORCHESTRATOR] [DEBUG] Average chunk size: 2966 characters
[2025-11-08T05:09:37.522Z] [2025-11-08T05:09:37.523Z] [TREESITTER-CHUNKER] [INFO] Created 1 semantic chunks from C:\Projects\educatedplanet\admin\src\hooks\api\use-reviews.ts
[2025-11-08T05:09:37.558Z] [2025-11-08T05:09:37.559Z] [TREESITTER-FULL] [INFO] Extracted 8 symbols from C:\Projects\educatedplanet\admin\src\hooks\api\use-reviews.ts
[2025-11-08T05:09:37.558Z] [2025-11-08T05:09:37.559Z] [INDEXING-ORCHESTRATOR] [DEBUG] 🔍 Symbol extraction for C:\Projects\educatedplanet\admin\src\hooks\api\use-reviews.ts: 8 symbols, 3 imports
[2025-11-08T05:09:37.558Z] [2025-11-08T05:09:37.559Z] [INDEXING-ORCHESTRATOR] [DEBUG] 📍 Chunk 1-149: 8 candidate symbols
[2025-11-08T05:09:37.558Z] [2025-11-08T05:09:37.559Z] [INDEXING-ORCHESTRATOR] [DEBUG] ✅ Chunk symbols after filtering: 8 symbols - reviewKeys, useReviews, useReview, useReviewStats, useCreateReview, useUpdateReview, useDeleteReview, useBulkDeleteReviews
[2025-11-08T05:09:37.558Z] [2025-11-08T05:09:37.559Z] [INDEXING-ORCHESTRATOR] [DEBUG] Created 1 semantic chunks for C:\Projects\educatedplanet\admin\src\hooks\api\use-reviews.ts
[2025-11-08T05:09:37.558Z] [2025-11-08T05:09:37.559Z] [INDEXING-ORCHESTRATOR] [DEBUG] Average chunk size: 4631 characters
[2025-11-08T05:09:37.560Z] [2025-11-08T05:09:37.561Z] [TREESITTER-CHUNKER] [INFO] Created 1 semantic chunks from C:\Projects\educatedplanet\admin\src\data\users.ts
[2025-11-08T05:09:37.562Z] [2025-11-08T05:09:37.563Z] [TREESITTER-FULL] [INFO] Extracted 2 symbols from C:\Projects\educatedplanet\admin\src\data\users.ts
[2025-11-08T05:09:37.562Z] [2025-11-08T05:09:37.563Z] [INDEXING-ORCHESTRATOR] [DEBUG] 🔍 Symbol extraction for C:\Projects\educatedplanet\admin\src\data\users.ts: 2 symbols, 1 imports
[2025-11-08T05:09:37.562Z] [2025-11-08T05:09:37.563Z] [INDEXING-ORCHESTRATOR] [DEBUG] 📍 Chunk 1-29: 2 candidate symbols
[2025-11-08T05:09:37.562Z] [2025-11-08T05:09:37.563Z] [INDEXING-ORCHESTRATOR] [DEBUG] ✅ Chunk symbols after filtering: 2 symbols - users, rootUser
[2025-11-08T05:09:37.562Z] [2025-11-08T05:09:37.563Z] [INDEXING-ORCHESTRATOR] [DEBUG] Created 1 semantic chunks for C:\Projects\educatedplanet\admin\src\data\users.ts
[2025-11-08T05:09:37.562Z] [2025-11-08T05:09:37.563Z] [INDEXING-ORCHESTRATOR] [DEBUG] Average chunk size: 711 characters
[2025-11-08T05:09:37.574Z] [2025-11-08T05:09:37.576Z] [TREESITTER-CHUNKER] [INFO] Created 1 semantic chunks from C:\Projects\educatedplanet\admin\src\hooks\api\use-tutors.ts
[2025-11-08T05:09:37.615Z] [2025-11-08T05:09:37.616Z] [TREESITTER-FULL] [INFO] Extracted 10 symbols from C:\Projects\educatedplanet\admin\src\hooks\api\use-tutors.ts
[2025-11-08T05:09:37.615Z] [2025-11-08T05:09:37.616Z] [INDEXING-ORCHESTRATOR] [DEBUG] 🔍 Symbol extraction for C:\Projects\educatedplanet\admin\src\hooks\api\use-tutors.ts: 10 symbols, 3 imports
[2025-11-08T05:09:37.615Z] [2025-11-08T05:09:37.616Z] [INDEXING-ORCHESTRATOR] [DEBUG] 📍 Chunk 1-197: 10 candidate symbols
[2025-11-08T05:09:37.615Z] [2025-11-08T05:09:37.616Z] [INDEXING-ORCHESTRATOR] [DEBUG] ✅ Chunk symbols after filtering: 10 symbols - tutorKeys, useTutors, useTutor, useTutorStats, useCreateTutor, useUpdateTutor, useDeleteTutor, useVerifyTutor, useBulkDeleteTutors, useBulkVerifyTutors
[2025-11-08T05:09:37.615Z] [2025-11-08T05:09:37.616Z] [INDEXING-ORCHESTRATOR] [DEBUG] Created 1 semantic chunks for C:\Projects\educatedplanet\admin\src\hooks\api\use-tutors.ts
[2025-11-08T05:09:37.615Z] [2025-11-08T05:09:37.616Z] [INDEXING-ORCHESTRATOR] [DEBUG] Average chunk size: 6211 characters
[2025-11-08T05:09:37.623Z] [2025-11-08T05:09:37.624Z] [TREESITTER-CHUNKER] [INFO] Created 1 semantic chunks from C:\Projects\educatedplanet\admin\src\hooks\api\use-users.ts
[2025-11-08T05:09:37.653Z] [2025-11-08T05:09:37.655Z] [TREESITTER-FULL] [INFO] Extracted 8 symbols from C:\Projects\educatedplanet\admin\src\hooks\api\use-users.ts
[2025-11-08T05:09:37.653Z] [2025-11-08T05:09:37.655Z] [INDEXING-ORCHESTRATOR] [DEBUG] 🔍 Symbol extraction for C:\Projects\educatedplanet\admin\src\hooks\api\use-users.ts: 8 symbols, 3 imports
[2025-11-08T05:09:37.653Z] [2025-11-08T05:09:37.655Z] [INDEXING-ORCHESTRATOR] [DEBUG] 📍 Chunk 1-149: 8 candidate symbols
[2025-11-08T05:09:37.653Z] [2025-11-08T05:09:37.655Z] [INDEXING-ORCHESTRATOR] [DEBUG] ✅ Chunk symbols after filtering: 8 symbols - userKeys, useUsers, useUser, useUserStats, useCreateUser, useUpdateUser, useDeleteUser, useBulkDeleteUsers
[2025-11-08T05:09:37.653Z] [2025-11-08T05:09:37.655Z] [INDEXING-ORCHESTRATOR] [DEBUG] Created 1 semantic chunks for C:\Projects\educatedplanet\admin\src\hooks\api\use-users.ts
[2025-11-08T05:09:37.654Z] [2025-11-08T05:09:37.655Z] [INDEXING-ORCHESTRATOR] [DEBUG] Average chunk size: 4481 characters
[2025-11-08T05:09:37.656Z] [2025-11-08T05:09:37.658Z] [TREESITTER-CHUNKER] [INFO] Created 2 semantic chunks from C:\Projects\educatedplanet\admin\src\hooks\use-data-table-instance.ts
[2025-11-08T05:09:37.663Z] [2025-11-08T05:09:37.664Z] [TREESITTER-FULL] [INFO] Extracted 2 symbols from C:\Projects\educatedplanet\admin\src\hooks\use-data-table-instance.ts
[2025-11-08T05:09:37.663Z] [2025-11-08T05:09:37.664Z] [INDEXING-ORCHESTRATOR] [DEBUG] 🔍 Symbol extraction for C:\Projects\educatedplanet\admin\src\hooks\use-data-table-instance.ts: 2 symbols, 2 imports
[2025-11-08T05:09:37.663Z] [2025-11-08T05:09:37.664Z] [INDEXING-ORCHESTRATOR] [DEBUG] 📍 Chunk 17-25: 1 candidate symbols
[2025-11-08T05:09:37.663Z] [2025-11-08T05:09:37.664Z] [INDEXING-ORCHESTRATOR] [DEBUG] ✅ Chunk symbols after filtering: 1 symbols - UseDataTableInstanceProps
[2025-11-08T05:09:37.663Z] [2025-11-08T05:09:37.664Z] [INDEXING-ORCHESTRATOR] [DEBUG] 📍 Chunk 27-71: 1 candidate symbols
[2025-11-08T05:09:37.663Z] [2025-11-08T05:09:37.664Z] [INDEXING-ORCHESTRATOR] [DEBUG] ✅ Chunk symbols after filtering: 1 symbols - useDataTableInstance
[2025-11-08T05:09:37.663Z] [2025-11-08T05:09:37.664Z] [INDEXING-ORCHESTRATOR] [DEBUG] Created 2 semantic chunks for C:\Projects\educatedplanet\admin\src\hooks\use-data-table-instance.ts
[2025-11-08T05:09:37.663Z] [2025-11-08T05:09:37.664Z] [INDEXING-ORCHESTRATOR] [DEBUG] Average chunk size: 890 characters
[2025-11-08T05:09:37.663Z] [2025-11-08T05:09:37.664Z] [INDEXING-ORCHESTRATOR] [DEBUG] 📊 Processed: 130/226 files
[2025-11-08T05:09:37.672Z] [2025-11-08T05:09:37.673Z] [TREESITTER-CHUNKER] [INFO] Created 1 semantic chunks from C:\Projects\educatedplanet\admin\src\hooks\use-navigation-loading.ts
[2025-11-08T05:09:37.675Z] [2025-11-08T05:09:37.677Z] [TREESITTER-FULL] [INFO] Extracted 1 symbols from C:\Projects\educatedplanet\admin\src\hooks\use-navigation-loading.ts
[2025-11-08T05:09:37.675Z] [2025-11-08T05:09:37.677Z] [INDEXING-ORCHESTRATOR] [DEBUG] 🔍 Symbol extraction for C:\Projects\educatedplanet\admin\src\hooks\use-navigation-loading.ts: 1 symbols, 3 imports
[2025-11-08T05:09:37.675Z] [2025-11-08T05:09:37.677Z] [INDEXING-ORCHESTRATOR] [DEBUG] 📍 Chunk 7-40: 1 candidate symbols
[2025-11-08T05:09:37.675Z] [2025-11-08T05:09:37.677Z] [INDEXING-ORCHESTRATOR] [DEBUG] ✅ Chunk symbols after filtering: 1 symbols - useNavigationLoading
[2025-11-08T05:09:37.675Z] [2025-11-08T05:09:37.677Z] [INDEXING-ORCHESTRATOR] [DEBUG] Created 1 semantic chunks for C:\Projects\educatedplanet\admin\src\hooks\use-navigation-loading.ts
[2025-11-08T05:09:37.676Z] [2025-11-08T05:09:37.677Z] [INDEXING-ORCHESTRATOR] [DEBUG] Average chunk size: 816 characters
[2025-11-08T05:09:37.677Z] [2025-11-08T05:09:37.678Z] [TREESITTER-CHUNKER] [INFO] Created 1 semantic chunks from C:\Projects\educatedplanet\admin\src\lib\layout-utils.ts
[2025-11-08T05:09:37.678Z] [2025-11-08T05:09:37.679Z] [TREESITTER-FULL] [INFO] Extracted 2 symbols from C:\Projects\educatedplanet\admin\src\lib\layout-utils.ts
[2025-11-08T05:09:37.678Z] [2025-11-08T05:09:37.679Z] [INDEXING-ORCHESTRATOR] [DEBUG] 🔍 Symbol extraction for C:\Projects\educatedplanet\admin\src\lib\layout-utils.ts: 2 symbols, 0 imports
[2025-11-08T05:09:37.678Z] [2025-11-08T05:09:37.679Z] [INDEXING-ORCHESTRATOR] [DEBUG] 📍 Chunk 1-13: 2 candidate symbols
[2025-11-08T05:09:37.678Z] [2025-11-08T05:09:37.680Z] [INDEXING-ORCHESTRATOR] [DEBUG] ✅ Chunk symbols after filtering: 2 symbols - updateContentLayout, updateNavbarStyle
[2025-11-08T05:09:37.679Z] [2025-11-08T05:09:37.680Z] [INDEXING-ORCHESTRATOR] [DEBUG] Created 1 semantic chunks for C:\Projects\educatedplanet\admin\src\lib\layout-utils.ts
[2025-11-08T05:09:37.679Z] [2025-11-08T05:09:37.680Z] [INDEXING-ORCHESTRATOR] [DEBUG] Average chunk size: 435 characters
[2025-11-08T05:09:37.680Z] [2025-11-08T05:09:37.681Z] [TREESITTER-CHUNKER] [INFO] Created 1 semantic chunks from C:\Projects\educatedplanet\admin\src\hooks\use-mobile.ts
[2025-11-08T05:09:37.683Z] [2025-11-08T05:09:37.684Z] [TREESITTER-FULL] [INFO] Extracted 1 symbols from C:\Projects\educatedplanet\admin\src\hooks\use-mobile.ts
[2025-11-08T05:09:37.683Z] [2025-11-08T05:09:37.684Z] [INDEXING-ORCHESTRATOR] [DEBUG] 🔍 Symbol extraction for C:\Projects\educatedplanet\admin\src\hooks\use-mobile.ts: 1 symbols, 1 imports
[2025-11-08T05:09:37.683Z] [2025-11-08T05:09:37.684Z] [INDEXING-ORCHESTRATOR] [DEBUG] 📍 Chunk 5-19: 1 candidate symbols
[2025-11-08T05:09:37.683Z] [2025-11-08T05:09:37.684Z] [INDEXING-ORCHESTRATOR] [DEBUG] ✅ Chunk symbols after filtering: 1 symbols - useIsMobile
[2025-11-08T05:09:37.683Z] [2025-11-08T05:09:37.684Z] [INDEXING-ORCHESTRATOR] [DEBUG] Created 1 semantic chunks for C:\Projects\educatedplanet\admin\src\hooks\use-mobile.ts
[2025-11-08T05:09:37.683Z] [2025-11-08T05:09:37.684Z] [INDEXING-ORCHESTRATOR] [DEBUG] Average chunk size: 517 characters
[2025-11-08T05:09:37.684Z] [2025-11-08T05:09:37.686Z] [TREESITTER-CHUNKER] [INFO] Created 1 semantic chunks from C:\Projects\educatedplanet\admin\src\lib\theme-utils.ts
[2025-11-08T05:09:37.686Z] [2025-11-08T05:09:37.687Z] [TREESITTER-FULL] [INFO] Extracted 1 symbols from C:\Projects\educatedplanet\admin\src\lib\theme-utils.ts
[2025-11-08T05:09:37.686Z] [2025-11-08T05:09:37.687Z] [INDEXING-ORCHESTRATOR] [DEBUG] 🔍 Symbol extraction for C:\Projects\educatedplanet\admin\src\lib\theme-utils.ts: 1 symbols, 0 imports
[2025-11-08T05:09:37.686Z] [2025-11-08T05:09:37.687Z] [INDEXING-ORCHESTRATOR] [DEBUG] 📍 Chunk 1-8: 1 candidate symbols
[2025-11-08T05:09:37.686Z] [2025-11-08T05:09:37.687Z] [INDEXING-ORCHESTRATOR] [DEBUG] ✅ Chunk symbols after filtering: 1 symbols - updateThemeMode
[2025-11-08T05:09:37.686Z] [2025-11-08T05:09:37.687Z] [INDEXING-ORCHESTRATOR] [DEBUG] Created 1 semantic chunks for C:\Projects\educatedplanet\admin\src\lib\theme-utils.ts
[2025-11-08T05:09:37.686Z] [2025-11-08T05:09:37.687Z] [INDEXING-ORCHESTRATOR] [DEBUG] Average chunk size: 281 characters
[2025-11-08T05:09:37.703Z] [2025-11-08T05:09:37.704Z] [TREESITTER-CHUNKER] [INFO] Created 1 semantic chunks from C:\Projects\educatedplanet\admin\src\lib\api.ts
[2025-11-08T05:09:37.761Z] [2025-11-08T05:09:37.762Z] [TREESITTER-FULL] [INFO] Extracted 11 symbols from C:\Projects\educatedplanet\admin\src\lib\api.ts
[2025-11-08T05:09:37.761Z] [2025-11-08T05:09:37.762Z] [INDEXING-ORCHESTRATOR] [DEBUG] 🔍 Symbol extraction for C:\Projects\educatedplanet\admin\src\lib\api.ts: 11 symbols, 2 imports
[2025-11-08T05:09:37.761Z] [2025-11-08T05:09:37.762Z] [INDEXING-ORCHESTRATOR] [DEBUG] 📍 Chunk 1-397: 11 candidate symbols
[2025-11-08T05:09:37.761Z] [2025-11-08T05:09:37.762Z] [INDEXING-ORCHESTRATOR] [DEBUG] ✅ Chunk symbols after filtering: 11 symbols - userService, tutorService, reviewService, transformUserSearchResult, transformTutorSearchResult, transformReviewSearchResult, userApi, tutorApi, reviewApi, dashboardApi, api
[2025-11-08T05:09:37.761Z] [2025-11-08T05:09:37.762Z] [INDEXING-ORCHESTRATOR] [DEBUG] Created 1 semantic chunks for C:\Projects\educatedplanet\admin\src\lib\api.ts
[2025-11-08T05:09:37.761Z] [2025-11-08T05:09:37.762Z] [INDEXING-ORCHESTRATOR] [DEBUG] Average chunk size: 10532 characters
[2025-11-08T05:09:37.785Z] [2025-11-08T05:09:37.786Z] [TREESITTER-CHUNKER] [INFO] Created 1 semantic chunks from C:\Projects\educatedplanet\admin\src\lib\static-api.ts
[2025-11-08T05:09:37.914Z] [2025-11-08T05:09:37.915Z] [TREESITTER-FULL] [INFO] Extracted 11 symbols from C:\Projects\educatedplanet\admin\src\lib\static-api.ts
[2025-11-08T05:09:37.914Z] [2025-11-08T05:09:37.915Z] [INDEXING-ORCHESTRATOR] [DEBUG] 🔍 Symbol extraction for C:\Projects\educatedplanet\admin\src\lib\static-api.ts: 11 symbols, 3 imports
[2025-11-08T05:09:37.914Z] [2025-11-08T05:09:37.915Z] [INDEXING-ORCHESTRATOR] [DEBUG] 📍 Chunk 1-540: 11 candidate symbols
[2025-11-08T05:09:37.914Z] [2025-11-08T05:09:37.915Z] [INDEXING-ORCHESTRATOR] [DEBUG] ✅ Chunk symbols after filtering: 11 symbols - transformUserSearchResult, transformTutorSearchResult, transformReviewSearchResult, userApi, tutorApi, reviewApi, dashboardApi, api, userService, tutorService, reviewService
[2025-11-08T05:09:37.914Z] [2025-11-08T05:09:37.915Z] [INDEXING-ORCHESTRATOR] [DEBUG] Created 1 semantic chunks for C:\Projects\educatedplanet\admin\src\lib\static-api.ts
[2025-11-08T05:09:37.914Z] [2025-11-08T05:09:37.915Z] [INDEXING-ORCHESTRATOR] [DEBUG] Average chunk size: 16126 characters
[2025-11-08T05:09:37.916Z] [2025-11-08T05:09:37.917Z] [TREESITTER-CHUNKER] [INFO] Created 1 semantic chunks from C:\Projects\educatedplanet\admin\src\lib\seed-database.ts
[2025-11-08T05:09:37.918Z] [2025-11-08T05:09:37.919Z] [TREESITTER-FULL] [INFO] Extracted 1 symbols from C:\Projects\educatedplanet\admin\src\lib\seed-database.ts
[2025-11-08T05:09:37.919Z] [2025-11-08T05:09:37.920Z] [INDEXING-ORCHESTRATOR] [DEBUG] 🔍 Symbol extraction for C:\Projects\educatedplanet\admin\src\lib\seed-database.ts: 1 symbols, 1 imports
[2025-11-08T05:09:37.919Z] [2025-11-08T05:09:37.920Z] [INDEXING-ORCHESTRATOR] [DEBUG] 📍 Chunk 5-28: 1 candidate symbols
[2025-11-08T05:09:37.919Z] [2025-11-08T05:09:37.920Z] [INDEXING-ORCHESTRATOR] [DEBUG] ✅ Chunk symbols after filtering: 1 symbols - seedDatabase
[2025-11-08T05:09:37.919Z] [2025-11-08T05:09:37.920Z] [INDEXING-ORCHESTRATOR] [DEBUG] Created 1 semantic chunks for C:\Projects\educatedplanet\admin\src\lib\seed-database.ts
[2025-11-08T05:09:37.919Z] [2025-11-08T05:09:37.920Z] [INDEXING-ORCHESTRATOR] [DEBUG] Average chunk size: 661 characters
[2025-11-08T05:09:37.920Z] [2025-11-08T05:09:37.921Z] [TREESITTER-CHUNKER] [INFO] Created 2 semantic chunks from C:\Projects\educatedplanet\admin\src\proxy.disabled.ts
[2025-11-08T05:09:37.924Z] [2025-11-08T05:09:37.924Z] [TREESITTER-FULL] [INFO] Extracted 2 symbols from C:\Projects\educatedplanet\admin\src\proxy.disabled.ts
[2025-11-08T05:09:37.924Z] [2025-11-08T05:09:37.925Z] [INDEXING-ORCHESTRATOR] [DEBUG] 🔍 Symbol extraction for C:\Projects\educatedplanet\admin\src\proxy.disabled.ts: 2 symbols, 1 imports
[2025-11-08T05:09:37.924Z] [2025-11-08T05:09:37.925Z] [INDEXING-ORCHESTRATOR] [DEBUG] 📍 Chunk 10-17: 1 candidate symbols
[2025-11-08T05:09:37.924Z] [2025-11-08T05:09:37.925Z] [INDEXING-ORCHESTRATOR] [DEBUG] ✅ Chunk symbols after filtering: 1 symbols - proxy
[2025-11-08T05:09:37.925Z] [2025-11-08T05:09:37.925Z] [INDEXING-ORCHESTRATOR] [DEBUG] 📍 Chunk 18-26: 1 candidate symbols
[2025-11-08T05:09:37.925Z] [2025-11-08T05:09:37.925Z] [INDEXING-ORCHESTRATOR] [DEBUG] ✅ Chunk symbols after filtering: 1 symbols - config
[2025-11-08T05:09:37.925Z] [2025-11-08T05:09:37.925Z] [INDEXING-ORCHESTRATOR] [DEBUG] Created 2 semantic chunks for C:\Projects\educatedplanet\admin\src\proxy.disabled.ts
[2025-11-08T05:09:37.925Z] [2025-11-08T05:09:37.925Z] [INDEXING-ORCHESTRATOR] [DEBUG] Average chunk size: 237 characters
[2025-11-08T05:09:37.928Z] [2025-11-08T05:09:37.929Z] [TREESITTER-CHUNKER] [INFO] Created 2 semantic chunks from C:\Projects\educatedplanet\admin\src\lib\utils.ts
[2025-11-08T05:09:37.939Z] [2025-11-08T05:09:37.940Z] [TREESITTER-FULL] [INFO] Extracted 3 symbols from C:\Projects\educatedplanet\admin\src\lib\utils.ts
[2025-11-08T05:09:37.939Z] [2025-11-08T05:09:37.940Z] [INDEXING-ORCHESTRATOR] [DEBUG] 🔍 Symbol extraction for C:\Projects\educatedplanet\admin\src\lib\utils.ts: 3 symbols, 2 imports
[2025-11-08T05:09:37.939Z] [2025-11-08T05:09:37.940Z] [INDEXING-ORCHESTRATOR] [DEBUG] 📍 Chunk 4-6: 1 candidate symbols
[2025-11-08T05:09:37.939Z] [2025-11-08T05:09:37.940Z] [INDEXING-ORCHESTRATOR] [DEBUG] ✅ Chunk symbols after filtering: 1 symbols - cn
[2025-11-08T05:09:37.939Z] [2025-11-08T05:09:37.940Z] [INDEXING-ORCHESTRATOR] [DEBUG] 📍 Chunk 22-42: 1 candidate symbols
[2025-11-08T05:09:37.939Z] [2025-11-08T05:09:37.940Z] [INDEXING-ORCHESTRATOR] [DEBUG] ✅ Chunk symbols after filtering: 1 symbols - formatCurrency
[2025-11-08T05:09:37.939Z] [2025-11-08T05:09:37.940Z] [INDEXING-ORCHESTRATOR] [DEBUG] Created 2 semantic chunks for C:\Projects\educatedplanet\admin\src\lib\utils.ts
[2025-11-08T05:09:37.939Z] [2025-11-08T05:09:37.940Z] [INDEXING-ORCHESTRATOR] [DEBUG] Average chunk size: 360 characters
[2025-11-08T05:09:37.950Z] [2025-11-08T05:09:37.951Z] [TREESITTER-CHUNKER] [INFO] Created 2 semantic chunks from C:\Projects\educatedplanet\admin\src\navigation\sidebar\sidebar-items.ts
[2025-11-08T05:09:37.968Z] [2025-11-08T05:09:37.969Z] [TREESITTER-FULL] [INFO] Extracted 4 symbols from C:\Projects\educatedplanet\admin\src\navigation\sidebar\sidebar-items.ts
[2025-11-08T05:09:37.968Z] [2025-11-08T05:09:37.969Z] [INDEXING-ORCHESTRATOR] [DEBUG] 🔍 Symbol extraction for C:\Projects\educatedplanet\admin\src\navigation\sidebar\sidebar-items.ts: 4 symbols, 1 imports
[2025-11-08T05:09:37.968Z] [2025-11-08T05:09:37.969Z] [INDEXING-ORCHESTRATOR] [DEBUG] 📍 Chunk 22-45: 3 candidate symbols
[2025-11-08T05:09:37.968Z] [2025-11-08T05:09:37.969Z] [INDEXING-ORCHESTRATOR] [DEBUG] ✅ Chunk symbols after filtering: 3 symbols - NavSubItem, NavMainItem, NavGroup
[2025-11-08T05:09:37.968Z] [2025-11-08T05:09:37.969Z] [INDEXING-ORCHESTRATOR] [DEBUG] 📍 Chunk 46-169: 1 candidate symbols
[2025-11-08T05:09:37.968Z] [2025-11-08T05:09:37.969Z] [INDEXING-ORCHESTRATOR] [DEBUG] ✅ Chunk symbols after filtering: 1 symbols - sidebarItems
[2025-11-08T05:09:37.968Z] [2025-11-08T05:09:37.969Z] [INDEXING-ORCHESTRATOR] [DEBUG] Created 2 semantic chunks for C:\Projects\educatedplanet\admin\src\navigation\sidebar\sidebar-items.ts
[2025-11-08T05:09:37.968Z] [2025-11-08T05:09:37.969Z] [INDEXING-ORCHESTRATOR] [DEBUG] Average chunk size: 1564 characters
[2025-11-08T05:09:37.968Z] [2025-11-08T05:09:37.969Z] [INDEXING-ORCHESTRATOR] [DEBUG] 📊 Processed: 140/226 files
[2025-11-08T05:09:37.994Z] [2025-11-08T05:09:37.995Z] [TREESITTER-CHUNKER] [INFO] Created 2 semantic chunks from C:\Projects\educatedplanet\admin\src\scripts\generate-theme-presets.ts
[2025-11-08T05:09:38.015Z] [2025-11-08T05:09:38.017Z] [TREESITTER-FULL] [INFO] Extracted 11 symbols from C:\Projects\educatedplanet\admin\src\scripts\generate-theme-presets.ts
[2025-11-08T05:09:38.015Z] [2025-11-08T05:09:38.017Z] [INDEXING-ORCHESTRATOR] [DEBUG] 🔍 Symbol extraction for C:\Projects\educatedplanet\admin\src\scripts\generate-theme-presets.ts: 11 symbols, 3 imports
[2025-11-08T05:09:38.016Z] [2025-11-08T05:09:38.017Z] [INDEXING-ORCHESTRATOR] [DEBUG] 📍 Chunk 112-122: 1 candidate symbols
[2025-11-08T05:09:38.016Z] [2025-11-08T05:09:38.017Z] [INDEXING-ORCHESTRATOR] [DEBUG] ✅ Chunk symbols after filtering: 1 symbols - main
[2025-11-08T05:09:38.016Z] [2025-11-08T05:09:38.017Z] [INDEXING-ORCHESTRATOR] [DEBUG] 📍 Chunk 123-128: 0 candidate symbols
[2025-11-08T05:09:38.016Z] [2025-11-08T05:09:38.017Z] [INDEXING-ORCHESTRATOR] [DEBUG] ✅ Chunk symbols after filtering: 0 symbols - 
[2025-11-08T05:09:38.016Z] [2025-11-08T05:09:38.017Z] [INDEXING-ORCHESTRATOR] [DEBUG] Created 2 semantic chunks for C:\Projects\educatedplanet\admin\src\scripts\generate-theme-presets.ts
[2025-11-08T05:09:38.016Z] [2025-11-08T05:09:38.017Z] [INDEXING-ORCHESTRATOR] [DEBUG] Average chunk size: 221 characters
[2025-11-08T05:09:38.020Z] [2025-11-08T05:09:38.022Z] [TREESITTER-CHUNKER] [INFO] Created 1 semantic chunks from C:\Projects\educatedplanet\admin\src\server\server-actions.ts
[2025-11-08T05:09:38.028Z] [2025-11-08T05:09:38.030Z] [TREESITTER-FULL] [INFO] Extracted 3 symbols from C:\Projects\educatedplanet\admin\src\server\server-actions.ts
[2025-11-08T05:09:38.028Z] [2025-11-08T05:09:38.030Z] [INDEXING-ORCHESTRATOR] [DEBUG] 🔍 Symbol extraction for C:\Projects\educatedplanet\admin\src\server\server-actions.ts: 3 symbols, 1 imports
[2025-11-08T05:09:38.028Z] [2025-11-08T05:09:38.030Z] [INDEXING-ORCHESTRATOR] [DEBUG] 📍 Chunk 5-27: 3 candidate symbols
[2025-11-08T05:09:38.029Z] [2025-11-08T05:09:38.030Z] [INDEXING-ORCHESTRATOR] [DEBUG] ✅ Chunk symbols after filtering: 3 symbols - getValueFromCookie, setValueToCookie, getPreference
[2025-11-08T05:09:38.029Z] [2025-11-08T05:09:38.030Z] [INDEXING-ORCHESTRATOR] [DEBUG] Created 1 semantic chunks for C:\Projects\educatedplanet\admin\src\server\server-actions.ts
[2025-11-08T05:09:38.029Z] [2025-11-08T05:09:38.030Z] [INDEXING-ORCHESTRATOR] [DEBUG] Average chunk size: 820 characters
[2025-11-08T05:09:38.033Z] [2025-11-08T05:09:38.034Z] [TREESITTER-CHUNKER] [INFO] Created 1 semantic chunks from C:\Projects\educatedplanet\admin\src\stores\preferences\preferences-provider.tsx
[2025-11-08T05:09:38.041Z] [2025-11-08T05:09:38.043Z] [TREESITTER-FULL] [INFO] Extracted 3 symbols from C:\Projects\educatedplanet\admin\src\stores\preferences\preferences-provider.tsx
[2025-11-08T05:09:38.041Z] [2025-11-08T05:09:38.043Z] [INDEXING-ORCHESTRATOR] [DEBUG] 🔍 Symbol extraction for C:\Projects\educatedplanet\admin\src\stores\preferences\preferences-provider.tsx: 3 symbols, 3 imports
[2025-11-08T05:09:38.042Z] [2025-11-08T05:09:38.043Z] [INDEXING-ORCHESTRATOR] [DEBUG] 📍 Chunk 1-30: 3 candidate symbols
[2025-11-08T05:09:38.042Z] [2025-11-08T05:09:38.043Z] [INDEXING-ORCHESTRATOR] [DEBUG] ✅ Chunk symbols after filtering: 3 symbols - PreferencesStoreContext, storeRef, usePreferencesStore
[2025-11-08T05:09:38.042Z] [2025-11-08T05:09:38.043Z] [INDEXING-ORCHESTRATOR] [DEBUG] Created 1 semantic chunks for C:\Projects\educatedplanet\admin\src\stores\preferences\preferences-provider.tsx
[2025-11-08T05:09:38.042Z] [2025-11-08T05:09:38.043Z] [INDEXING-ORCHESTRATOR] [DEBUG] Average chunk size: 978 characters
[2025-11-08T05:09:38.044Z] [2025-11-08T05:09:38.045Z] [TREESITTER-CHUNKER] [INFO] Created 2 semantic chunks from C:\Projects\educatedplanet\admin\src\stores\preferences\preferences-store.ts
[2025-11-08T05:09:38.048Z] [2025-11-08T05:09:38.049Z] [TREESITTER-FULL] [INFO] Extracted 2 symbols from C:\Projects\educatedplanet\admin\src\stores\preferences\preferences-store.ts
[2025-11-08T05:09:38.048Z] [2025-11-08T05:09:38.049Z] [INDEXING-ORCHESTRATOR] [DEBUG] 🔍 Symbol extraction for C:\Projects\educatedplanet\admin\src\stores\preferences\preferences-store.ts: 2 symbols, 2 imports
[2025-11-08T05:09:38.048Z] [2025-11-08T05:09:38.049Z] [INDEXING-ORCHESTRATOR] [DEBUG] 📍 Chunk 5-8: 1 candidate symbols
[2025-11-08T05:09:38.048Z] [2025-11-08T05:09:38.050Z] [INDEXING-ORCHESTRATOR] [DEBUG] ✅ Chunk symbols after filtering: 1 symbols - PreferencesState
[2025-11-08T05:09:38.048Z] [2025-11-08T05:09:38.050Z] [INDEXING-ORCHESTRATOR] [DEBUG] 📍 Chunk 9-15: 1 candidate symbols
[2025-11-08T05:09:38.049Z] [2025-11-08T05:09:38.050Z] [INDEXING-ORCHESTRATOR] [DEBUG] ✅ Chunk symbols after filtering: 1 symbols - createPreferencesStore
[2025-11-08T05:09:38.049Z] [2025-11-08T05:09:38.050Z] [INDEXING-ORCHESTRATOR] [DEBUG] Created 2 semantic chunks for C:\Projects\educatedplanet\admin\src\stores\preferences\preferences-store.ts
[2025-11-08T05:09:38.049Z] [2025-11-08T05:09:38.050Z] [INDEXING-ORCHESTRATOR] [DEBUG] Average chunk size: 164 characters
[2025-11-08T05:09:38.051Z] [2025-11-08T05:09:38.053Z] [TREESITTER-CHUNKER] [INFO] Created 1 semantic chunks from C:\Projects\educatedplanet\admin\src\types\preferences\theme.ts
[2025-11-08T05:09:38.056Z] [2025-11-08T05:09:38.057Z] [TREESITTER-FULL] [INFO] Extracted 3 symbols from C:\Projects\educatedplanet\admin\src\types\preferences\theme.ts
[2025-11-08T05:09:38.057Z] [2025-11-08T05:09:38.057Z] [INDEXING-ORCHESTRATOR] [DEBUG] 🔍 Symbol extraction for C:\Projects\educatedplanet\admin\src\types\preferences\theme.ts: 3 symbols, 0 imports
[2025-11-08T05:09:38.058Z] [2025-11-08T05:09:38.058Z] [INDEXING-ORCHESTRATOR] [DEBUG] 📍 Chunk 14-14: 1 candidate symbols
[2025-11-08T05:09:38.058Z] [2025-11-08T05:09:38.058Z] [INDEXING-ORCHESTRATOR] [DEBUG] ✅ Chunk symbols after filtering: 1 symbols - ThemeMode
[2025-11-08T05:09:38.058Z] [2025-11-08T05:09:38.058Z] [INDEXING-ORCHESTRATOR] [DEBUG] Created 1 semantic chunks for C:\Projects\educatedplanet\admin\src\types\preferences\theme.ts
[2025-11-08T05:09:38.058Z] [2025-11-08T05:09:38.058Z] [INDEXING-ORCHESTRATOR] [DEBUG] Average chunk size: 52 characters
[2025-11-08T05:09:38.064Z] [2025-11-08T05:09:38.065Z] [TREESITTER-CHUNKER] [INFO] Created 4 semantic chunks from C:\Projects\educatedplanet\admin\src\types\preferences\layout.ts
[2025-11-08T05:09:38.074Z] [2025-11-08T05:09:38.075Z] [TREESITTER-FULL] [INFO] Extracted 12 symbols from C:\Projects\educatedplanet\admin\src\types\preferences\layout.ts
[2025-11-08T05:09:38.074Z] [2025-11-08T05:09:38.075Z] [INDEXING-ORCHESTRATOR] [DEBUG] 🔍 Symbol extraction for C:\Projects\educatedplanet\admin\src\types\preferences\layout.ts: 12 symbols, 0 imports
[2025-11-08T05:09:38.074Z] [2025-11-08T05:09:38.075Z] [INDEXING-ORCHESTRATOR] [DEBUG] 📍 Chunk 8-8: 1 candidate symbols
[2025-11-08T05:09:38.074Z] [2025-11-08T05:09:38.075Z] [INDEXING-ORCHESTRATOR] [DEBUG] ✅ Chunk symbols after filtering: 1 symbols - SidebarVariant
[2025-11-08T05:09:38.074Z] [2025-11-08T05:09:38.075Z] [INDEXING-ORCHESTRATOR] [DEBUG] 📍 Chunk 16-16: 1 candidate symbols
[2025-11-08T05:09:38.074Z] [2025-11-08T05:09:38.075Z] [INDEXING-ORCHESTRATOR] [DEBUG] ✅ Chunk symbols after filtering: 1 symbols - SidebarCollapsible
[2025-11-08T05:09:38.074Z] [2025-11-08T05:09:38.075Z] [INDEXING-ORCHESTRATOR] [DEBUG] 📍 Chunk 24-24: 1 candidate symbols
[2025-11-08T05:09:38.074Z] [2025-11-08T05:09:38.075Z] [INDEXING-ORCHESTRATOR] [DEBUG] ✅ Chunk symbols after filtering: 1 symbols - ContentLayout
[2025-11-08T05:09:38.074Z] [2025-11-08T05:09:38.075Z] [INDEXING-ORCHESTRATOR] [DEBUG] 📍 Chunk 32-32: 1 candidate symbols
[2025-11-08T05:09:38.074Z] [2025-11-08T05:09:38.075Z] [INDEXING-ORCHESTRATOR] [DEBUG] ✅ Chunk symbols after filtering: 1 symbols - NavbarStyle
[2025-11-08T05:09:38.074Z] [2025-11-08T05:09:38.075Z] [INDEXING-ORCHESTRATOR] [DEBUG] Created 4 semantic chunks for C:\Projects\educatedplanet\admin\src\types\preferences\layout.ts
[2025-11-08T05:09:38.074Z] [2025-11-08T05:09:38.075Z] [INDEXING-ORCHESTRATOR] [DEBUG] Average chunk size: 62 characters
[2025-11-08T05:09:38.075Z] [2025-11-08T05:09:38.076Z] [TREESITTER-CHUNKER] [INFO] Created 1 semantic chunks from C:\Projects\educatedplanet\common\src\index.ts
[2025-11-08T05:09:38.076Z] [2025-11-08T05:09:38.077Z] [TREESITTER-FULL] [INFO] Extracted 0 symbols from C:\Projects\educatedplanet\common\src\index.ts
[2025-11-08T05:09:38.076Z] [2025-11-08T05:09:38.077Z] [INDEXING-ORCHESTRATOR] [DEBUG] 🔍 Symbol extraction for C:\Projects\educatedplanet\common\src\index.ts: 0 symbols, 0 imports
[2025-11-08T05:09:38.076Z] [2025-11-08T05:09:38.077Z] [INDEXING-ORCHESTRATOR] [DEBUG] 📍 Chunk 1-4: 0 candidate symbols
[2025-11-08T05:09:38.076Z] [2025-11-08T05:09:38.077Z] [INDEXING-ORCHESTRATOR] [DEBUG] ✅ Chunk symbols after filtering: 0 symbols - 
[2025-11-08T05:09:38.076Z] [2025-11-08T05:09:38.077Z] [INDEXING-ORCHESTRATOR] [DEBUG] Created 1 semantic chunks for C:\Projects\educatedplanet\common\src\index.ts
[2025-11-08T05:09:38.076Z] [2025-11-08T05:09:38.077Z] [INDEXING-ORCHESTRATOR] [DEBUG] Average chunk size: 142 characters
[2025-11-08T05:09:38.081Z] [2025-11-08T05:09:38.082Z] [TREESITTER-CHUNKER] [INFO] Created 1 semantic chunks from C:\Projects\educatedplanet\common\src\constants\index.ts
[2025-11-08T05:09:38.092Z] [2025-11-08T05:09:38.093Z] [TREESITTER-FULL] [INFO] Extracted 6 symbols from C:\Projects\educatedplanet\common\src\constants\index.ts
[2025-11-08T05:09:38.092Z] [2025-11-08T05:09:38.093Z] [INDEXING-ORCHESTRATOR] [DEBUG] 🔍 Symbol extraction for C:\Projects\educatedplanet\common\src\constants\index.ts: 6 symbols, 0 imports
[2025-11-08T05:09:38.092Z] [2025-11-08T05:09:38.093Z] [INDEXING-ORCHESTRATOR] [DEBUG] 📍 Chunk 1-78: 6 candidate symbols
[2025-11-08T05:09:38.092Z] [2025-11-08T05:09:38.093Z] [INDEXING-ORCHESTRATOR] [DEBUG] ✅ Chunk symbols after filtering: 6 symbols - APP_CONFIG, LOCATIONS, SUBJECTS, CLASS_LEVELS, USER_ROLES, TEACHING_MODES
[2025-11-08T05:09:38.092Z] [2025-11-08T05:09:38.093Z] [INDEXING-ORCHESTRATOR] [DEBUG] Created 1 semantic chunks for C:\Projects\educatedplanet\common\src\constants\index.ts
[2025-11-08T05:09:38.092Z] [2025-11-08T05:09:38.093Z] [INDEXING-ORCHESTRATOR] [DEBUG] Average chunk size: 1296 characters
[2025-11-08T05:09:38.095Z] [2025-11-08T05:09:38.097Z] [TREESITTER-CHUNKER] [INFO] Created 1 semantic chunks from C:\Projects\educatedplanet\common\src\utils\index.ts
[2025-11-08T05:09:38.102Z] [2025-11-08T05:09:38.103Z] [TREESITTER-FULL] [INFO] Extracted 5 symbols from C:\Projects\educatedplanet\common\src\utils\index.ts
[2025-11-08T05:09:38.103Z] [2025-11-08T05:09:38.103Z] [INDEXING-ORCHESTRATOR] [DEBUG] 🔍 Symbol extraction for C:\Projects\educatedplanet\common\src\utils\index.ts: 5 symbols, 0 imports
[2025-11-08T05:09:38.103Z] [2025-11-08T05:09:38.103Z] [INDEXING-ORCHESTRATOR] [DEBUG] 📍 Chunk 6-44: 5 candidate symbols
[2025-11-08T05:09:38.103Z] [2025-11-08T05:09:38.103Z] [INDEXING-ORCHESTRATOR] [DEBUG] ✅ Chunk symbols after filtering: 5 symbols - formatTutorName, formatCurrency, generateSlug, isEmpty, truncateText
[2025-11-08T05:09:38.103Z] [2025-11-08T05:09:38.103Z] [INDEXING-ORCHESTRATOR] [DEBUG] Created 1 semantic chunks for C:\Projects\educatedplanet\common\src\utils\index.ts
[2025-11-08T05:09:38.103Z] [2025-11-08T05:09:38.103Z] [INDEXING-ORCHESTRATOR] [DEBUG] Average chunk size: 880 characters
[2025-11-08T05:09:38.111Z] [2025-11-08T05:09:38.112Z] [TREESITTER-CHUNKER] [INFO] Created 1 semantic chunks from C:\Projects\educatedplanet\common\src\validation\index.ts
[2025-11-08T05:09:38.130Z] [2025-11-08T05:09:38.132Z] [TREESITTER-FULL] [INFO] Extracted 18 symbols from C:\Projects\educatedplanet\common\src\validation\index.ts
[2025-11-08T05:09:38.131Z] [2025-11-08T05:09:38.132Z] [INDEXING-ORCHESTRATOR] [DEBUG] 🔍 Symbol extraction for C:\Projects\educatedplanet\common\src\validation\index.ts: 18 symbols, 1 imports
[2025-11-08T05:09:38.131Z] [2025-11-08T05:09:38.132Z] [INDEXING-ORCHESTRATOR] [DEBUG] 📍 Chunk 74-78: 5 candidate symbols
[2025-11-08T05:09:38.131Z] [2025-11-08T05:09:38.132Z] [INDEXING-ORCHESTRATOR] [DEBUG] ✅ Chunk symbols after filtering: 5 symbols - LoginInput, TutorBasicInfoInput, TutorTeachingInput, TutorLocationInput, ReviewInput
[2025-11-08T05:09:38.131Z] [2025-11-08T05:09:38.132Z] [INDEXING-ORCHESTRATOR] [DEBUG] Created 1 semantic chunks for C:\Projects\educatedplanet\common\src\validation\index.ts
[2025-11-08T05:09:38.131Z] [2025-11-08T05:09:38.132Z] [INDEXING-ORCHESTRATOR] [DEBUG] Average chunk size: 314 characters
[2025-11-08T05:09:38.131Z] [2025-11-08T05:09:38.132Z] [INDEXING-ORCHESTRATOR] [DEBUG] 📊 Processed: 150/226 files
[2025-11-08T05:09:38.140Z] [2025-11-08T05:09:38.141Z] [TREESITTER-CHUNKER] [INFO] Created 2 semantic chunks from C:\Projects\educatedplanet\dataservice\run-seeder.js
[2025-11-08T05:09:38.143Z] [2025-11-08T05:09:38.144Z] [TREESITTER-FULL] [INFO] Extracted 1 symbols from C:\Projects\educatedplanet\dataservice\run-seeder.js
[2025-11-08T05:09:38.143Z] [2025-11-08T05:09:38.144Z] [INDEXING-ORCHESTRATOR] [DEBUG] 🔍 Symbol extraction for C:\Projects\educatedplanet\dataservice\run-seeder.js: 1 symbols, 2 imports
[2025-11-08T05:09:38.143Z] [2025-11-08T05:09:38.144Z] [INDEXING-ORCHESTRATOR] [DEBUG] 📍 Chunk 11-21: 1 candidate symbols
[2025-11-08T05:09:38.143Z] [2025-11-08T05:09:38.144Z] [INDEXING-ORCHESTRATOR] [DEBUG] ✅ Chunk symbols after filtering: 1 symbols - runSeeder
[2025-11-08T05:09:38.143Z] [2025-11-08T05:09:38.144Z] [INDEXING-ORCHESTRATOR] [DEBUG] 📍 Chunk 22-24: 0 candidate symbols
[2025-11-08T05:09:38.143Z] [2025-11-08T05:09:38.144Z] [INDEXING-ORCHESTRATOR] [DEBUG] ✅ Chunk symbols after filtering: 0 symbols - 
[2025-11-08T05:09:38.143Z] [2025-11-08T05:09:38.144Z] [INDEXING-ORCHESTRATOR] [DEBUG] Created 2 semantic chunks for C:\Projects\educatedplanet\dataservice\run-seeder.js
[2025-11-08T05:09:38.143Z] [2025-11-08T05:09:38.144Z] [INDEXING-ORCHESTRATOR] [DEBUG] Average chunk size: 157 characters
[2025-11-08T05:09:38.146Z] [2025-11-08T05:09:38.147Z] [TREESITTER-CHUNKER] [INFO] 🔍 Found class: DatabaseConnection (126 lines)
[2025-11-08T05:09:38.146Z] [2025-11-08T05:09:38.147Z] [TREESITTER-CHUNKER] [INFO] 📦 Keeping small class intact: DatabaseConnection (126 lines <= 150)
[2025-11-08T05:09:38.152Z] [2025-11-08T05:09:38.153Z] [TREESITTER-CHUNKER] [INFO] Created 2 semantic chunks from C:\Projects\educatedplanet\dataservice\src\datamodels\connections\database.js
[2025-11-08T05:09:38.187Z] [2025-11-08T05:09:38.188Z] [TREESITTER-FULL] [INFO] Extracted 4 symbols from C:\Projects\educatedplanet\dataservice\src\datamodels\connections\database.js
[2025-11-08T05:09:38.187Z] [2025-11-08T05:09:38.188Z] [INDEXING-ORCHESTRATOR] [DEBUG] 🔍 Symbol extraction for C:\Projects\educatedplanet\dataservice\src\datamodels\connections\database.js: 4 symbols, 0 imports
[2025-11-08T05:09:38.187Z] [2025-11-08T05:09:38.188Z] [INDEXING-ORCHESTRATOR] [DEBUG] 📍 Chunk 27-152: 1 candidate symbols
[2025-11-08T05:09:38.187Z] [2025-11-08T05:09:38.188Z] [INDEXING-ORCHESTRATOR] [DEBUG] ✅ Chunk symbols after filtering: 1 symbols - DatabaseConnection
[2025-11-08T05:09:38.187Z] [2025-11-08T05:09:38.188Z] [INDEXING-ORCHESTRATOR] [DEBUG] 📍 Chunk 153-174: 2 candidate symbols
[2025-11-08T05:09:38.187Z] [2025-11-08T05:09:38.188Z] [INDEXING-ORCHESTRATOR] [DEBUG] ✅ Chunk symbols after filtering: 2 symbols - initializeDatabase, closeDatabase
[2025-11-08T05:09:38.187Z] [2025-11-08T05:09:38.188Z] [INDEXING-ORCHESTRATOR] [DEBUG] Created 2 semantic chunks for C:\Projects\educatedplanet\dataservice\src\datamodels\connections\database.js
[2025-11-08T05:09:38.187Z] [2025-11-08T05:09:38.188Z] [INDEXING-ORCHESTRATOR] [DEBUG] Average chunk size: 2344 characters
[2025-11-08T05:09:38.191Z] [2025-11-08T05:09:38.192Z] [TREESITTER-CHUNKER] [INFO] 🔍 Found class: unknown (178 lines)
[2025-11-08T05:09:38.191Z] [2025-11-08T05:09:38.192Z] [TREESITTER-CHUNKER] [INFO] 📤 Splitting large class: unknown (178 lines > 150)
[2025-11-08T05:09:38.191Z] [2025-11-08T05:09:38.193Z] [TREESITTER-CHUNKER] [INFO] 🔧 Extracting methods from large class with 2 children
[2025-11-08T05:09:38.192Z] [2025-11-08T05:09:38.193Z] [TREESITTER-CHUNKER] [INFO] 🔍 Checking 24 nodes for methods (using class_body)
[2025-11-08T05:09:38.192Z] [2025-11-08T05:09:38.193Z] [TREESITTER-CHUNKER] [INFO]    Child type: public_field_definition at lines 37-37
[2025-11-08T05:09:38.192Z] [2025-11-08T05:09:38.193Z] [TREESITTER-CHUNKER] [INFO]    Child type: public_field_definition at lines 38-38
[2025-11-08T05:09:38.192Z] [2025-11-08T05:09:38.193Z] [TREESITTER-CHUNKER] [INFO]    Child type: public_field_definition at lines 39-39
[2025-11-08T05:09:38.192Z] [2025-11-08T05:09:38.193Z] [TREESITTER-CHUNKER] [INFO]    Child type: method_definition at lines 41-46
[2025-11-08T05:09:38.192Z] [2025-11-08T05:09:38.193Z] [TREESITTER-CHUNKER] [INFO]    🎯 Found method: unknown (6 lines, 138 chars)
[2025-11-08T05:09:38.192Z] [2025-11-08T05:09:38.193Z] [TREESITTER-CHUNKER] [INFO]    ✅ Added method chunk: unknown
[2025-11-08T05:09:38.192Z] [2025-11-08T05:09:38.193Z] [TREESITTER-CHUNKER] [INFO]    Child type: comment at lines 48-50
[2025-11-08T05:09:38.192Z] [2025-11-08T05:09:38.193Z] [TREESITTER-CHUNKER] [INFO]    Child type: method_definition at lines 51-56
[2025-11-08T05:09:38.192Z] [2025-11-08T05:09:38.193Z] [TREESITTER-CHUNKER] [INFO]    🎯 Found method: unknown (6 lines, 201 chars)
[2025-11-08T05:09:38.192Z] [2025-11-08T05:09:38.193Z] [TREESITTER-CHUNKER] [INFO]    ✅ Added method chunk: unknown
[2025-11-08T05:09:38.192Z] [2025-11-08T05:09:38.193Z] [TREESITTER-CHUNKER] [INFO]    Child type: comment at lines 58-60
[2025-11-08T05:09:38.192Z] [2025-11-08T05:09:38.193Z] [TREESITTER-CHUNKER] [INFO]    Child type: method_definition at lines 61-97
[2025-11-08T05:09:38.192Z] [2025-11-08T05:09:38.194Z] [TREESITTER-CHUNKER] [INFO]    🎯 Found method: unknown (37 lines, 1098 chars)
[2025-11-08T05:09:38.192Z] [2025-11-08T05:09:38.194Z] [TREESITTER-CHUNKER] [INFO]    ✅ Added method chunk: unknown
[2025-11-08T05:09:38.192Z] [2025-11-08T05:09:38.194Z] [TREESITTER-CHUNKER] [INFO]    Child type: comment at lines 99-101
[2025-11-08T05:09:38.192Z] [2025-11-08T05:09:38.194Z] [TREESITTER-CHUNKER] [INFO]    Child type: method_definition at lines 102-116
[2025-11-08T05:09:38.192Z] [2025-11-08T05:09:38.194Z] [TREESITTER-CHUNKER] [INFO]    🎯 Found method: unknown (15 lines, 382 chars)
[2025-11-08T05:09:38.192Z] [2025-11-08T05:09:38.194Z] [TREESITTER-CHUNKER] [INFO]    ✅ Added method chunk: unknown
[2025-11-08T05:09:38.192Z] [2025-11-08T05:09:38.194Z] [TREESITTER-CHUNKER] [INFO]    Child type: comment at lines 118-120
[2025-11-08T05:09:38.192Z] [2025-11-08T05:09:38.194Z] [TREESITTER-CHUNKER] [INFO]    Child type: method_definition at lines 121-123
[2025-11-08T05:09:38.193Z] [2025-11-08T05:09:38.194Z] [TREESITTER-CHUNKER] [INFO]    🎯 Found method: unknown (3 lines, 112 chars)
[2025-11-08T05:09:38.193Z] [2025-11-08T05:09:38.194Z] [TREESITTER-CHUNKER] [INFO]    ✅ Added method chunk: unknown
[2025-11-08T05:09:38.193Z] [2025-11-08T05:09:38.194Z] [TREESITTER-CHUNKER] [INFO]    Child type: comment at lines 125-127
[2025-11-08T05:09:38.193Z] [2025-11-08T05:09:38.194Z] [TREESITTER-CHUNKER] [INFO]    Child type: method_definition at lines 128-130
[2025-11-08T05:09:38.193Z] [2025-11-08T05:09:38.194Z] [TREESITTER-CHUNKER] [INFO]    🎯 Found method: unknown (3 lines, 64 chars)
[2025-11-08T05:09:38.193Z] [2025-11-08T05:09:38.194Z] [TREESITTER-CHUNKER] [INFO]    ✅ Added method chunk: unknown
[2025-11-08T05:09:38.193Z] [2025-11-08T05:09:38.194Z] [TREESITTER-CHUNKER] [INFO]    Child type: comment at lines 132-134
[2025-11-08T05:09:38.193Z] [2025-11-08T05:09:38.194Z] [TREESITTER-CHUNKER] [INFO]    Child type: method_definition at lines 135-142
[2025-11-08T05:09:38.193Z] [2025-11-08T05:09:38.195Z] [TREESITTER-CHUNKER] [INFO]    🎯 Found method: unknown (8 lines, 314 chars)
[2025-11-08T05:09:38.193Z] [2025-11-08T05:09:38.195Z] [TREESITTER-CHUNKER] [INFO]    ✅ Added method chunk: unknown
[2025-11-08T05:09:38.193Z] [2025-11-08T05:09:38.195Z] [TREESITTER-CHUNKER] [INFO]    Child type: comment at lines 144-146
[2025-11-08T05:09:38.193Z] [2025-11-08T05:09:38.195Z] [TREESITTER-CHUNKER] [INFO]    Child type: method_definition at lines 147-154
[2025-11-08T05:09:38.193Z] [2025-11-08T05:09:38.195Z] [TREESITTER-CHUNKER] [INFO]    🎯 Found method: unknown (8 lines, 321 chars)
[2025-11-08T05:09:38.193Z] [2025-11-08T05:09:38.195Z] [TREESITTER-CHUNKER] [INFO]    ✅ Added method chunk: unknown
[2025-11-08T05:09:38.193Z] [2025-11-08T05:09:38.195Z] [TREESITTER-CHUNKER] [INFO]    Child type: comment at lines 156-158
[2025-11-08T05:09:38.194Z] [2025-11-08T05:09:38.195Z] [TREESITTER-CHUNKER] [INFO]    Child type: method_definition at lines 159-166
[2025-11-08T05:09:38.194Z] [2025-11-08T05:09:38.195Z] [TREESITTER-CHUNKER] [INFO]    🎯 Found method: unknown (8 lines, 328 chars)
[2025-11-08T05:09:38.194Z] [2025-11-08T05:09:38.195Z] [TREESITTER-CHUNKER] [INFO]    ✅ Added method chunk: unknown
[2025-11-08T05:09:38.194Z] [2025-11-08T05:09:38.195Z] [TREESITTER-CHUNKER] [INFO]    Child type: comment at lines 168-170
[2025-11-08T05:09:38.194Z] [2025-11-08T05:09:38.195Z] [TREESITTER-CHUNKER] [INFO]    Child type: method_definition at lines 171-191
[2025-11-08T05:09:38.194Z] [2025-11-08T05:09:38.195Z] [TREESITTER-CHUNKER] [INFO]    🎯 Found method: unknown (21 lines, 756 chars)
[2025-11-08T05:09:38.194Z] [2025-11-08T05:09:38.195Z] [TREESITTER-CHUNKER] [INFO]    ✅ Added method chunk: unknown
[2025-11-08T05:09:38.194Z] [2025-11-08T05:09:38.195Z] [TREESITTER-CHUNKER] [INFO]    Child type: comment at lines 193-195
[2025-11-08T05:09:38.194Z] [2025-11-08T05:09:38.195Z] [TREESITTER-CHUNKER] [INFO]    Child type: method_definition at lines 196-212
[2025-11-08T05:09:38.194Z] [2025-11-08T05:09:38.195Z] [TREESITTER-CHUNKER] [INFO]    🎯 Found method: unknown (17 lines, 446 chars)
[2025-11-08T05:09:38.194Z] [2025-11-08T05:09:38.195Z] [TREESITTER-CHUNKER] [INFO]    ✅ Added method chunk: unknown
[2025-11-08T05:09:38.194Z] [2025-11-08T05:09:38.195Z] [TREESITTER-CHUNKER] [INFO] 🏁 Extracted 11 methods from large class
[2025-11-08T05:09:38.209Z] [2025-11-08T05:09:38.211Z] [TREESITTER-CHUNKER] [INFO] Created 7 semantic chunks from C:\Projects\educatedplanet\dataservice\src\datamodels\connections\database.ts
[2025-11-08T05:09:38.248Z] [2025-11-08T05:09:38.249Z] [TREESITTER-FULL] [INFO] Extracted 6 symbols from C:\Projects\educatedplanet\dataservice\src\datamodels\connections\database.ts
[2025-11-08T05:09:38.248Z] [2025-11-08T05:09:38.249Z] [INDEXING-ORCHESTRATOR] [DEBUG] 🔍 Symbol extraction for C:\Projects\educatedplanet\dataservice\src\datamodels\connections\database.ts: 6 symbols, 4 imports
[2025-11-08T05:09:38.248Z] [2025-11-08T05:09:38.249Z] [INDEXING-ORCHESTRATOR] [DEBUG] 📍 Chunk 9-12: 1 candidate symbols
[2025-11-08T05:09:38.249Z] [2025-11-08T05:09:38.249Z] [INDEXING-ORCHESTRATOR] [DEBUG] ✅ Chunk symbols after filtering: 1 symbols - DatabaseConfig
[2025-11-08T05:09:38.249Z] [2025-11-08T05:09:38.249Z] [INDEXING-ORCHESTRATOR] [DEBUG] 📍 Chunk 36-56: 0 candidate symbols
[2025-11-08T05:09:38.249Z] [2025-11-08T05:09:38.250Z] [INDEXING-ORCHESTRATOR] [DEBUG] ✅ Chunk symbols after filtering: 0 symbols - 
[2025-11-08T05:09:38.249Z] [2025-11-08T05:09:38.250Z] [INDEXING-ORCHESTRATOR] [DEBUG] 📍 Chunk 61-97: 0 candidate symbols
[2025-11-08T05:09:38.249Z] [2025-11-08T05:09:38.250Z] [INDEXING-ORCHESTRATOR] [DEBUG] ✅ Chunk symbols after filtering: 0 symbols - 
[2025-11-08T05:09:38.249Z] [2025-11-08T05:09:38.250Z] [INDEXING-ORCHESTRATOR] [DEBUG] 📍 Chunk 102-154: 0 candidate symbols
[2025-11-08T05:09:38.249Z] [2025-11-08T05:09:38.250Z] [INDEXING-ORCHESTRATOR] [DEBUG] ✅ Chunk symbols after filtering: 0 symbols - 
[2025-11-08T05:09:38.249Z] [2025-11-08T05:09:38.250Z] [INDEXING-ORCHESTRATOR] [DEBUG] 📍 Chunk 159-191: 0 candidate symbols
[2025-11-08T05:09:38.249Z] [2025-11-08T05:09:38.250Z] [INDEXING-ORCHESTRATOR] [DEBUG] ✅ Chunk symbols after filtering: 0 symbols - 
[2025-11-08T05:09:38.249Z] [2025-11-08T05:09:38.250Z] [INDEXING-ORCHESTRATOR] [DEBUG] 📍 Chunk 196-212: 0 candidate symbols
[2025-11-08T05:09:38.250Z] [2025-11-08T05:09:38.250Z] [INDEXING-ORCHESTRATOR] [DEBUG] ✅ Chunk symbols after filtering: 0 symbols - 
[2025-11-08T05:09:38.250Z] [2025-11-08T05:09:38.251Z] [INDEXING-ORCHESTRATOR] [DEBUG] 📍 Chunk 213-234: 3 candidate symbols
[2025-11-08T05:09:38.250Z] [2025-11-08T05:09:38.251Z] [INDEXING-ORCHESTRATOR] [DEBUG] ✅ Chunk symbols after filtering: 3 symbols - databaseConnection, initializeDatabase, closeDatabase
[2025-11-08T05:09:38.250Z] [2025-11-08T05:09:38.251Z] [INDEXING-ORCHESTRATOR] [DEBUG] Created 7 semantic chunks for C:\Projects\educatedplanet\dataservice\src\datamodels\connections\database.ts
[2025-11-08T05:09:38.250Z] [2025-11-08T05:09:38.251Z] [INDEXING-ORCHESTRATOR] [DEBUG] Average chunk size: 739 characters
[2025-11-08T05:09:38.255Z] [2025-11-08T05:09:38.256Z] [TREESITTER-CHUNKER] [INFO] Created 1 semantic chunks from C:\Projects\educatedplanet\dataservice\src\datamodels\connections\index.js
[2025-11-08T05:09:38.262Z] [2025-11-08T05:09:38.263Z] [TREESITTER-FULL] [INFO] Extracted 1 symbols from C:\Projects\educatedplanet\dataservice\src\datamodels\connections\index.js
[2025-11-08T05:09:38.262Z] [2025-11-08T05:09:38.263Z] [INDEXING-ORCHESTRATOR] [DEBUG] 🔍 Symbol extraction for C:\Projects\educatedplanet\dataservice\src\datamodels\connections\index.js: 1 symbols, 0 imports
[2025-11-08T05:09:38.262Z] [2025-11-08T05:09:38.263Z] [INDEXING-ORCHESTRATOR] [DEBUG] 📍 Chunk 1-13: 1 candidate symbols
[2025-11-08T05:09:38.262Z] [2025-11-08T05:09:38.263Z] [INDEXING-ORCHESTRATOR] [DEBUG] ✅ Chunk symbols after filtering: 1 symbols - database_1
[2025-11-08T05:09:38.262Z] [2025-11-08T05:09:38.263Z] [INDEXING-ORCHESTRATOR] [DEBUG] Created 1 semantic chunks for C:\Projects\educatedplanet\dataservice\src\datamodels\connections\index.js
[2025-11-08T05:09:38.262Z] [2025-11-08T05:09:38.263Z] [INDEXING-ORCHESTRATOR] [DEBUG] Average chunk size: 992 characters
[2025-11-08T05:09:38.264Z] [2025-11-08T05:09:38.265Z] [TREESITTER-CHUNKER] [INFO] Created 1 semantic chunks from C:\Projects\educatedplanet\dataservice\src\datamodels\connections\index.ts
[2025-11-08T05:09:38.266Z] [2025-11-08T05:09:38.267Z] [TREESITTER-FULL] [INFO] Extracted 1 symbols from C:\Projects\educatedplanet\dataservice\src\datamodels\connections\index.ts
[2025-11-08T05:09:38.266Z] [2025-11-08T05:09:38.267Z] [INDEXING-ORCHESTRATOR] [DEBUG] 🔍 Symbol extraction for C:\Projects\educatedplanet\dataservice\src\datamodels\connections\index.ts: 1 symbols, 1 imports
[2025-11-08T05:09:38.266Z] [2025-11-08T05:09:38.267Z] [INDEXING-ORCHESTRATOR] [DEBUG] 📍 Chunk 1-21: 1 candidate symbols
[2025-11-08T05:09:38.266Z] [2025-11-08T05:09:38.267Z] [INDEXING-ORCHESTRATOR] [DEBUG] ✅ Chunk symbols after filtering: 1 symbols - getModel
[2025-11-08T05:09:38.266Z] [2025-11-08T05:09:38.267Z] [INDEXING-ORCHESTRATOR] [DEBUG] Created 1 semantic chunks for C:\Projects\educatedplanet\dataservice\src\datamodels\connections\index.ts
[2025-11-08T05:09:38.266Z] [2025-11-08T05:09:38.267Z] [INDEXING-ORCHESTRATOR] [DEBUG] Average chunk size: 475 characters
[2025-11-08T05:09:38.281Z] [2025-11-08T05:09:38.282Z] [TREESITTER-CHUNKER] [INFO] Created 1 semantic chunks from C:\Projects\educatedplanet\dataservice\src\datamodels\index.js
[2025-11-08T05:09:38.315Z] [2025-11-08T05:09:38.316Z] [TREESITTER-FULL] [INFO] Extracted 3 symbols from C:\Projects\educatedplanet\dataservice\src\datamodels\index.js
[2025-11-08T05:09:38.315Z] [2025-11-08T05:09:38.316Z] [INDEXING-ORCHESTRATOR] [DEBUG] 🔍 Symbol extraction for C:\Projects\educatedplanet\dataservice\src\datamodels\index.js: 3 symbols, 0 imports
[2025-11-08T05:09:38.315Z] [2025-11-08T05:09:38.316Z] [INDEXING-ORCHESTRATOR] [DEBUG] 📍 Chunk 1-45: 3 candidate symbols
[2025-11-08T05:09:38.315Z] [2025-11-08T05:09:38.316Z] [INDEXING-ORCHESTRATOR] [DEBUG] ✅ Chunk symbols after filtering: 3 symbols - connections_1, schemas_1, models_1
[2025-11-08T05:09:38.315Z] [2025-11-08T05:09:38.316Z] [INDEXING-ORCHESTRATOR] [DEBUG] Created 1 semantic chunks for C:\Projects\educatedplanet\dataservice\src\datamodels\index.js
[2025-11-08T05:09:38.315Z] [2025-11-08T05:09:38.316Z] [INDEXING-ORCHESTRATOR] [DEBUG] Average chunk size: 3251 characters
[2025-11-08T05:09:38.317Z] [2025-11-08T05:09:38.318Z] [TREESITTER-CHUNKER] [INFO] Created 1 semantic chunks from C:\Projects\educatedplanet\dataservice\src\datamodels\index.ts
[2025-11-08T05:09:38.318Z] [2025-11-08T05:09:38.319Z] [TREESITTER-FULL] [INFO] Extracted 0 symbols from C:\Projects\educatedplanet\dataservice\src\datamodels\index.ts
[2025-11-08T05:09:38.318Z] [2025-11-08T05:09:38.319Z] [INDEXING-ORCHESTRATOR] [DEBUG] 🔍 Symbol extraction for C:\Projects\educatedplanet\dataservice\src\datamodels\index.ts: 0 symbols, 0 imports
[2025-11-08T05:09:38.318Z] [2025-11-08T05:09:38.319Z] [INDEXING-ORCHESTRATOR] [DEBUG] 📍 Chunk 1-40: 0 candidate symbols
[2025-11-08T05:09:38.318Z] [2025-11-08T05:09:38.319Z] [INDEXING-ORCHESTRATOR] [DEBUG] ✅ Chunk symbols after filtering: 0 symbols - 
[2025-11-08T05:09:38.318Z] [2025-11-08T05:09:38.319Z] [INDEXING-ORCHESTRATOR] [DEBUG] Created 1 semantic chunks for C:\Projects\educatedplanet\dataservice\src\datamodels\index.ts
[2025-11-08T05:09:38.318Z] [2025-11-08T05:09:38.319Z] [INDEXING-ORCHESTRATOR] [DEBUG] Average chunk size: 746 characters
[2025-11-08T05:09:38.321Z] [2025-11-08T05:09:38.322Z] [TREESITTER-CHUNKER] [INFO] Created 1 semantic chunks from C:\Projects\educatedplanet\dataservice\src\datamodels\models\index.js
[2025-11-08T05:09:38.328Z] [2025-11-08T05:09:38.329Z] [TREESITTER-FULL] [INFO] Extracted 3 symbols from C:\Projects\educatedplanet\dataservice\src\datamodels\models\index.js
[2025-11-08T05:09:38.328Z] [2025-11-08T05:09:38.329Z] [INDEXING-ORCHESTRATOR] [DEBUG] 🔍 Symbol extraction for C:\Projects\educatedplanet\dataservice\src\datamodels\models\index.js: 3 symbols, 0 imports
[2025-11-08T05:09:38.328Z] [2025-11-08T05:09:38.329Z] [INDEXING-ORCHESTRATOR] [DEBUG] 📍 Chunk 1-16: 3 candidate symbols
[2025-11-08T05:09:38.328Z] [2025-11-08T05:09:38.329Z] [INDEXING-ORCHESTRATOR] [DEBUG] ✅ Chunk symbols after filtering: 3 symbols - user_model_1, tutor_model_1, review_model_1
[2025-11-08T05:09:38.328Z] [2025-11-08T05:09:38.329Z] [INDEXING-ORCHESTRATOR] [DEBUG] Created 1 semantic chunks for C:\Projects\educatedplanet\dataservice\src\datamodels\models\index.js
[2025-11-08T05:09:38.328Z] [2025-11-08T05:09:38.329Z] [INDEXING-ORCHESTRATOR] [DEBUG] Average chunk size: 1186 characters
[2025-11-08T05:09:38.329Z] [2025-11-08T05:09:38.330Z] [TREESITTER-CHUNKER] [INFO] Created 1 semantic chunks from C:\Projects\educatedplanet\dataservice\src\datamodels\models\index.ts
[2025-11-08T05:09:38.329Z] [2025-11-08T05:09:38.330Z] [TREESITTER-FULL] [INFO] Extracted 0 symbols from C:\Projects\educatedplanet\dataservice\src\datamodels\models\index.ts
[2025-11-08T05:09:38.329Z] [2025-11-08T05:09:38.331Z] [INDEXING-ORCHESTRATOR] [DEBUG] 🔍 Symbol extraction for C:\Projects\educatedplanet\dataservice\src\datamodels\models\index.ts: 0 symbols, 0 imports
[2025-11-08T05:09:38.330Z] [2025-11-08T05:09:38.331Z] [INDEXING-ORCHESTRATOR] [DEBUG] 📍 Chunk 1-7: 0 candidate symbols
[2025-11-08T05:09:38.330Z] [2025-11-08T05:09:38.331Z] [INDEXING-ORCHESTRATOR] [DEBUG] ✅ Chunk symbols after filtering: 0 symbols - 
[2025-11-08T05:09:38.330Z] [2025-11-08T05:09:38.331Z] [INDEXING-ORCHESTRATOR] [DEBUG] Created 1 semantic chunks for C:\Projects\educatedplanet\dataservice\src\datamodels\models\index.ts
[2025-11-08T05:09:38.330Z] [2025-11-08T05:09:38.331Z] [INDEXING-ORCHESTRATOR] [DEBUG] Average chunk size: 222 characters
[2025-11-08T05:09:38.358Z] [2025-11-08T05:09:38.359Z] [TREESITTER-CHUNKER] [INFO] Created 1 semantic chunks from C:\Projects\educatedplanet\dataservice\src\datamodels\models\review.model.js
[2025-11-08T05:09:38.419Z] [2025-11-08T05:09:38.419Z] [TREESITTER-FULL] [INFO] Extracted 1 symbols from C:\Projects\educatedplanet\dataservice\src\datamodels\models\review.model.js
[2025-11-08T05:09:38.419Z] [2025-11-08T05:09:38.420Z] [INDEXING-ORCHESTRATOR] [DEBUG] 🔍 Symbol extraction for C:\Projects\educatedplanet\dataservice\src\datamodels\models\review.model.js: 1 symbols, 0 imports
[2025-11-08T05:09:38.420Z] [2025-11-08T05:09:38.420Z] [INDEXING-ORCHESTRATOR] [DEBUG] 📍 Chunk 1-237: 1 candidate symbols
[2025-11-08T05:09:38.420Z] [2025-11-08T05:09:38.420Z] [INDEXING-ORCHESTRATOR] [DEBUG] ✅ Chunk symbols after filtering: 1 symbols - mongoose_1
[2025-11-08T05:09:38.420Z] [2025-11-08T05:09:38.420Z] [INDEXING-ORCHESTRATOR] [DEBUG] Created 1 semantic chunks for C:\Projects\educatedplanet\dataservice\src\datamodels\models\review.model.js
[2025-11-08T05:09:38.420Z] [2025-11-08T05:09:38.420Z] [INDEXING-ORCHESTRATOR] [DEBUG] Average chunk size: 7085 characters
[2025-11-08T05:09:38.420Z] [2025-11-08T05:09:38.421Z] [INDEXING-ORCHESTRATOR] [DEBUG] 📊 Processed: 160/226 files
[2025-11-08T05:09:38.448Z] [2025-11-08T05:09:38.449Z] [TREESITTER-CHUNKER] [INFO] Created 1 semantic chunks from C:\Projects\educatedplanet\dataservice\src\datamodels\models\review.model.ts
[2025-11-08T05:09:38.506Z] [2025-11-08T05:09:38.507Z] [TREESITTER-FULL] [INFO] Extracted 2 symbols from C:\Projects\educatedplanet\dataservice\src\datamodels\models\review.model.ts
[2025-11-08T05:09:38.506Z] [2025-11-08T05:09:38.507Z] [INDEXING-ORCHESTRATOR] [DEBUG] 🔍 Symbol extraction for C:\Projects\educatedplanet\dataservice\src\datamodels\models\review.model.ts: 2 symbols, 3 imports
[2025-11-08T05:09:38.506Z] [2025-11-08T05:09:38.507Z] [INDEXING-ORCHESTRATOR] [DEBUG] 📍 Chunk 1-304: 2 candidate symbols
[2025-11-08T05:09:38.506Z] [2025-11-08T05:09:38.507Z] [INDEXING-ORCHESTRATOR] [DEBUG] ✅ Chunk symbols after filtering: 2 symbols - ReviewModel, ReviewQueries
[2025-11-08T05:09:38.506Z] [2025-11-08T05:09:38.507Z] [INDEXING-ORCHESTRATOR] [DEBUG] Created 1 semantic chunks for C:\Projects\educatedplanet\dataservice\src\datamodels\models\review.model.ts
[2025-11-08T05:09:38.506Z] [2025-11-08T05:09:38.507Z] [INDEXING-ORCHESTRATOR] [DEBUG] Average chunk size: 6592 characters
[2025-11-08T05:09:38.511Z] [2025-11-08T05:09:38.512Z] [TREESITTER-CHUNKER] [INFO] Created 1 semantic chunks from C:\Projects\educatedplanet\dataservice\src\datamodels\models\user.model.js
[2025-11-08T05:09:38.527Z] [2025-11-08T05:09:38.528Z] [TREESITTER-FULL] [INFO] Extracted 1 symbols from C:\Projects\educatedplanet\dataservice\src\datamodels\models\user.model.js
[2025-11-08T05:09:38.527Z] [2025-11-08T05:09:38.528Z] [INDEXING-ORCHESTRATOR] [DEBUG] 🔍 Symbol extraction for C:\Projects\educatedplanet\dataservice\src\datamodels\models\user.model.js: 1 symbols, 0 imports
[2025-11-08T05:09:38.527Z] [2025-11-08T05:09:38.528Z] [INDEXING-ORCHESTRATOR] [DEBUG] 📍 Chunk 1-79: 1 candidate symbols
[2025-11-08T05:09:38.527Z] [2025-11-08T05:09:38.528Z] [INDEXING-ORCHESTRATOR] [DEBUG] ✅ Chunk symbols after filtering: 1 symbols - mongoose_1
[2025-11-08T05:09:38.527Z] [2025-11-08T05:09:38.528Z] [INDEXING-ORCHESTRATOR] [DEBUG] Created 1 semantic chunks for C:\Projects\educatedplanet\dataservice\src\datamodels\models\user.model.js
[2025-11-08T05:09:38.527Z] [2025-11-08T05:09:38.528Z] [INDEXING-ORCHESTRATOR] [DEBUG] Average chunk size: 2326 characters
[2025-11-08T05:09:38.541Z] [2025-11-08T05:09:38.542Z] [TREESITTER-CHUNKER] [INFO] Created 1 semantic chunks from C:\Projects\educatedplanet\dataservice\src\datamodels\models\tutor.model.js
[2025-11-08T05:09:38.603Z] [2025-11-08T05:09:38.604Z] [TREESITTER-FULL] [INFO] Extracted 1 symbols from C:\Projects\educatedplanet\dataservice\src\datamodels\models\tutor.model.js
[2025-11-08T05:09:38.603Z] [2025-11-08T05:09:38.604Z] [INDEXING-ORCHESTRATOR] [DEBUG] 🔍 Symbol extraction for C:\Projects\educatedplanet\dataservice\src\datamodels\models\tutor.model.js: 1 symbols, 0 imports
[2025-11-08T05:09:38.603Z] [2025-11-08T05:09:38.604Z] [INDEXING-ORCHESTRATOR] [DEBUG] 📍 Chunk 1-224: 1 candidate symbols
[2025-11-08T05:09:38.603Z] [2025-11-08T05:09:38.604Z] [INDEXING-ORCHESTRATOR] [DEBUG] ✅ Chunk symbols after filtering: 1 symbols - mongoose_1
[2025-11-08T05:09:38.603Z] [2025-11-08T05:09:38.604Z] [INDEXING-ORCHESTRATOR] [DEBUG] Created 1 semantic chunks for C:\Projects\educatedplanet\dataservice\src\datamodels\models\tutor.model.js
[2025-11-08T05:09:38.603Z] [2025-11-08T05:09:38.604Z] [INDEXING-ORCHESTRATOR] [DEBUG] Average chunk size: 7645 characters
[2025-11-08T05:09:38.623Z] [2025-11-08T05:09:38.624Z] [TREESITTER-CHUNKER] [INFO] Created 1 semantic chunks from C:\Projects\educatedplanet\dataservice\src\datamodels\models\tutor.model.ts
[2025-11-08T05:09:38.680Z] [2025-11-08T05:09:38.682Z] [TREESITTER-FULL] [INFO] Extracted 2 symbols from C:\Projects\educatedplanet\dataservice\src\datamodels\models\tutor.model.ts
[2025-11-08T05:09:38.680Z] [2025-11-08T05:09:38.682Z] [INDEXING-ORCHESTRATOR] [DEBUG] 🔍 Symbol extraction for C:\Projects\educatedplanet\dataservice\src\datamodels\models\tutor.model.ts: 2 symbols, 4 imports
[2025-11-08T05:09:38.681Z] [2025-11-08T05:09:38.682Z] [INDEXING-ORCHESTRATOR] [DEBUG] 📍 Chunk 1-305: 2 candidate symbols
[2025-11-08T05:09:38.681Z] [2025-11-08T05:09:38.682Z] [INDEXING-ORCHESTRATOR] [DEBUG] ✅ Chunk symbols after filtering: 2 symbols - TutorModel, TutorQueries
[2025-11-08T05:09:38.681Z] [2025-11-08T05:09:38.682Z] [INDEXING-ORCHESTRATOR] [DEBUG] Created 1 semantic chunks for C:\Projects\educatedplanet\dataservice\src\datamodels\models\tutor.model.ts
[2025-11-08T05:09:38.681Z] [2025-11-08T05:09:38.682Z] [INDEXING-ORCHESTRATOR] [DEBUG] Average chunk size: 7400 characters
[2025-11-08T05:09:38.688Z] [2025-11-08T05:09:38.689Z] [TREESITTER-CHUNKER] [INFO] Created 1 semantic chunks from C:\Projects\educatedplanet\dataservice\src\datamodels\models\user.model.ts
[2025-11-08T05:09:38.699Z] [2025-11-08T05:09:38.700Z] [TREESITTER-FULL] [INFO] Extracted 2 symbols from C:\Projects\educatedplanet\dataservice\src\datamodels\models\user.model.ts
[2025-11-08T05:09:38.699Z] [2025-11-08T05:09:38.700Z] [INDEXING-ORCHESTRATOR] [DEBUG] 🔍 Symbol extraction for C:\Projects\educatedplanet\dataservice\src\datamodels\models\user.model.ts: 2 symbols, 3 imports
[2025-11-08T05:09:38.699Z] [2025-11-08T05:09:38.700Z] [INDEXING-ORCHESTRATOR] [DEBUG] 📍 Chunk 1-90: 2 candidate symbols
[2025-11-08T05:09:38.699Z] [2025-11-08T05:09:38.701Z] [INDEXING-ORCHESTRATOR] [DEBUG] ✅ Chunk symbols after filtering: 2 symbols - UserModel, UserQueries
[2025-11-08T05:09:38.699Z] [2025-11-08T05:09:38.701Z] [INDEXING-ORCHESTRATOR] [DEBUG] Created 1 semantic chunks for C:\Projects\educatedplanet\dataservice\src\datamodels\models\user.model.ts
[2025-11-08T05:09:38.699Z] [2025-11-08T05:09:38.701Z] [INDEXING-ORCHESTRATOR] [DEBUG] Average chunk size: 2029 characters
[2025-11-08T05:09:38.701Z] [2025-11-08T05:09:38.702Z] [TREESITTER-CHUNKER] [INFO] Created 1 semantic chunks from C:\Projects\educatedplanet\dataservice\src\datamodels\schemas\index.ts
[2025-11-08T05:09:38.702Z] [2025-11-08T05:09:38.703Z] [TREESITTER-FULL] [INFO] Extracted 0 symbols from C:\Projects\educatedplanet\dataservice\src\datamodels\schemas\index.ts
[2025-11-08T05:09:38.702Z] [2025-11-08T05:09:38.703Z] [INDEXING-ORCHESTRATOR] [DEBUG] 🔍 Symbol extraction for C:\Projects\educatedplanet\dataservice\src\datamodels\schemas\index.ts: 0 symbols, 0 imports
[2025-11-08T05:09:38.702Z] [2025-11-08T05:09:38.703Z] [INDEXING-ORCHESTRATOR] [DEBUG] 📍 Chunk 1-10: 0 candidate symbols
[2025-11-08T05:09:38.702Z] [2025-11-08T05:09:38.703Z] [INDEXING-ORCHESTRATOR] [DEBUG] ✅ Chunk symbols after filtering: 0 symbols - 
[2025-11-08T05:09:38.702Z] [2025-11-08T05:09:38.703Z] [INDEXING-ORCHESTRATOR] [DEBUG] Created 1 semantic chunks for C:\Projects\educatedplanet\dataservice\src\datamodels\schemas\index.ts
[2025-11-08T05:09:38.702Z] [2025-11-08T05:09:38.703Z] [INDEXING-ORCHESTRATOR] [DEBUG] Average chunk size: 385 characters
[2025-11-08T05:09:38.705Z] [2025-11-08T05:09:38.706Z] [TREESITTER-CHUNKER] [INFO] Created 1 semantic chunks from C:\Projects\educatedplanet\dataservice\src\datamodels\schemas\index.js
[2025-11-08T05:09:38.712Z] [2025-11-08T05:09:38.713Z] [TREESITTER-FULL] [INFO] Extracted 3 symbols from C:\Projects\educatedplanet\dataservice\src\datamodels\schemas\index.js
[2025-11-08T05:09:38.712Z] [2025-11-08T05:09:38.713Z] [INDEXING-ORCHESTRATOR] [DEBUG] 🔍 Symbol extraction for C:\Projects\educatedplanet\dataservice\src\datamodels\schemas\index.js: 3 symbols, 0 imports
[2025-11-08T05:09:38.712Z] [2025-11-08T05:09:38.713Z] [INDEXING-ORCHESTRATOR] [DEBUG] 📍 Chunk 1-13: 3 candidate symbols
[2025-11-08T05:09:38.712Z] [2025-11-08T05:09:38.713Z] [INDEXING-ORCHESTRATOR] [DEBUG] ✅ Chunk symbols after filtering: 3 symbols - user_clean_schema_1, tutor_clean_schema_1, review_clean_schema_1
[2025-11-08T05:09:38.712Z] [2025-11-08T05:09:38.713Z] [INDEXING-ORCHESTRATOR] [DEBUG] Created 1 semantic chunks for C:\Projects\educatedplanet\dataservice\src\datamodels\schemas\index.js
[2025-11-08T05:09:38.712Z] [2025-11-08T05:09:38.713Z] [INDEXING-ORCHESTRATOR] [DEBUG] Average chunk size: 809 characters
[2025-11-08T05:09:38.726Z] [2025-11-08T05:09:38.727Z] [TREESITTER-CHUNKER] [INFO] Created 1 semantic chunks from C:\Projects\educatedplanet\dataservice\src\datamodels\schemas\review-clean.schema.js
[2025-11-08T05:09:38.776Z] [2025-11-08T05:09:38.777Z] [TREESITTER-FULL] [INFO] Extracted 2 symbols from C:\Projects\educatedplanet\dataservice\src\datamodels\schemas\review-clean.schema.js
[2025-11-08T05:09:38.776Z] [2025-11-08T05:09:38.777Z] [INDEXING-ORCHESTRATOR] [DEBUG] 🔍 Symbol extraction for C:\Projects\educatedplanet\dataservice\src\datamodels\schemas\review-clean.schema.js: 2 symbols, 0 imports
[2025-11-08T05:09:38.776Z] [2025-11-08T05:09:38.777Z] [INDEXING-ORCHESTRATOR] [DEBUG] 📍 Chunk 1-148: 2 candidate symbols
[2025-11-08T05:09:38.776Z] [2025-11-08T05:09:38.777Z] [INDEXING-ORCHESTRATOR] [DEBUG] ✅ Chunk symbols after filtering: 2 symbols - mongoose_1, reviewSchema
[2025-11-08T05:09:38.776Z] [2025-11-08T05:09:38.777Z] [INDEXING-ORCHESTRATOR] [DEBUG] Created 1 semantic chunks for C:\Projects\educatedplanet\dataservice\src\datamodels\schemas\review-clean.schema.js
[2025-11-08T05:09:38.776Z] [2025-11-08T05:09:38.777Z] [INDEXING-ORCHESTRATOR] [DEBUG] Average chunk size: 4299 characters
[2025-11-08T05:09:38.806Z] [2025-11-08T05:09:38.806Z] [TREESITTER-CHUNKER] [INFO] Created 2 semantic chunks from C:\Projects\educatedplanet\dataservice\src\datamodels\schemas\review-clean.schema.ts
[2025-11-08T05:09:38.834Z] [2025-11-08T05:09:38.835Z] [TREESITTER-FULL] [INFO] Extracted 2 symbols from C:\Projects\educatedplanet\dataservice\src\datamodels\schemas\review-clean.schema.ts
[2025-11-08T05:09:38.835Z] [2025-11-08T05:09:38.835Z] [INDEXING-ORCHESTRATOR] [DEBUG] 🔍 Symbol extraction for C:\Projects\educatedplanet\dataservice\src\datamodels\schemas\review-clean.schema.ts: 2 symbols, 2 imports
[2025-11-08T05:09:38.835Z] [2025-11-08T05:09:38.835Z] [INDEXING-ORCHESTRATOR] [DEBUG] 📍 Chunk 7-25: 1 candidate symbols
[2025-11-08T05:09:38.835Z] [2025-11-08T05:09:38.835Z] [INDEXING-ORCHESTRATOR] [DEBUG] ✅ Chunk symbols after filtering: 1 symbols - IReviewDocument
[2025-11-08T05:09:38.835Z] [2025-11-08T05:09:38.836Z] [INDEXING-ORCHESTRATOR] [DEBUG] 📍 Chunk 26-138: 1 candidate symbols
[2025-11-08T05:09:38.835Z] [2025-11-08T05:09:38.836Z] [INDEXING-ORCHESTRATOR] [DEBUG] ✅ Chunk symbols after filtering: 1 symbols - reviewSchema
[2025-11-08T05:09:38.835Z] [2025-11-08T05:09:38.836Z] [INDEXING-ORCHESTRATOR] [DEBUG] Created 2 semantic chunks for C:\Projects\educatedplanet\dataservice\src\datamodels\schemas\review-clean.schema.ts
[2025-11-08T05:09:38.835Z] [2025-11-08T05:09:38.836Z] [INDEXING-ORCHESTRATOR] [DEBUG] Average chunk size: 1424 characters
[2025-11-08T05:09:38.864Z] [2025-11-08T05:09:38.865Z] [TREESITTER-CHUNKER] [INFO] Created 1 semantic chunks from C:\Projects\educatedplanet\dataservice\src\datamodels\schemas\tutor-clean.schema.js
[2025-11-08T05:09:38.940Z] [2025-11-08T05:09:38.941Z] [TREESITTER-FULL] [INFO] Extracted 2 symbols from C:\Projects\educatedplanet\dataservice\src\datamodels\schemas\tutor-clean.schema.js
[2025-11-08T05:09:38.940Z] [2025-11-08T05:09:38.941Z] [INDEXING-ORCHESTRATOR] [DEBUG] 🔍 Symbol extraction for C:\Projects\educatedplanet\dataservice\src\datamodels\schemas\tutor-clean.schema.js: 2 symbols, 0 imports
[2025-11-08T05:09:38.940Z] [2025-11-08T05:09:38.941Z] [INDEXING-ORCHESTRATOR] [DEBUG] 📍 Chunk 1-206: 2 candidate symbols
[2025-11-08T05:09:38.940Z] [2025-11-08T05:09:38.941Z] [INDEXING-ORCHESTRATOR] [DEBUG] ✅ Chunk symbols after filtering: 2 symbols - mongoose_1, tutorSchema
[2025-11-08T05:09:38.940Z] [2025-11-08T05:09:38.941Z] [INDEXING-ORCHESTRATOR] [DEBUG] Created 1 semantic chunks for C:\Projects\educatedplanet\dataservice\src\datamodels\schemas\tutor-clean.schema.js
[2025-11-08T05:09:38.940Z] [2025-11-08T05:09:38.942Z] [INDEXING-ORCHESTRATOR] [DEBUG] Average chunk size: 5368 characters
[2025-11-08T05:09:38.941Z] [2025-11-08T05:09:38.942Z] [INDEXING-ORCHESTRATOR] [DEBUG] 📊 Processed: 170/226 files
[2025-11-08T05:09:38.972Z] [2025-11-08T05:09:38.973Z] [TREESITTER-CHUNKER] [INFO] Created 2 semantic chunks from C:\Projects\educatedplanet\dataservice\src\datamodels\schemas\tutor-clean.schema.ts
[2025-11-08T05:09:39.003Z] [2025-11-08T05:09:39.004Z] [TREESITTER-FULL] [INFO] Extracted 2 symbols from C:\Projects\educatedplanet\dataservice\src\datamodels\schemas\tutor-clean.schema.ts
[2025-11-08T05:09:39.003Z] [2025-11-08T05:09:39.004Z] [INDEXING-ORCHESTRATOR] [DEBUG] 🔍 Symbol extraction for C:\Projects\educatedplanet\dataservice\src\datamodels\schemas\tutor-clean.schema.ts: 2 symbols, 2 imports
[2025-11-08T05:09:39.003Z] [2025-11-08T05:09:39.004Z] [INDEXING-ORCHESTRATOR] [DEBUG] 📍 Chunk 7-28: 1 candidate symbols
[2025-11-08T05:09:39.004Z] [2025-11-08T05:09:39.005Z] [INDEXING-ORCHESTRATOR] [DEBUG] ✅ Chunk symbols after filtering: 1 symbols - ITutorDocument
[2025-11-08T05:09:39.004Z] [2025-11-08T05:09:39.005Z] [INDEXING-ORCHESTRATOR] [DEBUG] 📍 Chunk 29-202: 1 candidate symbols
[2025-11-08T05:09:39.004Z] [2025-11-08T05:09:39.005Z] [INDEXING-ORCHESTRATOR] [DEBUG] ✅ Chunk symbols after filtering: 1 symbols - tutorSchema
[2025-11-08T05:09:39.004Z] [2025-11-08T05:09:39.005Z] [INDEXING-ORCHESTRATOR] [DEBUG] Created 2 semantic chunks for C:\Projects\educatedplanet\dataservice\src\datamodels\schemas\tutor-clean.schema.ts
[2025-11-08T05:09:39.004Z] [2025-11-08T05:09:39.005Z] [INDEXING-ORCHESTRATOR] [DEBUG] Average chunk size: 1862 characters
[2025-11-08T05:09:39.024Z] [2025-11-08T05:09:39.025Z] [TREESITTER-CHUNKER] [INFO] Created 1 semantic chunks from C:\Projects\educatedplanet\dataservice\src\datamodels\schemas\user-clean.schema.js
[2025-11-08T05:09:39.077Z] [2025-11-08T05:09:39.078Z] [TREESITTER-FULL] [INFO] Extracted 3 symbols from C:\Projects\educatedplanet\dataservice\src\datamodels\schemas\user-clean.schema.js
[2025-11-08T05:09:39.077Z] [2025-11-08T05:09:39.078Z] [INDEXING-ORCHESTRATOR] [DEBUG] 🔍 Symbol extraction for C:\Projects\educatedplanet\dataservice\src\datamodels\schemas\user-clean.schema.js: 3 symbols, 0 imports
[2025-11-08T05:09:39.077Z] [2025-11-08T05:09:39.078Z] [INDEXING-ORCHESTRATOR] [DEBUG] 📍 Chunk 1-155: 3 candidate symbols
[2025-11-08T05:09:39.077Z] [2025-11-08T05:09:39.078Z] [INDEXING-ORCHESTRATOR] [DEBUG] ✅ Chunk symbols after filtering: 3 symbols - mongoose_1, validator_1, userSchema
[2025-11-08T05:09:39.077Z] [2025-11-08T05:09:39.078Z] [INDEXING-ORCHESTRATOR] [DEBUG] Created 1 semantic chunks for C:\Projects\educatedplanet\dataservice\src\datamodels\schemas\user-clean.schema.js
[2025-11-08T05:09:39.077Z] [2025-11-08T05:09:39.078Z] [INDEXING-ORCHESTRATOR] [DEBUG] Average chunk size: 4434 characters
[2025-11-08T05:09:39.079Z] [2025-11-08T05:09:39.080Z] [TREESITTER-CHUNKER] [INFO] Created 1 semantic chunks from C:\Projects\educatedplanet\dataservice\src\index.ts
[2025-11-08T05:09:39.088Z] [2025-11-08T05:09:39.089Z] [TREESITTER-FULL] [INFO] Extracted 0 symbols from C:\Projects\educatedplanet\dataservice\src\index.ts
[2025-11-08T05:09:39.088Z] [2025-11-08T05:09:39.089Z] [INDEXING-ORCHESTRATOR] [DEBUG] 🔍 Symbol extraction for C:\Projects\educatedplanet\dataservice\src\index.ts: 0 symbols, 0 imports
[2025-11-08T05:09:39.088Z] [2025-11-08T05:09:39.089Z] [INDEXING-ORCHESTRATOR] [DEBUG] 📍 Chunk 1-58: 0 candidate symbols
[2025-11-08T05:09:39.088Z] [2025-11-08T05:09:39.089Z] [INDEXING-ORCHESTRATOR] [DEBUG] ✅ Chunk symbols after filtering: 0 symbols - 
[2025-11-08T05:09:39.088Z] [2025-11-08T05:09:39.089Z] [INDEXING-ORCHESTRATOR] [DEBUG] Created 1 semantic chunks for C:\Projects\educatedplanet\dataservice\src\index.ts
[2025-11-08T05:09:39.088Z] [2025-11-08T05:09:39.089Z] [INDEXING-ORCHESTRATOR] [DEBUG] Average chunk size: 1393 characters
[2025-11-08T05:09:39.095Z] [2025-11-08T05:09:39.096Z] [TREESITTER-CHUNKER] [INFO] Created 2 semantic chunks from C:\Projects\educatedplanet\dataservice\src\datamodels\schemas\user-clean.schema.ts
[2025-11-08T05:09:39.114Z] [2025-11-08T05:09:39.115Z] [TREESITTER-FULL] [INFO] Extracted 2 symbols from C:\Projects\educatedplanet\dataservice\src\datamodels\schemas\user-clean.schema.ts
[2025-11-08T05:09:39.114Z] [2025-11-08T05:09:39.115Z] [INDEXING-ORCHESTRATOR] [DEBUG] 🔍 Symbol extraction for C:\Projects\educatedplanet\dataservice\src\datamodels\schemas\user-clean.schema.ts: 2 symbols, 3 imports
[2025-11-08T05:09:39.114Z] [2025-11-08T05:09:39.115Z] [INDEXING-ORCHESTRATOR] [DEBUG] 📍 Chunk 8-23: 1 candidate symbols
[2025-11-08T05:09:39.114Z] [2025-11-08T05:09:39.115Z] [INDEXING-ORCHESTRATOR] [DEBUG] ✅ Chunk symbols after filtering: 1 symbols - IUserDocument
[2025-11-08T05:09:39.114Z] [2025-11-08T05:09:39.115Z] [INDEXING-ORCHESTRATOR] [DEBUG] 📍 Chunk 24-140: 1 candidate symbols
[2025-11-08T05:09:39.114Z] [2025-11-08T05:09:39.115Z] [INDEXING-ORCHESTRATOR] [DEBUG] ✅ Chunk symbols after filtering: 1 symbols - userSchema
[2025-11-08T05:09:39.114Z] [2025-11-08T05:09:39.115Z] [INDEXING-ORCHESTRATOR] [DEBUG] Created 2 semantic chunks for C:\Projects\educatedplanet\dataservice\src\datamodels\schemas\user-clean.schema.ts
[2025-11-08T05:09:39.114Z] [2025-11-08T05:09:39.115Z] [INDEXING-ORCHESTRATOR] [DEBUG] Average chunk size: 1347 characters
[2025-11-08T05:09:39.114Z] [2025-11-08T05:09:39.115Z] [TREESITTER-CHUNKER] [INFO] Created 0 semantic chunks from C:\Projects\educatedplanet\dataservice\src\repository\user.repository.ts
[2025-11-08T05:09:39.114Z] [2025-11-08T05:09:39.115Z] [TREESITTER-FULL] [INFO] Extracted 0 symbols from C:\Projects\educatedplanet\dataservice\src\repository\user.repository.ts
[2025-11-08T05:09:39.114Z] [2025-11-08T05:09:39.115Z] [INDEXING-ORCHESTRATOR] [DEBUG] 🔍 Symbol extraction for C:\Projects\educatedplanet\dataservice\src\repository\user.repository.ts: 0 symbols, 0 imports
[2025-11-08T05:09:39.114Z] [2025-11-08T05:09:39.115Z] [INDEXING-ORCHESTRATOR] [DEBUG] Created 0 semantic chunks for C:\Projects\educatedplanet\dataservice\src\repository\user.repository.ts
[2025-11-08T05:09:39.126Z] [2025-11-08T05:09:39.127Z] [TREESITTER-CHUNKER] [INFO] 🔍 Found class: unknown (6 lines)
[2025-11-08T05:09:39.126Z] [2025-11-08T05:09:39.128Z] [TREESITTER-CHUNKER] [INFO] 📦 Keeping small class intact: unknown (6 lines <= 150)
[2025-11-08T05:09:39.147Z] [2025-11-08T05:09:39.148Z] [TREESITTER-CHUNKER] [INFO] Created 10 semantic chunks from C:\Projects\educatedplanet\dataservice\src\seeder\userseeder.ts
[2025-11-08T05:09:39.221Z] [2025-11-08T05:09:39.222Z] [TREESITTER-FULL] [INFO] Extracted 10 symbols from C:\Projects\educatedplanet\dataservice\src\seeder\userseeder.ts
[2025-11-08T05:09:39.221Z] [2025-11-08T05:09:39.222Z] [INDEXING-ORCHESTRATOR] [DEBUG] 🔍 Symbol extraction for C:\Projects\educatedplanet\dataservice\src\seeder\userseeder.ts: 10 symbols, 4 imports
[2025-11-08T05:09:39.221Z] [2025-11-08T05:09:39.222Z] [INDEXING-ORCHESTRATOR] [DEBUG] 📍 Chunk 7-15: 1 candidate symbols
[2025-11-08T05:09:39.221Z] [2025-11-08T05:09:39.222Z] [INDEXING-ORCHESTRATOR] [DEBUG] ✅ Chunk symbols after filtering: 1 symbols - UserData
[2025-11-08T05:09:39.221Z] [2025-11-08T05:09:39.222Z] [INDEXING-ORCHESTRATOR] [DEBUG] 📍 Chunk 26-31: 1 candidate symbols
[2025-11-08T05:09:39.221Z] [2025-11-08T05:09:39.222Z] [INDEXING-ORCHESTRATOR] [DEBUG] ✅ Chunk symbols after filtering: 1 symbols - SeederError
[2025-11-08T05:09:39.221Z] [2025-11-08T05:09:39.222Z] [INDEXING-ORCHESTRATOR] [DEBUG] 📍 Chunk 38-59: 1 candidate symbols
[2025-11-08T05:09:39.221Z] [2025-11-08T05:09:39.222Z] [INDEXING-ORCHESTRATOR] [DEBUG] ✅ Chunk symbols after filtering: 1 symbols - validateUserData
[2025-11-08T05:09:39.221Z] [2025-11-08T05:09:39.222Z] [INDEXING-ORCHESTRATOR] [DEBUG] 📍 Chunk 65-76: 1 candidate symbols
[2025-11-08T05:09:39.221Z] [2025-11-08T05:09:39.222Z] [INDEXING-ORCHESTRATOR] [DEBUG] ✅ Chunk symbols after filtering: 1 symbols - getDataFilePath
[2025-11-08T05:09:39.221Z] [2025-11-08T05:09:39.222Z] [INDEXING-ORCHESTRATOR] [DEBUG] 📍 Chunk 82-131: 1 candidate symbols
[2025-11-08T05:09:39.221Z] [2025-11-08T05:09:39.222Z] [INDEXING-ORCHESTRATOR] [DEBUG] ✅ Chunk symbols after filtering: 1 symbols - readUsersData
[2025-11-08T05:09:39.221Z] [2025-11-08T05:09:39.222Z] [INDEXING-ORCHESTRATOR] [DEBUG] 📍 Chunk 138-144: 1 candidate symbols
[2025-11-08T05:09:39.221Z] [2025-11-08T05:09:39.222Z] [INDEXING-ORCHESTRATOR] [DEBUG] ✅ Chunk symbols after filtering: 1 symbols - hashPassword
[2025-11-08T05:09:39.221Z] [2025-11-08T05:09:39.222Z] [INDEXING-ORCHESTRATOR] [DEBUG] 📍 Chunk 151-262: 1 candidate symbols
[2025-11-08T05:09:39.221Z] [2025-11-08T05:09:39.222Z] [INDEXING-ORCHESTRATOR] [DEBUG] ✅ Chunk symbols after filtering: 1 symbols - createUser
[2025-11-08T05:09:39.221Z] [2025-11-08T05:09:39.222Z] [INDEXING-ORCHESTRATOR] [DEBUG] 📍 Chunk 268-281: 1 candidate symbols
[2025-11-08T05:09:39.221Z] [2025-11-08T05:09:39.222Z] [INDEXING-ORCHESTRATOR] [DEBUG] ✅ Chunk symbols after filtering: 1 symbols - clearModelCache
[2025-11-08T05:09:39.221Z] [2025-11-08T05:09:39.222Z] [INDEXING-ORCHESTRATOR] [DEBUG] 📍 Chunk 287-356: 1 candidate symbols
[2025-11-08T05:09:39.221Z] [2025-11-08T05:09:39.222Z] [INDEXING-ORCHESTRATOR] [DEBUG] ✅ Chunk symbols after filtering: 1 symbols - seedUsers
[2025-11-08T05:09:39.221Z] [2025-11-08T05:09:39.222Z] [INDEXING-ORCHESTRATOR] [DEBUG] 📍 Chunk 362-402: 1 candidate symbols
[2025-11-08T05:09:39.221Z] [2025-11-08T05:09:39.222Z] [INDEXING-ORCHESTRATOR] [DEBUG] ✅ Chunk symbols after filtering: 1 symbols - resetSeededUsers
[2025-11-08T05:09:39.221Z] [2025-11-08T05:09:39.222Z] [INDEXING-ORCHESTRATOR] [DEBUG] Created 10 semantic chunks for C:\Projects\educatedplanet\dataservice\src\seeder\userseeder.ts
[2025-11-08T05:09:39.221Z] [2025-11-08T05:09:39.222Z] [INDEXING-ORCHESTRATOR] [DEBUG] Average chunk size: 1202 characters
[2025-11-08T05:09:39.223Z] [2025-11-08T05:09:39.224Z] [TREESITTER-CHUNKER] [INFO] 🔍 Found class: unknown (158 lines)
[2025-11-08T05:09:39.223Z] [2025-11-08T05:09:39.224Z] [TREESITTER-CHUNKER] [INFO] 📤 Splitting large class: unknown (158 lines > 150)
[2025-11-08T05:09:39.223Z] [2025-11-08T05:09:39.224Z] [TREESITTER-CHUNKER] [INFO] 🔧 Extracting methods from large class with 2 children
[2025-11-08T05:09:39.223Z] [2025-11-08T05:09:39.224Z] [TREESITTER-CHUNKER] [INFO] 🔍 Checking 17 nodes for methods (using class_body)
[2025-11-08T05:09:39.223Z] [2025-11-08T05:09:39.224Z] [TREESITTER-CHUNKER] [INFO]    Child type: public_field_definition at lines 13-13
[2025-11-08T05:09:39.223Z] [2025-11-08T05:09:39.224Z] [TREESITTER-CHUNKER] [INFO]    Child type: public_field_definition at lines 14-14
[2025-11-08T05:09:39.223Z] [2025-11-08T05:09:39.224Z] [TREESITTER-CHUNKER] [INFO]    Child type: method_definition at lines 16-16
[2025-11-08T05:09:39.223Z] [2025-11-08T05:09:39.224Z] [TREESITTER-CHUNKER] [INFO]    🎯 Found method: unknown (1 lines, 24 chars)
[2025-11-08T05:09:39.223Z] [2025-11-08T05:09:39.224Z] [TREESITTER-CHUNKER] [INFO]    ❌ Method too small: unknown (24 < 30)
[2025-11-08T05:09:39.223Z] [2025-11-08T05:09:39.224Z] [TREESITTER-CHUNKER] [INFO]    Child type: comment at lines 18-20
[2025-11-08T05:09:39.223Z] [2025-11-08T05:09:39.224Z] [TREESITTER-CHUNKER] [INFO]    Child type: method_definition at lines 21-26
[2025-11-08T05:09:39.223Z] [2025-11-08T05:09:39.224Z] [TREESITTER-CHUNKER] [INFO]    🎯 Found method: unknown (6 lines, 186 chars)
[2025-11-08T05:09:39.223Z] [2025-11-08T05:09:39.224Z] [TREESITTER-CHUNKER] [INFO]    ✅ Added method chunk: unknown
[2025-11-08T05:09:39.223Z] [2025-11-08T05:09:39.224Z] [TREESITTER-CHUNKER] [INFO]    Child type: comment at lines 28-30
[2025-11-08T05:09:39.223Z] [2025-11-08T05:09:39.224Z] [TREESITTER-CHUNKER] [INFO]    Child type: method_definition at lines 31-69
[2025-11-08T05:09:39.223Z] [2025-11-08T05:09:39.224Z] [TREESITTER-CHUNKER] [INFO]    🎯 Found method: unknown (39 lines, 1131 chars)
[2025-11-08T05:09:39.223Z] [2025-11-08T05:09:39.224Z] [TREESITTER-CHUNKER] [INFO]    ✅ Added method chunk: unknown
[2025-11-08T05:09:39.223Z] [2025-11-08T05:09:39.224Z] [TREESITTER-CHUNKER] [INFO]    Child type: comment at lines 71-73
[2025-11-08T05:09:39.223Z] [2025-11-08T05:09:39.224Z] [TREESITTER-CHUNKER] [INFO]    Child type: method_definition at lines 74-87
[2025-11-08T05:09:39.223Z] [2025-11-08T05:09:39.225Z] [TREESITTER-CHUNKER] [INFO]    🎯 Found method: unknown (14 lines, 336 chars)
[2025-11-08T05:09:39.223Z] [2025-11-08T05:09:39.225Z] [TREESITTER-CHUNKER] [INFO]    ✅ Added method chunk: unknown
[2025-11-08T05:09:39.223Z] [2025-11-08T05:09:39.225Z] [TREESITTER-CHUNKER] [INFO]    Child type: comment at lines 89-91
[2025-11-08T05:09:39.223Z] [2025-11-08T05:09:39.225Z] [TREESITTER-CHUNKER] [INFO]    Child type: method_definition at lines 92-94
[2025-11-08T05:09:39.223Z] [2025-11-08T05:09:39.225Z] [TREESITTER-CHUNKER] [INFO]    🎯 Found method: unknown (3 lines, 111 chars)
[2025-11-08T05:09:39.223Z] [2025-11-08T05:09:39.225Z] [TREESITTER-CHUNKER] [INFO]    ✅ Added method chunk: unknown
[2025-11-08T05:09:39.223Z] [2025-11-08T05:09:39.225Z] [TREESITTER-CHUNKER] [INFO]    Child type: comment at lines 96-98
[2025-11-08T05:09:39.223Z] [2025-11-08T05:09:39.225Z] [TREESITTER-CHUNKER] [INFO]    Child type: method_definition at lines 99-107
[2025-11-08T05:09:39.223Z] [2025-11-08T05:09:39.225Z] [TREESITTER-CHUNKER] [INFO]    🎯 Found method: unknown (9 lines, 252 chars)
[2025-11-08T05:09:39.223Z] [2025-11-08T05:09:39.225Z] [TREESITTER-CHUNKER] [INFO]    ✅ Added method chunk: unknown
[2025-11-08T05:09:39.223Z] [2025-11-08T05:09:39.225Z] [TREESITTER-CHUNKER] [INFO]    Child type: comment at lines 109-111
[2025-11-08T05:09:39.223Z] [2025-11-08T05:09:39.225Z] [TREESITTER-CHUNKER] [INFO]    Child type: method_definition at lines 112-136
[2025-11-08T05:09:39.224Z] [2025-11-08T05:09:39.225Z] [TREESITTER-CHUNKER] [INFO]    🎯 Found method: unknown (25 lines, 657 chars)
[2025-11-08T05:09:39.224Z] [2025-11-08T05:09:39.225Z] [TREESITTER-CHUNKER] [INFO]    ✅ Added method chunk: unknown
[2025-11-08T05:09:39.224Z] [2025-11-08T05:09:39.225Z] [TREESITTER-CHUNKER] [INFO]    Child type: comment at lines 138-140
[2025-11-08T05:09:39.224Z] [2025-11-08T05:09:39.225Z] [TREESITTER-CHUNKER] [INFO]    Child type: method_definition at lines 141-168
[2025-11-08T05:09:39.224Z] [2025-11-08T05:09:39.225Z] [TREESITTER-CHUNKER] [INFO]    🎯 Found method: unknown (28 lines, 699 chars)
[2025-11-08T05:09:39.224Z] [2025-11-08T05:09:39.225Z] [TREESITTER-CHUNKER] [INFO]    ✅ Added method chunk: unknown
[2025-11-08T05:09:39.224Z] [2025-11-08T05:09:39.225Z] [TREESITTER-CHUNKER] [INFO] 🏁 Extracted 7 methods from large class
[2025-11-08T05:09:39.229Z] [2025-11-08T05:09:39.230Z] [TREESITTER-CHUNKER] [INFO] Created 6 semantic chunks from C:\Projects\educatedplanet\dataservice\src\services\database.service.ts
[2025-11-08T05:09:39.257Z] [2025-11-08T05:09:39.258Z] [TREESITTER-FULL] [INFO] Extracted 3 symbols from C:\Projects\educatedplanet\dataservice\src\services\database.service.ts
[2025-11-08T05:09:39.257Z] [2025-11-08T05:09:39.258Z] [INDEXING-ORCHESTRATOR] [DEBUG] 🔍 Symbol extraction for C:\Projects\educatedplanet\dataservice\src\services\database.service.ts: 3 symbols, 1 imports
[2025-11-08T05:09:39.257Z] [2025-11-08T05:09:39.258Z] [INDEXING-ORCHESTRATOR] [DEBUG] 📍 Chunk 3-7: 1 candidate symbols
[2025-11-08T05:09:39.257Z] [2025-11-08T05:09:39.258Z] [INDEXING-ORCHESTRATOR] [DEBUG] ✅ Chunk symbols after filtering: 1 symbols - DatabaseConfig
[2025-11-08T05:09:39.257Z] [2025-11-08T05:09:39.258Z] [INDEXING-ORCHESTRATOR] [DEBUG] 📍 Chunk 12-26: 0 candidate symbols
[2025-11-08T05:09:39.257Z] [2025-11-08T05:09:39.258Z] [INDEXING-ORCHESTRATOR] [DEBUG] ✅ Chunk symbols after filtering: 0 symbols - 
[2025-11-08T05:09:39.257Z] [2025-11-08T05:09:39.258Z] [INDEXING-ORCHESTRATOR] [DEBUG] 📍 Chunk 31-69: 0 candidate symbols
[2025-11-08T05:09:39.257Z] [2025-11-08T05:09:39.258Z] [INDEXING-ORCHESTRATOR] [DEBUG] ✅ Chunk symbols after filtering: 0 symbols - 
[2025-11-08T05:09:39.257Z] [2025-11-08T05:09:39.258Z] [INDEXING-ORCHESTRATOR] [DEBUG] 📍 Chunk 74-107: 0 candidate symbols
[2025-11-08T05:09:39.257Z] [2025-11-08T05:09:39.259Z] [INDEXING-ORCHESTRATOR] [DEBUG] ✅ Chunk symbols after filtering: 0 symbols - 
[2025-11-08T05:09:39.257Z] [2025-11-08T05:09:39.259Z] [INDEXING-ORCHESTRATOR] [DEBUG] 📍 Chunk 112-168: 0 candidate symbols
[2025-11-08T05:09:39.257Z] [2025-11-08T05:09:39.259Z] [INDEXING-ORCHESTRATOR] [DEBUG] ✅ Chunk symbols after filtering: 0 symbols - 
[2025-11-08T05:09:39.257Z] [2025-11-08T05:09:39.259Z] [INDEXING-ORCHESTRATOR] [DEBUG] 📍 Chunk 169-172: 1 candidate symbols
[2025-11-08T05:09:39.257Z] [2025-11-08T05:09:39.259Z] [INDEXING-ORCHESTRATOR] [DEBUG] ✅ Chunk symbols after filtering: 1 symbols - databaseService
[2025-11-08T05:09:39.257Z] [2025-11-08T05:09:39.259Z] [INDEXING-ORCHESTRATOR] [DEBUG] Created 6 semantic chunks for C:\Projects\educatedplanet\dataservice\src\services\database.service.ts
[2025-11-08T05:09:39.257Z] [2025-11-08T05:09:39.259Z] [INDEXING-ORCHESTRATOR] [DEBUG] Average chunk size: 652 characters
[2025-11-08T05:09:39.262Z] [2025-11-08T05:09:39.263Z] [TREESITTER-CHUNKER] [INFO] 🔍 Found class: unknown (320 lines)
[2025-11-08T05:09:39.262Z] [2025-11-08T05:09:39.263Z] [TREESITTER-CHUNKER] [INFO] 📤 Splitting large class: unknown (320 lines > 150)
[2025-11-08T05:09:39.263Z] [2025-11-08T05:09:39.264Z] [TREESITTER-CHUNKER] [INFO] 🔧 Extracting methods from large class with 2 children
[2025-11-08T05:09:39.263Z] [2025-11-08T05:09:39.264Z] [TREESITTER-CHUNKER] [INFO] 🔍 Checking 46 nodes for methods (using class_body)
[2025-11-08T05:09:39.263Z] [2025-11-08T05:09:39.264Z] [TREESITTER-CHUNKER] [INFO]    Child type: public_field_definition at lines 14-14
[2025-11-08T05:09:39.263Z] [2025-11-08T05:09:39.264Z] [TREESITTER-CHUNKER] [INFO]    Child type: method_definition at lines 16-21
[2025-11-08T05:09:39.263Z] [2025-11-08T05:09:39.264Z] [TREESITTER-CHUNKER] [INFO]    🎯 Found method: unknown (6 lines, 172 chars)
[2025-11-08T05:09:39.263Z] [2025-11-08T05:09:39.264Z] [TREESITTER-CHUNKER] [INFO]    ✅ Added method chunk: unknown
[2025-11-08T05:09:39.263Z] [2025-11-08T05:09:39.264Z] [TREESITTER-CHUNKER] [INFO]    Child type: comment at lines 23-25
[2025-11-08T05:09:39.263Z] [2025-11-08T05:09:39.264Z] [TREESITTER-CHUNKER] [INFO]    Child type: method_definition at lines 26-38
[2025-11-08T05:09:39.263Z] [2025-11-08T05:09:39.264Z] [TREESITTER-CHUNKER] [INFO]    🎯 Found method: unknown (13 lines, 500 chars)
[2025-11-08T05:09:39.263Z] [2025-11-08T05:09:39.264Z] [TREESITTER-CHUNKER] [INFO]    ✅ Added method chunk: unknown
[2025-11-08T05:09:39.263Z] [2025-11-08T05:09:39.264Z] [TREESITTER-CHUNKER] [INFO]    Child type: comment at lines 39-41
[2025-11-08T05:09:39.263Z] [2025-11-08T05:09:39.264Z] [TREESITTER-CHUNKER] [INFO]    Child type: method_definition at lines 42-72
[2025-11-08T05:09:39.263Z] [2025-11-08T05:09:39.264Z] [TREESITTER-CHUNKER] [INFO]    🎯 Found method: unknown (31 lines, 955 chars)
[2025-11-08T05:09:39.263Z] [2025-11-08T05:09:39.264Z] [TREESITTER-CHUNKER] [INFO]    ✅ Added method chunk: unknown
[2025-11-08T05:09:39.263Z] [2025-11-08T05:09:39.264Z] [TREESITTER-CHUNKER] [INFO]    Child type: comment at lines 74-76
[2025-11-08T05:09:39.263Z] [2025-11-08T05:09:39.264Z] [TREESITTER-CHUNKER] [INFO]    Child type: method_definition at lines 77-82
[2025-11-08T05:09:39.263Z] [2025-11-08T05:09:39.264Z] [TREESITTER-CHUNKER] [INFO]    🎯 Found method: unknown (6 lines, 237 chars)
[2025-11-08T05:09:39.263Z] [2025-11-08T05:09:39.264Z] [TREESITTER-CHUNKER] [INFO]    ✅ Added method chunk: unknown
[2025-11-08T05:09:39.263Z] [2025-11-08T05:09:39.264Z] [TREESITTER-CHUNKER] [INFO]    Child type: comment at lines 84-86
[2025-11-08T05:09:39.263Z] [2025-11-08T05:09:39.264Z] [TREESITTER-CHUNKER] [INFO]    Child type: method_definition at lines 87-98
[2025-11-08T05:09:39.263Z] [2025-11-08T05:09:39.264Z] [TREESITTER-CHUNKER] [INFO]    🎯 Found method: unknown (12 lines, 349 chars)
[2025-11-08T05:09:39.263Z] [2025-11-08T05:09:39.264Z] [TREESITTER-CHUNKER] [INFO]    ✅ Added method chunk: unknown
[2025-11-08T05:09:39.263Z] [2025-11-08T05:09:39.264Z] [TREESITTER-CHUNKER] [INFO]    Child type: comment at lines 100-102
[2025-11-08T05:09:39.263Z] [2025-11-08T05:09:39.264Z] [TREESITTER-CHUNKER] [INFO]    Child type: method_definition at lines 103-109
[2025-11-08T05:09:39.263Z] [2025-11-08T05:09:39.264Z] [TREESITTER-CHUNKER] [INFO]    🎯 Found method: unknown (7 lines, 206 chars)
[2025-11-08T05:09:39.263Z] [2025-11-08T05:09:39.264Z] [TREESITTER-CHUNKER] [INFO]    ✅ Added method chunk: unknown
[2025-11-08T05:09:39.263Z] [2025-11-08T05:09:39.264Z] [TREESITTER-CHUNKER] [INFO]    Child type: comment at lines 111-113
[2025-11-08T05:09:39.263Z] [2025-11-08T05:09:39.264Z] [TREESITTER-CHUNKER] [INFO]    Child type: method_definition at lines 114-117
[2025-11-08T05:09:39.263Z] [2025-11-08T05:09:39.264Z] [TREESITTER-CHUNKER] [INFO]    🎯 Found method: unknown (4 lines, 207 chars)
[2025-11-08T05:09:39.263Z] [2025-11-08T05:09:39.265Z] [TREESITTER-CHUNKER] [INFO]    ✅ Added method chunk: unknown
[2025-11-08T05:09:39.263Z] [2025-11-08T05:09:39.265Z] [TREESITTER-CHUNKER] [INFO]    Child type: comment at lines 119-121
[2025-11-08T05:09:39.263Z] [2025-11-08T05:09:39.265Z] [TREESITTER-CHUNKER] [INFO]    Child type: method_definition at lines 122-129
[2025-11-08T05:09:39.263Z] [2025-11-08T05:09:39.265Z] [TREESITTER-CHUNKER] [INFO]    🎯 Found method: unknown (8 lines, 344 chars)
[2025-11-08T05:09:39.263Z] [2025-11-08T05:09:39.265Z] [TREESITTER-CHUNKER] [INFO]    ✅ Added method chunk: unknown
[2025-11-08T05:09:39.263Z] [2025-11-08T05:09:39.265Z] [TREESITTER-CHUNKER] [INFO]    Child type: comment at lines 131-133
[2025-11-08T05:09:39.263Z] [2025-11-08T05:09:39.265Z] [TREESITTER-CHUNKER] [INFO]    Child type: method_definition at lines 134-156
[2025-11-08T05:09:39.263Z] [2025-11-08T05:09:39.265Z] [TREESITTER-CHUNKER] [INFO]    🎯 Found method: unknown (23 lines, 728 chars)
[2025-11-08T05:09:39.263Z] [2025-11-08T05:09:39.265Z] [TREESITTER-CHUNKER] [INFO]    ✅ Added method chunk: unknown
[2025-11-08T05:09:39.264Z] [2025-11-08T05:09:39.265Z] [TREESITTER-CHUNKER] [INFO]    Child type: comment at lines 158-160
[2025-11-08T05:09:39.264Z] [2025-11-08T05:09:39.265Z] [TREESITTER-CHUNKER] [INFO]    Child type: method_definition at lines 161-173
[2025-11-08T05:09:39.264Z] [2025-11-08T05:09:39.265Z] [TREESITTER-CHUNKER] [INFO]    🎯 Found method: unknown (13 lines, 558 chars)
[2025-11-08T05:09:39.264Z] [2025-11-08T05:09:39.265Z] [TREESITTER-CHUNKER] [INFO]    ✅ Added method chunk: unknown
[2025-11-08T05:09:39.264Z] [2025-11-08T05:09:39.265Z] [TREESITTER-CHUNKER] [INFO]    Child type: comment at lines 175-177
[2025-11-08T05:09:39.264Z] [2025-11-08T05:09:39.265Z] [TREESITTER-CHUNKER] [INFO]    Child type: method_definition at lines 178-181
[2025-11-08T05:09:39.264Z] [2025-11-08T05:09:39.265Z] [TREESITTER-CHUNKER] [INFO]    🎯 Found method: unknown (4 lines, 238 chars)
[2025-11-08T05:09:39.264Z] [2025-11-08T05:09:39.265Z] [TREESITTER-CHUNKER] [INFO]    ✅ Added method chunk: unknown
[2025-11-08T05:09:39.264Z] [2025-11-08T05:09:39.265Z] [TREESITTER-CHUNKER] [INFO]    Child type: comment at lines 183-185
[2025-11-08T05:09:39.264Z] [2025-11-08T05:09:39.265Z] [TREESITTER-CHUNKER] [INFO]    Child type: method_definition at lines 186-189
[2025-11-08T05:09:39.264Z] [2025-11-08T05:09:39.265Z] [TREESITTER-CHUNKER] [INFO]    🎯 Found method: unknown (4 lines, 259 chars)
[2025-11-08T05:09:39.264Z] [2025-11-08T05:09:39.265Z] [TREESITTER-CHUNKER] [INFO]    ✅ Added method chunk: unknown
[2025-11-08T05:09:39.264Z] [2025-11-08T05:09:39.265Z] [TREESITTER-CHUNKER] [INFO]    Child type: comment at lines 191-193
[2025-11-08T05:09:39.264Z] [2025-11-08T05:09:39.265Z] [TREESITTER-CHUNKER] [INFO]    Child type: method_definition at lines 194-196
[2025-11-08T05:09:39.264Z] [2025-11-08T05:09:39.265Z] [TREESITTER-CHUNKER] [INFO]    🎯 Found method: unknown (3 lines, 121 chars)
[2025-11-08T05:09:39.264Z] [2025-11-08T05:09:39.265Z] [TREESITTER-CHUNKER] [INFO]    ✅ Added method chunk: unknown
[2025-11-08T05:09:39.264Z] [2025-11-08T05:09:39.265Z] [TREESITTER-CHUNKER] [INFO]    Child type: comment at lines 198-200
[2025-11-08T05:09:39.264Z] [2025-11-08T05:09:39.265Z] [TREESITTER-CHUNKER] [INFO]    Child type: method_definition at lines 201-203
[2025-11-08T05:09:39.264Z] [2025-11-08T05:09:39.265Z] [TREESITTER-CHUNKER] [INFO]    🎯 Found method: unknown (3 lines, 125 chars)
[2025-11-08T05:09:39.264Z] [2025-11-08T05:09:39.265Z] [TREESITTER-CHUNKER] [INFO]    ✅ Added method chunk: unknown
[2025-11-08T05:09:39.264Z] [2025-11-08T05:09:39.266Z] [TREESITTER-CHUNKER] [INFO]    Child type: comment at lines 205-207
[2025-11-08T05:09:39.264Z] [2025-11-08T05:09:39.266Z] [TREESITTER-CHUNKER] [INFO]    Child type: method_definition at lines 208-210
[2025-11-08T05:09:39.265Z] [2025-11-08T05:09:39.266Z] [TREESITTER-CHUNKER] [INFO]    🎯 Found method: unknown (3 lines, 129 chars)
[2025-11-08T05:09:39.265Z] [2025-11-08T05:09:39.266Z] [TREESITTER-CHUNKER] [INFO]    ✅ Added method chunk: unknown
[2025-11-08T05:09:39.265Z] [2025-11-08T05:09:39.266Z] [TREESITTER-CHUNKER] [INFO]    Child type: comment at lines 212-214
[2025-11-08T05:09:39.265Z] [2025-11-08T05:09:39.266Z] [TREESITTER-CHUNKER] [INFO]    Child type: method_definition at lines 215-228
[2025-11-08T05:09:39.265Z] [2025-11-08T05:09:39.266Z] [TREESITTER-CHUNKER] [INFO]    🎯 Found method: unknown (14 lines, 455 chars)
[2025-11-08T05:09:39.265Z] [2025-11-08T05:09:39.266Z] [TREESITTER-CHUNKER] [INFO]    ✅ Added method chunk: unknown
[2025-11-08T05:09:39.265Z] [2025-11-08T05:09:39.266Z] [TREESITTER-CHUNKER] [INFO]    Child type: comment at lines 230-232
[2025-11-08T05:09:39.265Z] [2025-11-08T05:09:39.266Z] [TREESITTER-CHUNKER] [INFO]    Child type: method_definition at lines 233-240
[2025-11-08T05:09:39.265Z] [2025-11-08T05:09:39.266Z] [TREESITTER-CHUNKER] [INFO]    🎯 Found method: unknown (8 lines, 216 chars)
[2025-11-08T05:09:39.265Z] [2025-11-08T05:09:39.266Z] [TREESITTER-CHUNKER] [INFO]    ✅ Added method chunk: unknown
[2025-11-08T05:09:39.265Z] [2025-11-08T05:09:39.266Z] [TREESITTER-CHUNKER] [INFO]    Child type: comment at lines 242-244
[2025-11-08T05:09:39.265Z] [2025-11-08T05:09:39.266Z] [TREESITTER-CHUNKER] [INFO]    Child type: method_definition at lines 245-250
[2025-11-08T05:09:39.265Z] [2025-11-08T05:09:39.266Z] [TREESITTER-CHUNKER] [INFO]    🎯 Found method: unknown (6 lines, 169 chars)
[2025-11-08T05:09:39.265Z] [2025-11-08T05:09:39.266Z] [TREESITTER-CHUNKER] [INFO]    ✅ Added method chunk: unknown
[2025-11-08T05:09:39.265Z] [2025-11-08T05:09:39.266Z] [TREESITTER-CHUNKER] [INFO]    Child type: comment at lines 252-254
[2025-11-08T05:09:39.265Z] [2025-11-08T05:09:39.266Z] [TREESITTER-CHUNKER] [INFO]    Child type: method_definition at lines 255-261
[2025-11-08T05:09:39.265Z] [2025-11-08T05:09:39.266Z] [TREESITTER-CHUNKER] [INFO]    🎯 Found method: unknown (7 lines, 248 chars)
[2025-11-08T05:09:39.265Z] [2025-11-08T05:09:39.266Z] [TREESITTER-CHUNKER] [INFO]    ✅ Added method chunk: unknown
[2025-11-08T05:09:39.265Z] [2025-11-08T05:09:39.266Z] [TREESITTER-CHUNKER] [INFO]    Child type: comment at lines 263-265
[2025-11-08T05:09:39.265Z] [2025-11-08T05:09:39.266Z] [TREESITTER-CHUNKER] [INFO]    Child type: method_definition at lines 266-283
[2025-11-08T05:09:39.265Z] [2025-11-08T05:09:39.266Z] [TREESITTER-CHUNKER] [INFO]    🎯 Found method: unknown (18 lines, 490 chars)
[2025-11-08T05:09:39.265Z] [2025-11-08T05:09:39.266Z] [TREESITTER-CHUNKER] [INFO]    ✅ Added method chunk: unknown
[2025-11-08T05:09:39.265Z] [2025-11-08T05:09:39.266Z] [TREESITTER-CHUNKER] [INFO]    Child type: comment at lines 285-287
[2025-11-08T05:09:39.265Z] [2025-11-08T05:09:39.267Z] [TREESITTER-CHUNKER] [INFO]    Child type: method_definition at lines 288-290
[2025-11-08T05:09:39.265Z] [2025-11-08T05:09:39.267Z] [TREESITTER-CHUNKER] [INFO]    🎯 Found method: unknown (3 lines, 129 chars)
[2025-11-08T05:09:39.265Z] [2025-11-08T05:09:39.267Z] [TREESITTER-CHUNKER] [INFO]    ✅ Added method chunk: unknown
[2025-11-08T05:09:39.265Z] [2025-11-08T05:09:39.267Z] [TREESITTER-CHUNKER] [INFO]    Child type: comment at lines 292-294
[2025-11-08T05:09:39.265Z] [2025-11-08T05:09:39.267Z] [TREESITTER-CHUNKER] [INFO]    Child type: method_definition at lines 295-298
[2025-11-08T05:09:39.266Z] [2025-11-08T05:09:39.267Z] [TREESITTER-CHUNKER] [INFO]    🎯 Found method: unknown (4 lines, 199 chars)
[2025-11-08T05:09:39.266Z] [2025-11-08T05:09:39.267Z] [TREESITTER-CHUNKER] [INFO]    ✅ Added method chunk: unknown
[2025-11-08T05:09:39.266Z] [2025-11-08T05:09:39.267Z] [TREESITTER-CHUNKER] [INFO]    Child type: comment at lines 300-302
[2025-11-08T05:09:39.266Z] [2025-11-08T05:09:39.267Z] [TREESITTER-CHUNKER] [INFO]    Child type: method_definition at lines 303-331
[2025-11-08T05:09:39.266Z] [2025-11-08T05:09:39.267Z] [TREESITTER-CHUNKER] [INFO]    🎯 Found method: unknown (29 lines, 965 chars)
[2025-11-08T05:09:39.266Z] [2025-11-08T05:09:39.267Z] [TREESITTER-CHUNKER] [INFO]    ✅ Added method chunk: unknown
[2025-11-08T05:09:39.266Z] [2025-11-08T05:09:39.267Z] [TREESITTER-CHUNKER] [INFO] 🏁 Extracted 23 methods from large class
[2025-11-08T05:09:39.286Z] [2025-11-08T05:09:39.287Z] [TREESITTER-CHUNKER] [INFO] Created 9 semantic chunks from C:\Projects\educatedplanet\dataservice\src\services\review.service.ts
[2025-11-08T05:09:39.384Z] [2025-11-08T05:09:39.385Z] [TREESITTER-FULL] [INFO] Extracted 2 symbols from C:\Projects\educatedplanet\dataservice\src\services\review.service.ts
[2025-11-08T05:09:39.384Z] [2025-11-08T05:09:39.385Z] [INDEXING-ORCHESTRATOR] [DEBUG] 🔍 Symbol extraction for C:\Projects\educatedplanet\dataservice\src\services\review.service.ts: 2 symbols, 3 imports
[2025-11-08T05:09:39.384Z] [2025-11-08T05:09:39.385Z] [INDEXING-ORCHESTRATOR] [DEBUG] 📍 Chunk 13-38: 0 candidate symbols
[2025-11-08T05:09:39.384Z] [2025-11-08T05:09:39.385Z] [INDEXING-ORCHESTRATOR] [DEBUG] ✅ Chunk symbols after filtering: 0 symbols - 
[2025-11-08T05:09:39.384Z] [2025-11-08T05:09:39.385Z] [INDEXING-ORCHESTRATOR] [DEBUG] 📍 Chunk 42-82: 0 candidate symbols
[2025-11-08T05:09:39.384Z] [2025-11-08T05:09:39.385Z] [INDEXING-ORCHESTRATOR] [DEBUG] ✅ Chunk symbols after filtering: 0 symbols - 
[2025-11-08T05:09:39.384Z] [2025-11-08T05:09:39.385Z] [INDEXING-ORCHESTRATOR] [DEBUG] 📍 Chunk 87-129: 0 candidate symbols
[2025-11-08T05:09:39.384Z] [2025-11-08T05:09:39.385Z] [INDEXING-ORCHESTRATOR] [DEBUG] ✅ Chunk symbols after filtering: 0 symbols - 
[2025-11-08T05:09:39.384Z] [2025-11-08T05:09:39.385Z] [INDEXING-ORCHESTRATOR] [DEBUG] 📍 Chunk 134-173: 0 candidate symbols
[2025-11-08T05:09:39.384Z] [2025-11-08T05:09:39.385Z] [INDEXING-ORCHESTRATOR] [DEBUG] ✅ Chunk symbols after filtering: 0 symbols - 
[2025-11-08T05:09:39.384Z] [2025-11-08T05:09:39.385Z] [INDEXING-ORCHESTRATOR] [DEBUG] 📍 Chunk 178-210: 0 candidate symbols
[2025-11-08T05:09:39.384Z] [2025-11-08T05:09:39.385Z] [INDEXING-ORCHESTRATOR] [DEBUG] ✅ Chunk symbols after filtering: 0 symbols - 
[2025-11-08T05:09:39.384Z] [2025-11-08T05:09:39.385Z] [INDEXING-ORCHESTRATOR] [DEBUG] 📍 Chunk 215-261: 0 candidate symbols
[2025-11-08T05:09:39.384Z] [2025-11-08T05:09:39.385Z] [INDEXING-ORCHESTRATOR] [DEBUG] ✅ Chunk symbols after filtering: 0 symbols - 
[2025-11-08T05:09:39.384Z] [2025-11-08T05:09:39.385Z] [INDEXING-ORCHESTRATOR] [DEBUG] 📍 Chunk 266-298: 0 candidate symbols
[2025-11-08T05:09:39.384Z] [2025-11-08T05:09:39.385Z] [INDEXING-ORCHESTRATOR] [DEBUG] ✅ Chunk symbols after filtering: 0 symbols - 
[2025-11-08T05:09:39.384Z] [2025-11-08T05:09:39.385Z] [INDEXING-ORCHESTRATOR] [DEBUG] 📍 Chunk 303-331: 0 candidate symbols
[2025-11-08T05:09:39.384Z] [2025-11-08T05:09:39.386Z] [INDEXING-ORCHESTRATOR] [DEBUG] ✅ Chunk symbols after filtering: 0 symbols - 
[2025-11-08T05:09:39.384Z] [2025-11-08T05:09:39.386Z] [INDEXING-ORCHESTRATOR] [DEBUG] 📍 Chunk 332-335: 1 candidate symbols
[2025-11-08T05:09:39.384Z] [2025-11-08T05:09:39.386Z] [INDEXING-ORCHESTRATOR] [DEBUG] ✅ Chunk symbols after filtering: 1 symbols - reviewService
[2025-11-08T05:09:39.384Z] [2025-11-08T05:09:39.386Z] [INDEXING-ORCHESTRATOR] [DEBUG] Created 9 semantic chunks for C:\Projects\educatedplanet\dataservice\src\services\review.service.ts
[2025-11-08T05:09:39.384Z] [2025-11-08T05:09:39.386Z] [INDEXING-ORCHESTRATOR] [DEBUG] Average chunk size: 987 characters
[2025-11-08T05:09:39.387Z] [2025-11-08T05:09:39.388Z] [TREESITTER-CHUNKER] [INFO] 🔍 Found class: unknown (318 lines)
[2025-11-08T05:09:39.387Z] [2025-11-08T05:09:39.389Z] [TREESITTER-CHUNKER] [INFO] 📤 Splitting large class: unknown (318 lines > 150)
[2025-11-08T05:09:39.388Z] [2025-11-08T05:09:39.389Z] [TREESITTER-CHUNKER] [INFO] 🔧 Extracting methods from large class with 2 children
[2025-11-08T05:09:39.388Z] [2025-11-08T05:09:39.389Z] [TREESITTER-CHUNKER] [INFO] 🔍 Checking 46 nodes for methods (using class_body)
[2025-11-08T05:09:39.388Z] [2025-11-08T05:09:39.389Z] [TREESITTER-CHUNKER] [INFO]    Child type: public_field_definition at lines 14-14
[2025-11-08T05:09:39.388Z] [2025-11-08T05:09:39.389Z] [TREESITTER-CHUNKER] [INFO]    Child type: method_definition at lines 16-21
[2025-11-08T05:09:39.388Z] [2025-11-08T05:09:39.389Z] [TREESITTER-CHUNKER] [INFO]    🎯 Found method: unknown (6 lines, 170 chars)
[2025-11-08T05:09:39.388Z] [2025-11-08T05:09:39.389Z] [TREESITTER-CHUNKER] [INFO]    ✅ Added method chunk: unknown
[2025-11-08T05:09:39.388Z] [2025-11-08T05:09:39.389Z] [TREESITTER-CHUNKER] [INFO]    Child type: comment at lines 23-25
[2025-11-08T05:09:39.388Z] [2025-11-08T05:09:39.389Z] [TREESITTER-CHUNKER] [INFO]    Child type: method_definition at lines 26-42
[2025-11-08T05:09:39.388Z] [2025-11-08T05:09:39.389Z] [TREESITTER-CHUNKER] [INFO]    🎯 Found method: unknown (17 lines, 606 chars)
[2025-11-08T05:09:39.388Z] [2025-11-08T05:09:39.389Z] [TREESITTER-CHUNKER] [INFO]    ✅ Added method chunk: unknown
[2025-11-08T05:09:39.388Z] [2025-11-08T05:09:39.389Z] [TREESITTER-CHUNKER] [INFO]    Child type: comment at lines 43-45
[2025-11-08T05:09:39.388Z] [2025-11-08T05:09:39.389Z] [TREESITTER-CHUNKER] [INFO]    Child type: method_definition at lines 46-77
[2025-11-08T05:09:39.388Z] [2025-11-08T05:09:39.389Z] [TREESITTER-CHUNKER] [INFO]    🎯 Found method: unknown (32 lines, 907 chars)
[2025-11-08T05:09:39.388Z] [2025-11-08T05:09:39.389Z] [TREESITTER-CHUNKER] [INFO]    ✅ Added method chunk: unknown
[2025-11-08T05:09:39.388Z] [2025-11-08T05:09:39.389Z] [TREESITTER-CHUNKER] [INFO]    Child type: comment at lines 79-81
[2025-11-08T05:09:39.388Z] [2025-11-08T05:09:39.389Z] [TREESITTER-CHUNKER] [INFO]    Child type: method_definition at lines 82-87
[2025-11-08T05:09:39.388Z] [2025-11-08T05:09:39.389Z] [TREESITTER-CHUNKER] [INFO]    🎯 Found method: unknown (6 lines, 230 chars)
[2025-11-08T05:09:39.388Z] [2025-11-08T05:09:39.389Z] [TREESITTER-CHUNKER] [INFO]    ✅ Added method chunk: unknown
[2025-11-08T05:09:39.388Z] [2025-11-08T05:09:39.389Z] [TREESITTER-CHUNKER] [INFO]    Child type: comment at lines 89-91
[2025-11-08T05:09:39.388Z] [2025-11-08T05:09:39.389Z] [TREESITTER-CHUNKER] [INFO]    Child type: method_definition at lines 92-115
[2025-11-08T05:09:39.388Z] [2025-11-08T05:09:39.389Z] [TREESITTER-CHUNKER] [INFO]    🎯 Found method: unknown (24 lines, 613 chars)
[2025-11-08T05:09:39.388Z] [2025-11-08T05:09:39.389Z] [TREESITTER-CHUNKER] [INFO]    ✅ Added method chunk: unknown
[2025-11-08T05:09:39.388Z] [2025-11-08T05:09:39.389Z] [TREESITTER-CHUNKER] [INFO]    Child type: comment at lines 117-119
[2025-11-08T05:09:39.388Z] [2025-11-08T05:09:39.389Z] [TREESITTER-CHUNKER] [INFO]    Child type: method_definition at lines 120-123
[2025-11-08T05:09:39.388Z] [2025-11-08T05:09:39.389Z] [TREESITTER-CHUNKER] [INFO]    🎯 Found method: unknown (4 lines, 200 chars)
[2025-11-08T05:09:39.388Z] [2025-11-08T05:09:39.389Z] [TREESITTER-CHUNKER] [INFO]    ✅ Added method chunk: unknown
[2025-11-08T05:09:39.388Z] [2025-11-08T05:09:39.389Z] [TREESITTER-CHUNKER] [INFO]    Child type: comment at lines 125-127
[2025-11-08T05:09:39.388Z] [2025-11-08T05:09:39.389Z] [TREESITTER-CHUNKER] [INFO]    Child type: method_definition at lines 128-131
[2025-11-08T05:09:39.388Z] [2025-11-08T05:09:39.389Z] [TREESITTER-CHUNKER] [INFO]    🎯 Found method: unknown (4 lines, 190 chars)
[2025-11-08T05:09:39.388Z] [2025-11-08T05:09:39.389Z] [TREESITTER-CHUNKER] [INFO]    ✅ Added method chunk: unknown
[2025-11-08T05:09:39.388Z] [2025-11-08T05:09:39.390Z] [TREESITTER-CHUNKER] [INFO]    Child type: comment at lines 133-135
[2025-11-08T05:09:39.388Z] [2025-11-08T05:09:39.390Z] [TREESITTER-CHUNKER] [INFO]    Child type: method_definition at lines 136-139
[2025-11-08T05:09:39.388Z] [2025-11-08T05:09:39.390Z] [TREESITTER-CHUNKER] [INFO]    🎯 Found method: unknown (4 lines, 220 chars)
[2025-11-08T05:09:39.388Z] [2025-11-08T05:09:39.390Z] [TREESITTER-CHUNKER] [INFO]    ✅ Added method chunk: unknown
[2025-11-08T05:09:39.388Z] [2025-11-08T05:09:39.390Z] [TREESITTER-CHUNKER] [INFO]    Child type: comment at lines 141-143
[2025-11-08T05:09:39.388Z] [2025-11-08T05:09:39.390Z] [TREESITTER-CHUNKER] [INFO]    Child type: method_definition at lines 144-151
[2025-11-08T05:09:39.388Z] [2025-11-08T05:09:39.390Z] [TREESITTER-CHUNKER] [INFO]    🎯 Found method: unknown (8 lines, 424 chars)
[2025-11-08T05:09:39.388Z] [2025-11-08T05:09:39.390Z] [TREESITTER-CHUNKER] [INFO]    ✅ Added method chunk: unknown
[2025-11-08T05:09:39.388Z] [2025-11-08T05:09:39.390Z] [TREESITTER-CHUNKER] [INFO]    Child type: comment at lines 153-155
[2025-11-08T05:09:39.388Z] [2025-11-08T05:09:39.390Z] [TREESITTER-CHUNKER] [INFO]    Child type: method_definition at lines 156-159
[2025-11-08T05:09:39.388Z] [2025-11-08T05:09:39.390Z] [TREESITTER-CHUNKER] [INFO]    🎯 Found method: unknown (4 lines, 199 chars)
[2025-11-08T05:09:39.389Z] [2025-11-08T05:09:39.390Z] [TREESITTER-CHUNKER] [INFO]    ✅ Added method chunk: unknown
[2025-11-08T05:09:39.389Z] [2025-11-08T05:09:39.390Z] [TREESITTER-CHUNKER] [INFO]    Child type: comment at lines 161-163
[2025-11-08T05:09:39.389Z] [2025-11-08T05:09:39.390Z] [TREESITTER-CHUNKER] [INFO]    Child type: method_definition at lines 164-167
[2025-11-08T05:09:39.389Z] [2025-11-08T05:09:39.390Z] [TREESITTER-CHUNKER] [INFO]    🎯 Found method: unknown (4 lines, 194 chars)
[2025-11-08T05:09:39.389Z] [2025-11-08T05:09:39.390Z] [TREESITTER-CHUNKER] [INFO]    ✅ Added method chunk: unknown
[2025-11-08T05:09:39.389Z] [2025-11-08T05:09:39.390Z] [TREESITTER-CHUNKER] [INFO]    Child type: comment at lines 169-171
[2025-11-08T05:09:39.389Z] [2025-11-08T05:09:39.390Z] [TREESITTER-CHUNKER] [INFO]    Child type: method_definition at lines 172-175
[2025-11-08T05:09:39.389Z] [2025-11-08T05:09:39.390Z] [TREESITTER-CHUNKER] [INFO]    🎯 Found method: unknown (4 lines, 190 chars)
[2025-11-08T05:09:39.389Z] [2025-11-08T05:09:39.390Z] [TREESITTER-CHUNKER] [INFO]    ✅ Added method chunk: unknown
[2025-11-08T05:09:39.389Z] [2025-11-08T05:09:39.390Z] [TREESITTER-CHUNKER] [INFO]    Child type: comment at lines 177-179
[2025-11-08T05:09:39.389Z] [2025-11-08T05:09:39.390Z] [TREESITTER-CHUNKER] [INFO]    Child type: method_definition at lines 180-199
[2025-11-08T05:09:39.389Z] [2025-11-08T05:09:39.390Z] [TREESITTER-CHUNKER] [INFO]    🎯 Found method: unknown (20 lines, 883 chars)
[2025-11-08T05:09:39.389Z] [2025-11-08T05:09:39.390Z] [TREESITTER-CHUNKER] [INFO]    ✅ Added method chunk: unknown
[2025-11-08T05:09:39.389Z] [2025-11-08T05:09:39.390Z] [TREESITTER-CHUNKER] [INFO]    Child type: comment at lines 201-203
[2025-11-08T05:09:39.389Z] [2025-11-08T05:09:39.390Z] [TREESITTER-CHUNKER] [INFO]    Child type: method_definition at lines 204-207
[2025-11-08T05:09:39.389Z] [2025-11-08T05:09:39.390Z] [TREESITTER-CHUNKER] [INFO]    🎯 Found method: unknown (4 lines, 230 chars)
[2025-11-08T05:09:39.389Z] [2025-11-08T05:09:39.390Z] [TREESITTER-CHUNKER] [INFO]    ✅ Added method chunk: unknown
[2025-11-08T05:09:39.389Z] [2025-11-08T05:09:39.390Z] [TREESITTER-CHUNKER] [INFO]    Child type: comment at lines 209-211
[2025-11-08T05:09:39.389Z] [2025-11-08T05:09:39.390Z] [TREESITTER-CHUNKER] [INFO]    Child type: method_definition at lines 212-215
[2025-11-08T05:09:39.389Z] [2025-11-08T05:09:39.390Z] [TREESITTER-CHUNKER] [INFO]    🎯 Found method: unknown (4 lines, 238 chars)
[2025-11-08T05:09:39.389Z] [2025-11-08T05:09:39.390Z] [TREESITTER-CHUNKER] [INFO]    ✅ Added method chunk: unknown
[2025-11-08T05:09:39.389Z] [2025-11-08T05:09:39.390Z] [TREESITTER-CHUNKER] [INFO]    Child type: comment at lines 217-219
[2025-11-08T05:09:39.389Z] [2025-11-08T05:09:39.390Z] [TREESITTER-CHUNKER] [INFO]    Child type: method_definition at lines 220-227
[2025-11-08T05:09:39.389Z] [2025-11-08T05:09:39.390Z] [TREESITTER-CHUNKER] [INFO]    🎯 Found method: unknown (8 lines, 338 chars)
[2025-11-08T05:09:39.389Z] [2025-11-08T05:09:39.390Z] [TREESITTER-CHUNKER] [INFO]    ✅ Added method chunk: unknown
[2025-11-08T05:09:39.389Z] [2025-11-08T05:09:39.390Z] [TREESITTER-CHUNKER] [INFO]    Child type: comment at lines 229-231
[2025-11-08T05:09:39.389Z] [2025-11-08T05:09:39.390Z] [TREESITTER-CHUNKER] [INFO]    Child type: method_definition at lines 232-234
[2025-11-08T05:09:39.389Z] [2025-11-08T05:09:39.390Z] [TREESITTER-CHUNKER] [INFO]    🎯 Found method: unknown (3 lines, 141 chars)
[2025-11-08T05:09:39.389Z] [2025-11-08T05:09:39.391Z] [TREESITTER-CHUNKER] [INFO]    ✅ Added method chunk: unknown
[2025-11-08T05:09:39.389Z] [2025-11-08T05:09:39.391Z] [TREESITTER-CHUNKER] [INFO]    Child type: comment at lines 236-238
[2025-11-08T05:09:39.389Z] [2025-11-08T05:09:39.391Z] [TREESITTER-CHUNKER] [INFO]    Child type: method_definition at lines 239-241
[2025-11-08T05:09:39.389Z] [2025-11-08T05:09:39.391Z] [TREESITTER-CHUNKER] [INFO]    🎯 Found method: unknown (3 lines, 141 chars)
[2025-11-08T05:09:39.389Z] [2025-11-08T05:09:39.391Z] [TREESITTER-CHUNKER] [INFO]    ✅ Added method chunk: unknown
[2025-11-08T05:09:39.389Z] [2025-11-08T05:09:39.391Z] [TREESITTER-CHUNKER] [INFO]    Child type: comment at lines 243-245
[2025-11-08T05:09:39.389Z] [2025-11-08T05:09:39.391Z] [TREESITTER-CHUNKER] [INFO]    Child type: method_definition at lines 246-248
[2025-11-08T05:09:39.389Z] [2025-11-08T05:09:39.391Z] [TREESITTER-CHUNKER] [INFO]    🎯 Found method: unknown (3 lines, 133 chars)
[2025-11-08T05:09:39.389Z] [2025-11-08T05:09:39.391Z] [TREESITTER-CHUNKER] [INFO]    ✅ Added method chunk: unknown
[2025-11-08T05:09:39.389Z] [2025-11-08T05:09:39.391Z] [TREESITTER-CHUNKER] [INFO]    Child type: comment at lines 250-252
[2025-11-08T05:09:39.389Z] [2025-11-08T05:09:39.391Z] [TREESITTER-CHUNKER] [INFO]    Child type: method_definition at lines 253-255
[2025-11-08T05:09:39.390Z] [2025-11-08T05:09:39.391Z] [TREESITTER-CHUNKER] [INFO]    🎯 Found method: unknown (3 lines, 128 chars)
[2025-11-08T05:09:39.390Z] [2025-11-08T05:09:39.391Z] [TREESITTER-CHUNKER] [INFO]    ✅ Added method chunk: unknown
[2025-11-08T05:09:39.390Z] [2025-11-08T05:09:39.391Z] [TREESITTER-CHUNKER] [INFO]    Child type: comment at lines 257-259
[2025-11-08T05:09:39.390Z] [2025-11-08T05:09:39.391Z] [TREESITTER-CHUNKER] [INFO]    Child type: method_definition at lines 260-262
[2025-11-08T05:09:39.390Z] [2025-11-08T05:09:39.391Z] [TREESITTER-CHUNKER] [INFO]    🎯 Found method: unknown (3 lines, 120 chars)
[2025-11-08T05:09:39.390Z] [2025-11-08T05:09:39.391Z] [TREESITTER-CHUNKER] [INFO]    ✅ Added method chunk: unknown
[2025-11-08T05:09:39.390Z] [2025-11-08T05:09:39.391Z] [TREESITTER-CHUNKER] [INFO]    Child type: comment at lines 264-266
[2025-11-08T05:09:39.390Z] [2025-11-08T05:09:39.391Z] [TREESITTER-CHUNKER] [INFO]    Child type: method_definition at lines 267-272
[2025-11-08T05:09:39.390Z] [2025-11-08T05:09:39.391Z] [TREESITTER-CHUNKER] [INFO]    🎯 Found method: unknown (6 lines, 143 chars)
[2025-11-08T05:09:39.390Z] [2025-11-08T05:09:39.391Z] [TREESITTER-CHUNKER] [INFO]    ✅ Added method chunk: unknown
[2025-11-08T05:09:39.390Z] [2025-11-08T05:09:39.391Z] [TREESITTER-CHUNKER] [INFO]    Child type: comment at lines 274-276
[2025-11-08T05:09:39.390Z] [2025-11-08T05:09:39.391Z] [TREESITTER-CHUNKER] [INFO]    Child type: method_definition at lines 277-329
[2025-11-08T05:09:39.390Z] [2025-11-08T05:09:39.391Z] [TREESITTER-CHUNKER] [INFO]    🎯 Found method: unknown (53 lines, 1609 chars)
[2025-11-08T05:09:39.390Z] [2025-11-08T05:09:39.391Z] [TREESITTER-CHUNKER] [INFO]    ✅ Added method chunk: unknown
[2025-11-08T05:09:39.390Z] [2025-11-08T05:09:39.391Z] [TREESITTER-CHUNKER] [INFO] 🏁 Extracted 23 methods from large class
[2025-11-08T05:09:39.406Z] [2025-11-08T05:09:39.407Z] [TREESITTER-CHUNKER] [INFO] Created 9 semantic chunks from C:\Projects\educatedplanet\dataservice\src\services\tutor.service.ts
[2025-11-08T05:09:39.475Z] [2025-11-08T05:09:39.476Z] [TREESITTER-FULL] [INFO] Extracted 2 symbols from C:\Projects\educatedplanet\dataservice\src\services\tutor.service.ts
[2025-11-08T05:09:39.475Z] [2025-11-08T05:09:39.476Z] [INDEXING-ORCHESTRATOR] [DEBUG] 🔍 Symbol extraction for C:\Projects\educatedplanet\dataservice\src\services\tutor.service.ts: 2 symbols, 3 imports
[2025-11-08T05:09:39.475Z] [2025-11-08T05:09:39.476Z] [INDEXING-ORCHESTRATOR] [DEBUG] 📍 Chunk 13-42: 0 candidate symbols
[2025-11-08T05:09:39.475Z] [2025-11-08T05:09:39.476Z] [INDEXING-ORCHESTRATOR] [DEBUG] ✅ Chunk symbols after filtering: 0 symbols - 
[2025-11-08T05:09:39.475Z] [2025-11-08T05:09:39.476Z] [INDEXING-ORCHESTRATOR] [DEBUG] 📍 Chunk 46-87: 0 candidate symbols
[2025-11-08T05:09:39.475Z] [2025-11-08T05:09:39.476Z] [INDEXING-ORCHESTRATOR] [DEBUG] ✅ Chunk symbols after filtering: 0 symbols - 
[2025-11-08T05:09:39.475Z] [2025-11-08T05:09:39.476Z] [INDEXING-ORCHESTRATOR] [DEBUG] 📍 Chunk 92-139: 0 candidate symbols
[2025-11-08T05:09:39.475Z] [2025-11-08T05:09:39.476Z] [INDEXING-ORCHESTRATOR] [DEBUG] ✅ Chunk symbols after filtering: 0 symbols - 
[2025-11-08T05:09:39.475Z] [2025-11-08T05:09:39.476Z] [INDEXING-ORCHESTRATOR] [DEBUG] 📍 Chunk 144-175: 0 candidate symbols
[2025-11-08T05:09:39.475Z] [2025-11-08T05:09:39.476Z] [INDEXING-ORCHESTRATOR] [DEBUG] ✅ Chunk symbols after filtering: 0 symbols - 
[2025-11-08T05:09:39.475Z] [2025-11-08T05:09:39.476Z] [INDEXING-ORCHESTRATOR] [DEBUG] 📍 Chunk 180-215: 0 candidate symbols
[2025-11-08T05:09:39.475Z] [2025-11-08T05:09:39.476Z] [INDEXING-ORCHESTRATOR] [DEBUG] ✅ Chunk symbols after filtering: 0 symbols - 
[2025-11-08T05:09:39.475Z] [2025-11-08T05:09:39.476Z] [INDEXING-ORCHESTRATOR] [DEBUG] 📍 Chunk 220-262: 0 candidate symbols
[2025-11-08T05:09:39.475Z] [2025-11-08T05:09:39.476Z] [INDEXING-ORCHESTRATOR] [DEBUG] ✅ Chunk symbols after filtering: 0 symbols - 
[2025-11-08T05:09:39.475Z] [2025-11-08T05:09:39.476Z] [INDEXING-ORCHESTRATOR] [DEBUG] 📍 Chunk 267-272: 0 candidate symbols
[2025-11-08T05:09:39.475Z] [2025-11-08T05:09:39.477Z] [INDEXING-ORCHESTRATOR] [DEBUG] ✅ Chunk symbols after filtering: 0 symbols - 
[2025-11-08T05:09:39.475Z] [2025-11-08T05:09:39.477Z] [INDEXING-ORCHESTRATOR] [DEBUG] 📍 Chunk 277-329: 0 candidate symbols
[2025-11-08T05:09:39.475Z] [2025-11-08T05:09:39.477Z] [INDEXING-ORCHESTRATOR] [DEBUG] ✅ Chunk symbols after filtering: 0 symbols - 
[2025-11-08T05:09:39.475Z] [2025-11-08T05:09:39.477Z] [INDEXING-ORCHESTRATOR] [DEBUG] 📍 Chunk 330-333: 1 candidate symbols
[2025-11-08T05:09:39.475Z] [2025-11-08T05:09:39.477Z] [INDEXING-ORCHESTRATOR] [DEBUG] ✅ Chunk symbols after filtering: 1 symbols - tutorService
[2025-11-08T05:09:39.475Z] [2025-11-08T05:09:39.477Z] [INDEXING-ORCHESTRATOR] [DEBUG] Created 9 semantic chunks for C:\Projects\educatedplanet\dataservice\src\services\tutor.service.ts
[2025-11-08T05:09:39.476Z] [2025-11-08T05:09:39.477Z] [INDEXING-ORCHESTRATOR] [DEBUG] Average chunk size: 1017 characters
[2025-11-08T05:09:39.480Z] [2025-11-08T05:09:39.481Z] [TREESITTER-CHUNKER] [INFO] 🔍 Found class: unknown (323 lines)
[2025-11-08T05:09:39.480Z] [2025-11-08T05:09:39.481Z] [TREESITTER-CHUNKER] [INFO] 📤 Splitting large class: unknown (323 lines > 150)
[2025-11-08T05:09:39.480Z] [2025-11-08T05:09:39.481Z] [TREESITTER-CHUNKER] [INFO] 🔧 Extracting methods from large class with 2 children
[2025-11-08T05:09:39.480Z] [2025-11-08T05:09:39.481Z] [TREESITTER-CHUNKER] [INFO] 🔍 Checking 30 nodes for methods (using class_body)
[2025-11-08T05:09:39.480Z] [2025-11-08T05:09:39.481Z] [TREESITTER-CHUNKER] [INFO]    Child type: public_field_definition at lines 17-17
[2025-11-08T05:09:39.480Z] [2025-11-08T05:09:39.481Z] [TREESITTER-CHUNKER] [INFO]    Child type: method_definition at lines 19-24
[2025-11-08T05:09:39.480Z] [2025-11-08T05:09:39.481Z] [TREESITTER-CHUNKER] [INFO]    🎯 Found method: unknown (6 lines, 168 chars)
[2025-11-08T05:09:39.480Z] [2025-11-08T05:09:39.481Z] [TREESITTER-CHUNKER] [INFO]    ✅ Added method chunk: unknown
[2025-11-08T05:09:39.480Z] [2025-11-08T05:09:39.482Z] [TREESITTER-CHUNKER] [INFO]    Child type: comment at lines 25-27
[2025-11-08T05:09:39.480Z] [2025-11-08T05:09:39.482Z] [TREESITTER-CHUNKER] [INFO]    Child type: method_definition at lines 28-39
[2025-11-08T05:09:39.480Z] [2025-11-08T05:09:39.482Z] [TREESITTER-CHUNKER] [INFO]    🎯 Found method: unknown (12 lines, 392 chars)
[2025-11-08T05:09:39.480Z] [2025-11-08T05:09:39.482Z] [TREESITTER-CHUNKER] [INFO]    ✅ Added method chunk: unknown
[2025-11-08T05:09:39.480Z] [2025-11-08T05:09:39.482Z] [TREESITTER-CHUNKER] [INFO]    Child type: comment at lines 40-42
[2025-11-08T05:09:39.481Z] [2025-11-08T05:09:39.482Z] [TREESITTER-CHUNKER] [INFO]    Child type: method_definition at lines 43-71
[2025-11-08T05:09:39.481Z] [2025-11-08T05:09:39.482Z] [TREESITTER-CHUNKER] [INFO]    🎯 Found method: unknown (29 lines, 929 chars)
[2025-11-08T05:09:39.481Z] [2025-11-08T05:09:39.482Z] [TREESITTER-CHUNKER] [INFO]    ✅ Added method chunk: unknown
[2025-11-08T05:09:39.481Z] [2025-11-08T05:09:39.482Z] [TREESITTER-CHUNKER] [INFO]    Child type: comment at lines 73-75
[2025-11-08T05:09:39.481Z] [2025-11-08T05:09:39.482Z] [TREESITTER-CHUNKER] [INFO]    Child type: method_definition at lines 76-85
[2025-11-08T05:09:39.481Z] [2025-11-08T05:09:39.482Z] [TREESITTER-CHUNKER] [INFO]    🎯 Found method: unknown (10 lines, 308 chars)
[2025-11-08T05:09:39.481Z] [2025-11-08T05:09:39.482Z] [TREESITTER-CHUNKER] [INFO]    ✅ Added method chunk: unknown
[2025-11-08T05:09:39.481Z] [2025-11-08T05:09:39.482Z] [TREESITTER-CHUNKER] [INFO]    Child type: comment at lines 87-89
[2025-11-08T05:09:39.481Z] [2025-11-08T05:09:39.482Z] [TREESITTER-CHUNKER] [INFO]    Child type: method_definition at lines 90-97
[2025-11-08T05:09:39.481Z] [2025-11-08T05:09:39.482Z] [TREESITTER-CHUNKER] [INFO]    🎯 Found method: unknown (8 lines, 285 chars)
[2025-11-08T05:09:39.481Z] [2025-11-08T05:09:39.482Z] [TREESITTER-CHUNKER] [INFO]    ✅ Added method chunk: unknown
[2025-11-08T05:09:39.481Z] [2025-11-08T05:09:39.482Z] [TREESITTER-CHUNKER] [INFO]    Child type: comment at lines 99-101
[2025-11-08T05:09:39.481Z] [2025-11-08T05:09:39.482Z] [TREESITTER-CHUNKER] [INFO]    Child type: method_definition at lines 102-109
[2025-11-08T05:09:39.481Z] [2025-11-08T05:09:39.482Z] [TREESITTER-CHUNKER] [INFO]    🎯 Found method: unknown (8 lines, 299 chars)
[2025-11-08T05:09:39.481Z] [2025-11-08T05:09:39.482Z] [TREESITTER-CHUNKER] [INFO]    ✅ Added method chunk: unknown
[2025-11-08T05:09:39.481Z] [2025-11-08T05:09:39.482Z] [TREESITTER-CHUNKER] [INFO]    Child type: comment at lines 111-113
[2025-11-08T05:09:39.481Z] [2025-11-08T05:09:39.482Z] [TREESITTER-CHUNKER] [INFO]    Child type: method_definition at lines 114-160
[2025-11-08T05:09:39.481Z] [2025-11-08T05:09:39.482Z] [TREESITTER-CHUNKER] [INFO]    🎯 Found method: unknown (47 lines, 1109 chars)
[2025-11-08T05:09:39.481Z] [2025-11-08T05:09:39.482Z] [TREESITTER-CHUNKER] [INFO]    ✅ Added method chunk: unknown
[2025-11-08T05:09:39.481Z] [2025-11-08T05:09:39.482Z] [TREESITTER-CHUNKER] [INFO]    Child type: comment at lines 162-164
[2025-11-08T05:09:39.481Z] [2025-11-08T05:09:39.482Z] [TREESITTER-CHUNKER] [INFO]    Child type: method_definition at lines 165-189
[2025-11-08T05:09:39.481Z] [2025-11-08T05:09:39.482Z] [TREESITTER-CHUNKER] [INFO]    🎯 Found method: unknown (25 lines, 878 chars)
[2025-11-08T05:09:39.481Z] [2025-11-08T05:09:39.483Z] [TREESITTER-CHUNKER] [INFO]    ✅ Added method chunk: unknown
[2025-11-08T05:09:39.481Z] [2025-11-08T05:09:39.483Z] [TREESITTER-CHUNKER] [INFO]    Child type: comment at lines 191-193
[2025-11-08T05:09:39.481Z] [2025-11-08T05:09:39.483Z] [TREESITTER-CHUNKER] [INFO]    Child type: method_definition at lines 194-201
[2025-11-08T05:09:39.481Z] [2025-11-08T05:09:39.483Z] [TREESITTER-CHUNKER] [INFO]    🎯 Found method: unknown (8 lines, 276 chars)
[2025-11-08T05:09:39.481Z] [2025-11-08T05:09:39.483Z] [TREESITTER-CHUNKER] [INFO]    ✅ Added method chunk: unknown
[2025-11-08T05:09:39.481Z] [2025-11-08T05:09:39.483Z] [TREESITTER-CHUNKER] [INFO]    Child type: comment at lines 203-205
[2025-11-08T05:09:39.481Z] [2025-11-08T05:09:39.483Z] [TREESITTER-CHUNKER] [INFO]    Child type: method_definition at lines 206-213
[2025-11-08T05:09:39.482Z] [2025-11-08T05:09:39.483Z] [TREESITTER-CHUNKER] [INFO]    🎯 Found method: unknown (8 lines, 304 chars)
[2025-11-08T05:09:39.482Z] [2025-11-08T05:09:39.483Z] [TREESITTER-CHUNKER] [INFO]    ✅ Added method chunk: unknown
[2025-11-08T05:09:39.482Z] [2025-11-08T05:09:39.483Z] [TREESITTER-CHUNKER] [INFO]    Child type: comment at lines 215-217
[2025-11-08T05:09:39.482Z] [2025-11-08T05:09:39.483Z] [TREESITTER-CHUNKER] [INFO]    Child type: method_definition at lines 218-238
[2025-11-08T05:09:39.482Z] [2025-11-08T05:09:39.483Z] [TREESITTER-CHUNKER] [INFO]    🎯 Found method: unknown (21 lines, 646 chars)
[2025-11-08T05:09:39.482Z] [2025-11-08T05:09:39.483Z] [TREESITTER-CHUNKER] [INFO]    ✅ Added method chunk: unknown
[2025-11-08T05:09:39.482Z] [2025-11-08T05:09:39.483Z] [TREESITTER-CHUNKER] [INFO]    Child type: comment at lines 240-242
[2025-11-08T05:09:39.482Z] [2025-11-08T05:09:39.483Z] [TREESITTER-CHUNKER] [INFO]    Child type: method_definition at lines 243-266
[2025-11-08T05:09:39.482Z] [2025-11-08T05:09:39.483Z] [TREESITTER-CHUNKER] [INFO]    🎯 Found method: unknown (24 lines, 860 chars)
[2025-11-08T05:09:39.482Z] [2025-11-08T05:09:39.483Z] [TREESITTER-CHUNKER] [INFO]    ✅ Added method chunk: unknown
[2025-11-08T05:09:39.482Z] [2025-11-08T05:09:39.483Z] [TREESITTER-CHUNKER] [INFO]    Child type: comment at lines 268-270
[2025-11-08T05:09:39.482Z] [2025-11-08T05:09:39.483Z] [TREESITTER-CHUNKER] [INFO]    Child type: method_definition at lines 271-299
[2025-11-08T05:09:39.482Z] [2025-11-08T05:09:39.483Z] [TREESITTER-CHUNKER] [INFO]    🎯 Found method: unknown (29 lines, 804 chars)
[2025-11-08T05:09:39.482Z] [2025-11-08T05:09:39.483Z] [TREESITTER-CHUNKER] [INFO]    ✅ Added method chunk: unknown
[2025-11-08T05:09:39.482Z] [2025-11-08T05:09:39.483Z] [TREESITTER-CHUNKER] [INFO]    Child type: comment at lines 301-303
[2025-11-08T05:09:39.482Z] [2025-11-08T05:09:39.483Z] [TREESITTER-CHUNKER] [INFO]    Child type: method_definition at lines 304-320
[2025-11-08T05:09:39.482Z] [2025-11-08T05:09:39.484Z] [TREESITTER-CHUNKER] [INFO]    🎯 Found method: unknown (17 lines, 541 chars)
[2025-11-08T05:09:39.482Z] [2025-11-08T05:09:39.484Z] [TREESITTER-CHUNKER] [INFO]    ✅ Added method chunk: unknown
[2025-11-08T05:09:39.482Z] [2025-11-08T05:09:39.484Z] [TREESITTER-CHUNKER] [INFO]    Child type: comment at lines 322-324
[2025-11-08T05:09:39.482Z] [2025-11-08T05:09:39.484Z] [TREESITTER-CHUNKER] [INFO]    Child type: method_definition at lines 325-337
[2025-11-08T05:09:39.483Z] [2025-11-08T05:09:39.484Z] [TREESITTER-CHUNKER] [INFO]    🎯 Found method: unknown (13 lines, 398 chars)
[2025-11-08T05:09:39.483Z] [2025-11-08T05:09:39.484Z] [TREESITTER-CHUNKER] [INFO]    ✅ Added method chunk: unknown
[2025-11-08T05:09:39.483Z] [2025-11-08T05:09:39.484Z] [TREESITTER-CHUNKER] [INFO] 🏁 Extracted 15 methods from large class
[2025-11-08T05:09:39.542Z] [2025-11-08T05:09:39.543Z] [TREESITTER-CHUNKER] [INFO] Created 10 semantic chunks from C:\Projects\educatedplanet\dataservice\src\services\user.service.ts
[2025-11-08T05:09:39.637Z] [2025-11-08T05:09:39.638Z] [TREESITTER-FULL] [INFO] Extracted 2 symbols from C:\Projects\educatedplanet\dataservice\src\services\user.service.ts
[2025-11-08T05:09:39.637Z] [2025-11-08T05:09:39.638Z] [INDEXING-ORCHESTRATOR] [DEBUG] 🔍 Symbol extraction for C:\Projects\educatedplanet\dataservice\src\services\user.service.ts: 2 symbols, 5 imports
[2025-11-08T05:09:39.637Z] [2025-11-08T05:09:39.638Z] [INDEXING-ORCHESTRATOR] [DEBUG] 📍 Chunk 16-39: 0 candidate symbols
[2025-11-08T05:09:39.637Z] [2025-11-08T05:09:39.638Z] [INDEXING-ORCHESTRATOR] [DEBUG] ✅ Chunk symbols after filtering: 0 symbols - 
[2025-11-08T05:09:39.637Z] [2025-11-08T05:09:39.638Z] [INDEXING-ORCHESTRATOR] [DEBUG] 📍 Chunk 43-85: 0 candidate symbols
[2025-11-08T05:09:39.637Z] [2025-11-08T05:09:39.638Z] [INDEXING-ORCHESTRATOR] [DEBUG] ✅ Chunk symbols after filtering: 0 symbols - 
[2025-11-08T05:09:39.637Z] [2025-11-08T05:09:39.638Z] [INDEXING-ORCHESTRATOR] [DEBUG] 📍 Chunk 90-109: 0 candidate symbols
[2025-11-08T05:09:39.637Z] [2025-11-08T05:09:39.638Z] [INDEXING-ORCHESTRATOR] [DEBUG] ✅ Chunk symbols after filtering: 0 symbols - 
[2025-11-08T05:09:39.637Z] [2025-11-08T05:09:39.638Z] [INDEXING-ORCHESTRATOR] [DEBUG] 📍 Chunk 114-160: 0 candidate symbols
[2025-11-08T05:09:39.637Z] [2025-11-08T05:09:39.638Z] [INDEXING-ORCHESTRATOR] [DEBUG] ✅ Chunk symbols after filtering: 0 symbols - 
[2025-11-08T05:09:39.637Z] [2025-11-08T05:09:39.638Z] [INDEXING-ORCHESTRATOR] [DEBUG] 📍 Chunk 165-201: 0 candidate symbols
[2025-11-08T05:09:39.637Z] [2025-11-08T05:09:39.638Z] [INDEXING-ORCHESTRATOR] [DEBUG] ✅ Chunk symbols after filtering: 0 symbols - 
[2025-11-08T05:09:39.637Z] [2025-11-08T05:09:39.639Z] [INDEXING-ORCHESTRATOR] [DEBUG] 📍 Chunk 206-238: 0 candidate symbols
[2025-11-08T05:09:39.637Z] [2025-11-08T05:09:39.639Z] [INDEXING-ORCHESTRATOR] [DEBUG] ✅ Chunk symbols after filtering: 0 symbols - 
[2025-11-08T05:09:39.637Z] [2025-11-08T05:09:39.639Z] [INDEXING-ORCHESTRATOR] [DEBUG] 📍 Chunk 243-266: 0 candidate symbols
[2025-11-08T05:09:39.637Z] [2025-11-08T05:09:39.639Z] [INDEXING-ORCHESTRATOR] [DEBUG] ✅ Chunk symbols after filtering: 0 symbols - 
[2025-11-08T05:09:39.637Z] [2025-11-08T05:09:39.639Z] [INDEXING-ORCHESTRATOR] [DEBUG] 📍 Chunk 271-320: 0 candidate symbols
[2025-11-08T05:09:39.637Z] [2025-11-08T05:09:39.639Z] [INDEXING-ORCHESTRATOR] [DEBUG] ✅ Chunk symbols after filtering: 0 symbols - 
[2025-11-08T05:09:39.637Z] [2025-11-08T05:09:39.639Z] [INDEXING-ORCHESTRATOR] [DEBUG] 📍 Chunk 325-337: 0 candidate symbols
[2025-11-08T05:09:39.637Z] [2025-11-08T05:09:39.639Z] [INDEXING-ORCHESTRATOR] [DEBUG] ✅ Chunk symbols after filtering: 0 symbols - 
[2025-11-08T05:09:39.637Z] [2025-11-08T05:09:39.639Z] [INDEXING-ORCHESTRATOR] [DEBUG] 📍 Chunk 338-341: 1 candidate symbols
[2025-11-08T05:09:39.637Z] [2025-11-08T05:09:39.639Z] [INDEXING-ORCHESTRATOR] [DEBUG] ✅ Chunk symbols after filtering: 1 symbols - userService
[2025-11-08T05:09:39.637Z] [2025-11-08T05:09:39.639Z] [INDEXING-ORCHESTRATOR] [DEBUG] Created 10 semantic chunks for C:\Projects\educatedplanet\dataservice\src\services\user.service.ts
[2025-11-08T05:09:39.637Z] [2025-11-08T05:09:39.639Z] [INDEXING-ORCHESTRATOR] [DEBUG] Average chunk size: 861 characters
[2025-11-08T05:09:39.638Z] [2025-11-08T05:09:39.639Z] [INDEXING-ORCHESTRATOR] [DEBUG] 📊 Processed: 180/226 files
[2025-11-08T05:09:39.655Z] [2025-11-08T05:09:39.656Z] [TREESITTER-CHUNKER] [INFO] Created 1 semantic chunks from C:\Projects\educatedplanet\models\src\common\common.types.js
[2025-11-08T05:09:39.660Z] [2025-11-08T05:09:39.661Z] [TREESITTER-FULL] [INFO] Extracted 0 symbols from C:\Projects\educatedplanet\models\src\common\common.types.js
[2025-11-08T05:09:39.660Z] [2025-11-08T05:09:39.661Z] [INDEXING-ORCHESTRATOR] [DEBUG] 🔍 Symbol extraction for C:\Projects\educatedplanet\models\src\common\common.types.js: 0 symbols, 0 imports
[2025-11-08T05:09:39.660Z] [2025-11-08T05:09:39.661Z] [INDEXING-ORCHESTRATOR] [DEBUG] 📍 Chunk 1-37: 0 candidate symbols
[2025-11-08T05:09:39.660Z] [2025-11-08T05:09:39.661Z] [INDEXING-ORCHESTRATOR] [DEBUG] ✅ Chunk symbols after filtering: 0 symbols - 
[2025-11-08T05:09:39.660Z] [2025-11-08T05:09:39.662Z] [INDEXING-ORCHESTRATOR] [DEBUG] Created 1 semantic chunks for C:\Projects\educatedplanet\models\src\common\common.types.js
[2025-11-08T05:09:39.660Z] [2025-11-08T05:09:39.662Z] [INDEXING-ORCHESTRATOR] [DEBUG] Average chunk size: 1064 characters
[2025-11-08T05:09:39.661Z] [2025-11-08T05:09:39.662Z] [TREESITTER-CHUNKER] [INFO] Created 1 semantic chunks from C:\Projects\educatedplanet\models\src\common\index.ts
[2025-11-08T05:09:39.661Z] [2025-11-08T05:09:39.662Z] [TREESITTER-FULL] [INFO] Extracted 0 symbols from C:\Projects\educatedplanet\models\src\common\index.ts
[2025-11-08T05:09:39.661Z] [2025-11-08T05:09:39.662Z] [INDEXING-ORCHESTRATOR] [DEBUG] 🔍 Symbol extraction for C:\Projects\educatedplanet\models\src\common\index.ts: 0 symbols, 0 imports
[2025-11-08T05:09:39.661Z] [2025-11-08T05:09:39.662Z] [INDEXING-ORCHESTRATOR] [DEBUG] 📍 Chunk 1-5: 0 candidate symbols
[2025-11-08T05:09:39.661Z] [2025-11-08T05:09:39.662Z] [INDEXING-ORCHESTRATOR] [DEBUG] ✅ Chunk symbols after filtering: 0 symbols - 
[2025-11-08T05:09:39.661Z] [2025-11-08T05:09:39.662Z] [INDEXING-ORCHESTRATOR] [DEBUG] Created 1 semantic chunks for C:\Projects\educatedplanet\models\src\common\index.ts
[2025-11-08T05:09:39.661Z] [2025-11-08T05:09:39.662Z] [INDEXING-ORCHESTRATOR] [DEBUG] Average chunk size: 64 characters
[2025-11-08T05:09:39.663Z] [2025-11-08T05:09:39.664Z] [TREESITTER-CHUNKER] [INFO] Created 1 semantic chunks from C:\Projects\educatedplanet\models\src\index.ts
[2025-11-08T05:09:39.665Z] [2025-11-08T05:09:39.666Z] [TREESITTER-FULL] [INFO] Extracted 0 symbols from C:\Projects\educatedplanet\models\src\index.ts
[2025-11-08T05:09:39.665Z] [2025-11-08T05:09:39.666Z] [INDEXING-ORCHESTRATOR] [DEBUG] 🔍 Symbol extraction for C:\Projects\educatedplanet\models\src\index.ts: 0 symbols, 0 imports
[2025-11-08T05:09:39.665Z] [2025-11-08T05:09:39.666Z] [INDEXING-ORCHESTRATOR] [DEBUG] 📍 Chunk 1-79: 0 candidate symbols
[2025-11-08T05:09:39.665Z] [2025-11-08T05:09:39.666Z] [INDEXING-ORCHESTRATOR] [DEBUG] ✅ Chunk symbols after filtering: 0 symbols - 
[2025-11-08T05:09:39.665Z] [2025-11-08T05:09:39.666Z] [INDEXING-ORCHESTRATOR] [DEBUG] Created 1 semantic chunks for C:\Projects\educatedplanet\models\src\index.ts
[2025-11-08T05:09:39.665Z] [2025-11-08T05:09:39.666Z] [INDEXING-ORCHESTRATOR] [DEBUG] Average chunk size: 1433 characters
[2025-11-08T05:09:39.673Z] [2025-11-08T05:09:39.674Z] [TREESITTER-CHUNKER] [INFO] Created 3 semantic chunks from C:\Projects\educatedplanet\models\src\common\common.types.ts
[2025-11-08T05:09:39.689Z] [2025-11-08T05:09:39.690Z] [TREESITTER-FULL] [INFO] Extracted 21 symbols from C:\Projects\educatedplanet\models\src\common\common.types.ts
[2025-11-08T05:09:39.689Z] [2025-11-08T05:09:39.690Z] [INDEXING-ORCHESTRATOR] [DEBUG] 🔍 Symbol extraction for C:\Projects\educatedplanet\models\src\common\common.types.ts: 21 symbols, 0 imports
[2025-11-08T05:09:39.689Z] [2025-11-08T05:09:39.690Z] [INDEXING-ORCHESTRATOR] [DEBUG] 📍 Chunk 8-86: 8 candidate symbols
[2025-11-08T05:09:39.689Z] [2025-11-08T05:09:39.690Z] [INDEXING-ORCHESTRATOR] [DEBUG] ✅ Chunk symbols after filtering: 8 symbols - ApiResponse, ApiError, PaginationParams, PaginationMeta, PaginatedResponse, BaseEntity, Status, VerificationStatus
[2025-11-08T05:09:39.689Z] [2025-11-08T05:09:39.690Z] [INDEXING-ORCHESTRATOR] [DEBUG] 📍 Chunk 91-109: 2 candidate symbols
[2025-11-08T05:09:39.689Z] [2025-11-08T05:09:39.690Z] [INDEXING-ORCHESTRATOR] [DEBUG] ✅ Chunk symbols after filtering: 2 symbols - Subject, ClassLevel
[2025-11-08T05:09:39.689Z] [2025-11-08T05:09:39.690Z] [INDEXING-ORCHESTRATOR] [DEBUG] 📍 Chunk 128-206: 10 candidate symbols
[2025-11-08T05:09:39.689Z] [2025-11-08T05:09:39.690Z] [INDEXING-ORCHESTRATOR] [DEBUG] ✅ Chunk symbols after filtering: 10 symbols - BhubaneswarArea, SearchFilters, LoadingState, ThemeMode, Currency, FileUpload, FormErrors, ComponentProps, ColorVariant, SizeVariant
[2025-11-08T05:09:39.689Z] [2025-11-08T05:09:39.690Z] [INDEXING-ORCHESTRATOR] [DEBUG] Created 3 semantic chunks for C:\Projects\educatedplanet\models\src\common\common.types.ts
[2025-11-08T05:09:39.689Z] [2025-11-08T05:09:39.690Z] [INDEXING-ORCHESTRATOR] [DEBUG] Average chunk size: 1004 characters
[2025-11-08T05:09:39.693Z] [2025-11-08T05:09:39.694Z] [TREESITTER-CHUNKER] [INFO] Created 1 semantic chunks from C:\Projects\educatedplanet\models\src\tutor\index.ts
[2025-11-08T05:09:39.693Z] [2025-11-08T05:09:39.695Z] [TREESITTER-FULL] [INFO] Extracted 0 symbols from C:\Projects\educatedplanet\models\src\tutor\index.ts
[2025-11-08T05:09:39.693Z] [2025-11-08T05:09:39.695Z] [INDEXING-ORCHESTRATOR] [DEBUG] 🔍 Symbol extraction for C:\Projects\educatedplanet\models\src\tutor\index.ts: 0 symbols, 0 imports
[2025-11-08T05:09:39.693Z] [2025-11-08T05:09:39.695Z] [INDEXING-ORCHESTRATOR] [DEBUG] 📍 Chunk 1-5: 0 candidate symbols
[2025-11-08T05:09:39.693Z] [2025-11-08T05:09:39.695Z] [INDEXING-ORCHESTRATOR] [DEBUG] ✅ Chunk symbols after filtering: 0 symbols - 
[2025-11-08T05:09:39.693Z] [2025-11-08T05:09:39.695Z] [INDEXING-ORCHESTRATOR] [DEBUG] Created 1 semantic chunks for C:\Projects\educatedplanet\models\src\tutor\index.ts
[2025-11-08T05:09:39.693Z] [2025-11-08T05:09:39.695Z] [INDEXING-ORCHESTRATOR] [DEBUG] Average chunk size: 70 characters
[2025-11-08T05:09:39.696Z] [2025-11-08T05:09:39.697Z] [TREESITTER-CHUNKER] [INFO] Created 1 semantic chunks from C:\Projects\educatedplanet\models\src\index.js
[2025-11-08T05:09:39.705Z] [2025-11-08T05:09:39.706Z] [TREESITTER-FULL] [INFO] Extracted 0 symbols from C:\Projects\educatedplanet\models\src\index.js
[2025-11-08T05:09:39.705Z] [2025-11-08T05:09:39.706Z] [INDEXING-ORCHESTRATOR] [DEBUG] 🔍 Symbol extraction for C:\Projects\educatedplanet\models\src\index.js: 0 symbols, 0 imports
[2025-11-08T05:09:39.705Z] [2025-11-08T05:09:39.706Z] [INDEXING-ORCHESTRATOR] [DEBUG] 📍 Chunk 1-27: 0 candidate symbols
[2025-11-08T05:09:39.705Z] [2025-11-08T05:09:39.706Z] [INDEXING-ORCHESTRATOR] [DEBUG] ✅ Chunk symbols after filtering: 0 symbols - 
[2025-11-08T05:09:39.705Z] [2025-11-08T05:09:39.706Z] [INDEXING-ORCHESTRATOR] [DEBUG] Created 1 semantic chunks for C:\Projects\educatedplanet\models\src\index.js
[2025-11-08T05:09:39.705Z] [2025-11-08T05:09:39.706Z] [INDEXING-ORCHESTRATOR] [DEBUG] Average chunk size: 1176 characters
[2025-11-08T05:09:39.713Z] [2025-11-08T05:09:39.714Z] [TREESITTER-CHUNKER] [INFO] Created 4 semantic chunks from C:\Projects\educatedplanet\models\src\tutor\tutor.types.ts
[2025-11-08T05:09:39.725Z] [2025-11-08T05:09:39.726Z] [TREESITTER-FULL] [INFO] Extracted 20 symbols from C:\Projects\educatedplanet\models\src\tutor\tutor.types.ts
[2025-11-08T05:09:39.725Z] [2025-11-08T05:09:39.726Z] [INDEXING-ORCHESTRATOR] [DEBUG] 🔍 Symbol extraction for C:\Projects\educatedplanet\models\src\tutor\tutor.types.ts: 20 symbols, 0 imports
[2025-11-08T05:09:39.725Z] [2025-11-08T05:09:39.726Z] [INDEXING-ORCHESTRATOR] [DEBUG] 📍 Chunk 5-81: 8 candidate symbols
[2025-11-08T05:09:39.725Z] [2025-11-08T05:09:39.726Z] [INDEXING-ORCHESTRATOR] [DEBUG] ✅ Chunk symbols after filtering: 8 symbols - Tutor, TutorRating, TeachingMode, TutorLocation, TutorPrice, TutorSearchFilters, TutorCardVariant, ExtendedTutor
[2025-11-08T05:09:39.725Z] [2025-11-08T05:09:39.726Z] [INDEXING-ORCHESTRATOR] [DEBUG] 📍 Chunk 86-140: 6 candidate symbols
[2025-11-08T05:09:39.725Z] [2025-11-08T05:09:39.726Z] [INDEXING-ORCHESTRATOR] [DEBUG] ✅ Chunk symbols after filtering: 6 symbols - Education, Language, Availability, WeekdayAvailability, TimeSlot, Review
[2025-11-08T05:09:39.725Z] [2025-11-08T05:09:39.726Z] [INDEXING-ORCHESTRATOR] [DEBUG] 📍 Chunk 149-232: 5 candidate symbols
[2025-11-08T05:09:39.725Z] [2025-11-08T05:09:39.726Z] [INDEXING-ORCHESTRATOR] [DEBUG] ✅ Chunk symbols after filtering: 5 symbols - CreateTutorInput, UpdateTutorInput, TutorSearchParams, CreateReviewInput, UpdateReviewInput
[2025-11-08T05:09:39.725Z] [2025-11-08T05:09:39.726Z] [INDEXING-ORCHESTRATOR] [DEBUG] 📍 Chunk 237-245: 1 candidate symbols
[2025-11-08T05:09:39.725Z] [2025-11-08T05:09:39.726Z] [INDEXING-ORCHESTRATOR] [DEBUG] ✅ Chunk symbols after filtering: 1 symbols - ReviewSearchParams
[2025-11-08T05:09:39.725Z] [2025-11-08T05:09:39.726Z] [INDEXING-ORCHESTRATOR] [DEBUG] Created 4 semantic chunks for C:\Projects\educatedplanet\models\src\tutor\tutor.types.ts
[2025-11-08T05:09:39.725Z] [2025-11-08T05:09:39.727Z] [INDEXING-ORCHESTRATOR] [DEBUG] Average chunk size: 1013 characters
[2025-11-08T05:09:39.726Z] [2025-11-08T05:09:39.727Z] [TREESITTER-CHUNKER] [INFO] Created 1 semantic chunks from C:\Projects\educatedplanet\models\src\tutor\tutor.types.js
[2025-11-08T05:09:39.726Z] [2025-11-08T05:09:39.728Z] [TREESITTER-FULL] [INFO] Extracted 0 symbols from C:\Projects\educatedplanet\models\src\tutor\tutor.types.js
[2025-11-08T05:09:39.726Z] [2025-11-08T05:09:39.728Z] [INDEXING-ORCHESTRATOR] [DEBUG] 🔍 Symbol extraction for C:\Projects\educatedplanet\models\src\tutor\tutor.types.js: 0 symbols, 0 imports
[2025-11-08T05:09:39.726Z] [2025-11-08T05:09:39.728Z] [INDEXING-ORCHESTRATOR] [DEBUG] 📍 Chunk 1-3: 0 candidate symbols
[2025-11-08T05:09:39.726Z] [2025-11-08T05:09:39.728Z] [INDEXING-ORCHESTRATOR] [DEBUG] ✅ Chunk symbols after filtering: 0 symbols - 
[2025-11-08T05:09:39.726Z] [2025-11-08T05:09:39.728Z] [INDEXING-ORCHESTRATOR] [DEBUG] Created 1 semantic chunks for C:\Projects\educatedplanet\models\src\tutor\tutor.types.js
[2025-11-08T05:09:39.726Z] [2025-11-08T05:09:39.728Z] [INDEXING-ORCHESTRATOR] [DEBUG] Average chunk size: 116 characters
[2025-11-08T05:09:39.727Z] [2025-11-08T05:09:39.728Z] [TREESITTER-CHUNKER] [INFO] Created 1 semantic chunks from C:\Projects\educatedplanet\models\src\user\index.ts
[2025-11-08T05:09:39.727Z] [2025-11-08T05:09:39.728Z] [TREESITTER-FULL] [INFO] Extracted 0 symbols from C:\Projects\educatedplanet\models\src\user\index.ts
[2025-11-08T05:09:39.727Z] [2025-11-08T05:09:39.728Z] [INDEXING-ORCHESTRATOR] [DEBUG] 🔍 Symbol extraction for C:\Projects\educatedplanet\models\src\user\index.ts: 0 symbols, 0 imports
[2025-11-08T05:09:39.727Z] [2025-11-08T05:09:39.728Z] [INDEXING-ORCHESTRATOR] [DEBUG] 📍 Chunk 1-5: 0 candidate symbols
[2025-11-08T05:09:39.727Z] [2025-11-08T05:09:39.728Z] [INDEXING-ORCHESTRATOR] [DEBUG] ✅ Chunk symbols after filtering: 0 symbols - 
[2025-11-08T05:09:39.727Z] [2025-11-08T05:09:39.728Z] [INDEXING-ORCHESTRATOR] [DEBUG] Created 1 semantic chunks for C:\Projects\educatedplanet\models\src\user\index.ts
[2025-11-08T05:09:39.727Z] [2025-11-08T05:09:39.728Z] [INDEXING-ORCHESTRATOR] [DEBUG] Average chunk size: 68 characters
[2025-11-08T05:09:39.727Z] [2025-11-08T05:09:39.729Z] [TREESITTER-CHUNKER] [INFO] Created 1 semantic chunks from C:\Projects\educatedplanet\models\src\user\user.types.js
[2025-11-08T05:09:39.728Z] [2025-11-08T05:09:39.729Z] [TREESITTER-FULL] [INFO] Extracted 0 symbols from C:\Projects\educatedplanet\models\src\user\user.types.js
[2025-11-08T05:09:39.728Z] [2025-11-08T05:09:39.729Z] [INDEXING-ORCHESTRATOR] [DEBUG] 🔍 Symbol extraction for C:\Projects\educatedplanet\models\src\user\user.types.js: 0 symbols, 0 imports
[2025-11-08T05:09:39.728Z] [2025-11-08T05:09:39.729Z] [INDEXING-ORCHESTRATOR] [DEBUG] 📍 Chunk 1-3: 0 candidate symbols
[2025-11-08T05:09:39.728Z] [2025-11-08T05:09:39.729Z] [INDEXING-ORCHESTRATOR] [DEBUG] ✅ Chunk symbols after filtering: 0 symbols - 
[2025-11-08T05:09:39.728Z] [2025-11-08T05:09:39.729Z] [INDEXING-ORCHESTRATOR] [DEBUG] Created 1 semantic chunks for C:\Projects\educatedplanet\models\src\user\user.types.js
[2025-11-08T05:09:39.728Z] [2025-11-08T05:09:39.729Z] [INDEXING-ORCHESTRATOR] [DEBUG] Average chunk size: 115 characters
[2025-11-08T05:09:39.728Z] [2025-11-08T05:09:39.729Z] [INDEXING-ORCHESTRATOR] [DEBUG] 📊 Processed: 190/226 files
[2025-11-08T05:09:39.739Z] [2025-11-08T05:09:39.740Z] [TREESITTER-CHUNKER] [INFO] Created 3 semantic chunks from C:\Projects\educatedplanet\models\src\user\user.types.ts
[2025-11-08T05:09:39.751Z] [2025-11-08T05:09:39.752Z] [TREESITTER-FULL] [INFO] Extracted 15 symbols from C:\Projects\educatedplanet\models\src\user\user.types.ts
[2025-11-08T05:09:39.751Z] [2025-11-08T05:09:39.752Z] [INDEXING-ORCHESTRATOR] [DEBUG] 🔍 Symbol extraction for C:\Projects\educatedplanet\models\src\user\user.types.ts: 15 symbols, 0 imports
[2025-11-08T05:09:39.751Z] [2025-11-08T05:09:39.752Z] [INDEXING-ORCHESTRATOR] [DEBUG] 📍 Chunk 4-90: 8 candidate symbols
[2025-11-08T05:09:39.751Z] [2025-11-08T05:09:39.752Z] [INDEXING-ORCHESTRATOR] [DEBUG] ✅ Chunk symbols after filtering: 8 symbols - User, UserRole, UserRegistration, UserLogin, UserProfile, Address, UserPreferences, NotificationPreferences
[2025-11-08T05:09:39.751Z] [2025-11-08T05:09:39.752Z] [INDEXING-ORCHESTRATOR] [DEBUG] 📍 Chunk 95-119: 3 candidate symbols
[2025-11-08T05:09:39.751Z] [2025-11-08T05:09:39.752Z] [INDEXING-ORCHESTRATOR] [DEBUG] ✅ Chunk symbols after filtering: 3 symbols - PrivacySettings, ExtendedUser, UserStats
[2025-11-08T05:09:39.751Z] [2025-11-08T05:09:39.752Z] [INDEXING-ORCHESTRATOR] [DEBUG] 📍 Chunk 128-167: 4 candidate symbols
[2025-11-08T05:09:39.751Z] [2025-11-08T05:09:39.752Z] [INDEXING-ORCHESTRATOR] [DEBUG] ✅ Chunk symbols after filtering: 4 symbols - CreateUserInput, UpdateUserInput, LoginInput, UserSearchParams
[2025-11-08T05:09:39.751Z] [2025-11-08T05:09:39.752Z] [INDEXING-ORCHESTRATOR] [DEBUG] Created 3 semantic chunks for C:\Projects\educatedplanet\models\src\user\user.types.ts
[2025-11-08T05:09:39.751Z] [2025-11-08T05:09:39.752Z] [INDEXING-ORCHESTRATOR] [DEBUG] Average chunk size: 852 characters
[2025-11-08T05:09:39.802Z] [2025-11-08T05:09:39.803Z] [TREESITTER-CHUNKER] [INFO] Created 1 semantic chunks from C:\Projects\educatedplanet\web\app\demo\page.tsx
[2025-11-08T05:09:40.068Z] [2025-11-08T05:09:40.069Z] [TREESITTER-FULL] [INFO] Extracted 3 symbols from C:\Projects\educatedplanet\web\app\demo\page.tsx
[2025-11-08T05:09:40.068Z] [2025-11-08T05:09:40.069Z] [INDEXING-ORCHESTRATOR] [DEBUG] 🔍 Symbol extraction for C:\Projects\educatedplanet\web\app\demo\page.tsx: 3 symbols, 6 imports
[2025-11-08T05:09:40.068Z] [2025-11-08T05:09:40.069Z] [INDEXING-ORCHESTRATOR] [DEBUG] 📍 Chunk 1-343: 3 candidate symbols
[2025-11-08T05:09:40.068Z] [2025-11-08T05:09:40.069Z] [INDEXING-ORCHESTRATOR] [DEBUG] ✅ Chunk symbols after filtering: 3 symbols - features, components, demoTutors
[2025-11-08T05:09:40.068Z] [2025-11-08T05:09:40.069Z] [INDEXING-ORCHESTRATOR] [DEBUG] Created 1 semantic chunks for C:\Projects\educatedplanet\web\app\demo\page.tsx
[2025-11-08T05:09:40.068Z] [2025-11-08T05:09:40.069Z] [INDEXING-ORCHESTRATOR] [DEBUG] Average chunk size: 13510 characters
[2025-11-08T05:09:40.076Z] [2025-11-08T05:09:40.078Z] [TREESITTER-CHUNKER] [INFO] Created 1 semantic chunks from C:\Projects\educatedplanet\web\app\featured-tutors-demo\page.tsx
[2025-11-08T05:09:40.085Z] [2025-11-08T05:09:40.086Z] [TREESITTER-FULL] [INFO] Extracted 1 symbols from C:\Projects\educatedplanet\web\app\featured-tutors-demo\page.tsx
[2025-11-08T05:09:40.085Z] [2025-11-08T05:09:40.086Z] [INDEXING-ORCHESTRATOR] [DEBUG] 🔍 Symbol extraction for C:\Projects\educatedplanet\web\app\featured-tutors-demo\page.tsx: 1 symbols, 1 imports
[2025-11-08T05:09:40.085Z] [2025-11-08T05:09:40.086Z] [INDEXING-ORCHESTRATOR] [DEBUG] 📍 Chunk 3-30: 1 candidate symbols
[2025-11-08T05:09:40.085Z] [2025-11-08T05:09:40.086Z] [INDEXING-ORCHESTRATOR] [DEBUG] ✅ Chunk symbols after filtering: 1 symbols - FeaturedTutorsDemoPage
[2025-11-08T05:09:40.085Z] [2025-11-08T05:09:40.086Z] [INDEXING-ORCHESTRATOR] [DEBUG] Created 1 semantic chunks for C:\Projects\educatedplanet\web\app\featured-tutors-demo\page.tsx
[2025-11-08T05:09:40.085Z] [2025-11-08T05:09:40.086Z] [INDEXING-ORCHESTRATOR] [DEBUG] Average chunk size: 924 characters
[2025-11-08T05:09:40.087Z] [2025-11-08T05:09:40.088Z] [TREESITTER-CHUNKER] [INFO] Created 1 semantic chunks from C:\Projects\educatedplanet\web\app\page.tsx
[2025-11-08T05:09:40.089Z] [2025-11-08T05:09:40.090Z] [TREESITTER-FULL] [INFO] Extracted 1 symbols from C:\Projects\educatedplanet\web\app\page.tsx
[2025-11-08T05:09:40.089Z] [2025-11-08T05:09:40.090Z] [INDEXING-ORCHESTRATOR] [DEBUG] 🔍 Symbol extraction for C:\Projects\educatedplanet\web\app\page.tsx: 1 symbols, 2 imports
[2025-11-08T05:09:40.089Z] [2025-11-08T05:09:40.090Z] [INDEXING-ORCHESTRATOR] [DEBUG] 📍 Chunk 6-21: 1 candidate symbols
[2025-11-08T05:09:40.089Z] [2025-11-08T05:09:40.090Z] [INDEXING-ORCHESTRATOR] [DEBUG] ✅ Chunk symbols after filtering: 1 symbols - Home
[2025-11-08T05:09:40.089Z] [2025-11-08T05:09:40.090Z] [INDEXING-ORCHESTRATOR] [DEBUG] Created 1 semantic chunks for C:\Projects\educatedplanet\web\app\page.tsx
[2025-11-08T05:09:40.089Z] [2025-11-08T05:09:40.090Z] [INDEXING-ORCHESTRATOR] [DEBUG] Average chunk size: 507 characters
[2025-11-08T05:09:40.089Z] [2025-11-08T05:09:40.091Z] [TREESITTER-CHUNKER] [INFO] Created 1 semantic chunks from C:\Projects\educatedplanet\web\components\auth\index.ts
[2025-11-08T05:09:40.090Z] [2025-11-08T05:09:40.091Z] [TREESITTER-FULL] [INFO] Extracted 0 symbols from C:\Projects\educatedplanet\web\components\auth\index.ts
[2025-11-08T05:09:40.090Z] [2025-11-08T05:09:40.091Z] [INDEXING-ORCHESTRATOR] [DEBUG] 🔍 Symbol extraction for C:\Projects\educatedplanet\web\components\auth\index.ts: 0 symbols, 0 imports
[2025-11-08T05:09:40.090Z] [2025-11-08T05:09:40.091Z] [INDEXING-ORCHESTRATOR] [DEBUG] 📍 Chunk 1-1: 0 candidate symbols
[2025-11-08T05:09:40.090Z] [2025-11-08T05:09:40.091Z] [INDEXING-ORCHESTRATOR] [DEBUG] ✅ Chunk symbols after filtering: 0 symbols - 
[2025-11-08T05:09:40.090Z] [2025-11-08T05:09:40.091Z] [INDEXING-ORCHESTRATOR] [DEBUG] Created 1 semantic chunks for C:\Projects\educatedplanet\web\components\auth\index.ts
[2025-11-08T05:09:40.090Z] [2025-11-08T05:09:40.091Z] [INDEXING-ORCHESTRATOR] [DEBUG] Average chunk size: 42 characters
[2025-11-08T05:09:40.093Z] [2025-11-08T05:09:40.094Z] [TREESITTER-CHUNKER] [INFO] Created 1 semantic chunks from C:\Projects\educatedplanet\web\app\layout.tsx
[2025-11-08T05:09:40.099Z] [2025-11-08T05:09:40.100Z] [TREESITTER-FULL] [INFO] Extracted 5 symbols from C:\Projects\educatedplanet\web\app\layout.tsx
[2025-11-08T05:09:40.099Z] [2025-11-08T05:09:40.100Z] [INDEXING-ORCHESTRATOR] [DEBUG] 🔍 Symbol extraction for C:\Projects\educatedplanet\web\app\layout.tsx: 5 symbols, 4 imports
[2025-11-08T05:09:40.099Z] [2025-11-08T05:09:40.100Z] [INDEXING-ORCHESTRATOR] [DEBUG] 📍 Chunk 32-49: 1 candidate symbols
[2025-11-08T05:09:40.099Z] [2025-11-08T05:09:40.100Z] [INDEXING-ORCHESTRATOR] [DEBUG] ✅ Chunk symbols after filtering: 1 symbols - RootLayout
[2025-11-08T05:09:40.099Z] [2025-11-08T05:09:40.101Z] [INDEXING-ORCHESTRATOR] [DEBUG] Created 1 semantic chunks for C:\Projects\educatedplanet\web\app\layout.tsx
[2025-11-08T05:09:40.099Z] [2025-11-08T05:09:40.101Z] [INDEXING-ORCHESTRATOR] [DEBUG] Average chunk size: 392 characters
[2025-11-08T05:09:40.109Z] [2025-11-08T05:09:40.110Z] [TREESITTER-CHUNKER] [INFO] Created 2 semantic chunks from C:\Projects\educatedplanet\web\components\featured-tutors\featured-tutors-section.tsx
[2025-11-08T05:09:40.127Z] [2025-11-08T05:09:40.128Z] [TREESITTER-FULL] [INFO] Extracted 1 symbols from C:\Projects\educatedplanet\web\components\featured-tutors\featured-tutors-section.tsx
[2025-11-08T05:09:40.127Z] [2025-11-08T05:09:40.128Z] [INDEXING-ORCHESTRATOR] [DEBUG] 🔍 Symbol extraction for C:\Projects\educatedplanet\web\components\featured-tutors\featured-tutors-section.tsx: 1 symbols, 7 imports
[2025-11-08T05:09:40.127Z] [2025-11-08T05:09:40.128Z] [INDEXING-ORCHESTRATOR] [DEBUG] 📍 Chunk 11-18: 1 candidate symbols
[2025-11-08T05:09:40.127Z] [2025-11-08T05:09:40.128Z] [INDEXING-ORCHESTRATOR] [DEBUG] ✅ Chunk symbols after filtering: 1 symbols - FeaturedTutorsSectionProps
[2025-11-08T05:09:40.127Z] [2025-11-08T05:09:40.128Z] [INDEXING-ORCHESTRATOR] [DEBUG] 📍 Chunk 19-140: 0 candidate symbols
[2025-11-08T05:09:40.127Z] [2025-11-08T05:09:40.128Z] [INDEXING-ORCHESTRATOR] [DEBUG] ✅ Chunk symbols after filtering: 0 symbols - 
[2025-11-08T05:09:40.127Z] [2025-11-08T05:09:40.128Z] [INDEXING-ORCHESTRATOR] [DEBUG] Created 2 semantic chunks for C:\Projects\educatedplanet\web\components\featured-tutors\featured-tutors-section.tsx
[2025-11-08T05:09:40.127Z] [2025-11-08T05:09:40.128Z] [INDEXING-ORCHESTRATOR] [DEBUG] Average chunk size: 2325 characters
[2025-11-08T05:09:40.145Z] [2025-11-08T05:09:40.147Z] [TREESITTER-CHUNKER] [INFO] Created 3 semantic chunks from C:\Projects\educatedplanet\web\components\auth\login-modal.tsx
[2025-11-08T05:09:40.209Z] [2025-11-08T05:09:40.210Z] [TREESITTER-FULL] [INFO] Extracted 6 symbols from C:\Projects\educatedplanet\web\components\auth\login-modal.tsx
[2025-11-08T05:09:40.209Z] [2025-11-08T05:09:40.210Z] [INDEXING-ORCHESTRATOR] [DEBUG] 🔍 Symbol extraction for C:\Projects\educatedplanet\web\components\auth\login-modal.tsx: 6 symbols, 6 imports
[2025-11-08T05:09:40.209Z] [2025-11-08T05:09:40.210Z] [INDEXING-ORCHESTRATOR] [DEBUG] 📍 Chunk 10-67: 4 candidate symbols
[2025-11-08T05:09:40.209Z] [2025-11-08T05:09:40.210Z] [INDEXING-ORCHESTRATOR] [DEBUG] ✅ Chunk symbols after filtering: 4 symbols - LoginModalProps, OTPFormProps, OTPForm, OTPVerifyProps
[2025-11-08T05:09:40.209Z] [2025-11-08T05:09:40.210Z] [INDEXING-ORCHESTRATOR] [DEBUG] 📍 Chunk 69-128: 1 candidate symbols
[2025-11-08T05:09:40.209Z] [2025-11-08T05:09:40.210Z] [INDEXING-ORCHESTRATOR] [DEBUG] ✅ Chunk symbols after filtering: 1 symbols - OTPVerify
[2025-11-08T05:09:40.209Z] [2025-11-08T05:09:40.210Z] [INDEXING-ORCHESTRATOR] [DEBUG] 📍 Chunk 130-215: 1 candidate symbols
[2025-11-08T05:09:40.209Z] [2025-11-08T05:09:40.210Z] [INDEXING-ORCHESTRATOR] [DEBUG] ✅ Chunk symbols after filtering: 1 symbols - LoginModal
[2025-11-08T05:09:40.209Z] [2025-11-08T05:09:40.210Z] [INDEXING-ORCHESTRATOR] [DEBUG] Created 3 semantic chunks for C:\Projects\educatedplanet\web\components\auth\login-modal.tsx
[2025-11-08T05:09:40.209Z] [2025-11-08T05:09:40.210Z] [INDEXING-ORCHESTRATOR] [DEBUG] Average chunk size: 1713 characters
[2025-11-08T05:09:40.210Z] [2025-11-08T05:09:40.211Z] [TREESITTER-CHUNKER] [INFO] Created 1 semantic chunks from C:\Projects\educatedplanet\web\components\featured-tutors\index.ts
[2025-11-08T05:09:40.210Z] [2025-11-08T05:09:40.212Z] [TREESITTER-FULL] [INFO] Extracted 0 symbols from C:\Projects\educatedplanet\web\components\featured-tutors\index.ts
[2025-11-08T05:09:40.210Z] [2025-11-08T05:09:40.212Z] [INDEXING-ORCHESTRATOR] [DEBUG] 🔍 Symbol extraction for C:\Projects\educatedplanet\web\components\featured-tutors\index.ts: 0 symbols, 0 imports
[2025-11-08T05:09:40.210Z] [2025-11-08T05:09:40.212Z] [INDEXING-ORCHESTRATOR] [DEBUG] 📍 Chunk 1-4: 0 candidate symbols
[2025-11-08T05:09:40.210Z] [2025-11-08T05:09:40.212Z] [INDEXING-ORCHESTRATOR] [DEBUG] ✅ Chunk symbols after filtering: 0 symbols - 
[2025-11-08T05:09:40.210Z] [2025-11-08T05:09:40.212Z] [INDEXING-ORCHESTRATOR] [DEBUG] Created 1 semantic chunks for C:\Projects\educatedplanet\web\components\featured-tutors\index.ts
[2025-11-08T05:09:40.210Z] [2025-11-08T05:09:40.212Z] [INDEXING-ORCHESTRATOR] [DEBUG] Average chunk size: 209 characters
[2025-11-08T05:09:40.224Z] [2025-11-08T05:09:40.225Z] [TREESITTER-CHUNKER] [INFO] Created 1 semantic chunks from C:\Projects\educatedplanet\web\components\featured-tutors\integration-example.tsx
[2025-11-08T05:09:40.246Z] [2025-11-08T05:09:40.247Z] [TREESITTER-FULL] [INFO] Extracted 0 symbols from C:\Projects\educatedplanet\web\components\featured-tutors\integration-example.tsx
[2025-11-08T05:09:40.246Z] [2025-11-08T05:09:40.247Z] [INDEXING-ORCHESTRATOR] [DEBUG] 🔍 Symbol extraction for C:\Projects\educatedplanet\web\components\featured-tutors\integration-example.tsx: 0 symbols, 4 imports
[2025-11-08T05:09:40.246Z] [2025-11-08T05:09:40.247Z] [INDEXING-ORCHESTRATOR] [DEBUG] 📍 Chunk 1-103: 0 candidate symbols
[2025-11-08T05:09:40.246Z] [2025-11-08T05:09:40.247Z] [INDEXING-ORCHESTRATOR] [DEBUG] ✅ Chunk symbols after filtering: 0 symbols - 
[2025-11-08T05:09:40.246Z] [2025-11-08T05:09:40.247Z] [INDEXING-ORCHESTRATOR] [DEBUG] Created 1 semantic chunks for C:\Projects\educatedplanet\web\components\featured-tutors\integration-example.tsx
[2025-11-08T05:09:40.246Z] [2025-11-08T05:09:40.247Z] [INDEXING-ORCHESTRATOR] [DEBUG] Average chunk size: 4831 characters
[2025-11-08T05:09:40.246Z] [2025-11-08T05:09:40.247Z] [INDEXING-ORCHESTRATOR] [DEBUG] 📊 Processed: 200/226 files
[2025-11-08T05:09:40.255Z] [2025-11-08T05:09:40.256Z] [TREESITTER-CHUNKER] [INFO] Created 2 semantic chunks from C:\Projects\educatedplanet\web\components\featured-tutors\teaching-mode-badge.tsx
[2025-11-08T05:09:40.265Z] [2025-11-08T05:09:40.266Z] [TREESITTER-FULL] [INFO] Extracted 4 symbols from C:\Projects\educatedplanet\web\components\featured-tutors\teaching-mode-badge.tsx
[2025-11-08T05:09:40.265Z] [2025-11-08T05:09:40.266Z] [INDEXING-ORCHESTRATOR] [DEBUG] 🔍 Symbol extraction for C:\Projects\educatedplanet\web\components\featured-tutors\teaching-mode-badge.tsx: 4 symbols, 4 imports
[2025-11-08T05:09:40.265Z] [2025-11-08T05:09:40.266Z] [INDEXING-ORCHESTRATOR] [DEBUG] 📍 Chunk 8-12: 1 candidate symbols
[2025-11-08T05:09:40.265Z] [2025-11-08T05:09:40.266Z] [INDEXING-ORCHESTRATOR] [DEBUG] ✅ Chunk symbols after filtering: 1 symbols - TeachingModeBadgeProps
[2025-11-08T05:09:40.265Z] [2025-11-08T05:09:40.266Z] [INDEXING-ORCHESTRATOR] [DEBUG] 📍 Chunk 13-81: 3 candidate symbols
[2025-11-08T05:09:40.265Z] [2025-11-08T05:09:40.266Z] [INDEXING-ORCHESTRATOR] [DEBUG] ✅ Chunk symbols after filtering: 3 symbols - getBadgeInfo, sizeClasses, iconSizes
[2025-11-08T05:09:40.265Z] [2025-11-08T05:09:40.266Z] [INDEXING-ORCHESTRATOR] [DEBUG] Created 2 semantic chunks for C:\Projects\educatedplanet\web\components\featured-tutors\teaching-mode-badge.tsx
[2025-11-08T05:09:40.265Z] [2025-11-08T05:09:40.266Z] [INDEXING-ORCHESTRATOR] [DEBUG] Average chunk size: 999 characters
[2025-11-08T05:09:40.271Z] [2025-11-08T05:09:40.272Z] [TREESITTER-CHUNKER] [INFO] Created 2 semantic chunks from C:\Projects\educatedplanet\web\components\featured-tutors\rating-stars.tsx
[2025-11-08T05:09:40.281Z] [2025-11-08T05:09:40.283Z] [TREESITTER-FULL] [INFO] Extracted 4 symbols from C:\Projects\educatedplanet\web\components\featured-tutors\rating-stars.tsx
[2025-11-08T05:09:40.281Z] [2025-11-08T05:09:40.283Z] [INDEXING-ORCHESTRATOR] [DEBUG] 🔍 Symbol extraction for C:\Projects\educatedplanet\web\components\featured-tutors\rating-stars.tsx: 4 symbols, 3 imports
[2025-11-08T05:09:40.281Z] [2025-11-08T05:09:40.283Z] [INDEXING-ORCHESTRATOR] [DEBUG] 📍 Chunk 7-13: 1 candidate symbols
[2025-11-08T05:09:40.281Z] [2025-11-08T05:09:40.283Z] [INDEXING-ORCHESTRATOR] [DEBUG] ✅ Chunk symbols after filtering: 1 symbols - RatingStarsProps
[2025-11-08T05:09:40.281Z] [2025-11-08T05:09:40.283Z] [INDEXING-ORCHESTRATOR] [DEBUG] 📍 Chunk 14-95: 3 candidate symbols
[2025-11-08T05:09:40.282Z] [2025-11-08T05:09:40.283Z] [INDEXING-ORCHESTRATOR] [DEBUG] ✅ Chunk symbols after filtering: 3 symbols - fullStars, sizeClasses, textSizes
[2025-11-08T05:09:40.282Z] [2025-11-08T05:09:40.283Z] [INDEXING-ORCHESTRATOR] [DEBUG] Created 2 semantic chunks for C:\Projects\educatedplanet\web\components\featured-tutors\rating-stars.tsx
[2025-11-08T05:09:40.282Z] [2025-11-08T05:09:40.283Z] [INDEXING-ORCHESTRATOR] [DEBUG] Average chunk size: 1117 characters
[2025-11-08T05:09:40.282Z] [2025-11-08T05:09:40.283Z] [TREESITTER-CHUNKER] [INFO] Created 1 semantic chunks from C:\Projects\educatedplanet\web\components\header\index.ts
[2025-11-08T05:09:40.282Z] [2025-11-08T05:09:40.284Z] [TREESITTER-FULL] [INFO] Extracted 0 symbols from C:\Projects\educatedplanet\web\components\header\index.ts
[2025-11-08T05:09:40.282Z] [2025-11-08T05:09:40.284Z] [INDEXING-ORCHESTRATOR] [DEBUG] 🔍 Symbol extraction for C:\Projects\educatedplanet\web\components\header\index.ts: 0 symbols, 0 imports
[2025-11-08T05:09:40.282Z] [2025-11-08T05:09:40.284Z] [INDEXING-ORCHESTRATOR] [DEBUG] 📍 Chunk 1-4: 0 candidate symbols
[2025-11-08T05:09:40.282Z] [2025-11-08T05:09:40.284Z] [INDEXING-ORCHESTRATOR] [DEBUG] ✅ Chunk symbols after filtering: 0 symbols - 
[2025-11-08T05:09:40.282Z] [2025-11-08T05:09:40.284Z] [INDEXING-ORCHESTRATOR] [DEBUG] Created 1 semantic chunks for C:\Projects\educatedplanet\web\components\header\index.ts
[2025-11-08T05:09:40.283Z] [2025-11-08T05:09:40.284Z] [INDEXING-ORCHESTRATOR] [DEBUG] Average chunk size: 148 characters
[2025-11-08T05:09:40.289Z] [2025-11-08T05:09:40.291Z] [TREESITTER-CHUNKER] [INFO] Created 2 semantic chunks from C:\Projects\educatedplanet\web\components\header\header.tsx
[2025-11-08T05:09:40.330Z] [2025-11-08T05:09:40.331Z] [TREESITTER-FULL] [INFO] Extracted 2 symbols from C:\Projects\educatedplanet\web\components\header\header.tsx
[2025-11-08T05:09:40.330Z] [2025-11-08T05:09:40.331Z] [INDEXING-ORCHESTRATOR] [DEBUG] 🔍 Symbol extraction for C:\Projects\educatedplanet\web\components\header\header.tsx: 2 symbols, 8 imports
[2025-11-08T05:09:40.330Z] [2025-11-08T05:09:40.331Z] [INDEXING-ORCHESTRATOR] [DEBUG] 📍 Chunk 12-14: 1 candidate symbols
[2025-11-08T05:09:40.330Z] [2025-11-08T05:09:40.331Z] [INDEXING-ORCHESTRATOR] [DEBUG] ✅ Chunk symbols after filtering: 1 symbols - HeaderProps
[2025-11-08T05:09:40.330Z] [2025-11-08T05:09:40.331Z] [INDEXING-ORCHESTRATOR] [DEBUG] 📍 Chunk 16-84: 1 candidate symbols
[2025-11-08T05:09:40.330Z] [2025-11-08T05:09:40.331Z] [INDEXING-ORCHESTRATOR] [DEBUG] ✅ Chunk symbols after filtering: 1 symbols - Header
[2025-11-08T05:09:40.330Z] [2025-11-08T05:09:40.331Z] [INDEXING-ORCHESTRATOR] [DEBUG] Created 2 semantic chunks for C:\Projects\educatedplanet\web\components\header\header.tsx
[2025-11-08T05:09:40.330Z] [2025-11-08T05:09:40.331Z] [INDEXING-ORCHESTRATOR] [DEBUG] Average chunk size: 1094 characters
[2025-11-08T05:09:40.344Z] [2025-11-08T05:09:40.346Z] [TREESITTER-CHUNKER] [INFO] Created 2 semantic chunks from C:\Projects\educatedplanet\web\components\featured-tutors\tutor-card.tsx
[2025-11-08T05:09:40.385Z] [2025-11-08T05:09:40.386Z] [TREESITTER-FULL] [INFO] Extracted 3 symbols from C:\Projects\educatedplanet\web\components\featured-tutors\tutor-card.tsx
[2025-11-08T05:09:40.385Z] [2025-11-08T05:09:40.386Z] [INDEXING-ORCHESTRATOR] [DEBUG] 🔍 Symbol extraction for C:\Projects\educatedplanet\web\components\featured-tutors\tutor-card.tsx: 3 symbols, 12 imports
[2025-11-08T05:09:40.385Z] [2025-11-08T05:09:40.386Z] [INDEXING-ORCHESTRATOR] [DEBUG] 📍 Chunk 16-22: 1 candidate symbols
[2025-11-08T05:09:40.385Z] [2025-11-08T05:09:40.386Z] [INDEXING-ORCHESTRATOR] [DEBUG] ✅ Chunk symbols after filtering: 1 symbols - TutorCardProps
[2025-11-08T05:09:40.385Z] [2025-11-08T05:09:40.386Z] [INDEXING-ORCHESTRATOR] [DEBUG] 📍 Chunk 23-190: 2 candidate symbols
[2025-11-08T05:09:40.385Z] [2025-11-08T05:09:40.386Z] [INDEXING-ORCHESTRATOR] [DEBUG] ✅ Chunk symbols after filtering: 2 symbols - handleViewProfile, variantStyles
[2025-11-08T05:09:40.385Z] [2025-11-08T05:09:40.386Z] [INDEXING-ORCHESTRATOR] [DEBUG] Created 2 semantic chunks for C:\Projects\educatedplanet\web\components\featured-tutors\tutor-card.tsx
[2025-11-08T05:09:40.385Z] [2025-11-08T05:09:40.387Z] [INDEXING-ORCHESTRATOR] [DEBUG] Average chunk size: 3176 characters
[2025-11-08T05:09:40.391Z] [2025-11-08T05:09:40.392Z] [TREESITTER-CHUNKER] [INFO] Created 1 semantic chunks from C:\Projects\educatedplanet\web\components\header\logo.tsx
[2025-11-08T05:09:40.397Z] [2025-11-08T05:09:40.398Z] [TREESITTER-FULL] [INFO] Extracted 2 symbols from C:\Projects\educatedplanet\web\components\header\logo.tsx
[2025-11-08T05:09:40.397Z] [2025-11-08T05:09:40.398Z] [INDEXING-ORCHESTRATOR] [DEBUG] 🔍 Symbol extraction for C:\Projects\educatedplanet\web\components\header\logo.tsx: 2 symbols, 2 imports
[2025-11-08T05:09:40.397Z] [2025-11-08T05:09:40.398Z] [INDEXING-ORCHESTRATOR] [DEBUG] 📍 Chunk 4-53: 2 candidate symbols
[2025-11-08T05:09:40.397Z] [2025-11-08T05:09:40.398Z] [INDEXING-ORCHESTRATOR] [DEBUG] ✅ Chunk symbols after filtering: 2 symbols - LogoProps, Logo
[2025-11-08T05:09:40.397Z] [2025-11-08T05:09:40.398Z] [INDEXING-ORCHESTRATOR] [DEBUG] Created 1 semantic chunks for C:\Projects\educatedplanet\web\components\header\logo.tsx
[2025-11-08T05:09:40.397Z] [2025-11-08T05:09:40.398Z] [INDEXING-ORCHESTRATOR] [DEBUG] Average chunk size: 1194 characters
[2025-11-08T05:09:40.413Z] [2025-11-08T05:09:40.414Z] [TREESITTER-CHUNKER] [INFO] Created 2 semantic chunks from C:\Projects\educatedplanet\web\components\hero\hero-section.tsx
[2025-11-08T05:09:40.533Z] [2025-11-08T05:09:40.534Z] [TREESITTER-FULL] [INFO] Extracted 2 symbols from C:\Projects\educatedplanet\web\components\hero\hero-section.tsx
[2025-11-08T05:09:40.533Z] [2025-11-08T05:09:40.534Z] [INDEXING-ORCHESTRATOR] [DEBUG] 🔍 Symbol extraction for C:\Projects\educatedplanet\web\components\hero\hero-section.tsx: 2 symbols, 6 imports
[2025-11-08T05:09:40.533Z] [2025-11-08T05:09:40.534Z] [INDEXING-ORCHESTRATOR] [DEBUG] 📍 Chunk 10-12: 1 candidate symbols
[2025-11-08T05:09:40.533Z] [2025-11-08T05:09:40.534Z] [INDEXING-ORCHESTRATOR] [DEBUG] ✅ Chunk symbols after filtering: 1 symbols - HeroSectionProps
[2025-11-08T05:09:40.533Z] [2025-11-08T05:09:40.534Z] [INDEXING-ORCHESTRATOR] [DEBUG] 📍 Chunk 14-176: 1 candidate symbols
[2025-11-08T05:09:40.533Z] [2025-11-08T05:09:40.534Z] [INDEXING-ORCHESTRATOR] [DEBUG] ✅ Chunk symbols after filtering: 1 symbols - HeroSection
[2025-11-08T05:09:40.533Z] [2025-11-08T05:09:40.534Z] [INDEXING-ORCHESTRATOR] [DEBUG] Created 2 semantic chunks for C:\Projects\educatedplanet\web\components\hero\hero-section.tsx
[2025-11-08T05:09:40.533Z] [2025-11-08T05:09:40.534Z] [INDEXING-ORCHESTRATOR] [DEBUG] Average chunk size: 3196 characters
[2025-11-08T05:09:40.536Z] [2025-11-08T05:09:40.538Z] [TREESITTER-CHUNKER] [INFO] Created 1 semantic chunks from C:\Projects\educatedplanet\web\components\header\navigation.tsx
[2025-11-08T05:09:40.543Z] [2025-11-08T05:09:40.544Z] [TREESITTER-FULL] [INFO] Extracted 3 symbols from C:\Projects\educatedplanet\web\components\header\navigation.tsx
[2025-11-08T05:09:40.543Z] [2025-11-08T05:09:40.544Z] [INDEXING-ORCHESTRATOR] [DEBUG] 🔍 Symbol extraction for C:\Projects\educatedplanet\web\components\header\navigation.tsx: 3 symbols, 3 imports
[2025-11-08T05:09:40.543Z] [2025-11-08T05:09:40.544Z] [INDEXING-ORCHESTRATOR] [DEBUG] 📍 Chunk 7-74: 3 candidate symbols
[2025-11-08T05:09:40.543Z] [2025-11-08T05:09:40.544Z] [INDEXING-ORCHESTRATOR] [DEBUG] ✅ Chunk symbols after filtering: 3 symbols - NavigationProps, NavItemProps, NavItem
[2025-11-08T05:09:40.543Z] [2025-11-08T05:09:40.545Z] [INDEXING-ORCHESTRATOR] [DEBUG] Created 1 semantic chunks for C:\Projects\educatedplanet\web\components\header\navigation.tsx
[2025-11-08T05:09:40.544Z] [2025-11-08T05:09:40.545Z] [INDEXING-ORCHESTRATOR] [DEBUG] Average chunk size: 1439 characters
[2025-11-08T05:09:40.548Z] [2025-11-08T05:09:40.549Z] [TREESITTER-CHUNKER] [INFO] Created 2 semantic chunks from C:\Projects\educatedplanet\web\components\header\mobile-menu.tsx
[2025-11-08T05:09:40.556Z] [2025-11-08T05:09:40.557Z] [TREESITTER-FULL] [INFO] Extracted 2 symbols from C:\Projects\educatedplanet\web\components\header\mobile-menu.tsx
[2025-11-08T05:09:40.556Z] [2025-11-08T05:09:40.557Z] [INDEXING-ORCHESTRATOR] [DEBUG] 🔍 Symbol extraction for C:\Projects\educatedplanet\web\components\header\mobile-menu.tsx: 2 symbols, 8 imports
[2025-11-08T05:09:40.556Z] [2025-11-08T05:09:40.558Z] [INDEXING-ORCHESTRATOR] [DEBUG] 📍 Chunk 12-14: 1 candidate symbols
[2025-11-08T05:09:40.556Z] [2025-11-08T05:09:40.558Z] [INDEXING-ORCHESTRATOR] [DEBUG] ✅ Chunk symbols after filtering: 1 symbols - MobileMenuProps
[2025-11-08T05:09:40.556Z] [2025-11-08T05:09:40.558Z] [INDEXING-ORCHESTRATOR] [DEBUG] 📍 Chunk 15-68: 1 candidate symbols
[2025-11-08T05:09:40.556Z] [2025-11-08T05:09:40.558Z] [INDEXING-ORCHESTRATOR] [DEBUG] ✅ Chunk symbols after filtering: 1 symbols - handleNavClick
[2025-11-08T05:09:40.556Z] [2025-11-08T05:09:40.558Z] [INDEXING-ORCHESTRATOR] [DEBUG] Created 2 semantic chunks for C:\Projects\educatedplanet\web\components\header\mobile-menu.tsx
[2025-11-08T05:09:40.556Z] [2025-11-08T05:09:40.558Z] [INDEXING-ORCHESTRATOR] [DEBUG] Average chunk size: 701 characters
[2025-11-08T05:09:40.557Z] [2025-11-08T05:09:40.558Z] [TREESITTER-CHUNKER] [INFO] Created 1 semantic chunks from C:\Projects\educatedplanet\web\components\hero\index.ts
[2025-11-08T05:09:40.557Z] [2025-11-08T05:09:40.558Z] [TREESITTER-FULL] [INFO] Extracted 0 symbols from C:\Projects\educatedplanet\web\components\hero\index.ts
[2025-11-08T05:09:40.557Z] [2025-11-08T05:09:40.558Z] [INDEXING-ORCHESTRATOR] [DEBUG] 🔍 Symbol extraction for C:\Projects\educatedplanet\web\components\hero\index.ts: 0 symbols, 0 imports
[2025-11-08T05:09:40.557Z] [2025-11-08T05:09:40.558Z] [INDEXING-ORCHESTRATOR] [DEBUG] 📍 Chunk 1-2: 0 candidate symbols
[2025-11-08T05:09:40.557Z] [2025-11-08T05:09:40.558Z] [INDEXING-ORCHESTRATOR] [DEBUG] ✅ Chunk symbols after filtering: 0 symbols - 
[2025-11-08T05:09:40.557Z] [2025-11-08T05:09:40.558Z] [INDEXING-ORCHESTRATOR] [DEBUG] Created 1 semantic chunks for C:\Projects\educatedplanet\web\components\hero\index.ts
[2025-11-08T05:09:40.557Z] [2025-11-08T05:09:40.558Z] [INDEXING-ORCHESTRATOR] [DEBUG] Average chunk size: 99 characters
[2025-11-08T05:09:40.557Z] [2025-11-08T05:09:40.558Z] [INDEXING-ORCHESTRATOR] [DEBUG] 📊 Processed: 210/226 files
[2025-11-08T05:09:40.563Z] [2025-11-08T05:09:40.564Z] [TREESITTER-CHUNKER] [INFO] Created 2 semantic chunks from C:\Projects\educatedplanet\web\components\ui\badge.tsx
[2025-11-08T05:09:40.567Z] [2025-11-08T05:09:40.568Z] [TREESITTER-FULL] [INFO] Extracted 3 symbols from C:\Projects\educatedplanet\web\components\ui\badge.tsx
[2025-11-08T05:09:40.567Z] [2025-11-08T05:09:40.568Z] [INDEXING-ORCHESTRATOR] [DEBUG] 🔍 Symbol extraction for C:\Projects\educatedplanet\web\components\ui\badge.tsx: 3 symbols, 3 imports
[2025-11-08T05:09:40.567Z] [2025-11-08T05:09:40.568Z] [INDEXING-ORCHESTRATOR] [DEBUG] 📍 Chunk 26-34: 2 candidate symbols
[2025-11-08T05:09:40.567Z] [2025-11-08T05:09:40.568Z] [INDEXING-ORCHESTRATOR] [DEBUG] ✅ Chunk symbols after filtering: 2 symbols - BadgeProps, Badge
[2025-11-08T05:09:40.567Z] [2025-11-08T05:09:40.568Z] [INDEXING-ORCHESTRATOR] [DEBUG] 📍 Chunk 35-36: 0 candidate symbols
[2025-11-08T05:09:40.567Z] [2025-11-08T05:09:40.568Z] [INDEXING-ORCHESTRATOR] [DEBUG] ✅ Chunk symbols after filtering: 0 symbols - 
[2025-11-08T05:09:40.567Z] [2025-11-08T05:09:40.568Z] [INDEXING-ORCHESTRATOR] [DEBUG] Created 2 semantic chunks for C:\Projects\educatedplanet\web\components\ui\badge.tsx
[2025-11-08T05:09:40.567Z] [2025-11-08T05:09:40.568Z] [INDEXING-ORCHESTRATOR] [DEBUG] Average chunk size: 150 characters
[2025-11-08T05:09:40.568Z] [2025-11-08T05:09:40.570Z] [TREESITTER-CHUNKER] [INFO] Created 2 semantic chunks from C:\Projects\educatedplanet\web\components\ui\input.tsx
[2025-11-08T05:09:40.571Z] [2025-11-08T05:09:40.572Z] [TREESITTER-FULL] [INFO] Extracted 2 symbols from C:\Projects\educatedplanet\web\components\ui\input.tsx
[2025-11-08T05:09:40.571Z] [2025-11-08T05:09:40.572Z] [INDEXING-ORCHESTRATOR] [DEBUG] 🔍 Symbol extraction for C:\Projects\educatedplanet\web\components\ui\input.tsx: 2 symbols, 2 imports
[2025-11-08T05:09:40.571Z] [2025-11-08T05:09:40.572Z] [INDEXING-ORCHESTRATOR] [DEBUG] 📍 Chunk 5-6: 1 candidate symbols
[2025-11-08T05:09:40.571Z] [2025-11-08T05:09:40.572Z] [INDEXING-ORCHESTRATOR] [DEBUG] ✅ Chunk symbols after filtering: 1 symbols - InputProps
[2025-11-08T05:09:40.571Z] [2025-11-08T05:09:40.572Z] [INDEXING-ORCHESTRATOR] [DEBUG] 📍 Chunk 7-25: 1 candidate symbols
[2025-11-08T05:09:40.571Z] [2025-11-08T05:09:40.572Z] [INDEXING-ORCHESTRATOR] [DEBUG] ✅ Chunk symbols after filtering: 1 symbols - Input
[2025-11-08T05:09:40.571Z] [2025-11-08T05:09:40.572Z] [INDEXING-ORCHESTRATOR] [DEBUG] Created 2 semantic chunks for C:\Projects\educatedplanet\web\components\ui\input.tsx
[2025-11-08T05:09:40.571Z] [2025-11-08T05:09:40.572Z] [INDEXING-ORCHESTRATOR] [DEBUG] Average chunk size: 374 characters
[2025-11-08T05:09:40.579Z] [2025-11-08T05:09:40.580Z] [TREESITTER-CHUNKER] [INFO] Created 1 semantic chunks from C:\Projects\educatedplanet\web\components\ui\dialog.tsx
[2025-11-08T05:09:40.597Z] [2025-11-08T05:09:40.598Z] [TREESITTER-FULL] [INFO] Extracted 0 symbols from C:\Projects\educatedplanet\web\components\ui\dialog.tsx
[2025-11-08T05:09:40.597Z] [2025-11-08T05:09:40.598Z] [INDEXING-ORCHESTRATOR] [DEBUG] 🔍 Symbol extraction for C:\Projects\educatedplanet\web\components\ui\dialog.tsx: 0 symbols, 4 imports
[2025-11-08T05:09:40.597Z] [2025-11-08T05:09:40.598Z] [INDEXING-ORCHESTRATOR] [DEBUG] 📍 Chunk 1-120: 0 candidate symbols
[2025-11-08T05:09:40.597Z] [2025-11-08T05:09:40.598Z] [INDEXING-ORCHESTRATOR] [DEBUG] ✅ Chunk symbols after filtering: 0 symbols - 
[2025-11-08T05:09:40.597Z] [2025-11-08T05:09:40.598Z] [INDEXING-ORCHESTRATOR] [DEBUG] Created 1 semantic chunks for C:\Projects\educatedplanet\web\components\ui\dialog.tsx
[2025-11-08T05:09:40.597Z] [2025-11-08T05:09:40.598Z] [INDEXING-ORCHESTRATOR] [DEBUG] Average chunk size: 3855 characters
[2025-11-08T05:09:40.603Z] [2025-11-08T05:09:40.604Z] [TREESITTER-CHUNKER] [INFO] Created 1 semantic chunks from C:\Projects\educatedplanet\web\components\ui\card.tsx
[2025-11-08T05:09:40.623Z] [2025-11-08T05:09:40.624Z] [TREESITTER-FULL] [INFO] Extracted 0 symbols from C:\Projects\educatedplanet\web\components\ui\card.tsx
[2025-11-08T05:09:40.623Z] [2025-11-08T05:09:40.624Z] [INDEXING-ORCHESTRATOR] [DEBUG] 🔍 Symbol extraction for C:\Projects\educatedplanet\web\components\ui\card.tsx: 0 symbols, 2 imports
[2025-11-08T05:09:40.623Z] [2025-11-08T05:09:40.624Z] [INDEXING-ORCHESTRATOR] [DEBUG] 📍 Chunk 1-79: 0 candidate symbols
[2025-11-08T05:09:40.623Z] [2025-11-08T05:09:40.624Z] [INDEXING-ORCHESTRATOR] [DEBUG] ✅ Chunk symbols after filtering: 0 symbols - 
[2025-11-08T05:09:40.623Z] [2025-11-08T05:09:40.624Z] [INDEXING-ORCHESTRATOR] [DEBUG] Created 1 semantic chunks for C:\Projects\educatedplanet\web\components\ui\card.tsx
[2025-11-08T05:09:40.623Z] [2025-11-08T05:09:40.624Z] [INDEXING-ORCHESTRATOR] [DEBUG] Average chunk size: 1876 characters
[2025-11-08T05:09:40.626Z] [2025-11-08T05:09:40.627Z] [TREESITTER-CHUNKER] [INFO] Created 2 semantic chunks from C:\Projects\educatedplanet\web\components\ui\button.tsx
[2025-11-08T05:09:40.632Z] [2025-11-08T05:09:40.633Z] [TREESITTER-FULL] [INFO] Extracted 3 symbols from C:\Projects\educatedplanet\web\components\ui\button.tsx
[2025-11-08T05:09:40.632Z] [2025-11-08T05:09:40.633Z] [INDEXING-ORCHESTRATOR] [DEBUG] 🔍 Symbol extraction for C:\Projects\educatedplanet\web\components\ui\button.tsx: 3 symbols, 4 imports
[2025-11-08T05:09:40.632Z] [2025-11-08T05:09:40.633Z] [INDEXING-ORCHESTRATOR] [DEBUG] 📍 Chunk 36-40: 1 candidate symbols
[2025-11-08T05:09:40.632Z] [2025-11-08T05:09:40.633Z] [INDEXING-ORCHESTRATOR] [DEBUG] ✅ Chunk symbols after filtering: 1 symbols - ButtonProps
[2025-11-08T05:09:40.632Z] [2025-11-08T05:09:40.633Z] [INDEXING-ORCHESTRATOR] [DEBUG] 📍 Chunk 41-56: 1 candidate symbols
[2025-11-08T05:09:40.632Z] [2025-11-08T05:09:40.633Z] [INDEXING-ORCHESTRATOR] [DEBUG] ✅ Chunk symbols after filtering: 1 symbols - Button
[2025-11-08T05:09:40.632Z] [2025-11-08T05:09:40.633Z] [INDEXING-ORCHESTRATOR] [DEBUG] Created 2 semantic chunks for C:\Projects\educatedplanet\web\components\ui\button.tsx
[2025-11-08T05:09:40.632Z] [2025-11-08T05:09:40.633Z] [INDEXING-ORCHESTRATOR] [DEBUG] Average chunk size: 268 characters
[2025-11-08T05:09:40.634Z] [2025-11-08T05:09:40.635Z] [TREESITTER-CHUNKER] [INFO] Created 1 semantic chunks from C:\Projects\educatedplanet\web\components\ui\label.tsx
[2025-11-08T05:09:40.638Z] [2025-11-08T05:09:40.639Z] [TREESITTER-FULL] [INFO] Extracted 1 symbols from C:\Projects\educatedplanet\web\components\ui\label.tsx
[2025-11-08T05:09:40.638Z] [2025-11-08T05:09:40.639Z] [INDEXING-ORCHESTRATOR] [DEBUG] 🔍 Symbol extraction for C:\Projects\educatedplanet\web\components\ui\label.tsx: 1 symbols, 4 imports
[2025-11-08T05:09:40.638Z] [2025-11-08T05:09:40.639Z] [INDEXING-ORCHESTRATOR] [DEBUG] 📍 Chunk 1-24: 1 candidate symbols
[2025-11-08T05:09:40.638Z] [2025-11-08T05:09:40.639Z] [INDEXING-ORCHESTRATOR] [DEBUG] ✅ Chunk symbols after filtering: 1 symbols - labelVariants
[2025-11-08T05:09:40.638Z] [2025-11-08T05:09:40.639Z] [INDEXING-ORCHESTRATOR] [DEBUG] Created 1 semantic chunks for C:\Projects\educatedplanet\web\components\ui\label.tsx
[2025-11-08T05:09:40.638Z] [2025-11-08T05:09:40.639Z] [INDEXING-ORCHESTRATOR] [DEBUG] Average chunk size: 709 characters
[2025-11-08T05:09:40.649Z] [2025-11-08T05:09:40.650Z] [TREESITTER-CHUNKER] [INFO] Created 1 semantic chunks from C:\Projects\educatedplanet\web\components\ui\select.tsx
[2025-11-08T05:09:40.678Z] [2025-11-08T05:09:40.679Z] [TREESITTER-FULL] [INFO] Extracted 3 symbols from C:\Projects\educatedplanet\web\components\ui\select.tsx
[2025-11-08T05:09:40.678Z] [2025-11-08T05:09:40.679Z] [INDEXING-ORCHESTRATOR] [DEBUG] 🔍 Symbol extraction for C:\Projects\educatedplanet\web\components\ui\select.tsx: 3 symbols, 4 imports
[2025-11-08T05:09:40.678Z] [2025-11-08T05:09:40.679Z] [INDEXING-ORCHESTRATOR] [DEBUG] 📍 Chunk 1-158: 3 candidate symbols
[2025-11-08T05:09:40.678Z] [2025-11-08T05:09:40.679Z] [INDEXING-ORCHESTRATOR] [DEBUG] ✅ Chunk symbols after filtering: 3 symbols - SelectTrigger, SelectScrollUpButton, SelectScrollDownButton
[2025-11-08T05:09:40.678Z] [2025-11-08T05:09:40.679Z] [INDEXING-ORCHESTRATOR] [DEBUG] Created 1 semantic chunks for C:\Projects\educatedplanet\web\components\ui\select.tsx
[2025-11-08T05:09:40.678Z] [2025-11-08T05:09:40.679Z] [INDEXING-ORCHESTRATOR] [DEBUG] Average chunk size: 5614 characters
[2025-11-08T05:09:40.689Z] [2025-11-08T05:09:40.690Z] [TREESITTER-CHUNKER] [INFO] Created 2 semantic chunks from C:\Projects\educatedplanet\web\components\ui\sheet.tsx
[2025-11-08T05:09:40.713Z] [2025-11-08T05:09:40.714Z] [TREESITTER-FULL] [INFO] Extracted 3 symbols from C:\Projects\educatedplanet\web\components\ui\sheet.tsx
[2025-11-08T05:09:40.713Z] [2025-11-08T05:09:40.714Z] [INDEXING-ORCHESTRATOR] [DEBUG] 🔍 Symbol extraction for C:\Projects\educatedplanet\web\components\ui\sheet.tsx: 3 symbols, 5 imports
[2025-11-08T05:09:40.713Z] [2025-11-08T05:09:40.714Z] [INDEXING-ORCHESTRATOR] [DEBUG] 📍 Chunk 35-39: 1 candidate symbols
[2025-11-08T05:09:40.713Z] [2025-11-08T05:09:40.714Z] [INDEXING-ORCHESTRATOR] [DEBUG] ✅ Chunk symbols after filtering: 1 symbols - SheetContentProps
[2025-11-08T05:09:40.713Z] [2025-11-08T05:09:40.714Z] [INDEXING-ORCHESTRATOR] [DEBUG] 📍 Chunk 40-144: 1 candidate symbols
[2025-11-08T05:09:40.713Z] [2025-11-08T05:09:40.714Z] [INDEXING-ORCHESTRATOR] [DEBUG] ✅ Chunk symbols after filtering: 1 symbols - SheetContent
[2025-11-08T05:09:40.713Z] [2025-11-08T05:09:40.714Z] [INDEXING-ORCHESTRATOR] [DEBUG] Created 2 semantic chunks for C:\Projects\educatedplanet\web\components\ui\sheet.tsx
[2025-11-08T05:09:40.713Z] [2025-11-08T05:09:40.714Z] [INDEXING-ORCHESTRATOR] [DEBUG] Average chunk size: 1611 characters
[2025-11-08T05:09:40.725Z] [2025-11-08T05:09:40.726Z] [TREESITTER-CHUNKER] [INFO] Created 1 semantic chunks from C:\Projects\educatedplanet\web\data\featured-tutors-data.ts
[2025-11-08T05:09:40.742Z] [2025-11-08T05:09:40.743Z] [TREESITTER-FULL] [INFO] Extracted 1 symbols from C:\Projects\educatedplanet\web\data\featured-tutors-data.ts
[2025-11-08T05:09:40.742Z] [2025-11-08T05:09:40.743Z] [INDEXING-ORCHESTRATOR] [DEBUG] 🔍 Symbol extraction for C:\Projects\educatedplanet\web\data\featured-tutors-data.ts: 1 symbols, 1 imports
[2025-11-08T05:09:40.742Z] [2025-11-08T05:09:40.743Z] [INDEXING-ORCHESTRATOR] [DEBUG] 📍 Chunk 1-208: 1 candidate symbols
[2025-11-08T05:09:40.742Z] [2025-11-08T05:09:40.743Z] [INDEXING-ORCHESTRATOR] [DEBUG] ✅ Chunk symbols after filtering: 1 symbols - featuredTutors
[2025-11-08T05:09:40.743Z] [2025-11-08T05:09:40.743Z] [INDEXING-ORCHESTRATOR] [DEBUG] Created 1 semantic chunks for C:\Projects\educatedplanet\web\data\featured-tutors-data.ts
[2025-11-08T05:09:40.743Z] [2025-11-08T05:09:40.744Z] [INDEXING-ORCHESTRATOR] [DEBUG] Average chunk size: 4754 characters
[2025-11-08T05:09:40.745Z] [2025-11-08T05:09:40.746Z] [TREESITTER-CHUNKER] [INFO] Created 1 semantic chunks from C:\Projects\educatedplanet\web\components\ui\separator.tsx
[2025-11-08T05:09:40.748Z] [2025-11-08T05:09:40.749Z] [TREESITTER-FULL] [INFO] Extracted 0 symbols from C:\Projects\educatedplanet\web\components\ui\separator.tsx
[2025-11-08T05:09:40.748Z] [2025-11-08T05:09:40.749Z] [INDEXING-ORCHESTRATOR] [DEBUG] 🔍 Symbol extraction for C:\Projects\educatedplanet\web\components\ui\separator.tsx: 0 symbols, 3 imports
[2025-11-08T05:09:40.748Z] [2025-11-08T05:09:40.749Z] [INDEXING-ORCHESTRATOR] [DEBUG] 📍 Chunk 1-29: 0 candidate symbols
[2025-11-08T05:09:40.748Z] [2025-11-08T05:09:40.749Z] [INDEXING-ORCHESTRATOR] [DEBUG] ✅ Chunk symbols after filtering: 0 symbols - 
[2025-11-08T05:09:40.748Z] [2025-11-08T05:09:40.749Z] [INDEXING-ORCHESTRATOR] [DEBUG] Created 1 semantic chunks for C:\Projects\educatedplanet\web\components\ui\separator.tsx
[2025-11-08T05:09:40.748Z] [2025-11-08T05:09:40.749Z] [INDEXING-ORCHESTRATOR] [DEBUG] Average chunk size: 755 characters
[2025-11-08T05:09:40.748Z] [2025-11-08T05:09:40.750Z] [INDEXING-ORCHESTRATOR] [DEBUG] 📊 Processed: 220/226 files
[2025-11-08T05:09:40.767Z] [2025-11-08T05:09:40.769Z] [TREESITTER-CHUNKER] [INFO] Created 6 semantic chunks from C:\Projects\educatedplanet\web\examples\header-usage.tsx
[2025-11-08T05:09:40.819Z] [2025-11-08T05:09:40.820Z] [TREESITTER-FULL] [INFO] Extracted 7 symbols from C:\Projects\educatedplanet\web\examples\header-usage.tsx
[2025-11-08T05:09:40.819Z] [2025-11-08T05:09:40.820Z] [INDEXING-ORCHESTRATOR] [DEBUG] 🔍 Symbol extraction for C:\Projects\educatedplanet\web\examples\header-usage.tsx: 7 symbols, 7 imports
[2025-11-08T05:09:40.819Z] [2025-11-08T05:09:40.820Z] [INDEXING-ORCHESTRATOR] [DEBUG] 📍 Chunk 13-23: 1 candidate symbols
[2025-11-08T05:09:40.819Z] [2025-11-08T05:09:40.820Z] [INDEXING-ORCHESTRATOR] [DEBUG] ✅ Chunk symbols after filtering: 1 symbols - BasicLayout
[2025-11-08T05:09:40.819Z] [2025-11-08T05:09:40.820Z] [INDEXING-ORCHESTRATOR] [DEBUG] 📍 Chunk 26-67: 1 candidate symbols
[2025-11-08T05:09:40.819Z] [2025-11-08T05:09:40.820Z] [INDEXING-ORCHESTRATOR] [DEBUG] ✅ Chunk symbols after filtering: 1 symbols - CustomHeaderExample
[2025-11-08T05:09:40.819Z] [2025-11-08T05:09:40.820Z] [INDEXING-ORCHESTRATOR] [DEBUG] 📍 Chunk 70-125: 3 candidate symbols
[2025-11-08T05:09:40.819Z] [2025-11-08T05:09:40.820Z] [INDEXING-ORCHESTRATOR] [DEBUG] ✅ Chunk symbols after filtering: 3 symbols - MinimalHeader, CustomNavigationHeader, FullPageLayout
[2025-11-08T05:09:40.819Z] [2025-11-08T05:09:40.820Z] [INDEXING-ORCHESTRATOR] [DEBUG] 📍 Chunk 128-169: 1 candidate symbols
[2025-11-08T05:09:40.819Z] [2025-11-08T05:09:40.820Z] [INDEXING-ORCHESTRATOR] [DEBUG] ✅ Chunk symbols after filtering: 1 symbols - HeaderWithSearch
[2025-11-08T05:09:40.819Z] [2025-11-08T05:09:40.820Z] [INDEXING-ORCHESTRATOR] [DEBUG] 📍 Chunk 172-197: 1 candidate symbols
[2025-11-08T05:09:40.819Z] [2025-11-08T05:09:40.820Z] [INDEXING-ORCHESTRATOR] [DEBUG] ✅ Chunk symbols after filtering: 1 symbols - DashboardHeader
[2025-11-08T05:09:40.819Z] [2025-11-08T05:09:40.820Z] [INDEXING-ORCHESTRATOR] [DEBUG] 📍 Chunk 198-216: 0 candidate symbols
[2025-11-08T05:09:40.819Z] [2025-11-08T05:09:40.820Z] [INDEXING-ORCHESTRATOR] [DEBUG] ✅ Chunk symbols after filtering: 0 symbols - 
[2025-11-08T05:09:40.819Z] [2025-11-08T05:09:40.820Z] [INDEXING-ORCHESTRATOR] [DEBUG] Created 6 semantic chunks for C:\Projects\educatedplanet\web\examples\header-usage.tsx
[2025-11-08T05:09:40.819Z] [2025-11-08T05:09:40.820Z] [INDEXING-ORCHESTRATOR] [DEBUG] Average chunk size: 910 characters
[2025-11-08T05:09:40.820Z] [2025-11-08T05:09:40.821Z] [TREESITTER-CHUNKER] [INFO] Created 1 semantic chunks from C:\Projects\educatedplanet\web\lib\utils.ts
[2025-11-08T05:09:40.821Z] [2025-11-08T05:09:40.822Z] [TREESITTER-FULL] [INFO] Extracted 1 symbols from C:\Projects\educatedplanet\web\lib\utils.ts
[2025-11-08T05:09:40.821Z] [2025-11-08T05:09:40.823Z] [INDEXING-ORCHESTRATOR] [DEBUG] 🔍 Symbol extraction for C:\Projects\educatedplanet\web\lib\utils.ts: 1 symbols, 2 imports
[2025-11-08T05:09:40.821Z] [2025-11-08T05:09:40.823Z] [INDEXING-ORCHESTRATOR] [DEBUG] 📍 Chunk 4-6: 1 candidate symbols
[2025-11-08T05:09:40.821Z] [2025-11-08T05:09:40.823Z] [INDEXING-ORCHESTRATOR] [DEBUG] ✅ Chunk symbols after filtering: 1 symbols - cn
[2025-11-08T05:09:40.822Z] [2025-11-08T05:09:40.823Z] [INDEXING-ORCHESTRATOR] [DEBUG] Created 1 semantic chunks for C:\Projects\educatedplanet\web\lib\utils.ts
[2025-11-08T05:09:40.822Z] [2025-11-08T05:09:40.823Z] [INDEXING-ORCHESTRATOR] [DEBUG] Average chunk size: 71 characters
[2025-11-08T05:09:40.822Z] [2025-11-08T05:09:40.823Z] [TREESITTER-CHUNKER] [INFO] Created 1 semantic chunks from C:\Projects\educatedplanet\web\postcss.config.mjs
[2025-11-08T05:09:40.823Z] [2025-11-08T05:09:40.824Z] [TREESITTER-FULL] [INFO] Extracted 1 symbols from C:\Projects\educatedplanet\web\postcss.config.mjs
[2025-11-08T05:09:40.823Z] [2025-11-08T05:09:40.824Z] [INDEXING-ORCHESTRATOR] [DEBUG] 🔍 Symbol extraction for C:\Projects\educatedplanet\web\postcss.config.mjs: 1 symbols, 0 imports
[2025-11-08T05:09:40.823Z] [2025-11-08T05:09:40.824Z] [INDEXING-ORCHESTRATOR] [DEBUG] 📍 Chunk 1-8: 1 candidate symbols
[2025-11-08T05:09:40.823Z] [2025-11-08T05:09:40.824Z] [INDEXING-ORCHESTRATOR] [DEBUG] ✅ Chunk symbols after filtering: 1 symbols - config
[2025-11-08T05:09:40.823Z] [2025-11-08T05:09:40.824Z] [INDEXING-ORCHESTRATOR] [DEBUG] Created 1 semantic chunks for C:\Projects\educatedplanet\web\postcss.config.mjs
[2025-11-08T05:09:40.823Z] [2025-11-08T05:09:40.824Z] [INDEXING-ORCHESTRATOR] [DEBUG] Average chunk size: 93 characters
[2025-11-08T05:09:40.824Z] [2025-11-08T05:09:40.825Z] [TREESITTER-CHUNKER] [INFO] Created 1 semantic chunks from C:\Projects\educatedplanet\web\eslint.config.mjs
[2025-11-08T05:09:40.825Z] [2025-11-08T05:09:40.826Z] [TREESITTER-FULL] [INFO] Extracted 1 symbols from C:\Projects\educatedplanet\web\eslint.config.mjs
[2025-11-08T05:09:40.825Z] [2025-11-08T05:09:40.826Z] [INDEXING-ORCHESTRATOR] [DEBUG] 🔍 Symbol extraction for C:\Projects\educatedplanet\web\eslint.config.mjs: 1 symbols, 3 imports
[2025-11-08T05:09:40.825Z] [2025-11-08T05:09:40.826Z] [INDEXING-ORCHESTRATOR] [DEBUG] 📍 Chunk 1-19: 1 candidate symbols
[2025-11-08T05:09:40.825Z] [2025-11-08T05:09:40.826Z] [INDEXING-ORCHESTRATOR] [DEBUG] ✅ Chunk symbols after filtering: 1 symbols - eslintConfig
[2025-11-08T05:09:40.825Z] [2025-11-08T05:09:40.826Z] [INDEXING-ORCHESTRATOR] [DEBUG] Created 1 semantic chunks for C:\Projects\educatedplanet\web\eslint.config.mjs
[2025-11-08T05:09:40.826Z] [2025-11-08T05:09:40.826Z] [INDEXING-ORCHESTRATOR] [DEBUG] Average chunk size: 464 characters
[2025-11-08T05:09:40.833Z] [2025-11-08T05:09:40.834Z] [TREESITTER-CHUNKER] [INFO] Created 1 semantic chunks from C:\Projects\educatedplanet\web\next.config.ts
[2025-11-08T05:09:40.835Z] [2025-11-08T05:09:40.836Z] [TREESITTER-FULL] [INFO] Extracted 1 symbols from C:\Projects\educatedplanet\web\next.config.ts
[2025-11-08T05:09:40.835Z] [2025-11-08T05:09:40.836Z] [INDEXING-ORCHESTRATOR] [DEBUG] 🔍 Symbol extraction for C:\Projects\educatedplanet\web\next.config.ts: 1 symbols, 1 imports
[2025-11-08T05:09:40.835Z] [2025-11-08T05:09:40.836Z] [INDEXING-ORCHESTRATOR] [DEBUG] 📍 Chunk 1-27: 1 candidate symbols
[2025-11-08T05:09:40.835Z] [2025-11-08T05:09:40.836Z] [INDEXING-ORCHESTRATOR] [DEBUG] ✅ Chunk symbols after filtering: 1 symbols - nextConfig
[2025-11-08T05:09:40.835Z] [2025-11-08T05:09:40.836Z] [INDEXING-ORCHESTRATOR] [DEBUG] Created 1 semantic chunks for C:\Projects\educatedplanet\web\next.config.ts
[2025-11-08T05:09:40.835Z] [2025-11-08T05:09:40.836Z] [INDEXING-ORCHESTRATOR] [DEBUG] Average chunk size: 516 characters
[2025-11-08T05:09:40.848Z] [2025-11-08T05:09:40.849Z] [TREESITTER-CHUNKER] [INFO] Created 3 semantic chunks from C:\Projects\educatedplanet\web\examples\hero-usage.tsx
[2025-11-08T05:09:40.929Z] [2025-11-08T05:09:40.930Z] [TREESITTER-FULL] [INFO] Extracted 4 symbols from C:\Projects\educatedplanet\web\examples\hero-usage.tsx
[2025-11-08T05:09:40.929Z] [2025-11-08T05:09:40.930Z] [INDEXING-ORCHESTRATOR] [DEBUG] 🔍 Symbol extraction for C:\Projects\educatedplanet\web\examples\hero-usage.tsx: 4 symbols, 3 imports
[2025-11-08T05:09:40.929Z] [2025-11-08T05:09:40.930Z] [INDEXING-ORCHESTRATOR] [DEBUG] 📍 Chunk 11-58: 2 candidate symbols
[2025-11-08T05:09:40.929Z] [2025-11-08T05:09:40.930Z] [INDEXING-ORCHESTRATOR] [DEBUG] ✅ Chunk symbols after filtering: 2 symbols - BasicHeroExample, HeroWithState
[2025-11-08T05:09:40.929Z] [2025-11-08T05:09:40.930Z] [INDEXING-ORCHESTRATOR] [DEBUG] 📍 Chunk 61-82: 1 candidate symbols
[2025-11-08T05:09:40.929Z] [2025-11-08T05:09:40.930Z] [INDEXING-ORCHESTRATOR] [DEBUG] ✅ Chunk symbols after filtering: 1 symbols - HeroWithAnalytics
[2025-11-08T05:09:40.929Z] [2025-11-08T05:09:40.930Z] [INDEXING-ORCHESTRATOR] [DEBUG] 📍 Chunk 83-183: 1 candidate symbols
[2025-11-08T05:09:40.929Z] [2025-11-08T05:09:40.930Z] [INDEXING-ORCHESTRATOR] [DEBUG] ✅ Chunk symbols after filtering: 1 symbols - handleSearch
[2025-11-08T05:09:40.929Z] [2025-11-08T05:09:40.930Z] [INDEXING-ORCHESTRATOR] [DEBUG] Created 3 semantic chunks for C:\Projects\educatedplanet\web\examples\hero-usage.tsx
[2025-11-08T05:09:40.929Z] [2025-11-08T05:09:40.930Z] [INDEXING-ORCHESTRATOR] [DEBUG] Average chunk size: 1730 characters
[2025-11-08T05:09:40.929Z] [2025-11-08T05:09:40.930Z] [INDEXING-ORCHESTRATOR] [DEBUG] 📊 Processed: 226/226 files
[2025-11-08T05:09:40.929Z] [2025-11-08T05:09:40.930Z] [INDEXING-ORCHESTRATOR] [INFO] Uploading 482 chunks to vector store...
[2025-11-08T05:09:40.930Z] [2025-11-08T05:09:40.931Z] [INDEXING-ORCHESTRATOR] [INFO] Uploading 482 chunks to vector store and local metadata...
[2025-11-08T05:09:40.930Z] [2025-11-08T05:09:40.931Z] [INDEXING-ORCHESTRATOR] [INFO] 📦 Processing batch 1/49 (10 chunks)
[2025-11-08T05:09:40.930Z] [2025-11-08T05:09:40.931Z] [INDEXING-ORCHESTRATOR] [DEBUG] 🧠 Generating embeddings for 10 chunks...
[2025-11-08T05:09:44.392Z] [2025-11-08T05:09:44.393Z] [INDEXING-ORCHESTRATOR] [DEBUG] ✅ Generated 10 embeddings
[2025-11-08T05:09:44.392Z] [2025-11-08T05:09:44.393Z] [INDEXING-ORCHESTRATOR] [DEBUG] ⬆️  Upserting 10 vectors to namespace: mcp_b0e62d81bd2a51d5
[2025-11-08T05:09:46.362Z] [2025-11-08T05:09:46.363Z] [INDEXING-ORCHESTRATOR] [WARN] ⚠️ Skipping batch 1 after retries failed. Continuing with remaining batches.
[2025-11-08T05:09:46.362Z] [2025-11-08T05:09:46.363Z] [INDEXING-ORCHESTRATOR] [WARN] Skipped batch error: "Turbopuffer upsert error (400): {\"error\":\"💔 This upsert contains duplicate document IDs and was not written. You should ensure that individual upserts do not include duplicate documents. The duplicated IDs in this batch were the following: C:\\\\Projects\\\\educatedplanet\\\\admin\\\\src\\\\app\\\\(main)\\\\auth\\\\_compon\",\"status\":\"error\"}"
[2025-11-08T05:09:46.362Z] [2025-11-08T05:09:46.363Z] [INDEXING-ORCHESTRATOR] [INFO] 📦 Processing batch 2/49 (10 chunks)
[2025-11-08T05:09:46.362Z] [2025-11-08T05:09:46.363Z] [INDEXING-ORCHESTRATOR] [DEBUG] 🧠 Generating embeddings for 10 chunks...
[2025-11-08T05:09:48.589Z] [2025-11-08T05:09:48.590Z] [INDEXING-ORCHESTRATOR] [DEBUG] ✅ Generated 10 embeddings
[2025-11-08T05:09:48.589Z] [2025-11-08T05:09:48.590Z] [INDEXING-ORCHESTRATOR] [DEBUG] ⬆️  Upserting 10 vectors to namespace: mcp_b0e62d81bd2a51d5
[2025-11-08T05:09:50.483Z] [2025-11-08T05:09:50.059Z] [INDEXING-ORCHESTRATOR] [WARN] ⚠️ Skipping batch 2 after retries failed. Continuing with remaining batches.
[2025-11-08T05:09:50.483Z] [2025-11-08T05:09:50.059Z] [INDEXING-ORCHESTRATOR] [WARN] Skipped batch error: "Turbopuffer upsert error (400): {\"error\":\"💔 This upsert contains duplicate document IDs and was not written. You should ensure that individual upserts do not include duplicate documents. The duplicated IDs in this batch were the following: C:\\\\Projects\\\\educatedplanet\\\\admin\\\\src\\\\app\\\\(main)\\\\dashboard\\\\_c\",\"status\":\"error\"}"
[2025-11-08T05:09:50.483Z] [2025-11-08T05:09:50.059Z] [INDEXING-ORCHESTRATOR] [INFO] 📦 Processing batch 3/49 (10 chunks)
[2025-11-08T05:09:50.483Z] [2025-11-08T05:09:50.059Z] [INDEXING-ORCHESTRATOR] [DEBUG] 🧠 Generating embeddings for 10 chunks...
[2025-11-08T05:09:52.378Z] [2025-11-08T05:09:52.379Z] [INDEXING-ORCHESTRATOR] [DEBUG] ✅ Generated 10 embeddings
[2025-11-08T05:09:52.378Z] [2025-11-08T05:09:52.379Z] [INDEXING-ORCHESTRATOR] [DEBUG] ⬆️  Upserting 10 vectors to namespace: mcp_b0e62d81bd2a51d5
[2025-11-08T05:09:53.573Z] [2025-11-08T05:09:53.574Z] [INDEXING-ORCHESTRATOR] [WARN] ⚠️ Skipping batch 3 after retries failed. Continuing with remaining batches.
[2025-11-08T05:09:53.573Z] [2025-11-08T05:09:53.574Z] [INDEXING-ORCHESTRATOR] [WARN] Skipped batch error: "Turbopuffer upsert error (400): {\"error\":\"💔 This upsert contains duplicate document IDs and was not written. You should ensure that individual upserts do not include duplicate documents. The duplicated IDs in this batch were the following: C:\\\\Projects\\\\educatedplanet\\\\admin\\\\src\\\\app\\\\(main)\\\\dashboard\\\\cr\",\"status\":\"error\"}"
[2025-11-08T05:09:53.573Z] [2025-11-08T05:09:53.574Z] [INDEXING-ORCHESTRATOR] [INFO] 📦 Processing batch 4/49 (10 chunks)
[2025-11-08T05:09:53.573Z] [2025-11-08T05:09:53.574Z] [INDEXING-ORCHESTRATOR] [DEBUG] 🧠 Generating embeddings for 10 chunks...
[2025-11-08T05:09:56.062Z] [2025-11-08T05:09:56.063Z] [INDEXING-ORCHESTRATOR] [DEBUG] ✅ Generated 10 embeddings
[2025-11-08T05:09:56.062Z] [2025-11-08T05:09:56.063Z] [INDEXING-ORCHESTRATOR] [DEBUG] ⬆️  Upserting 10 vectors to namespace: mcp_b0e62d81bd2a51d5
[2025-11-08T05:09:57.320Z] [2025-11-08T05:09:57.321Z] [INDEXING-ORCHESTRATOR] [WARN] ⚠️ Skipping batch 4 after retries failed. Continuing with remaining batches.
[2025-11-08T05:09:57.320Z] [2025-11-08T05:09:57.321Z] [INDEXING-ORCHESTRATOR] [WARN] Skipped batch error: "Turbopuffer upsert error (400): {\"error\":\"💔 This upsert contains duplicate document IDs and was not written. You should ensure that individual upserts do not include duplicate documents. The duplicated IDs in this batch were the following: C:\\\\Projects\\\\educatedplanet\\\\admin\\\\src\\\\app\\\\(main)\\\\dashboard\\\\de,C:\\\\Projects\\\\educatedplanet\\\\admin\\\\src\\\\app\\\\(main)\\\\dashboard\\\\fi\",\"status\":\"error\"}"
[2025-11-08T05:09:57.321Z] [2025-11-08T05:09:57.321Z] [INDEXING-ORCHESTRATOR] [INFO] 📦 Processing batch 5/49 (10 chunks)
[2025-11-08T05:09:57.321Z] [2025-11-08T05:09:57.321Z] [INDEXING-ORCHESTRATOR] [DEBUG] 🧠 Generating embeddings for 10 chunks...
[2025-11-08T05:09:58.947Z] [2025-11-08T05:09:58.948Z] [INDEXING-ORCHESTRATOR] [DEBUG] ✅ Generated 10 embeddings
[2025-11-08T05:09:58.947Z] [2025-11-08T05:09:58.948Z] [INDEXING-ORCHESTRATOR] [DEBUG] ⬆️  Upserting 10 vectors to namespace: mcp_b0e62d81bd2a51d5
[2025-11-08T05:10:00.249Z] [2025-11-08T05:10:00.249Z] [INDEXING-ORCHESTRATOR] [WARN] ⚠️ Skipping batch 5 after retries failed. Continuing with remaining batches.
[2025-11-08T05:10:00.249Z] [2025-11-08T05:10:00.250Z] [INDEXING-ORCHESTRATOR] [WARN] Skipped batch error: "Turbopuffer upsert error (400): {\"error\":\"💔 This upsert contains duplicate document IDs and was not written. You should ensure that individual upserts do not include duplicate documents. The duplicated IDs in this batch were the following: C:\\\\Projects\\\\educatedplanet\\\\admin\\\\src\\\\app\\\\(main)\\\\dashboard\\\\fi,C:\\\\Projects\\\\educatedplanet\\\\admin\\\\src\\\\app\\\\(main)\\\\dashboard\\\\la,C:\\\\Projects\\\\educatedplanet\\\\admin\\\\src\\\\app\\\\(main)\\\\dashboard\\\\us\",\"status\":\"error\"}"
[2025-11-08T05:10:00.249Z] [2025-11-08T05:10:00.250Z] [INDEXING-ORCHESTRATOR] [INFO] 📦 Processing batch 6/49 (10 chunks)
[2025-11-08T05:10:00.249Z] [2025-11-08T05:10:00.250Z] [INDEXING-ORCHESTRATOR] [DEBUG] 🧠 Generating embeddings for 10 chunks...
[2025-11-08T05:10:02.530Z] [2025-11-08T05:10:02.531Z] [INDEXING-ORCHESTRATOR] [DEBUG] ✅ Generated 10 embeddings
[2025-11-08T05:10:02.530Z] [2025-11-08T05:10:02.531Z] [INDEXING-ORCHESTRATOR] [DEBUG] ⬆️  Upserting 10 vectors to namespace: mcp_b0e62d81bd2a51d5
[2025-11-08T05:10:03.733Z] [2025-11-08T05:10:03.734Z] [INDEXING-ORCHESTRATOR] [WARN] ⚠️ Skipping batch 6 after retries failed. Continuing with remaining batches.
[2025-11-08T05:10:03.733Z] [2025-11-08T05:10:03.735Z] [INDEXING-ORCHESTRATOR] [WARN] Skipped batch error: "Turbopuffer upsert error (400): {\"error\":\"💔 This upsert contains duplicate document IDs and was not written. You should ensure that individual upserts do not include duplicate documents. The duplicated IDs in this batch were the following: C:\\\\Projects\\\\educatedplanet\\\\admin\\\\src\\\\app\\\\(main)\\\\dashboard\\\\us,C:\\\\Projects\\\\educatedplanet\\\\admin\\\\src\\\\app\\\\api\\\\tutors\\\\route_20,C:\\\\Projects\\\\educatedplanet\\\\admin\\\\src\\\\app\\\\api\\\\users\\\\[id]\\\\rout\",\"status\":\"error\"}"
[2025-11-08T05:10:03.733Z] [2025-11-08T05:10:03.735Z] [INDEXING-ORCHESTRATOR] [INFO] 📦 Processing batch 7/49 (10 chunks)
[2025-11-08T05:10:03.734Z] [2025-11-08T05:10:03.735Z] [INDEXING-ORCHESTRATOR] [DEBUG] 🧠 Generating embeddings for 10 chunks...
[2025-11-08T05:10:05.381Z] [2025-11-08T05:10:05.382Z] [INDEXING-ORCHESTRATOR] [DEBUG] ✅ Generated 10 embeddings
[2025-11-08T05:10:05.381Z] [2025-11-08T05:10:05.382Z] [INDEXING-ORCHESTRATOR] [DEBUG] ⬆️  Upserting 10 vectors to namespace: mcp_b0e62d81bd2a51d5
[2025-11-08T05:10:06.594Z] [2025-11-08T05:10:06.595Z] [INDEXING-ORCHESTRATOR] [WARN] ⚠️ Skipping batch 7 after retries failed. Continuing with remaining batches.
[2025-11-08T05:10:06.594Z] [2025-11-08T05:10:06.595Z] [INDEXING-ORCHESTRATOR] [WARN] Skipped batch error: "Turbopuffer upsert error (400): {\"error\":\"💔 This upsert contains duplicate document IDs and was not written. You should ensure that individual upserts do not include duplicate documents. The duplicated IDs in this batch were the following: C:\\\\Projects\\\\educatedplanet\\\\admin\\\\src\\\\app\\\\api\\\\users\\\\route_e11,C:\\\\Projects\\\\educatedplanet\\\\admin\\\\src\\\\components\\\\data-table\\\\d\",\"status\":\"error\"}"
[2025-11-08T05:10:06.594Z] [2025-11-08T05:10:06.596Z] [INDEXING-ORCHESTRATOR] [INFO] 📦 Processing batch 8/49 (10 chunks)
[2025-11-08T05:10:06.594Z] [2025-11-08T05:10:06.596Z] [INDEXING-ORCHESTRATOR] [DEBUG] 🧠 Generating embeddings for 10 chunks...
[2025-11-08T05:10:08.759Z] [2025-11-08T05:10:08.760Z] [INDEXING-ORCHESTRATOR] [DEBUG] ✅ Generated 10 embeddings
[2025-11-08T05:10:08.759Z] [2025-11-08T05:10:08.761Z] [INDEXING-ORCHESTRATOR] [DEBUG] ⬆️  Upserting 10 vectors to namespace: mcp_b0e62d81bd2a51d5
[2025-11-08T05:10:09.973Z] [2025-11-08T05:10:09.974Z] [INDEXING-ORCHESTRATOR] [WARN] ⚠️ Skipping batch 8 after retries failed. Continuing with remaining batches.
[2025-11-08T05:10:09.973Z] [2025-11-08T05:10:09.974Z] [INDEXING-ORCHESTRATOR] [WARN] Skipped batch error: "Turbopuffer upsert error (400): {\"error\":\"💔 This upsert contains duplicate document IDs and was not written. You should ensure that individual upserts do not include duplicate documents. The duplicated IDs in this batch were the following: C:\\\\Projects\\\\educatedplanet\\\\admin\\\\src\\\\components\\\\data-table\\\\d\",\"status\":\"error\"}"
[2025-11-08T05:10:09.973Z] [2025-11-08T05:10:09.974Z] [INDEXING-ORCHESTRATOR] [INFO] 📦 Processing batch 9/49 (10 chunks)
[2025-11-08T05:10:09.973Z] [2025-11-08T05:10:09.974Z] [INDEXING-ORCHESTRATOR] [DEBUG] 🧠 Generating embeddings for 10 chunks...
[2025-11-08T05:10:11.922Z] [2025-11-08T05:10:11.923Z] [INDEXING-ORCHESTRATOR] [DEBUG] ✅ Generated 10 embeddings
[2025-11-08T05:10:11.922Z] [2025-11-08T05:10:11.924Z] [INDEXING-ORCHESTRATOR] [DEBUG] ⬆️  Upserting 10 vectors to namespace: mcp_b0e62d81bd2a51d5
[2025-11-08T05:10:13.081Z] [2025-11-08T05:10:13.082Z] [INDEXING-ORCHESTRATOR] [WARN] ⚠️ Skipping batch 9 after retries failed. Continuing with remaining batches.
[2025-11-08T05:10:13.081Z] [2025-11-08T05:10:13.082Z] [INDEXING-ORCHESTRATOR] [WARN] Skipped batch error: "Turbopuffer upsert error (400): {\"error\":\"💔 This upsert contains duplicate document IDs and was not written. You should ensure that individual upserts do not include duplicate documents. The duplicated IDs in this batch were the following: C:\\\\Projects\\\\educatedplanet\\\\admin\\\\src\\\\components\\\\providers\\\\gl,C:\\\\Projects\\\\educatedplanet\\\\admin\\\\src\\\\components\\\\ui\\\\accordion,C:\\\\Projects\\\\educatedplanet\\\\admin\\\\src\\\\components\\\\ui\\\\alert-dia\",\"status\":\"error\"}"
[2025-11-08T05:10:13.081Z] [2025-11-08T05:10:13.082Z] [INDEXING-ORCHESTRATOR] [INFO] 📦 Processing batch 10/49 (10 chunks)
[2025-11-08T05:10:13.081Z] [2025-11-08T05:10:13.082Z] [INDEXING-ORCHESTRATOR] [DEBUG] 🧠 Generating embeddings for 10 chunks...
[2025-11-08T05:10:14.485Z] [2025-11-08T05:10:14.486Z] [INDEXING-ORCHESTRATOR] [DEBUG] ✅ Generated 10 embeddings
[2025-11-08T05:10:14.485Z] [2025-11-08T05:10:14.486Z] [INDEXING-ORCHESTRATOR] [DEBUG] ⬆️  Upserting 10 vectors to namespace: mcp_b0e62d81bd2a51d5
[2025-11-08T05:10:15.637Z] [2025-11-08T05:10:15.638Z] [INDEXING-ORCHESTRATOR] [WARN] ⚠️ Skipping batch 10 after retries failed. Continuing with remaining batches.
[2025-11-08T05:10:15.637Z] [2025-11-08T05:10:15.638Z] [INDEXING-ORCHESTRATOR] [WARN] Skipped batch error: "Turbopuffer upsert error (400): {\"error\":\"💔 This upsert contains duplicate document IDs and was not written. You should ensure that individual upserts do not include duplicate documents. The duplicated IDs in this batch were the following: C:\\\\Projects\\\\educatedplanet\\\\admin\\\\src\\\\components\\\\ui\\\\alert_b3f,C:\\\\Projects\\\\educatedplanet\\\\admin\\\\src\\\\components\\\\ui\\\\badge_838\",\"status\":\"error\"}"
[2025-11-08T05:10:15.637Z] [2025-11-08T05:10:15.638Z] [INDEXING-ORCHESTRATOR] [INFO] 📦 Processing batch 11/49 (10 chunks)
[2025-11-08T05:10:15.638Z] [2025-11-08T05:10:15.638Z] [INDEXING-ORCHESTRATOR] [DEBUG] 🧠 Generating embeddings for 10 chunks...
[2025-11-08T05:10:17.696Z] [2025-11-08T05:10:17.697Z] [INDEXING-ORCHESTRATOR] [DEBUG] ✅ Generated 10 embeddings
[2025-11-08T05:10:17.696Z] [2025-11-08T05:10:17.697Z] [INDEXING-ORCHESTRATOR] [DEBUG] ⬆️  Upserting 10 vectors to namespace: mcp_b0e62d81bd2a51d5
[2025-11-08T05:10:18.984Z] [2025-11-08T05:10:18.985Z] [INDEXING-ORCHESTRATOR] [WARN] ⚠️ Skipping batch 11 after retries failed. Continuing with remaining batches.
[2025-11-08T05:10:18.984Z] [2025-11-08T05:10:18.986Z] [INDEXING-ORCHESTRATOR] [WARN] Skipped batch error: "Turbopuffer upsert error (400): {\"error\":\"💔 This upsert contains duplicate document IDs and was not written. You should ensure that individual upserts do not include duplicate documents. The duplicated IDs in this batch were the following: C:\\\\Projects\\\\educatedplanet\\\\admin\\\\src\\\\components\\\\ui\\\\breadcrum,C:\\\\Projects\\\\educatedplanet\\\\admin\\\\src\\\\components\\\\ui\\\\button-gr\",\"status\":\"error\"}"
[2025-11-08T05:10:18.984Z] [2025-11-08T05:10:18.986Z] [INDEXING-ORCHESTRATOR] [INFO] 📦 Processing batch 12/49 (10 chunks)
[2025-11-08T05:10:18.984Z] [2025-11-08T05:10:18.986Z] [INDEXING-ORCHESTRATOR] [DEBUG] 🧠 Generating embeddings for 10 chunks...
[2025-11-08T05:10:21.038Z] [2025-11-08T05:10:21.039Z] [INDEXING-ORCHESTRATOR] [DEBUG] ✅ Generated 10 embeddings
[2025-11-08T05:10:21.038Z] [2025-11-08T05:10:21.039Z] [INDEXING-ORCHESTRATOR] [DEBUG] ⬆️  Upserting 10 vectors to namespace: mcp_b0e62d81bd2a51d5
[2025-11-08T05:10:22.172Z] [2025-11-08T05:10:22.173Z] [INDEXING-ORCHESTRATOR] [WARN] ⚠️ Skipping batch 12 after retries failed. Continuing with remaining batches.
[2025-11-08T05:10:22.172Z] [2025-11-08T05:10:22.173Z] [INDEXING-ORCHESTRATOR] [WARN] Skipped batch error: "Turbopuffer upsert error (400): {\"error\":\"💔 This upsert contains duplicate document IDs and was not written. You should ensure that individual upserts do not include duplicate documents. The duplicated IDs in this batch were the following: C:\\\\Projects\\\\educatedplanet\\\\admin\\\\src\\\\components\\\\ui\\\\calendar_,C:\\\\Projects\\\\educatedplanet\\\\admin\\\\src\\\\components\\\\ui\\\\card_9cfa\",\"status\":\"error\"}"
[2025-11-08T05:10:22.172Z] [2025-11-08T05:10:22.173Z] [INDEXING-ORCHESTRATOR] [INFO] 📦 Processing batch 13/49 (10 chunks)
[2025-11-08T05:10:22.172Z] [2025-11-08T05:10:22.173Z] [INDEXING-ORCHESTRATOR] [DEBUG] 🧠 Generating embeddings for 10 chunks...
[2025-11-08T05:10:24.212Z] [2025-11-08T05:10:24.213Z] [INDEXING-ORCHESTRATOR] [DEBUG] ✅ Generated 10 embeddings
[2025-11-08T05:10:24.212Z] [2025-11-08T05:10:24.213Z] [INDEXING-ORCHESTRATOR] [DEBUG] ⬆️  Upserting 10 vectors to namespace: mcp_b0e62d81bd2a51d5
[2025-11-08T05:10:25.435Z] [2025-11-08T05:10:25.436Z] [INDEXING-ORCHESTRATOR] [WARN] ⚠️ Skipping batch 13 after retries failed. Continuing with remaining batches.
[2025-11-08T05:10:25.435Z] [2025-11-08T05:10:25.436Z] [INDEXING-ORCHESTRATOR] [WARN] Skipped batch error: "Turbopuffer upsert error (400): {\"error\":\"💔 This upsert contains duplicate document IDs and was not written. You should ensure that individual upserts do not include duplicate documents. The duplicated IDs in this batch were the following: C:\\\\Projects\\\\educatedplanet\\\\admin\\\\src\\\\components\\\\ui\\\\card_9cfa,C:\\\\Projects\\\\educatedplanet\\\\admin\\\\src\\\\components\\\\ui\\\\carousel_\",\"status\":\"error\"}"
[2025-11-08T05:10:25.435Z] [2025-11-08T05:10:25.436Z] [INDEXING-ORCHESTRATOR] [INFO] 📦 Processing batch 14/49 (10 chunks)
[2025-11-08T05:10:25.435Z] [2025-11-08T05:10:25.436Z] [INDEXING-ORCHESTRATOR] [DEBUG] 🧠 Generating embeddings for 10 chunks...
[2025-11-08T05:10:27.080Z] [2025-11-08T05:10:27.081Z] [INDEXING-ORCHESTRATOR] [DEBUG] ✅ Generated 10 embeddings
[2025-11-08T05:10:27.080Z] [2025-11-08T05:10:27.082Z] [INDEXING-ORCHESTRATOR] [DEBUG] ⬆️  Upserting 10 vectors to namespace: mcp_b0e62d81bd2a51d5
[2025-11-08T05:10:28.308Z] [2025-11-08T05:10:28.309Z] [INDEXING-ORCHESTRATOR] [WARN] ⚠️ Skipping batch 14 after retries failed. Continuing with remaining batches.
[2025-11-08T05:10:28.308Z] [2025-11-08T05:10:28.309Z] [INDEXING-ORCHESTRATOR] [WARN] Skipped batch error: "Turbopuffer upsert error (400): {\"error\":\"💔 This upsert contains duplicate document IDs and was not written. You should ensure that individual upserts do not include duplicate documents. The duplicated IDs in this batch were the following: C:\\\\Projects\\\\educatedplanet\\\\admin\\\\src\\\\components\\\\ui\\\\chart_cc5,C:\\\\Projects\\\\educatedplanet\\\\admin\\\\src\\\\components\\\\ui\\\\collapsib,C:\\\\Projects\\\\educatedplanet\\\\admin\\\\src\\\\components\\\\ui\\\\command_a\",\"status\":\"error\"}"
[2025-11-08T05:10:28.308Z] [2025-11-08T05:10:28.309Z] [INDEXING-ORCHESTRATOR] [INFO] 📦 Processing batch 15/49 (10 chunks)
[2025-11-08T05:10:28.308Z] [2025-11-08T05:10:28.309Z] [INDEXING-ORCHESTRATOR] [DEBUG] 🧠 Generating embeddings for 10 chunks...
[2025-11-08T05:10:40.846Z] [2025-11-08T05:10:40.845Z] [INDEXING-ORCHESTRATOR] [DEBUG] ✅ Generated 10 embeddings
[2025-11-08T05:10:40.846Z] [2025-11-08T05:10:40.845Z] [INDEXING-ORCHESTRATOR] [DEBUG] ⬆️  Upserting 10 vectors to namespace: mcp_b0e62d81bd2a51d5
[2025-11-08T05:10:42.231Z] [2025-11-08T05:10:42.230Z] [INDEXING-ORCHESTRATOR] [WARN] ⚠️ Skipping batch 15 after retries failed. Continuing with remaining batches.
[2025-11-08T05:10:42.231Z] [2025-11-08T05:10:42.230Z] [INDEXING-ORCHESTRATOR] [WARN] Skipped batch error: "Turbopuffer upsert error (400): {\"error\":\"💔 This upsert contains duplicate document IDs and was not written. You should ensure that individual upserts do not include duplicate documents. The duplicated IDs in this batch were the following: C:\\\\Projects\\\\educatedplanet\\\\admin\\\\src\\\\components\\\\ui\\\\context-m,C:\\\\Projects\\\\educatedplanet\\\\admin\\\\src\\\\components\\\\ui\\\\dialog_d2\",\"status\":\"error\"}"
[2025-11-08T05:10:42.231Z] [2025-11-08T05:10:42.230Z] [INDEXING-ORCHESTRATOR] [INFO] 📦 Processing batch 16/49 (10 chunks)
[2025-11-08T05:10:42.231Z] [2025-11-08T05:10:42.230Z] [INDEXING-ORCHESTRATOR] [DEBUG] 🧠 Generating embeddings for 10 chunks...
[2025-11-08T05:10:50.016Z] [2025-11-08T05:10:50.015Z] [INDEXING-ORCHESTRATOR] [DEBUG] ✅ Generated 10 embeddings
[2025-11-08T05:10:50.016Z] [2025-11-08T05:10:50.015Z] [INDEXING-ORCHESTRATOR] [DEBUG] ⬆️  Upserting 10 vectors to namespace: mcp_b0e62d81bd2a51d5
[2025-11-08T05:10:51.191Z] [2025-11-08T05:10:51.190Z] [INDEXING-ORCHESTRATOR] [WARN] ⚠️ Skipping batch 16 after retries failed. Continuing with remaining batches.
[2025-11-08T05:10:51.191Z] [2025-11-08T05:10:51.190Z] [INDEXING-ORCHESTRATOR] [WARN] Skipped batch error: "Turbopuffer upsert error (400): {\"error\":\"💔 This upsert contains duplicate document IDs and was not written. You should ensure that individual upserts do not include duplicate documents. The duplicated IDs in this batch were the following: C:\\\\Projects\\\\educatedplanet\\\\admin\\\\src\\\\components\\\\ui\\\\drawer_06,C:\\\\Projects\\\\educatedplanet\\\\admin\\\\src\\\\components\\\\ui\\\\dropdown-,C:\\\\Projects\\\\educatedplanet\\\\admin\\\\src\\\\components\\\\ui\\\\empty_abb\",\"status\":\"error\"}"
[2025-11-08T05:10:51.191Z] [2025-11-08T05:10:51.190Z] [INDEXING-ORCHESTRATOR] [INFO] 📦 Processing batch 17/49 (10 chunks)
[2025-11-08T05:10:51.192Z] [2025-11-08T05:10:51.191Z] [INDEXING-ORCHESTRATOR] [DEBUG] 🧠 Generating embeddings for 10 chunks...
[2025-11-08T05:10:57.082Z] [2025-11-08T05:10:57.081Z] [INDEXING-ORCHESTRATOR] [DEBUG] ✅ Generated 10 embeddings
[2025-11-08T05:10:57.082Z] [2025-11-08T05:10:57.081Z] [INDEXING-ORCHESTRATOR] [DEBUG] ⬆️  Upserting 10 vectors to namespace: mcp_b0e62d81bd2a51d5
[2025-11-08T05:10:58.512Z] [2025-11-08T05:10:58.511Z] [INDEXING-ORCHESTRATOR] [WARN] ⚠️ Skipping batch 17 after retries failed. Continuing with remaining batches.
[2025-11-08T05:10:58.512Z] [2025-11-08T05:10:58.511Z] [INDEXING-ORCHESTRATOR] [WARN] Skipped batch error: "Turbopuffer upsert error (400): {\"error\":\"💔 This upsert contains duplicate document IDs and was not written. You should ensure that individual upserts do not include duplicate documents. The duplicated IDs in this batch were the following: C:\\\\Projects\\\\educatedplanet\\\\admin\\\\src\\\\components\\\\ui\\\\empty_abb,C:\\\\Projects\\\\educatedplanet\\\\admin\\\\src\\\\components\\\\ui\\\\field_823\",\"status\":\"error\"}"
[2025-11-08T05:10:58.512Z] [2025-11-08T05:10:58.511Z] [INDEXING-ORCHESTRATOR] [INFO] 📦 Processing batch 18/49 (10 chunks)
[2025-11-08T05:10:58.513Z] [2025-11-08T05:10:58.511Z] [INDEXING-ORCHESTRATOR] [DEBUG] 🧠 Generating embeddings for 10 chunks...
[2025-11-08T05:11:00.567Z] [2025-11-08T05:11:00.566Z] [INDEXING-ORCHESTRATOR] [DEBUG] ✅ Generated 10 embeddings
[2025-11-08T05:11:00.567Z] [2025-11-08T05:11:00.566Z] [INDEXING-ORCHESTRATOR] [DEBUG] ⬆️  Upserting 10 vectors to namespace: mcp_b0e62d81bd2a51d5
[2025-11-08T05:11:01.790Z] [2025-11-08T05:11:01.789Z] [INDEXING-ORCHESTRATOR] [WARN] ⚠️ Skipping batch 18 after retries failed. Continuing with remaining batches.
[2025-11-08T05:11:01.790Z] [2025-11-08T05:11:01.789Z] [INDEXING-ORCHESTRATOR] [WARN] Skipped batch error: "Turbopuffer upsert error (400): {\"error\":\"💔 This upsert contains duplicate document IDs and was not written. You should ensure that individual upserts do not include duplicate documents. The duplicated IDs in this batch were the following: C:\\\\Projects\\\\educatedplanet\\\\admin\\\\src\\\\components\\\\ui\\\\field_823,C:\\\\Projects\\\\educatedplanet\\\\admin\\\\src\\\\components\\\\ui\\\\form_1e95\",\"status\":\"error\"}"
[2025-11-08T05:11:01.790Z] [2025-11-08T05:11:01.789Z] [INDEXING-ORCHESTRATOR] [INFO] 📦 Processing batch 19/49 (10 chunks)
[2025-11-08T05:11:01.790Z] [2025-11-08T05:11:01.789Z] [INDEXING-ORCHESTRATOR] [DEBUG] 🧠 Generating embeddings for 10 chunks...
[2025-11-08T05:11:03.228Z] [2025-11-08T05:11:03.226Z] [INDEXING-ORCHESTRATOR] [DEBUG] ✅ Generated 10 embeddings
[2025-11-08T05:11:03.228Z] [2025-11-08T05:11:03.226Z] [INDEXING-ORCHESTRATOR] [DEBUG] ⬆️  Upserting 10 vectors to namespace: mcp_b0e62d81bd2a51d5
[2025-11-08T05:11:04.452Z] [2025-11-08T05:11:04.451Z] [INDEXING-ORCHESTRATOR] [WARN] ⚠️ Skipping batch 19 after retries failed. Continuing with remaining batches.
[2025-11-08T05:11:04.452Z] [2025-11-08T05:11:04.451Z] [INDEXING-ORCHESTRATOR] [WARN] Skipped batch error: "Turbopuffer upsert error (400): {\"error\":\"💔 This upsert contains duplicate document IDs and was not written. You should ensure that individual upserts do not include duplicate documents. The duplicated IDs in this batch were the following: C:\\\\Projects\\\\educatedplanet\\\\admin\\\\src\\\\components\\\\ui\\\\input-gro,C:\\\\Projects\\\\educatedplanet\\\\admin\\\\src\\\\components\\\\ui\\\\input-otp\",\"status\":\"error\"}"
[2025-11-08T05:11:04.452Z] [2025-11-08T05:11:04.451Z] [INDEXING-ORCHESTRATOR] [INFO] 📦 Processing batch 20/49 (10 chunks)
[2025-11-08T05:11:04.452Z] [2025-11-08T05:11:04.451Z] [INDEXING-ORCHESTRATOR] [DEBUG] 🧠 Generating embeddings for 10 chunks...
[2025-11-08T05:11:08.871Z] [2025-11-08T05:11:08.870Z] [INDEXING-ORCHESTRATOR] [DEBUG] ✅ Generated 10 embeddings
[2025-11-08T05:11:08.871Z] [2025-11-08T05:11:08.870Z] [INDEXING-ORCHESTRATOR] [DEBUG] ⬆️  Upserting 10 vectors to namespace: mcp_b0e62d81bd2a51d5
[2025-11-08T05:11:10.120Z] [2025-11-08T05:11:10.119Z] [INDEXING-ORCHESTRATOR] [WARN] ⚠️ Skipping batch 20 after retries failed. Continuing with remaining batches.
[2025-11-08T05:11:10.120Z] [2025-11-08T05:11:10.119Z] [INDEXING-ORCHESTRATOR] [WARN] Skipped batch error: "Turbopuffer upsert error (400): {\"error\":\"💔 This upsert contains duplicate document IDs and was not written. You should ensure that individual upserts do not include duplicate documents. The duplicated IDs in this batch were the following: C:\\\\Projects\\\\educatedplanet\\\\admin\\\\src\\\\components\\\\ui\\\\item_b373\",\"status\":\"error\"}"
[2025-11-08T05:11:10.120Z] [2025-11-08T05:11:10.119Z] [INDEXING-ORCHESTRATOR] [INFO] 📦 Processing batch 21/49 (10 chunks)
[2025-11-08T05:11:10.121Z] [2025-11-08T05:11:10.119Z] [INDEXING-ORCHESTRATOR] [DEBUG] 🧠 Generating embeddings for 10 chunks...
[2025-11-08T05:11:13.944Z] [2025-11-08T05:11:13.943Z] [INDEXING-ORCHESTRATOR] [DEBUG] ✅ Generated 10 embeddings
[2025-11-08T05:11:13.944Z] [2025-11-08T05:11:13.943Z] [INDEXING-ORCHESTRATOR] [DEBUG] ⬆️  Upserting 10 vectors to namespace: mcp_b0e62d81bd2a51d5
[2025-11-08T05:11:15.307Z] [2025-11-08T05:11:15.306Z] [INDEXING-ORCHESTRATOR] [WARN] ⚠️ Skipping batch 21 after retries failed. Continuing with remaining batches.
[2025-11-08T05:11:15.307Z] [2025-11-08T05:11:15.306Z] [INDEXING-ORCHESTRATOR] [WARN] Skipped batch error: "Turbopuffer upsert error (400): {\"error\":\"💔 This upsert contains duplicate document IDs and was not written. You should ensure that individual upserts do not include duplicate documents. The duplicated IDs in this batch were the following: C:\\\\Projects\\\\educatedplanet\\\\admin\\\\src\\\\components\\\\ui\\\\kbd_50c2f,C:\\\\Projects\\\\educatedplanet\\\\admin\\\\src\\\\components\\\\ui\\\\loading-b,C:\\\\Projects\\\\educatedplanet\\\\admin\\\\src\\\\components\\\\ui\\\\loading-l,C:\\\\Projects\\\\educatedplanet\\\\admin\\\\src\\\\components\\\\ui\\\\menubar_7\",\"status\":\"error\"}"
[2025-11-08T05:11:15.307Z] [2025-11-08T05:11:15.306Z] [INDEXING-ORCHESTRATOR] [INFO] 📦 Processing batch 22/49 (10 chunks)
[2025-11-08T05:11:15.307Z] [2025-11-08T05:11:15.306Z] [INDEXING-ORCHESTRATOR] [DEBUG] 🧠 Generating embeddings for 10 chunks...
[2025-11-08T05:11:17.872Z] [2025-11-08T05:11:17.871Z] [INDEXING-ORCHESTRATOR] [DEBUG] ✅ Generated 10 embeddings
[2025-11-08T05:11:17.872Z] [2025-11-08T05:11:17.871Z] [INDEXING-ORCHESTRATOR] [DEBUG] ⬆️  Upserting 10 vectors to namespace: mcp_b0e62d81bd2a51d5
[2025-11-08T05:11:19.070Z] [2025-11-08T05:11:19.069Z] [INDEXING-ORCHESTRATOR] [WARN] ⚠️ Skipping batch 22 after retries failed. Continuing with remaining batches.
[2025-11-08T05:11:19.070Z] [2025-11-08T05:11:19.069Z] [INDEXING-ORCHESTRATOR] [WARN] Skipped batch error: "Turbopuffer upsert error (400): {\"error\":\"💔 This upsert contains duplicate document IDs and was not written. You should ensure that individual upserts do not include duplicate documents. The duplicated IDs in this batch were the following: C:\\\\Projects\\\\educatedplanet\\\\admin\\\\src\\\\components\\\\ui\\\\navigatio,C:\\\\Projects\\\\educatedplanet\\\\admin\\\\src\\\\components\\\\ui\\\\paginatio\",\"status\":\"error\"}"
[2025-11-08T05:11:19.070Z] [2025-11-08T05:11:19.069Z] [INDEXING-ORCHESTRATOR] [INFO] 📦 Processing batch 23/49 (10 chunks)
[2025-11-08T05:11:19.071Z] [2025-11-08T05:11:19.069Z] [INDEXING-ORCHESTRATOR] [DEBUG] 🧠 Generating embeddings for 10 chunks...
[2025-11-08T05:11:22.592Z] [2025-11-08T05:11:22.591Z] [INDEXING-ORCHESTRATOR] [DEBUG] ✅ Generated 10 embeddings
[2025-11-08T05:11:22.592Z] [2025-11-08T05:11:22.591Z] [INDEXING-ORCHESTRATOR] [DEBUG] ⬆️  Upserting 10 vectors to namespace: mcp_b0e62d81bd2a51d5
[2025-11-08T05:11:23.780Z] [2025-11-08T05:11:23.779Z] [INDEXING-ORCHESTRATOR] [WARN] ⚠️ Skipping batch 23 after retries failed. Continuing with remaining batches.
[2025-11-08T05:11:23.780Z] [2025-11-08T05:11:23.779Z] [INDEXING-ORCHESTRATOR] [WARN] Skipped batch error: "Turbopuffer upsert error (400): {\"error\":\"💔 This upsert contains duplicate document IDs and was not written. You should ensure that individual upserts do not include duplicate documents. The duplicated IDs in this batch were the following: C:\\\\Projects\\\\educatedplanet\\\\admin\\\\src\\\\components\\\\ui\\\\radio-gro,C:\\\\Projects\\\\educatedplanet\\\\admin\\\\src\\\\components\\\\ui\\\\scroll-ar\",\"status\":\"error\"}"
[2025-11-08T05:11:23.781Z] [2025-11-08T05:11:23.779Z] [INDEXING-ORCHESTRATOR] [INFO] 📦 Processing batch 24/49 (10 chunks)
[2025-11-08T05:11:23.781Z] [2025-11-08T05:11:23.779Z] [INDEXING-ORCHESTRATOR] [DEBUG] 🧠 Generating embeddings for 10 chunks...
[2025-11-08T05:11:28.694Z] [2025-11-08T05:11:28.693Z] [INDEXING-ORCHESTRATOR] [DEBUG] ✅ Generated 10 embeddings
[2025-11-08T05:11:28.694Z] [2025-11-08T05:11:28.693Z] [INDEXING-ORCHESTRATOR] [DEBUG] ⬆️  Upserting 10 vectors to namespace: mcp_b0e62d81bd2a51d5
[2025-11-08T05:11:29.975Z] [2025-11-08T05:11:29.974Z] [INDEXING-ORCHESTRATOR] [WARN] ⚠️ Skipping batch 24 after retries failed. Continuing with remaining batches.
[2025-11-08T05:11:29.975Z] [2025-11-08T05:11:29.974Z] [INDEXING-ORCHESTRATOR] [WARN] Skipped batch error: "Turbopuffer upsert error (400): {\"error\":\"💔 This upsert contains duplicate document IDs and was not written. You should ensure that individual upserts do not include duplicate documents. The duplicated IDs in this batch were the following: C:\\\\Projects\\\\educatedplanet\\\\admin\\\\src\\\\components\\\\ui\\\\select_64,C:\\\\Projects\\\\educatedplanet\\\\admin\\\\src\\\\components\\\\ui\\\\sheet_8a0\",\"status\":\"error\"}"
[2025-11-08T05:11:29.976Z] [2025-11-08T05:11:29.974Z] [INDEXING-ORCHESTRATOR] [INFO] 📦 Processing batch 25/49 (10 chunks)
[2025-11-08T05:11:29.976Z] [2025-11-08T05:11:29.974Z] [INDEXING-ORCHESTRATOR] [DEBUG] 🧠 Generating embeddings for 10 chunks...
[2025-11-08T05:11:31.700Z] [2025-11-08T05:11:31.699Z] [INDEXING-ORCHESTRATOR] [DEBUG] ✅ Generated 10 embeddings
[2025-11-08T05:11:31.700Z] [2025-11-08T05:11:31.700Z] [INDEXING-ORCHESTRATOR] [DEBUG] ⬆️  Upserting 10 vectors to namespace: mcp_b0e62d81bd2a51d5
[2025-11-08T05:11:32.921Z] [2025-11-08T05:11:32.920Z] [INDEXING-ORCHESTRATOR] [WARN] ⚠️ Skipping batch 25 after retries failed. Continuing with remaining batches.
[2025-11-08T05:11:32.921Z] [2025-11-08T05:11:32.920Z] [INDEXING-ORCHESTRATOR] [WARN] Skipped batch error: "Turbopuffer upsert error (400): {\"error\":\"💔 This upsert contains duplicate document IDs and was not written. You should ensure that individual upserts do not include duplicate documents. The duplicated IDs in this batch were the following: C:\\\\Projects\\\\educatedplanet\\\\admin\\\\src\\\\components\\\\ui\\\\sidebar_3\",\"status\":\"error\"}"
[2025-11-08T05:11:32.921Z] [2025-11-08T05:11:32.920Z] [INDEXING-ORCHESTRATOR] [INFO] 📦 Processing batch 26/49 (10 chunks)
[2025-11-08T05:11:32.922Z] [2025-11-08T05:11:32.920Z] [INDEXING-ORCHESTRATOR] [DEBUG] 🧠 Generating embeddings for 10 chunks...
[2025-11-08T05:11:35.073Z] [2025-11-08T05:11:35.072Z] [INDEXING-ORCHESTRATOR] [DEBUG] ✅ Generated 10 embeddings
[2025-11-08T05:11:35.073Z] [2025-11-08T05:11:35.072Z] [INDEXING-ORCHESTRATOR] [DEBUG] ⬆️  Upserting 10 vectors to namespace: mcp_b0e62d81bd2a51d5
[2025-11-08T05:11:36.217Z] [2025-11-08T05:11:36.216Z] [INDEXING-ORCHESTRATOR] [WARN] ⚠️ Skipping batch 26 after retries failed. Continuing with remaining batches.
[2025-11-08T05:11:36.217Z] [2025-11-08T05:11:36.216Z] [INDEXING-ORCHESTRATOR] [WARN] Skipped batch error: "Turbopuffer upsert error (400): {\"error\":\"💔 This upsert contains duplicate document IDs and was not written. You should ensure that individual upserts do not include duplicate documents. The duplicated IDs in this batch were the following: C:\\\\Projects\\\\educatedplanet\\\\admin\\\\src\\\\components\\\\ui\\\\sidebar_3\",\"status\":\"error\"}"
[2025-11-08T05:11:36.217Z] [2025-11-08T05:11:36.216Z] [INDEXING-ORCHESTRATOR] [INFO] 📦 Processing batch 27/49 (10 chunks)
[2025-11-08T05:11:36.218Z] [2025-11-08T05:11:36.216Z] [INDEXING-ORCHESTRATOR] [DEBUG] 🧠 Generating embeddings for 10 chunks...
[2025-11-08T05:11:38.360Z] [2025-11-08T05:11:38.359Z] [INDEXING-ORCHESTRATOR] [DEBUG] ✅ Generated 10 embeddings
[2025-11-08T05:11:38.361Z] [2025-11-08T05:11:38.359Z] [INDEXING-ORCHESTRATOR] [DEBUG] ⬆️  Upserting 10 vectors to namespace: mcp_b0e62d81bd2a51d5
[2025-11-08T05:11:39.564Z] [2025-11-08T05:11:39.562Z] [INDEXING-ORCHESTRATOR] [WARN] ⚠️ Skipping batch 27 after retries failed. Continuing with remaining batches.
[2025-11-08T05:11:39.564Z] [2025-11-08T05:11:39.563Z] [INDEXING-ORCHESTRATOR] [WARN] Skipped batch error: "Turbopuffer upsert error (400): {\"error\":\"💔 This upsert contains duplicate document IDs and was not written. You should ensure that individual upserts do not include duplicate documents. The duplicated IDs in this batch were the following: C:\\\\Projects\\\\educatedplanet\\\\admin\\\\src\\\\components\\\\ui\\\\sidebar_3,C:\\\\Projects\\\\educatedplanet\\\\admin\\\\src\\\\components\\\\ui\\\\simple-lo,C:\\\\Projects\\\\educatedplanet\\\\admin\\\\src\\\\components\\\\ui\\\\skeleton_\",\"status\":\"error\"}"
[2025-11-08T05:11:39.567Z] [2025-11-08T05:11:39.563Z] [INDEXING-ORCHESTRATOR] [INFO] 📦 Processing batch 28/49 (10 chunks)
[2025-11-08T05:11:39.567Z] [2025-11-08T05:11:39.563Z] [INDEXING-ORCHESTRATOR] [DEBUG] 🧠 Generating embeddings for 10 chunks...
[2025-11-08T05:11:41.103Z] [2025-11-08T05:11:41.103Z] [INDEXING-ORCHESTRATOR] [DEBUG] ✅ Generated 10 embeddings
[2025-11-08T05:11:41.103Z] [2025-11-08T05:11:41.103Z] [INDEXING-ORCHESTRATOR] [DEBUG] ⬆️  Upserting 10 vectors to namespace: mcp_b0e62d81bd2a51d5
[2025-11-08T05:11:42.340Z] [2025-11-08T05:11:42.340Z] [INDEXING-ORCHESTRATOR] [WARN] ⚠️ Skipping batch 28 after retries failed. Continuing with remaining batches.
[2025-11-08T05:11:42.340Z] [2025-11-08T05:11:42.340Z] [INDEXING-ORCHESTRATOR] [WARN] Skipped batch error: "Turbopuffer upsert error (400): {\"error\":\"💔 This upsert contains duplicate document IDs and was not written. You should ensure that individual upserts do not include duplicate documents. The duplicated IDs in this batch were the following: C:\\\\Projects\\\\educatedplanet\\\\admin\\\\src\\\\components\\\\ui\\\\table_076\",\"status\":\"error\"}"
[2025-11-08T05:11:42.340Z] [2025-11-08T05:11:42.340Z] [INDEXING-ORCHESTRATOR] [INFO] 📦 Processing batch 29/49 (10 chunks)
[2025-11-08T05:11:42.340Z] [2025-11-08T05:11:42.340Z] [INDEXING-ORCHESTRATOR] [DEBUG] 🧠 Generating embeddings for 10 chunks...
[2025-11-08T05:11:44.418Z] [2025-11-08T05:11:44.418Z] [INDEXING-ORCHESTRATOR] [DEBUG] ✅ Generated 10 embeddings
[2025-11-08T05:11:44.418Z] [2025-11-08T05:11:44.418Z] [INDEXING-ORCHESTRATOR] [DEBUG] ⬆️  Upserting 10 vectors to namespace: mcp_b0e62d81bd2a51d5
[2025-11-08T05:11:45.570Z] [2025-11-08T05:11:45.570Z] [INDEXING-ORCHESTRATOR] [WARN] ⚠️ Skipping batch 29 after retries failed. Continuing with remaining batches.
[2025-11-08T05:11:45.570Z] [2025-11-08T05:11:45.570Z] [INDEXING-ORCHESTRATOR] [WARN] Skipped batch error: "Turbopuffer upsert error (400): {\"error\":\"💔 This upsert contains duplicate document IDs and was not written. You should ensure that individual upserts do not include duplicate documents. The duplicated IDs in this batch were the following: C:\\\\Projects\\\\educatedplanet\\\\admin\\\\src\\\\components\\\\ui\\\\tabs_ad25,C:\\\\Projects\\\\educatedplanet\\\\admin\\\\src\\\\components\\\\ui\\\\textarea_,C:\\\\Projects\\\\educatedplanet\\\\admin\\\\src\\\\components\\\\ui\\\\toggle-gr\",\"status\":\"error\"}"
[2025-11-08T05:11:45.571Z] [2025-11-08T05:11:45.570Z] [INDEXING-ORCHESTRATOR] [INFO] 📦 Processing batch 30/49 (10 chunks)
[2025-11-08T05:11:45.571Z] [2025-11-08T05:11:45.570Z] [INDEXING-ORCHESTRATOR] [DEBUG] 🧠 Generating embeddings for 10 chunks...
[2025-11-08T05:11:47.766Z] [2025-11-08T05:11:47.766Z] [INDEXING-ORCHESTRATOR] [DEBUG] ✅ Generated 10 embeddings
[2025-11-08T05:11:47.766Z] [2025-11-08T05:11:47.766Z] [INDEXING-ORCHESTRATOR] [DEBUG] ⬆️  Upserting 10 vectors to namespace: mcp_b0e62d81bd2a51d5
[2025-11-08T05:11:48.997Z] [2025-11-08T05:11:48.997Z] [INDEXING-ORCHESTRATOR] [WARN] ⚠️ Skipping batch 30 after retries failed. Continuing with remaining batches.
[2025-11-08T05:11:48.997Z] [2025-11-08T05:11:48.997Z] [INDEXING-ORCHESTRATOR] [WARN] Skipped batch error: "Turbopuffer upsert error (400): {\"error\":\"💔 This upsert contains duplicate document IDs and was not written. You should ensure that individual upserts do not include duplicate documents. The duplicated IDs in this batch were the following: C:\\\\Projects\\\\educatedplanet\\\\admin\\\\src\\\\components\\\\ui\\\\tooltip_a\",\"status\":\"error\"}"
[2025-11-08T05:11:48.997Z] [2025-11-08T05:11:48.997Z] [INDEXING-ORCHESTRATOR] [INFO] 📦 Processing batch 31/49 (10 chunks)
[2025-11-08T05:11:48.997Z] [2025-11-08T05:11:48.997Z] [INDEXING-ORCHESTRATOR] [DEBUG] 🧠 Generating embeddings for 10 chunks...
[2025-11-08T05:11:50.739Z] [2025-11-08T05:11:50.739Z] [INDEXING-ORCHESTRATOR] [DEBUG] ✅ Generated 10 embeddings
[2025-11-08T05:11:50.739Z] [2025-11-08T05:11:50.739Z] [INDEXING-ORCHESTRATOR] [DEBUG] ⬆️  Upserting 10 vectors to namespace: mcp_b0e62d81bd2a51d5
[2025-11-08T05:11:51.910Z] [2025-11-08T05:11:51.910Z] [INDEXING-ORCHESTRATOR] [WARN] ⚠️ Skipping batch 31 after retries failed. Continuing with remaining batches.
[2025-11-08T05:11:51.910Z] [2025-11-08T05:11:51.910Z] [INDEXING-ORCHESTRATOR] [WARN] Skipped batch error: "Turbopuffer upsert error (400): {\"error\":\"💔 This upsert contains duplicate document IDs and was not written. You should ensure that individual upserts do not include duplicate documents. The duplicated IDs in this batch were the following: C:\\\\Projects\\\\educatedplanet\\\\admin\\\\src\\\\hooks\\\\use-data-table-in\",\"status\":\"error\"}"
[2025-11-08T05:11:51.910Z] [2025-11-08T05:11:51.910Z] [INDEXING-ORCHESTRATOR] [INFO] 📦 Processing batch 32/49 (10 chunks)
[2025-11-08T05:11:51.910Z] [2025-11-08T05:11:51.910Z] [INDEXING-ORCHESTRATOR] [DEBUG] 🧠 Generating embeddings for 10 chunks...
[2025-11-08T05:11:55.645Z] [2025-11-08T05:11:55.645Z] [INDEXING-ORCHESTRATOR] [DEBUG] ✅ Generated 10 embeddings
[2025-11-08T05:11:55.645Z] [2025-11-08T05:11:55.645Z] [INDEXING-ORCHESTRATOR] [DEBUG] ⬆️  Upserting 10 vectors to namespace: mcp_b0e62d81bd2a51d5
[2025-11-08T05:11:56.906Z] [2025-11-08T05:11:56.906Z] [INDEXING-ORCHESTRATOR] [WARN] ⚠️ Skipping batch 32 after retries failed. Continuing with remaining batches.
[2025-11-08T05:11:56.906Z] [2025-11-08T05:11:56.906Z] [INDEXING-ORCHESTRATOR] [WARN] Skipped batch error: "Turbopuffer upsert error (400): {\"error\":\"💔 This upsert contains duplicate document IDs and was not written. You should ensure that individual upserts do not include duplicate documents. The duplicated IDs in this batch were the following: C:\\\\Projects\\\\educatedplanet\\\\admin\\\\src\\\\navigation\\\\sidebar\\\\side,C:\\\\Projects\\\\educatedplanet\\\\admin\\\\src\\\\scripts\\\\generate-theme-,C:\\\\Projects\\\\educatedplanet\\\\admin\\\\src\\\\stores\\\\preferences\\\\pref\",\"status\":\"error\"}"
[2025-11-08T05:11:56.907Z] [2025-11-08T05:11:56.906Z] [INDEXING-ORCHESTRATOR] [INFO] 📦 Processing batch 33/49 (10 chunks)
[2025-11-08T05:11:56.907Z] [2025-11-08T05:11:56.906Z] [INDEXING-ORCHESTRATOR] [DEBUG] 🧠 Generating embeddings for 10 chunks...
[2025-11-08T05:11:59.962Z] [2025-11-08T05:11:59.961Z] [INDEXING-ORCHESTRATOR] [DEBUG] ✅ Generated 10 embeddings
[2025-11-08T05:11:59.962Z] [2025-11-08T05:11:59.962Z] [INDEXING-ORCHESTRATOR] [DEBUG] ⬆️  Upserting 10 vectors to namespace: mcp_b0e62d81bd2a51d5
[2025-11-08T05:12:01.092Z] [2025-11-08T05:12:01.092Z] [INDEXING-ORCHESTRATOR] [WARN] ⚠️ Skipping batch 33 after retries failed. Continuing with remaining batches.
[2025-11-08T05:12:01.092Z] [2025-11-08T05:12:01.092Z] [INDEXING-ORCHESTRATOR] [WARN] Skipped batch error: "Turbopuffer upsert error (400): {\"error\":\"💔 This upsert contains duplicate document IDs and was not written. You should ensure that individual upserts do not include duplicate documents. The duplicated IDs in this batch were the following: C:\\\\Projects\\\\educatedplanet\\\\admin\\\\src\\\\types\\\\preferences\\\\layou\",\"status\":\"error\"}"
[2025-11-08T05:12:01.092Z] [2025-11-08T05:12:01.092Z] [INDEXING-ORCHESTRATOR] [INFO] 📦 Processing batch 34/49 (10 chunks)
[2025-11-08T05:12:01.093Z] [2025-11-08T05:12:01.092Z] [INDEXING-ORCHESTRATOR] [DEBUG] 🧠 Generating embeddings for 10 chunks...
[2025-11-08T05:12:05.691Z] [2025-11-08T05:12:05.691Z] [INDEXING-ORCHESTRATOR] [DEBUG] ✅ Generated 10 embeddings
[2025-11-08T05:12:05.691Z] [2025-11-08T05:12:05.691Z] [INDEXING-ORCHESTRATOR] [DEBUG] ⬆️  Upserting 10 vectors to namespace: mcp_b0e62d81bd2a51d5
[2025-11-08T05:12:06.962Z] [2025-11-08T05:12:06.962Z] [INDEXING-ORCHESTRATOR] [WARN] ⚠️ Skipping batch 34 after retries failed. Continuing with remaining batches.
[2025-11-08T05:12:06.962Z] [2025-11-08T05:12:06.962Z] [INDEXING-ORCHESTRATOR] [WARN] Skipped batch error: "Turbopuffer upsert error (400): {\"error\":\"💔 This upsert contains duplicate document IDs and was not written. You should ensure that individual upserts do not include duplicate documents. The duplicated IDs in this batch were the following: C:\\\\Projects\\\\educatedplanet\\\\dataservice\\\\src\\\\datamodels\\\\connec\",\"status\":\"error\"}"
[2025-11-08T05:12:06.962Z] [2025-11-08T05:12:06.962Z] [INDEXING-ORCHESTRATOR] [INFO] 📦 Processing batch 35/49 (10 chunks)
[2025-11-08T05:12:06.963Z] [2025-11-08T05:12:06.962Z] [INDEXING-ORCHESTRATOR] [DEBUG] 🧠 Generating embeddings for 10 chunks...
[2025-11-08T05:12:09.576Z] [2025-11-08T05:12:09.576Z] [INDEXING-ORCHESTRATOR] [DEBUG] ✅ Generated 10 embeddings
[2025-11-08T05:12:09.577Z] [2025-11-08T05:12:09.576Z] [INDEXING-ORCHESTRATOR] [DEBUG] ⬆️  Upserting 10 vectors to namespace: mcp_b0e62d81bd2a51d5
[2025-11-08T05:12:10.739Z] [2025-11-08T05:12:10.739Z] [INDEXING-ORCHESTRATOR] [WARN] ⚠️ Skipping batch 35 after retries failed. Continuing with remaining batches.
[2025-11-08T05:12:10.739Z] [2025-11-08T05:12:10.739Z] [INDEXING-ORCHESTRATOR] [WARN] Skipped batch error: "Turbopuffer upsert error (400): {\"error\":\"💔 This upsert contains duplicate document IDs and was not written. You should ensure that individual upserts do not include duplicate documents. The duplicated IDs in this batch were the following: C:\\\\Projects\\\\educatedplanet\\\\dataservice\\\\src\\\\datamodels\\\\connec,C:\\\\Projects\\\\educatedplanet\\\\dataservice\\\\src\\\\datamodels\\\\index_,C:\\\\Projects\\\\educatedplanet\\\\dataservice\\\\src\\\\datamodels\\\\models\",\"status\":\"error\"}"
[2025-11-08T05:12:10.739Z] [2025-11-08T05:12:10.739Z] [INDEXING-ORCHESTRATOR] [INFO] 📦 Processing batch 36/49 (10 chunks)
[2025-11-08T05:12:10.739Z] [2025-11-08T05:12:10.739Z] [INDEXING-ORCHESTRATOR] [DEBUG] 🧠 Generating embeddings for 10 chunks...
[2025-11-08T05:12:21.449Z] [2025-11-08T05:12:21.449Z] [INDEXING-ORCHESTRATOR] [DEBUG] ✅ Generated 10 embeddings
[2025-11-08T05:12:21.449Z] [2025-11-08T05:12:21.449Z] [INDEXING-ORCHESTRATOR] [DEBUG] ⬆️  Upserting 10 vectors to namespace: mcp_b0e62d81bd2a51d5
[2025-11-08T05:12:22.726Z] [2025-11-08T05:12:22.725Z] [INDEXING-ORCHESTRATOR] [WARN] ⚠️ Skipping batch 36 after retries failed. Continuing with remaining batches.
[2025-11-08T05:12:22.726Z] [2025-11-08T05:12:22.726Z] [INDEXING-ORCHESTRATOR] [WARN] Skipped batch error: "Turbopuffer upsert error (400): {\"error\":\"💔 This upsert contains duplicate document IDs and was not written. You should ensure that individual upserts do not include duplicate documents. The duplicated IDs in this batch were the following: C:\\\\Projects\\\\educatedplanet\\\\dataservice\\\\src\\\\datamodels\\\\models,C:\\\\Projects\\\\educatedplanet\\\\dataservice\\\\src\\\\datamodels\\\\schema\",\"status\":\"error\"}"
[2025-11-08T05:12:22.726Z] [2025-11-08T05:12:22.726Z] [INDEXING-ORCHESTRATOR] [INFO] 📦 Processing batch 37/49 (10 chunks)
[2025-11-08T05:12:22.726Z] [2025-11-08T05:12:22.726Z] [INDEXING-ORCHESTRATOR] [DEBUG] 🧠 Generating embeddings for 10 chunks...
[2025-11-08T05:12:24.942Z] [2025-11-08T05:12:24.942Z] [INDEXING-ORCHESTRATOR] [DEBUG] ✅ Generated 10 embeddings
[2025-11-08T05:12:24.942Z] [2025-11-08T05:12:24.942Z] [INDEXING-ORCHESTRATOR] [DEBUG] ⬆️  Upserting 10 vectors to namespace: mcp_b0e62d81bd2a51d5
[2025-11-08T05:12:26.090Z] [2025-11-08T05:12:26.090Z] [INDEXING-ORCHESTRATOR] [WARN] ⚠️ Skipping batch 37 after retries failed. Continuing with remaining batches.
[2025-11-08T05:12:26.090Z] [2025-11-08T05:12:26.090Z] [INDEXING-ORCHESTRATOR] [WARN] Skipped batch error: "Turbopuffer upsert error (400): {\"error\":\"💔 This upsert contains duplicate document IDs and was not written. You should ensure that individual upserts do not include duplicate documents. The duplicated IDs in this batch were the following: C:\\\\Projects\\\\educatedplanet\\\\dataservice\\\\src\\\\datamodels\\\\schema,C:\\\\Projects\\\\educatedplanet\\\\dataservice\\\\src\\\\seeder\\\\userseeder\",\"status\":\"error\"}"
[2025-11-08T05:12:26.090Z] [2025-11-08T05:12:26.090Z] [INDEXING-ORCHESTRATOR] [INFO] 📦 Processing batch 38/49 (10 chunks)
[2025-11-08T05:12:26.090Z] [2025-11-08T05:12:26.090Z] [INDEXING-ORCHESTRATOR] [DEBUG] 🧠 Generating embeddings for 10 chunks...
[2025-11-08T05:12:28.329Z] [2025-11-08T05:12:28.329Z] [INDEXING-ORCHESTRATOR] [DEBUG] ✅ Generated 10 embeddings
[2025-11-08T05:12:28.329Z] [2025-11-08T05:12:28.329Z] [INDEXING-ORCHESTRATOR] [DEBUG] ⬆️  Upserting 10 vectors to namespace: mcp_b0e62d81bd2a51d5
[2025-11-08T05:12:29.648Z] [2025-11-08T05:12:29.648Z] [INDEXING-ORCHESTRATOR] [WARN] ⚠️ Skipping batch 38 after retries failed. Continuing with remaining batches.
[2025-11-08T05:12:29.648Z] [2025-11-08T05:12:29.648Z] [INDEXING-ORCHESTRATOR] [WARN] Skipped batch error: "Turbopuffer upsert error (400): {\"error\":\"💔 This upsert contains duplicate document IDs and was not written. You should ensure that individual upserts do not include duplicate documents. The duplicated IDs in this batch were the following: C:\\\\Projects\\\\educatedplanet\\\\dataservice\\\\src\\\\seeder\\\\userseeder,C:\\\\Projects\\\\educatedplanet\\\\dataservice\\\\src\\\\services\\\\database\",\"status\":\"error\"}"
[2025-11-08T05:12:29.648Z] [2025-11-08T05:12:29.648Z] [INDEXING-ORCHESTRATOR] [INFO] 📦 Processing batch 39/49 (10 chunks)
[2025-11-08T05:12:29.648Z] [2025-11-08T05:12:29.648Z] [INDEXING-ORCHESTRATOR] [DEBUG] 🧠 Generating embeddings for 10 chunks...
[2025-11-08T05:12:31.691Z] [2025-11-08T05:12:31.691Z] [INDEXING-ORCHESTRATOR] [DEBUG] ✅ Generated 10 embeddings
[2025-11-08T05:12:31.691Z] [2025-11-08T05:12:31.691Z] [INDEXING-ORCHESTRATOR] [DEBUG] ⬆️  Upserting 10 vectors to namespace: mcp_b0e62d81bd2a51d5
[2025-11-08T05:12:32.854Z] [2025-11-08T05:12:32.854Z] [INDEXING-ORCHESTRATOR] [WARN] ⚠️ Skipping batch 39 after retries failed. Continuing with remaining batches.
[2025-11-08T05:12:32.854Z] [2025-11-08T05:12:32.854Z] [INDEXING-ORCHESTRATOR] [WARN] Skipped batch error: "Turbopuffer upsert error (400): {\"error\":\"💔 This upsert contains duplicate document IDs and was not written. You should ensure that individual upserts do not include duplicate documents. The duplicated IDs in this batch were the following: C:\\\\Projects\\\\educatedplanet\\\\dataservice\\\\src\\\\services\\\\review_f\",\"status\":\"error\"}"
[2025-11-08T05:12:32.854Z] [2025-11-08T05:12:32.854Z] [INDEXING-ORCHESTRATOR] [INFO] 📦 Processing batch 40/49 (10 chunks)
[2025-11-08T05:12:32.854Z] [2025-11-08T05:12:32.854Z] [INDEXING-ORCHESTRATOR] [DEBUG] 🧠 Generating embeddings for 10 chunks...
[2025-11-08T05:12:34.976Z] [2025-11-08T05:12:34.976Z] [INDEXING-ORCHESTRATOR] [DEBUG] ✅ Generated 10 embeddings
[2025-11-08T05:12:34.976Z] [2025-11-08T05:12:34.976Z] [INDEXING-ORCHESTRATOR] [DEBUG] ⬆️  Upserting 10 vectors to namespace: mcp_b0e62d81bd2a51d5
[2025-11-08T05:12:36.127Z] [2025-11-08T05:12:36.127Z] [INDEXING-ORCHESTRATOR] [WARN] ⚠️ Skipping batch 40 after retries failed. Continuing with remaining batches.
[2025-11-08T05:12:36.127Z] [2025-11-08T05:12:36.127Z] [INDEXING-ORCHESTRATOR] [WARN] Skipped batch error: "Turbopuffer upsert error (400): {\"error\":\"💔 This upsert contains duplicate document IDs and was not written. You should ensure that individual upserts do not include duplicate documents. The duplicated IDs in this batch were the following: C:\\\\Projects\\\\educatedplanet\\\\dataservice\\\\src\\\\services\\\\tutor_91\",\"status\":\"error\"}"
[2025-11-08T05:12:36.127Z] [2025-11-08T05:12:36.127Z] [INDEXING-ORCHESTRATOR] [INFO] 📦 Processing batch 41/49 (10 chunks)
[2025-11-08T05:12:36.128Z] [2025-11-08T05:12:36.127Z] [INDEXING-ORCHESTRATOR] [DEBUG] 🧠 Generating embeddings for 10 chunks...
[2025-11-08T05:12:37.745Z] [2025-11-08T05:12:37.744Z] [INDEXING-ORCHESTRATOR] [DEBUG] ✅ Generated 10 embeddings
[2025-11-08T05:12:37.745Z] [2025-11-08T05:12:37.745Z] [INDEXING-ORCHESTRATOR] [DEBUG] ⬆️  Upserting 10 vectors to namespace: mcp_b0e62d81bd2a51d5
[2025-11-08T05:12:38.965Z] [2025-11-08T05:12:38.965Z] [INDEXING-ORCHESTRATOR] [WARN] ⚠️ Skipping batch 41 after retries failed. Continuing with remaining batches.
[2025-11-08T05:12:38.965Z] [2025-11-08T05:12:38.965Z] [INDEXING-ORCHESTRATOR] [WARN] Skipped batch error: "Turbopuffer upsert error (400): {\"error\":\"💔 This upsert contains duplicate document IDs and was not written. You should ensure that individual upserts do not include duplicate documents. The duplicated IDs in this batch were the following: C:\\\\Projects\\\\educatedplanet\\\\dataservice\\\\src\\\\services\\\\user_4cf\",\"status\":\"error\"}"
[2025-11-08T05:12:38.965Z] [2025-11-08T05:12:38.965Z] [INDEXING-ORCHESTRATOR] [INFO] 📦 Processing batch 42/49 (10 chunks)
[2025-11-08T05:12:38.966Z] [2025-11-08T05:12:38.965Z] [INDEXING-ORCHESTRATOR] [DEBUG] 🧠 Generating embeddings for 10 chunks...
[2025-11-08T05:12:40.580Z] [2025-11-08T05:12:40.580Z] [INDEXING-ORCHESTRATOR] [DEBUG] ✅ Generated 10 embeddings
[2025-11-08T05:12:40.580Z] [2025-11-08T05:12:40.580Z] [INDEXING-ORCHESTRATOR] [DEBUG] ⬆️  Upserting 10 vectors to namespace: mcp_b0e62d81bd2a51d5
[2025-11-08T05:12:41.732Z] [2025-11-08T05:12:41.732Z] [INDEXING-ORCHESTRATOR] [WARN] ⚠️ Skipping batch 42 after retries failed. Continuing with remaining batches.
[2025-11-08T05:12:41.732Z] [2025-11-08T05:12:41.732Z] [INDEXING-ORCHESTRATOR] [WARN] Skipped batch error: "Turbopuffer upsert error (400): {\"error\":\"💔 This upsert contains duplicate document IDs and was not written. You should ensure that individual upserts do not include duplicate documents. The duplicated IDs in this batch were the following: C:\\\\Projects\\\\educatedplanet\\\\models\\\\src\\\\common\\\\common_13d78cc7\",\"status\":\"error\"}"
[2025-11-08T05:12:41.732Z] [2025-11-08T05:12:41.732Z] [INDEXING-ORCHESTRATOR] [INFO] 📦 Processing batch 43/49 (10 chunks)
[2025-11-08T05:12:41.732Z] [2025-11-08T05:12:41.732Z] [INDEXING-ORCHESTRATOR] [DEBUG] 🧠 Generating embeddings for 10 chunks...
[2025-11-08T05:12:44.299Z] [2025-11-08T05:12:44.299Z] [INDEXING-ORCHESTRATOR] [DEBUG] ✅ Generated 10 embeddings
[2025-11-08T05:12:44.299Z] [2025-11-08T05:12:44.299Z] [INDEXING-ORCHESTRATOR] [DEBUG] ⬆️  Upserting 10 vectors to namespace: mcp_b0e62d81bd2a51d5
[2025-11-08T05:12:45.564Z] [2025-11-08T05:12:45.564Z] [INDEXING-ORCHESTRATOR] [INFO] ✅ Batch 43/49 completed successfully
[2025-11-08T05:12:45.564Z] [2025-11-08T05:12:45.564Z] [INDEXING-ORCHESTRATOR] [DEBUG] ⏱️  Waiting 100ms before next batch...
[2025-11-08T05:12:45.665Z] [2025-11-08T05:12:45.665Z] [INDEXING-ORCHESTRATOR] [INFO] 📦 Processing batch 44/49 (10 chunks)
[2025-11-08T05:12:45.665Z] [2025-11-08T05:12:45.665Z] [INDEXING-ORCHESTRATOR] [DEBUG] 🧠 Generating embeddings for 10 chunks...
[2025-11-08T05:12:47.873Z] [2025-11-08T05:12:47.873Z] [INDEXING-ORCHESTRATOR] [DEBUG] ✅ Generated 10 embeddings
[2025-11-08T05:12:47.873Z] [2025-11-08T05:12:47.873Z] [INDEXING-ORCHESTRATOR] [DEBUG] ⬆️  Upserting 10 vectors to namespace: mcp_b0e62d81bd2a51d5
[2025-11-08T05:12:49.017Z] [2025-11-08T05:12:49.016Z] [INDEXING-ORCHESTRATOR] [WARN] ⚠️ Skipping batch 44 after retries failed. Continuing with remaining batches.
[2025-11-08T05:12:49.017Z] [2025-11-08T05:12:49.017Z] [INDEXING-ORCHESTRATOR] [WARN] Skipped batch error: "Turbopuffer upsert error (400): {\"error\":\"💔 This upsert contains duplicate document IDs and was not written. You should ensure that individual upserts do not include duplicate documents. The duplicated IDs in this batch were the following: C:\\\\Projects\\\\educatedplanet\\\\web\\\\components\\\\auth\\\\login-modal_f,C:\\\\Projects\\\\educatedplanet\\\\web\\\\components\\\\featured-tutors\\\\fe,C:\\\\Projects\\\\educatedplanet\\\\web\\\\components\\\\featured-tutors\\\\in\",\"status\":\"error\"}"
[2025-11-08T05:12:49.017Z] [2025-11-08T05:12:49.017Z] [INDEXING-ORCHESTRATOR] [INFO] 📦 Processing batch 45/49 (10 chunks)
[2025-11-08T05:12:49.017Z] [2025-11-08T05:12:49.017Z] [INDEXING-ORCHESTRATOR] [DEBUG] 🧠 Generating embeddings for 10 chunks...
[2025-11-08T05:12:51.064Z] [2025-11-08T05:12:51.064Z] [INDEXING-ORCHESTRATOR] [DEBUG] ✅ Generated 10 embeddings
[2025-11-08T05:12:51.064Z] [2025-11-08T05:12:51.064Z] [INDEXING-ORCHESTRATOR] [DEBUG] ⬆️  Upserting 10 vectors to namespace: mcp_b0e62d81bd2a51d5
[2025-11-08T05:12:52.285Z] [2025-11-08T05:12:52.284Z] [INDEXING-ORCHESTRATOR] [WARN] ⚠️ Skipping batch 45 after retries failed. Continuing with remaining batches.
[2025-11-08T05:12:52.285Z] [2025-11-08T05:12:52.285Z] [INDEXING-ORCHESTRATOR] [WARN] Skipped batch error: "Turbopuffer upsert error (400): {\"error\":\"💔 This upsert contains duplicate document IDs and was not written. You should ensure that individual upserts do not include duplicate documents. The duplicated IDs in this batch were the following: C:\\\\Projects\\\\educatedplanet\\\\web\\\\components\\\\featured-tutors\\\\te,C:\\\\Projects\\\\educatedplanet\\\\web\\\\components\\\\featured-tutors\\\\tu,C:\\\\Projects\\\\educatedplanet\\\\web\\\\components\\\\header\\\\header_765b\",\"status\":\"error\"}"
[2025-11-08T05:12:52.285Z] [2025-11-08T05:12:52.285Z] [INDEXING-ORCHESTRATOR] [INFO] 📦 Processing batch 46/49 (10 chunks)
[2025-11-08T05:12:52.285Z] [2025-11-08T05:12:52.285Z] [INDEXING-ORCHESTRATOR] [DEBUG] 🧠 Generating embeddings for 10 chunks...
[2025-11-08T05:12:54.498Z] [2025-11-08T05:12:54.498Z] [INDEXING-ORCHESTRATOR] [DEBUG] ✅ Generated 10 embeddings
[2025-11-08T05:12:54.498Z] [2025-11-08T05:12:54.498Z] [INDEXING-ORCHESTRATOR] [DEBUG] ⬆️  Upserting 10 vectors to namespace: mcp_b0e62d81bd2a51d5
[2025-11-08T05:12:55.660Z] [2025-11-08T05:12:55.659Z] [INDEXING-ORCHESTRATOR] [WARN] ⚠️ Skipping batch 46 after retries failed. Continuing with remaining batches.
[2025-11-08T05:12:55.660Z] [2025-11-08T05:12:55.660Z] [INDEXING-ORCHESTRATOR] [WARN] Skipped batch error: "Turbopuffer upsert error (400): {\"error\":\"💔 This upsert contains duplicate document IDs and was not written. You should ensure that individual upserts do not include duplicate documents. The duplicated IDs in this batch were the following: C:\\\\Projects\\\\educatedplanet\\\\web\\\\components\\\\hero\\\\hero-section_,C:\\\\Projects\\\\educatedplanet\\\\web\\\\components\\\\ui\\\\badge_e31ad97e_,C:\\\\Projects\\\\educatedplanet\\\\web\\\\components\\\\ui\\\\button_87d965e6\",\"status\":\"error\"}"
[2025-11-08T05:12:55.660Z] [2025-11-08T05:12:55.660Z] [INDEXING-ORCHESTRATOR] [INFO] 📦 Processing batch 47/49 (10 chunks)
[2025-11-08T05:12:55.660Z] [2025-11-08T05:12:55.660Z] [INDEXING-ORCHESTRATOR] [DEBUG] 🧠 Generating embeddings for 10 chunks...
[2025-11-08T05:12:57.782Z] [2025-11-08T05:12:57.781Z] [INDEXING-ORCHESTRATOR] [DEBUG] ✅ Generated 10 embeddings
[2025-11-08T05:12:57.782Z] [2025-11-08T05:12:57.781Z] [INDEXING-ORCHESTRATOR] [DEBUG] ⬆️  Upserting 10 vectors to namespace: mcp_b0e62d81bd2a51d5
[2025-11-08T05:12:58.986Z] [2025-11-08T05:12:58.986Z] [INDEXING-ORCHESTRATOR] [WARN] ⚠️ Skipping batch 47 after retries failed. Continuing with remaining batches.
[2025-11-08T05:12:58.986Z] [2025-11-08T05:12:58.986Z] [INDEXING-ORCHESTRATOR] [WARN] Skipped batch error: "Turbopuffer upsert error (400): {\"error\":\"💔 This upsert contains duplicate document IDs and was not written. You should ensure that individual upserts do not include duplicate documents. The duplicated IDs in this batch were the following: C:\\\\Projects\\\\educatedplanet\\\\web\\\\components\\\\ui\\\\input_979921aa_,C:\\\\Projects\\\\educatedplanet\\\\web\\\\components\\\\ui\\\\sheet_4ca93d4e_\",\"status\":\"error\"}"
[2025-11-08T05:12:58.986Z] [2025-11-08T05:12:58.986Z] [INDEXING-ORCHESTRATOR] [INFO] 📦 Processing batch 48/49 (10 chunks)
[2025-11-08T05:12:58.986Z] [2025-11-08T05:12:58.986Z] [INDEXING-ORCHESTRATOR] [DEBUG] 🧠 Generating embeddings for 10 chunks...
[2025-11-08T05:13:00.513Z] [2025-11-08T05:13:00.513Z] [INDEXING-ORCHESTRATOR] [DEBUG] ✅ Generated 10 embeddings
[2025-11-08T05:13:00.513Z] [2025-11-08T05:13:00.513Z] [INDEXING-ORCHESTRATOR] [DEBUG] ⬆️  Upserting 10 vectors to namespace: mcp_b0e62d81bd2a51d5
[2025-11-08T05:13:01.701Z] [2025-11-08T05:13:01.700Z] [INDEXING-ORCHESTRATOR] [WARN] ⚠️ Skipping batch 48 after retries failed. Continuing with remaining batches.
[2025-11-08T05:13:01.701Z] [2025-11-08T05:13:01.701Z] [INDEXING-ORCHESTRATOR] [WARN] Skipped batch error: "Turbopuffer upsert error (400): {\"error\":\"💔 This upsert contains duplicate document IDs and was not written. You should ensure that individual upserts do not include duplicate documents. The duplicated IDs in this batch were the following: C:\\\\Projects\\\\educatedplanet\\\\web\\\\examples\\\\header-usage_1969b01,C:\\\\Projects\\\\educatedplanet\\\\web\\\\examples\\\\hero-usage_79ce6585_\",\"status\":\"error\"}"
[2025-11-08T05:13:01.701Z] [2025-11-08T05:13:01.701Z] [INDEXING-ORCHESTRATOR] [INFO] 📦 Processing batch 49/49 (2 chunks)
[2025-11-08T05:13:01.701Z] [2025-11-08T05:13:01.701Z] [INDEXING-ORCHESTRATOR] [DEBUG] 🧠 Generating embeddings for 2 chunks...
[2025-11-08T05:13:02.936Z] [2025-11-08T05:13:02.936Z] [INDEXING-ORCHESTRATOR] [DEBUG] ✅ Generated 2 embeddings
[2025-11-08T05:13:02.936Z] [2025-11-08T05:13:02.936Z] [INDEXING-ORCHESTRATOR] [DEBUG] ⬆️  Upserting 2 vectors to namespace: mcp_b0e62d81bd2a51d5
[2025-11-08T05:13:03.969Z] [2025-11-08T05:13:03.969Z] [INDEXING-ORCHESTRATOR] [INFO] ✅ Batch 49/49 completed successfully
[2025-11-08T05:13:03.969Z] [2025-11-08T05:13:03.969Z] [INDEXING-ORCHESTRATOR] [INFO] ✅ Upload complete: 20/482 chunks uploaded to namespace: mcp_b0e62d81bd2a51d5 (47/49 batches skipped due to rate limiting)
[2025-11-08T05:13:03.977Z] [2025-11-08T05:13:03.977Z] [NamespaceManagerService] [INFO] 📝 Registered codebase: C:\Projects\educatedplanet -> mcp_b0e62d81bd2a51d5 (20 chunks)
[2025-11-08T05:13:03.983Z] [2025-11-08T05:13:03.982Z] [INDEXING-ORCHESTRATOR] [INFO] ✅ Complete: 482 chunks in 7738ms
[2025-11-08T05:13:03.983Z] [BACKGROUND] Raw result: {
[2025-11-08T05:13:03.984Z]   "success": true,
[2025-11-08T05:13:03.984Z]   "namespace": "mcp_b0e62d81bd2a51d5",
[2025-11-08T05:13:03.984Z]   "filesProcessed": 226,
[2025-11-08T05:13:03.984Z]   "chunksCreated": 482,
[2025-11-08T05:13:03.984Z]   "processingTimeMs": 7738,
[2025-11-08T05:13:03.984Z]   "message": "Successfully indexed 226 files into 482 intelligent chunks",
[2025-11-08T05:13:03.984Z]   "errors": []
[2025-11-08T05:13:03.984Z] }
[2025-11-08T05:13:03.984Z] [BACKGROUND] ✅ Indexing completed for C:\Projects\educatedplanet: 482 chunks
[2025-11-08T05:13:03.989Z] [2025-11-08T05:13:03.989Z] [NamespaceManagerService] [INFO] 📝 Registered codebase: C:\Projects\educatedplanet -> mcp_b0e62d81bd2a51d5 (482 chunks)
[2025-11-08T05:13:03.990Z] [BACKGROUND] ✅ Codebase registered in namespace manager
[2025-11-08T05:13:04.019Z] Process completed with code: 0
