[2025-11-05T12:07:53.342Z] 🔧 Intelligent Context MCP Configuration:
[2025-11-05T12:07:53.342Z] ==================================================
[2025-11-05T12:07:53.342Z] 📊 Log Level: INFO
[2025-11-05T12:07:53.343Z] 🌟 Wildcard Backend: ✅ Enabled (all-in-one solution)
[2025-11-05T12:07:53.343Z] 🚀 Available Capabilities:
[2025-11-05T12:07:53.343Z] 🔄 Result Reranking: ✅ Enabled (via Wildcard)
[2025-11-05T12:07:53.343Z] 🔍 Vector Search: ✅ Enabled (via Wildcard)
[2025-11-05T12:07:53.343Z] 📐 Embeddings: ✅ Enabled (via Wildcard)
[2025-11-05T12:07:53.344Z] ==================================================
[2025-11-05T12:07:53.345Z] 🔧 Intelligent Context MCP Configuration:
[2025-11-05T12:07:53.346Z] ==================================================
[2025-11-05T12:07:53.346Z] 📊 Log Level: INFO
[2025-11-05T12:07:53.346Z] 🌟 Wildcard Backend: ✅ Enabled (all-in-one solution)
[2025-11-05T12:07:53.346Z] 🚀 Available Capabilities:
[2025-11-05T12:07:53.346Z] 🔄 Result Reranking: ✅ Enabled (via Wildcard)
[2025-11-05T12:07:53.346Z] 🔍 Vector Search: ✅ Enabled (via Wildcard)
[2025-11-05T12:07:53.347Z] 📐 Embeddings: ✅ Enabled (via Wildcard)
[2025-11-05T12:07:53.347Z] ==================================================
[2025-11-05T12:07:53.348Z] [DEBUG] NamespaceManagerService.initialize() called
[2025-11-05T12:07:53.348Z] [DEBUG] Loading registry from: C:\Users\RakaThinkpad\.codex-context\indexed-codebases.json
[2025-11-05T12:07:53.349Z] 🔧 Capabilities: {"reranking":false,"vectorSearch":false,"localBM25":true}
[2025-11-05T12:07:53.349Z] 🌐 Wildcard backend: ENABLED (using hosted Fastify backend)
[2025-11-05T12:07:53.349Z]    Base URL: https://deepcontext.mcp.wild-card.ai
[2025-11-05T12:07:53.349Z] ⚠️  Jina API key not provided - result reranking will be disabled
[2025-11-05T12:07:53.349Z] 💡 Set JINA_API_KEY environment variable to enable result reranking
[2025-11-05T12:07:53.349Z] [DEBUG] NamespaceManagerService.initialize() called
[2025-11-05T12:07:53.349Z] [DEBUG] Loading registry from: C:\Users\RakaThinkpad\.codex-context\indexed-codebases.json
[2025-11-05T12:07:53.350Z] [BACKGROUND] Starting indexing for: C:\Users\RakaThinkpad\Documents\Project\educatedplanet
[2025-11-05T12:07:53.350Z] [BACKGROUND] Using Wildcard API
[2025-11-05T12:07:53.350Z] [BACKGROUND] Wildcard API Key: 3de72897c9...
[2025-11-05T12:07:53.350Z] [BACKGROUND] Wildcard API URL: undefined
[2025-11-05T12:07:53.350Z] 🔧 Intelligent Context MCP Configuration:
[2025-11-05T12:07:53.350Z] ==================================================
[2025-11-05T12:07:53.351Z] 📊 Log Level: INFO
[2025-11-05T12:07:53.351Z] 🌟 Wildcard Backend: ✅ Enabled (all-in-one solution)
[2025-11-05T12:07:53.351Z] 🚀 Available Capabilities:
[2025-11-05T12:07:53.351Z] 🔄 Result Reranking: ✅ Enabled (via Wildcard)
[2025-11-05T12:07:53.351Z] 🔍 Vector Search: ✅ Enabled (via Wildcard)
[2025-11-05T12:07:53.351Z] 📐 Embeddings: ✅ Enabled (via Wildcard)
[2025-11-05T12:07:53.351Z] ==================================================
[2025-11-05T12:07:53.351Z] 🔧 Intelligent Context MCP Configuration:
[2025-11-05T12:07:53.351Z] ==================================================
[2025-11-05T12:07:53.351Z] 📊 Log Level: INFO
[2025-11-05T12:07:53.351Z] 🌟 Wildcard Backend: ✅ Enabled (all-in-one solution)
[2025-11-05T12:07:53.351Z] 🚀 Available Capabilities:
[2025-11-05T12:07:53.351Z] [BACKGROUND] Initialized successfully
[2025-11-05T12:07:53.351Z] 🔄 Result Reranking: ✅ Enabled (via Wildcard)
[2025-11-05T12:07:53.351Z] 🔍 Vector Search: ✅ Enabled (via Wildcard)
[2025-11-05T12:07:53.351Z] 📐 Embeddings: ✅ Enabled (via Wildcard)
[2025-11-05T12:07:53.351Z] ==================================================
[2025-11-05T12:07:53.351Z] [DEBUG] NamespaceManagerService.initialize() called
[2025-11-05T12:07:53.351Z] [DEBUG] Loading registry from: C:\Users\RakaThinkpad\.codex-context\indexed-codebases.json
[2025-11-05T12:07:53.353Z] [DEBUG] Successfully loaded 1 indexed codebases
[2025-11-05T12:07:53.355Z] [2025-11-05T12:07:53.353Z] [NamespaceManagerService] [INFO] 📂 Loaded 1 indexed codebases from disk
[2025-11-05T12:07:53.355Z] [DEBUG] NamespaceManagerService initialized with 1 indexed codebases
[2025-11-05T12:07:53.356Z] [2025-11-05T12:07:53.355Z] [NamespaceManagerService] [INFO] 🚀 NamespaceManagerService initialized with 1 indexed codebases
[2025-11-05T12:07:53.360Z] [DEBUG] Successfully loaded 1 indexed codebases
[2025-11-05T12:07:53.361Z] [2025-11-05T12:07:53.360Z] [NamespaceManagerService] [INFO] 📂 Loaded 1 indexed codebases from disk
[2025-11-05T12:07:53.361Z] [DEBUG] NamespaceManagerService initialized with 1 indexed codebases
[2025-11-05T12:07:53.361Z] [2025-11-05T12:07:53.360Z] [NamespaceManagerService] [INFO] 🚀 NamespaceManagerService initialized with 1 indexed codebases
[2025-11-05T12:07:53.361Z] [DEBUG] Successfully loaded 1 indexed codebases
[2025-11-05T12:07:53.361Z] [2025-11-05T12:07:53.360Z] [NamespaceManagerService] [INFO] 📂 Loaded 1 indexed codebases from disk
[2025-11-05T12:07:53.361Z] [DEBUG] NamespaceManagerService initialized with 1 indexed codebases
[2025-11-05T12:07:53.361Z] [2025-11-05T12:07:53.360Z] [NamespaceManagerService] [INFO] 🚀 NamespaceManagerService initialized with 1 indexed codebases
[2025-11-05T12:07:53.481Z] [2025-11-05T12:07:53.480Z] [TREESITTER-FULL] [INFO] ✅ Tree-sitter parsers initialized successfully (TypeScript, JavaScript, Python)
[2025-11-05T12:07:53.481Z] [2025-11-05T12:07:53.480Z] [TREESITTER-FULL] [INFO] ✅ Tree-sitter parsers initialized successfully (TypeScript, JavaScript, Python)
[2025-11-05T12:07:53.481Z] [2025-11-05T12:07:53.480Z] [TREESITTER-FULL] [INFO] ✅ Tree-sitter parsers initialized successfully (TypeScript, JavaScript, Python)
[2025-11-05T12:07:53.481Z] [2025-11-05T12:07:53.481Z] [STANDALONE-INTEGRATION] [INFO] Initialized with 1 indexed codebases
[2025-11-05T12:07:53.481Z] [2025-11-05T12:07:53.481Z] [STANDALONE-INTEGRATION] [INFO] Initialized with 1 indexed codebases
[2025-11-05T12:07:53.481Z] [2025-11-05T12:07:53.481Z] [STANDALONE-INTEGRATION] [INFO] Initialized with 1 indexed codebases
[2025-11-05T12:07:53.481Z] 🔍 Registry initialized successfully
[2025-11-05T12:07:53.482Z] [BACKGROUND] Namespace manager initialized
[2025-11-05T12:07:53.482Z] [BACKGROUND] About to start indexCodebase()...
[2025-11-05T12:07:53.482Z] [BACKGROUND] Codebase path: C:\Users\RakaThinkpad\Documents\Project\educatedplanet
[2025-11-05T12:07:53.482Z] [BACKGROUND] Force reindex: false
[2025-11-05T12:07:53.483Z] [2025-11-05T12:07:53.483Z] [INDEXING-ORCHESTRATOR] [INFO] 🚀 Starting indexing: C:\Users\RakaThinkpad\Documents\Project\educatedplanet
[2025-11-05T12:07:53.483Z] [2025-11-05T12:07:53.483Z] [INDEXING-ORCHESTRATOR] [DEBUG] 📋 Options: {"force":false,"filtering":true,"dependencies":true}
[2025-11-05T12:07:53.484Z] [2025-11-05T12:07:53.483Z] [TREESITTER-FULL] [INFO] ✅ Tree-sitter parsers initialized successfully (TypeScript, JavaScript, Python)
[2025-11-05T12:07:53.484Z] 🚀 Intelligent Context MCP Server ready!
[2025-11-05T12:07:53.484Z] 🔄 Result Reranking: ❌ Disabled
[2025-11-05T12:07:53.484Z] 📝 Local BM25 Search: ✅ Always Available
[2025-11-05T12:07:53.484Z] 🔌 Transport: stdio
[2025-11-05T12:07:53.517Z] [2025-11-05T12:07:53.516Z] [INDEXING-ORCHESTRATOR] [INFO] 🔍 Content filtering 237 files...
[2025-11-05T12:07:53.553Z] [2025-11-05T12:07:53.552Z] [INDEXING-ORCHESTRATOR] [DEBUG] 🚫 Filtered: admin\next-env.d.ts (Generated file)
[2025-11-05T12:07:53.606Z] [2025-11-05T12:07:53.605Z] [INDEXING-ORCHESTRATOR] [DEBUG] 🚫 Filtered: dataservice\src\datamodels\connections\database.d.ts (Generated file)
[2025-11-05T12:07:53.622Z] [2025-11-05T12:07:53.622Z] [INDEXING-ORCHESTRATOR] [DEBUG] 🚫 Filtered: dataservice\src\datamodels\connections\index.d.ts (Generated file)
[2025-11-05T12:07:53.622Z] [2025-11-05T12:07:53.622Z] [INDEXING-ORCHESTRATOR] [DEBUG] 🚫 Filtered: dataservice\src\datamodels\index.d.ts (Generated file)
[2025-11-05T12:07:53.623Z] [2025-11-05T12:07:53.622Z] [INDEXING-ORCHESTRATOR] [DEBUG] 🚫 Filtered: dataservice\src\datamodels\models\index.d.ts (Generated file)
[2025-11-05T12:07:53.623Z] [2025-11-05T12:07:53.622Z] [INDEXING-ORCHESTRATOR] [DEBUG] 🚫 Filtered: dataservice\src\datamodels\models\review.model.d.ts (Generated file)
[2025-11-05T12:07:53.623Z] [2025-11-05T12:07:53.622Z] [INDEXING-ORCHESTRATOR] [DEBUG] 🚫 Filtered: dataservice\src\datamodels\models\tutor.model.d.ts (Generated file)
[2025-11-05T12:07:53.623Z] [2025-11-05T12:07:53.622Z] [INDEXING-ORCHESTRATOR] [DEBUG] 🚫 Filtered: dataservice\src\datamodels\models\user.model.d.ts (Generated file)
[2025-11-05T12:07:53.623Z] [2025-11-05T12:07:53.622Z] [INDEXING-ORCHESTRATOR] [DEBUG] 🚫 Filtered: dataservice\src\datamodels\schemas\index.d.ts (Generated file)
[2025-11-05T12:07:53.623Z] [2025-11-05T12:07:53.622Z] [INDEXING-ORCHESTRATOR] [DEBUG] 🚫 Filtered: dataservice\src\datamodels\schemas\review-clean.schema.d.ts (Generated file)
[2025-11-05T12:07:53.623Z] [2025-11-05T12:07:53.622Z] [INDEXING-ORCHESTRATOR] [DEBUG] 🚫 Filtered: dataservice\src\datamodels\schemas\tutor-clean.schema.d.ts (Generated file)
[2025-11-05T12:07:53.623Z] [2025-11-05T12:07:53.622Z] [INDEXING-ORCHESTRATOR] [DEBUG] 🚫 Filtered: dataservice\src\datamodels\schemas\user-clean.schema.d.ts (Generated file)
[2025-11-05T12:07:53.623Z] [2025-11-05T12:07:53.622Z] [INDEXING-ORCHESTRATOR] [DEBUG] 🚫 Filtered: models\src\common\common.types.d.ts (Generated file)
[2025-11-05T12:07:53.623Z] [2025-11-05T12:07:53.622Z] [INDEXING-ORCHESTRATOR] [DEBUG] 🚫 Filtered: models\src\index.d.ts (Generated file)
[2025-11-05T12:07:53.623Z] [2025-11-05T12:07:53.622Z] [INDEXING-ORCHESTRATOR] [DEBUG] 🚫 Filtered: models\src\tutor\tutor.types.d.ts (Generated file)
[2025-11-05T12:07:53.623Z] [2025-11-05T12:07:53.622Z] [INDEXING-ORCHESTRATOR] [DEBUG] 🚫 Filtered: models\src\user\user.types.d.ts (Generated file)
[2025-11-05T12:07:53.637Z] [2025-11-05T12:07:53.636Z] [INDEXING-ORCHESTRATOR] [DEBUG] 🚫 Filtered: web\next-env.d.ts (Generated file)
[2025-11-05T12:07:53.637Z] [2025-11-05T12:07:53.636Z] [INDEXING-ORCHESTRATOR] [INFO] ✅ Content filtering complete: 220/237 files included
[2025-11-05T12:07:53.637Z] [2025-11-05T12:07:53.636Z] [INDEXING-ORCHESTRATOR] [INFO] 📝 Processing: 220 files
[2025-11-05T12:07:53.648Z] [2025-11-05T12:07:53.647Z] [TREESITTER-CHUNKER] [INFO] ✅ Tree-sitter chunker initialized successfully (TypeScript, JavaScript, Python)
[2025-11-05T12:07:53.662Z] [2025-11-05T12:07:53.661Z] [TREESITTER-CHUNKER] [INFO] Created 1 semantic chunks from C:\Users\RakaThinkpad\Documents\Project\educatedplanet\admin\eslint.config.mjs
[2025-11-05T12:07:53.684Z] [2025-11-05T12:07:53.683Z] [TREESITTER-FULL] [INFO] Extracted 0 symbols from C:\Users\RakaThinkpad\Documents\Project\educatedplanet\admin\eslint.config.mjs
[2025-11-05T12:07:53.684Z] [2025-11-05T12:07:53.684Z] [INDEXING-ORCHESTRATOR] [DEBUG] 🔍 Symbol extraction for C:\Users\RakaThinkpad\Documents\Project\educatedplanet\admin\eslint.config.mjs: 0 symbols, 11 imports
[2025-11-05T12:07:53.684Z] [2025-11-05T12:07:53.684Z] [INDEXING-ORCHESTRATOR] [DEBUG] 📍 Chunk 1-161: 0 candidate symbols
[2025-11-05T12:07:53.684Z] [2025-11-05T12:07:53.684Z] [INDEXING-ORCHESTRATOR] [DEBUG] ✅ Chunk symbols after filtering: 0 symbols - 
[2025-11-05T12:07:53.685Z] [2025-11-05T12:07:53.684Z] [INDEXING-ORCHESTRATOR] [DEBUG] Created 1 semantic chunks for C:\Users\RakaThinkpad\Documents\Project\educatedplanet\admin\eslint.config.mjs
[2025-11-05T12:07:53.685Z] [2025-11-05T12:07:53.684Z] [INDEXING-ORCHESTRATOR] [DEBUG] Average chunk size: 4929 characters
[2025-11-05T12:07:53.686Z] [2025-11-05T12:07:53.685Z] [TREESITTER-CHUNKER] [INFO] Created 1 semantic chunks from C:\Users\RakaThinkpad\Documents\Project\educatedplanet\admin\postcss.config.mjs
[2025-11-05T12:07:53.687Z] [2025-11-05T12:07:53.687Z] [TREESITTER-FULL] [INFO] Extracted 1 symbols from C:\Users\RakaThinkpad\Documents\Project\educatedplanet\admin\postcss.config.mjs
[2025-11-05T12:07:53.688Z] [2025-11-05T12:07:53.687Z] [INDEXING-ORCHESTRATOR] [DEBUG] 🔍 Symbol extraction for C:\Users\RakaThinkpad\Documents\Project\educatedplanet\admin\postcss.config.mjs: 1 symbols, 0 imports
[2025-11-05T12:07:53.688Z] [2025-11-05T12:07:53.687Z] [INDEXING-ORCHESTRATOR] [DEBUG] 📍 Chunk 1-9: 1 candidate symbols
[2025-11-05T12:07:53.688Z] [2025-11-05T12:07:53.687Z] [INDEXING-ORCHESTRATOR] [DEBUG] ✅ Chunk symbols after filtering: 1 symbols - config
[2025-11-05T12:07:53.688Z] [2025-11-05T12:07:53.687Z] [INDEXING-ORCHESTRATOR] [DEBUG] Created 1 semantic chunks for C:\Users\RakaThinkpad\Documents\Project\educatedplanet\admin\postcss.config.mjs
[2025-11-05T12:07:53.688Z] [2025-11-05T12:07:53.687Z] [INDEXING-ORCHESTRATOR] [DEBUG] Average chunk size: 150 characters
[2025-11-05T12:07:53.690Z] [2025-11-05T12:07:53.689Z] [TREESITTER-CHUNKER] [INFO] Created 2 semantic chunks from C:\Users\RakaThinkpad\Documents\Project\educatedplanet\admin\next.config.mjs
[2025-11-05T12:07:53.692Z] [2025-11-05T12:07:53.691Z] [TREESITTER-FULL] [INFO] Extracted 1 symbols from C:\Users\RakaThinkpad\Documents\Project\educatedplanet\admin\next.config.mjs
[2025-11-05T12:07:53.692Z] [2025-11-05T12:07:53.691Z] [INDEXING-ORCHESTRATOR] [DEBUG] 🔍 Symbol extraction for C:\Users\RakaThinkpad\Documents\Project\educatedplanet\admin\next.config.mjs: 1 symbols, 0 imports
[2025-11-05T12:07:53.692Z] [2025-11-05T12:07:53.691Z] [INDEXING-ORCHESTRATOR] [DEBUG] 📍 Chunk 8-16: 0 candidate symbols
[2025-11-05T12:07:53.692Z] [2025-11-05T12:07:53.691Z] [INDEXING-ORCHESTRATOR] [DEBUG] ✅ Chunk symbols after filtering: 0 symbols - 
[2025-11-05T12:07:53.692Z] [2025-11-05T12:07:53.691Z] [INDEXING-ORCHESTRATOR] [DEBUG] 📍 Chunk 17-20: 0 candidate symbols
[2025-11-05T12:07:53.692Z] [2025-11-05T12:07:53.691Z] [INDEXING-ORCHESTRATOR] [DEBUG] ✅ Chunk symbols after filtering: 0 symbols - 
[2025-11-05T12:07:53.692Z] [2025-11-05T12:07:53.691Z] [INDEXING-ORCHESTRATOR] [DEBUG] Created 2 semantic chunks for C:\Users\RakaThinkpad\Documents\Project\educatedplanet\admin\next.config.mjs
[2025-11-05T12:07:53.692Z] [2025-11-05T12:07:53.691Z] [INDEXING-ORCHESTRATOR] [DEBUG] Average chunk size: 99 characters
[2025-11-05T12:07:53.694Z] [2025-11-05T12:07:53.693Z] [TREESITTER-CHUNKER] [INFO] Created 1 semantic chunks from C:\Users\RakaThinkpad\Documents\Project\educatedplanet\admin\src\app\(external)\page.tsx
[2025-11-05T12:07:53.695Z] [2025-11-05T12:07:53.694Z] [TREESITTER-FULL] [INFO] Extracted 1 symbols from C:\Users\RakaThinkpad\Documents\Project\educatedplanet\admin\src\app\(external)\page.tsx
[2025-11-05T12:07:53.695Z] [2025-11-05T12:07:53.694Z] [INDEXING-ORCHESTRATOR] [DEBUG] 🔍 Symbol extraction for C:\Users\RakaThinkpad\Documents\Project\educatedplanet\admin\src\app\(external)\page.tsx: 1 symbols, 1 imports
[2025-11-05T12:07:53.695Z] [2025-11-05T12:07:53.695Z] [INDEXING-ORCHESTRATOR] [DEBUG] 📍 Chunk 3-6: 1 candidate symbols
[2025-11-05T12:07:53.695Z] [2025-11-05T12:07:53.695Z] [INDEXING-ORCHESTRATOR] [DEBUG] ✅ Chunk symbols after filtering: 1 symbols - Home
[2025-11-05T12:07:53.695Z] [2025-11-05T12:07:53.695Z] [INDEXING-ORCHESTRATOR] [DEBUG] Created 1 semantic chunks for C:\Users\RakaThinkpad\Documents\Project\educatedplanet\admin\src\app\(external)\page.tsx
[2025-11-05T12:07:53.695Z] [2025-11-05T12:07:53.695Z] [INDEXING-ORCHESTRATOR] [DEBUG] Average chunk size: 83 characters
[2025-11-05T12:07:53.712Z] [2025-11-05T12:07:53.711Z] [TREESITTER-CHUNKER] [INFO] Created 1 semantic chunks from C:\Users\RakaThinkpad\Documents\Project\educatedplanet\admin\src\app\(main)\auth\_components\login-form.tsx
[2025-11-05T12:07:53.751Z] [2025-11-05T12:07:53.750Z] [TREESITTER-FULL] [INFO] Extracted 3 symbols from C:\Users\RakaThinkpad\Documents\Project\educatedplanet\admin\src\app\(main)\auth\_components\login-form.tsx
[2025-11-05T12:07:53.751Z] [2025-11-05T12:07:53.750Z] [INDEXING-ORCHESTRATOR] [DEBUG] 🔍 Symbol extraction for C:\Users\RakaThinkpad\Documents\Project\educatedplanet\admin\src\app\(main)\auth\_components\login-form.tsx: 3 symbols, 8 imports
[2025-11-05T12:07:53.751Z] [2025-11-05T12:07:53.750Z] [INDEXING-ORCHESTRATOR] [DEBUG] 📍 Chunk 1-100: 3 candidate symbols
[2025-11-05T12:07:53.751Z] [2025-11-05T12:07:53.750Z] [INDEXING-ORCHESTRATOR] [DEBUG] ✅ Chunk symbols after filtering: 3 symbols - FormSchema, form, onSubmit
[2025-11-05T12:07:53.751Z] [2025-11-05T12:07:53.750Z] [INDEXING-ORCHESTRATOR] [DEBUG] Created 1 semantic chunks for C:\Users\RakaThinkpad\Documents\Project\educatedplanet\admin\src\app\(main)\auth\_components\login-form.tsx
[2025-11-05T12:07:53.751Z] [2025-11-05T12:07:53.750Z] [INDEXING-ORCHESTRATOR] [DEBUG] Average chunk size: 3165 characters
[2025-11-05T12:07:53.758Z] [2025-11-05T12:07:53.757Z] [TREESITTER-CHUNKER] [INFO] Created 1 semantic chunks from C:\Users\RakaThinkpad\Documents\Project\educatedplanet\admin\src\app\(main)\auth\_components\social-auth\google-button.tsx
[2025-11-05T12:07:53.762Z] [2025-11-05T12:07:53.761Z] [TREESITTER-FULL] [INFO] Extracted 1 symbols from C:\Users\RakaThinkpad\Documents\Project\educatedplanet\admin\src\app\(main)\auth\_components\social-auth\google-button.tsx
[2025-11-05T12:07:53.762Z] [2025-11-05T12:07:53.761Z] [INDEXING-ORCHESTRATOR] [DEBUG] 🔍 Symbol extraction for C:\Users\RakaThinkpad\Documents\Project\educatedplanet\admin\src\app\(main)\auth\_components\social-auth\google-button.tsx: 1 symbols, 4 imports
[2025-11-05T12:07:53.762Z] [2025-11-05T12:07:53.761Z] [INDEXING-ORCHESTRATOR] [DEBUG] 📍 Chunk 7-14: 1 candidate symbols
[2025-11-05T12:07:53.762Z] [2025-11-05T12:07:53.761Z] [INDEXING-ORCHESTRATOR] [DEBUG] ✅ Chunk symbols after filtering: 1 symbols - GoogleButton
[2025-11-05T12:07:53.762Z] [2025-11-05T12:07:53.761Z] [INDEXING-ORCHESTRATOR] [DEBUG] Created 1 semantic chunks for C:\Users\RakaThinkpad\Documents\Project\educatedplanet\admin\src\app\(main)\auth\_components\social-auth\google-button.tsx
[2025-11-05T12:07:53.762Z] [2025-11-05T12:07:53.761Z] [INDEXING-ORCHESTRATOR] [DEBUG] Average chunk size: 277 characters
[2025-11-05T12:07:53.778Z] [2025-11-05T12:07:53.777Z] [TREESITTER-CHUNKER] [INFO] Created 1 semantic chunks from C:\Users\RakaThinkpad\Documents\Project\educatedplanet\admin\src\app\(main)\auth\_components\register-form.tsx
[2025-11-05T12:07:53.806Z] [2025-11-05T12:07:53.805Z] [TREESITTER-FULL] [INFO] Extracted 3 symbols from C:\Users\RakaThinkpad\Documents\Project\educatedplanet\admin\src\app\(main)\auth\_components\register-form.tsx
[2025-11-05T12:07:53.806Z] [2025-11-05T12:07:53.805Z] [INDEXING-ORCHESTRATOR] [DEBUG] 🔍 Symbol extraction for C:\Users\RakaThinkpad\Documents\Project\educatedplanet\admin\src\app\(main)\auth\_components\register-form.tsx: 3 symbols, 7 imports
[2025-11-05T12:07:53.806Z] [2025-11-05T12:07:53.805Z] [INDEXING-ORCHESTRATOR] [DEBUG] 📍 Chunk 1-98: 3 candidate symbols
[2025-11-05T12:07:53.806Z] [2025-11-05T12:07:53.805Z] [INDEXING-ORCHESTRATOR] [DEBUG] ✅ Chunk symbols after filtering: 3 symbols - FormSchema, form, onSubmit
[2025-11-05T12:07:53.806Z] [2025-11-05T12:07:53.805Z] [INDEXING-ORCHESTRATOR] [DEBUG] Created 1 semantic chunks for C:\Users\RakaThinkpad\Documents\Project\educatedplanet\admin\src\app\(main)\auth\_components\register-form.tsx
[2025-11-05T12:07:53.806Z] [2025-11-05T12:07:53.805Z] [INDEXING-ORCHESTRATOR] [DEBUG] Average chunk size: 3120 characters
[2025-11-05T12:07:53.812Z] [2025-11-05T12:07:53.811Z] [TREESITTER-CHUNKER] [INFO] Created 1 semantic chunks from C:\Users\RakaThinkpad\Documents\Project\educatedplanet\admin\src\app\(main)\auth\v1\login\page.tsx
[2025-11-05T12:07:53.840Z] [2025-11-05T12:07:53.840Z] [TREESITTER-FULL] [INFO] Extracted 1 symbols from C:\Users\RakaThinkpad\Documents\Project\educatedplanet\admin\src\app\(main)\auth\v1\login\page.tsx
[2025-11-05T12:07:53.841Z] [2025-11-05T12:07:53.840Z] [INDEXING-ORCHESTRATOR] [DEBUG] 🔍 Symbol extraction for C:\Users\RakaThinkpad\Documents\Project\educatedplanet\admin\src\app\(main)\auth\v1\login\page.tsx: 1 symbols, 4 imports
[2025-11-05T12:07:53.841Z] [2025-11-05T12:07:53.840Z] [INDEXING-ORCHESTRATOR] [DEBUG] 📍 Chunk 8-45: 1 candidate symbols
[2025-11-05T12:07:53.841Z] [2025-11-05T12:07:53.840Z] [INDEXING-ORCHESTRATOR] [DEBUG] ✅ Chunk symbols after filtering: 1 symbols - LoginV1
[2025-11-05T12:07:53.841Z] [2025-11-05T12:07:53.840Z] [INDEXING-ORCHESTRATOR] [DEBUG] Created 1 semantic chunks for C:\Users\RakaThinkpad\Documents\Project\educatedplanet\admin\src\app\(main)\auth\v1\login\page.tsx
[2025-11-05T12:07:53.841Z] [2025-11-05T12:07:53.840Z] [INDEXING-ORCHESTRATOR] [DEBUG] Average chunk size: 1571 characters
[2025-11-05T12:07:53.848Z] [2025-11-05T12:07:53.847Z] [TREESITTER-CHUNKER] [INFO] Created 1 semantic chunks from C:\Users\RakaThinkpad\Documents\Project\educatedplanet\admin\src\app\(main)\auth\v1\register\page.tsx
[2025-11-05T12:07:53.864Z] [2025-11-05T12:07:53.863Z] [TREESITTER-FULL] [INFO] Extracted 1 symbols from C:\Users\RakaThinkpad\Documents\Project\educatedplanet\admin\src\app\(main)\auth\v1\register\page.tsx
[2025-11-05T12:07:53.864Z] [2025-11-05T12:07:53.863Z] [INDEXING-ORCHESTRATOR] [DEBUG] 🔍 Symbol extraction for C:\Users\RakaThinkpad\Documents\Project\educatedplanet\admin\src\app\(main)\auth\v1\register\page.tsx: 1 symbols, 4 imports
[2025-11-05T12:07:53.864Z] [2025-11-05T12:07:53.863Z] [INDEXING-ORCHESTRATOR] [DEBUG] 📍 Chunk 8-45: 1 candidate symbols
[2025-11-05T12:07:53.864Z] [2025-11-05T12:07:53.863Z] [INDEXING-ORCHESTRATOR] [DEBUG] ✅ Chunk symbols after filtering: 1 symbols - RegisterV1
[2025-11-05T12:07:53.864Z] [2025-11-05T12:07:53.863Z] [INDEXING-ORCHESTRATOR] [DEBUG] Created 1 semantic chunks for C:\Users\RakaThinkpad\Documents\Project\educatedplanet\admin\src\app\(main)\auth\v1\register\page.tsx
[2025-11-05T12:07:53.864Z] [2025-11-05T12:07:53.863Z] [INDEXING-ORCHESTRATOR] [DEBUG] Average chunk size: 1593 characters
[2025-11-05T12:07:53.869Z] [2025-11-05T12:07:53.869Z] [TREESITTER-CHUNKER] [INFO] Created 1 semantic chunks from C:\Users\RakaThinkpad\Documents\Project\educatedplanet\admin\src\app\(main)\auth\v2\layout.tsx
[2025-11-05T12:07:53.877Z] [2025-11-05T12:07:53.877Z] [TREESITTER-FULL] [INFO] Extracted 0 symbols from C:\Users\RakaThinkpad\Documents\Project\educatedplanet\admin\src\app\(main)\auth\v2\layout.tsx
[2025-11-05T12:07:53.877Z] [2025-11-05T12:07:53.877Z] [INDEXING-ORCHESTRATOR] [DEBUG] 🔍 Symbol extraction for C:\Users\RakaThinkpad\Documents\Project\educatedplanet\admin\src\app\(main)\auth\v2\layout.tsx: 0 symbols, 4 imports
[2025-11-05T12:07:53.877Z] [2025-11-05T12:07:53.877Z] [INDEXING-ORCHESTRATOR] [DEBUG] 📍 Chunk 1-38: 0 candidate symbols
[2025-11-05T12:07:53.878Z] [2025-11-05T12:07:53.877Z] [INDEXING-ORCHESTRATOR] [DEBUG] ✅ Chunk symbols after filtering: 0 symbols - 
[2025-11-05T12:07:53.878Z] [2025-11-05T12:07:53.877Z] [INDEXING-ORCHESTRATOR] [DEBUG] Created 1 semantic chunks for C:\Users\RakaThinkpad\Documents\Project\educatedplanet\admin\src\app\(main)\auth\v2\layout.tsx
[2025-11-05T12:07:53.878Z] [2025-11-05T12:07:53.877Z] [INDEXING-ORCHESTRATOR] [DEBUG] Average chunk size: 1637 characters
[2025-11-05T12:07:53.878Z] [2025-11-05T12:07:53.877Z] [INDEXING-ORCHESTRATOR] [DEBUG] 📊 Processed: 10/220 files
[2025-11-05T12:07:53.891Z] [2025-11-05T12:07:53.890Z] [TREESITTER-CHUNKER] [INFO] Created 1 semantic chunks from C:\Users\RakaThinkpad\Documents\Project\educatedplanet\admin\src\app\(main)\auth\v2\login\page.tsx
[2025-11-05T12:07:53.907Z] [2025-11-05T12:07:53.906Z] [TREESITTER-FULL] [INFO] Extracted 1 symbols from C:\Users\RakaThinkpad\Documents\Project\educatedplanet\admin\src\app\(main)\auth\v2\login\page.tsx
[2025-11-05T12:07:53.907Z] [2025-11-05T12:07:53.906Z] [INDEXING-ORCHESTRATOR] [DEBUG] 🔍 Symbol extraction for C:\Users\RakaThinkpad\Documents\Project\educatedplanet\admin\src\app\(main)\auth\v2\login\page.tsx: 1 symbols, 5 imports
[2025-11-05T12:07:53.908Z] [2025-11-05T12:07:53.907Z] [INDEXING-ORCHESTRATOR] [DEBUG] 📍 Chunk 10-45: 1 candidate symbols
[2025-11-05T12:07:53.908Z] [2025-11-05T12:07:53.907Z] [INDEXING-ORCHESTRATOR] [DEBUG] ✅ Chunk symbols after filtering: 1 symbols - LoginV2
[2025-11-05T12:07:53.908Z] [2025-11-05T12:07:53.907Z] [INDEXING-ORCHESTRATOR] [DEBUG] Created 1 semantic chunks for C:\Users\RakaThinkpad\Documents\Project\educatedplanet\admin\src\app\(main)\auth\v2\login\page.tsx
[2025-11-05T12:07:53.908Z] [2025-11-05T12:07:53.907Z] [INDEXING-ORCHESTRATOR] [DEBUG] Average chunk size: 1443 characters
[2025-11-05T12:07:53.919Z] [2025-11-05T12:07:53.918Z] [TREESITTER-CHUNKER] [INFO] Created 1 semantic chunks from C:\Users\RakaThinkpad\Documents\Project\educatedplanet\admin\src\app\(main)\auth\v2\register\page.tsx
[2025-11-05T12:07:53.933Z] [2025-11-05T12:07:53.932Z] [TREESITTER-FULL] [INFO] Extracted 1 symbols from C:\Users\RakaThinkpad\Documents\Project\educatedplanet\admin\src\app\(main)\auth\v2\register\page.tsx
[2025-11-05T12:07:53.933Z] [2025-11-05T12:07:53.932Z] [INDEXING-ORCHESTRATOR] [DEBUG] 🔍 Symbol extraction for C:\Users\RakaThinkpad\Documents\Project\educatedplanet\admin\src\app\(main)\auth\v2\register\page.tsx: 1 symbols, 5 imports
[2025-11-05T12:07:53.933Z] [2025-11-05T12:07:53.933Z] [INDEXING-ORCHESTRATOR] [DEBUG] 📍 Chunk 10-45: 1 candidate symbols
[2025-11-05T12:07:53.933Z] [2025-11-05T12:07:53.933Z] [INDEXING-ORCHESTRATOR] [DEBUG] ✅ Chunk symbols after filtering: 1 symbols - RegisterV2
[2025-11-05T12:07:53.933Z] [2025-11-05T12:07:53.933Z] [INDEXING-ORCHESTRATOR] [DEBUG] Created 1 semantic chunks for C:\Users\RakaThinkpad\Documents\Project\educatedplanet\admin\src\app\(main)\auth\v2\register\page.tsx
[2025-11-05T12:07:53.933Z] [2025-11-05T12:07:53.933Z] [INDEXING-ORCHESTRATOR] [DEBUG] Average chunk size: 1441 characters
[2025-11-05T12:07:53.935Z] [2025-11-05T12:07:53.935Z] [TREESITTER-CHUNKER] [INFO] Created 1 semantic chunks from C:\Users\RakaThinkpad\Documents\Project\educatedplanet\admin\src\app\(main)\dashboard\[...not-found]\page.tsx
[2025-11-05T12:07:53.939Z] [2025-11-05T12:07:53.938Z] [TREESITTER-FULL] [INFO] Extracted 1 symbols from C:\Users\RakaThinkpad\Documents\Project\educatedplanet\admin\src\app\(main)\dashboard\[...not-found]\page.tsx
[2025-11-05T12:07:53.939Z] [2025-11-05T12:07:53.938Z] [INDEXING-ORCHESTRATOR] [DEBUG] 🔍 Symbol extraction for C:\Users\RakaThinkpad\Documents\Project\educatedplanet\admin\src\app\(main)\dashboard\[...not-found]\page.tsx: 1 symbols, 0 imports
[2025-11-05T12:07:53.939Z] [2025-11-05T12:07:53.938Z] [INDEXING-ORCHESTRATOR] [DEBUG] 📍 Chunk 3-10: 1 candidate symbols
[2025-11-05T12:07:53.939Z] [2025-11-05T12:07:53.938Z] [INDEXING-ORCHESTRATOR] [DEBUG] ✅ Chunk symbols after filtering: 1 symbols - DashboardNotFound
[2025-11-05T12:07:53.939Z] [2025-11-05T12:07:53.938Z] [INDEXING-ORCHESTRATOR] [DEBUG] Created 1 semantic chunks for C:\Users\RakaThinkpad\Documents\Project\educatedplanet\admin\src\app\(main)\dashboard\[...not-found]\page.tsx
[2025-11-05T12:07:53.939Z] [2025-11-05T12:07:53.938Z] [INDEXING-ORCHESTRATOR] [DEBUG] Average chunk size: 318 characters
[2025-11-05T12:07:53.952Z] [2025-11-05T12:07:53.951Z] [TREESITTER-CHUNKER] [INFO] Created 1 semantic chunks from C:\Users\RakaThinkpad\Documents\Project\educatedplanet\admin\src\app\(main)\dashboard\_components\sidebar\account-switcher.tsx
[2025-11-05T12:07:53.981Z] [2025-11-05T12:07:53.980Z] [TREESITTER-FULL] [INFO] Extracted 0 symbols from C:\Users\RakaThinkpad\Documents\Project\educatedplanet\admin\src\app\(main)\dashboard\_components\sidebar\account-switcher.tsx
[2025-11-05T12:07:53.981Z] [2025-11-05T12:07:53.980Z] [INDEXING-ORCHESTRATOR] [DEBUG] 🔍 Symbol extraction for C:\Users\RakaThinkpad\Documents\Project\educatedplanet\admin\src\app\(main)\dashboard\_components\sidebar\account-switcher.tsx: 0 symbols, 5 imports
[2025-11-05T12:07:53.981Z] [2025-11-05T12:07:53.981Z] [INDEXING-ORCHESTRATOR] [DEBUG] 📍 Chunk 1-82: 0 candidate symbols
[2025-11-05T12:07:53.981Z] [2025-11-05T12:07:53.981Z] [INDEXING-ORCHESTRATOR] [DEBUG] ✅ Chunk symbols after filtering: 0 symbols - 
[2025-11-05T12:07:53.981Z] [2025-11-05T12:07:53.981Z] [INDEXING-ORCHESTRATOR] [DEBUG] Created 1 semantic chunks for C:\Users\RakaThinkpad\Documents\Project\educatedplanet\admin\src\app\(main)\dashboard\_components\sidebar\account-switcher.tsx
[2025-11-05T12:07:53.981Z] [2025-11-05T12:07:53.981Z] [INDEXING-ORCHESTRATOR] [DEBUG] Average chunk size: 2748 characters
[2025-11-05T12:07:53.997Z] [2025-11-05T12:07:53.997Z] [TREESITTER-CHUNKER] [INFO] Created 1 semantic chunks from C:\Users\RakaThinkpad\Documents\Project\educatedplanet\admin\src\app\(main)\dashboard\_components\sidebar\nav-user.tsx
[2025-11-05T12:07:54.073Z] [2025-11-05T12:07:54.072Z] [TREESITTER-FULL] [INFO] Extracted 1 symbols from C:\Users\RakaThinkpad\Documents\Project\educatedplanet\admin\src\app\(main)\dashboard\_components\sidebar\nav-user.tsx
[2025-11-05T12:07:54.073Z] [2025-11-05T12:07:54.072Z] [INDEXING-ORCHESTRATOR] [DEBUG] 🔍 Symbol extraction for C:\Users\RakaThinkpad\Documents\Project\educatedplanet\admin\src\app\(main)\dashboard\_components\sidebar\nav-user.tsx: 1 symbols, 5 imports
[2025-11-05T12:07:54.073Z] [2025-11-05T12:07:54.072Z] [INDEXING-ORCHESTRATOR] [DEBUG] 📍 Chunk 18-92: 1 candidate symbols
[2025-11-05T12:07:54.073Z] [2025-11-05T12:07:54.072Z] [INDEXING-ORCHESTRATOR] [DEBUG] ✅ Chunk symbols after filtering: 1 symbols - NavUser
[2025-11-05T12:07:54.073Z] [2025-11-05T12:07:54.072Z] [INDEXING-ORCHESTRATOR] [DEBUG] Created 1 semantic chunks for C:\Users\RakaThinkpad\Documents\Project\educatedplanet\admin\src\app\(main)\dashboard\_components\sidebar\nav-user.tsx
[2025-11-05T12:07:54.073Z] [2025-11-05T12:07:54.072Z] [INDEXING-ORCHESTRATOR] [DEBUG] Average chunk size: 2906 characters
[2025-11-05T12:07:54.080Z] [2025-11-05T12:07:54.080Z] [TREESITTER-CHUNKER] [INFO] Created 1 semantic chunks from C:\Users\RakaThinkpad\Documents\Project\educatedplanet\admin\src\app\(main)\dashboard\_components\sidebar\app-sidebar.tsx
[2025-11-05T12:07:54.094Z] [2025-11-05T12:07:54.093Z] [TREESITTER-FULL] [INFO] Extracted 2 symbols from C:\Users\RakaThinkpad\Documents\Project\educatedplanet\admin\src\app\(main)\dashboard\_components\sidebar\app-sidebar.tsx
[2025-11-05T12:07:54.094Z] [2025-11-05T12:07:54.093Z] [INDEXING-ORCHESTRATOR] [DEBUG] 🔍 Symbol extraction for C:\Users\RakaThinkpad\Documents\Project\educatedplanet\admin\src\app\(main)\dashboard\_components\sidebar\app-sidebar.tsx: 2 symbols, 9 imports
[2025-11-05T12:07:54.094Z] [2025-11-05T12:07:54.093Z] [INDEXING-ORCHESTRATOR] [DEBUG] 📍 Chunk 61-86: 1 candidate symbols
[2025-11-05T12:07:54.095Z] [2025-11-05T12:07:54.093Z] [INDEXING-ORCHESTRATOR] [DEBUG] ✅ Chunk symbols after filtering: 1 symbols - AppSidebar
[2025-11-05T12:07:54.095Z] [2025-11-05T12:07:54.093Z] [INDEXING-ORCHESTRATOR] [DEBUG] Created 1 semantic chunks for C:\Users\RakaThinkpad\Documents\Project\educatedplanet\admin\src\app\(main)\dashboard\_components\sidebar\app-sidebar.tsx
[2025-11-05T12:07:54.095Z] [2025-11-05T12:07:54.093Z] [INDEXING-ORCHESTRATOR] [DEBUG] Average chunk size: 925 characters
[2025-11-05T12:07:54.111Z] [2025-11-05T12:07:54.110Z] [TREESITTER-CHUNKER] [INFO] Created 1 semantic chunks from C:\Users\RakaThinkpad\Documents\Project\educatedplanet\admin\src\app\(main)\dashboard\_components\sidebar\nav-documents.tsx
[2025-11-05T12:07:54.141Z] [2025-11-05T12:07:54.140Z] [TREESITTER-FULL] [INFO] Extracted 1 symbols from C:\Users\RakaThinkpad\Documents\Project\educatedplanet\admin\src\app\(main)\dashboard\_components\sidebar\nav-documents.tsx
[2025-11-05T12:07:54.141Z] [2025-11-05T12:07:54.140Z] [INDEXING-ORCHESTRATOR] [DEBUG] 🔍 Symbol extraction for C:\Users\RakaThinkpad\Documents\Project\educatedplanet\admin\src\app\(main)\dashboard\_components\sidebar\nav-documents.tsx: 1 symbols, 3 imports
[2025-11-05T12:07:54.141Z] [2025-11-05T12:07:54.140Z] [INDEXING-ORCHESTRATOR] [DEBUG] 📍 Chunk 22-83: 1 candidate symbols
[2025-11-05T12:07:54.141Z] [2025-11-05T12:07:54.140Z] [INDEXING-ORCHESTRATOR] [DEBUG] ✅ Chunk symbols after filtering: 1 symbols - NavDocuments
[2025-11-05T12:07:54.141Z] [2025-11-05T12:07:54.141Z] [INDEXING-ORCHESTRATOR] [DEBUG] Created 1 semantic chunks for C:\Users\RakaThinkpad\Documents\Project\educatedplanet\admin\src\app\(main)\dashboard\_components\sidebar\nav-documents.tsx
[2025-11-05T12:07:54.141Z] [2025-11-05T12:07:54.141Z] [INDEXING-ORCHESTRATOR] [DEBUG] Average chunk size: 2094 characters
[2025-11-05T12:07:54.167Z] [2025-11-05T12:07:54.166Z] [TREESITTER-CHUNKER] [INFO] Created 1 semantic chunks from C:\Users\RakaThinkpad\Documents\Project\educatedplanet\admin\src\app\(main)\dashboard\_components\sidebar\search-dialog.tsx
[2025-11-05T12:07:54.185Z] [2025-11-05T12:07:54.184Z] [TREESITTER-FULL] [INFO] Extracted 1 symbols from C:\Users\RakaThinkpad\Documents\Project\educatedplanet\admin\src\app\(main)\dashboard\_components\sidebar\search-dialog.tsx
[2025-11-05T12:07:54.185Z] [2025-11-05T12:07:54.184Z] [INDEXING-ORCHESTRATOR] [DEBUG] 🔍 Symbol extraction for C:\Users\RakaThinkpad\Documents\Project\educatedplanet\admin\src\app\(main)\dashboard\_components\sidebar\search-dialog.tsx: 1 symbols, 4 imports
[2025-11-05T12:07:54.185Z] [2025-11-05T12:07:54.184Z] [INDEXING-ORCHESTRATOR] [DEBUG] 📍 Chunk 1-80: 1 candidate symbols
[2025-11-05T12:07:54.186Z] [2025-11-05T12:07:54.184Z] [INDEXING-ORCHESTRATOR] [DEBUG] ✅ Chunk symbols after filtering: 1 symbols - searchItems
[2025-11-05T12:07:54.186Z] [2025-11-05T12:07:54.185Z] [INDEXING-ORCHESTRATOR] [DEBUG] Created 1 semantic chunks for C:\Users\RakaThinkpad\Documents\Project\educatedplanet\admin\src\app\(main)\dashboard\_components\sidebar\search-dialog.tsx
[2025-11-05T12:07:54.186Z] [2025-11-05T12:07:54.185Z] [INDEXING-ORCHESTRATOR] [DEBUG] Average chunk size: 2935 characters
[2025-11-05T12:07:54.190Z] [2025-11-05T12:07:54.189Z] [TREESITTER-CHUNKER] [INFO] Created 1 semantic chunks from C:\Users\RakaThinkpad\Documents\Project\educatedplanet\admin\src\app\(main)\dashboard\_components\sidebar\nav-secondary.tsx
[2025-11-05T12:07:54.195Z] [2025-11-05T12:07:54.194Z] [TREESITTER-FULL] [INFO] Extracted 1 symbols from C:\Users\RakaThinkpad\Documents\Project\educatedplanet\admin\src\app\(main)\dashboard\_components\sidebar\nav-secondary.tsx
[2025-11-05T12:07:54.195Z] [2025-11-05T12:07:54.194Z] [INDEXING-ORCHESTRATOR] [DEBUG] 🔍 Symbol extraction for C:\Users\RakaThinkpad\Documents\Project\educatedplanet\admin\src\app\(main)\dashboard\_components\sidebar\nav-secondary.tsx: 1 symbols, 3 imports
[2025-11-05T12:07:54.195Z] [2025-11-05T12:07:54.194Z] [INDEXING-ORCHESTRATOR] [DEBUG] 📍 Chunk 15-43: 1 candidate symbols
[2025-11-05T12:07:54.195Z] [2025-11-05T12:07:54.194Z] [INDEXING-ORCHESTRATOR] [DEBUG] ✅ Chunk symbols after filtering: 1 symbols - NavSecondary
[2025-11-05T12:07:54.195Z] [2025-11-05T12:07:54.194Z] [INDEXING-ORCHESTRATOR] [DEBUG] Created 1 semantic chunks for C:\Users\RakaThinkpad\Documents\Project\educatedplanet\admin\src\app\(main)\dashboard\_components\sidebar\nav-secondary.tsx
[2025-11-05T12:07:54.195Z] [2025-11-05T12:07:54.194Z] [INDEXING-ORCHESTRATOR] [DEBUG] Average chunk size: 716 characters
[2025-11-05T12:07:54.215Z] [2025-11-05T12:07:54.214Z] [TREESITTER-CHUNKER] [INFO] Created 2 semantic chunks from C:\Users\RakaThinkpad\Documents\Project\educatedplanet\admin\src\app\(main)\dashboard\_components\sidebar\nav-main.tsx
[2025-11-05T12:07:54.303Z] [2025-11-05T12:07:54.302Z] [TREESITTER-FULL] [INFO] Extracted 5 symbols from C:\Users\RakaThinkpad\Documents\Project\educatedplanet\admin\src\app\(main)\dashboard\_components\sidebar\nav-main.tsx
[2025-11-05T12:07:54.303Z] [2025-11-05T12:07:54.302Z] [INDEXING-ORCHESTRATOR] [DEBUG] 🔍 Symbol extraction for C:\Users\RakaThinkpad\Documents\Project\educatedplanet\admin\src\app\(main)\dashboard\_components\sidebar\nav-main.tsx: 5 symbols, 9 imports
[2025-11-05T12:07:54.303Z] [2025-11-05T12:07:54.302Z] [INDEXING-ORCHESTRATOR] [DEBUG] 📍 Chunk 31-33: 1 candidate symbols
[2025-11-05T12:07:54.303Z] [2025-11-05T12:07:54.302Z] [INDEXING-ORCHESTRATOR] [DEBUG] ✅ Chunk symbols after filtering: 1 symbols - NavMainProps
[2025-11-05T12:07:54.303Z] [2025-11-05T12:07:54.302Z] [INDEXING-ORCHESTRATOR] [DEBUG] 📍 Chunk 34-225: 4 candidate symbols
[2025-11-05T12:07:54.303Z] [2025-11-05T12:07:54.302Z] [INDEXING-ORCHESTRATOR] [DEBUG] ✅ Chunk symbols after filtering: 4 symbols - IsComingSoon, path, isItemActive, isSubmenuOpen
[2025-11-05T12:07:54.303Z] [2025-11-05T12:07:54.302Z] [INDEXING-ORCHESTRATOR] [DEBUG] Created 2 semantic chunks for C:\Users\RakaThinkpad\Documents\Project\educatedplanet\admin\src\app\(main)\dashboard\_components\sidebar\nav-main.tsx
[2025-11-05T12:07:54.303Z] [2025-11-05T12:07:54.302Z] [INDEXING-ORCHESTRATOR] [DEBUG] Average chunk size: 3706 characters
[2025-11-05T12:07:54.303Z] [2025-11-05T12:07:54.302Z] [INDEXING-ORCHESTRATOR] [DEBUG] 📊 Processed: 20/220 files
[2025-11-05T12:07:54.317Z] [2025-11-05T12:07:54.316Z] [TREESITTER-CHUNKER] [INFO] Created 1 semantic chunks from C:\Users\RakaThinkpad\Documents\Project\educatedplanet\admin\src\app\(main)\dashboard\_components\sidebar\theme-switcher.tsx
[2025-11-05T12:07:54.323Z] [2025-11-05T12:07:54.323Z] [TREESITTER-FULL] [INFO] Extracted 1 symbols from C:\Users\RakaThinkpad\Documents\Project\educatedplanet\admin\src\app\(main)\dashboard\_components\sidebar\theme-switcher.tsx
[2025-11-05T12:07:54.323Z] [2025-11-05T12:07:54.323Z] [INDEXING-ORCHESTRATOR] [DEBUG] 🔍 Symbol extraction for C:\Users\RakaThinkpad\Documents\Project\educatedplanet\admin\src\app\(main)\dashboard\_components\sidebar\theme-switcher.tsx: 1 symbols, 5 imports
[2025-11-05T12:07:54.323Z] [2025-11-05T12:07:54.323Z] [INDEXING-ORCHESTRATOR] [DEBUG] 📍 Chunk 10-26: 1 candidate symbols
[2025-11-05T12:07:54.323Z] [2025-11-05T12:07:54.323Z] [INDEXING-ORCHESTRATOR] [DEBUG] ✅ Chunk symbols after filtering: 1 symbols - ThemeSwitcher
[2025-11-05T12:07:54.323Z] [2025-11-05T12:07:54.323Z] [INDEXING-ORCHESTRATOR] [DEBUG] Created 1 semantic chunks for C:\Users\RakaThinkpad\Documents\Project\educatedplanet\admin\src\app\(main)\dashboard\_components\sidebar\theme-switcher.tsx
[2025-11-05T12:07:54.323Z] [2025-11-05T12:07:54.323Z] [INDEXING-ORCHESTRATOR] [DEBUG] Average chunk size: 527 characters
[2025-11-05T12:07:54.327Z] [2025-11-05T12:07:54.327Z] [TREESITTER-CHUNKER] [INFO] Created 1 semantic chunks from C:\Users\RakaThinkpad\Documents\Project\educatedplanet\admin\src\app\(main)\dashboard\coming-soon\page.tsx
[2025-11-05T12:07:54.334Z] [2025-11-05T12:07:54.333Z] [TREESITTER-FULL] [INFO] Extracted 1 symbols from C:\Users\RakaThinkpad\Documents\Project\educatedplanet\admin\src\app\(main)\dashboard\coming-soon\page.tsx
[2025-11-05T12:07:54.334Z] [2025-11-05T12:07:54.333Z] [INDEXING-ORCHESTRATOR] [DEBUG] 🔍 Symbol extraction for C:\Users\RakaThinkpad\Documents\Project\educatedplanet\admin\src\app\(main)\dashboard\coming-soon\page.tsx: 1 symbols, 0 imports
[2025-11-05T12:07:54.336Z] [2025-11-05T12:07:54.334Z] [INDEXING-ORCHESTRATOR] [DEBUG] 📍 Chunk 1-8: 1 candidate symbols
[2025-11-05T12:07:54.336Z] [2025-11-05T12:07:54.334Z] [INDEXING-ORCHESTRATOR] [DEBUG] ✅ Chunk symbols after filtering: 1 symbols - Page
[2025-11-05T12:07:54.336Z] [2025-11-05T12:07:54.334Z] [INDEXING-ORCHESTRATOR] [DEBUG] Created 1 semantic chunks for C:\Users\RakaThinkpad\Documents\Project\educatedplanet\admin\src\app\(main)\dashboard\coming-soon\page.tsx
[2025-11-05T12:07:54.336Z] [2025-11-05T12:07:54.334Z] [INDEXING-ORCHESTRATOR] [DEBUG] Average chunk size: 331 characters
[2025-11-05T12:07:54.351Z] [2025-11-05T12:07:54.350Z] [TREESITTER-CHUNKER] [INFO] Created 1 semantic chunks from C:\Users\RakaThinkpad\Documents\Project\educatedplanet\admin\src\app\(main)\dashboard\crm\_components\columns.crm.tsx
[2025-11-05T12:07:54.378Z] [2025-11-05T12:07:54.377Z] [TREESITTER-FULL] [INFO] Extracted 0 symbols from C:\Users\RakaThinkpad\Documents\Project\educatedplanet\admin\src\app\(main)\dashboard\crm\_components\columns.crm.tsx
[2025-11-05T12:07:54.378Z] [2025-11-05T12:07:54.377Z] [INDEXING-ORCHESTRATOR] [DEBUG] 🔍 Symbol extraction for C:\Users\RakaThinkpad\Documents\Project\educatedplanet\admin\src\app\(main)\dashboard\crm\_components\columns.crm.tsx: 0 symbols, 8 imports
[2025-11-05T12:07:54.378Z] [2025-11-05T12:07:54.377Z] [INDEXING-ORCHESTRATOR] [DEBUG] 📍 Chunk 1-84: 0 candidate symbols
[2025-11-05T12:07:54.378Z] [2025-11-05T12:07:54.377Z] [INDEXING-ORCHESTRATOR] [DEBUG] ✅ Chunk symbols after filtering: 0 symbols - 
[2025-11-05T12:07:54.378Z] [2025-11-05T12:07:54.377Z] [INDEXING-ORCHESTRATOR] [DEBUG] Created 1 semantic chunks for C:\Users\RakaThinkpad\Documents\Project\educatedplanet\admin\src\app\(main)\dashboard\crm\_components\columns.crm.tsx
[2025-11-05T12:07:54.378Z] [2025-11-05T12:07:54.377Z] [INDEXING-ORCHESTRATOR] [DEBUG] Average chunk size: 2876 characters
[2025-11-05T12:07:54.412Z] [2025-11-05T12:07:54.411Z] [TREESITTER-CHUNKER] [INFO] Created 1 semantic chunks from C:\Users\RakaThinkpad\Documents\Project\educatedplanet\admin\src\app\(main)\dashboard\crm\_components\crm.config.ts
[2025-11-05T12:07:54.463Z] [2025-11-05T12:07:54.462Z] [TREESITTER-FULL] [INFO] Extracted 15 symbols from C:\Users\RakaThinkpad\Documents\Project\educatedplanet\admin\src\app\(main)\dashboard\crm\_components\crm.config.ts
[2025-11-05T12:07:54.463Z] [2025-11-05T12:07:54.462Z] [INDEXING-ORCHESTRATOR] [DEBUG] 🔍 Symbol extraction for C:\Users\RakaThinkpad\Documents\Project\educatedplanet\admin\src\app\(main)\dashboard\crm\_components\crm.config.ts: 15 symbols, 1 imports
[2025-11-05T12:07:54.463Z] [2025-11-05T12:07:54.462Z] [INDEXING-ORCHESTRATOR] [DEBUG] 📍 Chunk 1-334: 15 candidate symbols
[2025-11-05T12:07:54.463Z] [2025-11-05T12:07:54.462Z] [INDEXING-ORCHESTRATOR] [DEBUG] ✅ Chunk symbols after filtering: 15 symbols - leadsChartData, leadsChartConfig, proposalsChartData, proposalsChartConfig, revenueChartData, revenueChartConfig, leadsBySourceChartData, leadsBySourceChartConfig, projectRevenueChartData, projectRevenueChartConfig, salesPipelineChartData, salesPipelineChartConfig, regionSalesData, actionItems, recentLeadsData
[2025-11-05T12:07:54.463Z] [2025-11-05T12:07:54.462Z] [INDEXING-ORCHESTRATOR] [DEBUG] Created 1 semantic chunks for C:\Users\RakaThinkpad\Documents\Project\educatedplanet\admin\src\app\(main)\dashboard\crm\_components\crm.config.ts
[2025-11-05T12:07:54.463Z] [2025-11-05T12:07:54.462Z] [INDEXING-ORCHESTRATOR] [DEBUG] Average chunk size: 7787 characters
[2025-11-05T12:07:54.484Z] [2025-11-05T12:07:54.483Z] [TREESITTER-CHUNKER] [INFO] Created 1 semantic chunks from C:\Users\RakaThinkpad\Documents\Project\educatedplanet\admin\src\app\(main)\dashboard\crm\_components\insight-cards.tsx
[2025-11-05T12:07:54.549Z] [2025-11-05T12:07:54.548Z] [TREESITTER-FULL] [INFO] Extracted 1 symbols from C:\Users\RakaThinkpad\Documents\Project\educatedplanet\admin\src\app\(main)\dashboard\crm\_components\insight-cards.tsx
[2025-11-05T12:07:54.549Z] [2025-11-05T12:07:54.548Z] [INDEXING-ORCHESTRATOR] [DEBUG] 🔍 Symbol extraction for C:\Users\RakaThinkpad\Documents\Project\educatedplanet\admin\src\app\(main)\dashboard\crm\_components\insight-cards.tsx: 1 symbols, 5 imports
[2025-11-05T12:07:54.549Z] [2025-11-05T12:07:54.548Z] [INDEXING-ORCHESTRATOR] [DEBUG] 📍 Chunk 1-155: 1 candidate symbols
[2025-11-05T12:07:54.549Z] [2025-11-05T12:07:54.548Z] [INDEXING-ORCHESTRATOR] [DEBUG] ✅ Chunk symbols after filtering: 1 symbols - totalLeads
[2025-11-05T12:07:54.549Z] [2025-11-05T12:07:54.548Z] [INDEXING-ORCHESTRATOR] [DEBUG] Created 1 semantic chunks for C:\Users\RakaThinkpad\Documents\Project\educatedplanet\admin\src\app\(main)\dashboard\crm\_components\insight-cards.tsx
[2025-11-05T12:07:54.549Z] [2025-11-05T12:07:54.548Z] [INDEXING-ORCHESTRATOR] [DEBUG] Average chunk size: 6050 characters
[2025-11-05T12:07:54.578Z] [2025-11-05T12:07:54.577Z] [TREESITTER-CHUNKER] [INFO] Created 3 semantic chunks from C:\Users\RakaThinkpad\Documents\Project\educatedplanet\admin\src\app\(main)\dashboard\crm\_components\operational-cards.tsx
[2025-11-05T12:07:54.633Z] [2025-11-05T12:07:54.632Z] [TREESITTER-FULL] [INFO] Extracted 1 symbols from C:\Users\RakaThinkpad\Documents\Project\educatedplanet\admin\src\app\(main)\dashboard\crm\_components\operational-cards.tsx
[2025-11-05T12:07:54.633Z] [2025-11-05T12:07:54.632Z] [INDEXING-ORCHESTRATOR] [DEBUG] 🔍 Symbol extraction for C:\Users\RakaThinkpad\Documents\Project\educatedplanet\admin\src\app\(main)\dashboard\crm\_components\operational-cards.tsx: 1 symbols, 8 imports
[2025-11-05T12:07:54.633Z] [2025-11-05T12:07:54.632Z] [INDEXING-ORCHESTRATOR] [DEBUG] 📍 Chunk 55-60: 0 candidate symbols
[2025-11-05T12:07:54.633Z] [2025-11-05T12:07:54.632Z] [INDEXING-ORCHESTRATOR] [DEBUG] ✅ Chunk symbols after filtering: 0 symbols - 
[2025-11-05T12:07:54.633Z] [2025-11-05T12:07:54.632Z] [INDEXING-ORCHESTRATOR] [DEBUG] 📍 Chunk 93-100: 0 candidate symbols
[2025-11-05T12:07:54.633Z] [2025-11-05T12:07:54.632Z] [INDEXING-ORCHESTRATOR] [DEBUG] ✅ Chunk symbols after filtering: 0 symbols - 
[2025-11-05T12:07:54.633Z] [2025-11-05T12:07:54.632Z] [INDEXING-ORCHESTRATOR] [DEBUG] 📍 Chunk 101-116: 0 candidate symbols
[2025-11-05T12:07:54.633Z] [2025-11-05T12:07:54.632Z] [INDEXING-ORCHESTRATOR] [DEBUG] ✅ Chunk symbols after filtering: 0 symbols - 
[2025-11-05T12:07:54.633Z] [2025-11-05T12:07:54.632Z] [INDEXING-ORCHESTRATOR] [DEBUG] Created 3 semantic chunks for C:\Users\RakaThinkpad\Documents\Project\educatedplanet\admin\src\app\(main)\dashboard\crm\_components\operational-cards.tsx
[2025-11-05T12:07:54.633Z] [2025-11-05T12:07:54.632Z] [INDEXING-ORCHESTRATOR] [DEBUG] Average chunk size: 382 characters
[2025-11-05T12:07:54.661Z] [2025-11-05T12:07:54.660Z] [TREESITTER-CHUNKER] [INFO] Created 1 semantic chunks from C:\Users\RakaThinkpad\Documents\Project\educatedplanet\admin\src\app\(main)\dashboard\crm\_components\overview-cards.tsx
[2025-11-05T12:07:54.728Z] [2025-11-05T12:07:54.727Z] [TREESITTER-FULL] [INFO] Extracted 1 symbols from C:\Users\RakaThinkpad\Documents\Project\educatedplanet\admin\src\app\(main)\dashboard\crm\_components\overview-cards.tsx
[2025-11-05T12:07:54.728Z] [2025-11-05T12:07:54.727Z] [INDEXING-ORCHESTRATOR] [DEBUG] 🔍 Symbol extraction for C:\Users\RakaThinkpad\Documents\Project\educatedplanet\admin\src\app\(main)\dashboard\crm\_components\overview-cards.tsx: 1 symbols, 6 imports
[2025-11-05T12:07:54.728Z] [2025-11-05T12:07:54.727Z] [INDEXING-ORCHESTRATOR] [DEBUG] 📍 Chunk 1-152: 1 candidate symbols
[2025-11-05T12:07:54.728Z] [2025-11-05T12:07:54.727Z] [INDEXING-ORCHESTRATOR] [DEBUG] ✅ Chunk symbols after filtering: 1 symbols - lastMonth
[2025-11-05T12:07:54.728Z] [2025-11-05T12:07:54.727Z] [INDEXING-ORCHESTRATOR] [DEBUG] Created 1 semantic chunks for C:\Users\RakaThinkpad\Documents\Project\educatedplanet\admin\src\app\(main)\dashboard\crm\_components\overview-cards.tsx
[2025-11-05T12:07:54.728Z] [2025-11-05T12:07:54.727Z] [INDEXING-ORCHESTRATOR] [DEBUG] Average chunk size: 5874 characters
[2025-11-05T12:07:54.753Z] [2025-11-05T12:07:54.751Z] [TREESITTER-CHUNKER] [INFO] Created 1 semantic chunks from C:\Users\RakaThinkpad\Documents\Project\educatedplanet\admin\src\app\(main)\dashboard\crm\_components\schema.ts
[2025-11-05T12:07:54.757Z] [2025-11-05T12:07:54.757Z] [TREESITTER-FULL] [INFO] Extracted 1 symbols from C:\Users\RakaThinkpad\Documents\Project\educatedplanet\admin\src\app\(main)\dashboard\crm\_components\schema.ts
[2025-11-05T12:07:54.758Z] [2025-11-05T12:07:54.757Z] [INDEXING-ORCHESTRATOR] [DEBUG] 🔍 Symbol extraction for C:\Users\RakaThinkpad\Documents\Project\educatedplanet\admin\src\app\(main)\dashboard\crm\_components\schema.ts: 1 symbols, 1 imports
[2025-11-05T12:07:54.758Z] [2025-11-05T12:07:54.757Z] [INDEXING-ORCHESTRATOR] [DEBUG] 📍 Chunk 1-11: 1 candidate symbols
[2025-11-05T12:07:54.758Z] [2025-11-05T12:07:54.757Z] [INDEXING-ORCHESTRATOR] [DEBUG] ✅ Chunk symbols after filtering: 1 symbols - recentLeadSchema
[2025-11-05T12:07:54.758Z] [2025-11-05T12:07:54.757Z] [INDEXING-ORCHESTRATOR] [DEBUG] Created 1 semantic chunks for C:\Users\RakaThinkpad\Documents\Project\educatedplanet\admin\src\app\(main)\dashboard\crm\_components\schema.ts
[2025-11-05T12:07:54.758Z] [2025-11-05T12:07:54.757Z] [INDEXING-ORCHESTRATOR] [DEBUG] Average chunk size: 210 characters
[2025-11-05T12:07:54.781Z] [2025-11-05T12:07:54.780Z] [TREESITTER-CHUNKER] [INFO] Created 1 semantic chunks from C:\Users\RakaThinkpad\Documents\Project\educatedplanet\admin\src\app\(main)\dashboard\crm\_components\table-cards.tsx
[2025-11-05T12:07:54.818Z] [2025-11-05T12:07:54.817Z] [TREESITTER-FULL] [INFO] Extracted 1 symbols from C:\Users\RakaThinkpad\Documents\Project\educatedplanet\admin\src\app\(main)\dashboard\crm\_components\table-cards.tsx
[2025-11-05T12:07:54.818Z] [2025-11-05T12:07:54.817Z] [INDEXING-ORCHESTRATOR] [DEBUG] 🔍 Symbol extraction for C:\Users\RakaThinkpad\Documents\Project\educatedplanet\admin\src\app\(main)\dashboard\crm\_components\table-cards.tsx: 1 symbols, 9 imports
[2025-11-05T12:07:54.818Z] [2025-11-05T12:07:54.817Z] [INDEXING-ORCHESTRATOR] [DEBUG] 📍 Chunk 15-47: 1 candidate symbols
[2025-11-05T12:07:54.818Z] [2025-11-05T12:07:54.817Z] [INDEXING-ORCHESTRATOR] [DEBUG] ✅ Chunk symbols after filtering: 1 symbols - TableCards
[2025-11-05T12:07:54.818Z] [2025-11-05T12:07:54.818Z] [INDEXING-ORCHESTRATOR] [DEBUG] Created 1 semantic chunks for C:\Users\RakaThinkpad\Documents\Project\educatedplanet\admin\src\app\(main)\dashboard\crm\_components\table-cards.tsx
[2025-11-05T12:07:54.818Z] [2025-11-05T12:07:54.818Z] [INDEXING-ORCHESTRATOR] [DEBUG] Average chunk size: 1145 characters
[2025-11-05T12:07:54.824Z] [2025-11-05T12:07:54.823Z] [TREESITTER-CHUNKER] [INFO] Created 1 semantic chunks from C:\Users\RakaThinkpad\Documents\Project\educatedplanet\admin\src\app\(main)\dashboard\crm\page.tsx
[2025-11-05T12:07:54.830Z] [2025-11-05T12:07:54.829Z] [TREESITTER-FULL] [INFO] Extracted 1 symbols from C:\Users\RakaThinkpad\Documents\Project\educatedplanet\admin\src\app\(main)\dashboard\crm\page.tsx
[2025-11-05T12:07:54.830Z] [2025-11-05T12:07:54.829Z] [INDEXING-ORCHESTRATOR] [DEBUG] 🔍 Symbol extraction for C:\Users\RakaThinkpad\Documents\Project\educatedplanet\admin\src\app\(main)\dashboard\crm\page.tsx: 1 symbols, 4 imports
[2025-11-05T12:07:54.830Z] [2025-11-05T12:07:54.829Z] [INDEXING-ORCHESTRATOR] [DEBUG] 📍 Chunk 6-15: 1 candidate symbols
[2025-11-05T12:07:54.830Z] [2025-11-05T12:07:54.829Z] [INDEXING-ORCHESTRATOR] [DEBUG] ✅ Chunk symbols after filtering: 1 symbols - Page
[2025-11-05T12:07:54.830Z] [2025-11-05T12:07:54.830Z] [INDEXING-ORCHESTRATOR] [DEBUG] Created 1 semantic chunks for C:\Users\RakaThinkpad\Documents\Project\educatedplanet\admin\src\app\(main)\dashboard\crm\page.tsx
[2025-11-05T12:07:54.830Z] [2025-11-05T12:07:54.830Z] [INDEXING-ORCHESTRATOR] [DEBUG] Average chunk size: 201 characters
[2025-11-05T12:07:54.830Z] [2025-11-05T12:07:54.830Z] [INDEXING-ORCHESTRATOR] [DEBUG] 📊 Processed: 30/220 files
[2025-11-05T12:07:54.945Z] [2025-11-05T12:07:54.944Z] [TREESITTER-CHUNKER] [INFO] Created 1 semantic chunks from C:\Users\RakaThinkpad\Documents\Project\educatedplanet\admin\src\app\(main)\dashboard\default\_components\chart-area-interactive.tsx
[2025-11-05T12:07:55.042Z] [2025-11-05T12:07:55.042Z] [TREESITTER-FULL] [INFO] Extracted 4 symbols from C:\Users\RakaThinkpad\Documents\Project\educatedplanet\admin\src\app\(main)\dashboard\default\_components\chart-area-interactive.tsx
[2025-11-05T12:07:55.043Z] [2025-11-05T12:07:55.042Z] [INDEXING-ORCHESTRATOR] [DEBUG] 🔍 Symbol extraction for C:\Users\RakaThinkpad\Documents\Project\educatedplanet\admin\src\app\(main)\dashboard\default\_components\chart-area-interactive.tsx: 4 symbols, 7 imports
[2025-11-05T12:07:55.043Z] [2025-11-05T12:07:55.042Z] [INDEXING-ORCHESTRATOR] [DEBUG] 📍 Chunk 1-240: 4 candidate symbols
[2025-11-05T12:07:55.043Z] [2025-11-05T12:07:55.042Z] [INDEXING-ORCHESTRATOR] [DEBUG] ✅ Chunk symbols after filtering: 4 symbols - description, chartData, isMobile, filteredData
[2025-11-05T12:07:55.043Z] [2025-11-05T12:07:55.042Z] [INDEXING-ORCHESTRATOR] [DEBUG] Created 1 semantic chunks for C:\Users\RakaThinkpad\Documents\Project\educatedplanet\admin\src\app\(main)\dashboard\default\_components\chart-area-interactive.tsx
[2025-11-05T12:07:55.043Z] [2025-11-05T12:07:55.042Z] [INDEXING-ORCHESTRATOR] [DEBUG] Average chunk size: 10408 characters
[2025-11-05T12:07:55.073Z] [2025-11-05T12:07:55.072Z] [TREESITTER-CHUNKER] [INFO] Created 1 semantic chunks from C:\Users\RakaThinkpad\Documents\Project\educatedplanet\admin\src\app\(main)\dashboard\default\_components\columns.tsx
[2025-11-05T12:07:55.152Z] [2025-11-05T12:07:55.151Z] [TREESITTER-FULL] [INFO] Extracted 0 symbols from C:\Users\RakaThinkpad\Documents\Project\educatedplanet\admin\src\app\(main)\dashboard\default\_components\columns.tsx
[2025-11-05T12:07:55.153Z] [2025-11-05T12:07:55.151Z] [INDEXING-ORCHESTRATOR] [DEBUG] 🔍 Symbol extraction for C:\Users\RakaThinkpad\Documents\Project\educatedplanet\admin\src\app\(main)\dashboard\default\_components\columns.tsx: 0 symbols, 14 imports
[2025-11-05T12:07:55.153Z] [2025-11-05T12:07:55.152Z] [INDEXING-ORCHESTRATOR] [DEBUG] 📍 Chunk 1-191: 0 candidate symbols
[2025-11-05T12:07:55.153Z] [2025-11-05T12:07:55.152Z] [INDEXING-ORCHESTRATOR] [DEBUG] ✅ Chunk symbols after filtering: 0 symbols - 
[2025-11-05T12:07:55.153Z] [2025-11-05T12:07:55.152Z] [INDEXING-ORCHESTRATOR] [DEBUG] Created 1 semantic chunks for C:\Users\RakaThinkpad\Documents\Project\educatedplanet\admin\src\app\(main)\dashboard\default\_components\columns.tsx
[2025-11-05T12:07:55.153Z] [2025-11-05T12:07:55.152Z] [INDEXING-ORCHESTRATOR] [DEBUG] Average chunk size: 6693 characters
[2025-11-05T12:07:55.154Z] [2025-11-05T12:07:55.154Z] [TREESITTER-CHUNKER] [INFO] Created 1 semantic chunks from C:\Users\RakaThinkpad\Documents\Project\educatedplanet\admin\src\app\(main)\dashboard\default\_components\schema.ts
[2025-11-05T12:07:55.157Z] [2025-11-05T12:07:55.156Z] [TREESITTER-FULL] [INFO] Extracted 1 symbols from C:\Users\RakaThinkpad\Documents\Project\educatedplanet\admin\src\app\(main)\dashboard\default\_components\schema.ts
[2025-11-05T12:07:55.157Z] [2025-11-05T12:07:55.156Z] [INDEXING-ORCHESTRATOR] [DEBUG] 🔍 Symbol extraction for C:\Users\RakaThinkpad\Documents\Project\educatedplanet\admin\src\app\(main)\dashboard\default\_components\schema.ts: 1 symbols, 1 imports
[2025-11-05T12:07:55.157Z] [2025-11-05T12:07:55.156Z] [INDEXING-ORCHESTRATOR] [DEBUG] 📍 Chunk 1-12: 1 candidate symbols
[2025-11-05T12:07:55.157Z] [2025-11-05T12:07:55.156Z] [INDEXING-ORCHESTRATOR] [DEBUG] ✅ Chunk symbols after filtering: 1 symbols - sectionSchema
[2025-11-05T12:07:55.157Z] [2025-11-05T12:07:55.157Z] [INDEXING-ORCHESTRATOR] [DEBUG] Created 1 semantic chunks for C:\Users\RakaThinkpad\Documents\Project\educatedplanet\admin\src\app\(main)\dashboard\default\_components\schema.ts
[2025-11-05T12:07:55.157Z] [2025-11-05T12:07:55.157Z] [INDEXING-ORCHESTRATOR] [DEBUG] Average chunk size: 228 characters
[2025-11-05T12:07:55.181Z] [2025-11-05T12:07:55.181Z] [TREESITTER-CHUNKER] [INFO] Created 1 semantic chunks from C:\Users\RakaThinkpad\Documents\Project\educatedplanet\admin\src\app\(main)\dashboard\default\_components\data-table.tsx
[2025-11-05T12:07:55.427Z] [2025-11-05T12:07:55.426Z] [TREESITTER-FULL] [INFO] Extracted 1 symbols from C:\Users\RakaThinkpad\Documents\Project\educatedplanet\admin\src\app\(main)\dashboard\default\_components\data-table.tsx
[2025-11-05T12:07:55.427Z] [2025-11-05T12:07:55.426Z] [INDEXING-ORCHESTRATOR] [DEBUG] 🔍 Symbol extraction for C:\Users\RakaThinkpad\Documents\Project\educatedplanet\admin\src\app\(main)\dashboard\default\_components\data-table.tsx: 1 symbols, 15 imports
[2025-11-05T12:07:55.427Z] [2025-11-05T12:07:55.426Z] [INDEXING-ORCHESTRATOR] [DEBUG] 📍 Chunk 23-80: 1 candidate symbols
[2025-11-05T12:07:55.427Z] [2025-11-05T12:07:55.426Z] [INDEXING-ORCHESTRATOR] [DEBUG] ✅ Chunk symbols after filtering: 1 symbols - DataTable
[2025-11-05T12:07:55.427Z] [2025-11-05T12:07:55.426Z] [INDEXING-ORCHESTRATOR] [DEBUG] Created 1 semantic chunks for C:\Users\RakaThinkpad\Documents\Project\educatedplanet\admin\src\app\(main)\dashboard\default\_components\data-table.tsx
[2025-11-05T12:07:55.427Z] [2025-11-05T12:07:55.426Z] [INDEXING-ORCHESTRATOR] [DEBUG] Average chunk size: 2958 characters
[2025-11-05T12:07:55.458Z] [2025-11-05T12:07:55.458Z] [TREESITTER-CHUNKER] [INFO] Created 1 semantic chunks from C:\Users\RakaThinkpad\Documents\Project\educatedplanet\admin\src\app\(main)\dashboard\default\_components\section-cards.tsx
[2025-11-05T12:07:55.531Z] [2025-11-05T12:07:55.531Z] [TREESITTER-FULL] [INFO] Extracted 0 symbols from C:\Users\RakaThinkpad\Documents\Project\educatedplanet\admin\src\app\(main)\dashboard\default\_components\section-cards.tsx
[2025-11-05T12:07:55.531Z] [2025-11-05T12:07:55.531Z] [INDEXING-ORCHESTRATOR] [DEBUG] 🔍 Symbol extraction for C:\Users\RakaThinkpad\Documents\Project\educatedplanet\admin\src\app\(main)\dashboard\default\_components\section-cards.tsx: 0 symbols, 5 imports
[2025-11-05T12:07:55.532Z] [2025-11-05T12:07:55.531Z] [INDEXING-ORCHESTRATOR] [DEBUG] 📍 Chunk 1-156: 0 candidate symbols
[2025-11-05T12:07:55.532Z] [2025-11-05T12:07:55.531Z] [INDEXING-ORCHESTRATOR] [DEBUG] ✅ Chunk symbols after filtering: 0 symbols - 
[2025-11-05T12:07:55.532Z] [2025-11-05T12:07:55.531Z] [INDEXING-ORCHESTRATOR] [DEBUG] Created 1 semantic chunks for C:\Users\RakaThinkpad\Documents\Project\educatedplanet\admin\src\app\(main)\dashboard\default\_components\section-cards.tsx
[2025-11-05T12:07:55.532Z] [2025-11-05T12:07:55.531Z] [INDEXING-ORCHESTRATOR] [DEBUG] Average chunk size: 6581 characters
[2025-11-05T12:07:55.556Z] [2025-11-05T12:07:55.555Z] [TREESITTER-CHUNKER] [INFO] Created 1 semantic chunks from C:\Users\RakaThinkpad\Documents\Project\educatedplanet\admin\src\app\(main)\dashboard\default\_components\table-cell-viewer.tsx
[2025-11-05T12:07:55.586Z] [2025-11-05T12:07:55.585Z] [TREESITTER-FULL] [INFO] Extracted 2 symbols from C:\Users\RakaThinkpad\Documents\Project\educatedplanet\admin\src\app\(main)\dashboard\default\_components\table-cell-viewer.tsx
[2025-11-05T12:07:55.586Z] [2025-11-05T12:07:55.585Z] [INDEXING-ORCHESTRATOR] [DEBUG] 🔍 Symbol extraction for C:\Users\RakaThinkpad\Documents\Project\educatedplanet\admin\src\app\(main)\dashboard\default\_components\table-cell-viewer.tsx: 2 symbols, 12 imports
[2025-11-05T12:07:55.586Z] [2025-11-05T12:07:55.585Z] [INDEXING-ORCHESTRATOR] [DEBUG] 📍 Chunk 1-186: 2 candidate symbols
[2025-11-05T12:07:55.586Z] [2025-11-05T12:07:55.585Z] [INDEXING-ORCHESTRATOR] [DEBUG] ✅ Chunk symbols after filtering: 2 symbols - chartData, isMobile
[2025-11-05T12:07:55.586Z] [2025-11-05T12:07:55.585Z] [INDEXING-ORCHESTRATOR] [DEBUG] Created 1 semantic chunks for C:\Users\RakaThinkpad\Documents\Project\educatedplanet\admin\src\app\(main)\dashboard\default\_components\table-cell-viewer.tsx
[2025-11-05T12:07:55.586Z] [2025-11-05T12:07:55.585Z] [INDEXING-ORCHESTRATOR] [DEBUG] Average chunk size: 7557 characters
[2025-11-05T12:07:55.588Z] [2025-11-05T12:07:55.587Z] [TREESITTER-CHUNKER] [INFO] Created 1 semantic chunks from C:\Users\RakaThinkpad\Documents\Project\educatedplanet\admin\src\app\(main)\dashboard\default\page.tsx
[2025-11-05T12:07:55.590Z] [2025-11-05T12:07:55.590Z] [TREESITTER-FULL] [INFO] Extracted 1 symbols from C:\Users\RakaThinkpad\Documents\Project\educatedplanet\admin\src\app\(main)\dashboard\default\page.tsx
[2025-11-05T12:07:55.590Z] [2025-11-05T12:07:55.590Z] [INDEXING-ORCHESTRATOR] [DEBUG] 🔍 Symbol extraction for C:\Users\RakaThinkpad\Documents\Project\educatedplanet\admin\src\app\(main)\dashboard\default\page.tsx: 1 symbols, 4 imports
[2025-11-05T12:07:55.591Z] [2025-11-05T12:07:55.590Z] [INDEXING-ORCHESTRATOR] [DEBUG] 📍 Chunk 6-14: 1 candidate symbols
[2025-11-05T12:07:55.591Z] [2025-11-05T12:07:55.590Z] [INDEXING-ORCHESTRATOR] [DEBUG] ✅ Chunk symbols after filtering: 1 symbols - Page
[2025-11-05T12:07:55.591Z] [2025-11-05T12:07:55.590Z] [INDEXING-ORCHESTRATOR] [DEBUG] Created 1 semantic chunks for C:\Users\RakaThinkpad\Documents\Project\educatedplanet\admin\src\app\(main)\dashboard\default\page.tsx
[2025-11-05T12:07:55.591Z] [2025-11-05T12:07:55.590Z] [INDEXING-ORCHESTRATOR] [DEBUG] Average chunk size: 207 characters
[2025-11-05T12:07:55.633Z] [2025-11-05T12:07:55.633Z] [TREESITTER-CHUNKER] [INFO] Created 2 semantic chunks from C:\Users\RakaThinkpad\Documents\Project\educatedplanet\admin\src\app\(main)\dashboard\finance\_components\account-overview.tsx
[2025-11-05T12:07:55.687Z] [2025-11-05T12:07:55.687Z] [TREESITTER-FULL] [INFO] Extracted 2 symbols from C:\Users\RakaThinkpad\Documents\Project\educatedplanet\admin\src\app\(main)\dashboard\finance\_components\account-overview.tsx
[2025-11-05T12:07:55.687Z] [2025-11-05T12:07:55.687Z] [INDEXING-ORCHESTRATOR] [DEBUG] 🔍 Symbol extraction for C:\Users\RakaThinkpad\Documents\Project\educatedplanet\admin\src\app\(main)\dashboard\finance\_components\account-overview.tsx: 2 symbols, 8 imports
[2025-11-05T12:07:55.687Z] [2025-11-05T12:07:55.687Z] [INDEXING-ORCHESTRATOR] [DEBUG] 📍 Chunk 13-26: 1 candidate symbols
[2025-11-05T12:07:55.688Z] [2025-11-05T12:07:55.687Z] [INDEXING-ORCHESTRATOR] [DEBUG] ✅ Chunk symbols after filtering: 1 symbols - ChipSVG
[2025-11-05T12:07:55.688Z] [2025-11-05T12:07:55.687Z] [INDEXING-ORCHESTRATOR] [DEBUG] 📍 Chunk 27-181: 1 candidate symbols
[2025-11-05T12:07:55.688Z] [2025-11-05T12:07:55.687Z] [INDEXING-ORCHESTRATOR] [DEBUG] ✅ Chunk symbols after filtering: 1 symbols - recentPayments
[2025-11-05T12:07:55.688Z] [2025-11-05T12:07:55.687Z] [INDEXING-ORCHESTRATOR] [DEBUG] Created 2 semantic chunks for C:\Users\RakaThinkpad\Documents\Project\educatedplanet\admin\src\app\(main)\dashboard\finance\_components\account-overview.tsx
[2025-11-05T12:07:55.688Z] [2025-11-05T12:07:55.687Z] [INDEXING-ORCHESTRATOR] [DEBUG] Average chunk size: 3503 characters
[2025-11-05T12:07:55.698Z] [2025-11-05T12:07:55.697Z] [TREESITTER-CHUNKER] [INFO] Created 2 semantic chunks from C:\Users\RakaThinkpad\Documents\Project\educatedplanet\admin\src\app\(main)\dashboard\finance\_components\currency-exchange.tsx
[2025-11-05T12:07:55.728Z] [2025-11-05T12:07:55.727Z] [TREESITTER-FULL] [INFO] Extracted 1 symbols from C:\Users\RakaThinkpad\Documents\Project\educatedplanet\admin\src\app\(main)\dashboard\finance\_components\currency-exchange.tsx
[2025-11-05T12:07:55.728Z] [2025-11-05T12:07:55.727Z] [INDEXING-ORCHESTRATOR] [DEBUG] 🔍 Symbol extraction for C:\Users\RakaThinkpad\Documents\Project\educatedplanet\admin\src\app\(main)\dashboard\finance\_components\currency-exchange.tsx: 1 symbols, 6 imports
[2025-11-05T12:07:55.728Z] [2025-11-05T12:07:55.727Z] [INDEXING-ORCHESTRATOR] [DEBUG] 📍 Chunk 11-25: 1 candidate symbols
[2025-11-05T12:07:55.728Z] [2025-11-05T12:07:55.727Z] [INDEXING-ORCHESTRATOR] [DEBUG] ✅ Chunk symbols after filtering: 1 symbols - CurrencySelector
[2025-11-05T12:07:55.728Z] [2025-11-05T12:07:55.727Z] [INDEXING-ORCHESTRATOR] [DEBUG] 📍 Chunk 26-82: 0 candidate symbols
[2025-11-05T12:07:55.728Z] [2025-11-05T12:07:55.727Z] [INDEXING-ORCHESTRATOR] [DEBUG] ✅ Chunk symbols after filtering: 0 symbols - 
[2025-11-05T12:07:55.728Z] [2025-11-05T12:07:55.727Z] [INDEXING-ORCHESTRATOR] [DEBUG] Created 2 semantic chunks for C:\Users\RakaThinkpad\Documents\Project\educatedplanet\admin\src\app\(main)\dashboard\finance\_components\currency-exchange.tsx
[2025-11-05T12:07:55.728Z] [2025-11-05T12:07:55.727Z] [INDEXING-ORCHESTRATOR] [DEBUG] Average chunk size: 1466 characters
[2025-11-05T12:07:55.741Z] [2025-11-05T12:07:55.740Z] [TREESITTER-CHUNKER] [INFO] Created 1 semantic chunks from C:\Users\RakaThinkpad\Documents\Project\educatedplanet\admin\src\app\(main)\dashboard\finance\_components\expense-summary.tsx
[2025-11-05T12:07:55.772Z] [2025-11-05T12:07:55.771Z] [TREESITTER-FULL] [INFO] Extracted 1 symbols from C:\Users\RakaThinkpad\Documents\Project\educatedplanet\admin\src\app\(main)\dashboard\finance\_components\expense-summary.tsx
[2025-11-05T12:07:55.772Z] [2025-11-05T12:07:55.771Z] [INDEXING-ORCHESTRATOR] [DEBUG] 🔍 Symbol extraction for C:\Users\RakaThinkpad\Documents\Project\educatedplanet\admin\src\app\(main)\dashboard\finance\_components\expense-summary.tsx: 1 symbols, 6 imports
[2025-11-05T12:07:55.772Z] [2025-11-05T12:07:55.771Z] [INDEXING-ORCHESTRATOR] [DEBUG] 📍 Chunk 1-133: 1 candidate symbols
[2025-11-05T12:07:55.772Z] [2025-11-05T12:07:55.771Z] [INDEXING-ORCHESTRATOR] [DEBUG] ✅ Chunk symbols after filtering: 1 symbols - chartData
[2025-11-05T12:07:55.772Z] [2025-11-05T12:07:55.771Z] [INDEXING-ORCHESTRATOR] [DEBUG] Created 1 semantic chunks for C:\Users\RakaThinkpad\Documents\Project\educatedplanet\admin\src\app\(main)\dashboard\finance\_components\expense-summary.tsx
[2025-11-05T12:07:55.772Z] [2025-11-05T12:07:55.771Z] [INDEXING-ORCHESTRATOR] [DEBUG] Average chunk size: 5494 characters
[2025-11-05T12:07:55.772Z] [2025-11-05T12:07:55.771Z] [INDEXING-ORCHESTRATOR] [DEBUG] 📊 Processed: 40/220 files
[2025-11-05T12:07:55.802Z] [2025-11-05T12:07:55.801Z] [TREESITTER-CHUNKER] [INFO] Created 1 semantic chunks from C:\Users\RakaThinkpad\Documents\Project\educatedplanet\admin\src\app\(main)\dashboard\finance\_components\financial-overview.tsx
[2025-11-05T12:07:55.853Z] [2025-11-05T12:07:55.852Z] [TREESITTER-FULL] [INFO] Extracted 4 symbols from C:\Users\RakaThinkpad\Documents\Project\educatedplanet\admin\src\app\(main)\dashboard\finance\_components\financial-overview.tsx
[2025-11-05T12:07:55.853Z] [2025-11-05T12:07:55.852Z] [INDEXING-ORCHESTRATOR] [DEBUG] 🔍 Symbol extraction for C:\Users\RakaThinkpad\Documents\Project\educatedplanet\admin\src\app\(main)\dashboard\finance\_components\financial-overview.tsx: 4 symbols, 7 imports
[2025-11-05T12:07:55.853Z] [2025-11-05T12:07:55.852Z] [INDEXING-ORCHESTRATOR] [DEBUG] 📍 Chunk 1-119: 4 candidate symbols
[2025-11-05T12:07:55.853Z] [2025-11-05T12:07:55.852Z] [INDEXING-ORCHESTRATOR] [DEBUG] ✅ Chunk symbols after filtering: 4 symbols - chartData, totalIncome, totalExpenses, totalScheduled
[2025-11-05T12:07:55.853Z] [2025-11-05T12:07:55.853Z] [INDEXING-ORCHESTRATOR] [DEBUG] Created 1 semantic chunks for C:\Users\RakaThinkpad\Documents\Project\educatedplanet\admin\src\app\(main)\dashboard\finance\_components\financial-overview.tsx
[2025-11-05T12:07:55.853Z] [2025-11-05T12:07:55.853Z] [INDEXING-ORCHESTRATOR] [DEBUG] Average chunk size: 5605 characters
[2025-11-05T12:07:55.857Z] [2025-11-05T12:07:55.856Z] [TREESITTER-CHUNKER] [INFO] Created 1 semantic chunks from C:\Users\RakaThinkpad\Documents\Project\educatedplanet\admin\src\app\(main)\dashboard\finance\page.tsx
[2025-11-05T12:07:55.865Z] [2025-11-05T12:07:55.864Z] [TREESITTER-FULL] [INFO] Extracted 1 symbols from C:\Users\RakaThinkpad\Documents\Project\educatedplanet\admin\src\app\(main)\dashboard\finance\page.tsx
[2025-11-05T12:07:55.865Z] [2025-11-05T12:07:55.865Z] [INDEXING-ORCHESTRATOR] [DEBUG] 🔍 Symbol extraction for C:\Users\RakaThinkpad\Documents\Project\educatedplanet\admin\src\app\(main)\dashboard\finance\page.tsx: 1 symbols, 4 imports
[2025-11-05T12:07:55.865Z] [2025-11-05T12:07:55.865Z] [INDEXING-ORCHESTRATOR] [DEBUG] 📍 Chunk 6-24: 1 candidate symbols
[2025-11-05T12:07:55.866Z] [2025-11-05T12:07:55.865Z] [INDEXING-ORCHESTRATOR] [DEBUG] ✅ Chunk symbols after filtering: 1 symbols - Page
[2025-11-05T12:07:55.866Z] [2025-11-05T12:07:55.865Z] [INDEXING-ORCHESTRATOR] [DEBUG] Created 1 semantic chunks for C:\Users\RakaThinkpad\Documents\Project\educatedplanet\admin\src\app\(main)\dashboard\finance\page.tsx
[2025-11-05T12:07:55.866Z] [2025-11-05T12:07:55.865Z] [INDEXING-ORCHESTRATOR] [DEBUG] Average chunk size: 550 characters
[2025-11-05T12:07:55.871Z] [2025-11-05T12:07:55.870Z] [TREESITTER-CHUNKER] [INFO] Created 2 semantic chunks from C:\Users\RakaThinkpad\Documents\Project\educatedplanet\admin\src\app\(main)\dashboard\layout.tsx
[2025-11-05T12:07:55.890Z] [2025-11-05T12:07:55.889Z] [TREESITTER-FULL] [INFO] Extracted 1 symbols from C:\Users\RakaThinkpad\Documents\Project\educatedplanet\admin\src\app\(main)\dashboard\layout.tsx
[2025-11-05T12:07:55.890Z] [2025-11-05T12:07:55.889Z] [INDEXING-ORCHESTRATOR] [DEBUG] 🔍 Symbol extraction for C:\Users\RakaThinkpad\Documents\Project\educatedplanet\admin\src\app\(main)\dashboard\layout.tsx: 1 symbols, 12 imports
[2025-11-05T12:07:55.890Z] [2025-11-05T12:07:55.889Z] [INDEXING-ORCHESTRATOR] [DEBUG] 📍 Chunk 49-57: 0 candidate symbols
[2025-11-05T12:07:55.890Z] [2025-11-05T12:07:55.889Z] [INDEXING-ORCHESTRATOR] [DEBUG] ✅ Chunk symbols after filtering: 0 symbols - 
[2025-11-05T12:07:55.890Z] [2025-11-05T12:07:55.889Z] [INDEXING-ORCHESTRATOR] [DEBUG] 📍 Chunk 58-81: 0 candidate symbols
[2025-11-05T12:07:55.890Z] [2025-11-05T12:07:55.889Z] [INDEXING-ORCHESTRATOR] [DEBUG] ✅ Chunk symbols after filtering: 0 symbols - 
[2025-11-05T12:07:55.890Z] [2025-11-05T12:07:55.889Z] [INDEXING-ORCHESTRATOR] [DEBUG] Created 2 semantic chunks for C:\Users\RakaThinkpad\Documents\Project\educatedplanet\admin\src\app\(main)\dashboard\layout.tsx
[2025-11-05T12:07:55.890Z] [2025-11-05T12:07:55.889Z] [INDEXING-ORCHESTRATOR] [DEBUG] Average chunk size: 916 characters
[2025-11-05T12:07:55.895Z] [2025-11-05T12:07:55.895Z] [TREESITTER-CHUNKER] [INFO] Created 1 semantic chunks from C:\Users\RakaThinkpad\Documents\Project\educatedplanet\admin\src\app\(main)\unauthorized\page.tsx
[2025-11-05T12:07:55.905Z] [2025-11-05T12:07:55.905Z] [TREESITTER-FULL] [INFO] Extracted 1 symbols from C:\Users\RakaThinkpad\Documents\Project\educatedplanet\admin\src\app\(main)\unauthorized\page.tsx
[2025-11-05T12:07:55.905Z] [2025-11-05T12:07:55.905Z] [INDEXING-ORCHESTRATOR] [DEBUG] 🔍 Symbol extraction for C:\Users\RakaThinkpad\Documents\Project\educatedplanet\admin\src\app\(main)\unauthorized\page.tsx: 1 symbols, 2 imports
[2025-11-05T12:07:55.905Z] [2025-11-05T12:07:55.905Z] [INDEXING-ORCHESTRATOR] [DEBUG] 📍 Chunk 5-27: 1 candidate symbols
[2025-11-05T12:07:55.905Z] [2025-11-05T12:07:55.905Z] [INDEXING-ORCHESTRATOR] [DEBUG] ✅ Chunk symbols after filtering: 1 symbols - page
[2025-11-05T12:07:55.905Z] [2025-11-05T12:07:55.905Z] [INDEXING-ORCHESTRATOR] [DEBUG] Created 1 semantic chunks for C:\Users\RakaThinkpad\Documents\Project\educatedplanet\admin\src\app\(main)\unauthorized\page.tsx
[2025-11-05T12:07:55.905Z] [2025-11-05T12:07:55.905Z] [INDEXING-ORCHESTRATOR] [DEBUG] Average chunk size: 1043 characters
[2025-11-05T12:07:55.906Z] [2025-11-05T12:07:55.906Z] [TREESITTER-CHUNKER] [INFO] Created 1 semantic chunks from C:\Users\RakaThinkpad\Documents\Project\educatedplanet\admin\src\app\(main)\dashboard\page.tsx
[2025-11-05T12:07:55.907Z] [2025-11-05T12:07:55.906Z] [TREESITTER-FULL] [INFO] Extracted 1 symbols from C:\Users\RakaThinkpad\Documents\Project\educatedplanet\admin\src\app\(main)\dashboard\page.tsx
[2025-11-05T12:07:55.907Z] [2025-11-05T12:07:55.906Z] [INDEXING-ORCHESTRATOR] [DEBUG] 🔍 Symbol extraction for C:\Users\RakaThinkpad\Documents\Project\educatedplanet\admin\src\app\(main)\dashboard\page.tsx: 1 symbols, 0 imports
[2025-11-05T12:07:55.907Z] [2025-11-05T12:07:55.906Z] [INDEXING-ORCHESTRATOR] [DEBUG] 📍 Chunk 1-3: 1 candidate symbols
[2025-11-05T12:07:55.907Z] [2025-11-05T12:07:55.906Z] [INDEXING-ORCHESTRATOR] [DEBUG] ✅ Chunk symbols after filtering: 1 symbols - Page
[2025-11-05T12:07:55.907Z] [2025-11-05T12:07:55.906Z] [INDEXING-ORCHESTRATOR] [DEBUG] Created 1 semantic chunks for C:\Users\RakaThinkpad\Documents\Project\educatedplanet\admin\src\app\(main)\dashboard\page.tsx
[2025-11-05T12:07:55.907Z] [2025-11-05T12:07:55.906Z] [INDEXING-ORCHESTRATOR] [DEBUG] Average chunk size: 48 characters
[2025-11-05T12:07:55.909Z] [2025-11-05T12:07:55.909Z] [TREESITTER-CHUNKER] [INFO] Created 1 semantic chunks from C:\Users\RakaThinkpad\Documents\Project\educatedplanet\admin\src\app\api\dashboard\route.ts
[2025-11-05T12:07:55.913Z] [2025-11-05T12:07:55.913Z] [TREESITTER-FULL] [INFO] Extracted 1 symbols from C:\Users\RakaThinkpad\Documents\Project\educatedplanet\admin\src\app\api\dashboard\route.ts
[2025-11-05T12:07:55.914Z] [2025-11-05T12:07:55.913Z] [INDEXING-ORCHESTRATOR] [DEBUG] 🔍 Symbol extraction for C:\Users\RakaThinkpad\Documents\Project\educatedplanet\admin\src\app\api\dashboard\route.ts: 1 symbols, 2 imports
[2025-11-05T12:07:55.914Z] [2025-11-05T12:07:55.913Z] [INDEXING-ORCHESTRATOR] [DEBUG] 📍 Chunk 10-42: 1 candidate symbols
[2025-11-05T12:07:55.914Z] [2025-11-05T12:07:55.913Z] [INDEXING-ORCHESTRATOR] [DEBUG] ✅ Chunk symbols after filtering: 1 symbols - GET
[2025-11-05T12:07:55.914Z] [2025-11-05T12:07:55.913Z] [INDEXING-ORCHESTRATOR] [DEBUG] Created 1 semantic chunks for C:\Users\RakaThinkpad\Documents\Project\educatedplanet\admin\src\app\api\dashboard\route.ts
[2025-11-05T12:07:55.914Z] [2025-11-05T12:07:55.913Z] [INDEXING-ORCHESTRATOR] [DEBUG] Average chunk size: 1026 characters
[2025-11-05T12:07:55.932Z] [2025-11-05T12:07:55.931Z] [TREESITTER-CHUNKER] [INFO] Created 2 semantic chunks from C:\Users\RakaThinkpad\Documents\Project\educatedplanet\admin\src\app\api\tutors\route.ts
[2025-11-05T12:07:55.960Z] [2025-11-05T12:07:55.959Z] [TREESITTER-FULL] [INFO] Extracted 2 symbols from C:\Users\RakaThinkpad\Documents\Project\educatedplanet\admin\src\app\api\tutors\route.ts
[2025-11-05T12:07:55.960Z] [2025-11-05T12:07:55.959Z] [INDEXING-ORCHESTRATOR] [DEBUG] 🔍 Symbol extraction for C:\Users\RakaThinkpad\Documents\Project\educatedplanet\admin\src\app\api\tutors\route.ts: 2 symbols, 3 imports
[2025-11-05T12:07:55.960Z] [2025-11-05T12:07:55.959Z] [INDEXING-ORCHESTRATOR] [DEBUG] 📍 Chunk 11-54: 1 candidate symbols
[2025-11-05T12:07:55.960Z] [2025-11-05T12:07:55.959Z] [INDEXING-ORCHESTRATOR] [DEBUG] ✅ Chunk symbols after filtering: 1 symbols - GET
[2025-11-05T12:07:55.960Z] [2025-11-05T12:07:55.959Z] [INDEXING-ORCHESTRATOR] [DEBUG] 📍 Chunk 57-98: 1 candidate symbols
[2025-11-05T12:07:55.960Z] [2025-11-05T12:07:55.959Z] [INDEXING-ORCHESTRATOR] [DEBUG] ✅ Chunk symbols after filtering: 1 symbols - POST
[2025-11-05T12:07:55.960Z] [2025-11-05T12:07:55.959Z] [INDEXING-ORCHESTRATOR] [DEBUG] Created 2 semantic chunks for C:\Users\RakaThinkpad\Documents\Project\educatedplanet\admin\src\app\api\tutors\route.ts
[2025-11-05T12:07:55.960Z] [2025-11-05T12:07:55.959Z] [INDEXING-ORCHESTRATOR] [DEBUG] Average chunk size: 1646 characters
[2025-11-05T12:07:55.966Z] [2025-11-05T12:07:55.965Z] [TREESITTER-CHUNKER] [INFO] Created 3 semantic chunks from C:\Users\RakaThinkpad\Documents\Project\educatedplanet\admin\src\app\api\users\[id]\route.ts
[2025-11-05T12:07:55.980Z] [2025-11-05T12:07:55.979Z] [TREESITTER-FULL] [INFO] Extracted 4 symbols from C:\Users\RakaThinkpad\Documents\Project\educatedplanet\admin\src\app\api\users\[id]\route.ts
[2025-11-05T12:07:55.980Z] [2025-11-05T12:07:55.979Z] [INDEXING-ORCHESTRATOR] [DEBUG] 🔍 Symbol extraction for C:\Users\RakaThinkpad\Documents\Project\educatedplanet\admin\src\app\api\users\[id]\route.ts: 4 symbols, 3 imports
[2025-11-05T12:07:55.980Z] [2025-11-05T12:07:55.979Z] [INDEXING-ORCHESTRATOR] [DEBUG] 📍 Chunk 10-47: 2 candidate symbols
[2025-11-05T12:07:55.980Z] [2025-11-05T12:07:55.979Z] [INDEXING-ORCHESTRATOR] [DEBUG] ✅ Chunk symbols after filtering: 2 symbols - RouteParams, GET
[2025-11-05T12:07:55.980Z] [2025-11-05T12:07:55.979Z] [INDEXING-ORCHESTRATOR] [DEBUG] 📍 Chunk 50-94: 1 candidate symbols
[2025-11-05T12:07:55.980Z] [2025-11-05T12:07:55.979Z] [INDEXING-ORCHESTRATOR] [DEBUG] ✅ Chunk symbols after filtering: 1 symbols - PUT
[2025-11-05T12:07:55.980Z] [2025-11-05T12:07:55.979Z] [INDEXING-ORCHESTRATOR] [DEBUG] 📍 Chunk 97-126: 1 candidate symbols
[2025-11-05T12:07:55.980Z] [2025-11-05T12:07:55.979Z] [INDEXING-ORCHESTRATOR] [DEBUG] ✅ Chunk symbols after filtering: 1 symbols - DELETE
[2025-11-05T12:07:55.980Z] [2025-11-05T12:07:55.979Z] [INDEXING-ORCHESTRATOR] [DEBUG] Created 3 semantic chunks for C:\Users\RakaThinkpad\Documents\Project\educatedplanet\admin\src\app\api\users\[id]\route.ts
[2025-11-05T12:07:55.980Z] [2025-11-05T12:07:55.979Z] [INDEXING-ORCHESTRATOR] [DEBUG] Average chunk size: 953 characters
[2025-11-05T12:07:55.999Z] [2025-11-05T12:07:55.998Z] [TREESITTER-CHUNKER] [INFO] Created 2 semantic chunks from C:\Users\RakaThinkpad\Documents\Project\educatedplanet\admin\src\app\api\users\route.ts
[2025-11-05T12:07:56.014Z] [2025-11-05T12:07:56.013Z] [TREESITTER-FULL] [INFO] Extracted 2 symbols from C:\Users\RakaThinkpad\Documents\Project\educatedplanet\admin\src\app\api\users\route.ts
[2025-11-05T12:07:56.014Z] [2025-11-05T12:07:56.013Z] [INDEXING-ORCHESTRATOR] [DEBUG] 🔍 Symbol extraction for C:\Users\RakaThinkpad\Documents\Project\educatedplanet\admin\src\app\api\users\route.ts: 2 symbols, 3 imports
[2025-11-05T12:07:56.014Z] [2025-11-05T12:07:56.013Z] [INDEXING-ORCHESTRATOR] [DEBUG] 📍 Chunk 11-48: 1 candidate symbols
[2025-11-05T12:07:56.014Z] [2025-11-05T12:07:56.013Z] [INDEXING-ORCHESTRATOR] [DEBUG] ✅ Chunk symbols after filtering: 1 symbols - GET
[2025-11-05T12:07:56.014Z] [2025-11-05T12:07:56.013Z] [INDEXING-ORCHESTRATOR] [DEBUG] 📍 Chunk 51-84: 1 candidate symbols
[2025-11-05T12:07:56.014Z] [2025-11-05T12:07:56.013Z] [INDEXING-ORCHESTRATOR] [DEBUG] ✅ Chunk symbols after filtering: 1 symbols - POST
[2025-11-05T12:07:56.014Z] [2025-11-05T12:07:56.013Z] [INDEXING-ORCHESTRATOR] [DEBUG] Created 2 semantic chunks for C:\Users\RakaThinkpad\Documents\Project\educatedplanet\admin\src\app\api\users\route.ts
[2025-11-05T12:07:56.014Z] [2025-11-05T12:07:56.013Z] [INDEXING-ORCHESTRATOR] [DEBUG] Average chunk size: 1109 characters
[2025-11-05T12:07:56.017Z] [2025-11-05T12:07:56.016Z] [TREESITTER-CHUNKER] [INFO] Created 1 semantic chunks from C:\Users\RakaThinkpad\Documents\Project\educatedplanet\admin\src\app\layout.tsx
[2025-11-05T12:07:56.025Z] [2025-11-05T12:07:56.025Z] [TREESITTER-FULL] [INFO] Extracted 2 symbols from C:\Users\RakaThinkpad\Documents\Project\educatedplanet\admin\src\app\layout.tsx
[2025-11-05T12:07:56.025Z] [2025-11-05T12:07:56.025Z] [INDEXING-ORCHESTRATOR] [DEBUG] 🔍 Symbol extraction for C:\Users\RakaThinkpad\Documents\Project\educatedplanet\admin\src\app\layout.tsx: 2 symbols, 11 imports
[2025-11-05T12:07:56.026Z] [2025-11-05T12:07:56.025Z] [INDEXING-ORCHESTRATOR] [DEBUG] 📍 Chunk 23-44: 1 candidate symbols
[2025-11-05T12:07:56.026Z] [2025-11-05T12:07:56.025Z] [INDEXING-ORCHESTRATOR] [DEBUG] ✅ Chunk symbols after filtering: 1 symbols - RootLayout
[2025-11-05T12:07:56.026Z] [2025-11-05T12:07:56.025Z] [INDEXING-ORCHESTRATOR] [DEBUG] Created 1 semantic chunks for C:\Users\RakaThinkpad\Documents\Project\educatedplanet\admin\src\app\layout.tsx
[2025-11-05T12:07:56.026Z] [2025-11-05T12:07:56.025Z] [INDEXING-ORCHESTRATOR] [DEBUG] Average chunk size: 711 characters
[2025-11-05T12:07:56.026Z] [2025-11-05T12:07:56.025Z] [INDEXING-ORCHESTRATOR] [DEBUG] 📊 Processed: 50/220 files
[2025-11-05T12:07:56.036Z] [2025-11-05T12:07:56.036Z] [TREESITTER-CHUNKER] [INFO] Created 2 semantic chunks from C:\Users\RakaThinkpad\Documents\Project\educatedplanet\admin\src\app\page.tsx
[2025-11-05T12:07:56.056Z] [2025-11-05T12:07:56.055Z] [TREESITTER-FULL] [INFO] Extracted 1 symbols from C:\Users\RakaThinkpad\Documents\Project\educatedplanet\admin\src\app\page.tsx
[2025-11-05T12:07:56.057Z] [2025-11-05T12:07:56.056Z] [INDEXING-ORCHESTRATOR] [DEBUG] 🔍 Symbol extraction for C:\Users\RakaThinkpad\Documents\Project\educatedplanet\admin\src\app\page.tsx: 1 symbols, 16 imports
[2025-11-05T12:07:56.057Z] [2025-11-05T12:07:56.056Z] [INDEXING-ORCHESTRATOR] [DEBUG] 📍 Chunk 53-61: 0 candidate symbols
[2025-11-05T12:07:56.057Z] [2025-11-05T12:07:56.056Z] [INDEXING-ORCHESTRATOR] [DEBUG] ✅ Chunk symbols after filtering: 0 symbols - 
[2025-11-05T12:07:56.057Z] [2025-11-05T12:07:56.056Z] [INDEXING-ORCHESTRATOR] [DEBUG] 📍 Chunk 62-102: 0 candidate symbols
[2025-11-05T12:07:56.057Z] [2025-11-05T12:07:56.056Z] [INDEXING-ORCHESTRATOR] [DEBUG] ✅ Chunk symbols after filtering: 0 symbols - 
[2025-11-05T12:07:56.057Z] [2025-11-05T12:07:56.056Z] [INDEXING-ORCHESTRATOR] [DEBUG] Created 2 semantic chunks for C:\Users\RakaThinkpad\Documents\Project\educatedplanet\admin\src\app\page.tsx
[2025-11-05T12:07:56.057Z] [2025-11-05T12:07:56.056Z] [INDEXING-ORCHESTRATOR] [DEBUG] Average chunk size: 1096 characters
[2025-11-05T12:07:56.061Z] [2025-11-05T12:07:56.060Z] [TREESITTER-CHUNKER] [INFO] Created 1 semantic chunks from C:\Users\RakaThinkpad\Documents\Project\educatedplanet\admin\src\app\not-found.tsx
[2025-11-05T12:07:56.069Z] [2025-11-05T12:07:56.069Z] [TREESITTER-FULL] [INFO] Extracted 1 symbols from C:\Users\RakaThinkpad\Documents\Project\educatedplanet\admin\src\app\not-found.tsx
[2025-11-05T12:07:56.069Z] [2025-11-05T12:07:56.069Z] [INDEXING-ORCHESTRATOR] [DEBUG] 🔍 Symbol extraction for C:\Users\RakaThinkpad\Documents\Project\educatedplanet\admin\src\app\not-found.tsx: 1 symbols, 2 imports
[2025-11-05T12:07:56.069Z] [2025-11-05T12:07:56.069Z] [INDEXING-ORCHESTRATOR] [DEBUG] 📍 Chunk 7-17: 1 candidate symbols
[2025-11-05T12:07:56.069Z] [2025-11-05T12:07:56.069Z] [INDEXING-ORCHESTRATOR] [DEBUG] ✅ Chunk symbols after filtering: 1 symbols - NotFound
[2025-11-05T12:07:56.069Z] [2025-11-05T12:07:56.069Z] [INDEXING-ORCHESTRATOR] [DEBUG] Created 1 semantic chunks for C:\Users\RakaThinkpad\Documents\Project\educatedplanet\admin\src\app\not-found.tsx
[2025-11-05T12:07:56.069Z] [2025-11-05T12:07:56.069Z] [INDEXING-ORCHESTRATOR] [DEBUG] Average chunk size: 431 characters
[2025-11-05T12:07:56.076Z] [2025-11-05T12:07:56.076Z] [TREESITTER-CHUNKER] [INFO] Created 2 semantic chunks from C:\Users\RakaThinkpad\Documents\Project\educatedplanet\admin\src\components\data-table\data-table-column-header.tsx
[2025-11-05T12:07:56.092Z] [2025-11-05T12:07:56.091Z] [TREESITTER-FULL] [INFO] Extracted 2 symbols from C:\Users\RakaThinkpad\Documents\Project\educatedplanet\admin\src\components\data-table\data-table-column-header.tsx
[2025-11-05T12:07:56.092Z] [2025-11-05T12:07:56.091Z] [INDEXING-ORCHESTRATOR] [DEBUG] 🔍 Symbol extraction for C:\Users\RakaThinkpad\Documents\Project\educatedplanet\admin\src\components\data-table\data-table-column-header.tsx: 2 symbols, 5 imports
[2025-11-05T12:07:56.092Z] [2025-11-05T12:07:56.091Z] [INDEXING-ORCHESTRATOR] [DEBUG] 📍 Chunk 14-28: 2 candidate symbols
[2025-11-05T12:07:56.092Z] [2025-11-05T12:07:56.091Z] [INDEXING-ORCHESTRATOR] [DEBUG] ✅ Chunk symbols after filtering: 2 symbols - DataTableColumnHeaderProps, getSortIcon
[2025-11-05T12:07:56.092Z] [2025-11-05T12:07:56.091Z] [INDEXING-ORCHESTRATOR] [DEBUG] 📍 Chunk 29-70: 0 candidate symbols
[2025-11-05T12:07:56.092Z] [2025-11-05T12:07:56.091Z] [INDEXING-ORCHESTRATOR] [DEBUG] ✅ Chunk symbols after filtering: 0 symbols - 
[2025-11-05T12:07:56.092Z] [2025-11-05T12:07:56.091Z] [INDEXING-ORCHESTRATOR] [DEBUG] Created 2 semantic chunks for C:\Users\RakaThinkpad\Documents\Project\educatedplanet\admin\src\components\data-table\data-table-column-header.tsx
[2025-11-05T12:07:56.092Z] [2025-11-05T12:07:56.091Z] [INDEXING-ORCHESTRATOR] [DEBUG] Average chunk size: 934 characters
[2025-11-05T12:07:56.107Z] [2025-11-05T12:07:56.106Z] [TREESITTER-CHUNKER] [INFO] Created 2 semantic chunks from C:\Users\RakaThinkpad\Documents\Project\educatedplanet\admin\src\components\data-table\data-table-pagination.tsx
[2025-11-05T12:07:56.151Z] [2025-11-05T12:07:56.150Z] [TREESITTER-FULL] [INFO] Extracted 1 symbols from C:\Users\RakaThinkpad\Documents\Project\educatedplanet\admin\src\components\data-table\data-table-pagination.tsx
[2025-11-05T12:07:56.151Z] [2025-11-05T12:07:56.150Z] [INDEXING-ORCHESTRATOR] [DEBUG] 🔍 Symbol extraction for C:\Users\RakaThinkpad\Documents\Project\educatedplanet\admin\src\components\data-table\data-table-pagination.tsx: 1 symbols, 5 imports
[2025-11-05T12:07:56.151Z] [2025-11-05T12:07:56.150Z] [INDEXING-ORCHESTRATOR] [DEBUG] 📍 Chunk 8-10: 1 candidate symbols
[2025-11-05T12:07:56.151Z] [2025-11-05T12:07:56.150Z] [INDEXING-ORCHESTRATOR] [DEBUG] ✅ Chunk symbols after filtering: 1 symbols - DataTablePaginationProps
[2025-11-05T12:07:56.151Z] [2025-11-05T12:07:56.150Z] [INDEXING-ORCHESTRATOR] [DEBUG] 📍 Chunk 11-89: 0 candidate symbols
[2025-11-05T12:07:56.151Z] [2025-11-05T12:07:56.150Z] [INDEXING-ORCHESTRATOR] [DEBUG] ✅ Chunk symbols after filtering: 0 symbols - 
[2025-11-05T12:07:56.151Z] [2025-11-05T12:07:56.150Z] [INDEXING-ORCHESTRATOR] [DEBUG] Created 2 semantic chunks for C:\Users\RakaThinkpad\Documents\Project\educatedplanet\admin\src\components\data-table\data-table-pagination.tsx
[2025-11-05T12:07:56.151Z] [2025-11-05T12:07:56.150Z] [INDEXING-ORCHESTRATOR] [DEBUG] Average chunk size: 1533 characters
[2025-11-05T12:07:56.158Z] [2025-11-05T12:07:56.157Z] [TREESITTER-CHUNKER] [INFO] Created 2 semantic chunks from C:\Users\RakaThinkpad\Documents\Project\educatedplanet\admin\src\components\data-table\data-table-view-options.tsx
[2025-11-05T12:07:56.172Z] [2025-11-05T12:07:56.171Z] [TREESITTER-FULL] [INFO] Extracted 1 symbols from C:\Users\RakaThinkpad\Documents\Project\educatedplanet\admin\src\components\data-table\data-table-view-options.tsx
[2025-11-05T12:07:56.172Z] [2025-11-05T12:07:56.171Z] [INDEXING-ORCHESTRATOR] [DEBUG] 🔍 Symbol extraction for C:\Users\RakaThinkpad\Documents\Project\educatedplanet\admin\src\components\data-table\data-table-view-options.tsx: 1 symbols, 4 imports
[2025-11-05T12:07:56.172Z] [2025-11-05T12:07:56.171Z] [INDEXING-ORCHESTRATOR] [DEBUG] 📍 Chunk 16-18: 1 candidate symbols
[2025-11-05T12:07:56.172Z] [2025-11-05T12:07:56.171Z] [INDEXING-ORCHESTRATOR] [DEBUG] ✅ Chunk symbols after filtering: 1 symbols - DataTableViewOptionsProps
[2025-11-05T12:07:56.172Z] [2025-11-05T12:07:56.171Z] [INDEXING-ORCHESTRATOR] [DEBUG] 📍 Chunk 19-51: 0 candidate symbols
[2025-11-05T12:07:56.172Z] [2025-11-05T12:07:56.171Z] [INDEXING-ORCHESTRATOR] [DEBUG] ✅ Chunk symbols after filtering: 0 symbols - 
[2025-11-05T12:07:56.172Z] [2025-11-05T12:07:56.171Z] [INDEXING-ORCHESTRATOR] [DEBUG] Created 2 semantic chunks for C:\Users\RakaThinkpad\Documents\Project\educatedplanet\admin\src\components\data-table\data-table-view-options.tsx
[2025-11-05T12:07:56.172Z] [2025-11-05T12:07:56.171Z] [INDEXING-ORCHESTRATOR] [DEBUG] Average chunk size: 590 characters
[2025-11-05T12:07:56.187Z] [2025-11-05T12:07:56.186Z] [TREESITTER-CHUNKER] [INFO] Created 3 semantic chunks from C:\Users\RakaThinkpad\Documents\Project\educatedplanet\admin\src\components\data-table\data-table.tsx
[2025-11-05T12:07:56.221Z] [2025-11-05T12:07:56.220Z] [TREESITTER-FULL] [INFO] Extracted 5 symbols from C:\Users\RakaThinkpad\Documents\Project\educatedplanet\admin\src\components\data-table\data-table.tsx
[2025-11-05T12:07:56.221Z] [2025-11-05T12:07:56.220Z] [INDEXING-ORCHESTRATOR] [DEBUG] 🔍 Symbol extraction for C:\Users\RakaThinkpad\Documents\Project\educatedplanet\admin\src\components\data-table\data-table.tsx: 5 symbols, 7 imports
[2025-11-05T12:07:56.221Z] [2025-11-05T12:07:56.220Z] [INDEXING-ORCHESTRATOR] [DEBUG] 📍 Chunk 22-27: 1 candidate symbols
[2025-11-05T12:07:56.221Z] [2025-11-05T12:07:56.220Z] [INDEXING-ORCHESTRATOR] [DEBUG] ✅ Chunk symbols after filtering: 1 symbols - DataTableProps
[2025-11-05T12:07:56.221Z] [2025-11-05T12:07:56.220Z] [INDEXING-ORCHESTRATOR] [DEBUG] 📍 Chunk 77-87: 1 candidate symbols
[2025-11-05T12:07:56.221Z] [2025-11-05T12:07:56.220Z] [INDEXING-ORCHESTRATOR] [DEBUG] ✅ Chunk symbols after filtering: 1 symbols - handleDragEnd
[2025-11-05T12:07:56.221Z] [2025-11-05T12:07:56.220Z] [INDEXING-ORCHESTRATOR] [DEBUG] 📍 Chunk 88-126: 0 candidate symbols
[2025-11-05T12:07:56.221Z] [2025-11-05T12:07:56.221Z] [INDEXING-ORCHESTRATOR] [DEBUG] ✅ Chunk symbols after filtering: 0 symbols - 
[2025-11-05T12:07:56.221Z] [2025-11-05T12:07:56.221Z] [INDEXING-ORCHESTRATOR] [DEBUG] Created 3 semantic chunks for C:\Users\RakaThinkpad\Documents\Project\educatedplanet\admin\src\components\data-table\data-table.tsx
[2025-11-05T12:07:56.221Z] [2025-11-05T12:07:56.221Z] [INDEXING-ORCHESTRATOR] [DEBUG] Average chunk size: 565 characters
[2025-11-05T12:07:56.234Z] [2025-11-05T12:07:56.233Z] [TREESITTER-CHUNKER] [INFO] Created 2 semantic chunks from C:\Users\RakaThinkpad\Documents\Project\educatedplanet\admin\src\components\data-table\drag-column.tsx
[2025-11-05T12:07:56.243Z] [2025-11-05T12:07:56.242Z] [TREESITTER-FULL] [INFO] Extracted 2 symbols from C:\Users\RakaThinkpad\Documents\Project\educatedplanet\admin\src\components\data-table\drag-column.tsx
[2025-11-05T12:07:56.243Z] [2025-11-05T12:07:56.242Z] [INDEXING-ORCHESTRATOR] [DEBUG] 🔍 Symbol extraction for C:\Users\RakaThinkpad\Documents\Project\educatedplanet\admin\src\components\data-table\drag-column.tsx: 2 symbols, 4 imports
[2025-11-05T12:07:56.243Z] [2025-11-05T12:07:56.242Z] [INDEXING-ORCHESTRATOR] [DEBUG] 📍 Chunk 7-24: 1 candidate symbols
[2025-11-05T12:07:56.243Z] [2025-11-05T12:07:56.243Z] [INDEXING-ORCHESTRATOR] [DEBUG] ✅ Chunk symbols after filtering: 1 symbols - DragHandle
[2025-11-05T12:07:56.243Z] [2025-11-05T12:07:56.243Z] [INDEXING-ORCHESTRATOR] [DEBUG] 📍 Chunk 25-33: 1 candidate symbols
[2025-11-05T12:07:56.243Z] [2025-11-05T12:07:56.243Z] [INDEXING-ORCHESTRATOR] [DEBUG] ✅ Chunk symbols after filtering: 1 symbols - dragColumn
[2025-11-05T12:07:56.243Z] [2025-11-05T12:07:56.243Z] [INDEXING-ORCHESTRATOR] [DEBUG] Created 2 semantic chunks for C:\Users\RakaThinkpad\Documents\Project\educatedplanet\admin\src\components\data-table\drag-column.tsx
[2025-11-05T12:07:56.243Z] [2025-11-05T12:07:56.243Z] [INDEXING-ORCHESTRATOR] [DEBUG] Average chunk size: 320 characters
[2025-11-05T12:07:56.248Z] [2025-11-05T12:07:56.248Z] [TREESITTER-CHUNKER] [INFO] Created 1 semantic chunks from C:\Users\RakaThinkpad\Documents\Project\educatedplanet\admin\src\components\data-table\draggable-row.tsx
[2025-11-05T12:07:56.256Z] [2025-11-05T12:07:56.256Z] [TREESITTER-FULL] [INFO] Extracted 0 symbols from C:\Users\RakaThinkpad\Documents\Project\educatedplanet\admin\src\components\data-table\draggable-row.tsx
[2025-11-05T12:07:56.257Z] [2025-11-05T12:07:56.256Z] [INDEXING-ORCHESTRATOR] [DEBUG] 🔍 Symbol extraction for C:\Users\RakaThinkpad\Documents\Project\educatedplanet\admin\src\components\data-table\draggable-row.tsx: 0 symbols, 4 imports
[2025-11-05T12:07:56.257Z] [2025-11-05T12:07:56.256Z] [INDEXING-ORCHESTRATOR] [DEBUG] 📍 Chunk 1-28: 0 candidate symbols
[2025-11-05T12:07:56.257Z] [2025-11-05T12:07:56.256Z] [INDEXING-ORCHESTRATOR] [DEBUG] ✅ Chunk symbols after filtering: 0 symbols - 
[2025-11-05T12:07:56.257Z] [2025-11-05T12:07:56.256Z] [INDEXING-ORCHESTRATOR] [DEBUG] Created 1 semantic chunks for C:\Users\RakaThinkpad\Documents\Project\educatedplanet\admin\src\components\data-table\draggable-row.tsx
[2025-11-05T12:07:56.257Z] [2025-11-05T12:07:56.256Z] [INDEXING-ORCHESTRATOR] [DEBUG] Average chunk size: 951 characters
[2025-11-05T12:07:56.258Z] [2025-11-05T12:07:56.258Z] [TREESITTER-CHUNKER] [INFO] Created 1 semantic chunks from C:\Users\RakaThinkpad\Documents\Project\educatedplanet\admin\src\components\data-table\table-utils.ts
[2025-11-05T12:07:56.260Z] [2025-11-05T12:07:56.260Z] [TREESITTER-FULL] [INFO] Extracted 1 symbols from C:\Users\RakaThinkpad\Documents\Project\educatedplanet\admin\src\components\data-table\table-utils.ts
[2025-11-05T12:07:56.260Z] [2025-11-05T12:07:56.260Z] [INDEXING-ORCHESTRATOR] [DEBUG] 🔍 Symbol extraction for C:\Users\RakaThinkpad\Documents\Project\educatedplanet\admin\src\components\data-table\table-utils.ts: 1 symbols, 2 imports
[2025-11-05T12:07:56.261Z] [2025-11-05T12:07:56.260Z] [INDEXING-ORCHESTRATOR] [DEBUG] 📍 Chunk 5-7: 1 candidate symbols
[2025-11-05T12:07:56.261Z] [2025-11-05T12:07:56.260Z] [INDEXING-ORCHESTRATOR] [DEBUG] ✅ Chunk symbols after filtering: 1 symbols - withDndColumn
[2025-11-05T12:07:56.261Z] [2025-11-05T12:07:56.260Z] [INDEXING-ORCHESTRATOR] [DEBUG] Created 1 semantic chunks for C:\Users\RakaThinkpad\Documents\Project\educatedplanet\admin\src\components\data-table\table-utils.ts
[2025-11-05T12:07:56.261Z] [2025-11-05T12:07:56.260Z] [INDEXING-ORCHESTRATOR] [DEBUG] Average chunk size: 123 characters
[2025-11-05T12:07:56.269Z] [2025-11-05T12:07:56.268Z] [TREESITTER-CHUNKER] [INFO] Created 2 semantic chunks from C:\Users\RakaThinkpad\Documents\Project\educatedplanet\admin\src\components\providers\global-loading-provider.tsx
[2025-11-05T12:07:56.302Z] [2025-11-05T12:07:56.301Z] [TREESITTER-FULL] [INFO] Extracted 5 symbols from C:\Users\RakaThinkpad\Documents\Project\educatedplanet\admin\src\components\providers\global-loading-provider.tsx
[2025-11-05T12:07:56.302Z] [2025-11-05T12:07:56.301Z] [INDEXING-ORCHESTRATOR] [DEBUG] 🔍 Symbol extraction for C:\Users\RakaThinkpad\Documents\Project\educatedplanet\admin\src\components\providers\global-loading-provider.tsx: 5 symbols, 4 imports
[2025-11-05T12:07:56.302Z] [2025-11-05T12:07:56.301Z] [INDEXING-ORCHESTRATOR] [DEBUG] 📍 Chunk 8-26: 4 candidate symbols
[2025-11-05T12:07:56.302Z] [2025-11-05T12:07:56.301Z] [INDEXING-ORCHESTRATOR] [DEBUG] ✅ Chunk symbols after filtering: 4 symbols - LoadingContextType, LoadingContext, useLoading, LoadingProviderProps
[2025-11-05T12:07:56.302Z] [2025-11-05T12:07:56.301Z] [INDEXING-ORCHESTRATOR] [DEBUG] 📍 Chunk 28-151: 1 candidate symbols
[2025-11-05T12:07:56.302Z] [2025-11-05T12:07:56.301Z] [INDEXING-ORCHESTRATOR] [DEBUG] ✅ Chunk symbols after filtering: 1 symbols - LoadingProvider
[2025-11-05T12:07:56.302Z] [2025-11-05T12:07:56.301Z] [INDEXING-ORCHESTRATOR] [DEBUG] Created 2 semantic chunks for C:\Users\RakaThinkpad\Documents\Project\educatedplanet\admin\src\components\providers\global-loading-provider.tsx
[2025-11-05T12:07:56.302Z] [2025-11-05T12:07:56.301Z] [INDEXING-ORCHESTRATOR] [DEBUG] Average chunk size: 1915 characters
[2025-11-05T12:07:56.302Z] [2025-11-05T12:07:56.301Z] [INDEXING-ORCHESTRATOR] [DEBUG] 📊 Processed: 60/220 files
[2025-11-05T12:07:56.311Z] [2025-11-05T12:07:56.310Z] [TREESITTER-CHUNKER] [INFO] Created 1 semantic chunks from C:\Users\RakaThinkpad\Documents\Project\educatedplanet\admin\src\components\providers\query-client-provider.tsx
[2025-11-05T12:07:56.315Z] [2025-11-05T12:07:56.314Z] [TREESITTER-FULL] [INFO] Extracted 2 symbols from C:\Users\RakaThinkpad\Documents\Project\educatedplanet\admin\src\components\providers\query-client-provider.tsx
[2025-11-05T12:07:56.315Z] [2025-11-05T12:07:56.314Z] [INDEXING-ORCHESTRATOR] [DEBUG] 🔍 Symbol extraction for C:\Users\RakaThinkpad\Documents\Project\educatedplanet\admin\src\components\providers\query-client-provider.tsx: 2 symbols, 2 imports
[2025-11-05T12:07:56.315Z] [2025-11-05T12:07:56.314Z] [INDEXING-ORCHESTRATOR] [DEBUG] 📍 Chunk 6-28: 2 candidate symbols
[2025-11-05T12:07:56.315Z] [2025-11-05T12:07:56.314Z] [INDEXING-ORCHESTRATOR] [DEBUG] ✅ Chunk symbols after filtering: 2 symbols - QueryClientProviderProps, CustomQueryClientProvider
[2025-11-05T12:07:56.315Z] [2025-11-05T12:07:56.314Z] [INDEXING-ORCHESTRATOR] [DEBUG] Created 1 semantic chunks for C:\Users\RakaThinkpad\Documents\Project\educatedplanet\admin\src\components\providers\query-client-provider.tsx
[2025-11-05T12:07:56.315Z] [2025-11-05T12:07:56.314Z] [INDEXING-ORCHESTRATOR] [DEBUG] Average chunk size: 482 characters
[2025-11-05T12:07:56.317Z] [2025-11-05T12:07:56.316Z] [TREESITTER-CHUNKER] [INFO] Created 1 semantic chunks from C:\Users\RakaThinkpad\Documents\Project\educatedplanet\admin\src\components\providers\providers-wrapper.tsx
[2025-11-05T12:07:56.318Z] [2025-11-05T12:07:56.317Z] [TREESITTER-FULL] [INFO] Extracted 2 symbols from C:\Users\RakaThinkpad\Documents\Project\educatedplanet\admin\src\components\providers\providers-wrapper.tsx
[2025-11-05T12:07:56.318Z] [2025-11-05T12:07:56.317Z] [INDEXING-ORCHESTRATOR] [DEBUG] 🔍 Symbol extraction for C:\Users\RakaThinkpad\Documents\Project\educatedplanet\admin\src\components\providers\providers-wrapper.tsx: 2 symbols, 2 imports
[2025-11-05T12:07:56.318Z] [2025-11-05T12:07:56.317Z] [INDEXING-ORCHESTRATOR] [DEBUG] 📍 Chunk 6-16: 2 candidate symbols
[2025-11-05T12:07:56.318Z] [2025-11-05T12:07:56.318Z] [INDEXING-ORCHESTRATOR] [DEBUG] ✅ Chunk symbols after filtering: 2 symbols - ProvidersWrapperProps, ProvidersWrapper
[2025-11-05T12:07:56.318Z] [2025-11-05T12:07:56.318Z] [INDEXING-ORCHESTRATOR] [DEBUG] Created 1 semantic chunks for C:\Users\RakaThinkpad\Documents\Project\educatedplanet\admin\src\components\providers\providers-wrapper.tsx
[2025-11-05T12:07:56.318Z] [2025-11-05T12:07:56.318Z] [INDEXING-ORCHESTRATOR] [DEBUG] Average chunk size: 209 characters
[2025-11-05T12:07:56.321Z] [2025-11-05T12:07:56.321Z] [TREESITTER-CHUNKER] [INFO] Created 1 semantic chunks from C:\Users\RakaThinkpad\Documents\Project\educatedplanet\admin\src\components\simple-icon.tsx
[2025-11-05T12:07:56.326Z] [2025-11-05T12:07:56.325Z] [TREESITTER-FULL] [INFO] Extracted 2 symbols from C:\Users\RakaThinkpad\Documents\Project\educatedplanet\admin\src\components\simple-icon.tsx
[2025-11-05T12:07:56.326Z] [2025-11-05T12:07:56.325Z] [INDEXING-ORCHESTRATOR] [DEBUG] 🔍 Symbol extraction for C:\Users\RakaThinkpad\Documents\Project\educatedplanet\admin\src\components\simple-icon.tsx: 2 symbols, 3 imports
[2025-11-05T12:07:56.326Z] [2025-11-05T12:07:56.325Z] [INDEXING-ORCHESTRATOR] [DEBUG] 📍 Chunk 9-30: 2 candidate symbols
[2025-11-05T12:07:56.326Z] [2025-11-05T12:07:56.325Z] [INDEXING-ORCHESTRATOR] [DEBUG] ✅ Chunk symbols after filtering: 2 symbols - SimpleIconProps, SimpleIcon
[2025-11-05T12:07:56.326Z] [2025-11-05T12:07:56.325Z] [INDEXING-ORCHESTRATOR] [DEBUG] Created 1 semantic chunks for C:\Users\RakaThinkpad\Documents\Project\educatedplanet\admin\src\components\simple-icon.tsx
[2025-11-05T12:07:56.326Z] [2025-11-05T12:07:56.326Z] [INDEXING-ORCHESTRATOR] [DEBUG] Average chunk size: 506 characters
[2025-11-05T12:07:56.338Z] [2025-11-05T12:07:56.337Z] [TREESITTER-CHUNKER] [INFO] Created 2 semantic chunks from C:\Users\RakaThinkpad\Documents\Project\educatedplanet\admin\src\components\ui\accordion.tsx
[2025-11-05T12:07:56.354Z] [2025-11-05T12:07:56.354Z] [TREESITTER-FULL] [INFO] Extracted 2 symbols from C:\Users\RakaThinkpad\Documents\Project\educatedplanet\admin\src\components\ui\accordion.tsx
[2025-11-05T12:07:56.354Z] [2025-11-05T12:07:56.354Z] [INDEXING-ORCHESTRATOR] [DEBUG] 🔍 Symbol extraction for C:\Users\RakaThinkpad\Documents\Project\educatedplanet\admin\src\components\ui\accordion.tsx: 2 symbols, 4 imports
[2025-11-05T12:07:56.354Z] [2025-11-05T12:07:56.354Z] [INDEXING-ORCHESTRATOR] [DEBUG] 📍 Chunk 15-48: 2 candidate symbols
[2025-11-05T12:07:56.354Z] [2025-11-05T12:07:56.354Z] [INDEXING-ORCHESTRATOR] [DEBUG] ✅ Chunk symbols after filtering: 2 symbols - AccordionItem, AccordionTrigger
[2025-11-05T12:07:56.354Z] [2025-11-05T12:07:56.354Z] [INDEXING-ORCHESTRATOR] [DEBUG] 📍 Chunk 49-67: 0 candidate symbols
[2025-11-05T12:07:56.354Z] [2025-11-05T12:07:56.354Z] [INDEXING-ORCHESTRATOR] [DEBUG] ✅ Chunk symbols after filtering: 0 symbols - 
[2025-11-05T12:07:56.354Z] [2025-11-05T12:07:56.354Z] [INDEXING-ORCHESTRATOR] [DEBUG] Created 2 semantic chunks for C:\Users\RakaThinkpad\Documents\Project\educatedplanet\admin\src\components\ui\accordion.tsx
[2025-11-05T12:07:56.354Z] [2025-11-05T12:07:56.354Z] [INDEXING-ORCHESTRATOR] [DEBUG] Average chunk size: 872 characters
[2025-11-05T12:07:56.365Z] [2025-11-05T12:07:56.365Z] [TREESITTER-CHUNKER] [INFO] Created 4 semantic chunks from C:\Users\RakaThinkpad\Documents\Project\educatedplanet\admin\src\components\ui\alert-dialog.tsx
[2025-11-05T12:07:56.389Z] [2025-11-05T12:07:56.389Z] [TREESITTER-FULL] [INFO] Extracted 2 symbols from C:\Users\RakaThinkpad\Documents\Project\educatedplanet\admin\src\components\ui\alert-dialog.tsx
[2025-11-05T12:07:56.389Z] [2025-11-05T12:07:56.389Z] [INDEXING-ORCHESTRATOR] [DEBUG] 🔍 Symbol extraction for C:\Users\RakaThinkpad\Documents\Project\educatedplanet\admin\src\components\ui\alert-dialog.tsx: 2 symbols, 4 imports
[2025-11-05T12:07:56.390Z] [2025-11-05T12:07:56.389Z] [INDEXING-ORCHESTRATOR] [DEBUG] 📍 Chunk 15-29: 2 candidate symbols
[2025-11-05T12:07:56.390Z] [2025-11-05T12:07:56.389Z] [INDEXING-ORCHESTRATOR] [DEBUG] ✅ Chunk symbols after filtering: 2 symbols - AlertDialogTrigger, AlertDialogPortal
[2025-11-05T12:07:56.390Z] [2025-11-05T12:07:56.389Z] [INDEXING-ORCHESTRATOR] [DEBUG] 📍 Chunk 73-74: 0 candidate symbols
[2025-11-05T12:07:56.390Z] [2025-11-05T12:07:56.389Z] [INDEXING-ORCHESTRATOR] [DEBUG] ✅ Chunk symbols after filtering: 0 symbols - 
[2025-11-05T12:07:56.390Z] [2025-11-05T12:07:56.389Z] [INDEXING-ORCHESTRATOR] [DEBUG] 📍 Chunk 86-90: 0 candidate symbols
[2025-11-05T12:07:56.390Z] [2025-11-05T12:07:56.389Z] [INDEXING-ORCHESTRATOR] [DEBUG] ✅ Chunk symbols after filtering: 0 symbols - 
[2025-11-05T12:07:56.390Z] [2025-11-05T12:07:56.389Z] [INDEXING-ORCHESTRATOR] [DEBUG] 📍 Chunk 91-158: 0 candidate symbols
[2025-11-05T12:07:56.390Z] [2025-11-05T12:07:56.389Z] [INDEXING-ORCHESTRATOR] [DEBUG] ✅ Chunk symbols after filtering: 0 symbols - 
[2025-11-05T12:07:56.390Z] [2025-11-05T12:07:56.389Z] [INDEXING-ORCHESTRATOR] [DEBUG] Created 4 semantic chunks for C:\Users\RakaThinkpad\Documents\Project\educatedplanet\admin\src\components\ui\alert-dialog.tsx
[2025-11-05T12:07:56.390Z] [2025-11-05T12:07:56.389Z] [INDEXING-ORCHESTRATOR] [DEBUG] Average chunk size: 508 characters
[2025-11-05T12:07:56.401Z] [2025-11-05T12:07:56.399Z] [TREESITTER-CHUNKER] [INFO] Created 4 semantic chunks from C:\Users\RakaThinkpad\Documents\Project\educatedplanet\admin\src\components\ui\alert.tsx
[2025-11-05T12:07:56.411Z] [2025-11-05T12:07:56.410Z] [TREESITTER-FULL] [INFO] Extracted 1 symbols from C:\Users\RakaThinkpad\Documents\Project\educatedplanet\admin\src\components\ui\alert.tsx
[2025-11-05T12:07:56.411Z] [2025-11-05T12:07:56.410Z] [INDEXING-ORCHESTRATOR] [DEBUG] 🔍 Symbol extraction for C:\Users\RakaThinkpad\Documents\Project\educatedplanet\admin\src\components\ui\alert.tsx: 1 symbols, 3 imports
[2025-11-05T12:07:56.411Z] [2025-11-05T12:07:56.410Z] [INDEXING-ORCHESTRATOR] [DEBUG] 📍 Chunk 31-32: 0 candidate symbols
[2025-11-05T12:07:56.411Z] [2025-11-05T12:07:56.410Z] [INDEXING-ORCHESTRATOR] [DEBUG] ✅ Chunk symbols after filtering: 0 symbols - 
[2025-11-05T12:07:56.411Z] [2025-11-05T12:07:56.410Z] [INDEXING-ORCHESTRATOR] [DEBUG] 📍 Chunk 41-45: 0 candidate symbols
[2025-11-05T12:07:56.411Z] [2025-11-05T12:07:56.410Z] [INDEXING-ORCHESTRATOR] [DEBUG] ✅ Chunk symbols after filtering: 0 symbols - 
[2025-11-05T12:07:56.411Z] [2025-11-05T12:07:56.410Z] [INDEXING-ORCHESTRATOR] [DEBUG] 📍 Chunk 57-61: 0 candidate symbols
[2025-11-05T12:07:56.411Z] [2025-11-05T12:07:56.410Z] [INDEXING-ORCHESTRATOR] [DEBUG] ✅ Chunk symbols after filtering: 0 symbols - 
[2025-11-05T12:07:56.411Z] [2025-11-05T12:07:56.410Z] [INDEXING-ORCHESTRATOR] [DEBUG] 📍 Chunk 62-67: 0 candidate symbols
[2025-11-05T12:07:56.411Z] [2025-11-05T12:07:56.410Z] [INDEXING-ORCHESTRATOR] [DEBUG] ✅ Chunk symbols after filtering: 0 symbols - 
[2025-11-05T12:07:56.411Z] [2025-11-05T12:07:56.410Z] [INDEXING-ORCHESTRATOR] [DEBUG] Created 4 semantic chunks for C:\Users\RakaThinkpad\Documents\Project\educatedplanet\admin\src\components\ui\alert.tsx
[2025-11-05T12:07:56.411Z] [2025-11-05T12:07:56.410Z] [INDEXING-ORCHESTRATOR] [DEBUG] Average chunk size: 100 characters
[2025-11-05T12:07:56.415Z] [2025-11-05T12:07:56.415Z] [TREESITTER-CHUNKER] [INFO] Created 1 semantic chunks from C:\Users\RakaThinkpad\Documents\Project\educatedplanet\admin\src\components\ui\aspect-ratio.tsx
[2025-11-05T12:07:56.417Z] [2025-11-05T12:07:56.417Z] [TREESITTER-FULL] [INFO] Extracted 0 symbols from C:\Users\RakaThinkpad\Documents\Project\educatedplanet\admin\src\components\ui\aspect-ratio.tsx
[2025-11-05T12:07:56.417Z] [2025-11-05T12:07:56.417Z] [INDEXING-ORCHESTRATOR] [DEBUG] 🔍 Symbol extraction for C:\Users\RakaThinkpad\Documents\Project\educatedplanet\admin\src\components\ui\aspect-ratio.tsx: 0 symbols, 1 imports
[2025-11-05T12:07:56.417Z] [2025-11-05T12:07:56.417Z] [INDEXING-ORCHESTRATOR] [DEBUG] 📍 Chunk 1-12: 0 candidate symbols
[2025-11-05T12:07:56.417Z] [2025-11-05T12:07:56.417Z] [INDEXING-ORCHESTRATOR] [DEBUG] ✅ Chunk symbols after filtering: 0 symbols - 
[2025-11-05T12:07:56.417Z] [2025-11-05T12:07:56.417Z] [INDEXING-ORCHESTRATOR] [DEBUG] Created 1 semantic chunks for C:\Users\RakaThinkpad\Documents\Project\educatedplanet\admin\src\components\ui\aspect-ratio.tsx
[2025-11-05T12:07:56.417Z] [2025-11-05T12:07:56.417Z] [INDEXING-ORCHESTRATOR] [DEBUG] Average chunk size: 283 characters
[2025-11-05T12:07:56.421Z] [2025-11-05T12:07:56.420Z] [TREESITTER-CHUNKER] [INFO] Created 1 semantic chunks from C:\Users\RakaThinkpad\Documents\Project\educatedplanet\admin\src\components\ui\avatar.tsx
[2025-11-05T12:07:56.425Z] [2025-11-05T12:07:56.424Z] [TREESITTER-FULL] [INFO] Extracted 0 symbols from C:\Users\RakaThinkpad\Documents\Project\educatedplanet\admin\src\components\ui\avatar.tsx
[2025-11-05T12:07:56.429Z] [2025-11-05T12:07:56.425Z] [INDEXING-ORCHESTRATOR] [DEBUG] 🔍 Symbol extraction for C:\Users\RakaThinkpad\Documents\Project\educatedplanet\admin\src\components\ui\avatar.tsx: 0 symbols, 3 imports
[2025-11-05T12:07:56.429Z] [2025-11-05T12:07:56.428Z] [INDEXING-ORCHESTRATOR] [DEBUG] 📍 Chunk 1-54: 0 candidate symbols
[2025-11-05T12:07:56.429Z] [2025-11-05T12:07:56.429Z] [INDEXING-ORCHESTRATOR] [DEBUG] ✅ Chunk symbols after filtering: 0 symbols - 
[2025-11-05T12:07:56.429Z] [2025-11-05T12:07:56.429Z] [INDEXING-ORCHESTRATOR] [DEBUG] Created 1 semantic chunks for C:\Users\RakaThinkpad\Documents\Project\educatedplanet\admin\src\components\ui\avatar.tsx
[2025-11-05T12:07:56.429Z] [2025-11-05T12:07:56.429Z] [INDEXING-ORCHESTRATOR] [DEBUG] Average chunk size: 1143 characters
[2025-11-05T12:07:56.438Z] [2025-11-05T12:07:56.438Z] [TREESITTER-CHUNKER] [INFO] Created 7 semantic chunks from C:\Users\RakaThinkpad\Documents\Project\educatedplanet\admin\src\components\ui\breadcrumb.tsx
[2025-11-05T12:07:56.472Z] [2025-11-05T12:07:56.471Z] [TREESITTER-FULL] [INFO] Extracted 1 symbols from C:\Users\RakaThinkpad\Documents\Project\educatedplanet\admin\src\components\ui\breadcrumb.tsx
[2025-11-05T12:07:56.472Z] [2025-11-05T12:07:56.471Z] [INDEXING-ORCHESTRATOR] [DEBUG] 🔍 Symbol extraction for C:\Users\RakaThinkpad\Documents\Project\educatedplanet\admin\src\components\ui\breadcrumb.tsx: 1 symbols, 4 imports
[2025-11-05T12:07:56.472Z] [2025-11-05T12:07:56.471Z] [INDEXING-ORCHESTRATOR] [DEBUG] 📍 Chunk 7-9: 1 candidate symbols
[2025-11-05T12:07:56.472Z] [2025-11-05T12:07:56.471Z] [INDEXING-ORCHESTRATOR] [DEBUG] ✅ Chunk symbols after filtering: 1 symbols - Breadcrumb
[2025-11-05T12:07:56.472Z] [2025-11-05T12:07:56.471Z] [INDEXING-ORCHESTRATOR] [DEBUG] 📍 Chunk 15-19: 0 candidate symbols
[2025-11-05T12:07:56.472Z] [2025-11-05T12:07:56.471Z] [INDEXING-ORCHESTRATOR] [DEBUG] ✅ Chunk symbols after filtering: 0 symbols - 
[2025-11-05T12:07:56.472Z] [2025-11-05T12:07:56.471Z] [INDEXING-ORCHESTRATOR] [DEBUG] 📍 Chunk 28-29: 0 candidate symbols
[2025-11-05T12:07:56.472Z] [2025-11-05T12:07:56.471Z] [INDEXING-ORCHESTRATOR] [DEBUG] ✅ Chunk symbols after filtering: 0 symbols - 
[2025-11-05T12:07:56.472Z] [2025-11-05T12:07:56.472Z] [INDEXING-ORCHESTRATOR] [DEBUG] 📍 Chunk 46-47: 0 candidate symbols
[2025-11-05T12:07:56.472Z] [2025-11-05T12:07:56.472Z] [INDEXING-ORCHESTRATOR] [DEBUG] ✅ Chunk symbols after filtering: 0 symbols - 
[2025-11-05T12:07:56.472Z] [2025-11-05T12:07:56.472Z] [INDEXING-ORCHESTRATOR] [DEBUG] 📍 Chunk 59-60: 0 candidate symbols
[2025-11-05T12:07:56.472Z] [2025-11-05T12:07:56.472Z] [INDEXING-ORCHESTRATOR] [DEBUG] ✅ Chunk symbols after filtering: 0 symbols - 
[2025-11-05T12:07:56.472Z] [2025-11-05T12:07:56.472Z] [INDEXING-ORCHESTRATOR] [DEBUG] 📍 Chunk 75-93: 0 candidate symbols
[2025-11-05T12:07:56.472Z] [2025-11-05T12:07:56.472Z] [INDEXING-ORCHESTRATOR] [DEBUG] ✅ Chunk symbols after filtering: 0 symbols - 
[2025-11-05T12:07:56.472Z] [2025-11-05T12:07:56.472Z] [INDEXING-ORCHESTRATOR] [DEBUG] 📍 Chunk 94-110: 0 candidate symbols
[2025-11-05T12:07:56.472Z] [2025-11-05T12:07:56.472Z] [INDEXING-ORCHESTRATOR] [DEBUG] ✅ Chunk symbols after filtering: 0 symbols - 
[2025-11-05T12:07:56.472Z] [2025-11-05T12:07:56.472Z] [INDEXING-ORCHESTRATOR] [DEBUG] Created 7 semantic chunks for C:\Users\RakaThinkpad\Documents\Project\educatedplanet\admin\src\components\ui\breadcrumb.tsx
[2025-11-05T12:07:56.472Z] [2025-11-05T12:07:56.472Z] [INDEXING-ORCHESTRATOR] [DEBUG] Average chunk size: 169 characters
[2025-11-05T12:07:56.477Z] [2025-11-05T12:07:56.476Z] [TREESITTER-CHUNKER] [INFO] Created 2 semantic chunks from C:\Users\RakaThinkpad\Documents\Project\educatedplanet\admin\src\components\ui\badge.tsx
[2025-11-05T12:07:56.486Z] [2025-11-05T12:07:56.486Z] [TREESITTER-FULL] [INFO] Extracted 2 symbols from C:\Users\RakaThinkpad\Documents\Project\educatedplanet\admin\src\components\ui\badge.tsx
[2025-11-05T12:07:56.486Z] [2025-11-05T12:07:56.486Z] [INDEXING-ORCHESTRATOR] [DEBUG] 🔍 Symbol extraction for C:\Users\RakaThinkpad\Documents\Project\educatedplanet\admin\src\components\ui\badge.tsx: 2 symbols, 4 imports
[2025-11-05T12:07:56.486Z] [2025-11-05T12:07:56.486Z] [INDEXING-ORCHESTRATOR] [DEBUG] 📍 Chunk 28-41: 0 candidate symbols
[2025-11-05T12:07:56.487Z] [2025-11-05T12:07:56.486Z] [INDEXING-ORCHESTRATOR] [DEBUG] ✅ Chunk symbols after filtering: 0 symbols - 
[2025-11-05T12:07:56.487Z] [2025-11-05T12:07:56.486Z] [INDEXING-ORCHESTRATOR] [DEBUG] 📍 Chunk 42-47: 0 candidate symbols
[2025-11-05T12:07:56.487Z] [2025-11-05T12:07:56.486Z] [INDEXING-ORCHESTRATOR] [DEBUG] ✅ Chunk symbols after filtering: 0 symbols - 
[2025-11-05T12:07:56.487Z] [2025-11-05T12:07:56.486Z] [INDEXING-ORCHESTRATOR] [DEBUG] Created 2 semantic chunks for C:\Users\RakaThinkpad\Documents\Project\educatedplanet\admin\src\components\ui\badge.tsx
[2025-11-05T12:07:56.487Z] [2025-11-05T12:07:56.486Z] [INDEXING-ORCHESTRATOR] [DEBUG] Average chunk size: 201 characters
[2025-11-05T12:07:56.487Z] [2025-11-05T12:07:56.486Z] [INDEXING-ORCHESTRATOR] [DEBUG] 📊 Processed: 70/220 files
[2025-11-05T12:07:56.499Z] [2025-11-05T12:07:56.498Z] [TREESITTER-CHUNKER] [INFO] Created 2 semantic chunks from C:\Users\RakaThinkpad\Documents\Project\educatedplanet\admin\src\components\ui\button-group.tsx
[2025-11-05T12:07:56.508Z] [2025-11-05T12:07:56.507Z] [TREESITTER-FULL] [INFO] Extracted 1 symbols from C:\Users\RakaThinkpad\Documents\Project\educatedplanet\admin\src\components\ui\button-group.tsx
[2025-11-05T12:07:56.508Z] [2025-11-05T12:07:56.507Z] [INDEXING-ORCHESTRATOR] [DEBUG] 🔍 Symbol extraction for C:\Users\RakaThinkpad\Documents\Project\educatedplanet\admin\src\components\ui\button-group.tsx: 1 symbols, 4 imports
[2025-11-05T12:07:56.508Z] [2025-11-05T12:07:56.507Z] [INDEXING-ORCHESTRATOR] [DEBUG] 📍 Chunk 69-73: 0 candidate symbols
[2025-11-05T12:07:56.508Z] [2025-11-05T12:07:56.507Z] [INDEXING-ORCHESTRATOR] [DEBUG] ✅ Chunk symbols after filtering: 0 symbols - 
[2025-11-05T12:07:56.508Z] [2025-11-05T12:07:56.507Z] [INDEXING-ORCHESTRATOR] [DEBUG] 📍 Chunk 74-84: 0 candidate symbols
[2025-11-05T12:07:56.508Z] [2025-11-05T12:07:56.507Z] [INDEXING-ORCHESTRATOR] [DEBUG] ✅ Chunk symbols after filtering: 0 symbols - 
[2025-11-05T12:07:56.508Z] [2025-11-05T12:07:56.507Z] [INDEXING-ORCHESTRATOR] [DEBUG] Created 2 semantic chunks for C:\Users\RakaThinkpad\Documents\Project\educatedplanet\admin\src\components\ui\button-group.tsx
[2025-11-05T12:07:56.508Z] [2025-11-05T12:07:56.507Z] [INDEXING-ORCHESTRATOR] [DEBUG] Average chunk size: 122 characters
[2025-11-05T12:07:56.512Z] [2025-11-05T12:07:56.512Z] [TREESITTER-CHUNKER] [INFO] Created 1 semantic chunks from C:\Users\RakaThinkpad\Documents\Project\educatedplanet\admin\src\components\ui\button.tsx
[2025-11-05T12:07:56.523Z] [2025-11-05T12:07:56.523Z] [TREESITTER-FULL] [INFO] Extracted 1 symbols from C:\Users\RakaThinkpad\Documents\Project\educatedplanet\admin\src\components\ui\button.tsx
[2025-11-05T12:07:56.524Z] [2025-11-05T12:07:56.523Z] [INDEXING-ORCHESTRATOR] [DEBUG] 🔍 Symbol extraction for C:\Users\RakaThinkpad\Documents\Project\educatedplanet\admin\src\components\ui\button.tsx: 1 symbols, 4 imports
[2025-11-05T12:07:56.524Z] [2025-11-05T12:07:56.523Z] [INDEXING-ORCHESTRATOR] [DEBUG] 📍 Chunk 54-60: 0 candidate symbols
[2025-11-05T12:07:56.524Z] [2025-11-05T12:07:56.523Z] [INDEXING-ORCHESTRATOR] [DEBUG] ✅ Chunk symbols after filtering: 0 symbols - 
[2025-11-05T12:07:56.524Z] [2025-11-05T12:07:56.523Z] [INDEXING-ORCHESTRATOR] [DEBUG] Created 1 semantic chunks for C:\Users\RakaThinkpad\Documents\Project\educatedplanet\admin\src\components\ui\button.tsx
[2025-11-05T12:07:56.524Z] [2025-11-05T12:07:56.523Z] [INDEXING-ORCHESTRATOR] [DEBUG] Average chunk size: 120 characters
[2025-11-05T12:07:56.550Z] [2025-11-05T12:07:56.549Z] [TREESITTER-CHUNKER] [INFO] Created 6 semantic chunks from C:\Users\RakaThinkpad\Documents\Project\educatedplanet\admin\src\components\ui\calendar.tsx
[2025-11-05T12:07:56.596Z] [2025-11-05T12:07:56.595Z] [TREESITTER-FULL] [INFO] Extracted 1 symbols from C:\Users\RakaThinkpad\Documents\Project\educatedplanet\admin\src\components\ui\calendar.tsx
[2025-11-05T12:07:56.596Z] [2025-11-05T12:07:56.595Z] [INDEXING-ORCHESTRATOR] [DEBUG] 🔍 Symbol extraction for C:\Users\RakaThinkpad\Documents\Project\educatedplanet\admin\src\components\ui\calendar.tsx: 1 symbols, 5 imports
[2025-11-05T12:07:56.596Z] [2025-11-05T12:07:56.595Z] [INDEXING-ORCHESTRATOR] [DEBUG] 📍 Chunk 31-37: 0 candidate symbols
[2025-11-05T12:07:56.596Z] [2025-11-05T12:07:56.595Z] [INDEXING-ORCHESTRATOR] [DEBUG] ✅ Chunk symbols after filtering: 0 symbols - 
[2025-11-05T12:07:56.596Z] [2025-11-05T12:07:56.595Z] [INDEXING-ORCHESTRATOR] [DEBUG] 📍 Chunk 136-137: 0 candidate symbols
[2025-11-05T12:07:56.596Z] [2025-11-05T12:07:56.595Z] [INDEXING-ORCHESTRATOR] [DEBUG] ✅ Chunk symbols after filtering: 0 symbols - 
[2025-11-05T12:07:56.596Z] [2025-11-05T12:07:56.595Z] [INDEXING-ORCHESTRATOR] [DEBUG] 📍 Chunk 142-146: 0 candidate symbols
[2025-11-05T12:07:56.596Z] [2025-11-05T12:07:56.595Z] [INDEXING-ORCHESTRATOR] [DEBUG] ✅ Chunk symbols after filtering: 0 symbols - 
[2025-11-05T12:07:56.596Z] [2025-11-05T12:07:56.595Z] [INDEXING-ORCHESTRATOR] [DEBUG] 📍 Chunk 151-152: 0 candidate symbols
[2025-11-05T12:07:56.596Z] [2025-11-05T12:07:56.595Z] [INDEXING-ORCHESTRATOR] [DEBUG] ✅ Chunk symbols after filtering: 0 symbols - 
[2025-11-05T12:07:56.596Z] [2025-11-05T12:07:56.595Z] [INDEXING-ORCHESTRATOR] [DEBUG] 📍 Chunk 206-211: 0 candidate symbols
[2025-11-05T12:07:56.596Z] [2025-11-05T12:07:56.595Z] [INDEXING-ORCHESTRATOR] [DEBUG] ✅ Chunk symbols after filtering: 0 symbols - 
[2025-11-05T12:07:56.596Z] [2025-11-05T12:07:56.595Z] [INDEXING-ORCHESTRATOR] [DEBUG] 📍 Chunk 212-217: 0 candidate symbols
[2025-11-05T12:07:56.596Z] [2025-11-05T12:07:56.595Z] [INDEXING-ORCHESTRATOR] [DEBUG] ✅ Chunk symbols after filtering: 0 symbols - 
[2025-11-05T12:07:56.596Z] [2025-11-05T12:07:56.595Z] [INDEXING-ORCHESTRATOR] [DEBUG] Created 6 semantic chunks for C:\Users\RakaThinkpad\Documents\Project\educatedplanet\admin\src\components\ui\calendar.tsx
[2025-11-05T12:07:56.596Z] [2025-11-05T12:07:56.595Z] [INDEXING-ORCHESTRATOR] [DEBUG] Average chunk size: 274 characters
[2025-11-05T12:07:56.604Z] [2025-11-05T12:07:56.604Z] [TREESITTER-CHUNKER] [INFO] Created 8 semantic chunks from C:\Users\RakaThinkpad\Documents\Project\educatedplanet\admin\src\components\ui\card.tsx
[2025-11-05T12:07:56.624Z] [2025-11-05T12:07:56.623Z] [TREESITTER-FULL] [INFO] Extracted 0 symbols from C:\Users\RakaThinkpad\Documents\Project\educatedplanet\admin\src\components\ui\card.tsx
[2025-11-05T12:07:56.624Z] [2025-11-05T12:07:56.623Z] [INDEXING-ORCHESTRATOR] [DEBUG] 🔍 Symbol extraction for C:\Users\RakaThinkpad\Documents\Project\educatedplanet\admin\src\components\ui\card.tsx: 0 symbols, 2 imports
[2025-11-05T12:07:56.624Z] [2025-11-05T12:07:56.623Z] [INDEXING-ORCHESTRATOR] [DEBUG] 📍 Chunk 9-13: 0 candidate symbols
[2025-11-05T12:07:56.624Z] [2025-11-05T12:07:56.623Z] [INDEXING-ORCHESTRATOR] [DEBUG] ✅ Chunk symbols after filtering: 0 symbols - 
[2025-11-05T12:07:56.624Z] [2025-11-05T12:07:56.623Z] [INDEXING-ORCHESTRATOR] [DEBUG] 📍 Chunk 22-26: 0 candidate symbols
[2025-11-05T12:07:56.624Z] [2025-11-05T12:07:56.623Z] [INDEXING-ORCHESTRATOR] [DEBUG] ✅ Chunk symbols after filtering: 0 symbols - 
[2025-11-05T12:07:56.624Z] [2025-11-05T12:07:56.623Z] [INDEXING-ORCHESTRATOR] [DEBUG] 📍 Chunk 35-36: 0 candidate symbols
[2025-11-05T12:07:56.624Z] [2025-11-05T12:07:56.623Z] [INDEXING-ORCHESTRATOR] [DEBUG] ✅ Chunk symbols after filtering: 0 symbols - 
[2025-11-05T12:07:56.624Z] [2025-11-05T12:07:56.623Z] [INDEXING-ORCHESTRATOR] [DEBUG] 📍 Chunk 45-46: 0 candidate symbols
[2025-11-05T12:07:56.624Z] [2025-11-05T12:07:56.623Z] [INDEXING-ORCHESTRATOR] [DEBUG] ✅ Chunk symbols after filtering: 0 symbols - 
[2025-11-05T12:07:56.624Z] [2025-11-05T12:07:56.623Z] [INDEXING-ORCHESTRATOR] [DEBUG] 📍 Chunk 55-59: 0 candidate symbols
[2025-11-05T12:07:56.624Z] [2025-11-05T12:07:56.623Z] [INDEXING-ORCHESTRATOR] [DEBUG] ✅ Chunk symbols after filtering: 0 symbols - 
[2025-11-05T12:07:56.624Z] [2025-11-05T12:07:56.623Z] [INDEXING-ORCHESTRATOR] [DEBUG] 📍 Chunk 68-69: 0 candidate symbols
[2025-11-05T12:07:56.624Z] [2025-11-05T12:07:56.623Z] [INDEXING-ORCHESTRATOR] [DEBUG] ✅ Chunk symbols after filtering: 0 symbols - 
[2025-11-05T12:07:56.624Z] [2025-11-05T12:07:56.624Z] [INDEXING-ORCHESTRATOR] [DEBUG] 📍 Chunk 78-79: 0 candidate symbols
[2025-11-05T12:07:56.625Z] [2025-11-05T12:07:56.624Z] [INDEXING-ORCHESTRATOR] [DEBUG] ✅ Chunk symbols after filtering: 0 symbols - 
[2025-11-05T12:07:56.625Z] [2025-11-05T12:07:56.624Z] [INDEXING-ORCHESTRATOR] [DEBUG] 📍 Chunk 80-93: 0 candidate symbols
[2025-11-05T12:07:56.625Z] [2025-11-05T12:07:56.624Z] [INDEXING-ORCHESTRATOR] [DEBUG] ✅ Chunk symbols after filtering: 0 symbols - 
[2025-11-05T12:07:56.625Z] [2025-11-05T12:07:56.624Z] [INDEXING-ORCHESTRATOR] [DEBUG] Created 8 semantic chunks for C:\Users\RakaThinkpad\Documents\Project\educatedplanet\admin\src\components\ui\card.tsx
[2025-11-05T12:07:56.625Z] [2025-11-05T12:07:56.624Z] [INDEXING-ORCHESTRATOR] [DEBUG] Average chunk size: 107 characters
[2025-11-05T12:07:56.655Z] [2025-11-05T12:07:56.654Z] [TREESITTER-CHUNKER] [INFO] Created 6 semantic chunks from C:\Users\RakaThinkpad\Documents\Project\educatedplanet\admin\src\components\ui\carousel.tsx
[2025-11-05T12:07:56.702Z] [2025-11-05T12:07:56.701Z] [TREESITTER-FULL] [INFO] Extracted 9 symbols from C:\Users\RakaThinkpad\Documents\Project\educatedplanet\admin\src\components\ui\carousel.tsx
[2025-11-05T12:07:56.702Z] [2025-11-05T12:07:56.701Z] [INDEXING-ORCHESTRATOR] [DEBUG] 🔍 Symbol extraction for C:\Users\RakaThinkpad\Documents\Project\educatedplanet\admin\src\components\ui\carousel.tsx: 9 symbols, 5 imports
[2025-11-05T12:07:56.702Z] [2025-11-05T12:07:56.701Z] [INDEXING-ORCHESTRATOR] [DEBUG] 📍 Chunk 12-43: 8 candidate symbols
[2025-11-05T12:07:56.702Z] [2025-11-05T12:07:56.701Z] [INDEXING-ORCHESTRATOR] [DEBUG] ✅ Chunk symbols after filtering: 8 symbols - CarouselApi, UseCarouselParameters, CarouselOptions, CarouselPlugin, CarouselProps, CarouselContextProps, CarouselContext, useCarousel
[2025-11-05T12:07:56.702Z] [2025-11-05T12:07:56.701Z] [INDEXING-ORCHESTRATOR] [DEBUG] 📍 Chunk 45-123: 1 candidate symbols
[2025-11-05T12:07:56.702Z] [2025-11-05T12:07:56.701Z] [INDEXING-ORCHESTRATOR] [DEBUG] ✅ Chunk symbols after filtering: 1 symbols - Carousel
[2025-11-05T12:07:56.702Z] [2025-11-05T12:07:56.701Z] [INDEXING-ORCHESTRATOR] [DEBUG] 📍 Chunk 145-150: 0 candidate symbols
[2025-11-05T12:07:56.702Z] [2025-11-05T12:07:56.701Z] [INDEXING-ORCHESTRATOR] [DEBUG] ✅ Chunk symbols after filtering: 0 symbols - 
[2025-11-05T12:07:56.702Z] [2025-11-05T12:07:56.701Z] [INDEXING-ORCHESTRATOR] [DEBUG] 📍 Chunk 187-194: 0 candidate symbols
[2025-11-05T12:07:56.702Z] [2025-11-05T12:07:56.701Z] [INDEXING-ORCHESTRATOR] [DEBUG] ✅ Chunk symbols after filtering: 0 symbols - 
[2025-11-05T12:07:56.702Z] [2025-11-05T12:07:56.701Z] [INDEXING-ORCHESTRATOR] [DEBUG] 📍 Chunk 217-224: 0 candidate symbols
[2025-11-05T12:07:56.702Z] [2025-11-05T12:07:56.701Z] [INDEXING-ORCHESTRATOR] [DEBUG] ✅ Chunk symbols after filtering: 0 symbols - 
[2025-11-05T12:07:56.702Z] [2025-11-05T12:07:56.701Z] [INDEXING-ORCHESTRATOR] [DEBUG] 📍 Chunk 225-242: 0 candidate symbols
[2025-11-05T12:07:56.702Z] [2025-11-05T12:07:56.701Z] [INDEXING-ORCHESTRATOR] [DEBUG] ✅ Chunk symbols after filtering: 0 symbols - 
[2025-11-05T12:07:56.702Z] [2025-11-05T12:07:56.701Z] [INDEXING-ORCHESTRATOR] [DEBUG] Created 6 semantic chunks for C:\Users\RakaThinkpad\Documents\Project\educatedplanet\admin\src\components\ui\carousel.tsx
[2025-11-05T12:07:56.702Z] [2025-11-05T12:07:56.701Z] [INDEXING-ORCHESTRATOR] [DEBUG] Average chunk size: 623 characters
[2025-11-05T12:07:56.742Z] [2025-11-05T12:07:56.741Z] [TREESITTER-CHUNKER] [INFO] Created 3 semantic chunks from C:\Users\RakaThinkpad\Documents\Project\educatedplanet\admin\src\components\ui\chart.tsx
[2025-11-05T12:07:56.821Z] [2025-11-05T12:07:56.821Z] [TREESITTER-FULL] [INFO] Extracted 9 symbols from C:\Users\RakaThinkpad\Documents\Project\educatedplanet\admin\src\components\ui\chart.tsx
[2025-11-05T12:07:56.821Z] [2025-11-05T12:07:56.821Z] [INDEXING-ORCHESTRATOR] [DEBUG] 🔍 Symbol extraction for C:\Users\RakaThinkpad\Documents\Project\educatedplanet\admin\src\components\ui\chart.tsx: 9 symbols, 3 imports
[2025-11-05T12:07:56.821Z] [2025-11-05T12:07:56.821Z] [INDEXING-ORCHESTRATOR] [DEBUG] 📍 Chunk 11-35: 4 candidate symbols
[2025-11-05T12:07:56.821Z] [2025-11-05T12:07:56.821Z] [INDEXING-ORCHESTRATOR] [DEBUG] ✅ Chunk symbols after filtering: 4 symbols - ChartConfig, ChartContextProps, ChartContext, useChart
[2025-11-05T12:07:56.821Z] [2025-11-05T12:07:56.821Z] [INDEXING-ORCHESTRATOR] [DEBUG] 📍 Chunk 37-61: 0 candidate symbols
[2025-11-05T12:07:56.821Z] [2025-11-05T12:07:56.821Z] [INDEXING-ORCHESTRATOR] [DEBUG] ✅ Chunk symbols after filtering: 0 symbols - 
[2025-11-05T12:07:56.821Z] [2025-11-05T12:07:56.821Z] [INDEXING-ORCHESTRATOR] [DEBUG] 📍 Chunk 62-358: 4 candidate symbols
[2025-11-05T12:07:56.821Z] [2025-11-05T12:07:56.821Z] [INDEXING-ORCHESTRATOR] [DEBUG] ✅ Chunk symbols after filtering: 4 symbols - colorConfig, itemConfig, itemConfig, itemConfig
[2025-11-05T12:07:56.821Z] [2025-11-05T12:07:56.821Z] [INDEXING-ORCHESTRATOR] [DEBUG] Created 3 semantic chunks for C:\Users\RakaThinkpad\Documents\Project\educatedplanet\admin\src\components\ui\chart.tsx
[2025-11-05T12:07:56.821Z] [2025-11-05T12:07:56.821Z] [INDEXING-ORCHESTRATOR] [DEBUG] Average chunk size: 3392 characters
[2025-11-05T12:07:56.823Z] [2025-11-05T12:07:56.823Z] [TREESITTER-CHUNKER] [INFO] Created 1 semantic chunks from C:\Users\RakaThinkpad\Documents\Project\educatedplanet\admin\src\components\ui\checkbox.tsx
[2025-11-05T12:07:56.828Z] [2025-11-05T12:07:56.828Z] [TREESITTER-FULL] [INFO] Extracted 1 symbols from C:\Users\RakaThinkpad\Documents\Project\educatedplanet\admin\src\components\ui\checkbox.tsx
[2025-11-05T12:07:56.828Z] [2025-11-05T12:07:56.828Z] [INDEXING-ORCHESTRATOR] [DEBUG] 🔍 Symbol extraction for C:\Users\RakaThinkpad\Documents\Project\educatedplanet\admin\src\components\ui\checkbox.tsx: 1 symbols, 4 imports
[2025-11-05T12:07:56.828Z] [2025-11-05T12:07:56.828Z] [INDEXING-ORCHESTRATOR] [DEBUG] 📍 Chunk 9-30: 1 candidate symbols
[2025-11-05T12:07:56.828Z] [2025-11-05T12:07:56.828Z] [INDEXING-ORCHESTRATOR] [DEBUG] ✅ Chunk symbols after filtering: 1 symbols - Checkbox
[2025-11-05T12:07:56.828Z] [2025-11-05T12:07:56.828Z] [INDEXING-ORCHESTRATOR] [DEBUG] Created 1 semantic chunks for C:\Users\RakaThinkpad\Documents\Project\educatedplanet\admin\src\components\ui\checkbox.tsx
[2025-11-05T12:07:56.829Z] [2025-11-05T12:07:56.828Z] [INDEXING-ORCHESTRATOR] [DEBUG] Average chunk size: 1035 characters
[2025-11-05T12:07:56.845Z] [2025-11-05T12:07:56.844Z] [TREESITTER-CHUNKER] [INFO] Created 4 semantic chunks from C:\Users\RakaThinkpad\Documents\Project\educatedplanet\admin\src\components\ui\command.tsx
[2025-11-05T12:07:56.879Z] [2025-11-05T12:07:56.878Z] [TREESITTER-FULL] [INFO] Extracted 0 symbols from C:\Users\RakaThinkpad\Documents\Project\educatedplanet\admin\src\components\ui\command.tsx
[2025-11-05T12:07:56.879Z] [2025-11-05T12:07:56.878Z] [INDEXING-ORCHESTRATOR] [DEBUG] 🔍 Symbol extraction for C:\Users\RakaThinkpad\Documents\Project\educatedplanet\admin\src\components\ui\command.tsx: 0 symbols, 5 imports
[2025-11-05T12:07:56.879Z] [2025-11-05T12:07:56.878Z] [INDEXING-ORCHESTRATOR] [DEBUG] 📍 Chunk 23-27: 0 candidate symbols
[2025-11-05T12:07:56.879Z] [2025-11-05T12:07:56.878Z] [INDEXING-ORCHESTRATOR] [DEBUG] ✅ Chunk symbols after filtering: 0 symbols - 
[2025-11-05T12:07:56.879Z] [2025-11-05T12:07:56.878Z] [INDEXING-ORCHESTRATOR] [DEBUG] 📍 Chunk 92-96: 0 candidate symbols
[2025-11-05T12:07:56.879Z] [2025-11-05T12:07:56.878Z] [INDEXING-ORCHESTRATOR] [DEBUG] ✅ Chunk symbols after filtering: 0 symbols - 
[2025-11-05T12:07:56.879Z] [2025-11-05T12:07:56.878Z] [INDEXING-ORCHESTRATOR] [DEBUG] 📍 Chunk 165-169: 0 candidate symbols
[2025-11-05T12:07:56.879Z] [2025-11-05T12:07:56.878Z] [INDEXING-ORCHESTRATOR] [DEBUG] ✅ Chunk symbols after filtering: 0 symbols - 
[2025-11-05T12:07:56.879Z] [2025-11-05T12:07:56.878Z] [INDEXING-ORCHESTRATOR] [DEBUG] 📍 Chunk 170-185: 0 candidate symbols
[2025-11-05T12:07:56.879Z] [2025-11-05T12:07:56.878Z] [INDEXING-ORCHESTRATOR] [DEBUG] ✅ Chunk symbols after filtering: 0 symbols - 
[2025-11-05T12:07:56.879Z] [2025-11-05T12:07:56.878Z] [INDEXING-ORCHESTRATOR] [DEBUG] Created 4 semantic chunks for C:\Users\RakaThinkpad\Documents\Project\educatedplanet\admin\src\components\ui\command.tsx
[2025-11-05T12:07:56.879Z] [2025-11-05T12:07:56.878Z] [INDEXING-ORCHESTRATOR] [DEBUG] Average chunk size: 142 characters
[2025-11-05T12:07:56.881Z] [2025-11-05T12:07:56.881Z] [TREESITTER-CHUNKER] [INFO] Created 2 semantic chunks from C:\Users\RakaThinkpad\Documents\Project\educatedplanet\admin\src\components\ui\collapsible.tsx
[2025-11-05T12:07:56.885Z] [2025-11-05T12:07:56.884Z] [TREESITTER-FULL] [INFO] Extracted 0 symbols from C:\Users\RakaThinkpad\Documents\Project\educatedplanet\admin\src\components\ui\collapsible.tsx
[2025-11-05T12:07:56.885Z] [2025-11-05T12:07:56.884Z] [INDEXING-ORCHESTRATOR] [DEBUG] 🔍 Symbol extraction for C:\Users\RakaThinkpad\Documents\Project\educatedplanet\admin\src\components\ui\collapsible.tsx: 0 symbols, 1 imports
[2025-11-05T12:07:56.885Z] [2025-11-05T12:07:56.884Z] [INDEXING-ORCHESTRATOR] [DEBUG] 📍 Chunk 11-31: 0 candidate symbols
[2025-11-05T12:07:56.885Z] [2025-11-05T12:07:56.884Z] [INDEXING-ORCHESTRATOR] [DEBUG] ✅ Chunk symbols after filtering: 0 symbols - 
[2025-11-05T12:07:56.885Z] [2025-11-05T12:07:56.884Z] [INDEXING-ORCHESTRATOR] [DEBUG] 📍 Chunk 32-34: 0 candidate symbols
[2025-11-05T12:07:56.885Z] [2025-11-05T12:07:56.884Z] [INDEXING-ORCHESTRATOR] [DEBUG] ✅ Chunk symbols after filtering: 0 symbols - 
[2025-11-05T12:07:56.885Z] [2025-11-05T12:07:56.884Z] [INDEXING-ORCHESTRATOR] [DEBUG] Created 2 semantic chunks for C:\Users\RakaThinkpad\Documents\Project\educatedplanet\admin\src\components\ui\collapsible.tsx
[2025-11-05T12:07:56.885Z] [2025-11-05T12:07:56.884Z] [INDEXING-ORCHESTRATOR] [DEBUG] Average chunk size: 281 characters
[2025-11-05T12:07:56.897Z] [2025-11-05T12:07:56.896Z] [TREESITTER-CHUNKER] [INFO] Created 7 semantic chunks from C:\Users\RakaThinkpad\Documents\Project\educatedplanet\admin\src\components\ui\context-menu.tsx
[2025-11-05T12:07:56.925Z] [2025-11-05T12:07:56.924Z] [TREESITTER-FULL] [INFO] Extracted 5 symbols from C:\Users\RakaThinkpad\Documents\Project\educatedplanet\admin\src\components\ui\context-menu.tsx
[2025-11-05T12:07:56.925Z] [2025-11-05T12:07:56.925Z] [INDEXING-ORCHESTRATOR] [DEBUG] 🔍 Symbol extraction for C:\Users\RakaThinkpad\Documents\Project\educatedplanet\admin\src\components\ui\context-menu.tsx: 5 symbols, 4 imports
[2025-11-05T12:07:56.925Z] [2025-11-05T12:07:56.925Z] [INDEXING-ORCHESTRATOR] [DEBUG] 📍 Chunk 15-37: 3 candidate symbols
[2025-11-05T12:07:56.925Z] [2025-11-05T12:07:56.925Z] [INDEXING-ORCHESTRATOR] [DEBUG] ✅ Chunk symbols after filtering: 3 symbols - ContextMenuTrigger, ContextMenuGroup, ContextMenuPortal
[2025-11-05T12:07:56.925Z] [2025-11-05T12:07:56.925Z] [INDEXING-ORCHESTRATOR] [DEBUG] 📍 Chunk 45-54: 1 candidate symbols
[2025-11-05T12:07:56.925Z] [2025-11-05T12:07:56.925Z] [INDEXING-ORCHESTRATOR] [DEBUG] ✅ Chunk symbols after filtering: 1 symbols - ContextMenuRadioGroup
[2025-11-05T12:07:56.925Z] [2025-11-05T12:07:56.925Z] [INDEXING-ORCHESTRATOR] [DEBUG] 📍 Chunk 87-91: 0 candidate symbols
[2025-11-05T12:07:56.925Z] [2025-11-05T12:07:56.925Z] [INDEXING-ORCHESTRATOR] [DEBUG] ✅ Chunk symbols after filtering: 0 symbols - 
[2025-11-05T12:07:56.925Z] [2025-11-05T12:07:56.925Z] [INDEXING-ORCHESTRATOR] [DEBUG] 📍 Chunk 128-132: 0 candidate symbols
[2025-11-05T12:07:56.925Z] [2025-11-05T12:07:56.925Z] [INDEXING-ORCHESTRATOR] [DEBUG] ✅ Chunk symbols after filtering: 0 symbols - 
[2025-11-05T12:07:56.925Z] [2025-11-05T12:07:56.925Z] [INDEXING-ORCHESTRATOR] [DEBUG] 📍 Chunk 163-185: 1 candidate symbols
[2025-11-05T12:07:56.925Z] [2025-11-05T12:07:56.925Z] [INDEXING-ORCHESTRATOR] [DEBUG] ✅ Chunk symbols after filtering: 1 symbols - ContextMenuRadioItem
[2025-11-05T12:07:56.925Z] [2025-11-05T12:07:56.925Z] [INDEXING-ORCHESTRATOR] [DEBUG] 📍 Chunk 227-231: 0 candidate symbols
[2025-11-05T12:07:56.925Z] [2025-11-05T12:07:56.925Z] [INDEXING-ORCHESTRATOR] [DEBUG] ✅ Chunk symbols after filtering: 0 symbols - 
[2025-11-05T12:07:56.925Z] [2025-11-05T12:07:56.925Z] [INDEXING-ORCHESTRATOR] [DEBUG] 📍 Chunk 232-253: 0 candidate symbols
[2025-11-05T12:07:56.925Z] [2025-11-05T12:07:56.925Z] [INDEXING-ORCHESTRATOR] [DEBUG] ✅ Chunk symbols after filtering: 0 symbols - 
[2025-11-05T12:07:56.925Z] [2025-11-05T12:07:56.925Z] [INDEXING-ORCHESTRATOR] [DEBUG] Created 7 semantic chunks for C:\Users\RakaThinkpad\Documents\Project\educatedplanet\admin\src\components\ui\context-menu.tsx
[2025-11-05T12:07:56.925Z] [2025-11-05T12:07:56.925Z] [INDEXING-ORCHESTRATOR] [DEBUG] Average chunk size: 505 characters
[2025-11-05T12:07:56.926Z] [2025-11-05T12:07:56.925Z] [INDEXING-ORCHESTRATOR] [DEBUG] 📊 Processed: 80/220 files
[2025-11-05T12:07:56.944Z] [2025-11-05T12:07:56.943Z] [TREESITTER-CHUNKER] [INFO] Created 4 semantic chunks from C:\Users\RakaThinkpad\Documents\Project\educatedplanet\admin\src\components\ui\dialog.tsx
[2025-11-05T12:07:56.971Z] [2025-11-05T12:07:56.971Z] [TREESITTER-FULL] [INFO] Extracted 1 symbols from C:\Users\RakaThinkpad\Documents\Project\educatedplanet\admin\src\components\ui\dialog.tsx
[2025-11-05T12:07:56.971Z] [2025-11-05T12:07:56.971Z] [INDEXING-ORCHESTRATOR] [DEBUG] 🔍 Symbol extraction for C:\Users\RakaThinkpad\Documents\Project\educatedplanet\admin\src\components\ui\dialog.tsx: 1 symbols, 4 imports
[2025-11-05T12:07:56.971Z] [2025-11-05T12:07:56.971Z] [INDEXING-ORCHESTRATOR] [DEBUG] 📍 Chunk 87-88: 0 candidate symbols
[2025-11-05T12:07:56.971Z] [2025-11-05T12:07:56.971Z] [INDEXING-ORCHESTRATOR] [DEBUG] ✅ Chunk symbols after filtering: 0 symbols - 
[2025-11-05T12:07:56.971Z] [2025-11-05T12:07:56.971Z] [INDEXING-ORCHESTRATOR] [DEBUG] 📍 Chunk 97-101: 0 candidate symbols
[2025-11-05T12:07:56.971Z] [2025-11-05T12:07:56.971Z] [INDEXING-ORCHESTRATOR] [DEBUG] ✅ Chunk symbols after filtering: 0 symbols - 
[2025-11-05T12:07:56.971Z] [2025-11-05T12:07:56.971Z] [INDEXING-ORCHESTRATOR] [DEBUG] 📍 Chunk 119-130: 1 candidate symbols
[2025-11-05T12:07:56.971Z] [2025-11-05T12:07:56.971Z] [INDEXING-ORCHESTRATOR] [DEBUG] ✅ Chunk symbols after filtering: 1 symbols - DialogDescription
[2025-11-05T12:07:56.971Z] [2025-11-05T12:07:56.971Z] [INDEXING-ORCHESTRATOR] [DEBUG] 📍 Chunk 131-144: 0 candidate symbols
[2025-11-05T12:07:56.971Z] [2025-11-05T12:07:56.971Z] [INDEXING-ORCHESTRATOR] [DEBUG] ✅ Chunk symbols after filtering: 0 symbols - 
[2025-11-05T12:07:56.971Z] [2025-11-05T12:07:56.971Z] [INDEXING-ORCHESTRATOR] [DEBUG] Created 4 semantic chunks for C:\Users\RakaThinkpad\Documents\Project\educatedplanet\admin\src\components\ui\dialog.tsx
[2025-11-05T12:07:56.971Z] [2025-11-05T12:07:56.971Z] [INDEXING-ORCHESTRATOR] [DEBUG] Average chunk size: 170 characters
[2025-11-05T12:07:56.996Z] [2025-11-05T12:07:56.995Z] [TREESITTER-CHUNKER] [INFO] Created 4 semantic chunks from C:\Users\RakaThinkpad\Documents\Project\educatedplanet\admin\src\components\ui\dropdown-menu.tsx
[2025-11-05T12:07:57.049Z] [2025-11-05T12:07:57.048Z] [TREESITTER-FULL] [INFO] Extracted 2 symbols from C:\Users\RakaThinkpad\Documents\Project\educatedplanet\admin\src\components\ui\dropdown-menu.tsx
[2025-11-05T12:07:57.049Z] [2025-11-05T12:07:57.049Z] [INDEXING-ORCHESTRATOR] [DEBUG] 🔍 Symbol extraction for C:\Users\RakaThinkpad\Documents\Project\educatedplanet\admin\src\components\ui\dropdown-menu.tsx: 2 symbols, 4 imports
[2025-11-05T12:07:57.049Z] [2025-11-05T12:07:57.049Z] [INDEXING-ORCHESTRATOR] [DEBUG] 📍 Chunk 15-32: 2 candidate symbols
[2025-11-05T12:07:57.049Z] [2025-11-05T12:07:57.049Z] [INDEXING-ORCHESTRATOR] [DEBUG] ✅ Chunk symbols after filtering: 2 symbols - DropdownMenuPortal, DropdownMenuTrigger
[2025-11-05T12:07:57.049Z] [2025-11-05T12:07:57.049Z] [INDEXING-ORCHESTRATOR] [DEBUG] 📍 Chunk 186-190: 0 candidate symbols
[2025-11-05T12:07:57.049Z] [2025-11-05T12:07:57.049Z] [INDEXING-ORCHESTRATOR] [DEBUG] ✅ Chunk symbols after filtering: 0 symbols - 
[2025-11-05T12:07:57.049Z] [2025-11-05T12:07:57.049Z] [INDEXING-ORCHESTRATOR] [DEBUG] 📍 Chunk 232-236: 0 candidate symbols
[2025-11-05T12:07:57.049Z] [2025-11-05T12:07:57.049Z] [INDEXING-ORCHESTRATOR] [DEBUG] ✅ Chunk symbols after filtering: 0 symbols - 
[2025-11-05T12:07:57.049Z] [2025-11-05T12:07:57.049Z] [INDEXING-ORCHESTRATOR] [DEBUG] 📍 Chunk 237-258: 0 candidate symbols
[2025-11-05T12:07:57.049Z] [2025-11-05T12:07:57.049Z] [INDEXING-ORCHESTRATOR] [DEBUG] ✅ Chunk symbols after filtering: 0 symbols - 
[2025-11-05T12:07:57.049Z] [2025-11-05T12:07:57.049Z] [INDEXING-ORCHESTRATOR] [DEBUG] Created 4 semantic chunks for C:\Users\RakaThinkpad\Documents\Project\educatedplanet\admin\src\components\ui\dropdown-menu.tsx
[2025-11-05T12:07:57.049Z] [2025-11-05T12:07:57.049Z] [INDEXING-ORCHESTRATOR] [DEBUG] Average chunk size: 375 characters
[2025-11-05T12:07:57.057Z] [2025-11-05T12:07:57.056Z] [TREESITTER-CHUNKER] [INFO] Created 4 semantic chunks from C:\Users\RakaThinkpad\Documents\Project\educatedplanet\admin\src\components\ui\drawer.tsx
[2025-11-05T12:07:57.084Z] [2025-11-05T12:07:57.084Z] [TREESITTER-FULL] [INFO] Extracted 1 symbols from C:\Users\RakaThinkpad\Documents\Project\educatedplanet\admin\src\components\ui\drawer.tsx
[2025-11-05T12:07:57.085Z] [2025-11-05T12:07:57.084Z] [INDEXING-ORCHESTRATOR] [DEBUG] 🔍 Symbol extraction for C:\Users\RakaThinkpad\Documents\Project\educatedplanet\admin\src\components\ui\drawer.tsx: 1 symbols, 3 imports
[2025-11-05T12:07:57.085Z] [2025-11-05T12:07:57.084Z] [INDEXING-ORCHESTRATOR] [DEBUG] 📍 Chunk 79-83: 0 candidate symbols
[2025-11-05T12:07:57.085Z] [2025-11-05T12:07:57.084Z] [INDEXING-ORCHESTRATOR] [DEBUG] ✅ Chunk symbols after filtering: 0 symbols - 
[2025-11-05T12:07:57.085Z] [2025-11-05T12:07:57.084Z] [INDEXING-ORCHESTRATOR] [DEBUG] 📍 Chunk 92-93: 0 candidate symbols
[2025-11-05T12:07:57.085Z] [2025-11-05T12:07:57.084Z] [INDEXING-ORCHESTRATOR] [DEBUG] ✅ Chunk symbols after filtering: 0 symbols - 
[2025-11-05T12:07:57.085Z] [2025-11-05T12:07:57.084Z] [INDEXING-ORCHESTRATOR] [DEBUG] 📍 Chunk 111-122: 1 candidate symbols
[2025-11-05T12:07:57.085Z] [2025-11-05T12:07:57.084Z] [INDEXING-ORCHESTRATOR] [DEBUG] ✅ Chunk symbols after filtering: 1 symbols - DrawerDescription
[2025-11-05T12:07:57.085Z] [2025-11-05T12:07:57.084Z] [INDEXING-ORCHESTRATOR] [DEBUG] 📍 Chunk 123-136: 0 candidate symbols
[2025-11-05T12:07:57.085Z] [2025-11-05T12:07:57.084Z] [INDEXING-ORCHESTRATOR] [DEBUG] ✅ Chunk symbols after filtering: 0 symbols - 
[2025-11-05T12:07:57.085Z] [2025-11-05T12:07:57.084Z] [INDEXING-ORCHESTRATOR] [DEBUG] Created 4 semantic chunks for C:\Users\RakaThinkpad\Documents\Project\educatedplanet\admin\src\components\ui\drawer.tsx
[2025-11-05T12:07:57.085Z] [2025-11-05T12:07:57.084Z] [INDEXING-ORCHESTRATOR] [DEBUG] Average chunk size: 199 characters
[2025-11-05T12:07:57.094Z] [2025-11-05T12:07:57.092Z] [TREESITTER-CHUNKER] [INFO] Created 6 semantic chunks from C:\Users\RakaThinkpad\Documents\Project\educatedplanet\admin\src\components\ui\empty.tsx
[2025-11-05T12:07:57.110Z] [2025-11-05T12:07:57.109Z] [TREESITTER-FULL] [INFO] Extracted 0 symbols from C:\Users\RakaThinkpad\Documents\Project\educatedplanet\admin\src\components\ui\empty.tsx
[2025-11-05T12:07:57.110Z] [2025-11-05T12:07:57.109Z] [INDEXING-ORCHESTRATOR] [DEBUG] 🔍 Symbol extraction for C:\Users\RakaThinkpad\Documents\Project\educatedplanet\admin\src\components\ui\empty.tsx: 0 symbols, 2 imports
[2025-11-05T12:07:57.110Z] [2025-11-05T12:07:57.109Z] [INDEXING-ORCHESTRATOR] [DEBUG] 📍 Chunk 9-13: 0 candidate symbols
[2025-11-05T12:07:57.110Z] [2025-11-05T12:07:57.109Z] [INDEXING-ORCHESTRATOR] [DEBUG] ✅ Chunk symbols after filtering: 0 symbols - 
[2025-11-05T12:07:57.110Z] [2025-11-05T12:07:57.109Z] [INDEXING-ORCHESTRATOR] [DEBUG] 📍 Chunk 22-26: 0 candidate symbols
[2025-11-05T12:07:57.110Z] [2025-11-05T12:07:57.109Z] [INDEXING-ORCHESTRATOR] [DEBUG] ✅ Chunk symbols after filtering: 0 symbols - 
[2025-11-05T12:07:57.110Z] [2025-11-05T12:07:57.109Z] [INDEXING-ORCHESTRATOR] [DEBUG] 📍 Chunk 65-66: 0 candidate symbols
[2025-11-05T12:07:57.110Z] [2025-11-05T12:07:57.109Z] [INDEXING-ORCHESTRATOR] [DEBUG] ✅ Chunk symbols after filtering: 0 symbols - 
[2025-11-05T12:07:57.110Z] [2025-11-05T12:07:57.109Z] [INDEXING-ORCHESTRATOR] [DEBUG] 📍 Chunk 75-79: 0 candidate symbols
[2025-11-05T12:07:57.110Z] [2025-11-05T12:07:57.109Z] [INDEXING-ORCHESTRATOR] [DEBUG] ✅ Chunk symbols after filtering: 0 symbols - 
[2025-11-05T12:07:57.110Z] [2025-11-05T12:07:57.109Z] [INDEXING-ORCHESTRATOR] [DEBUG] 📍 Chunk 88-92: 0 candidate symbols
[2025-11-05T12:07:57.110Z] [2025-11-05T12:07:57.109Z] [INDEXING-ORCHESTRATOR] [DEBUG] ✅ Chunk symbols after filtering: 0 symbols - 
[2025-11-05T12:07:57.110Z] [2025-11-05T12:07:57.109Z] [INDEXING-ORCHESTRATOR] [DEBUG] 📍 Chunk 93-105: 0 candidate symbols
[2025-11-05T12:07:57.110Z] [2025-11-05T12:07:57.109Z] [INDEXING-ORCHESTRATOR] [DEBUG] ✅ Chunk symbols after filtering: 0 symbols - 
[2025-11-05T12:07:57.110Z] [2025-11-05T12:07:57.109Z] [INDEXING-ORCHESTRATOR] [DEBUG] Created 6 semantic chunks for C:\Users\RakaThinkpad\Documents\Project\educatedplanet\admin\src\components\ui\empty.tsx
[2025-11-05T12:07:57.110Z] [2025-11-05T12:07:57.109Z] [INDEXING-ORCHESTRATOR] [DEBUG] Average chunk size: 133 characters
[2025-11-05T12:07:57.138Z] [2025-11-05T12:07:57.137Z] [TREESITTER-CHUNKER] [INFO] Created 9 semantic chunks from C:\Users\RakaThinkpad\Documents\Project\educatedplanet\admin\src\components\ui\field.tsx
[2025-11-05T12:07:57.184Z] [2025-11-05T12:07:57.183Z] [TREESITTER-FULL] [INFO] Extracted 1 symbols from C:\Users\RakaThinkpad\Documents\Project\educatedplanet\admin\src\components\ui\field.tsx
[2025-11-05T12:07:57.184Z] [2025-11-05T12:07:57.183Z] [INDEXING-ORCHESTRATOR] [DEBUG] 🔍 Symbol extraction for C:\Users\RakaThinkpad\Documents\Project\educatedplanet\admin\src\components\ui\field.tsx: 1 symbols, 5 imports
[2025-11-05T12:07:57.184Z] [2025-11-05T12:07:57.183Z] [INDEXING-ORCHESTRATOR] [DEBUG] 📍 Chunk 14-19: 0 candidate symbols
[2025-11-05T12:07:57.184Z] [2025-11-05T12:07:57.183Z] [INDEXING-ORCHESTRATOR] [DEBUG] ✅ Chunk symbols after filtering: 0 symbols - 
[2025-11-05T12:07:57.184Z] [2025-11-05T12:07:57.183Z] [INDEXING-ORCHESTRATOR] [DEBUG] 📍 Chunk 33-39: 0 candidate symbols
[2025-11-05T12:07:57.184Z] [2025-11-05T12:07:57.183Z] [INDEXING-ORCHESTRATOR] [DEBUG] ✅ Chunk symbols after filtering: 0 symbols - 
[2025-11-05T12:07:57.184Z] [2025-11-05T12:07:57.183Z] [INDEXING-ORCHESTRATOR] [DEBUG] 📍 Chunk 48-52: 0 candidate symbols
[2025-11-05T12:07:57.184Z] [2025-11-05T12:07:57.183Z] [INDEXING-ORCHESTRATOR] [DEBUG] ✅ Chunk symbols after filtering: 0 symbols - 
[2025-11-05T12:07:57.184Z] [2025-11-05T12:07:57.183Z] [INDEXING-ORCHESTRATOR] [DEBUG] 📍 Chunk 101-105: 0 candidate symbols
[2025-11-05T12:07:57.184Z] [2025-11-05T12:07:57.183Z] [INDEXING-ORCHESTRATOR] [DEBUG] ✅ Chunk symbols after filtering: 0 symbols - 
[2025-11-05T12:07:57.184Z] [2025-11-05T12:07:57.183Z] [INDEXING-ORCHESTRATOR] [DEBUG] 📍 Chunk 117-123: 0 candidate symbols
[2025-11-05T12:07:57.184Z] [2025-11-05T12:07:57.183Z] [INDEXING-ORCHESTRATOR] [DEBUG] ✅ Chunk symbols after filtering: 0 symbols - 
[2025-11-05T12:07:57.184Z] [2025-11-05T12:07:57.183Z] [INDEXING-ORCHESTRATOR] [DEBUG] 📍 Chunk 132-136: 0 candidate symbols
[2025-11-05T12:07:57.184Z] [2025-11-05T12:07:57.183Z] [INDEXING-ORCHESTRATOR] [DEBUG] ✅ Chunk symbols after filtering: 0 symbols - 
[2025-11-05T12:07:57.184Z] [2025-11-05T12:07:57.183Z] [INDEXING-ORCHESTRATOR] [DEBUG] 📍 Chunk 145-151: 0 candidate symbols
[2025-11-05T12:07:57.184Z] [2025-11-05T12:07:57.183Z] [INDEXING-ORCHESTRATOR] [DEBUG] ✅ Chunk symbols after filtering: 0 symbols - 
[2025-11-05T12:07:57.184Z] [2025-11-05T12:07:57.183Z] [INDEXING-ORCHESTRATOR] [DEBUG] 📍 Chunk 167-171: 0 candidate symbols
[2025-11-05T12:07:57.184Z] [2025-11-05T12:07:57.183Z] [INDEXING-ORCHESTRATOR] [DEBUG] ✅ Chunk symbols after filtering: 0 symbols - 
[2025-11-05T12:07:57.184Z] [2025-11-05T12:07:57.183Z] [INDEXING-ORCHESTRATOR] [DEBUG] 📍 Chunk 172-249: 1 candidate symbols
[2025-11-05T12:07:57.184Z] [2025-11-05T12:07:57.183Z] [INDEXING-ORCHESTRATOR] [DEBUG] ✅ Chunk symbols after filtering: 1 symbols - uniqueErrors
[2025-11-05T12:07:57.184Z] [2025-11-05T12:07:57.183Z] [INDEXING-ORCHESTRATOR] [DEBUG] Created 9 semantic chunks for C:\Users\RakaThinkpad\Documents\Project\educatedplanet\admin\src\components\ui\field.tsx
[2025-11-05T12:07:57.184Z] [2025-11-05T12:07:57.183Z] [INDEXING-ORCHESTRATOR] [DEBUG] Average chunk size: 364 characters
[2025-11-05T12:07:57.208Z] [2025-11-05T12:07:57.207Z] [TREESITTER-CHUNKER] [INFO] Created 6 semantic chunks from C:\Users\RakaThinkpad\Documents\Project\educatedplanet\admin\src\components\ui\form.tsx
[2025-11-05T12:07:57.242Z] [2025-11-05T12:07:57.241Z] [TREESITTER-FULL] [INFO] Extracted 6 symbols from C:\Users\RakaThinkpad\Documents\Project\educatedplanet\admin\src\components\ui\form.tsx
[2025-11-05T12:07:57.242Z] [2025-11-05T12:07:57.241Z] [INDEXING-ORCHESTRATOR] [DEBUG] 🔍 Symbol extraction for C:\Users\RakaThinkpad\Documents\Project\educatedplanet\admin\src\components\ui\form.tsx: 6 symbols, 5 imports
[2025-11-05T12:07:57.242Z] [2025-11-05T12:07:57.241Z] [INDEXING-ORCHESTRATOR] [DEBUG] 📍 Chunk 21-26: 1 candidate symbols
[2025-11-05T12:07:57.242Z] [2025-11-05T12:07:57.242Z] [INDEXING-ORCHESTRATOR] [DEBUG] ✅ Chunk symbols after filtering: 1 symbols - FormFieldContextValue
[2025-11-05T12:07:57.242Z] [2025-11-05T12:07:57.242Z] [INDEXING-ORCHESTRATOR] [DEBUG] 📍 Chunk 68-70: 1 candidate symbols
[2025-11-05T12:07:57.242Z] [2025-11-05T12:07:57.242Z] [INDEXING-ORCHESTRATOR] [DEBUG] ✅ Chunk symbols after filtering: 1 symbols - FormItemContextValue
[2025-11-05T12:07:57.242Z] [2025-11-05T12:07:57.242Z] [INDEXING-ORCHESTRATOR] [DEBUG] 📍 Chunk 83-84: 0 candidate symbols
[2025-11-05T12:07:57.242Z] [2025-11-05T12:07:57.242Z] [INDEXING-ORCHESTRATOR] [DEBUG] ✅ Chunk symbols after filtering: 0 symbols - 
[2025-11-05T12:07:57.242Z] [2025-11-05T12:07:57.242Z] [INDEXING-ORCHESTRATOR] [DEBUG] 📍 Chunk 100-133: 0 candidate symbols
[2025-11-05T12:07:57.242Z] [2025-11-05T12:07:57.242Z] [INDEXING-ORCHESTRATOR] [DEBUG] ✅ Chunk symbols after filtering: 0 symbols - 
[2025-11-05T12:07:57.242Z] [2025-11-05T12:07:57.242Z] [INDEXING-ORCHESTRATOR] [DEBUG] 📍 Chunk 150-151: 0 candidate symbols
[2025-11-05T12:07:57.242Z] [2025-11-05T12:07:57.242Z] [INDEXING-ORCHESTRATOR] [DEBUG] ✅ Chunk symbols after filtering: 0 symbols - 
[2025-11-05T12:07:57.242Z] [2025-11-05T12:07:57.242Z] [INDEXING-ORCHESTRATOR] [DEBUG] 📍 Chunk 152-168: 0 candidate symbols
[2025-11-05T12:07:57.242Z] [2025-11-05T12:07:57.242Z] [INDEXING-ORCHESTRATOR] [DEBUG] ✅ Chunk symbols after filtering: 0 symbols - 
[2025-11-05T12:07:57.242Z] [2025-11-05T12:07:57.242Z] [INDEXING-ORCHESTRATOR] [DEBUG] Created 6 semantic chunks for C:\Users\RakaThinkpad\Documents\Project\educatedplanet\admin\src\components\ui\form.tsx
[2025-11-05T12:07:57.242Z] [2025-11-05T12:07:57.242Z] [INDEXING-ORCHESTRATOR] [DEBUG] Average chunk size: 230 characters
[2025-11-05T12:07:57.258Z] [2025-11-05T12:07:57.258Z] [TREESITTER-CHUNKER] [INFO] Created 5 semantic chunks from C:\Users\RakaThinkpad\Documents\Project\educatedplanet\admin\src\components\ui\input-group.tsx
[2025-11-05T12:07:57.299Z] [2025-11-05T12:07:57.298Z] [TREESITTER-FULL] [INFO] Extracted 0 symbols from C:\Users\RakaThinkpad\Documents\Project\educatedplanet\admin\src\components\ui\input-group.tsx
[2025-11-05T12:07:57.299Z] [2025-11-05T12:07:57.298Z] [INDEXING-ORCHESTRATOR] [DEBUG] 🔍 Symbol extraction for C:\Users\RakaThinkpad\Documents\Project\educatedplanet\admin\src\components\ui\input-group.tsx: 0 symbols, 6 imports
[2025-11-05T12:07:57.299Z] [2025-11-05T12:07:57.298Z] [INDEXING-ORCHESTRATOR] [DEBUG] 📍 Chunk 16-34: 0 candidate symbols
[2025-11-05T12:07:57.299Z] [2025-11-05T12:07:57.298Z] [INDEXING-ORCHESTRATOR] [DEBUG] ✅ Chunk symbols after filtering: 0 symbols - 
[2025-11-05T12:07:57.299Z] [2025-11-05T12:07:57.298Z] [INDEXING-ORCHESTRATOR] [DEBUG] 📍 Chunk 122-126: 0 candidate symbols
[2025-11-05T12:07:57.299Z] [2025-11-05T12:07:57.298Z] [INDEXING-ORCHESTRATOR] [DEBUG] ✅ Chunk symbols after filtering: 0 symbols - 
[2025-11-05T12:07:57.299Z] [2025-11-05T12:07:57.298Z] [INDEXING-ORCHESTRATOR] [DEBUG] 📍 Chunk 138-142: 0 candidate symbols
[2025-11-05T12:07:57.299Z] [2025-11-05T12:07:57.298Z] [INDEXING-ORCHESTRATOR] [DEBUG] ✅ Chunk symbols after filtering: 0 symbols - 
[2025-11-05T12:07:57.299Z] [2025-11-05T12:07:57.298Z] [INDEXING-ORCHESTRATOR] [DEBUG] 📍 Chunk 154-158: 0 candidate symbols
[2025-11-05T12:07:57.299Z] [2025-11-05T12:07:57.298Z] [INDEXING-ORCHESTRATOR] [DEBUG] ✅ Chunk symbols after filtering: 0 symbols - 
[2025-11-05T12:07:57.299Z] [2025-11-05T12:07:57.298Z] [INDEXING-ORCHESTRATOR] [DEBUG] 📍 Chunk 159-171: 0 candidate symbols
[2025-11-05T12:07:57.299Z] [2025-11-05T12:07:57.298Z] [INDEXING-ORCHESTRATOR] [DEBUG] ✅ Chunk symbols after filtering: 0 symbols - 
[2025-11-05T12:07:57.299Z] [2025-11-05T12:07:57.298Z] [INDEXING-ORCHESTRATOR] [DEBUG] Created 5 semantic chunks for C:\Users\RakaThinkpad\Documents\Project\educatedplanet\admin\src\components\ui\input-group.tsx
[2025-11-05T12:07:57.299Z] [2025-11-05T12:07:57.298Z] [INDEXING-ORCHESTRATOR] [DEBUG] Average chunk size: 360 characters
[2025-11-05T12:07:57.305Z] [2025-11-05T12:07:57.304Z] [TREESITTER-CHUNKER] [INFO] Created 4 semantic chunks from C:\Users\RakaThinkpad\Documents\Project\educatedplanet\admin\src\components\ui\input-otp.tsx
[2025-11-05T12:07:57.315Z] [2025-11-05T12:07:57.315Z] [TREESITTER-FULL] [INFO] Extracted 2 symbols from C:\Users\RakaThinkpad\Documents\Project\educatedplanet\admin\src\components\ui\input-otp.tsx
[2025-11-05T12:07:57.315Z] [2025-11-05T12:07:57.315Z] [INDEXING-ORCHESTRATOR] [DEBUG] 🔍 Symbol extraction for C:\Users\RakaThinkpad\Documents\Project\educatedplanet\admin\src\components\ui\input-otp.tsx: 2 symbols, 4 imports
[2025-11-05T12:07:57.316Z] [2025-11-05T12:07:57.315Z] [INDEXING-ORCHESTRATOR] [DEBUG] 📍 Chunk 9-23: 0 candidate symbols
[2025-11-05T12:07:57.316Z] [2025-11-05T12:07:57.315Z] [INDEXING-ORCHESTRATOR] [DEBUG] ✅ Chunk symbols after filtering: 0 symbols - 
[2025-11-05T12:07:57.316Z] [2025-11-05T12:07:57.315Z] [INDEXING-ORCHESTRATOR] [DEBUG] 📍 Chunk 33-34: 0 candidate symbols
[2025-11-05T12:07:57.316Z] [2025-11-05T12:07:57.315Z] [INDEXING-ORCHESTRATOR] [DEBUG] ✅ Chunk symbols after filtering: 0 symbols - 
[2025-11-05T12:07:57.316Z] [2025-11-05T12:07:57.315Z] [INDEXING-ORCHESTRATOR] [DEBUG] 📍 Chunk 53-57: 0 candidate symbols
[2025-11-05T12:07:57.316Z] [2025-11-05T12:07:57.315Z] [INDEXING-ORCHESTRATOR] [DEBUG] ✅ Chunk symbols after filtering: 0 symbols - 
[2025-11-05T12:07:57.316Z] [2025-11-05T12:07:57.315Z] [INDEXING-ORCHESTRATOR] [DEBUG] 📍 Chunk 58-78: 0 candidate symbols
[2025-11-05T12:07:57.316Z] [2025-11-05T12:07:57.315Z] [INDEXING-ORCHESTRATOR] [DEBUG] ✅ Chunk symbols after filtering: 0 symbols - 
[2025-11-05T12:07:57.316Z] [2025-11-05T12:07:57.315Z] [INDEXING-ORCHESTRATOR] [DEBUG] Created 4 semantic chunks for C:\Users\RakaThinkpad\Documents\Project\educatedplanet\admin\src\components\ui\input-otp.tsx
[2025-11-05T12:07:57.316Z] [2025-11-05T12:07:57.315Z] [INDEXING-ORCHESTRATOR] [DEBUG] Average chunk size: 391 characters
[2025-11-05T12:07:57.317Z] [2025-11-05T12:07:57.316Z] [TREESITTER-CHUNKER] [INFO] Created 1 semantic chunks from C:\Users\RakaThinkpad\Documents\Project\educatedplanet\admin\src\components\ui\input.tsx
[2025-11-05T12:07:57.320Z] [2025-11-05T12:07:57.320Z] [TREESITTER-FULL] [INFO] Extracted 0 symbols from C:\Users\RakaThinkpad\Documents\Project\educatedplanet\admin\src\components\ui\input.tsx
[2025-11-05T12:07:57.320Z] [2025-11-05T12:07:57.320Z] [INDEXING-ORCHESTRATOR] [DEBUG] 🔍 Symbol extraction for C:\Users\RakaThinkpad\Documents\Project\educatedplanet\admin\src\components\ui\input.tsx: 0 symbols, 2 imports
[2025-11-05T12:07:57.321Z] [2025-11-05T12:07:57.320Z] [INDEXING-ORCHESTRATOR] [DEBUG] 📍 Chunk 1-22: 0 candidate symbols
[2025-11-05T12:07:57.321Z] [2025-11-05T12:07:57.320Z] [INDEXING-ORCHESTRATOR] [DEBUG] ✅ Chunk symbols after filtering: 0 symbols - 
[2025-11-05T12:07:57.321Z] [2025-11-05T12:07:57.320Z] [INDEXING-ORCHESTRATOR] [DEBUG] Created 1 semantic chunks for C:\Users\RakaThinkpad\Documents\Project\educatedplanet\admin\src\components\ui\input.tsx
[2025-11-05T12:07:57.321Z] [2025-11-05T12:07:57.320Z] [INDEXING-ORCHESTRATOR] [DEBUG] Average chunk size: 981 characters
[2025-11-05T12:07:57.323Z] [2025-11-05T12:07:57.322Z] [TREESITTER-CHUNKER] [INFO] Created 2 semantic chunks from C:\Users\RakaThinkpad\Documents\Project\educatedplanet\admin\src\components\ui\hover-card.tsx
[2025-11-05T12:07:57.329Z] [2025-11-05T12:07:57.329Z] [TREESITTER-FULL] [INFO] Extracted 1 symbols from C:\Users\RakaThinkpad\Documents\Project\educatedplanet\admin\src\components\ui\hover-card.tsx
[2025-11-05T12:07:57.330Z] [2025-11-05T12:07:57.329Z] [INDEXING-ORCHESTRATOR] [DEBUG] 🔍 Symbol extraction for C:\Users\RakaThinkpad\Documents\Project\educatedplanet\admin\src\components\ui\hover-card.tsx: 1 symbols, 3 imports
[2025-11-05T12:07:57.330Z] [2025-11-05T12:07:57.329Z] [INDEXING-ORCHESTRATOR] [DEBUG] 📍 Chunk 14-20: 1 candidate symbols
[2025-11-05T12:07:57.330Z] [2025-11-05T12:07:57.329Z] [INDEXING-ORCHESTRATOR] [DEBUG] ✅ Chunk symbols after filtering: 1 symbols - HoverCardTrigger
[2025-11-05T12:07:57.330Z] [2025-11-05T12:07:57.329Z] [INDEXING-ORCHESTRATOR] [DEBUG] 📍 Chunk 21-45: 0 candidate symbols
[2025-11-05T12:07:57.330Z] [2025-11-05T12:07:57.329Z] [INDEXING-ORCHESTRATOR] [DEBUG] ✅ Chunk symbols after filtering: 0 symbols - 
[2025-11-05T12:07:57.330Z] [2025-11-05T12:07:57.329Z] [INDEXING-ORCHESTRATOR] [DEBUG] Created 2 semantic chunks for C:\Users\RakaThinkpad\Documents\Project\educatedplanet\admin\src\components\ui\hover-card.tsx
[2025-11-05T12:07:57.330Z] [2025-11-05T12:07:57.329Z] [INDEXING-ORCHESTRATOR] [DEBUG] Average chunk size: 624 characters
[2025-11-05T12:07:57.330Z] [2025-11-05T12:07:57.329Z] [INDEXING-ORCHESTRATOR] [DEBUG] 📊 Processed: 90/220 files
[2025-11-05T12:07:57.336Z] [2025-11-05T12:07:57.336Z] [TREESITTER-CHUNKER] [INFO] Created 1 semantic chunks from C:\Users\RakaThinkpad\Documents\Project\educatedplanet\admin\src\components\ui\label.tsx
[2025-11-05T12:07:57.338Z] [2025-11-05T12:07:57.338Z] [TREESITTER-FULL] [INFO] Extracted 1 symbols from C:\Users\RakaThinkpad\Documents\Project\educatedplanet\admin\src\components\ui\label.tsx
[2025-11-05T12:07:57.338Z] [2025-11-05T12:07:57.338Z] [INDEXING-ORCHESTRATOR] [DEBUG] 🔍 Symbol extraction for C:\Users\RakaThinkpad\Documents\Project\educatedplanet\admin\src\components\ui\label.tsx: 1 symbols, 3 imports
[2025-11-05T12:07:57.338Z] [2025-11-05T12:07:57.338Z] [INDEXING-ORCHESTRATOR] [DEBUG] 📍 Chunk 8-24: 1 candidate symbols
[2025-11-05T12:07:57.339Z] [2025-11-05T12:07:57.338Z] [INDEXING-ORCHESTRATOR] [DEBUG] ✅ Chunk symbols after filtering: 1 symbols - Label
[2025-11-05T12:07:57.339Z] [2025-11-05T12:07:57.338Z] [INDEXING-ORCHESTRATOR] [DEBUG] Created 1 semantic chunks for C:\Users\RakaThinkpad\Documents\Project\educatedplanet\admin\src\components\ui\label.tsx
[2025-11-05T12:07:57.339Z] [2025-11-05T12:07:57.338Z] [INDEXING-ORCHESTRATOR] [DEBUG] Average chunk size: 490 characters
[2025-11-05T12:07:57.341Z] [2025-11-05T12:07:57.340Z] [TREESITTER-CHUNKER] [INFO] Created 3 semantic chunks from C:\Users\RakaThinkpad\Documents\Project\educatedplanet\admin\src\components\ui\kbd.tsx
[2025-11-05T12:07:57.346Z] [2025-11-05T12:07:57.345Z] [TREESITTER-FULL] [INFO] Extracted 0 symbols from C:\Users\RakaThinkpad\Documents\Project\educatedplanet\admin\src\components\ui\kbd.tsx
[2025-11-05T12:07:57.346Z] [2025-11-05T12:07:57.345Z] [INDEXING-ORCHESTRATOR] [DEBUG] 🔍 Symbol extraction for C:\Users\RakaThinkpad\Documents\Project\educatedplanet\admin\src\components\ui\kbd.tsx: 0 symbols, 1 imports
[2025-11-05T12:07:57.346Z] [2025-11-05T12:07:57.345Z] [INDEXING-ORCHESTRATOR] [DEBUG] 📍 Chunk 7-13: 0 candidate symbols
[2025-11-05T12:07:57.346Z] [2025-11-05T12:07:57.345Z] [INDEXING-ORCHESTRATOR] [DEBUG] ✅ Chunk symbols after filtering: 0 symbols - 
[2025-11-05T12:07:57.346Z] [2025-11-05T12:07:57.345Z] [INDEXING-ORCHESTRATOR] [DEBUG] 📍 Chunk 22-23: 0 candidate symbols
[2025-11-05T12:07:57.346Z] [2025-11-05T12:07:57.345Z] [INDEXING-ORCHESTRATOR] [DEBUG] ✅ Chunk symbols after filtering: 0 symbols - 
[2025-11-05T12:07:57.346Z] [2025-11-05T12:07:57.345Z] [INDEXING-ORCHESTRATOR] [DEBUG] 📍 Chunk 24-29: 0 candidate symbols
[2025-11-05T12:07:57.346Z] [2025-11-05T12:07:57.345Z] [INDEXING-ORCHESTRATOR] [DEBUG] ✅ Chunk symbols after filtering: 0 symbols - 
[2025-11-05T12:07:57.346Z] [2025-11-05T12:07:57.345Z] [INDEXING-ORCHESTRATOR] [DEBUG] Created 3 semantic chunks for C:\Users\RakaThinkpad\Documents\Project\educatedplanet\admin\src\components\ui\kbd.tsx
[2025-11-05T12:07:57.346Z] [2025-11-05T12:07:57.345Z] [INDEXING-ORCHESTRATOR] [DEBUG] Average chunk size: 184 characters
[2025-11-05T12:07:57.367Z] [2025-11-05T12:07:57.367Z] [TREESITTER-CHUNKER] [INFO] Created 9 semantic chunks from C:\Users\RakaThinkpad\Documents\Project\educatedplanet\admin\src\components\ui\item.tsx
[2025-11-05T12:07:57.404Z] [2025-11-05T12:07:57.404Z] [TREESITTER-FULL] [INFO] Extracted 1 symbols from C:\Users\RakaThinkpad\Documents\Project\educatedplanet\admin\src\components\ui\item.tsx
[2025-11-05T12:07:57.404Z] [2025-11-05T12:07:57.404Z] [INDEXING-ORCHESTRATOR] [DEBUG] 🔍 Symbol extraction for C:\Users\RakaThinkpad\Documents\Project\educatedplanet\admin\src\components\ui\item.tsx: 1 symbols, 5 imports
[2025-11-05T12:07:57.404Z] [2025-11-05T12:07:57.404Z] [INDEXING-ORCHESTRATOR] [DEBUG] 📍 Chunk 8-17: 1 candidate symbols
[2025-11-05T12:07:57.405Z] [2025-11-05T12:07:57.404Z] [INDEXING-ORCHESTRATOR] [DEBUG] ✅ Chunk symbols after filtering: 1 symbols - ItemGroup
[2025-11-05T12:07:57.405Z] [2025-11-05T12:07:57.404Z] [INDEXING-ORCHESTRATOR] [DEBUG] 📍 Chunk 27-28: 0 candidate symbols
[2025-11-05T12:07:57.405Z] [2025-11-05T12:07:57.404Z] [INDEXING-ORCHESTRATOR] [DEBUG] ✅ Chunk symbols after filtering: 0 symbols - 
[2025-11-05T12:07:57.405Z] [2025-11-05T12:07:57.404Z] [INDEXING-ORCHESTRATOR] [DEBUG] 📍 Chunk 110-114: 0 candidate symbols
[2025-11-05T12:07:57.405Z] [2025-11-05T12:07:57.404Z] [INDEXING-ORCHESTRATOR] [DEBUG] ✅ Chunk symbols after filtering: 0 symbols - 
[2025-11-05T12:07:57.405Z] [2025-11-05T12:07:57.404Z] [INDEXING-ORCHESTRATOR] [DEBUG] 📍 Chunk 123-127: 0 candidate symbols
[2025-11-05T12:07:57.405Z] [2025-11-05T12:07:57.404Z] [INDEXING-ORCHESTRATOR] [DEBUG] ✅ Chunk symbols after filtering: 0 symbols - 
[2025-11-05T12:07:57.405Z] [2025-11-05T12:07:57.404Z] [INDEXING-ORCHESTRATOR] [DEBUG] 📍 Chunk 136-141: 0 candidate symbols
[2025-11-05T12:07:57.405Z] [2025-11-05T12:07:57.404Z] [INDEXING-ORCHESTRATOR] [DEBUG] ✅ Chunk symbols after filtering: 0 symbols - 
[2025-11-05T12:07:57.405Z] [2025-11-05T12:07:57.404Z] [INDEXING-ORCHESTRATOR] [DEBUG] 📍 Chunk 150-151: 0 candidate symbols
[2025-11-05T12:07:57.405Z] [2025-11-05T12:07:57.404Z] [INDEXING-ORCHESTRATOR] [DEBUG] ✅ Chunk symbols after filtering: 0 symbols - 
[2025-11-05T12:07:57.405Z] [2025-11-05T12:07:57.404Z] [INDEXING-ORCHESTRATOR] [DEBUG] 📍 Chunk 160-164: 0 candidate symbols
[2025-11-05T12:07:57.405Z] [2025-11-05T12:07:57.404Z] [INDEXING-ORCHESTRATOR] [DEBUG] ✅ Chunk symbols after filtering: 0 symbols - 
[2025-11-05T12:07:57.405Z] [2025-11-05T12:07:57.404Z] [INDEXING-ORCHESTRATOR] [DEBUG] 📍 Chunk 173-177: 0 candidate symbols
[2025-11-05T12:07:57.405Z] [2025-11-05T12:07:57.404Z] [INDEXING-ORCHESTRATOR] [DEBUG] ✅ Chunk symbols after filtering: 0 symbols - 
[2025-11-05T12:07:57.405Z] [2025-11-05T12:07:57.404Z] [INDEXING-ORCHESTRATOR] [DEBUG] 📍 Chunk 178-194: 0 candidate symbols
[2025-11-05T12:07:57.405Z] [2025-11-05T12:07:57.404Z] [INDEXING-ORCHESTRATOR] [DEBUG] ✅ Chunk symbols after filtering: 0 symbols - 
[2025-11-05T12:07:57.405Z] [2025-11-05T12:07:57.404Z] [INDEXING-ORCHESTRATOR] [DEBUG] Created 9 semantic chunks for C:\Users\RakaThinkpad\Documents\Project\educatedplanet\admin\src\components\ui\item.tsx
[2025-11-05T12:07:57.405Z] [2025-11-05T12:07:57.404Z] [INDEXING-ORCHESTRATOR] [DEBUG] Average chunk size: 136 characters
[2025-11-05T12:07:57.414Z] [2025-11-05T12:07:57.413Z] [TREESITTER-CHUNKER] [INFO] Created 2 semantic chunks from C:\Users\RakaThinkpad\Documents\Project\educatedplanet\admin\src\components\ui\loading-bar.tsx
[2025-11-05T12:07:57.431Z] [2025-11-05T12:07:57.431Z] [TREESITTER-FULL] [INFO] Extracted 2 symbols from C:\Users\RakaThinkpad\Documents\Project\educatedplanet\admin\src\components\ui\loading-bar.tsx
[2025-11-05T12:07:57.431Z] [2025-11-05T12:07:57.431Z] [INDEXING-ORCHESTRATOR] [DEBUG] 🔍 Symbol extraction for C:\Users\RakaThinkpad\Documents\Project\educatedplanet\admin\src\components\ui\loading-bar.tsx: 2 symbols, 3 imports
[2025-11-05T12:07:57.432Z] [2025-11-05T12:07:57.431Z] [INDEXING-ORCHESTRATOR] [DEBUG] 📍 Chunk 7-10: 1 candidate symbols
[2025-11-05T12:07:57.432Z] [2025-11-05T12:07:57.431Z] [INDEXING-ORCHESTRATOR] [DEBUG] ✅ Chunk symbols after filtering: 1 symbols - AppLoadingBarProps
[2025-11-05T12:07:57.432Z] [2025-11-05T12:07:57.431Z] [INDEXING-ORCHESTRATOR] [DEBUG] 📍 Chunk 12-73: 1 candidate symbols
[2025-11-05T12:07:57.432Z] [2025-11-05T12:07:57.431Z] [INDEXING-ORCHESTRATOR] [DEBUG] ✅ Chunk symbols after filtering: 1 symbols - AppLoadingBar
[2025-11-05T12:07:57.432Z] [2025-11-05T12:07:57.431Z] [INDEXING-ORCHESTRATOR] [DEBUG] Created 2 semantic chunks for C:\Users\RakaThinkpad\Documents\Project\educatedplanet\admin\src\components\ui\loading-bar.tsx
[2025-11-05T12:07:57.432Z] [2025-11-05T12:07:57.431Z] [INDEXING-ORCHESTRATOR] [DEBUG] Average chunk size: 798 characters
[2025-11-05T12:07:57.439Z] [2025-11-05T12:07:57.438Z] [TREESITTER-CHUNKER] [INFO] Created 2 semantic chunks from C:\Users\RakaThinkpad\Documents\Project\educatedplanet\admin\src\components\ui\loading-link.tsx
[2025-11-05T12:07:57.452Z] [2025-11-05T12:07:57.452Z] [TREESITTER-FULL] [INFO] Extracted 2 symbols from C:\Users\RakaThinkpad\Documents\Project\educatedplanet\admin\src\components\ui\loading-link.tsx
[2025-11-05T12:07:57.452Z] [2025-11-05T12:07:57.452Z] [INDEXING-ORCHESTRATOR] [DEBUG] 🔍 Symbol extraction for C:\Users\RakaThinkpad\Documents\Project\educatedplanet\admin\src\components\ui\loading-link.tsx: 2 symbols, 4 imports
[2025-11-05T12:07:57.452Z] [2025-11-05T12:07:57.452Z] [INDEXING-ORCHESTRATOR] [DEBUG] 📍 Chunk 8-16: 1 candidate symbols
[2025-11-05T12:07:57.453Z] [2025-11-05T12:07:57.452Z] [INDEXING-ORCHESTRATOR] [DEBUG] ✅ Chunk symbols after filtering: 1 symbols - LoadingLinkProps
[2025-11-05T12:07:57.453Z] [2025-11-05T12:07:57.452Z] [INDEXING-ORCHESTRATOR] [DEBUG] 📍 Chunk 17-92: 1 candidate symbols
[2025-11-05T12:07:57.453Z] [2025-11-05T12:07:57.452Z] [INDEXING-ORCHESTRATOR] [DEBUG] ✅ Chunk symbols after filtering: 1 symbols - LoadingLink
[2025-11-05T12:07:57.453Z] [2025-11-05T12:07:57.452Z] [INDEXING-ORCHESTRATOR] [DEBUG] Created 2 semantic chunks for C:\Users\RakaThinkpad\Documents\Project\educatedplanet\admin\src\components\ui\loading-link.tsx
[2025-11-05T12:07:57.453Z] [2025-11-05T12:07:57.452Z] [INDEXING-ORCHESTRATOR] [DEBUG] Average chunk size: 926 characters
[2025-11-05T12:07:57.466Z] [2025-11-05T12:07:57.465Z] [TREESITTER-CHUNKER] [INFO] Created 4 semantic chunks from C:\Users\RakaThinkpad\Documents\Project\educatedplanet\admin\src\components\ui\navigation-menu.tsx
[2025-11-05T12:07:57.481Z] [2025-11-05T12:07:57.481Z] [TREESITTER-FULL] [INFO] Extracted 2 symbols from C:\Users\RakaThinkpad\Documents\Project\educatedplanet\admin\src\components\ui\navigation-menu.tsx
[2025-11-05T12:07:57.481Z] [2025-11-05T12:07:57.481Z] [INDEXING-ORCHESTRATOR] [DEBUG] 🔍 Symbol extraction for C:\Users\RakaThinkpad\Documents\Project\educatedplanet\admin\src\components\ui\navigation-menu.tsx: 2 symbols, 5 imports
[2025-11-05T12:07:57.481Z] [2025-11-05T12:07:57.481Z] [INDEXING-ORCHESTRATOR] [DEBUG] 📍 Chunk 39-43: 0 candidate symbols
[2025-11-05T12:07:57.481Z] [2025-11-05T12:07:57.481Z] [INDEXING-ORCHESTRATOR] [DEBUG] ✅ Chunk symbols after filtering: 0 symbols - 
[2025-11-05T12:07:57.481Z] [2025-11-05T12:07:57.481Z] [INDEXING-ORCHESTRATOR] [DEBUG] 📍 Chunk 65-83: 1 candidate symbols
[2025-11-05T12:07:57.481Z] [2025-11-05T12:07:57.481Z] [INDEXING-ORCHESTRATOR] [DEBUG] ✅ Chunk symbols after filtering: 1 symbols - NavigationMenuTrigger
[2025-11-05T12:07:57.481Z] [2025-11-05T12:07:57.481Z] [INDEXING-ORCHESTRATOR] [DEBUG] 📍 Chunk 131-135: 0 candidate symbols
[2025-11-05T12:07:57.481Z] [2025-11-05T12:07:57.481Z] [INDEXING-ORCHESTRATOR] [DEBUG] ✅ Chunk symbols after filtering: 0 symbols - 
[2025-11-05T12:07:57.481Z] [2025-11-05T12:07:57.481Z] [INDEXING-ORCHESTRATOR] [DEBUG] 📍 Chunk 136-169: 0 candidate symbols
[2025-11-05T12:07:57.481Z] [2025-11-05T12:07:57.481Z] [INDEXING-ORCHESTRATOR] [DEBUG] ✅ Chunk symbols after filtering: 0 symbols - 
[2025-11-05T12:07:57.481Z] [2025-11-05T12:07:57.481Z] [INDEXING-ORCHESTRATOR] [DEBUG] Created 4 semantic chunks for C:\Users\RakaThinkpad\Documents\Project\educatedplanet\admin\src\components\ui\navigation-menu.tsx
[2025-11-05T12:07:57.481Z] [2025-11-05T12:07:57.481Z] [INDEXING-ORCHESTRATOR] [DEBUG] Average chunk size: 534 characters
[2025-11-05T12:07:57.489Z] [2025-11-05T12:07:57.489Z] [TREESITTER-CHUNKER] [INFO] Created 6 semantic chunks from C:\Users\RakaThinkpad\Documents\Project\educatedplanet\admin\src\components\ui\pagination.tsx
[2025-11-05T12:07:57.512Z] [2025-11-05T12:07:57.511Z] [TREESITTER-FULL] [INFO] Extracted 0 symbols from C:\Users\RakaThinkpad\Documents\Project\educatedplanet\admin\src\components\ui\pagination.tsx
[2025-11-05T12:07:57.512Z] [2025-11-05T12:07:57.511Z] [INDEXING-ORCHESTRATOR] [DEBUG] 🔍 Symbol extraction for C:\Users\RakaThinkpad\Documents\Project\educatedplanet\admin\src\components\ui\pagination.tsx: 0 symbols, 4 imports
[2025-11-05T12:07:57.512Z] [2025-11-05T12:07:57.511Z] [INDEXING-ORCHESTRATOR] [DEBUG] 📍 Chunk 30-31: 0 candidate symbols
[2025-11-05T12:07:57.512Z] [2025-11-05T12:07:57.511Z] [INDEXING-ORCHESTRATOR] [DEBUG] ✅ Chunk symbols after filtering: 0 symbols - 
[2025-11-05T12:07:57.512Z] [2025-11-05T12:07:57.511Z] [INDEXING-ORCHESTRATOR] [DEBUG] 📍 Chunk 56-63: 0 candidate symbols
[2025-11-05T12:07:57.512Z] [2025-11-05T12:07:57.511Z] [INDEXING-ORCHESTRATOR] [DEBUG] ✅ Chunk symbols after filtering: 0 symbols - 
[2025-11-05T12:07:57.512Z] [2025-11-05T12:07:57.511Z] [INDEXING-ORCHESTRATOR] [DEBUG] 📍 Chunk 76-77: 0 candidate symbols
[2025-11-05T12:07:57.512Z] [2025-11-05T12:07:57.511Z] [INDEXING-ORCHESTRATOR] [DEBUG] ✅ Chunk symbols after filtering: 0 symbols - 
[2025-11-05T12:07:57.512Z] [2025-11-05T12:07:57.511Z] [INDEXING-ORCHESTRATOR] [DEBUG] 📍 Chunk 85-94: 0 candidate symbols
[2025-11-05T12:07:57.512Z] [2025-11-05T12:07:57.511Z] [INDEXING-ORCHESTRATOR] [DEBUG] ✅ Chunk symbols after filtering: 0 symbols - 
[2025-11-05T12:07:57.512Z] [2025-11-05T12:07:57.511Z] [INDEXING-ORCHESTRATOR] [DEBUG] 📍 Chunk 102-111: 0 candidate symbols
[2025-11-05T12:07:57.512Z] [2025-11-05T12:07:57.511Z] [INDEXING-ORCHESTRATOR] [DEBUG] ✅ Chunk symbols after filtering: 0 symbols - 
[2025-11-05T12:07:57.512Z] [2025-11-05T12:07:57.511Z] [INDEXING-ORCHESTRATOR] [DEBUG] 📍 Chunk 112-128: 0 candidate symbols
[2025-11-05T12:07:57.512Z] [2025-11-05T12:07:57.511Z] [INDEXING-ORCHESTRATOR] [DEBUG] ✅ Chunk symbols after filtering: 0 symbols - 
[2025-11-05T12:07:57.512Z] [2025-11-05T12:07:57.511Z] [INDEXING-ORCHESTRATOR] [DEBUG] Created 6 semantic chunks for C:\Users\RakaThinkpad\Documents\Project\educatedplanet\admin\src\components\ui\pagination.tsx
[2025-11-05T12:07:57.512Z] [2025-11-05T12:07:57.511Z] [INDEXING-ORCHESTRATOR] [DEBUG] Average chunk size: 183 characters
[2025-11-05T12:07:57.535Z] [2025-11-05T12:07:57.534Z] [TREESITTER-CHUNKER] [INFO] Created 3 semantic chunks from C:\Users\RakaThinkpad\Documents\Project\educatedplanet\admin\src\components\ui\menubar.tsx
[2025-11-05T12:07:57.573Z] [2025-11-05T12:07:57.572Z] [TREESITTER-FULL] [INFO] Extracted 0 symbols from C:\Users\RakaThinkpad\Documents\Project\educatedplanet\admin\src\components\ui\menubar.tsx
[2025-11-05T12:07:57.573Z] [2025-11-05T12:07:57.572Z] [INDEXING-ORCHESTRATOR] [DEBUG] 🔍 Symbol extraction for C:\Users\RakaThinkpad\Documents\Project\educatedplanet\admin\src\components\ui\menubar.tsx: 0 symbols, 4 imports
[2025-11-05T12:07:57.573Z] [2025-11-05T12:07:57.572Z] [INDEXING-ORCHESTRATOR] [DEBUG] 📍 Chunk 105-109: 0 candidate symbols
[2025-11-05T12:07:57.573Z] [2025-11-05T12:07:57.572Z] [INDEXING-ORCHESTRATOR] [DEBUG] ✅ Chunk symbols after filtering: 0 symbols - 
[2025-11-05T12:07:57.573Z] [2025-11-05T12:07:57.572Z] [INDEXING-ORCHESTRATOR] [DEBUG] 📍 Chunk 204-208: 0 candidate symbols
[2025-11-05T12:07:57.573Z] [2025-11-05T12:07:57.572Z] [INDEXING-ORCHESTRATOR] [DEBUG] ✅ Chunk symbols after filtering: 0 symbols - 
[2025-11-05T12:07:57.573Z] [2025-11-05T12:07:57.572Z] [INDEXING-ORCHESTRATOR] [DEBUG] 📍 Chunk 209-277: 0 candidate symbols
[2025-11-05T12:07:57.573Z] [2025-11-05T12:07:57.572Z] [INDEXING-ORCHESTRATOR] [DEBUG] ✅ Chunk symbols after filtering: 0 symbols - 
[2025-11-05T12:07:57.573Z] [2025-11-05T12:07:57.572Z] [INDEXING-ORCHESTRATOR] [DEBUG] Created 3 semantic chunks for C:\Users\RakaThinkpad\Documents\Project\educatedplanet\admin\src\components\ui\menubar.tsx
[2025-11-05T12:07:57.573Z] [2025-11-05T12:07:57.572Z] [INDEXING-ORCHESTRATOR] [DEBUG] Average chunk size: 931 characters
[2025-11-05T12:07:57.575Z] [2025-11-05T12:07:57.575Z] [TREESITTER-CHUNKER] [INFO] Created 1 semantic chunks from C:\Users\RakaThinkpad\Documents\Project\educatedplanet\admin\src\components\ui\progress.tsx
[2025-11-05T12:07:57.580Z] [2025-11-05T12:07:57.579Z] [TREESITTER-FULL] [INFO] Extracted 0 symbols from C:\Users\RakaThinkpad\Documents\Project\educatedplanet\admin\src\components\ui\progress.tsx
[2025-11-05T12:07:57.580Z] [2025-11-05T12:07:57.580Z] [INDEXING-ORCHESTRATOR] [DEBUG] 🔍 Symbol extraction for C:\Users\RakaThinkpad\Documents\Project\educatedplanet\admin\src\components\ui\progress.tsx: 0 symbols, 3 imports
[2025-11-05T12:07:57.580Z] [2025-11-05T12:07:57.580Z] [INDEXING-ORCHESTRATOR] [DEBUG] 📍 Chunk 1-32: 0 candidate symbols
[2025-11-05T12:07:57.580Z] [2025-11-05T12:07:57.580Z] [INDEXING-ORCHESTRATOR] [DEBUG] ✅ Chunk symbols after filtering: 0 symbols - 
[2025-11-05T12:07:57.580Z] [2025-11-05T12:07:57.580Z] [INDEXING-ORCHESTRATOR] [DEBUG] Created 1 semantic chunks for C:\Users\RakaThinkpad\Documents\Project\educatedplanet\admin\src\components\ui\progress.tsx
[2025-11-05T12:07:57.580Z] [2025-11-05T12:07:57.580Z] [INDEXING-ORCHESTRATOR] [DEBUG] Average chunk size: 764 characters
[2025-11-05T12:07:57.585Z] [2025-11-05T12:07:57.584Z] [TREESITTER-CHUNKER] [INFO] Created 1 semantic chunks from C:\Users\RakaThinkpad\Documents\Project\educatedplanet\admin\src\components\ui\popover.tsx
[2025-11-05T12:07:57.593Z] [2025-11-05T12:07:57.592Z] [TREESITTER-FULL] [INFO] Extracted 0 symbols from C:\Users\RakaThinkpad\Documents\Project\educatedplanet\admin\src\components\ui\popover.tsx
[2025-11-05T12:07:57.593Z] [2025-11-05T12:07:57.592Z] [INDEXING-ORCHESTRATOR] [DEBUG] 🔍 Symbol extraction for C:\Users\RakaThinkpad\Documents\Project\educatedplanet\admin\src\components\ui\popover.tsx: 0 symbols, 3 imports
[2025-11-05T12:07:57.593Z] [2025-11-05T12:07:57.592Z] [INDEXING-ORCHESTRATOR] [DEBUG] 📍 Chunk 1-49: 0 candidate symbols
[2025-11-05T12:07:57.593Z] [2025-11-05T12:07:57.592Z] [INDEXING-ORCHESTRATOR] [DEBUG] ✅ Chunk symbols after filtering: 0 symbols - 
[2025-11-05T12:07:57.593Z] [2025-11-05T12:07:57.592Z] [INDEXING-ORCHESTRATOR] [DEBUG] Created 1 semantic chunks for C:\Users\RakaThinkpad\Documents\Project\educatedplanet\admin\src\components\ui\popover.tsx
[2025-11-05T12:07:57.593Z] [2025-11-05T12:07:57.592Z] [INDEXING-ORCHESTRATOR] [DEBUG] Average chunk size: 1676 characters
[2025-11-05T12:07:57.593Z] [2025-11-05T12:07:57.592Z] [INDEXING-ORCHESTRATOR] [DEBUG] 📊 Processed: 100/220 files
[2025-11-05T12:07:57.603Z] [2025-11-05T12:07:57.602Z] [TREESITTER-CHUNKER] [INFO] Created 2 semantic chunks from C:\Users\RakaThinkpad\Documents\Project\educatedplanet\admin\src\components\ui\radio-group.tsx
[2025-11-05T12:07:57.608Z] [2025-11-05T12:07:57.607Z] [TREESITTER-FULL] [INFO] Extracted 2 symbols from C:\Users\RakaThinkpad\Documents\Project\educatedplanet\admin\src\components\ui\radio-group.tsx
[2025-11-05T12:07:57.608Z] [2025-11-05T12:07:57.607Z] [INDEXING-ORCHESTRATOR] [DEBUG] 🔍 Symbol extraction for C:\Users\RakaThinkpad\Documents\Project\educatedplanet\admin\src\components\ui\radio-group.tsx: 2 symbols, 4 imports
[2025-11-05T12:07:57.608Z] [2025-11-05T12:07:57.607Z] [INDEXING-ORCHESTRATOR] [DEBUG] 📍 Chunk 9-43: 2 candidate symbols
[2025-11-05T12:07:57.608Z] [2025-11-05T12:07:57.607Z] [INDEXING-ORCHESTRATOR] [DEBUG] ✅ Chunk symbols after filtering: 2 symbols - RadioGroup, RadioGroupItem
[2025-11-05T12:07:57.608Z] [2025-11-05T12:07:57.607Z] [INDEXING-ORCHESTRATOR] [DEBUG] 📍 Chunk 44-46: 0 candidate symbols
[2025-11-05T12:07:57.608Z] [2025-11-05T12:07:57.607Z] [INDEXING-ORCHESTRATOR] [DEBUG] ✅ Chunk symbols after filtering: 0 symbols - 
[2025-11-05T12:07:57.608Z] [2025-11-05T12:07:57.607Z] [INDEXING-ORCHESTRATOR] [DEBUG] Created 2 semantic chunks for C:\Users\RakaThinkpad\Documents\Project\educatedplanet\admin\src\components\ui\radio-group.tsx
[2025-11-05T12:07:57.608Z] [2025-11-05T12:07:57.607Z] [INDEXING-ORCHESTRATOR] [DEBUG] Average chunk size: 654 characters
[2025-11-05T12:07:57.611Z] [2025-11-05T12:07:57.610Z] [TREESITTER-CHUNKER] [INFO] Created 3 semantic chunks from C:\Users\RakaThinkpad\Documents\Project\educatedplanet\admin\src\components\ui\scroll-area.tsx
[2025-11-05T12:07:57.617Z] [2025-11-05T12:07:57.617Z] [TREESITTER-FULL] [INFO] Extracted 2 symbols from C:\Users\RakaThinkpad\Documents\Project\educatedplanet\admin\src\components\ui\scroll-area.tsx
[2025-11-05T12:07:57.617Z] [2025-11-05T12:07:57.617Z] [INDEXING-ORCHESTRATOR] [DEBUG] 🔍 Symbol extraction for C:\Users\RakaThinkpad\Documents\Project\educatedplanet\admin\src\components\ui\scroll-area.tsx: 2 symbols, 3 imports
[2025-11-05T12:07:57.617Z] [2025-11-05T12:07:57.617Z] [INDEXING-ORCHESTRATOR] [DEBUG] 📍 Chunk 8-29: 1 candidate symbols
[2025-11-05T12:07:57.617Z] [2025-11-05T12:07:57.617Z] [INDEXING-ORCHESTRATOR] [DEBUG] ✅ Chunk symbols after filtering: 1 symbols - ScrollArea
[2025-11-05T12:07:57.617Z] [2025-11-05T12:07:57.617Z] [INDEXING-ORCHESTRATOR] [DEBUG] 📍 Chunk 31-56: 1 candidate symbols
[2025-11-05T12:07:57.617Z] [2025-11-05T12:07:57.617Z] [INDEXING-ORCHESTRATOR] [DEBUG] ✅ Chunk symbols after filtering: 1 symbols - ScrollBar
[2025-11-05T12:07:57.617Z] [2025-11-05T12:07:57.617Z] [INDEXING-ORCHESTRATOR] [DEBUG] 📍 Chunk 57-59: 0 candidate symbols
[2025-11-05T12:07:57.617Z] [2025-11-05T12:07:57.617Z] [INDEXING-ORCHESTRATOR] [DEBUG] ✅ Chunk symbols after filtering: 0 symbols - 
[2025-11-05T12:07:57.617Z] [2025-11-05T12:07:57.617Z] [INDEXING-ORCHESTRATOR] [DEBUG] Created 3 semantic chunks for C:\Users\RakaThinkpad\Documents\Project\educatedplanet\admin\src\components\ui\scroll-area.tsx
[2025-11-05T12:07:57.617Z] [2025-11-05T12:07:57.617Z] [INDEXING-ORCHESTRATOR] [DEBUG] Average chunk size: 513 characters
[2025-11-05T12:07:57.620Z] [2025-11-05T12:07:57.619Z] [TREESITTER-CHUNKER] [INFO] Created 1 semantic chunks from C:\Users\RakaThinkpad\Documents\Project\educatedplanet\admin\src\components\ui\resizable.tsx
[2025-11-05T12:07:57.625Z] [2025-11-05T12:07:57.624Z] [TREESITTER-FULL] [INFO] Extracted 0 symbols from C:\Users\RakaThinkpad\Documents\Project\educatedplanet\admin\src\components\ui\resizable.tsx
[2025-11-05T12:07:57.625Z] [2025-11-05T12:07:57.624Z] [INDEXING-ORCHESTRATOR] [DEBUG] 🔍 Symbol extraction for C:\Users\RakaThinkpad\Documents\Project\educatedplanet\admin\src\components\ui\resizable.tsx: 0 symbols, 4 imports
[2025-11-05T12:07:57.625Z] [2025-11-05T12:07:57.624Z] [INDEXING-ORCHESTRATOR] [DEBUG] 📍 Chunk 1-57: 0 candidate symbols
[2025-11-05T12:07:57.625Z] [2025-11-05T12:07:57.624Z] [INDEXING-ORCHESTRATOR] [DEBUG] ✅ Chunk symbols after filtering: 0 symbols - 
[2025-11-05T12:07:57.625Z] [2025-11-05T12:07:57.624Z] [INDEXING-ORCHESTRATOR] [DEBUG] Created 1 semantic chunks for C:\Users\RakaThinkpad\Documents\Project\educatedplanet\admin\src\components\ui\resizable.tsx
[2025-11-05T12:07:57.625Z] [2025-11-05T12:07:57.624Z] [INDEXING-ORCHESTRATOR] [DEBUG] Average chunk size: 2082 characters
[2025-11-05T12:07:57.637Z] [2025-11-05T12:07:57.636Z] [TREESITTER-CHUNKER] [INFO] Created 5 semantic chunks from C:\Users\RakaThinkpad\Documents\Project\educatedplanet\admin\src\components\ui\select.tsx
[2025-11-05T12:07:57.677Z] [2025-11-05T12:07:57.676Z] [TREESITTER-FULL] [INFO] Extracted 0 symbols from C:\Users\RakaThinkpad\Documents\Project\educatedplanet\admin\src\components\ui\select.tsx
[2025-11-05T12:07:57.677Z] [2025-11-05T12:07:57.676Z] [INDEXING-ORCHESTRATOR] [DEBUG] 🔍 Symbol extraction for C:\Users\RakaThinkpad\Documents\Project\educatedplanet\admin\src\components\ui\select.tsx: 0 symbols, 4 imports
[2025-11-05T12:07:57.677Z] [2025-11-05T12:07:57.676Z] [INDEXING-ORCHESTRATOR] [DEBUG] 📍 Chunk 27-88: 0 candidate symbols
[2025-11-05T12:07:57.677Z] [2025-11-05T12:07:57.676Z] [INDEXING-ORCHESTRATOR] [DEBUG] ✅ Chunk symbols after filtering: 0 symbols - 
[2025-11-05T12:07:57.677Z] [2025-11-05T12:07:57.676Z] [INDEXING-ORCHESTRATOR] [DEBUG] 📍 Chunk 64-70: 0 candidate symbols
[2025-11-05T12:07:57.677Z] [2025-11-05T12:07:57.676Z] [INDEXING-ORCHESTRATOR] [DEBUG] ✅ Chunk symbols after filtering: 0 symbols - 
[2025-11-05T12:07:57.677Z] [2025-11-05T12:07:57.676Z] [INDEXING-ORCHESTRATOR] [DEBUG] 📍 Chunk 90-125: 0 candidate symbols
[2025-11-05T12:07:57.677Z] [2025-11-05T12:07:57.676Z] [INDEXING-ORCHESTRATOR] [DEBUG] ✅ Chunk symbols after filtering: 0 symbols - 
[2025-11-05T12:07:57.677Z] [2025-11-05T12:07:57.676Z] [INDEXING-ORCHESTRATOR] [DEBUG] 📍 Chunk 127-174: 0 candidate symbols
[2025-11-05T12:07:57.677Z] [2025-11-05T12:07:57.676Z] [INDEXING-ORCHESTRATOR] [DEBUG] ✅ Chunk symbols after filtering: 0 symbols - 
[2025-11-05T12:07:57.677Z] [2025-11-05T12:07:57.676Z] [INDEXING-ORCHESTRATOR] [DEBUG] 📍 Chunk 175-188: 0 candidate symbols
[2025-11-05T12:07:57.677Z] [2025-11-05T12:07:57.676Z] [INDEXING-ORCHESTRATOR] [DEBUG] ✅ Chunk symbols after filtering: 0 symbols - 
[2025-11-05T12:07:57.677Z] [2025-11-05T12:07:57.676Z] [INDEXING-ORCHESTRATOR] [DEBUG] Created 5 semantic chunks for C:\Users\RakaThinkpad\Documents\Project\educatedplanet\admin\src\components\ui\select.tsx
[2025-11-05T12:07:57.677Z] [2025-11-05T12:07:57.676Z] [INDEXING-ORCHESTRATOR] [DEBUG] Average chunk size: 1313 characters
[2025-11-05T12:07:57.681Z] [2025-11-05T12:07:57.681Z] [TREESITTER-CHUNKER] [INFO] Created 1 semantic chunks from C:\Users\RakaThinkpad\Documents\Project\educatedplanet\admin\src\components\ui\separator.tsx
[2025-11-05T12:07:57.684Z] [2025-11-05T12:07:57.683Z] [TREESITTER-FULL] [INFO] Extracted 1 symbols from C:\Users\RakaThinkpad\Documents\Project\educatedplanet\admin\src\components\ui\separator.tsx
[2025-11-05T12:07:57.684Z] [2025-11-05T12:07:57.683Z] [INDEXING-ORCHESTRATOR] [DEBUG] 🔍 Symbol extraction for C:\Users\RakaThinkpad\Documents\Project\educatedplanet\admin\src\components\ui\separator.tsx: 1 symbols, 3 imports
[2025-11-05T12:07:57.684Z] [2025-11-05T12:07:57.683Z] [INDEXING-ORCHESTRATOR] [DEBUG] 📍 Chunk 8-28: 1 candidate symbols
[2025-11-05T12:07:57.684Z] [2025-11-05T12:07:57.683Z] [INDEXING-ORCHESTRATOR] [DEBUG] ✅ Chunk symbols after filtering: 1 symbols - Separator
[2025-11-05T12:07:57.684Z] [2025-11-05T12:07:57.683Z] [INDEXING-ORCHESTRATOR] [DEBUG] Created 1 semantic chunks for C:\Users\RakaThinkpad\Documents\Project\educatedplanet\admin\src\components\ui\separator.tsx
[2025-11-05T12:07:57.684Z] [2025-11-05T12:07:57.683Z] [INDEXING-ORCHESTRATOR] [DEBUG] Average chunk size: 574 characters
[2025-11-05T12:07:57.686Z] [2025-11-05T12:07:57.685Z] [TREESITTER-CHUNKER] [INFO] Created 2 semantic chunks from C:\Users\RakaThinkpad\Documents\Project\educatedplanet\admin\src\components\ui\skeleton.tsx
[2025-11-05T12:07:57.689Z] [2025-11-05T12:07:57.689Z] [TREESITTER-FULL] [INFO] Extracted 0 symbols from C:\Users\RakaThinkpad\Documents\Project\educatedplanet\admin\src\components\ui\skeleton.tsx
[2025-11-05T12:07:57.689Z] [2025-11-05T12:07:57.689Z] [INDEXING-ORCHESTRATOR] [DEBUG] 🔍 Symbol extraction for C:\Users\RakaThinkpad\Documents\Project\educatedplanet\admin\src\components\ui\skeleton.tsx: 0 symbols, 1 imports
[2025-11-05T12:07:57.689Z] [2025-11-05T12:07:57.689Z] [INDEXING-ORCHESTRATOR] [DEBUG] 📍 Chunk 7-8: 0 candidate symbols
[2025-11-05T12:07:57.689Z] [2025-11-05T12:07:57.689Z] [INDEXING-ORCHESTRATOR] [DEBUG] ✅ Chunk symbols after filtering: 0 symbols - 
[2025-11-05T12:07:57.689Z] [2025-11-05T12:07:57.689Z] [INDEXING-ORCHESTRATOR] [DEBUG] 📍 Chunk 9-14: 0 candidate symbols
[2025-11-05T12:07:57.689Z] [2025-11-05T12:07:57.689Z] [INDEXING-ORCHESTRATOR] [DEBUG] ✅ Chunk symbols after filtering: 0 symbols - 
[2025-11-05T12:07:57.689Z] [2025-11-05T12:07:57.689Z] [INDEXING-ORCHESTRATOR] [DEBUG] Created 2 semantic chunks for C:\Users\RakaThinkpad\Documents\Project\educatedplanet\admin\src\components\ui\skeleton.tsx
[2025-11-05T12:07:57.689Z] [2025-11-05T12:07:57.689Z] [INDEXING-ORCHESTRATOR] [DEBUG] Average chunk size: 52 characters
[2025-11-05T12:07:57.704Z] [2025-11-05T12:07:57.703Z] [TREESITTER-CHUNKER] [INFO] Created 4 semantic chunks from C:\Users\RakaThinkpad\Documents\Project\educatedplanet\admin\src\components\ui\sheet.tsx
[2025-11-05T12:07:57.739Z] [2025-11-05T12:07:57.738Z] [TREESITTER-FULL] [INFO] Extracted 1 symbols from C:\Users\RakaThinkpad\Documents\Project\educatedplanet\admin\src\components\ui\sheet.tsx
[2025-11-05T12:07:57.739Z] [2025-11-05T12:07:57.738Z] [INDEXING-ORCHESTRATOR] [DEBUG] 🔍 Symbol extraction for C:\Users\RakaThinkpad\Documents\Project\educatedplanet\admin\src\components\ui\sheet.tsx: 1 symbols, 4 imports
[2025-11-05T12:07:57.739Z] [2025-11-05T12:07:57.738Z] [INDEXING-ORCHESTRATOR] [DEBUG] 📍 Chunk 88-89: 0 candidate symbols
[2025-11-05T12:07:57.739Z] [2025-11-05T12:07:57.738Z] [INDEXING-ORCHESTRATOR] [DEBUG] ✅ Chunk symbols after filtering: 0 symbols - 
[2025-11-05T12:07:57.739Z] [2025-11-05T12:07:57.738Z] [INDEXING-ORCHESTRATOR] [DEBUG] 📍 Chunk 98-99: 0 candidate symbols
[2025-11-05T12:07:57.739Z] [2025-11-05T12:07:57.738Z] [INDEXING-ORCHESTRATOR] [DEBUG] ✅ Chunk symbols after filtering: 0 symbols - 
[2025-11-05T12:07:57.739Z] [2025-11-05T12:07:57.739Z] [INDEXING-ORCHESTRATOR] [DEBUG] 📍 Chunk 117-128: 1 candidate symbols
[2025-11-05T12:07:57.739Z] [2025-11-05T12:07:57.739Z] [INDEXING-ORCHESTRATOR] [DEBUG] ✅ Chunk symbols after filtering: 1 symbols - SheetDescription
[2025-11-05T12:07:57.739Z] [2025-11-05T12:07:57.739Z] [INDEXING-ORCHESTRATOR] [DEBUG] 📍 Chunk 129-140: 0 candidate symbols
[2025-11-05T12:07:57.739Z] [2025-11-05T12:07:57.739Z] [INDEXING-ORCHESTRATOR] [DEBUG] ✅ Chunk symbols after filtering: 0 symbols - 
[2025-11-05T12:07:57.739Z] [2025-11-05T12:07:57.739Z] [INDEXING-ORCHESTRATOR] [DEBUG] Created 4 semantic chunks for C:\Users\RakaThinkpad\Documents\Project\educatedplanet\admin\src\components\ui\sheet.tsx
[2025-11-05T12:07:57.739Z] [2025-11-05T12:07:57.739Z] [INDEXING-ORCHESTRATOR] [DEBUG] Average chunk size: 141 characters
[2025-11-05T12:07:57.751Z] [2025-11-05T12:07:57.750Z] [TREESITTER-CHUNKER] [INFO] Created 2 semantic chunks from C:\Users\RakaThinkpad\Documents\Project\educatedplanet\admin\src\components\ui\simple-loading-bar.tsx
[2025-11-05T12:07:57.764Z] [2025-11-05T12:07:57.764Z] [TREESITTER-FULL] [INFO] Extracted 1 symbols from C:\Users\RakaThinkpad\Documents\Project\educatedplanet\admin\src\components\ui\simple-loading-bar.tsx
[2025-11-05T12:07:57.764Z] [2025-11-05T12:07:57.764Z] [INDEXING-ORCHESTRATOR] [DEBUG] 🔍 Symbol extraction for C:\Users\RakaThinkpad\Documents\Project\educatedplanet\admin\src\components\ui\simple-loading-bar.tsx: 1 symbols, 2 imports
[2025-11-05T12:07:57.764Z] [2025-11-05T12:07:57.764Z] [INDEXING-ORCHESTRATOR] [DEBUG] 📍 Chunk 6-8: 1 candidate symbols
[2025-11-05T12:07:57.765Z] [2025-11-05T12:07:57.764Z] [INDEXING-ORCHESTRATOR] [DEBUG] ✅ Chunk symbols after filtering: 1 symbols - SimpleLoadingBarProps
[2025-11-05T12:07:57.765Z] [2025-11-05T12:07:57.764Z] [INDEXING-ORCHESTRATOR] [DEBUG] 📍 Chunk 9-69: 0 candidate symbols
[2025-11-05T12:07:57.765Z] [2025-11-05T12:07:57.764Z] [INDEXING-ORCHESTRATOR] [DEBUG] ✅ Chunk symbols after filtering: 0 symbols - 
[2025-11-05T12:07:57.765Z] [2025-11-05T12:07:57.764Z] [INDEXING-ORCHESTRATOR] [DEBUG] Created 2 semantic chunks for C:\Users\RakaThinkpad\Documents\Project\educatedplanet\admin\src\components\ui\simple-loading-bar.tsx
[2025-11-05T12:07:57.765Z] [2025-11-05T12:07:57.764Z] [INDEXING-ORCHESTRATOR] [DEBUG] Average chunk size: 737 characters
[2025-11-05T12:07:57.834Z] [2025-11-05T12:07:57.834Z] [TREESITTER-CHUNKER] [INFO] Created 25 semantic chunks from C:\Users\RakaThinkpad\Documents\Project\educatedplanet\admin\src\components\ui\sidebar.tsx
[2025-11-05T12:07:58.072Z] [2025-11-05T12:07:58.071Z] [TREESITTER-FULL] [INFO] Extracted 8 symbols from C:\Users\RakaThinkpad\Documents\Project\educatedplanet\admin\src\components\ui\sidebar.tsx
[2025-11-05T12:07:58.072Z] [2025-11-05T12:07:58.071Z] [INDEXING-ORCHESTRATOR] [DEBUG] 🔍 Symbol extraction for C:\Users\RakaThinkpad\Documents\Project\educatedplanet\admin\src\components\ui\sidebar.tsx: 8 symbols, 12 imports
[2025-11-05T12:07:58.072Z] [2025-11-05T12:07:58.071Z] [INDEXING-ORCHESTRATOR] [DEBUG] 📍 Chunk 35-54: 3 candidate symbols
[2025-11-05T12:07:58.072Z] [2025-11-05T12:07:58.071Z] [INDEXING-ORCHESTRATOR] [DEBUG] ✅ Chunk symbols after filtering: 3 symbols - SidebarContextProps, SidebarContext, useSidebar
[2025-11-05T12:07:58.072Z] [2025-11-05T12:07:58.071Z] [INDEXING-ORCHESTRATOR] [DEBUG] 📍 Chunk 141-145: 0 candidate symbols
[2025-11-05T12:07:58.072Z] [2025-11-05T12:07:58.071Z] [INDEXING-ORCHESTRATOR] [DEBUG] ✅ Chunk symbols after filtering: 0 symbols - 
[2025-11-05T12:07:58.072Z] [2025-11-05T12:07:58.071Z] [INDEXING-ORCHESTRATOR] [DEBUG] 📍 Chunk 172-176: 0 candidate symbols
[2025-11-05T12:07:58.072Z] [2025-11-05T12:07:58.071Z] [INDEXING-ORCHESTRATOR] [DEBUG] ✅ Chunk symbols after filtering: 0 symbols - 
[2025-11-05T12:07:58.072Z] [2025-11-05T12:07:58.071Z] [INDEXING-ORCHESTRATOR] [DEBUG] 📍 Chunk 231-242: 0 candidate symbols
[2025-11-05T12:07:58.072Z] [2025-11-05T12:07:58.071Z] [INDEXING-ORCHESTRATOR] [DEBUG] ✅ Chunk symbols after filtering: 0 symbols - 
[2025-11-05T12:07:58.072Z] [2025-11-05T12:07:58.071Z] [INDEXING-ORCHESTRATOR] [DEBUG] 📍 Chunk 293-302: 0 candidate symbols
[2025-11-05T12:07:58.072Z] [2025-11-05T12:07:58.071Z] [INDEXING-ORCHESTRATOR] [DEBUG] ✅ Chunk symbols after filtering: 0 symbols - 
[2025-11-05T12:07:58.072Z] [2025-11-05T12:07:58.071Z] [INDEXING-ORCHESTRATOR] [DEBUG] 📍 Chunk 311-316: 0 candidate symbols
[2025-11-05T12:07:58.072Z] [2025-11-05T12:07:58.071Z] [INDEXING-ORCHESTRATOR] [DEBUG] ✅ Chunk symbols after filtering: 0 symbols - 
[2025-11-05T12:07:58.072Z] [2025-11-05T12:07:58.071Z] [INDEXING-ORCHESTRATOR] [DEBUG] 📍 Chunk 329-330: 0 candidate symbols
[2025-11-05T12:07:58.072Z] [2025-11-05T12:07:58.071Z] [INDEXING-ORCHESTRATOR] [DEBUG] ✅ Chunk symbols after filtering: 0 symbols - 
[2025-11-05T12:07:58.072Z] [2025-11-05T12:07:58.071Z] [INDEXING-ORCHESTRATOR] [DEBUG] 📍 Chunk 340-341: 0 candidate symbols
[2025-11-05T12:07:58.072Z] [2025-11-05T12:07:58.071Z] [INDEXING-ORCHESTRATOR] [DEBUG] ✅ Chunk symbols after filtering: 0 symbols - 
[2025-11-05T12:07:58.072Z] [2025-11-05T12:07:58.071Z] [INDEXING-ORCHESTRATOR] [DEBUG] 📍 Chunk 351-352: 0 candidate symbols
[2025-11-05T12:07:58.072Z] [2025-11-05T12:07:58.071Z] [INDEXING-ORCHESTRATOR] [DEBUG] ✅ Chunk symbols after filtering: 0 symbols - 
[2025-11-05T12:07:58.072Z] [2025-11-05T12:07:58.071Z] [INDEXING-ORCHESTRATOR] [DEBUG] 📍 Chunk 365-366: 0 candidate symbols
[2025-11-05T12:07:58.072Z] [2025-11-05T12:07:58.071Z] [INDEXING-ORCHESTRATOR] [DEBUG] ✅ Chunk symbols after filtering: 0 symbols - 
[2025-11-05T12:07:58.072Z] [2025-11-05T12:07:58.071Z] [INDEXING-ORCHESTRATOR] [DEBUG] 📍 Chunk 376-380: 0 candidate symbols
[2025-11-05T12:07:58.072Z] [2025-11-05T12:07:58.071Z] [INDEXING-ORCHESTRATOR] [DEBUG] ✅ Chunk symbols after filtering: 0 symbols - 
[2025-11-05T12:07:58.072Z] [2025-11-05T12:07:58.071Z] [INDEXING-ORCHESTRATOR] [DEBUG] 📍 Chunk 390-391: 0 candidate symbols
[2025-11-05T12:07:58.072Z] [2025-11-05T12:07:58.071Z] [INDEXING-ORCHESTRATOR] [DEBUG] ✅ Chunk symbols after filtering: 0 symbols - 
[2025-11-05T12:07:58.072Z] [2025-11-05T12:07:58.071Z] [INDEXING-ORCHESTRATOR] [DEBUG] 📍 Chunk 407-412: 0 candidate symbols
[2025-11-05T12:07:58.072Z] [2025-11-05T12:07:58.072Z] [INDEXING-ORCHESTRATOR] [DEBUG] ✅ Chunk symbols after filtering: 0 symbols - 
[2025-11-05T12:07:58.072Z] [2025-11-05T12:07:58.072Z] [INDEXING-ORCHESTRATOR] [DEBUG] 📍 Chunk 428-435: 0 candidate symbols
[2025-11-05T12:07:58.072Z] [2025-11-05T12:07:58.072Z] [INDEXING-ORCHESTRATOR] [DEBUG] ✅ Chunk symbols after filtering: 0 symbols - 
[2025-11-05T12:07:58.072Z] [2025-11-05T12:07:58.072Z] [INDEXING-ORCHESTRATOR] [DEBUG] 📍 Chunk 448-449: 0 candidate symbols
[2025-11-05T12:07:58.072Z] [2025-11-05T12:07:58.072Z] [INDEXING-ORCHESTRATOR] [DEBUG] ✅ Chunk symbols after filtering: 0 symbols - 
[2025-11-05T12:07:58.072Z] [2025-11-05T12:07:58.072Z] [INDEXING-ORCHESTRATOR] [DEBUG] 📍 Chunk 459-460: 0 candidate symbols
[2025-11-05T12:07:58.072Z] [2025-11-05T12:07:58.072Z] [INDEXING-ORCHESTRATOR] [DEBUG] ✅ Chunk symbols after filtering: 0 symbols - 
[2025-11-05T12:07:58.072Z] [2025-11-05T12:07:58.072Z] [INDEXING-ORCHESTRATOR] [DEBUG] 📍 Chunk 470-471: 0 candidate symbols
[2025-11-05T12:07:58.072Z] [2025-11-05T12:07:58.072Z] [INDEXING-ORCHESTRATOR] [DEBUG] ✅ Chunk symbols after filtering: 0 symbols - 
[2025-11-05T12:07:58.072Z] [2025-11-05T12:07:58.072Z] [INDEXING-ORCHESTRATOR] [DEBUG] 📍 Chunk 520-521: 0 candidate symbols
[2025-11-05T12:07:58.072Z] [2025-11-05T12:07:58.072Z] [INDEXING-ORCHESTRATOR] [DEBUG] ✅ Chunk symbols after filtering: 0 symbols - 
[2025-11-05T12:07:58.072Z] [2025-11-05T12:07:58.072Z] [INDEXING-ORCHESTRATOR] [DEBUG] 📍 Chunk 563-575: 0 candidate symbols
[2025-11-05T12:07:58.072Z] [2025-11-05T12:07:58.072Z] [INDEXING-ORCHESTRATOR] [DEBUG] ✅ Chunk symbols after filtering: 0 symbols - 
[2025-11-05T12:07:58.072Z] [2025-11-05T12:07:58.072Z] [INDEXING-ORCHESTRATOR] [DEBUG] 📍 Chunk 588-597: 0 candidate symbols
[2025-11-05T12:07:58.072Z] [2025-11-05T12:07:58.072Z] [INDEXING-ORCHESTRATOR] [DEBUG] ✅ Chunk symbols after filtering: 0 symbols - 
[2025-11-05T12:07:58.072Z] [2025-11-05T12:07:58.072Z] [INDEXING-ORCHESTRATOR] [DEBUG] 📍 Chunk 618-619: 0 candidate symbols
[2025-11-05T12:07:58.072Z] [2025-11-05T12:07:58.072Z] [INDEXING-ORCHESTRATOR] [DEBUG] ✅ Chunk symbols after filtering: 0 symbols - 
[2025-11-05T12:07:58.072Z] [2025-11-05T12:07:58.072Z] [INDEXING-ORCHESTRATOR] [DEBUG] 📍 Chunk 645-650: 0 candidate symbols
[2025-11-05T12:07:58.072Z] [2025-11-05T12:07:58.072Z] [INDEXING-ORCHESTRATOR] [DEBUG] ✅ Chunk symbols after filtering: 0 symbols - 
[2025-11-05T12:07:58.072Z] [2025-11-05T12:07:58.072Z] [INDEXING-ORCHESTRATOR] [DEBUG] 📍 Chunk 663-664: 0 candidate symbols
[2025-11-05T12:07:58.072Z] [2025-11-05T12:07:58.072Z] [INDEXING-ORCHESTRATOR] [DEBUG] ✅ Chunk symbols after filtering: 0 symbols - 
[2025-11-05T12:07:58.072Z] [2025-11-05T12:07:58.072Z] [INDEXING-ORCHESTRATOR] [DEBUG] 📍 Chunk 688-696: 0 candidate symbols
[2025-11-05T12:07:58.072Z] [2025-11-05T12:07:58.072Z] [INDEXING-ORCHESTRATOR] [DEBUG] ✅ Chunk symbols after filtering: 0 symbols - 
[2025-11-05T12:07:58.072Z] [2025-11-05T12:07:58.072Z] [INDEXING-ORCHESTRATOR] [DEBUG] 📍 Chunk 697-727: 0 candidate symbols
[2025-11-05T12:07:58.073Z] [2025-11-05T12:07:58.072Z] [INDEXING-ORCHESTRATOR] [DEBUG] ✅ Chunk symbols after filtering: 0 symbols - 
[2025-11-05T12:07:58.073Z] [2025-11-05T12:07:58.072Z] [INDEXING-ORCHESTRATOR] [DEBUG] Created 25 semantic chunks for C:\Users\RakaThinkpad\Documents\Project\educatedplanet\admin\src\components\ui\sidebar.tsx
[2025-11-05T12:07:58.073Z] [2025-11-05T12:07:58.072Z] [INDEXING-ORCHESTRATOR] [DEBUG] Average chunk size: 301 characters
[2025-11-05T12:07:58.076Z] [2025-11-05T12:07:58.075Z] [TREESITTER-CHUNKER] [INFO] Created 1 semantic chunks from C:\Users\RakaThinkpad\Documents\Project\educatedplanet\admin\src\components\ui\slider.tsx
[2025-11-05T12:07:58.081Z] [2025-11-05T12:07:58.080Z] [TREESITTER-FULL] [INFO] Extracted 1 symbols from C:\Users\RakaThinkpad\Documents\Project\educatedplanet\admin\src\components\ui\slider.tsx
[2025-11-05T12:07:58.081Z] [2025-11-05T12:07:58.081Z] [INDEXING-ORCHESTRATOR] [DEBUG] 🔍 Symbol extraction for C:\Users\RakaThinkpad\Documents\Project\educatedplanet\admin\src\components\ui\slider.tsx: 1 symbols, 3 imports
[2025-11-05T12:07:58.081Z] [2025-11-05T12:07:58.081Z] [INDEXING-ORCHESTRATOR] [DEBUG] 📍 Chunk 1-64: 1 candidate symbols
[2025-11-05T12:07:58.081Z] [2025-11-05T12:07:58.081Z] [INDEXING-ORCHESTRATOR] [DEBUG] ✅ Chunk symbols after filtering: 1 symbols - _values
[2025-11-05T12:07:58.081Z] [2025-11-05T12:07:58.081Z] [INDEXING-ORCHESTRATOR] [DEBUG] Created 1 semantic chunks for C:\Users\RakaThinkpad\Documents\Project\educatedplanet\admin\src\components\ui\slider.tsx
[2025-11-05T12:07:58.081Z] [2025-11-05T12:07:58.081Z] [INDEXING-ORCHESTRATOR] [DEBUG] Average chunk size: 2052 characters
[2025-11-05T12:07:58.081Z] [2025-11-05T12:07:58.081Z] [INDEXING-ORCHESTRATOR] [DEBUG] 📊 Processed: 110/220 files
[2025-11-05T12:07:58.090Z] [2025-11-05T12:07:58.090Z] [TREESITTER-CHUNKER] [INFO] Created 1 semantic chunks from C:\Users\RakaThinkpad\Documents\Project\educatedplanet\admin\src\components\ui\switch.tsx
[2025-11-05T12:07:58.093Z] [2025-11-05T12:07:58.092Z] [TREESITTER-FULL] [INFO] Extracted 0 symbols from C:\Users\RakaThinkpad\Documents\Project\educatedplanet\admin\src\components\ui\switch.tsx
[2025-11-05T12:07:58.093Z] [2025-11-05T12:07:58.093Z] [INDEXING-ORCHESTRATOR] [DEBUG] 🔍 Symbol extraction for C:\Users\RakaThinkpad\Documents\Project\educatedplanet\admin\src\components\ui\switch.tsx: 0 symbols, 3 imports
[2025-11-05T12:07:58.093Z] [2025-11-05T12:07:58.093Z] [INDEXING-ORCHESTRATOR] [DEBUG] 📍 Chunk 1-32: 0 candidate symbols
[2025-11-05T12:07:58.093Z] [2025-11-05T12:07:58.093Z] [INDEXING-ORCHESTRATOR] [DEBUG] ✅ Chunk symbols after filtering: 0 symbols - 
[2025-11-05T12:07:58.093Z] [2025-11-05T12:07:58.093Z] [INDEXING-ORCHESTRATOR] [DEBUG] Created 1 semantic chunks for C:\Users\RakaThinkpad\Documents\Project\educatedplanet\admin\src\components\ui\switch.tsx
[2025-11-05T12:07:58.093Z] [2025-11-05T12:07:58.093Z] [INDEXING-ORCHESTRATOR] [DEBUG] Average chunk size: 1201 characters
[2025-11-05T12:07:58.097Z] [2025-11-05T12:07:58.096Z] [TREESITTER-CHUNKER] [INFO] Created 1 semantic chunks from C:\Users\RakaThinkpad\Documents\Project\educatedplanet\admin\src\components\ui\sonner.tsx
[2025-11-05T12:07:58.104Z] [2025-11-05T12:07:58.103Z] [TREESITTER-FULL] [INFO] Extracted 0 symbols from C:\Users\RakaThinkpad\Documents\Project\educatedplanet\admin\src\components\ui\sonner.tsx
[2025-11-05T12:07:58.104Z] [2025-11-05T12:07:58.103Z] [INDEXING-ORCHESTRATOR] [DEBUG] 🔍 Symbol extraction for C:\Users\RakaThinkpad\Documents\Project\educatedplanet\admin\src\components\ui\sonner.tsx: 0 symbols, 3 imports
[2025-11-05T12:07:58.104Z] [2025-11-05T12:07:58.103Z] [INDEXING-ORCHESTRATOR] [DEBUG] 📍 Chunk 1-41: 0 candidate symbols
[2025-11-05T12:07:58.104Z] [2025-11-05T12:07:58.103Z] [INDEXING-ORCHESTRATOR] [DEBUG] ✅ Chunk symbols after filtering: 0 symbols - 
[2025-11-05T12:07:58.104Z] [2025-11-05T12:07:58.103Z] [INDEXING-ORCHESTRATOR] [DEBUG] Created 1 semantic chunks for C:\Users\RakaThinkpad\Documents\Project\educatedplanet\admin\src\components\ui\sonner.tsx
[2025-11-05T12:07:58.104Z] [2025-11-05T12:07:58.103Z] [INDEXING-ORCHESTRATOR] [DEBUG] Average chunk size: 1072 characters
[2025-11-05T12:07:58.105Z] [2025-11-05T12:07:58.104Z] [TREESITTER-CHUNKER] [INFO] Created 1 semantic chunks from C:\Users\RakaThinkpad\Documents\Project\educatedplanet\admin\src\components\ui\spinner.tsx
[2025-11-05T12:07:58.107Z] [2025-11-05T12:07:58.106Z] [TREESITTER-FULL] [INFO] Extracted 0 symbols from C:\Users\RakaThinkpad\Documents\Project\educatedplanet\admin\src\components\ui\spinner.tsx
[2025-11-05T12:07:58.107Z] [2025-11-05T12:07:58.106Z] [INDEXING-ORCHESTRATOR] [DEBUG] 🔍 Symbol extraction for C:\Users\RakaThinkpad\Documents\Project\educatedplanet\admin\src\components\ui\spinner.tsx: 0 symbols, 2 imports
[2025-11-05T12:07:58.107Z] [2025-11-05T12:07:58.106Z] [INDEXING-ORCHESTRATOR] [DEBUG] 📍 Chunk 1-17: 0 candidate symbols
[2025-11-05T12:07:58.107Z] [2025-11-05T12:07:58.106Z] [INDEXING-ORCHESTRATOR] [DEBUG] ✅ Chunk symbols after filtering: 0 symbols - 
[2025-11-05T12:07:58.107Z] [2025-11-05T12:07:58.106Z] [INDEXING-ORCHESTRATOR] [DEBUG] Created 1 semantic chunks for C:\Users\RakaThinkpad\Documents\Project\educatedplanet\admin\src\components\ui\spinner.tsx
[2025-11-05T12:07:58.107Z] [2025-11-05T12:07:58.106Z] [INDEXING-ORCHESTRATOR] [DEBUG] Average chunk size: 345 characters
[2025-11-05T12:07:58.121Z] [2025-11-05T12:07:58.120Z] [TREESITTER-CHUNKER] [INFO] Created 9 semantic chunks from C:\Users\RakaThinkpad\Documents\Project\educatedplanet\admin\src\components\ui\table.tsx
[2025-11-05T12:07:58.148Z] [2025-11-05T12:07:58.148Z] [TREESITTER-FULL] [INFO] Extracted 0 symbols from C:\Users\RakaThinkpad\Documents\Project\educatedplanet\admin\src\components\ui\table.tsx
[2025-11-05T12:07:58.148Z] [2025-11-05T12:07:58.148Z] [INDEXING-ORCHESTRATOR] [DEBUG] 🔍 Symbol extraction for C:\Users\RakaThinkpad\Documents\Project\educatedplanet\admin\src\components\ui\table.tsx: 0 symbols, 2 imports
[2025-11-05T12:07:58.149Z] [2025-11-05T12:07:58.148Z] [INDEXING-ORCHESTRATOR] [DEBUG] 📍 Chunk 15-16: 0 candidate symbols
[2025-11-05T12:07:58.149Z] [2025-11-05T12:07:58.148Z] [INDEXING-ORCHESTRATOR] [DEBUG] ✅ Chunk symbols after filtering: 0 symbols - 
[2025-11-05T12:07:58.149Z] [2025-11-05T12:07:58.148Z] [INDEXING-ORCHESTRATOR] [DEBUG] 📍 Chunk 26-27: 0 candidate symbols
[2025-11-05T12:07:58.149Z] [2025-11-05T12:07:58.148Z] [INDEXING-ORCHESTRATOR] [DEBUG] ✅ Chunk symbols after filtering: 0 symbols - 
[2025-11-05T12:07:58.149Z] [2025-11-05T12:07:58.148Z] [INDEXING-ORCHESTRATOR] [DEBUG] 📍 Chunk 36-37: 0 candidate symbols
[2025-11-05T12:07:58.149Z] [2025-11-05T12:07:58.148Z] [INDEXING-ORCHESTRATOR] [DEBUG] ✅ Chunk symbols after filtering: 0 symbols - 
[2025-11-05T12:07:58.149Z] [2025-11-05T12:07:58.148Z] [INDEXING-ORCHESTRATOR] [DEBUG] 📍 Chunk 46-50: 0 candidate symbols
[2025-11-05T12:07:58.149Z] [2025-11-05T12:07:58.148Z] [INDEXING-ORCHESTRATOR] [DEBUG] ✅ Chunk symbols after filtering: 0 symbols - 
[2025-11-05T12:07:58.149Z] [2025-11-05T12:07:58.148Z] [INDEXING-ORCHESTRATOR] [DEBUG] 📍 Chunk 59-63: 0 candidate symbols
[2025-11-05T12:07:58.149Z] [2025-11-05T12:07:58.148Z] [INDEXING-ORCHESTRATOR] [DEBUG] ✅ Chunk symbols after filtering: 0 symbols - 
[2025-11-05T12:07:58.149Z] [2025-11-05T12:07:58.148Z] [INDEXING-ORCHESTRATOR] [DEBUG] 📍 Chunk 72-76: 0 candidate symbols
[2025-11-05T12:07:58.149Z] [2025-11-05T12:07:58.148Z] [INDEXING-ORCHESTRATOR] [DEBUG] ✅ Chunk symbols after filtering: 0 symbols - 
[2025-11-05T12:07:58.149Z] [2025-11-05T12:07:58.148Z] [INDEXING-ORCHESTRATOR] [DEBUG] 📍 Chunk 85-89: 0 candidate symbols
[2025-11-05T12:07:58.149Z] [2025-11-05T12:07:58.148Z] [INDEXING-ORCHESTRATOR] [DEBUG] ✅ Chunk symbols after filtering: 0 symbols - 
[2025-11-05T12:07:58.149Z] [2025-11-05T12:07:58.148Z] [INDEXING-ORCHESTRATOR] [DEBUG] 📍 Chunk 101-102: 0 candidate symbols
[2025-11-05T12:07:58.149Z] [2025-11-05T12:07:58.148Z] [INDEXING-ORCHESTRATOR] [DEBUG] ✅ Chunk symbols after filtering: 0 symbols - 
[2025-11-05T12:07:58.149Z] [2025-11-05T12:07:58.148Z] [INDEXING-ORCHESTRATOR] [DEBUG] 📍 Chunk 103-117: 0 candidate symbols
[2025-11-05T12:07:58.149Z] [2025-11-05T12:07:58.148Z] [INDEXING-ORCHESTRATOR] [DEBUG] ✅ Chunk symbols after filtering: 0 symbols - 
[2025-11-05T12:07:58.149Z] [2025-11-05T12:07:58.148Z] [INDEXING-ORCHESTRATOR] [DEBUG] Created 9 semantic chunks for C:\Users\RakaThinkpad\Documents\Project\educatedplanet\admin\src\components\ui\table.tsx
[2025-11-05T12:07:58.149Z] [2025-11-05T12:07:58.148Z] [INDEXING-ORCHESTRATOR] [DEBUG] Average chunk size: 113 characters
[2025-11-05T12:07:58.152Z] [2025-11-05T12:07:58.152Z] [TREESITTER-CHUNKER] [INFO] Created 2 semantic chunks from C:\Users\RakaThinkpad\Documents\Project\educatedplanet\admin\src\components\ui\tabs.tsx
[2025-11-05T12:07:58.160Z] [2025-11-05T12:07:58.159Z] [TREESITTER-FULL] [INFO] Extracted 1 symbols from C:\Users\RakaThinkpad\Documents\Project\educatedplanet\admin\src\components\ui\tabs.tsx
[2025-11-05T12:07:58.160Z] [2025-11-05T12:07:58.159Z] [INDEXING-ORCHESTRATOR] [DEBUG] 🔍 Symbol extraction for C:\Users\RakaThinkpad\Documents\Project\educatedplanet\admin\src\components\ui\tabs.tsx: 1 symbols, 3 imports
[2025-11-05T12:07:58.160Z] [2025-11-05T12:07:58.159Z] [INDEXING-ORCHESTRATOR] [DEBUG] 📍 Chunk 8-19: 1 candidate symbols
[2025-11-05T12:07:58.160Z] [2025-11-05T12:07:58.159Z] [INDEXING-ORCHESTRATOR] [DEBUG] ✅ Chunk symbols after filtering: 1 symbols - Tabs
[2025-11-05T12:07:58.160Z] [2025-11-05T12:07:58.159Z] [INDEXING-ORCHESTRATOR] [DEBUG] 📍 Chunk 20-67: 0 candidate symbols
[2025-11-05T12:07:58.160Z] [2025-11-05T12:07:58.159Z] [INDEXING-ORCHESTRATOR] [DEBUG] ✅ Chunk symbols after filtering: 0 symbols - 
[2025-11-05T12:07:58.160Z] [2025-11-05T12:07:58.159Z] [INDEXING-ORCHESTRATOR] [DEBUG] Created 2 semantic chunks for C:\Users\RakaThinkpad\Documents\Project\educatedplanet\admin\src\components\ui\tabs.tsx
[2025-11-05T12:07:58.160Z] [2025-11-05T12:07:58.159Z] [INDEXING-ORCHESTRATOR] [DEBUG] Average chunk size: 944 characters
[2025-11-05T12:07:58.161Z] [2025-11-05T12:07:58.161Z] [TREESITTER-CHUNKER] [INFO] Created 2 semantic chunks from C:\Users\RakaThinkpad\Documents\Project\educatedplanet\admin\src\components\ui\textarea.tsx
[2025-11-05T12:07:58.163Z] [2025-11-05T12:07:58.162Z] [TREESITTER-FULL] [INFO] Extracted 0 symbols from C:\Users\RakaThinkpad\Documents\Project\educatedplanet\admin\src\components\ui\textarea.tsx
[2025-11-05T12:07:58.163Z] [2025-11-05T12:07:58.162Z] [INDEXING-ORCHESTRATOR] [DEBUG] 🔍 Symbol extraction for C:\Users\RakaThinkpad\Documents\Project\educatedplanet\admin\src\components\ui\textarea.tsx: 0 symbols, 2 imports
[2025-11-05T12:07:58.163Z] [2025-11-05T12:07:58.162Z] [INDEXING-ORCHESTRATOR] [DEBUG] 📍 Chunk 9-13: 0 candidate symbols
[2025-11-05T12:07:58.163Z] [2025-11-05T12:07:58.162Z] [INDEXING-ORCHESTRATOR] [DEBUG] ✅ Chunk symbols after filtering: 0 symbols - 
[2025-11-05T12:07:58.163Z] [2025-11-05T12:07:58.162Z] [INDEXING-ORCHESTRATOR] [DEBUG] 📍 Chunk 14-19: 0 candidate symbols
[2025-11-05T12:07:58.163Z] [2025-11-05T12:07:58.162Z] [INDEXING-ORCHESTRATOR] [DEBUG] ✅ Chunk symbols after filtering: 0 symbols - 
[2025-11-05T12:07:58.163Z] [2025-11-05T12:07:58.162Z] [INDEXING-ORCHESTRATOR] [DEBUG] Created 2 semantic chunks for C:\Users\RakaThinkpad\Documents\Project\educatedplanet\admin\src\components\ui\textarea.tsx
[2025-11-05T12:07:58.163Z] [2025-11-05T12:07:58.162Z] [INDEXING-ORCHESTRATOR] [DEBUG] Average chunk size: 274 characters
[2025-11-05T12:07:58.169Z] [2025-11-05T12:07:58.168Z] [TREESITTER-CHUNKER] [INFO] Created 1 semantic chunks from C:\Users\RakaThinkpad\Documents\Project\educatedplanet\admin\src\components\ui\toggle.tsx
[2025-11-05T12:07:58.173Z] [2025-11-05T12:07:58.173Z] [TREESITTER-FULL] [INFO] Extracted 1 symbols from C:\Users\RakaThinkpad\Documents\Project\educatedplanet\admin\src\components\ui\toggle.tsx
[2025-11-05T12:07:58.173Z] [2025-11-05T12:07:58.173Z] [INDEXING-ORCHESTRATOR] [DEBUG] 🔍 Symbol extraction for C:\Users\RakaThinkpad\Documents\Project\educatedplanet\admin\src\components\ui\toggle.tsx: 1 symbols, 4 imports
[2025-11-05T12:07:58.173Z] [2025-11-05T12:07:58.173Z] [INDEXING-ORCHESTRATOR] [DEBUG] 📍 Chunk 1-48: 1 candidate symbols
[2025-11-05T12:07:58.173Z] [2025-11-05T12:07:58.173Z] [INDEXING-ORCHESTRATOR] [DEBUG] ✅ Chunk symbols after filtering: 1 symbols - toggleVariants
[2025-11-05T12:07:58.173Z] [2025-11-05T12:07:58.173Z] [INDEXING-ORCHESTRATOR] [DEBUG] Created 1 semantic chunks for C:\Users\RakaThinkpad\Documents\Project\educatedplanet\admin\src\components\ui\toggle.tsx
[2025-11-05T12:07:58.173Z] [2025-11-05T12:07:58.173Z] [INDEXING-ORCHESTRATOR] [DEBUG] Average chunk size: 1610 characters
[2025-11-05T12:07:58.180Z] [2025-11-05T12:07:58.179Z] [TREESITTER-CHUNKER] [INFO] Created 3 semantic chunks from C:\Users\RakaThinkpad\Documents\Project\educatedplanet\admin\src\components\ui\toggle-group.tsx
[2025-11-05T12:07:58.200Z] [2025-11-05T12:07:58.199Z] [TREESITTER-FULL] [INFO] Extracted 2 symbols from C:\Users\RakaThinkpad\Documents\Project\educatedplanet\admin\src\components\ui\toggle-group.tsx
[2025-11-05T12:07:58.200Z] [2025-11-05T12:07:58.200Z] [INDEXING-ORCHESTRATOR] [DEBUG] 🔍 Symbol extraction for C:\Users\RakaThinkpad\Documents\Project\educatedplanet\admin\src\components\ui\toggle-group.tsx: 2 symbols, 5 imports
[2025-11-05T12:07:58.201Z] [2025-11-05T12:07:58.200Z] [INDEXING-ORCHESTRATOR] [DEBUG] 📍 Chunk 20-66: 1 candidate symbols
[2025-11-05T12:07:58.201Z] [2025-11-05T12:07:58.200Z] [INDEXING-ORCHESTRATOR] [DEBUG] ✅ Chunk symbols after filtering: 1 symbols - ToggleGroup
[2025-11-05T12:07:58.201Z] [2025-11-05T12:07:58.200Z] [INDEXING-ORCHESTRATOR] [DEBUG] 📍 Chunk 67-76: 0 candidate symbols
[2025-11-05T12:07:58.201Z] [2025-11-05T12:07:58.200Z] [INDEXING-ORCHESTRATOR] [DEBUG] ✅ Chunk symbols after filtering: 0 symbols - 
[2025-11-05T12:07:58.201Z] [2025-11-05T12:07:58.200Z] [INDEXING-ORCHESTRATOR] [DEBUG] 📍 Chunk 77-84: 0 candidate symbols
[2025-11-05T12:07:58.201Z] [2025-11-05T12:07:58.200Z] [INDEXING-ORCHESTRATOR] [DEBUG] ✅ Chunk symbols after filtering: 0 symbols - 
[2025-11-05T12:07:58.201Z] [2025-11-05T12:07:58.200Z] [INDEXING-ORCHESTRATOR] [DEBUG] Created 3 semantic chunks for C:\Users\RakaThinkpad\Documents\Project\educatedplanet\admin\src\components\ui\toggle-group.tsx
[2025-11-05T12:07:58.201Z] [2025-11-05T12:07:58.200Z] [INDEXING-ORCHESTRATOR] [DEBUG] Average chunk size: 636 characters
[2025-11-05T12:07:58.207Z] [2025-11-05T12:07:58.207Z] [TREESITTER-CHUNKER] [INFO] Created 3 semantic chunks from C:\Users\RakaThinkpad\Documents\Project\educatedplanet\admin\src\components\ui\tooltip.tsx
[2025-11-05T12:07:58.220Z] [2025-11-05T12:07:58.219Z] [TREESITTER-FULL] [INFO] Extracted 2 symbols from C:\Users\RakaThinkpad\Documents\Project\educatedplanet\admin\src\components\ui\tooltip.tsx
[2025-11-05T12:07:58.220Z] [2025-11-05T12:07:58.219Z] [INDEXING-ORCHESTRATOR] [DEBUG] 🔍 Symbol extraction for C:\Users\RakaThinkpad\Documents\Project\educatedplanet\admin\src\components\ui\tooltip.tsx: 2 symbols, 3 imports
[2025-11-05T12:07:58.220Z] [2025-11-05T12:07:58.219Z] [INDEXING-ORCHESTRATOR] [DEBUG] 📍 Chunk 8-29: 2 candidate symbols
[2025-11-05T12:07:58.220Z] [2025-11-05T12:07:58.219Z] [INDEXING-ORCHESTRATOR] [DEBUG] ✅ Chunk symbols after filtering: 2 symbols - TooltipProvider, Tooltip
[2025-11-05T12:07:58.220Z] [2025-11-05T12:07:58.219Z] [INDEXING-ORCHESTRATOR] [DEBUG] 📍 Chunk 37-59: 0 candidate symbols
[2025-11-05T12:07:58.220Z] [2025-11-05T12:07:58.219Z] [INDEXING-ORCHESTRATOR] [DEBUG] ✅ Chunk symbols after filtering: 0 symbols - 
[2025-11-05T12:07:58.220Z] [2025-11-05T12:07:58.219Z] [INDEXING-ORCHESTRATOR] [DEBUG] 📍 Chunk 60-62: 0 candidate symbols
[2025-11-05T12:07:58.220Z] [2025-11-05T12:07:58.219Z] [INDEXING-ORCHESTRATOR] [DEBUG] ✅ Chunk symbols after filtering: 0 symbols - 
[2025-11-05T12:07:58.220Z] [2025-11-05T12:07:58.219Z] [INDEXING-ORCHESTRATOR] [DEBUG] Created 3 semantic chunks for C:\Users\RakaThinkpad\Documents\Project\educatedplanet\admin\src\components\ui\tooltip.tsx
[2025-11-05T12:07:58.220Z] [2025-11-05T12:07:58.219Z] [INDEXING-ORCHESTRATOR] [DEBUG] Average chunk size: 538 characters
[2025-11-05T12:07:58.221Z] [2025-11-05T12:07:58.220Z] [TREESITTER-CHUNKER] [INFO] Created 1 semantic chunks from C:\Users\RakaThinkpad\Documents\Project\educatedplanet\admin\src\config\app-config.ts
[2025-11-05T12:07:58.223Z] [2025-11-05T12:07:58.222Z] [TREESITTER-FULL] [INFO] Extracted 2 symbols from C:\Users\RakaThinkpad\Documents\Project\educatedplanet\admin\src\config\app-config.ts
[2025-11-05T12:07:58.223Z] [2025-11-05T12:07:58.222Z] [INDEXING-ORCHESTRATOR] [DEBUG] 🔍 Symbol extraction for C:\Users\RakaThinkpad\Documents\Project\educatedplanet\admin\src\config\app-config.ts: 2 symbols, 1 imports
[2025-11-05T12:07:58.223Z] [2025-11-05T12:07:58.222Z] [INDEXING-ORCHESTRATOR] [DEBUG] 📍 Chunk 1-15: 2 candidate symbols
[2025-11-05T12:07:58.223Z] [2025-11-05T12:07:58.222Z] [INDEXING-ORCHESTRATOR] [DEBUG] ✅ Chunk symbols after filtering: 2 symbols - currentYear, APP_CONFIG
[2025-11-05T12:07:58.223Z] [2025-11-05T12:07:58.222Z] [INDEXING-ORCHESTRATOR] [DEBUG] Created 1 semantic chunks for C:\Users\RakaThinkpad\Documents\Project\educatedplanet\admin\src\config\app-config.ts
[2025-11-05T12:07:58.223Z] [2025-11-05T12:07:58.222Z] [INDEXING-ORCHESTRATOR] [DEBUG] Average chunk size: 570 characters
[2025-11-05T12:07:58.223Z] [2025-11-05T12:07:58.222Z] [INDEXING-ORCHESTRATOR] [DEBUG] 📊 Processed: 120/220 files
[2025-11-05T12:07:58.239Z] [2025-11-05T12:07:58.238Z] [TREESITTER-CHUNKER] [INFO] Created 1 semantic chunks from C:\Users\RakaThinkpad\Documents\Project\educatedplanet\admin\src\data\tutors.ts
[2025-11-05T12:07:58.256Z] [2025-11-05T12:07:58.256Z] [TREESITTER-FULL] [INFO] Extracted 2 symbols from C:\Users\RakaThinkpad\Documents\Project\educatedplanet\admin\src\data\tutors.ts
[2025-11-05T12:07:58.256Z] [2025-11-05T12:07:58.256Z] [INDEXING-ORCHESTRATOR] [DEBUG] 🔍 Symbol extraction for C:\Users\RakaThinkpad\Documents\Project\educatedplanet\admin\src\data\tutors.ts: 2 symbols, 1 imports
[2025-11-05T12:07:58.257Z] [2025-11-05T12:07:58.256Z] [INDEXING-ORCHESTRATOR] [DEBUG] 📍 Chunk 1-118: 2 candidate symbols
[2025-11-05T12:07:58.257Z] [2025-11-05T12:07:58.256Z] [INDEXING-ORCHESTRATOR] [DEBUG] ✅ Chunk symbols after filtering: 2 symbols - tutors, reviews
[2025-11-05T12:07:58.257Z] [2025-11-05T12:07:58.256Z] [INDEXING-ORCHESTRATOR] [DEBUG] Created 1 semantic chunks for C:\Users\RakaThinkpad\Documents\Project\educatedplanet\admin\src\data\tutors.ts
[2025-11-05T12:07:58.257Z] [2025-11-05T12:07:58.256Z] [INDEXING-ORCHESTRATOR] [DEBUG] Average chunk size: 2966 characters
[2025-11-05T12:07:58.258Z] [2025-11-05T12:07:58.258Z] [TREESITTER-CHUNKER] [INFO] Created 1 semantic chunks from C:\Users\RakaThinkpad\Documents\Project\educatedplanet\admin\src\data\users.ts
[2025-11-05T12:07:58.261Z] [2025-11-05T12:07:58.261Z] [TREESITTER-FULL] [INFO] Extracted 2 symbols from C:\Users\RakaThinkpad\Documents\Project\educatedplanet\admin\src\data\users.ts
[2025-11-05T12:07:58.261Z] [2025-11-05T12:07:58.261Z] [INDEXING-ORCHESTRATOR] [DEBUG] 🔍 Symbol extraction for C:\Users\RakaThinkpad\Documents\Project\educatedplanet\admin\src\data\users.ts: 2 symbols, 1 imports
[2025-11-05T12:07:58.262Z] [2025-11-05T12:07:58.261Z] [INDEXING-ORCHESTRATOR] [DEBUG] 📍 Chunk 1-29: 2 candidate symbols
[2025-11-05T12:07:58.262Z] [2025-11-05T12:07:58.261Z] [INDEXING-ORCHESTRATOR] [DEBUG] ✅ Chunk symbols after filtering: 2 symbols - users, rootUser
[2025-11-05T12:07:58.262Z] [2025-11-05T12:07:58.261Z] [INDEXING-ORCHESTRATOR] [DEBUG] Created 1 semantic chunks for C:\Users\RakaThinkpad\Documents\Project\educatedplanet\admin\src\data\users.ts
[2025-11-05T12:07:58.262Z] [2025-11-05T12:07:58.261Z] [INDEXING-ORCHESTRATOR] [DEBUG] Average chunk size: 711 characters
[2025-11-05T12:07:58.263Z] [2025-11-05T12:07:58.262Z] [TREESITTER-CHUNKER] [INFO] Created 1 semantic chunks from C:\Users\RakaThinkpad\Documents\Project\educatedplanet\admin\src\hooks\api\index.ts
[2025-11-05T12:07:58.268Z] [2025-11-05T12:07:58.268Z] [TREESITTER-FULL] [INFO] Extracted 0 symbols from C:\Users\RakaThinkpad\Documents\Project\educatedplanet\admin\src\hooks\api\index.ts
[2025-11-05T12:07:58.268Z] [2025-11-05T12:07:58.268Z] [INDEXING-ORCHESTRATOR] [DEBUG] 🔍 Symbol extraction for C:\Users\RakaThinkpad\Documents\Project\educatedplanet\admin\src\hooks\api\index.ts: 0 symbols, 0 imports
[2025-11-05T12:07:58.268Z] [2025-11-05T12:07:58.268Z] [INDEXING-ORCHESTRATOR] [DEBUG] 📍 Chunk 1-49: 0 candidate symbols
[2025-11-05T12:07:58.268Z] [2025-11-05T12:07:58.268Z] [INDEXING-ORCHESTRATOR] [DEBUG] ✅ Chunk symbols after filtering: 0 symbols - 
[2025-11-05T12:07:58.268Z] [2025-11-05T12:07:58.268Z] [INDEXING-ORCHESTRATOR] [DEBUG] Created 1 semantic chunks for C:\Users\RakaThinkpad\Documents\Project\educatedplanet\admin\src\hooks\api\index.ts
[2025-11-05T12:07:58.268Z] [2025-11-05T12:07:58.268Z] [INDEXING-ORCHESTRATOR] [DEBUG] Average chunk size: 747 characters
[2025-11-05T12:07:58.272Z] [2025-11-05T12:07:58.272Z] [TREESITTER-CHUNKER] [INFO] Created 1 semantic chunks from C:\Users\RakaThinkpad\Documents\Project\educatedplanet\admin\src\hooks\api\use-dashboard.ts
[2025-11-05T12:07:58.280Z] [2025-11-05T12:07:58.279Z] [TREESITTER-FULL] [INFO] Extracted 4 symbols from C:\Users\RakaThinkpad\Documents\Project\educatedplanet\admin\src\hooks\api\use-dashboard.ts
[2025-11-05T12:07:58.280Z] [2025-11-05T12:07:58.279Z] [INDEXING-ORCHESTRATOR] [DEBUG] 🔍 Symbol extraction for C:\Users\RakaThinkpad\Documents\Project\educatedplanet\admin\src\hooks\api\use-dashboard.ts: 4 symbols, 2 imports
[2025-11-05T12:07:58.280Z] [2025-11-05T12:07:58.280Z] [INDEXING-ORCHESTRATOR] [DEBUG] 📍 Chunk 1-49: 4 candidate symbols
[2025-11-05T12:07:58.280Z] [2025-11-05T12:07:58.280Z] [INDEXING-ORCHESTRATOR] [DEBUG] ✅ Chunk symbols after filtering: 4 symbols - dashboardKeys, useDashboardOverview, useRecentActivities, useRefreshDashboard
[2025-11-05T12:07:58.280Z] [2025-11-05T12:07:58.280Z] [INDEXING-ORCHESTRATOR] [DEBUG] Created 1 semantic chunks for C:\Users\RakaThinkpad\Documents\Project\educatedplanet\admin\src\hooks\api\use-dashboard.ts
[2025-11-05T12:07:58.280Z] [2025-11-05T12:07:58.280Z] [INDEXING-ORCHESTRATOR] [DEBUG] Average chunk size: 1506 characters
[2025-11-05T12:07:58.292Z] [2025-11-05T12:07:58.291Z] [TREESITTER-CHUNKER] [INFO] Created 1 semantic chunks from C:\Users\RakaThinkpad\Documents\Project\educatedplanet\admin\src\hooks\api\use-reviews.ts
[2025-11-05T12:07:58.337Z] [2025-11-05T12:07:58.336Z] [TREESITTER-FULL] [INFO] Extracted 8 symbols from C:\Users\RakaThinkpad\Documents\Project\educatedplanet\admin\src\hooks\api\use-reviews.ts
[2025-11-05T12:07:58.337Z] [2025-11-05T12:07:58.336Z] [INDEXING-ORCHESTRATOR] [DEBUG] 🔍 Symbol extraction for C:\Users\RakaThinkpad\Documents\Project\educatedplanet\admin\src\hooks\api\use-reviews.ts: 8 symbols, 3 imports
[2025-11-05T12:07:58.337Z] [2025-11-05T12:07:58.336Z] [INDEXING-ORCHESTRATOR] [DEBUG] 📍 Chunk 1-149: 8 candidate symbols
[2025-11-05T12:07:58.337Z] [2025-11-05T12:07:58.336Z] [INDEXING-ORCHESTRATOR] [DEBUG] ✅ Chunk symbols after filtering: 8 symbols - reviewKeys, useReviews, useReview, useReviewStats, useCreateReview, useUpdateReview, useDeleteReview, useBulkDeleteReviews
[2025-11-05T12:07:58.337Z] [2025-11-05T12:07:58.336Z] [INDEXING-ORCHESTRATOR] [DEBUG] Created 1 semantic chunks for C:\Users\RakaThinkpad\Documents\Project\educatedplanet\admin\src\hooks\api\use-reviews.ts
[2025-11-05T12:07:58.337Z] [2025-11-05T12:07:58.336Z] [INDEXING-ORCHESTRATOR] [DEBUG] Average chunk size: 4631 characters
[2025-11-05T12:07:58.351Z] [2025-11-05T12:07:58.351Z] [TREESITTER-CHUNKER] [INFO] Created 1 semantic chunks from C:\Users\RakaThinkpad\Documents\Project\educatedplanet\admin\src\hooks\api\use-tutors.ts
[2025-11-05T12:07:58.422Z] [2025-11-05T12:07:58.422Z] [TREESITTER-FULL] [INFO] Extracted 10 symbols from C:\Users\RakaThinkpad\Documents\Project\educatedplanet\admin\src\hooks\api\use-tutors.ts
[2025-11-05T12:07:58.422Z] [2025-11-05T12:07:58.422Z] [INDEXING-ORCHESTRATOR] [DEBUG] 🔍 Symbol extraction for C:\Users\RakaThinkpad\Documents\Project\educatedplanet\admin\src\hooks\api\use-tutors.ts: 10 symbols, 3 imports
[2025-11-05T12:07:58.422Z] [2025-11-05T12:07:58.422Z] [INDEXING-ORCHESTRATOR] [DEBUG] 📍 Chunk 1-197: 10 candidate symbols
[2025-11-05T12:07:58.422Z] [2025-11-05T12:07:58.422Z] [INDEXING-ORCHESTRATOR] [DEBUG] ✅ Chunk symbols after filtering: 10 symbols - tutorKeys, useTutors, useTutor, useTutorStats, useCreateTutor, useUpdateTutor, useDeleteTutor, useVerifyTutor, useBulkDeleteTutors, useBulkVerifyTutors
[2025-11-05T12:07:58.422Z] [2025-11-05T12:07:58.422Z] [INDEXING-ORCHESTRATOR] [DEBUG] Created 1 semantic chunks for C:\Users\RakaThinkpad\Documents\Project\educatedplanet\admin\src\hooks\api\use-tutors.ts
[2025-11-05T12:07:58.422Z] [2025-11-05T12:07:58.422Z] [INDEXING-ORCHESTRATOR] [DEBUG] Average chunk size: 6211 characters
[2025-11-05T12:07:58.441Z] [2025-11-05T12:07:58.441Z] [TREESITTER-CHUNKER] [INFO] Created 2 semantic chunks from C:\Users\RakaThinkpad\Documents\Project\educatedplanet\admin\src\hooks\use-data-table-instance.ts
[2025-11-05T12:07:58.452Z] [2025-11-05T12:07:58.451Z] [TREESITTER-FULL] [INFO] Extracted 2 symbols from C:\Users\RakaThinkpad\Documents\Project\educatedplanet\admin\src\hooks\use-data-table-instance.ts
[2025-11-05T12:07:58.452Z] [2025-11-05T12:07:58.451Z] [INDEXING-ORCHESTRATOR] [DEBUG] 🔍 Symbol extraction for C:\Users\RakaThinkpad\Documents\Project\educatedplanet\admin\src\hooks\use-data-table-instance.ts: 2 symbols, 2 imports
[2025-11-05T12:07:58.452Z] [2025-11-05T12:07:58.451Z] [INDEXING-ORCHESTRATOR] [DEBUG] 📍 Chunk 17-24: 1 candidate symbols
[2025-11-05T12:07:58.452Z] [2025-11-05T12:07:58.451Z] [INDEXING-ORCHESTRATOR] [DEBUG] ✅ Chunk symbols after filtering: 1 symbols - UseDataTableInstanceProps
[2025-11-05T12:07:58.452Z] [2025-11-05T12:07:58.451Z] [INDEXING-ORCHESTRATOR] [DEBUG] 📍 Chunk 26-69: 1 candidate symbols
[2025-11-05T12:07:58.452Z] [2025-11-05T12:07:58.451Z] [INDEXING-ORCHESTRATOR] [DEBUG] ✅ Chunk symbols after filtering: 1 symbols - useDataTableInstance
[2025-11-05T12:07:58.452Z] [2025-11-05T12:07:58.451Z] [INDEXING-ORCHESTRATOR] [DEBUG] Created 2 semantic chunks for C:\Users\RakaThinkpad\Documents\Project\educatedplanet\admin\src\hooks\use-data-table-instance.ts
[2025-11-05T12:07:58.452Z] [2025-11-05T12:07:58.451Z] [INDEXING-ORCHESTRATOR] [DEBUG] Average chunk size: 855 characters
[2025-11-05T12:07:58.468Z] [2025-11-05T12:07:58.467Z] [TREESITTER-CHUNKER] [INFO] Created 1 semantic chunks from C:\Users\RakaThinkpad\Documents\Project\educatedplanet\admin\src\hooks\api\use-users.ts
[2025-11-05T12:07:58.519Z] [2025-11-05T12:07:58.519Z] [TREESITTER-FULL] [INFO] Extracted 8 symbols from C:\Users\RakaThinkpad\Documents\Project\educatedplanet\admin\src\hooks\api\use-users.ts
[2025-11-05T12:07:58.519Z] [2025-11-05T12:07:58.519Z] [INDEXING-ORCHESTRATOR] [DEBUG] 🔍 Symbol extraction for C:\Users\RakaThinkpad\Documents\Project\educatedplanet\admin\src\hooks\api\use-users.ts: 8 symbols, 3 imports
[2025-11-05T12:07:58.519Z] [2025-11-05T12:07:58.519Z] [INDEXING-ORCHESTRATOR] [DEBUG] 📍 Chunk 1-149: 8 candidate symbols
[2025-11-05T12:07:58.520Z] [2025-11-05T12:07:58.519Z] [INDEXING-ORCHESTRATOR] [DEBUG] ✅ Chunk symbols after filtering: 8 symbols - userKeys, useUsers, useUser, useUserStats, useCreateUser, useUpdateUser, useDeleteUser, useBulkDeleteUsers
[2025-11-05T12:07:58.520Z] [2025-11-05T12:07:58.519Z] [INDEXING-ORCHESTRATOR] [DEBUG] Created 1 semantic chunks for C:\Users\RakaThinkpad\Documents\Project\educatedplanet\admin\src\hooks\api\use-users.ts
[2025-11-05T12:07:58.520Z] [2025-11-05T12:07:58.519Z] [INDEXING-ORCHESTRATOR] [DEBUG] Average chunk size: 4481 characters
[2025-11-05T12:07:58.524Z] [2025-11-05T12:07:58.523Z] [TREESITTER-CHUNKER] [INFO] Created 1 semantic chunks from C:\Users\RakaThinkpad\Documents\Project\educatedplanet\admin\src\hooks\use-navigation-loading.ts
[2025-11-05T12:07:58.534Z] [2025-11-05T12:07:58.533Z] [TREESITTER-FULL] [INFO] Extracted 1 symbols from C:\Users\RakaThinkpad\Documents\Project\educatedplanet\admin\src\hooks\use-navigation-loading.ts
[2025-11-05T12:07:58.534Z] [2025-11-05T12:07:58.533Z] [INDEXING-ORCHESTRATOR] [DEBUG] 🔍 Symbol extraction for C:\Users\RakaThinkpad\Documents\Project\educatedplanet\admin\src\hooks\use-navigation-loading.ts: 1 symbols, 3 imports
[2025-11-05T12:07:58.534Z] [2025-11-05T12:07:58.533Z] [INDEXING-ORCHESTRATOR] [DEBUG] 📍 Chunk 7-40: 1 candidate symbols
[2025-11-05T12:07:58.534Z] [2025-11-05T12:07:58.533Z] [INDEXING-ORCHESTRATOR] [DEBUG] ✅ Chunk symbols after filtering: 1 symbols - useNavigationLoading
[2025-11-05T12:07:58.534Z] [2025-11-05T12:07:58.533Z] [INDEXING-ORCHESTRATOR] [DEBUG] Created 1 semantic chunks for C:\Users\RakaThinkpad\Documents\Project\educatedplanet\admin\src\hooks\use-navigation-loading.ts
[2025-11-05T12:07:58.534Z] [2025-11-05T12:07:58.533Z] [INDEXING-ORCHESTRATOR] [DEBUG] Average chunk size: 816 characters
[2025-11-05T12:07:58.535Z] [2025-11-05T12:07:58.535Z] [TREESITTER-CHUNKER] [INFO] Created 1 semantic chunks from C:\Users\RakaThinkpad\Documents\Project\educatedplanet\admin\src\hooks\use-mobile.ts
[2025-11-05T12:07:58.539Z] [2025-11-05T12:07:58.538Z] [TREESITTER-FULL] [INFO] Extracted 1 symbols from C:\Users\RakaThinkpad\Documents\Project\educatedplanet\admin\src\hooks\use-mobile.ts
[2025-11-05T12:07:58.539Z] [2025-11-05T12:07:58.538Z] [INDEXING-ORCHESTRATOR] [DEBUG] 🔍 Symbol extraction for C:\Users\RakaThinkpad\Documents\Project\educatedplanet\admin\src\hooks\use-mobile.ts: 1 symbols, 1 imports
[2025-11-05T12:07:58.539Z] [2025-11-05T12:07:58.538Z] [INDEXING-ORCHESTRATOR] [DEBUG] 📍 Chunk 5-19: 1 candidate symbols
[2025-11-05T12:07:58.539Z] [2025-11-05T12:07:58.538Z] [INDEXING-ORCHESTRATOR] [DEBUG] ✅ Chunk symbols after filtering: 1 symbols - useIsMobile
[2025-11-05T12:07:58.539Z] [2025-11-05T12:07:58.538Z] [INDEXING-ORCHESTRATOR] [DEBUG] Created 1 semantic chunks for C:\Users\RakaThinkpad\Documents\Project\educatedplanet\admin\src\hooks\use-mobile.ts
[2025-11-05T12:07:58.539Z] [2025-11-05T12:07:58.538Z] [INDEXING-ORCHESTRATOR] [DEBUG] Average chunk size: 517 characters
[2025-11-05T12:07:58.539Z] [2025-11-05T12:07:58.538Z] [INDEXING-ORCHESTRATOR] [DEBUG] 📊 Processed: 130/220 files
[2025-11-05T12:07:58.557Z] [2025-11-05T12:07:58.556Z] [TREESITTER-CHUNKER] [INFO] Created 1 semantic chunks from C:\Users\RakaThinkpad\Documents\Project\educatedplanet\admin\src\lib\theme-utils.ts
[2025-11-05T12:07:58.560Z] [2025-11-05T12:07:58.559Z] [TREESITTER-FULL] [INFO] Extracted 1 symbols from C:\Users\RakaThinkpad\Documents\Project\educatedplanet\admin\src\lib\theme-utils.ts
[2025-11-05T12:07:58.560Z] [2025-11-05T12:07:58.559Z] [INDEXING-ORCHESTRATOR] [DEBUG] 🔍 Symbol extraction for C:\Users\RakaThinkpad\Documents\Project\educatedplanet\admin\src\lib\theme-utils.ts: 1 symbols, 0 imports
[2025-11-05T12:07:58.560Z] [2025-11-05T12:07:58.559Z] [INDEXING-ORCHESTRATOR] [DEBUG] 📍 Chunk 1-8: 1 candidate symbols
[2025-11-05T12:07:58.560Z] [2025-11-05T12:07:58.559Z] [INDEXING-ORCHESTRATOR] [DEBUG] ✅ Chunk symbols after filtering: 1 symbols - updateThemeMode
[2025-11-05T12:07:58.560Z] [2025-11-05T12:07:58.559Z] [INDEXING-ORCHESTRATOR] [DEBUG] Created 1 semantic chunks for C:\Users\RakaThinkpad\Documents\Project\educatedplanet\admin\src\lib\theme-utils.ts
[2025-11-05T12:07:58.560Z] [2025-11-05T12:07:58.559Z] [INDEXING-ORCHESTRATOR] [DEBUG] Average chunk size: 281 characters
[2025-11-05T12:07:58.581Z] [2025-11-05T12:07:58.580Z] [TREESITTER-CHUNKER] [INFO] Created 1 semantic chunks from C:\Users\RakaThinkpad\Documents\Project\educatedplanet\admin\src\lib\api.ts
[2025-11-05T12:07:58.638Z] [2025-11-05T12:07:58.636Z] [TREESITTER-FULL] [INFO] Extracted 11 symbols from C:\Users\RakaThinkpad\Documents\Project\educatedplanet\admin\src\lib\api.ts
[2025-11-05T12:07:58.639Z] [2025-11-05T12:07:58.637Z] [INDEXING-ORCHESTRATOR] [DEBUG] 🔍 Symbol extraction for C:\Users\RakaThinkpad\Documents\Project\educatedplanet\admin\src\lib\api.ts: 11 symbols, 2 imports
[2025-11-05T12:07:58.639Z] [2025-11-05T12:07:58.637Z] [INDEXING-ORCHESTRATOR] [DEBUG] 📍 Chunk 1-397: 11 candidate symbols
[2025-11-05T12:07:58.639Z] [2025-11-05T12:07:58.637Z] [INDEXING-ORCHESTRATOR] [DEBUG] ✅ Chunk symbols after filtering: 11 symbols - userService, tutorService, reviewService, transformUserSearchResult, transformTutorSearchResult, transformReviewSearchResult, userApi, tutorApi, reviewApi, dashboardApi, api
[2025-11-05T12:07:58.639Z] [2025-11-05T12:07:58.637Z] [INDEXING-ORCHESTRATOR] [DEBUG] Created 1 semantic chunks for C:\Users\RakaThinkpad\Documents\Project\educatedplanet\admin\src\lib\api.ts
[2025-11-05T12:07:58.639Z] [2025-11-05T12:07:58.637Z] [INDEXING-ORCHESTRATOR] [DEBUG] Average chunk size: 10532 characters
[2025-11-05T12:07:58.640Z] [2025-11-05T12:07:58.640Z] [TREESITTER-CHUNKER] [INFO] Created 1 semantic chunks from C:\Users\RakaThinkpad\Documents\Project\educatedplanet\admin\src\lib\layout-utils.ts
[2025-11-05T12:07:58.642Z] [2025-11-05T12:07:58.641Z] [TREESITTER-FULL] [INFO] Extracted 2 symbols from C:\Users\RakaThinkpad\Documents\Project\educatedplanet\admin\src\lib\layout-utils.ts
[2025-11-05T12:07:58.642Z] [2025-11-05T12:07:58.641Z] [INDEXING-ORCHESTRATOR] [DEBUG] 🔍 Symbol extraction for C:\Users\RakaThinkpad\Documents\Project\educatedplanet\admin\src\lib\layout-utils.ts: 2 symbols, 0 imports
[2025-11-05T12:07:58.642Z] [2025-11-05T12:07:58.641Z] [INDEXING-ORCHESTRATOR] [DEBUG] 📍 Chunk 1-13: 2 candidate symbols
[2025-11-05T12:07:58.642Z] [2025-11-05T12:07:58.641Z] [INDEXING-ORCHESTRATOR] [DEBUG] ✅ Chunk symbols after filtering: 2 symbols - updateContentLayout, updateNavbarStyle
[2025-11-05T12:07:58.642Z] [2025-11-05T12:07:58.641Z] [INDEXING-ORCHESTRATOR] [DEBUG] Created 1 semantic chunks for C:\Users\RakaThinkpad\Documents\Project\educatedplanet\admin\src\lib\layout-utils.ts
[2025-11-05T12:07:58.642Z] [2025-11-05T12:07:58.641Z] [INDEXING-ORCHESTRATOR] [DEBUG] Average chunk size: 435 characters
[2025-11-05T12:07:58.704Z] [2025-11-05T12:07:58.703Z] [TREESITTER-CHUNKER] [INFO] Created 1 semantic chunks from C:\Users\RakaThinkpad\Documents\Project\educatedplanet\admin\src\lib\static-api.ts
[2025-11-05T12:07:58.820Z] [2025-11-05T12:07:58.819Z] [TREESITTER-FULL] [INFO] Extracted 11 symbols from C:\Users\RakaThinkpad\Documents\Project\educatedplanet\admin\src\lib\static-api.ts
[2025-11-05T12:07:58.820Z] [2025-11-05T12:07:58.819Z] [INDEXING-ORCHESTRATOR] [DEBUG] 🔍 Symbol extraction for C:\Users\RakaThinkpad\Documents\Project\educatedplanet\admin\src\lib\static-api.ts: 11 symbols, 3 imports
[2025-11-05T12:07:58.820Z] [2025-11-05T12:07:58.819Z] [INDEXING-ORCHESTRATOR] [DEBUG] 📍 Chunk 1-540: 11 candidate symbols
[2025-11-05T12:07:58.820Z] [2025-11-05T12:07:58.820Z] [INDEXING-ORCHESTRATOR] [DEBUG] ✅ Chunk symbols after filtering: 11 symbols - transformUserSearchResult, transformTutorSearchResult, transformReviewSearchResult, userApi, tutorApi, reviewApi, dashboardApi, api, userService, tutorService, reviewService
[2025-11-05T12:07:58.820Z] [2025-11-05T12:07:58.820Z] [INDEXING-ORCHESTRATOR] [DEBUG] Created 1 semantic chunks for C:\Users\RakaThinkpad\Documents\Project\educatedplanet\admin\src\lib\static-api.ts
[2025-11-05T12:07:58.820Z] [2025-11-05T12:07:58.820Z] [INDEXING-ORCHESTRATOR] [DEBUG] Average chunk size: 16126 characters
[2025-11-05T12:07:58.829Z] [2025-11-05T12:07:58.828Z] [TREESITTER-CHUNKER] [INFO] Created 2 semantic chunks from C:\Users\RakaThinkpad\Documents\Project\educatedplanet\admin\src\lib\utils.ts
[2025-11-05T12:07:58.833Z] [2025-11-05T12:07:58.833Z] [TREESITTER-FULL] [INFO] Extracted 3 symbols from C:\Users\RakaThinkpad\Documents\Project\educatedplanet\admin\src\lib\utils.ts
[2025-11-05T12:07:58.833Z] [2025-11-05T12:07:58.833Z] [INDEXING-ORCHESTRATOR] [DEBUG] 🔍 Symbol extraction for C:\Users\RakaThinkpad\Documents\Project\educatedplanet\admin\src\lib\utils.ts: 3 symbols, 2 imports
[2025-11-05T12:07:58.833Z] [2025-11-05T12:07:58.833Z] [INDEXING-ORCHESTRATOR] [DEBUG] 📍 Chunk 4-6: 1 candidate symbols
[2025-11-05T12:07:58.833Z] [2025-11-05T12:07:58.833Z] [INDEXING-ORCHESTRATOR] [DEBUG] ✅ Chunk symbols after filtering: 1 symbols - cn
[2025-11-05T12:07:58.833Z] [2025-11-05T12:07:58.833Z] [INDEXING-ORCHESTRATOR] [DEBUG] 📍 Chunk 22-42: 1 candidate symbols
[2025-11-05T12:07:58.833Z] [2025-11-05T12:07:58.833Z] [INDEXING-ORCHESTRATOR] [DEBUG] ✅ Chunk symbols after filtering: 1 symbols - formatCurrency
[2025-11-05T12:07:58.833Z] [2025-11-05T12:07:58.833Z] [INDEXING-ORCHESTRATOR] [DEBUG] Created 2 semantic chunks for C:\Users\RakaThinkpad\Documents\Project\educatedplanet\admin\src\lib\utils.ts
[2025-11-05T12:07:58.833Z] [2025-11-05T12:07:58.833Z] [INDEXING-ORCHESTRATOR] [DEBUG] Average chunk size: 360 characters
[2025-11-05T12:07:58.834Z] [2025-11-05T12:07:58.833Z] [TREESITTER-CHUNKER] [INFO] Created 2 semantic chunks from C:\Users\RakaThinkpad\Documents\Project\educatedplanet\admin\src\proxy.disabled.ts
[2025-11-05T12:07:58.835Z] [2025-11-05T12:07:58.834Z] [TREESITTER-FULL] [INFO] Extracted 2 symbols from C:\Users\RakaThinkpad\Documents\Project\educatedplanet\admin\src\proxy.disabled.ts
[2025-11-05T12:07:58.835Z] [2025-11-05T12:07:58.834Z] [INDEXING-ORCHESTRATOR] [DEBUG] 🔍 Symbol extraction for C:\Users\RakaThinkpad\Documents\Project\educatedplanet\admin\src\proxy.disabled.ts: 2 symbols, 1 imports
[2025-11-05T12:07:58.835Z] [2025-11-05T12:07:58.834Z] [INDEXING-ORCHESTRATOR] [DEBUG] 📍 Chunk 10-17: 1 candidate symbols
[2025-11-05T12:07:58.835Z] [2025-11-05T12:07:58.834Z] [INDEXING-ORCHESTRATOR] [DEBUG] ✅ Chunk symbols after filtering: 1 symbols - proxy
[2025-11-05T12:07:58.835Z] [2025-11-05T12:07:58.834Z] [INDEXING-ORCHESTRATOR] [DEBUG] 📍 Chunk 18-26: 1 candidate symbols
[2025-11-05T12:07:58.835Z] [2025-11-05T12:07:58.834Z] [INDEXING-ORCHESTRATOR] [DEBUG] ✅ Chunk symbols after filtering: 1 symbols - config
[2025-11-05T12:07:58.835Z] [2025-11-05T12:07:58.834Z] [INDEXING-ORCHESTRATOR] [DEBUG] Created 2 semantic chunks for C:\Users\RakaThinkpad\Documents\Project\educatedplanet\admin\src\proxy.disabled.ts
[2025-11-05T12:07:58.835Z] [2025-11-05T12:07:58.834Z] [INDEXING-ORCHESTRATOR] [DEBUG] Average chunk size: 237 characters
[2025-11-05T12:07:58.840Z] [2025-11-05T12:07:58.840Z] [TREESITTER-CHUNKER] [INFO] Created 2 semantic chunks from C:\Users\RakaThinkpad\Documents\Project\educatedplanet\admin\src\scripts\generate-theme-presets.ts
[2025-11-05T12:07:58.858Z] [2025-11-05T12:07:58.857Z] [TREESITTER-FULL] [INFO] Extracted 11 symbols from C:\Users\RakaThinkpad\Documents\Project\educatedplanet\admin\src\scripts\generate-theme-presets.ts
[2025-11-05T12:07:58.858Z] [2025-11-05T12:07:58.857Z] [INDEXING-ORCHESTRATOR] [DEBUG] 🔍 Symbol extraction for C:\Users\RakaThinkpad\Documents\Project\educatedplanet\admin\src\scripts\generate-theme-presets.ts: 11 symbols, 3 imports
[2025-11-05T12:07:58.858Z] [2025-11-05T12:07:58.857Z] [INDEXING-ORCHESTRATOR] [DEBUG] 📍 Chunk 112-122: 1 candidate symbols
[2025-11-05T12:07:58.858Z] [2025-11-05T12:07:58.857Z] [INDEXING-ORCHESTRATOR] [DEBUG] ✅ Chunk symbols after filtering: 1 symbols - main
[2025-11-05T12:07:58.858Z] [2025-11-05T12:07:58.857Z] [INDEXING-ORCHESTRATOR] [DEBUG] 📍 Chunk 123-128: 0 candidate symbols
[2025-11-05T12:07:58.858Z] [2025-11-05T12:07:58.857Z] [INDEXING-ORCHESTRATOR] [DEBUG] ✅ Chunk symbols after filtering: 0 symbols - 
[2025-11-05T12:07:58.858Z] [2025-11-05T12:07:58.857Z] [INDEXING-ORCHESTRATOR] [DEBUG] Created 2 semantic chunks for C:\Users\RakaThinkpad\Documents\Project\educatedplanet\admin\src\scripts\generate-theme-presets.ts
[2025-11-05T12:07:58.858Z] [2025-11-05T12:07:58.857Z] [INDEXING-ORCHESTRATOR] [DEBUG] Average chunk size: 221 characters
[2025-11-05T12:07:58.860Z] [2025-11-05T12:07:58.859Z] [TREESITTER-CHUNKER] [INFO] Created 1 semantic chunks from C:\Users\RakaThinkpad\Documents\Project\educatedplanet\admin\src\server\server-actions.ts
[2025-11-05T12:07:58.864Z] [2025-11-05T12:07:58.863Z] [TREESITTER-FULL] [INFO] Extracted 3 symbols from C:\Users\RakaThinkpad\Documents\Project\educatedplanet\admin\src\server\server-actions.ts
[2025-11-05T12:07:58.864Z] [2025-11-05T12:07:58.863Z] [INDEXING-ORCHESTRATOR] [DEBUG] 🔍 Symbol extraction for C:\Users\RakaThinkpad\Documents\Project\educatedplanet\admin\src\server\server-actions.ts: 3 symbols, 1 imports
[2025-11-05T12:07:58.864Z] [2025-11-05T12:07:58.863Z] [INDEXING-ORCHESTRATOR] [DEBUG] 📍 Chunk 5-27: 3 candidate symbols
[2025-11-05T12:07:58.864Z] [2025-11-05T12:07:58.863Z] [INDEXING-ORCHESTRATOR] [DEBUG] ✅ Chunk symbols after filtering: 3 symbols - getValueFromCookie, setValueToCookie, getPreference
[2025-11-05T12:07:58.864Z] [2025-11-05T12:07:58.863Z] [INDEXING-ORCHESTRATOR] [DEBUG] Created 1 semantic chunks for C:\Users\RakaThinkpad\Documents\Project\educatedplanet\admin\src\server\server-actions.ts
[2025-11-05T12:07:58.864Z] [2025-11-05T12:07:58.863Z] [INDEXING-ORCHESTRATOR] [DEBUG] Average chunk size: 820 characters
[2025-11-05T12:07:58.866Z] [2025-11-05T12:07:58.866Z] [TREESITTER-CHUNKER] [INFO] Created 1 semantic chunks from C:\Users\RakaThinkpad\Documents\Project\educatedplanet\admin\src\stores\preferences\preferences-provider.tsx
[2025-11-05T12:07:58.871Z] [2025-11-05T12:07:58.870Z] [TREESITTER-FULL] [INFO] Extracted 3 symbols from C:\Users\RakaThinkpad\Documents\Project\educatedplanet\admin\src\stores\preferences\preferences-provider.tsx
[2025-11-05T12:07:58.871Z] [2025-11-05T12:07:58.870Z] [INDEXING-ORCHESTRATOR] [DEBUG] 🔍 Symbol extraction for C:\Users\RakaThinkpad\Documents\Project\educatedplanet\admin\src\stores\preferences\preferences-provider.tsx: 3 symbols, 3 imports
[2025-11-05T12:07:58.871Z] [2025-11-05T12:07:58.870Z] [INDEXING-ORCHESTRATOR] [DEBUG] 📍 Chunk 1-30: 3 candidate symbols
[2025-11-05T12:07:58.871Z] [2025-11-05T12:07:58.870Z] [INDEXING-ORCHESTRATOR] [DEBUG] ✅ Chunk symbols after filtering: 3 symbols - PreferencesStoreContext, storeRef, usePreferencesStore
[2025-11-05T12:07:58.871Z] [2025-11-05T12:07:58.870Z] [INDEXING-ORCHESTRATOR] [DEBUG] Created 1 semantic chunks for C:\Users\RakaThinkpad\Documents\Project\educatedplanet\admin\src\stores\preferences\preferences-provider.tsx
[2025-11-05T12:07:58.871Z] [2025-11-05T12:07:58.870Z] [INDEXING-ORCHESTRATOR] [DEBUG] Average chunk size: 978 characters
[2025-11-05T12:07:58.878Z] [2025-11-05T12:07:58.878Z] [TREESITTER-CHUNKER] [INFO] Created 2 semantic chunks from C:\Users\RakaThinkpad\Documents\Project\educatedplanet\admin\src\navigation\sidebar\sidebar-items.ts
[2025-11-05T12:07:58.889Z] [2025-11-05T12:07:58.889Z] [TREESITTER-FULL] [INFO] Extracted 4 symbols from C:\Users\RakaThinkpad\Documents\Project\educatedplanet\admin\src\navigation\sidebar\sidebar-items.ts
[2025-11-05T12:07:58.889Z] [2025-11-05T12:07:58.889Z] [INDEXING-ORCHESTRATOR] [DEBUG] 🔍 Symbol extraction for C:\Users\RakaThinkpad\Documents\Project\educatedplanet\admin\src\navigation\sidebar\sidebar-items.ts: 4 symbols, 1 imports
[2025-11-05T12:07:58.889Z] [2025-11-05T12:07:58.889Z] [INDEXING-ORCHESTRATOR] [DEBUG] 📍 Chunk 21-44: 3 candidate symbols
[2025-11-05T12:07:58.889Z] [2025-11-05T12:07:58.889Z] [INDEXING-ORCHESTRATOR] [DEBUG] ✅ Chunk symbols after filtering: 3 symbols - NavSubItem, NavMainItem, NavGroup
[2025-11-05T12:07:58.889Z] [2025-11-05T12:07:58.889Z] [INDEXING-ORCHESTRATOR] [DEBUG] 📍 Chunk 45-164: 1 candidate symbols
[2025-11-05T12:07:58.889Z] [2025-11-05T12:07:58.889Z] [INDEXING-ORCHESTRATOR] [DEBUG] ✅ Chunk symbols after filtering: 1 symbols - sidebarItems
[2025-11-05T12:07:58.889Z] [2025-11-05T12:07:58.889Z] [INDEXING-ORCHESTRATOR] [DEBUG] Created 2 semantic chunks for C:\Users\RakaThinkpad\Documents\Project\educatedplanet\admin\src\navigation\sidebar\sidebar-items.ts
[2025-11-05T12:07:58.889Z] [2025-11-05T12:07:58.889Z] [INDEXING-ORCHESTRATOR] [DEBUG] Average chunk size: 1545 characters
[2025-11-05T12:07:58.889Z] [2025-11-05T12:07:58.889Z] [INDEXING-ORCHESTRATOR] [DEBUG] 📊 Processed: 140/220 files
[2025-11-05T12:07:58.896Z] [2025-11-05T12:07:58.895Z] [TREESITTER-CHUNKER] [INFO] Created 4 semantic chunks from C:\Users\RakaThinkpad\Documents\Project\educatedplanet\admin\src\types\preferences\layout.ts
[2025-11-05T12:07:58.900Z] [2025-11-05T12:07:58.899Z] [TREESITTER-FULL] [INFO] Extracted 12 symbols from C:\Users\RakaThinkpad\Documents\Project\educatedplanet\admin\src\types\preferences\layout.ts
[2025-11-05T12:07:58.900Z] [2025-11-05T12:07:58.899Z] [INDEXING-ORCHESTRATOR] [DEBUG] 🔍 Symbol extraction for C:\Users\RakaThinkpad\Documents\Project\educatedplanet\admin\src\types\preferences\layout.ts: 12 symbols, 0 imports
[2025-11-05T12:07:58.900Z] [2025-11-05T12:07:58.899Z] [INDEXING-ORCHESTRATOR] [DEBUG] 📍 Chunk 8-8: 1 candidate symbols
[2025-11-05T12:07:58.900Z] [2025-11-05T12:07:58.899Z] [INDEXING-ORCHESTRATOR] [DEBUG] ✅ Chunk symbols after filtering: 1 symbols - SidebarVariant
[2025-11-05T12:07:58.900Z] [2025-11-05T12:07:58.899Z] [INDEXING-ORCHESTRATOR] [DEBUG] 📍 Chunk 16-16: 1 candidate symbols
[2025-11-05T12:07:58.900Z] [2025-11-05T12:07:58.899Z] [INDEXING-ORCHESTRATOR] [DEBUG] ✅ Chunk symbols after filtering: 1 symbols - SidebarCollapsible
[2025-11-05T12:07:58.900Z] [2025-11-05T12:07:58.899Z] [INDEXING-ORCHESTRATOR] [DEBUG] 📍 Chunk 24-24: 1 candidate symbols
[2025-11-05T12:07:58.900Z] [2025-11-05T12:07:58.899Z] [INDEXING-ORCHESTRATOR] [DEBUG] ✅ Chunk symbols after filtering: 1 symbols - ContentLayout
[2025-11-05T12:07:58.900Z] [2025-11-05T12:07:58.899Z] [INDEXING-ORCHESTRATOR] [DEBUG] 📍 Chunk 32-32: 1 candidate symbols
[2025-11-05T12:07:58.900Z] [2025-11-05T12:07:58.899Z] [INDEXING-ORCHESTRATOR] [DEBUG] ✅ Chunk symbols after filtering: 1 symbols - NavbarStyle
[2025-11-05T12:07:58.900Z] [2025-11-05T12:07:58.899Z] [INDEXING-ORCHESTRATOR] [DEBUG] Created 4 semantic chunks for C:\Users\RakaThinkpad\Documents\Project\educatedplanet\admin\src\types\preferences\layout.ts
[2025-11-05T12:07:58.900Z] [2025-11-05T12:07:58.899Z] [INDEXING-ORCHESTRATOR] [DEBUG] Average chunk size: 62 characters
[2025-11-05T12:07:58.901Z] [2025-11-05T12:07:58.901Z] [TREESITTER-CHUNKER] [INFO] Created 2 semantic chunks from C:\Users\RakaThinkpad\Documents\Project\educatedplanet\admin\src\stores\preferences\preferences-store.ts
[2025-11-05T12:07:58.903Z] [2025-11-05T12:07:58.902Z] [TREESITTER-FULL] [INFO] Extracted 2 symbols from C:\Users\RakaThinkpad\Documents\Project\educatedplanet\admin\src\stores\preferences\preferences-store.ts
[2025-11-05T12:07:58.903Z] [2025-11-05T12:07:58.902Z] [INDEXING-ORCHESTRATOR] [DEBUG] 🔍 Symbol extraction for C:\Users\RakaThinkpad\Documents\Project\educatedplanet\admin\src\stores\preferences\preferences-store.ts: 2 symbols, 2 imports
[2025-11-05T12:07:58.903Z] [2025-11-05T12:07:58.902Z] [INDEXING-ORCHESTRATOR] [DEBUG] 📍 Chunk 5-8: 1 candidate symbols
[2025-11-05T12:07:58.903Z] [2025-11-05T12:07:58.902Z] [INDEXING-ORCHESTRATOR] [DEBUG] ✅ Chunk symbols after filtering: 1 symbols - PreferencesState
[2025-11-05T12:07:58.903Z] [2025-11-05T12:07:58.902Z] [INDEXING-ORCHESTRATOR] [DEBUG] 📍 Chunk 9-15: 1 candidate symbols
[2025-11-05T12:07:58.903Z] [2025-11-05T12:07:58.902Z] [INDEXING-ORCHESTRATOR] [DEBUG] ✅ Chunk symbols after filtering: 1 symbols - createPreferencesStore
[2025-11-05T12:07:58.903Z] [2025-11-05T12:07:58.902Z] [INDEXING-ORCHESTRATOR] [DEBUG] Created 2 semantic chunks for C:\Users\RakaThinkpad\Documents\Project\educatedplanet\admin\src\stores\preferences\preferences-store.ts
[2025-11-05T12:07:58.903Z] [2025-11-05T12:07:58.903Z] [INDEXING-ORCHESTRATOR] [DEBUG] Average chunk size: 164 characters
[2025-11-05T12:07:58.904Z] [2025-11-05T12:07:58.903Z] [TREESITTER-CHUNKER] [INFO] Created 1 semantic chunks from C:\Users\RakaThinkpad\Documents\Project\educatedplanet\common\src\index.ts
[2025-11-05T12:07:58.904Z] [2025-11-05T12:07:58.903Z] [TREESITTER-FULL] [INFO] Extracted 0 symbols from C:\Users\RakaThinkpad\Documents\Project\educatedplanet\common\src\index.ts
[2025-11-05T12:07:58.904Z] [2025-11-05T12:07:58.903Z] [INDEXING-ORCHESTRATOR] [DEBUG] 🔍 Symbol extraction for C:\Users\RakaThinkpad\Documents\Project\educatedplanet\common\src\index.ts: 0 symbols, 0 imports
[2025-11-05T12:07:58.904Z] [2025-11-05T12:07:58.903Z] [INDEXING-ORCHESTRATOR] [DEBUG] 📍 Chunk 1-4: 0 candidate symbols
[2025-11-05T12:07:58.904Z] [2025-11-05T12:07:58.903Z] [INDEXING-ORCHESTRATOR] [DEBUG] ✅ Chunk symbols after filtering: 0 symbols - 
[2025-11-05T12:07:58.904Z] [2025-11-05T12:07:58.903Z] [INDEXING-ORCHESTRATOR] [DEBUG] Created 1 semantic chunks for C:\Users\RakaThinkpad\Documents\Project\educatedplanet\common\src\index.ts
[2025-11-05T12:07:58.904Z] [2025-11-05T12:07:58.903Z] [INDEXING-ORCHESTRATOR] [DEBUG] Average chunk size: 142 characters
[2025-11-05T12:07:58.905Z] [2025-11-05T12:07:58.904Z] [TREESITTER-CHUNKER] [INFO] Created 1 semantic chunks from C:\Users\RakaThinkpad\Documents\Project\educatedplanet\admin\src\types\preferences\theme.ts
[2025-11-05T12:07:58.906Z] [2025-11-05T12:07:58.905Z] [TREESITTER-FULL] [INFO] Extracted 3 symbols from C:\Users\RakaThinkpad\Documents\Project\educatedplanet\admin\src\types\preferences\theme.ts
[2025-11-05T12:07:58.906Z] [2025-11-05T12:07:58.905Z] [INDEXING-ORCHESTRATOR] [DEBUG] 🔍 Symbol extraction for C:\Users\RakaThinkpad\Documents\Project\educatedplanet\admin\src\types\preferences\theme.ts: 3 symbols, 0 imports
[2025-11-05T12:07:58.906Z] [2025-11-05T12:07:58.905Z] [INDEXING-ORCHESTRATOR] [DEBUG] 📍 Chunk 14-14: 1 candidate symbols
[2025-11-05T12:07:58.906Z] [2025-11-05T12:07:58.905Z] [INDEXING-ORCHESTRATOR] [DEBUG] ✅ Chunk symbols after filtering: 1 symbols - ThemeMode
[2025-11-05T12:07:58.906Z] [2025-11-05T12:07:58.905Z] [INDEXING-ORCHESTRATOR] [DEBUG] Created 1 semantic chunks for C:\Users\RakaThinkpad\Documents\Project\educatedplanet\admin\src\types\preferences\theme.ts
[2025-11-05T12:07:58.906Z] [2025-11-05T12:07:58.905Z] [INDEXING-ORCHESTRATOR] [DEBUG] Average chunk size: 52 characters
[2025-11-05T12:07:58.908Z] [2025-11-05T12:07:58.907Z] [TREESITTER-CHUNKER] [INFO] Created 1 semantic chunks from C:\Users\RakaThinkpad\Documents\Project\educatedplanet\common\src\constants\index.ts
[2025-11-05T12:07:58.911Z] [2025-11-05T12:07:58.911Z] [TREESITTER-FULL] [INFO] Extracted 6 symbols from C:\Users\RakaThinkpad\Documents\Project\educatedplanet\common\src\constants\index.ts
[2025-11-05T12:07:58.911Z] [2025-11-05T12:07:58.911Z] [INDEXING-ORCHESTRATOR] [DEBUG] 🔍 Symbol extraction for C:\Users\RakaThinkpad\Documents\Project\educatedplanet\common\src\constants\index.ts: 6 symbols, 0 imports
[2025-11-05T12:07:58.912Z] [2025-11-05T12:07:58.911Z] [INDEXING-ORCHESTRATOR] [DEBUG] 📍 Chunk 1-78: 6 candidate symbols
[2025-11-05T12:07:58.912Z] [2025-11-05T12:07:58.911Z] [INDEXING-ORCHESTRATOR] [DEBUG] ✅ Chunk symbols after filtering: 6 symbols - APP_CONFIG, LOCATIONS, SUBJECTS, CLASS_LEVELS, USER_ROLES, TEACHING_MODES
[2025-11-05T12:07:58.912Z] [2025-11-05T12:07:58.911Z] [INDEXING-ORCHESTRATOR] [DEBUG] Created 1 semantic chunks for C:\Users\RakaThinkpad\Documents\Project\educatedplanet\common\src\constants\index.ts
[2025-11-05T12:07:58.912Z] [2025-11-05T12:07:58.911Z] [INDEXING-ORCHESTRATOR] [DEBUG] Average chunk size: 1296 characters
[2025-11-05T12:07:58.914Z] [2025-11-05T12:07:58.913Z] [TREESITTER-CHUNKER] [INFO] 🔍 Found class: DatabaseConnection (126 lines)
[2025-11-05T12:07:58.914Z] [2025-11-05T12:07:58.913Z] [TREESITTER-CHUNKER] [INFO] 📦 Keeping small class intact: DatabaseConnection (126 lines <= 150)
[2025-11-05T12:07:58.919Z] [2025-11-05T12:07:58.918Z] [TREESITTER-CHUNKER] [INFO] Created 2 semantic chunks from C:\Users\RakaThinkpad\Documents\Project\educatedplanet\dataservice\src\datamodels\connections\database.js
[2025-11-05T12:07:58.948Z] [2025-11-05T12:07:58.947Z] [TREESITTER-FULL] [INFO] Extracted 4 symbols from C:\Users\RakaThinkpad\Documents\Project\educatedplanet\dataservice\src\datamodels\connections\database.js
[2025-11-05T12:07:58.948Z] [2025-11-05T12:07:58.948Z] [INDEXING-ORCHESTRATOR] [DEBUG] 🔍 Symbol extraction for C:\Users\RakaThinkpad\Documents\Project\educatedplanet\dataservice\src\datamodels\connections\database.js: 4 symbols, 0 imports
[2025-11-05T12:07:58.948Z] [2025-11-05T12:07:58.948Z] [INDEXING-ORCHESTRATOR] [DEBUG] 📍 Chunk 27-152: 1 candidate symbols
[2025-11-05T12:07:58.948Z] [2025-11-05T12:07:58.948Z] [INDEXING-ORCHESTRATOR] [DEBUG] ✅ Chunk symbols after filtering: 1 symbols - DatabaseConnection
[2025-11-05T12:07:58.948Z] [2025-11-05T12:07:58.948Z] [INDEXING-ORCHESTRATOR] [DEBUG] 📍 Chunk 153-174: 2 candidate symbols
[2025-11-05T12:07:58.948Z] [2025-11-05T12:07:58.948Z] [INDEXING-ORCHESTRATOR] [DEBUG] ✅ Chunk symbols after filtering: 2 symbols - initializeDatabase, closeDatabase
[2025-11-05T12:07:58.948Z] [2025-11-05T12:07:58.948Z] [INDEXING-ORCHESTRATOR] [DEBUG] Created 2 semantic chunks for C:\Users\RakaThinkpad\Documents\Project\educatedplanet\dataservice\src\datamodels\connections\database.js
[2025-11-05T12:07:58.948Z] [2025-11-05T12:07:58.948Z] [INDEXING-ORCHESTRATOR] [DEBUG] Average chunk size: 2344 characters
[2025-11-05T12:07:58.951Z] [2025-11-05T12:07:58.950Z] [TREESITTER-CHUNKER] [INFO] Created 1 semantic chunks from C:\Users\RakaThinkpad\Documents\Project\educatedplanet\common\src\utils\index.ts
[2025-11-05T12:07:58.957Z] [2025-11-05T12:07:58.957Z] [TREESITTER-FULL] [INFO] Extracted 5 symbols from C:\Users\RakaThinkpad\Documents\Project\educatedplanet\common\src\utils\index.ts
[2025-11-05T12:07:58.957Z] [2025-11-05T12:07:58.957Z] [INDEXING-ORCHESTRATOR] [DEBUG] 🔍 Symbol extraction for C:\Users\RakaThinkpad\Documents\Project\educatedplanet\common\src\utils\index.ts: 5 symbols, 0 imports
[2025-11-05T12:07:58.957Z] [2025-11-05T12:07:58.957Z] [INDEXING-ORCHESTRATOR] [DEBUG] 📍 Chunk 6-44: 5 candidate symbols
[2025-11-05T12:07:58.958Z] [2025-11-05T12:07:58.957Z] [INDEXING-ORCHESTRATOR] [DEBUG] ✅ Chunk symbols after filtering: 5 symbols - formatTutorName, formatCurrency, generateSlug, isEmpty, truncateText
[2025-11-05T12:07:58.958Z] [2025-11-05T12:07:58.957Z] [INDEXING-ORCHESTRATOR] [DEBUG] Created 1 semantic chunks for C:\Users\RakaThinkpad\Documents\Project\educatedplanet\common\src\utils\index.ts
[2025-11-05T12:07:58.958Z] [2025-11-05T12:07:58.957Z] [INDEXING-ORCHESTRATOR] [DEBUG] Average chunk size: 880 characters
[2025-11-05T12:07:58.964Z] [2025-11-05T12:07:58.963Z] [TREESITTER-CHUNKER] [INFO] Created 1 semantic chunks from C:\Users\RakaThinkpad\Documents\Project\educatedplanet\common\src\validation\index.ts
[2025-11-05T12:07:58.976Z] [2025-11-05T12:07:58.975Z] [TREESITTER-FULL] [INFO] Extracted 18 symbols from C:\Users\RakaThinkpad\Documents\Project\educatedplanet\common\src\validation\index.ts
[2025-11-05T12:07:58.976Z] [2025-11-05T12:07:58.975Z] [INDEXING-ORCHESTRATOR] [DEBUG] 🔍 Symbol extraction for C:\Users\RakaThinkpad\Documents\Project\educatedplanet\common\src\validation\index.ts: 18 symbols, 1 imports
[2025-11-05T12:07:58.976Z] [2025-11-05T12:07:58.975Z] [INDEXING-ORCHESTRATOR] [DEBUG] 📍 Chunk 74-78: 5 candidate symbols
[2025-11-05T12:07:58.976Z] [2025-11-05T12:07:58.975Z] [INDEXING-ORCHESTRATOR] [DEBUG] ✅ Chunk symbols after filtering: 5 symbols - LoginInput, TutorBasicInfoInput, TutorTeachingInput, TutorLocationInput, ReviewInput
[2025-11-05T12:07:58.976Z] [2025-11-05T12:07:58.975Z] [INDEXING-ORCHESTRATOR] [DEBUG] Created 1 semantic chunks for C:\Users\RakaThinkpad\Documents\Project\educatedplanet\common\src\validation\index.ts
[2025-11-05T12:07:58.976Z] [2025-11-05T12:07:58.976Z] [INDEXING-ORCHESTRATOR] [DEBUG] Average chunk size: 314 characters
[2025-11-05T12:07:58.978Z] [2025-11-05T12:07:58.978Z] [TREESITTER-CHUNKER] [INFO] 🔍 Found class: unknown (142 lines)
[2025-11-05T12:07:58.978Z] [2025-11-05T12:07:58.978Z] [TREESITTER-CHUNKER] [INFO] 📦 Keeping small class intact: unknown (142 lines <= 150)
[2025-11-05T12:07:58.983Z] [2025-11-05T12:07:58.982Z] [TREESITTER-CHUNKER] [INFO] Created 3 semantic chunks from C:\Users\RakaThinkpad\Documents\Project\educatedplanet\dataservice\src\datamodels\connections\database.ts
[2025-11-05T12:07:59.003Z] [2025-11-05T12:07:59.002Z] [TREESITTER-FULL] [INFO] Extracted 6 symbols from C:\Users\RakaThinkpad\Documents\Project\educatedplanet\dataservice\src\datamodels\connections\database.ts
[2025-11-05T12:07:59.003Z] [2025-11-05T12:07:59.002Z] [INDEXING-ORCHESTRATOR] [DEBUG] 🔍 Symbol extraction for C:\Users\RakaThinkpad\Documents\Project\educatedplanet\dataservice\src\datamodels\connections\database.ts: 6 symbols, 1 imports
[2025-11-05T12:07:59.003Z] [2025-11-05T12:07:59.002Z] [INDEXING-ORCHESTRATOR] [DEBUG] 📍 Chunk 6-9: 1 candidate symbols
[2025-11-05T12:07:59.003Z] [2025-11-05T12:07:59.002Z] [INDEXING-ORCHESTRATOR] [DEBUG] ✅ Chunk symbols after filtering: 1 symbols - DatabaseConfig
[2025-11-05T12:07:59.003Z] [2025-11-05T12:07:59.002Z] [INDEXING-ORCHESTRATOR] [DEBUG] 📍 Chunk 31-172: 1 candidate symbols
[2025-11-05T12:07:59.003Z] [2025-11-05T12:07:59.002Z] [INDEXING-ORCHESTRATOR] [DEBUG] ✅ Chunk symbols after filtering: 1 symbols - DatabaseConnection
[2025-11-05T12:07:59.003Z] [2025-11-05T12:07:59.002Z] [INDEXING-ORCHESTRATOR] [DEBUG] 📍 Chunk 173-193: 3 candidate symbols
[2025-11-05T12:07:59.003Z] [2025-11-05T12:07:59.002Z] [INDEXING-ORCHESTRATOR] [DEBUG] ✅ Chunk symbols after filtering: 3 symbols - databaseConnection, initializeDatabase, closeDatabase
[2025-11-05T12:07:59.003Z] [2025-11-05T12:07:59.002Z] [INDEXING-ORCHESTRATOR] [DEBUG] Created 3 semantic chunks for C:\Users\RakaThinkpad\Documents\Project\educatedplanet\dataservice\src\datamodels\connections\database.ts
[2025-11-05T12:07:59.003Z] [2025-11-05T12:07:59.003Z] [INDEXING-ORCHESTRATOR] [DEBUG] Average chunk size: 1452 characters
[2025-11-05T12:07:59.005Z] [2025-11-05T12:07:59.004Z] [TREESITTER-CHUNKER] [INFO] Created 1 semantic chunks from C:\Users\RakaThinkpad\Documents\Project\educatedplanet\dataservice\src\datamodels\connections\index.js
[2025-11-05T12:07:59.009Z] [2025-11-05T12:07:59.008Z] [TREESITTER-FULL] [INFO] Extracted 1 symbols from C:\Users\RakaThinkpad\Documents\Project\educatedplanet\dataservice\src\datamodels\connections\index.js
[2025-11-05T12:07:59.009Z] [2025-11-05T12:07:59.008Z] [INDEXING-ORCHESTRATOR] [DEBUG] 🔍 Symbol extraction for C:\Users\RakaThinkpad\Documents\Project\educatedplanet\dataservice\src\datamodels\connections\index.js: 1 symbols, 0 imports
[2025-11-05T12:07:59.009Z] [2025-11-05T12:07:59.008Z] [INDEXING-ORCHESTRATOR] [DEBUG] 📍 Chunk 1-13: 1 candidate symbols
[2025-11-05T12:07:59.009Z] [2025-11-05T12:07:59.008Z] [INDEXING-ORCHESTRATOR] [DEBUG] ✅ Chunk symbols after filtering: 1 symbols - database_1
[2025-11-05T12:07:59.009Z] [2025-11-05T12:07:59.008Z] [INDEXING-ORCHESTRATOR] [DEBUG] Created 1 semantic chunks for C:\Users\RakaThinkpad\Documents\Project\educatedplanet\dataservice\src\datamodels\connections\index.js
[2025-11-05T12:07:59.009Z] [2025-11-05T12:07:59.008Z] [INDEXING-ORCHESTRATOR] [DEBUG] Average chunk size: 992 characters
[2025-11-05T12:07:59.009Z] [2025-11-05T12:07:59.009Z] [INDEXING-ORCHESTRATOR] [DEBUG] 📊 Processed: 150/220 files
[2025-11-05T12:07:59.014Z] [2025-11-05T12:07:59.014Z] [TREESITTER-CHUNKER] [INFO] Created 1 semantic chunks from C:\Users\RakaThinkpad\Documents\Project\educatedplanet\dataservice\src\datamodels\connections\index.ts
[2025-11-05T12:07:59.015Z] [2025-11-05T12:07:59.014Z] [TREESITTER-FULL] [INFO] Extracted 0 symbols from C:\Users\RakaThinkpad\Documents\Project\educatedplanet\dataservice\src\datamodels\connections\index.ts
[2025-11-05T12:07:59.015Z] [2025-11-05T12:07:59.014Z] [INDEXING-ORCHESTRATOR] [DEBUG] 🔍 Symbol extraction for C:\Users\RakaThinkpad\Documents\Project\educatedplanet\dataservice\src\datamodels\connections\index.ts: 0 symbols, 0 imports
[2025-11-05T12:07:59.015Z] [2025-11-05T12:07:59.014Z] [INDEXING-ORCHESTRATOR] [DEBUG] 📍 Chunk 1-12: 0 candidate symbols
[2025-11-05T12:07:59.015Z] [2025-11-05T12:07:59.014Z] [INDEXING-ORCHESTRATOR] [DEBUG] ✅ Chunk symbols after filtering: 0 symbols - 
[2025-11-05T12:07:59.015Z] [2025-11-05T12:07:59.014Z] [INDEXING-ORCHESTRATOR] [DEBUG] Created 1 semantic chunks for C:\Users\RakaThinkpad\Documents\Project\educatedplanet\dataservice\src\datamodels\connections\index.ts
[2025-11-05T12:07:59.015Z] [2025-11-05T12:07:59.014Z] [INDEXING-ORCHESTRATOR] [DEBUG] Average chunk size: 192 characters
[2025-11-05T12:07:59.025Z] [2025-11-05T12:07:59.024Z] [TREESITTER-CHUNKER] [INFO] Created 1 semantic chunks from C:\Users\RakaThinkpad\Documents\Project\educatedplanet\dataservice\src\datamodels\index.js
[2025-11-05T12:07:59.048Z] [2025-11-05T12:07:59.047Z] [TREESITTER-FULL] [INFO] Extracted 3 symbols from C:\Users\RakaThinkpad\Documents\Project\educatedplanet\dataservice\src\datamodels\index.js
[2025-11-05T12:07:59.048Z] [2025-11-05T12:07:59.047Z] [INDEXING-ORCHESTRATOR] [DEBUG] 🔍 Symbol extraction for C:\Users\RakaThinkpad\Documents\Project\educatedplanet\dataservice\src\datamodels\index.js: 3 symbols, 0 imports
[2025-11-05T12:07:59.048Z] [2025-11-05T12:07:59.047Z] [INDEXING-ORCHESTRATOR] [DEBUG] 📍 Chunk 1-45: 3 candidate symbols
[2025-11-05T12:07:59.048Z] [2025-11-05T12:07:59.047Z] [INDEXING-ORCHESTRATOR] [DEBUG] ✅ Chunk symbols after filtering: 3 symbols - connections_1, schemas_1, models_1
[2025-11-05T12:07:59.048Z] [2025-11-05T12:07:59.047Z] [INDEXING-ORCHESTRATOR] [DEBUG] Created 1 semantic chunks for C:\Users\RakaThinkpad\Documents\Project\educatedplanet\dataservice\src\datamodels\index.js
[2025-11-05T12:07:59.048Z] [2025-11-05T12:07:59.047Z] [INDEXING-ORCHESTRATOR] [DEBUG] Average chunk size: 3251 characters
[2025-11-05T12:07:59.049Z] [2025-11-05T12:07:59.048Z] [TREESITTER-CHUNKER] [INFO] Created 1 semantic chunks from C:\Users\RakaThinkpad\Documents\Project\educatedplanet\dataservice\src\datamodels\index.ts
[2025-11-05T12:07:59.050Z] [2025-11-05T12:07:59.049Z] [TREESITTER-FULL] [INFO] Extracted 0 symbols from C:\Users\RakaThinkpad\Documents\Project\educatedplanet\dataservice\src\datamodels\index.ts
[2025-11-05T12:07:59.050Z] [2025-11-05T12:07:59.049Z] [INDEXING-ORCHESTRATOR] [DEBUG] 🔍 Symbol extraction for C:\Users\RakaThinkpad\Documents\Project\educatedplanet\dataservice\src\datamodels\index.ts: 0 symbols, 0 imports
[2025-11-05T12:07:59.050Z] [2025-11-05T12:07:59.049Z] [INDEXING-ORCHESTRATOR] [DEBUG] 📍 Chunk 1-40: 0 candidate symbols
[2025-11-05T12:07:59.050Z] [2025-11-05T12:07:59.049Z] [INDEXING-ORCHESTRATOR] [DEBUG] ✅ Chunk symbols after filtering: 0 symbols - 
[2025-11-05T12:07:59.050Z] [2025-11-05T12:07:59.049Z] [INDEXING-ORCHESTRATOR] [DEBUG] Created 1 semantic chunks for C:\Users\RakaThinkpad\Documents\Project\educatedplanet\dataservice\src\datamodels\index.ts
[2025-11-05T12:07:59.050Z] [2025-11-05T12:07:59.049Z] [INDEXING-ORCHESTRATOR] [DEBUG] Average chunk size: 746 characters
[2025-11-05T12:07:59.052Z] [2025-11-05T12:07:59.052Z] [TREESITTER-CHUNKER] [INFO] Created 1 semantic chunks from C:\Users\RakaThinkpad\Documents\Project\educatedplanet\dataservice\src\datamodels\models\index.js
[2025-11-05T12:07:59.057Z] [2025-11-05T12:07:59.056Z] [TREESITTER-FULL] [INFO] Extracted 3 symbols from C:\Users\RakaThinkpad\Documents\Project\educatedplanet\dataservice\src\datamodels\models\index.js
[2025-11-05T12:07:59.057Z] [2025-11-05T12:07:59.057Z] [INDEXING-ORCHESTRATOR] [DEBUG] 🔍 Symbol extraction for C:\Users\RakaThinkpad\Documents\Project\educatedplanet\dataservice\src\datamodels\models\index.js: 3 symbols, 0 imports
[2025-11-05T12:07:59.057Z] [2025-11-05T12:07:59.057Z] [INDEXING-ORCHESTRATOR] [DEBUG] 📍 Chunk 1-16: 3 candidate symbols
[2025-11-05T12:07:59.057Z] [2025-11-05T12:07:59.057Z] [INDEXING-ORCHESTRATOR] [DEBUG] ✅ Chunk symbols after filtering: 3 symbols - user_model_1, tutor_model_1, review_model_1
[2025-11-05T12:07:59.057Z] [2025-11-05T12:07:59.057Z] [INDEXING-ORCHESTRATOR] [DEBUG] Created 1 semantic chunks for C:\Users\RakaThinkpad\Documents\Project\educatedplanet\dataservice\src\datamodels\models\index.js
[2025-11-05T12:07:59.057Z] [2025-11-05T12:07:59.057Z] [INDEXING-ORCHESTRATOR] [DEBUG] Average chunk size: 1186 characters
[2025-11-05T12:07:59.058Z] [2025-11-05T12:07:59.057Z] [TREESITTER-CHUNKER] [INFO] Created 1 semantic chunks from C:\Users\RakaThinkpad\Documents\Project\educatedplanet\dataservice\src\datamodels\models\index.ts
[2025-11-05T12:07:59.058Z] [2025-11-05T12:07:59.058Z] [TREESITTER-FULL] [INFO] Extracted 0 symbols from C:\Users\RakaThinkpad\Documents\Project\educatedplanet\dataservice\src\datamodels\models\index.ts
[2025-11-05T12:07:59.058Z] [2025-11-05T12:07:59.058Z] [INDEXING-ORCHESTRATOR] [DEBUG] 🔍 Symbol extraction for C:\Users\RakaThinkpad\Documents\Project\educatedplanet\dataservice\src\datamodels\models\index.ts: 0 symbols, 0 imports
[2025-11-05T12:07:59.058Z] [2025-11-05T12:07:59.058Z] [INDEXING-ORCHESTRATOR] [DEBUG] 📍 Chunk 1-7: 0 candidate symbols
[2025-11-05T12:07:59.058Z] [2025-11-05T12:07:59.058Z] [INDEXING-ORCHESTRATOR] [DEBUG] ✅ Chunk symbols after filtering: 0 symbols - 
[2025-11-05T12:07:59.058Z] [2025-11-05T12:07:59.058Z] [INDEXING-ORCHESTRATOR] [DEBUG] Created 1 semantic chunks for C:\Users\RakaThinkpad\Documents\Project\educatedplanet\dataservice\src\datamodels\models\index.ts
[2025-11-05T12:07:59.058Z] [2025-11-05T12:07:59.058Z] [INDEXING-ORCHESTRATOR] [DEBUG] Average chunk size: 222 characters
[2025-11-05T12:07:59.070Z] [2025-11-05T12:07:59.069Z] [TREESITTER-CHUNKER] [INFO] Created 1 semantic chunks from C:\Users\RakaThinkpad\Documents\Project\educatedplanet\dataservice\src\datamodels\models\review.model.js
[2025-11-05T12:07:59.113Z] [2025-11-05T12:07:59.112Z] [TREESITTER-FULL] [INFO] Extracted 1 symbols from C:\Users\RakaThinkpad\Documents\Project\educatedplanet\dataservice\src\datamodels\models\review.model.js
[2025-11-05T12:07:59.113Z] [2025-11-05T12:07:59.112Z] [INDEXING-ORCHESTRATOR] [DEBUG] 🔍 Symbol extraction for C:\Users\RakaThinkpad\Documents\Project\educatedplanet\dataservice\src\datamodels\models\review.model.js: 1 symbols, 0 imports
[2025-11-05T12:07:59.113Z] [2025-11-05T12:07:59.112Z] [INDEXING-ORCHESTRATOR] [DEBUG] 📍 Chunk 1-237: 1 candidate symbols
[2025-11-05T12:07:59.113Z] [2025-11-05T12:07:59.112Z] [INDEXING-ORCHESTRATOR] [DEBUG] ✅ Chunk symbols after filtering: 1 symbols - mongoose_1
[2025-11-05T12:07:59.113Z] [2025-11-05T12:07:59.112Z] [INDEXING-ORCHESTRATOR] [DEBUG] Created 1 semantic chunks for C:\Users\RakaThinkpad\Documents\Project\educatedplanet\dataservice\src\datamodels\models\review.model.js
[2025-11-05T12:07:59.113Z] [2025-11-05T12:07:59.112Z] [INDEXING-ORCHESTRATOR] [DEBUG] Average chunk size: 7085 characters
[2025-11-05T12:07:59.132Z] [2025-11-05T12:07:59.131Z] [TREESITTER-CHUNKER] [INFO] Created 1 semantic chunks from C:\Users\RakaThinkpad\Documents\Project\educatedplanet\dataservice\src\datamodels\models\review.model.ts
[2025-11-05T12:07:59.166Z] [2025-11-05T12:07:59.165Z] [TREESITTER-FULL] [INFO] Extracted 2 symbols from C:\Users\RakaThinkpad\Documents\Project\educatedplanet\dataservice\src\datamodels\models\review.model.ts
[2025-11-05T12:07:59.166Z] [2025-11-05T12:07:59.165Z] [INDEXING-ORCHESTRATOR] [DEBUG] 🔍 Symbol extraction for C:\Users\RakaThinkpad\Documents\Project\educatedplanet\dataservice\src\datamodels\models\review.model.ts: 2 symbols, 2 imports
[2025-11-05T12:07:59.166Z] [2025-11-05T12:07:59.165Z] [INDEXING-ORCHESTRATOR] [DEBUG] 📍 Chunk 1-303: 2 candidate symbols
[2025-11-05T12:07:59.166Z] [2025-11-05T12:07:59.165Z] [INDEXING-ORCHESTRATOR] [DEBUG] ✅ Chunk symbols after filtering: 2 symbols - ReviewModel, ReviewQueries
[2025-11-05T12:07:59.166Z] [2025-11-05T12:07:59.165Z] [INDEXING-ORCHESTRATOR] [DEBUG] Created 1 semantic chunks for C:\Users\RakaThinkpad\Documents\Project\educatedplanet\dataservice\src\datamodels\models\review.model.ts
[2025-11-05T12:07:59.166Z] [2025-11-05T12:07:59.165Z] [INDEXING-ORCHESTRATOR] [DEBUG] Average chunk size: 6512 characters
[2025-11-05T12:07:59.177Z] [2025-11-05T12:07:59.177Z] [TREESITTER-CHUNKER] [INFO] Created 1 semantic chunks from C:\Users\RakaThinkpad\Documents\Project\educatedplanet\dataservice\src\datamodels\models\tutor.model.js
[2025-11-05T12:07:59.227Z] [2025-11-05T12:07:59.226Z] [TREESITTER-FULL] [INFO] Extracted 1 symbols from C:\Users\RakaThinkpad\Documents\Project\educatedplanet\dataservice\src\datamodels\models\tutor.model.js
[2025-11-05T12:07:59.227Z] [2025-11-05T12:07:59.226Z] [INDEXING-ORCHESTRATOR] [DEBUG] 🔍 Symbol extraction for C:\Users\RakaThinkpad\Documents\Project\educatedplanet\dataservice\src\datamodels\models\tutor.model.js: 1 symbols, 0 imports
[2025-11-05T12:07:59.227Z] [2025-11-05T12:07:59.226Z] [INDEXING-ORCHESTRATOR] [DEBUG] 📍 Chunk 1-224: 1 candidate symbols
[2025-11-05T12:07:59.227Z] [2025-11-05T12:07:59.226Z] [INDEXING-ORCHESTRATOR] [DEBUG] ✅ Chunk symbols after filtering: 1 symbols - mongoose_1
[2025-11-05T12:07:59.227Z] [2025-11-05T12:07:59.226Z] [INDEXING-ORCHESTRATOR] [DEBUG] Created 1 semantic chunks for C:\Users\RakaThinkpad\Documents\Project\educatedplanet\dataservice\src\datamodels\models\tutor.model.js
[2025-11-05T12:07:59.227Z] [2025-11-05T12:07:59.226Z] [INDEXING-ORCHESTRATOR] [DEBUG] Average chunk size: 7645 characters
[2025-11-05T12:07:59.239Z] [2025-11-05T12:07:59.238Z] [TREESITTER-CHUNKER] [INFO] Created 1 semantic chunks from C:\Users\RakaThinkpad\Documents\Project\educatedplanet\dataservice\src\datamodels\models\tutor.model.ts
[2025-11-05T12:07:59.280Z] [2025-11-05T12:07:59.279Z] [TREESITTER-FULL] [INFO] Extracted 2 symbols from C:\Users\RakaThinkpad\Documents\Project\educatedplanet\dataservice\src\datamodels\models\tutor.model.ts
[2025-11-05T12:07:59.280Z] [2025-11-05T12:07:59.279Z] [INDEXING-ORCHESTRATOR] [DEBUG] 🔍 Symbol extraction for C:\Users\RakaThinkpad\Documents\Project\educatedplanet\dataservice\src\datamodels\models\tutor.model.ts: 2 symbols, 2 imports
[2025-11-05T12:07:59.280Z] [2025-11-05T12:07:59.279Z] [INDEXING-ORCHESTRATOR] [DEBUG] 📍 Chunk 1-304: 2 candidate symbols
[2025-11-05T12:07:59.280Z] [2025-11-05T12:07:59.279Z] [INDEXING-ORCHESTRATOR] [DEBUG] ✅ Chunk symbols after filtering: 2 symbols - TutorModel, TutorQueries
[2025-11-05T12:07:59.280Z] [2025-11-05T12:07:59.279Z] [INDEXING-ORCHESTRATOR] [DEBUG] Created 1 semantic chunks for C:\Users\RakaThinkpad\Documents\Project\educatedplanet\dataservice\src\datamodels\models\tutor.model.ts
[2025-11-05T12:07:59.280Z] [2025-11-05T12:07:59.279Z] [INDEXING-ORCHESTRATOR] [DEBUG] Average chunk size: 7313 characters
[2025-11-05T12:07:59.283Z] [2025-11-05T12:07:59.283Z] [TREESITTER-CHUNKER] [INFO] Created 1 semantic chunks from C:\Users\RakaThinkpad\Documents\Project\educatedplanet\dataservice\src\datamodels\models\user.model.js
[2025-11-05T12:07:59.295Z] [2025-11-05T12:07:59.295Z] [TREESITTER-FULL] [INFO] Extracted 1 symbols from C:\Users\RakaThinkpad\Documents\Project\educatedplanet\dataservice\src\datamodels\models\user.model.js
[2025-11-05T12:07:59.295Z] [2025-11-05T12:07:59.295Z] [INDEXING-ORCHESTRATOR] [DEBUG] 🔍 Symbol extraction for C:\Users\RakaThinkpad\Documents\Project\educatedplanet\dataservice\src\datamodels\models\user.model.js: 1 symbols, 0 imports
[2025-11-05T12:07:59.295Z] [2025-11-05T12:07:59.295Z] [INDEXING-ORCHESTRATOR] [DEBUG] 📍 Chunk 1-79: 1 candidate symbols
[2025-11-05T12:07:59.295Z] [2025-11-05T12:07:59.295Z] [INDEXING-ORCHESTRATOR] [DEBUG] ✅ Chunk symbols after filtering: 1 symbols - mongoose_1
[2025-11-05T12:07:59.295Z] [2025-11-05T12:07:59.295Z] [INDEXING-ORCHESTRATOR] [DEBUG] Created 1 semantic chunks for C:\Users\RakaThinkpad\Documents\Project\educatedplanet\dataservice\src\datamodels\models\user.model.js
[2025-11-05T12:07:59.295Z] [2025-11-05T12:07:59.295Z] [INDEXING-ORCHESTRATOR] [DEBUG] Average chunk size: 2326 characters
[2025-11-05T12:07:59.295Z] [2025-11-05T12:07:59.295Z] [INDEXING-ORCHESTRATOR] [DEBUG] 📊 Processed: 160/220 files
[2025-11-05T12:07:59.314Z] [2025-11-05T12:07:59.313Z] [TREESITTER-CHUNKER] [INFO] Created 1 semantic chunks from C:\Users\RakaThinkpad\Documents\Project\educatedplanet\dataservice\src\datamodels\schemas\review-clean.schema.js
[2025-11-05T12:07:59.340Z] [2025-11-05T12:07:59.339Z] [TREESITTER-FULL] [INFO] Extracted 2 symbols from C:\Users\RakaThinkpad\Documents\Project\educatedplanet\dataservice\src\datamodels\schemas\review-clean.schema.js
[2025-11-05T12:07:59.340Z] [2025-11-05T12:07:59.339Z] [INDEXING-ORCHESTRATOR] [DEBUG] 🔍 Symbol extraction for C:\Users\RakaThinkpad\Documents\Project\educatedplanet\dataservice\src\datamodels\schemas\review-clean.schema.js: 2 symbols, 0 imports
[2025-11-05T12:07:59.340Z] [2025-11-05T12:07:59.339Z] [INDEXING-ORCHESTRATOR] [DEBUG] 📍 Chunk 1-148: 2 candidate symbols
[2025-11-05T12:07:59.340Z] [2025-11-05T12:07:59.339Z] [INDEXING-ORCHESTRATOR] [DEBUG] ✅ Chunk symbols after filtering: 2 symbols - mongoose_1, reviewSchema
[2025-11-05T12:07:59.340Z] [2025-11-05T12:07:59.339Z] [INDEXING-ORCHESTRATOR] [DEBUG] Created 1 semantic chunks for C:\Users\RakaThinkpad\Documents\Project\educatedplanet\dataservice\src\datamodels\schemas\review-clean.schema.js
[2025-11-05T12:07:59.340Z] [2025-11-05T12:07:59.339Z] [INDEXING-ORCHESTRATOR] [DEBUG] Average chunk size: 4299 characters
[2025-11-05T12:07:59.343Z] [2025-11-05T12:07:59.343Z] [TREESITTER-CHUNKER] [INFO] Created 1 semantic chunks from C:\Users\RakaThinkpad\Documents\Project\educatedplanet\dataservice\src\datamodels\models\user.model.ts
[2025-11-05T12:07:59.351Z] [2025-11-05T12:07:59.351Z] [TREESITTER-FULL] [INFO] Extracted 2 symbols from C:\Users\RakaThinkpad\Documents\Project\educatedplanet\dataservice\src\datamodels\models\user.model.ts
[2025-11-05T12:07:59.351Z] [2025-11-05T12:07:59.351Z] [INDEXING-ORCHESTRATOR] [DEBUG] 🔍 Symbol extraction for C:\Users\RakaThinkpad\Documents\Project\educatedplanet\dataservice\src\datamodels\models\user.model.ts: 2 symbols, 2 imports
[2025-11-05T12:07:59.351Z] [2025-11-05T12:07:59.351Z] [INDEXING-ORCHESTRATOR] [DEBUG] 📍 Chunk 1-89: 2 candidate symbols
[2025-11-05T12:07:59.351Z] [2025-11-05T12:07:59.351Z] [INDEXING-ORCHESTRATOR] [DEBUG] ✅ Chunk symbols after filtering: 2 symbols - UserModel, UserQueries
[2025-11-05T12:07:59.351Z] [2025-11-05T12:07:59.351Z] [INDEXING-ORCHESTRATOR] [DEBUG] Created 1 semantic chunks for C:\Users\RakaThinkpad\Documents\Project\educatedplanet\dataservice\src\datamodels\models\user.model.ts
[2025-11-05T12:07:59.351Z] [2025-11-05T12:07:59.351Z] [INDEXING-ORCHESTRATOR] [DEBUG] Average chunk size: 1947 characters
[2025-11-05T12:07:59.352Z] [2025-11-05T12:07:59.351Z] [TREESITTER-CHUNKER] [INFO] Created 1 semantic chunks from C:\Users\RakaThinkpad\Documents\Project\educatedplanet\dataservice\src\datamodels\schemas\index.ts
[2025-11-05T12:07:59.352Z] [2025-11-05T12:07:59.352Z] [TREESITTER-FULL] [INFO] Extracted 0 symbols from C:\Users\RakaThinkpad\Documents\Project\educatedplanet\dataservice\src\datamodels\schemas\index.ts
[2025-11-05T12:07:59.352Z] [2025-11-05T12:07:59.352Z] [INDEXING-ORCHESTRATOR] [DEBUG] 🔍 Symbol extraction for C:\Users\RakaThinkpad\Documents\Project\educatedplanet\dataservice\src\datamodels\schemas\index.ts: 0 symbols, 0 imports
[2025-11-05T12:07:59.352Z] [2025-11-05T12:07:59.352Z] [INDEXING-ORCHESTRATOR] [DEBUG] 📍 Chunk 1-7: 0 candidate symbols
[2025-11-05T12:07:59.352Z] [2025-11-05T12:07:59.352Z] [INDEXING-ORCHESTRATOR] [DEBUG] ✅ Chunk symbols after filtering: 0 symbols - 
[2025-11-05T12:07:59.352Z] [2025-11-05T12:07:59.352Z] [INDEXING-ORCHESTRATOR] [DEBUG] Created 1 semantic chunks for C:\Users\RakaThinkpad\Documents\Project\educatedplanet\dataservice\src\datamodels\schemas\index.ts
[2025-11-05T12:07:59.352Z] [2025-11-05T12:07:59.352Z] [INDEXING-ORCHESTRATOR] [DEBUG] Average chunk size: 253 characters
[2025-11-05T12:07:59.357Z] [2025-11-05T12:07:59.357Z] [TREESITTER-CHUNKER] [INFO] Created 2 semantic chunks from C:\Users\RakaThinkpad\Documents\Project\educatedplanet\dataservice\src\datamodels\schemas\review-clean.schema.ts
[2025-11-05T12:07:59.371Z] [2025-11-05T12:07:59.371Z] [TREESITTER-FULL] [INFO] Extracted 2 symbols from C:\Users\RakaThinkpad\Documents\Project\educatedplanet\dataservice\src\datamodels\schemas\review-clean.schema.ts
[2025-11-05T12:07:59.371Z] [2025-11-05T12:07:59.371Z] [INDEXING-ORCHESTRATOR] [DEBUG] 🔍 Symbol extraction for C:\Users\RakaThinkpad\Documents\Project\educatedplanet\dataservice\src\datamodels\schemas\review-clean.schema.ts: 2 symbols, 2 imports
[2025-11-05T12:07:59.371Z] [2025-11-05T12:07:59.371Z] [INDEXING-ORCHESTRATOR] [DEBUG] 📍 Chunk 7-25: 1 candidate symbols
[2025-11-05T12:07:59.371Z] [2025-11-05T12:07:59.371Z] [INDEXING-ORCHESTRATOR] [DEBUG] ✅ Chunk symbols after filtering: 1 symbols - IReviewDocument
[2025-11-05T12:07:59.371Z] [2025-11-05T12:07:59.371Z] [INDEXING-ORCHESTRATOR] [DEBUG] 📍 Chunk 26-141: 1 candidate symbols
[2025-11-05T12:07:59.371Z] [2025-11-05T12:07:59.371Z] [INDEXING-ORCHESTRATOR] [DEBUG] ✅ Chunk symbols after filtering: 1 symbols - reviewSchema
[2025-11-05T12:07:59.371Z] [2025-11-05T12:07:59.371Z] [INDEXING-ORCHESTRATOR] [DEBUG] Created 2 semantic chunks for C:\Users\RakaThinkpad\Documents\Project\educatedplanet\dataservice\src\datamodels\schemas\review-clean.schema.ts
[2025-11-05T12:07:59.371Z] [2025-11-05T12:07:59.371Z] [INDEXING-ORCHESTRATOR] [DEBUG] Average chunk size: 1450 characters
[2025-11-05T12:07:59.373Z] [2025-11-05T12:07:59.372Z] [TREESITTER-CHUNKER] [INFO] Created 1 semantic chunks from C:\Users\RakaThinkpad\Documents\Project\educatedplanet\dataservice\src\datamodels\schemas\index.js
[2025-11-05T12:07:59.377Z] [2025-11-05T12:07:59.376Z] [TREESITTER-FULL] [INFO] Extracted 3 symbols from C:\Users\RakaThinkpad\Documents\Project\educatedplanet\dataservice\src\datamodels\schemas\index.js
[2025-11-05T12:07:59.377Z] [2025-11-05T12:07:59.376Z] [INDEXING-ORCHESTRATOR] [DEBUG] 🔍 Symbol extraction for C:\Users\RakaThinkpad\Documents\Project\educatedplanet\dataservice\src\datamodels\schemas\index.js: 3 symbols, 0 imports
[2025-11-05T12:07:59.377Z] [2025-11-05T12:07:59.376Z] [INDEXING-ORCHESTRATOR] [DEBUG] 📍 Chunk 1-13: 3 candidate symbols
[2025-11-05T12:07:59.377Z] [2025-11-05T12:07:59.376Z] [INDEXING-ORCHESTRATOR] [DEBUG] ✅ Chunk symbols after filtering: 3 symbols - user_clean_schema_1, tutor_clean_schema_1, review_clean_schema_1
[2025-11-05T12:07:59.377Z] [2025-11-05T12:07:59.376Z] [INDEXING-ORCHESTRATOR] [DEBUG] Created 1 semantic chunks for C:\Users\RakaThinkpad\Documents\Project\educatedplanet\dataservice\src\datamodels\schemas\index.js
[2025-11-05T12:07:59.377Z] [2025-11-05T12:07:59.376Z] [INDEXING-ORCHESTRATOR] [DEBUG] Average chunk size: 809 characters
[2025-11-05T12:07:59.389Z] [2025-11-05T12:07:59.388Z] [TREESITTER-CHUNKER] [INFO] Created 1 semantic chunks from C:\Users\RakaThinkpad\Documents\Project\educatedplanet\dataservice\src\datamodels\schemas\tutor-clean.schema.js
[2025-11-05T12:07:59.420Z] [2025-11-05T12:07:59.420Z] [TREESITTER-FULL] [INFO] Extracted 2 symbols from C:\Users\RakaThinkpad\Documents\Project\educatedplanet\dataservice\src\datamodels\schemas\tutor-clean.schema.js
[2025-11-05T12:07:59.420Z] [2025-11-05T12:07:59.420Z] [INDEXING-ORCHESTRATOR] [DEBUG] 🔍 Symbol extraction for C:\Users\RakaThinkpad\Documents\Project\educatedplanet\dataservice\src\datamodels\schemas\tutor-clean.schema.js: 2 symbols, 0 imports
[2025-11-05T12:07:59.420Z] [2025-11-05T12:07:59.420Z] [INDEXING-ORCHESTRATOR] [DEBUG] 📍 Chunk 1-206: 2 candidate symbols
[2025-11-05T12:07:59.420Z] [2025-11-05T12:07:59.420Z] [INDEXING-ORCHESTRATOR] [DEBUG] ✅ Chunk symbols after filtering: 2 symbols - mongoose_1, tutorSchema
[2025-11-05T12:07:59.420Z] [2025-11-05T12:07:59.420Z] [INDEXING-ORCHESTRATOR] [DEBUG] Created 1 semantic chunks for C:\Users\RakaThinkpad\Documents\Project\educatedplanet\dataservice\src\datamodels\schemas\tutor-clean.schema.js
[2025-11-05T12:07:59.420Z] [2025-11-05T12:07:59.420Z] [INDEXING-ORCHESTRATOR] [DEBUG] Average chunk size: 5368 characters
[2025-11-05T12:07:59.428Z] [2025-11-05T12:07:59.427Z] [TREESITTER-CHUNKER] [INFO] Created 2 semantic chunks from C:\Users\RakaThinkpad\Documents\Project\educatedplanet\dataservice\src\datamodels\schemas\tutor-clean.schema.ts
[2025-11-05T12:07:59.446Z] [2025-11-05T12:07:59.445Z] [TREESITTER-FULL] [INFO] Extracted 2 symbols from C:\Users\RakaThinkpad\Documents\Project\educatedplanet\dataservice\src\datamodels\schemas\tutor-clean.schema.ts
[2025-11-05T12:07:59.446Z] [2025-11-05T12:07:59.445Z] [INDEXING-ORCHESTRATOR] [DEBUG] 🔍 Symbol extraction for C:\Users\RakaThinkpad\Documents\Project\educatedplanet\dataservice\src\datamodels\schemas\tutor-clean.schema.ts: 2 symbols, 2 imports
[2025-11-05T12:07:59.446Z] [2025-11-05T12:07:59.445Z] [INDEXING-ORCHESTRATOR] [DEBUG] 📍 Chunk 7-28: 1 candidate symbols
[2025-11-05T12:07:59.446Z] [2025-11-05T12:07:59.445Z] [INDEXING-ORCHESTRATOR] [DEBUG] ✅ Chunk symbols after filtering: 1 symbols - ITutorDocument
[2025-11-05T12:07:59.446Z] [2025-11-05T12:07:59.445Z] [INDEXING-ORCHESTRATOR] [DEBUG] 📍 Chunk 29-202: 1 candidate symbols
[2025-11-05T12:07:59.446Z] [2025-11-05T12:07:59.445Z] [INDEXING-ORCHESTRATOR] [DEBUG] ✅ Chunk symbols after filtering: 1 symbols - tutorSchema
[2025-11-05T12:07:59.446Z] [2025-11-05T12:07:59.445Z] [INDEXING-ORCHESTRATOR] [DEBUG] Created 2 semantic chunks for C:\Users\RakaThinkpad\Documents\Project\educatedplanet\dataservice\src\datamodels\schemas\tutor-clean.schema.ts
[2025-11-05T12:07:59.446Z] [2025-11-05T12:07:59.445Z] [INDEXING-ORCHESTRATOR] [DEBUG] Average chunk size: 1862 characters
[2025-11-05T12:07:59.462Z] [2025-11-05T12:07:59.461Z] [TREESITTER-CHUNKER] [INFO] Created 1 semantic chunks from C:\Users\RakaThinkpad\Documents\Project\educatedplanet\dataservice\src\datamodels\schemas\user-clean.schema.js
[2025-11-05T12:07:59.489Z] [2025-11-05T12:07:59.489Z] [TREESITTER-FULL] [INFO] Extracted 3 symbols from C:\Users\RakaThinkpad\Documents\Project\educatedplanet\dataservice\src\datamodels\schemas\user-clean.schema.js
[2025-11-05T12:07:59.489Z] [2025-11-05T12:07:59.489Z] [INDEXING-ORCHESTRATOR] [DEBUG] 🔍 Symbol extraction for C:\Users\RakaThinkpad\Documents\Project\educatedplanet\dataservice\src\datamodels\schemas\user-clean.schema.js: 3 symbols, 0 imports
[2025-11-05T12:07:59.489Z] [2025-11-05T12:07:59.489Z] [INDEXING-ORCHESTRATOR] [DEBUG] 📍 Chunk 1-155: 3 candidate symbols
[2025-11-05T12:07:59.489Z] [2025-11-05T12:07:59.489Z] [INDEXING-ORCHESTRATOR] [DEBUG] ✅ Chunk symbols after filtering: 3 symbols - mongoose_1, validator_1, userSchema
[2025-11-05T12:07:59.490Z] [2025-11-05T12:07:59.489Z] [INDEXING-ORCHESTRATOR] [DEBUG] Created 1 semantic chunks for C:\Users\RakaThinkpad\Documents\Project\educatedplanet\dataservice\src\datamodels\schemas\user-clean.schema.js
[2025-11-05T12:07:59.490Z] [2025-11-05T12:07:59.489Z] [INDEXING-ORCHESTRATOR] [DEBUG] Average chunk size: 4434 characters
[2025-11-05T12:07:59.495Z] [2025-11-05T12:07:59.494Z] [TREESITTER-CHUNKER] [INFO] Created 2 semantic chunks from C:\Users\RakaThinkpad\Documents\Project\educatedplanet\dataservice\src\datamodels\schemas\user-clean.schema.ts
[2025-11-05T12:07:59.509Z] [2025-11-05T12:07:59.508Z] [TREESITTER-FULL] [INFO] Extracted 2 symbols from C:\Users\RakaThinkpad\Documents\Project\educatedplanet\dataservice\src\datamodels\schemas\user-clean.schema.ts
[2025-11-05T12:07:59.509Z] [2025-11-05T12:07:59.508Z] [INDEXING-ORCHESTRATOR] [DEBUG] 🔍 Symbol extraction for C:\Users\RakaThinkpad\Documents\Project\educatedplanet\dataservice\src\datamodels\schemas\user-clean.schema.ts: 2 symbols, 3 imports
[2025-11-05T12:07:59.509Z] [2025-11-05T12:07:59.508Z] [INDEXING-ORCHESTRATOR] [DEBUG] 📍 Chunk 8-23: 1 candidate symbols
[2025-11-05T12:07:59.509Z] [2025-11-05T12:07:59.508Z] [INDEXING-ORCHESTRATOR] [DEBUG] ✅ Chunk symbols after filtering: 1 symbols - IUserDocument
[2025-11-05T12:07:59.509Z] [2025-11-05T12:07:59.508Z] [INDEXING-ORCHESTRATOR] [DEBUG] 📍 Chunk 24-142: 1 candidate symbols
[2025-11-05T12:07:59.509Z] [2025-11-05T12:07:59.508Z] [INDEXING-ORCHESTRATOR] [DEBUG] ✅ Chunk symbols after filtering: 1 symbols - userSchema
[2025-11-05T12:07:59.509Z] [2025-11-05T12:07:59.508Z] [INDEXING-ORCHESTRATOR] [DEBUG] Created 2 semantic chunks for C:\Users\RakaThinkpad\Documents\Project\educatedplanet\dataservice\src\datamodels\schemas\user-clean.schema.ts
[2025-11-05T12:07:59.509Z] [2025-11-05T12:07:59.508Z] [INDEXING-ORCHESTRATOR] [DEBUG] Average chunk size: 1378 characters
[2025-11-05T12:07:59.510Z] [2025-11-05T12:07:59.509Z] [TREESITTER-CHUNKER] [INFO] Created 1 semantic chunks from C:\Users\RakaThinkpad\Documents\Project\educatedplanet\dataservice\src\index.ts
[2025-11-05T12:07:59.511Z] [2025-11-05T12:07:59.510Z] [TREESITTER-FULL] [INFO] Extracted 0 symbols from C:\Users\RakaThinkpad\Documents\Project\educatedplanet\dataservice\src\index.ts
[2025-11-05T12:07:59.511Z] [2025-11-05T12:07:59.510Z] [INDEXING-ORCHESTRATOR] [DEBUG] 🔍 Symbol extraction for C:\Users\RakaThinkpad\Documents\Project\educatedplanet\dataservice\src\index.ts: 0 symbols, 0 imports
[2025-11-05T12:07:59.511Z] [2025-11-05T12:07:59.510Z] [INDEXING-ORCHESTRATOR] [DEBUG] 📍 Chunk 1-34: 0 candidate symbols
[2025-11-05T12:07:59.511Z] [2025-11-05T12:07:59.510Z] [INDEXING-ORCHESTRATOR] [DEBUG] ✅ Chunk symbols after filtering: 0 symbols - 
[2025-11-05T12:07:59.511Z] [2025-11-05T12:07:59.510Z] [INDEXING-ORCHESTRATOR] [DEBUG] Created 1 semantic chunks for C:\Users\RakaThinkpad\Documents\Project\educatedplanet\dataservice\src\index.ts
[2025-11-05T12:07:59.511Z] [2025-11-05T12:07:59.510Z] [INDEXING-ORCHESTRATOR] [DEBUG] Average chunk size: 913 characters
[2025-11-05T12:07:59.511Z] [2025-11-05T12:07:59.510Z] [INDEXING-ORCHESTRATOR] [DEBUG] 📊 Processed: 170/220 files
[2025-11-05T12:07:59.517Z] [2025-11-05T12:07:59.517Z] [TREESITTER-CHUNKER] [INFO] 🔍 Found class: unknown (303 lines)
[2025-11-05T12:07:59.517Z] [2025-11-05T12:07:59.517Z] [TREESITTER-CHUNKER] [INFO] 📤 Splitting large class: unknown (303 lines > 150)
[2025-11-05T12:07:59.518Z] [2025-11-05T12:07:59.517Z] [TREESITTER-CHUNKER] [INFO] 🔧 Extracting methods from large class with 2 children
[2025-11-05T12:07:59.518Z] [2025-11-05T12:07:59.517Z] [TREESITTER-CHUNKER] [INFO] 🔍 Checking 44 nodes for methods (using class_body)
[2025-11-05T12:07:59.518Z] [2025-11-05T12:07:59.517Z] [TREESITTER-CHUNKER] [INFO]    Child type: comment at lines 14-16
[2025-11-05T12:07:59.518Z] [2025-11-05T12:07:59.517Z] [TREESITTER-CHUNKER] [INFO]    Child type: method_definition at lines 17-33
[2025-11-05T12:07:59.518Z] [2025-11-05T12:07:59.517Z] [TREESITTER-CHUNKER] [INFO]    🎯 Found method: unknown (17 lines, 586 chars)
[2025-11-05T12:07:59.518Z] [2025-11-05T12:07:59.517Z] [TREESITTER-CHUNKER] [INFO]    ✅ Added method chunk: unknown
[2025-11-05T12:07:59.518Z] [2025-11-05T12:07:59.517Z] [TREESITTER-CHUNKER] [INFO]    Child type: comment at lines 34-36
[2025-11-05T12:07:59.518Z] [2025-11-05T12:07:59.517Z] [TREESITTER-CHUNKER] [INFO]    Child type: method_definition at lines 37-66
[2025-11-05T12:07:59.518Z] [2025-11-05T12:07:59.517Z] [TREESITTER-CHUNKER] [INFO]    🎯 Found method: unknown (30 lines, 866 chars)
[2025-11-05T12:07:59.518Z] [2025-11-05T12:07:59.517Z] [TREESITTER-CHUNKER] [INFO]    ✅ Added method chunk: unknown
[2025-11-05T12:07:59.518Z] [2025-11-05T12:07:59.517Z] [TREESITTER-CHUNKER] [INFO]    Child type: comment at lines 68-70
[2025-11-05T12:07:59.518Z] [2025-11-05T12:07:59.517Z] [TREESITTER-CHUNKER] [INFO]    Child type: method_definition at lines 71-74
[2025-11-05T12:07:59.518Z] [2025-11-05T12:07:59.518Z] [TREESITTER-CHUNKER] [INFO]    🎯 Found method: unknown (4 lines, 189 chars)
[2025-11-05T12:07:59.518Z] [2025-11-05T12:07:59.518Z] [TREESITTER-CHUNKER] [INFO]    ✅ Added method chunk: unknown
[2025-11-05T12:07:59.518Z] [2025-11-05T12:07:59.518Z] [TREESITTER-CHUNKER] [INFO]    Child type: comment at lines 76-78
[2025-11-05T12:07:59.518Z] [2025-11-05T12:07:59.518Z] [TREESITTER-CHUNKER] [INFO]    Child type: method_definition at lines 79-100
[2025-11-05T12:07:59.518Z] [2025-11-05T12:07:59.518Z] [TREESITTER-CHUNKER] [INFO]    🎯 Found method: unknown (22 lines, 572 chars)
[2025-11-05T12:07:59.518Z] [2025-11-05T12:07:59.518Z] [TREESITTER-CHUNKER] [INFO]    ✅ Added method chunk: unknown
[2025-11-05T12:07:59.518Z] [2025-11-05T12:07:59.518Z] [TREESITTER-CHUNKER] [INFO]    Child type: comment at lines 102-104
[2025-11-05T12:07:59.518Z] [2025-11-05T12:07:59.518Z] [TREESITTER-CHUNKER] [INFO]    Child type: method_definition at lines 105-108
[2025-11-05T12:07:59.518Z] [2025-11-05T12:07:59.518Z] [TREESITTER-CHUNKER] [INFO]    🎯 Found method: unknown (4 lines, 200 chars)
[2025-11-05T12:07:59.518Z] [2025-11-05T12:07:59.518Z] [TREESITTER-CHUNKER] [INFO]    ✅ Added method chunk: unknown
[2025-11-05T12:07:59.518Z] [2025-11-05T12:07:59.518Z] [TREESITTER-CHUNKER] [INFO]    Child type: comment at lines 110-112
[2025-11-05T12:07:59.518Z] [2025-11-05T12:07:59.518Z] [TREESITTER-CHUNKER] [INFO]    Child type: method_definition at lines 113-116
[2025-11-05T12:07:59.518Z] [2025-11-05T12:07:59.518Z] [TREESITTER-CHUNKER] [INFO]    🎯 Found method: unknown (4 lines, 190 chars)
[2025-11-05T12:07:59.519Z] [2025-11-05T12:07:59.518Z] [TREESITTER-CHUNKER] [INFO]    ✅ Added method chunk: unknown
[2025-11-05T12:07:59.519Z] [2025-11-05T12:07:59.518Z] [TREESITTER-CHUNKER] [INFO]    Child type: comment at lines 118-120
[2025-11-05T12:07:59.519Z] [2025-11-05T12:07:59.518Z] [TREESITTER-CHUNKER] [INFO]    Child type: method_definition at lines 121-124
[2025-11-05T12:07:59.519Z] [2025-11-05T12:07:59.518Z] [TREESITTER-CHUNKER] [INFO]    🎯 Found method: unknown (4 lines, 220 chars)
[2025-11-05T12:07:59.519Z] [2025-11-05T12:07:59.518Z] [TREESITTER-CHUNKER] [INFO]    ✅ Added method chunk: unknown
[2025-11-05T12:07:59.519Z] [2025-11-05T12:07:59.518Z] [TREESITTER-CHUNKER] [INFO]    Child type: comment at lines 126-128
[2025-11-05T12:07:59.519Z] [2025-11-05T12:07:59.518Z] [TREESITTER-CHUNKER] [INFO]    Child type: method_definition at lines 129-136
[2025-11-05T12:07:59.519Z] [2025-11-05T12:07:59.518Z] [TREESITTER-CHUNKER] [INFO]    🎯 Found method: unknown (8 lines, 424 chars)
[2025-11-05T12:07:59.519Z] [2025-11-05T12:07:59.518Z] [TREESITTER-CHUNKER] [INFO]    ✅ Added method chunk: unknown
[2025-11-05T12:07:59.519Z] [2025-11-05T12:07:59.518Z] [TREESITTER-CHUNKER] [INFO]    Child type: comment at lines 138-140
[2025-11-05T12:07:59.519Z] [2025-11-05T12:07:59.518Z] [TREESITTER-CHUNKER] [INFO]    Child type: method_definition at lines 141-144
[2025-11-05T12:07:59.519Z] [2025-11-05T12:07:59.519Z] [TREESITTER-CHUNKER] [INFO]    🎯 Found method: unknown (4 lines, 199 chars)
[2025-11-05T12:07:59.519Z] [2025-11-05T12:07:59.519Z] [TREESITTER-CHUNKER] [INFO]    ✅ Added method chunk: unknown
[2025-11-05T12:07:59.519Z] [2025-11-05T12:07:59.519Z] [TREESITTER-CHUNKER] [INFO]    Child type: comment at lines 146-148
[2025-11-05T12:07:59.519Z] [2025-11-05T12:07:59.519Z] [TREESITTER-CHUNKER] [INFO]    Child type: method_definition at lines 149-152
[2025-11-05T12:07:59.519Z] [2025-11-05T12:07:59.519Z] [TREESITTER-CHUNKER] [INFO]    🎯 Found method: unknown (4 lines, 194 chars)
[2025-11-05T12:07:59.519Z] [2025-11-05T12:07:59.519Z] [TREESITTER-CHUNKER] [INFO]    ✅ Added method chunk: unknown
[2025-11-05T12:07:59.519Z] [2025-11-05T12:07:59.519Z] [TREESITTER-CHUNKER] [INFO]    Child type: comment at lines 154-156
[2025-11-05T12:07:59.519Z] [2025-11-05T12:07:59.519Z] [TREESITTER-CHUNKER] [INFO]    Child type: method_definition at lines 157-160
[2025-11-05T12:07:59.519Z] [2025-11-05T12:07:59.519Z] [TREESITTER-CHUNKER] [INFO]    🎯 Found method: unknown (4 lines, 190 chars)
[2025-11-05T12:07:59.519Z] [2025-11-05T12:07:59.519Z] [TREESITTER-CHUNKER] [INFO]    ✅ Added method chunk: unknown
[2025-11-05T12:07:59.519Z] [2025-11-05T12:07:59.519Z] [TREESITTER-CHUNKER] [INFO]    Child type: comment at lines 162-164
[2025-11-05T12:07:59.519Z] [2025-11-05T12:07:59.519Z] [TREESITTER-CHUNKER] [INFO]    Child type: method_definition at lines 165-184
[2025-11-05T12:07:59.519Z] [2025-11-05T12:07:59.519Z] [TREESITTER-CHUNKER] [INFO]    🎯 Found method: unknown (20 lines, 883 chars)
[2025-11-05T12:07:59.519Z] [2025-11-05T12:07:59.519Z] [TREESITTER-CHUNKER] [INFO]    ✅ Added method chunk: unknown
[2025-11-05T12:07:59.519Z] [2025-11-05T12:07:59.519Z] [TREESITTER-CHUNKER] [INFO]    Child type: comment at lines 186-188
[2025-11-05T12:07:59.519Z] [2025-11-05T12:07:59.519Z] [TREESITTER-CHUNKER] [INFO]    Child type: method_definition at lines 189-192
[2025-11-05T12:07:59.519Z] [2025-11-05T12:07:59.519Z] [TREESITTER-CHUNKER] [INFO]    🎯 Found method: unknown (4 lines, 230 chars)
[2025-11-05T12:07:59.519Z] [2025-11-05T12:07:59.519Z] [TREESITTER-CHUNKER] [INFO]    ✅ Added method chunk: unknown
[2025-11-05T12:07:59.520Z] [2025-11-05T12:07:59.519Z] [TREESITTER-CHUNKER] [INFO]    Child type: comment at lines 194-196
[2025-11-05T12:07:59.520Z] [2025-11-05T12:07:59.519Z] [TREESITTER-CHUNKER] [INFO]    Child type: method_definition at lines 197-200
[2025-11-05T12:07:59.520Z] [2025-11-05T12:07:59.519Z] [TREESITTER-CHUNKER] [INFO]    🎯 Found method: unknown (4 lines, 238 chars)
[2025-11-05T12:07:59.520Z] [2025-11-05T12:07:59.519Z] [TREESITTER-CHUNKER] [INFO]    ✅ Added method chunk: unknown
[2025-11-05T12:07:59.520Z] [2025-11-05T12:07:59.519Z] [TREESITTER-CHUNKER] [INFO]    Child type: comment at lines 202-204
[2025-11-05T12:07:59.520Z] [2025-11-05T12:07:59.519Z] [TREESITTER-CHUNKER] [INFO]    Child type: method_definition at lines 205-212
[2025-11-05T12:07:59.520Z] [2025-11-05T12:07:59.519Z] [TREESITTER-CHUNKER] [INFO]    🎯 Found method: unknown (8 lines, 338 chars)
[2025-11-05T12:07:59.520Z] [2025-11-05T12:07:59.519Z] [TREESITTER-CHUNKER] [INFO]    ✅ Added method chunk: unknown
[2025-11-05T12:07:59.520Z] [2025-11-05T12:07:59.519Z] [TREESITTER-CHUNKER] [INFO]    Child type: comment at lines 214-216
[2025-11-05T12:07:59.520Z] [2025-11-05T12:07:59.519Z] [TREESITTER-CHUNKER] [INFO]    Child type: method_definition at lines 217-219
[2025-11-05T12:07:59.520Z] [2025-11-05T12:07:59.519Z] [TREESITTER-CHUNKER] [INFO]    🎯 Found method: unknown (3 lines, 141 chars)
[2025-11-05T12:07:59.520Z] [2025-11-05T12:07:59.519Z] [TREESITTER-CHUNKER] [INFO]    ✅ Added method chunk: unknown
[2025-11-05T12:07:59.520Z] [2025-11-05T12:07:59.519Z] [TREESITTER-CHUNKER] [INFO]    Child type: comment at lines 221-223
[2025-11-05T12:07:59.520Z] [2025-11-05T12:07:59.519Z] [TREESITTER-CHUNKER] [INFO]    Child type: method_definition at lines 224-226
[2025-11-05T12:07:59.520Z] [2025-11-05T12:07:59.519Z] [TREESITTER-CHUNKER] [INFO]    🎯 Found method: unknown (3 lines, 141 chars)
[2025-11-05T12:07:59.520Z] [2025-11-05T12:07:59.519Z] [TREESITTER-CHUNKER] [INFO]    ✅ Added method chunk: unknown
[2025-11-05T12:07:59.520Z] [2025-11-05T12:07:59.519Z] [TREESITTER-CHUNKER] [INFO]    Child type: comment at lines 228-230
[2025-11-05T12:07:59.520Z] [2025-11-05T12:07:59.519Z] [TREESITTER-CHUNKER] [INFO]    Child type: method_definition at lines 231-233
[2025-11-05T12:07:59.520Z] [2025-11-05T12:07:59.519Z] [TREESITTER-CHUNKER] [INFO]    🎯 Found method: unknown (3 lines, 133 chars)
[2025-11-05T12:07:59.520Z] [2025-11-05T12:07:59.519Z] [TREESITTER-CHUNKER] [INFO]    ✅ Added method chunk: unknown
[2025-11-05T12:07:59.520Z] [2025-11-05T12:07:59.519Z] [TREESITTER-CHUNKER] [INFO]    Child type: comment at lines 235-237
[2025-11-05T12:07:59.520Z] [2025-11-05T12:07:59.519Z] [TREESITTER-CHUNKER] [INFO]    Child type: method_definition at lines 238-240
[2025-11-05T12:07:59.520Z] [2025-11-05T12:07:59.519Z] [TREESITTER-CHUNKER] [INFO]    🎯 Found method: unknown (3 lines, 128 chars)
[2025-11-05T12:07:59.520Z] [2025-11-05T12:07:59.519Z] [TREESITTER-CHUNKER] [INFO]    ✅ Added method chunk: unknown
[2025-11-05T12:07:59.520Z] [2025-11-05T12:07:59.519Z] [TREESITTER-CHUNKER] [INFO]    Child type: comment at lines 242-244
[2025-11-05T12:07:59.520Z] [2025-11-05T12:07:59.519Z] [TREESITTER-CHUNKER] [INFO]    Child type: method_definition at lines 245-247
[2025-11-05T12:07:59.520Z] [2025-11-05T12:07:59.519Z] [TREESITTER-CHUNKER] [INFO]    🎯 Found method: unknown (3 lines, 120 chars)
[2025-11-05T12:07:59.520Z] [2025-11-05T12:07:59.519Z] [TREESITTER-CHUNKER] [INFO]    ✅ Added method chunk: unknown
[2025-11-05T12:07:59.520Z] [2025-11-05T12:07:59.519Z] [TREESITTER-CHUNKER] [INFO]    Child type: comment at lines 249-251
[2025-11-05T12:07:59.520Z] [2025-11-05T12:07:59.519Z] [TREESITTER-CHUNKER] [INFO]    Child type: method_definition at lines 252-257
[2025-11-05T12:07:59.520Z] [2025-11-05T12:07:59.519Z] [TREESITTER-CHUNKER] [INFO]    🎯 Found method: unknown (6 lines, 143 chars)
[2025-11-05T12:07:59.520Z] [2025-11-05T12:07:59.519Z] [TREESITTER-CHUNKER] [INFO]    ✅ Added method chunk: unknown
[2025-11-05T12:07:59.520Z] [2025-11-05T12:07:59.519Z] [TREESITTER-CHUNKER] [INFO]    Child type: comment at lines 259-261
[2025-11-05T12:07:59.520Z] [2025-11-05T12:07:59.520Z] [TREESITTER-CHUNKER] [INFO]    Child type: method_definition at lines 262-314
[2025-11-05T12:07:59.520Z] [2025-11-05T12:07:59.520Z] [TREESITTER-CHUNKER] [INFO]    🎯 Found method: unknown (53 lines, 1609 chars)
[2025-11-05T12:07:59.520Z] [2025-11-05T12:07:59.520Z] [TREESITTER-CHUNKER] [INFO]    ✅ Added method chunk: unknown
[2025-11-05T12:08:00.153Z] [2025-11-05T12:07:59.520Z] [TREESITTER-CHUNKER] [INFO] 🏁 Extracted 22 methods from large class
[2025-11-05T12:08:00.153Z] [2025-11-05T12:07:59.529Z] [TREESITTER-CHUNKER] [INFO] Created 9 semantic chunks from C:\Users\RakaThinkpad\Documents\Project\educatedplanet\dataservice\src\services\tutor.service.ts
[2025-11-05T12:08:00.153Z] [2025-11-05T12:07:59.572Z] [TREESITTER-FULL] [INFO] Extracted 2 symbols from C:\Users\RakaThinkpad\Documents\Project\educatedplanet\dataservice\src\services\tutor.service.ts
[2025-11-05T12:08:00.153Z] [2025-11-05T12:07:59.572Z] [INDEXING-ORCHESTRATOR] [DEBUG] 🔍 Symbol extraction for C:\Users\RakaThinkpad\Documents\Project\educatedplanet\dataservice\src\services\tutor.service.ts: 2 symbols, 3 imports
[2025-11-05T12:08:00.153Z] [2025-11-05T12:07:59.572Z] [INDEXING-ORCHESTRATOR] [DEBUG] 📍 Chunk 13-33: 0 candidate symbols
[2025-11-05T12:08:00.153Z] [2025-11-05T12:07:59.572Z] [INDEXING-ORCHESTRATOR] [DEBUG] ✅ Chunk symbols after filtering: 0 symbols - 
[2025-11-05T12:08:00.153Z] [2025-11-05T12:07:59.572Z] [INDEXING-ORCHESTRATOR] [DEBUG] 📍 Chunk 37-74: 0 candidate symbols
[2025-11-05T12:08:00.153Z] [2025-11-05T12:07:59.572Z] [INDEXING-ORCHESTRATOR] [DEBUG] ✅ Chunk symbols after filtering: 0 symbols - 
[2025-11-05T12:08:00.153Z] [2025-11-05T12:07:59.572Z] [INDEXING-ORCHESTRATOR] [DEBUG] 📍 Chunk 79-124: 0 candidate symbols
[2025-11-05T12:08:00.153Z] [2025-11-05T12:07:59.572Z] [INDEXING-ORCHESTRATOR] [DEBUG] ✅ Chunk symbols after filtering: 0 symbols - 
[2025-11-05T12:08:00.153Z] [2025-11-05T12:07:59.572Z] [INDEXING-ORCHESTRATOR] [DEBUG] 📍 Chunk 129-160: 0 candidate symbols
[2025-11-05T12:08:00.153Z] [2025-11-05T12:07:59.572Z] [INDEXING-ORCHESTRATOR] [DEBUG] ✅ Chunk symbols after filtering: 0 symbols - 
[2025-11-05T12:08:00.153Z] [2025-11-05T12:07:59.572Z] [INDEXING-ORCHESTRATOR] [DEBUG] 📍 Chunk 165-200: 0 candidate symbols
[2025-11-05T12:08:00.153Z] [2025-11-05T12:07:59.572Z] [INDEXING-ORCHESTRATOR] [DEBUG] ✅ Chunk symbols after filtering: 0 symbols - 
[2025-11-05T12:08:00.153Z] [2025-11-05T12:07:59.572Z] [INDEXING-ORCHESTRATOR] [DEBUG] 📍 Chunk 205-247: 0 candidate symbols
[2025-11-05T12:08:00.153Z] [2025-11-05T12:07:59.572Z] [INDEXING-ORCHESTRATOR] [DEBUG] ✅ Chunk symbols after filtering: 0 symbols - 
[2025-11-05T12:08:00.153Z] [2025-11-05T12:07:59.572Z] [INDEXING-ORCHESTRATOR] [DEBUG] 📍 Chunk 252-257: 0 candidate symbols
[2025-11-05T12:08:00.153Z] [2025-11-05T12:07:59.572Z] [INDEXING-ORCHESTRATOR] [DEBUG] ✅ Chunk symbols after filtering: 0 symbols - 
[2025-11-05T12:08:00.153Z] [2025-11-05T12:07:59.572Z] [INDEXING-ORCHESTRATOR] [DEBUG] 📍 Chunk 262-314: 0 candidate symbols
[2025-11-05T12:08:00.153Z] [2025-11-05T12:07:59.572Z] [INDEXING-ORCHESTRATOR] [DEBUG] ✅ Chunk symbols after filtering: 0 symbols - 
[2025-11-05T12:08:00.153Z] [2025-11-05T12:07:59.572Z] [INDEXING-ORCHESTRATOR] [DEBUG] 📍 Chunk 315-318: 1 candidate symbols
[2025-11-05T12:08:00.153Z] [2025-11-05T12:07:59.572Z] [INDEXING-ORCHESTRATOR] [DEBUG] ✅ Chunk symbols after filtering: 1 symbols - tutorService
[2025-11-05T12:08:00.153Z] [2025-11-05T12:07:59.572Z] [INDEXING-ORCHESTRATOR] [DEBUG] Created 9 semantic chunks for C:\Users\RakaThinkpad\Documents\Project\educatedplanet\dataservice\src\services\tutor.service.ts
[2025-11-05T12:08:00.153Z] [2025-11-05T12:07:59.572Z] [INDEXING-ORCHESTRATOR] [DEBUG] Average chunk size: 977 characters
[2025-11-05T12:08:00.153Z] [2025-11-05T12:07:59.573Z] [TREESITTER-CHUNKER] [INFO] 🔍 Found class: unknown (156 lines)
[2025-11-05T12:08:00.153Z] [2025-11-05T12:07:59.573Z] [TREESITTER-CHUNKER] [INFO] 📤 Splitting large class: unknown (156 lines > 150)
[2025-11-05T12:08:00.153Z] [2025-11-05T12:07:59.573Z] [TREESITTER-CHUNKER] [INFO] 🔧 Extracting methods from large class with 2 children
[2025-11-05T12:08:00.153Z] [2025-11-05T12:07:59.573Z] [TREESITTER-CHUNKER] [INFO] 🔍 Checking 17 nodes for methods (using class_body)
[2025-11-05T12:08:00.153Z] [2025-11-05T12:07:59.573Z] [TREESITTER-CHUNKER] [INFO]    Child type: public_field_definition at lines 13-13
[2025-11-05T12:08:00.153Z] [2025-11-05T12:07:59.573Z] [TREESITTER-CHUNKER] [INFO]    Child type: public_field_definition at lines 14-14
[2025-11-05T12:08:00.153Z] [2025-11-05T12:07:59.573Z] [TREESITTER-CHUNKER] [INFO]    Child type: method_definition at lines 16-16
[2025-11-05T12:08:00.153Z] [2025-11-05T12:07:59.573Z] [TREESITTER-CHUNKER] [INFO]    🎯 Found method: unknown (1 lines, 24 chars)
[2025-11-05T12:08:00.153Z] [2025-11-05T12:07:59.573Z] [TREESITTER-CHUNKER] [INFO]    ❌ Method too small: unknown (24 < 30)
[2025-11-05T12:08:00.153Z] [2025-11-05T12:07:59.573Z] [TREESITTER-CHUNKER] [INFO]    Child type: comment at lines 18-20
[2025-11-05T12:08:00.153Z] [2025-11-05T12:07:59.573Z] [TREESITTER-CHUNKER] [INFO]    Child type: method_definition at lines 21-26
[2025-11-05T12:08:00.153Z] [2025-11-05T12:07:59.573Z] [TREESITTER-CHUNKER] [INFO]    🎯 Found method: unknown (6 lines, 186 chars)
[2025-11-05T12:08:00.153Z] [2025-11-05T12:07:59.573Z] [TREESITTER-CHUNKER] [INFO]    ✅ Added method chunk: unknown
[2025-11-05T12:08:00.153Z] [2025-11-05T12:07:59.573Z] [TREESITTER-CHUNKER] [INFO]    Child type: comment at lines 28-30
[2025-11-05T12:08:00.153Z] [2025-11-05T12:07:59.573Z] [TREESITTER-CHUNKER] [INFO]    Child type: method_definition at lines 31-67
[2025-11-05T12:08:00.153Z] [2025-11-05T12:07:59.573Z] [TREESITTER-CHUNKER] [INFO]    🎯 Found method: unknown (37 lines, 996 chars)
[2025-11-05T12:08:00.153Z] [2025-11-05T12:07:59.573Z] [TREESITTER-CHUNKER] [INFO]    ✅ Added method chunk: unknown
[2025-11-05T12:08:00.153Z] [2025-11-05T12:07:59.573Z] [TREESITTER-CHUNKER] [INFO]    Child type: comment at lines 69-71
[2025-11-05T12:08:00.153Z] [2025-11-05T12:07:59.573Z] [TREESITTER-CHUNKER] [INFO]    Child type: method_definition at lines 72-85
[2025-11-05T12:08:00.153Z] [2025-11-05T12:07:59.573Z] [TREESITTER-CHUNKER] [INFO]    🎯 Found method: unknown (14 lines, 336 chars)
[2025-11-05T12:08:00.153Z] [2025-11-05T12:07:59.573Z] [TREESITTER-CHUNKER] [INFO]    ✅ Added method chunk: unknown
[2025-11-05T12:08:00.153Z] [2025-11-05T12:07:59.573Z] [TREESITTER-CHUNKER] [INFO]    Child type: comment at lines 87-89
[2025-11-05T12:08:00.153Z] [2025-11-05T12:07:59.573Z] [TREESITTER-CHUNKER] [INFO]    Child type: method_definition at lines 90-92
[2025-11-05T12:08:00.153Z] [2025-11-05T12:07:59.573Z] [TREESITTER-CHUNKER] [INFO]    🎯 Found method: unknown (3 lines, 111 chars)
[2025-11-05T12:08:00.153Z] [2025-11-05T12:07:59.574Z] [TREESITTER-CHUNKER] [INFO]    ✅ Added method chunk: unknown
[2025-11-05T12:08:00.153Z] [2025-11-05T12:07:59.574Z] [TREESITTER-CHUNKER] [INFO]    Child type: comment at lines 94-96
[2025-11-05T12:08:00.153Z] [2025-11-05T12:07:59.574Z] [TREESITTER-CHUNKER] [INFO]    Child type: method_definition at lines 97-105
[2025-11-05T12:08:00.153Z] [2025-11-05T12:07:59.574Z] [TREESITTER-CHUNKER] [INFO]    🎯 Found method: unknown (9 lines, 252 chars)
[2025-11-05T12:08:00.153Z] [2025-11-05T12:07:59.574Z] [TREESITTER-CHUNKER] [INFO]    ✅ Added method chunk: unknown
[2025-11-05T12:08:00.153Z] [2025-11-05T12:07:59.574Z] [TREESITTER-CHUNKER] [INFO]    Child type: comment at lines 107-109
[2025-11-05T12:08:00.153Z] [2025-11-05T12:07:59.574Z] [TREESITTER-CHUNKER] [INFO]    Child type: method_definition at lines 110-134
[2025-11-05T12:08:00.153Z] [2025-11-05T12:07:59.574Z] [TREESITTER-CHUNKER] [INFO]    🎯 Found method: unknown (25 lines, 657 chars)
[2025-11-05T12:08:00.153Z] [2025-11-05T12:07:59.574Z] [TREESITTER-CHUNKER] [INFO]    ✅ Added method chunk: unknown
[2025-11-05T12:08:00.153Z] [2025-11-05T12:07:59.574Z] [TREESITTER-CHUNKER] [INFO]    Child type: comment at lines 136-138
[2025-11-05T12:08:00.153Z] [2025-11-05T12:07:59.574Z] [TREESITTER-CHUNKER] [INFO]    Child type: method_definition at lines 139-166
[2025-11-05T12:08:00.153Z] [2025-11-05T12:07:59.574Z] [TREESITTER-CHUNKER] [INFO]    🎯 Found method: unknown (28 lines, 699 chars)
[2025-11-05T12:08:00.153Z] [2025-11-05T12:07:59.574Z] [TREESITTER-CHUNKER] [INFO]    ✅ Added method chunk: unknown
[2025-11-05T12:08:00.153Z] [2025-11-05T12:07:59.574Z] [TREESITTER-CHUNKER] [INFO] 🏁 Extracted 7 methods from large class
[2025-11-05T12:08:00.153Z] [2025-11-05T12:07:59.577Z] [TREESITTER-CHUNKER] [INFO] Created 5 semantic chunks from C:\Users\RakaThinkpad\Documents\Project\educatedplanet\dataservice\src\services\database.service.ts
[2025-11-05T12:08:00.153Z] [2025-11-05T12:07:59.592Z] [TREESITTER-FULL] [INFO] Extracted 3 symbols from C:\Users\RakaThinkpad\Documents\Project\educatedplanet\dataservice\src\services\database.service.ts
[2025-11-05T12:08:00.153Z] [2025-11-05T12:07:59.592Z] [INDEXING-ORCHESTRATOR] [DEBUG] 🔍 Symbol extraction for C:\Users\RakaThinkpad\Documents\Project\educatedplanet\dataservice\src\services\database.service.ts: 3 symbols, 1 imports
[2025-11-05T12:08:00.153Z] [2025-11-05T12:07:59.593Z] [INDEXING-ORCHESTRATOR] [DEBUG] 📍 Chunk 3-7: 1 candidate symbols
[2025-11-05T12:08:00.153Z] [2025-11-05T12:07:59.593Z] [INDEXING-ORCHESTRATOR] [DEBUG] ✅ Chunk symbols after filtering: 1 symbols - DatabaseConfig
[2025-11-05T12:08:00.153Z] [2025-11-05T12:07:59.593Z] [INDEXING-ORCHESTRATOR] [DEBUG] 📍 Chunk 12-67: 0 candidate symbols
[2025-11-05T12:08:00.153Z] [2025-11-05T12:07:59.593Z] [INDEXING-ORCHESTRATOR] [DEBUG] ✅ Chunk symbols after filtering: 0 symbols - 
[2025-11-05T12:08:00.153Z] [2025-11-05T12:07:59.593Z] [INDEXING-ORCHESTRATOR] [DEBUG] 📍 Chunk 72-105: 0 candidate symbols
[2025-11-05T12:08:00.153Z] [2025-11-05T12:07:59.593Z] [INDEXING-ORCHESTRATOR] [DEBUG] ✅ Chunk symbols after filtering: 0 symbols - 
[2025-11-05T12:08:00.153Z] [2025-11-05T12:07:59.593Z] [INDEXING-ORCHESTRATOR] [DEBUG] 📍 Chunk 110-166: 0 candidate symbols
[2025-11-05T12:08:00.153Z] [2025-11-05T12:07:59.593Z] [INDEXING-ORCHESTRATOR] [DEBUG] ✅ Chunk symbols after filtering: 0 symbols - 
[2025-11-05T12:08:00.153Z] [2025-11-05T12:07:59.593Z] [INDEXING-ORCHESTRATOR] [DEBUG] 📍 Chunk 167-170: 1 candidate symbols
[2025-11-05T12:08:00.153Z] [2025-11-05T12:07:59.593Z] [INDEXING-ORCHESTRATOR] [DEBUG] ✅ Chunk symbols after filtering: 1 symbols - databaseService
[2025-11-05T12:08:00.153Z] [2025-11-05T12:07:59.593Z] [INDEXING-ORCHESTRATOR] [DEBUG] Created 5 semantic chunks for C:\Users\RakaThinkpad\Documents\Project\educatedplanet\dataservice\src\services\database.service.ts
[2025-11-05T12:08:00.153Z] [2025-11-05T12:07:59.593Z] [INDEXING-ORCHESTRATOR] [DEBUG] Average chunk size: 769 characters
[2025-11-05T12:08:00.153Z] [2025-11-05T12:07:59.595Z] [TREESITTER-CHUNKER] [INFO] 🔍 Found class: unknown (305 lines)
[2025-11-05T12:08:00.153Z] [2025-11-05T12:07:59.595Z] [TREESITTER-CHUNKER] [INFO] 📤 Splitting large class: unknown (305 lines > 150)
[2025-11-05T12:08:00.153Z] [2025-11-05T12:07:59.595Z] [TREESITTER-CHUNKER] [INFO] 🔧 Extracting methods from large class with 2 children
[2025-11-05T12:08:00.153Z] [2025-11-05T12:07:59.595Z] [TREESITTER-CHUNKER] [INFO] 🔍 Checking 44 nodes for methods (using class_body)
[2025-11-05T12:08:00.153Z] [2025-11-05T12:07:59.595Z] [TREESITTER-CHUNKER] [INFO]    Child type: comment at lines 14-16
[2025-11-05T12:08:00.153Z] [2025-11-05T12:07:59.595Z] [TREESITTER-CHUNKER] [INFO]    Child type: method_definition at lines 17-29
[2025-11-05T12:08:00.153Z] [2025-11-05T12:07:59.595Z] [TREESITTER-CHUNKER] [INFO]    🎯 Found method: unknown (13 lines, 440 chars)
[2025-11-05T12:08:00.153Z] [2025-11-05T12:07:59.595Z] [TREESITTER-CHUNKER] [INFO]    ✅ Added method chunk: unknown
[2025-11-05T12:08:00.153Z] [2025-11-05T12:07:59.595Z] [TREESITTER-CHUNKER] [INFO]    Child type: comment at lines 30-32
[2025-11-05T12:08:00.153Z] [2025-11-05T12:07:59.595Z] [TREESITTER-CHUNKER] [INFO]    Child type: method_definition at lines 33-61
[2025-11-05T12:08:00.153Z] [2025-11-05T12:07:59.595Z] [TREESITTER-CHUNKER] [INFO]    🎯 Found method: unknown (29 lines, 914 chars)
[2025-11-05T12:08:00.153Z] [2025-11-05T12:07:59.595Z] [TREESITTER-CHUNKER] [INFO]    ✅ Added method chunk: unknown
[2025-11-05T12:08:00.153Z] [2025-11-05T12:07:59.595Z] [TREESITTER-CHUNKER] [INFO]    Child type: comment at lines 63-65
[2025-11-05T12:08:00.153Z] [2025-11-05T12:07:59.595Z] [TREESITTER-CHUNKER] [INFO]    Child type: method_definition at lines 66-69
[2025-11-05T12:08:00.153Z] [2025-11-05T12:07:59.595Z] [TREESITTER-CHUNKER] [INFO]    🎯 Found method: unknown (4 lines, 196 chars)
[2025-11-05T12:08:00.153Z] [2025-11-05T12:07:59.596Z] [TREESITTER-CHUNKER] [INFO]    ✅ Added method chunk: unknown
[2025-11-05T12:08:00.153Z] [2025-11-05T12:07:59.596Z] [TREESITTER-CHUNKER] [INFO]    Child type: comment at lines 71-73
[2025-11-05T12:08:00.153Z] [2025-11-05T12:07:59.596Z] [TREESITTER-CHUNKER] [INFO]    Child type: method_definition at lines 74-85
[2025-11-05T12:08:00.153Z] [2025-11-05T12:07:59.596Z] [TREESITTER-CHUNKER] [INFO]    🎯 Found method: unknown (12 lines, 349 chars)
[2025-11-05T12:08:00.153Z] [2025-11-05T12:07:59.596Z] [TREESITTER-CHUNKER] [INFO]    ✅ Added method chunk: unknown
[2025-11-05T12:08:00.153Z] [2025-11-05T12:07:59.596Z] [TREESITTER-CHUNKER] [INFO]    Child type: comment at lines 87-89
[2025-11-05T12:08:00.153Z] [2025-11-05T12:07:59.596Z] [TREESITTER-CHUNKER] [INFO]    Child type: method_definition at lines 90-96
[2025-11-05T12:08:00.153Z] [2025-11-05T12:07:59.596Z] [TREESITTER-CHUNKER] [INFO]    🎯 Found method: unknown (7 lines, 206 chars)
[2025-11-05T12:08:00.153Z] [2025-11-05T12:07:59.596Z] [TREESITTER-CHUNKER] [INFO]    ✅ Added method chunk: unknown
[2025-11-05T12:08:00.153Z] [2025-11-05T12:07:59.596Z] [TREESITTER-CHUNKER] [INFO]    Child type: comment at lines 98-100
[2025-11-05T12:08:00.153Z] [2025-11-05T12:07:59.596Z] [TREESITTER-CHUNKER] [INFO]    Child type: method_definition at lines 101-104
[2025-11-05T12:08:00.153Z] [2025-11-05T12:07:59.596Z] [TREESITTER-CHUNKER] [INFO]    🎯 Found method: unknown (4 lines, 207 chars)
[2025-11-05T12:08:00.153Z] [2025-11-05T12:07:59.596Z] [TREESITTER-CHUNKER] [INFO]    ✅ Added method chunk: unknown
[2025-11-05T12:08:00.153Z] [2025-11-05T12:07:59.596Z] [TREESITTER-CHUNKER] [INFO]    Child type: comment at lines 106-108
[2025-11-05T12:08:00.153Z] [2025-11-05T12:07:59.596Z] [TREESITTER-CHUNKER] [INFO]    Child type: method_definition at lines 109-116
[2025-11-05T12:08:00.153Z] [2025-11-05T12:07:59.596Z] [TREESITTER-CHUNKER] [INFO]    🎯 Found method: unknown (8 lines, 344 chars)
[2025-11-05T12:08:00.153Z] [2025-11-05T12:07:59.596Z] [TREESITTER-CHUNKER] [INFO]    ✅ Added method chunk: unknown
[2025-11-05T12:08:00.153Z] [2025-11-05T12:07:59.596Z] [TREESITTER-CHUNKER] [INFO]    Child type: comment at lines 118-120
[2025-11-05T12:08:00.153Z] [2025-11-05T12:07:59.596Z] [TREESITTER-CHUNKER] [INFO]    Child type: method_definition at lines 121-141
[2025-11-05T12:08:00.153Z] [2025-11-05T12:07:59.596Z] [TREESITTER-CHUNKER] [INFO]    🎯 Found method: unknown (21 lines, 687 chars)
[2025-11-05T12:08:00.153Z] [2025-11-05T12:07:59.596Z] [TREESITTER-CHUNKER] [INFO]    ✅ Added method chunk: unknown
[2025-11-05T12:08:00.153Z] [2025-11-05T12:07:59.596Z] [TREESITTER-CHUNKER] [INFO]    Child type: comment at lines 143-145
[2025-11-05T12:08:00.153Z] [2025-11-05T12:07:59.596Z] [TREESITTER-CHUNKER] [INFO]    Child type: method_definition at lines 146-158
[2025-11-05T12:08:00.153Z] [2025-11-05T12:07:59.596Z] [TREESITTER-CHUNKER] [INFO]    🎯 Found method: unknown (13 lines, 558 chars)
[2025-11-05T12:08:00.153Z] [2025-11-05T12:07:59.596Z] [TREESITTER-CHUNKER] [INFO]    ✅ Added method chunk: unknown
[2025-11-05T12:08:00.153Z] [2025-11-05T12:07:59.596Z] [TREESITTER-CHUNKER] [INFO]    Child type: comment at lines 160-162
[2025-11-05T12:08:00.153Z] [2025-11-05T12:07:59.596Z] [TREESITTER-CHUNKER] [INFO]    Child type: method_definition at lines 163-166
[2025-11-05T12:08:00.153Z] [2025-11-05T12:07:59.596Z] [TREESITTER-CHUNKER] [INFO]    🎯 Found method: unknown (4 lines, 238 chars)
[2025-11-05T12:08:00.153Z] [2025-11-05T12:07:59.596Z] [TREESITTER-CHUNKER] [INFO]    ✅ Added method chunk: unknown
[2025-11-05T12:08:00.153Z] [2025-11-05T12:07:59.596Z] [TREESITTER-CHUNKER] [INFO]    Child type: comment at lines 168-170
[2025-11-05T12:08:00.153Z] [2025-11-05T12:07:59.596Z] [TREESITTER-CHUNKER] [INFO]    Child type: method_definition at lines 171-174
[2025-11-05T12:08:00.153Z] [2025-11-05T12:07:59.596Z] [TREESITTER-CHUNKER] [INFO]    🎯 Found method: unknown (4 lines, 259 chars)
[2025-11-05T12:08:00.153Z] [2025-11-05T12:07:59.596Z] [TREESITTER-CHUNKER] [INFO]    ✅ Added method chunk: unknown
[2025-11-05T12:08:00.153Z] [2025-11-05T12:07:59.596Z] [TREESITTER-CHUNKER] [INFO]    Child type: comment at lines 176-178
[2025-11-05T12:08:00.153Z] [2025-11-05T12:07:59.596Z] [TREESITTER-CHUNKER] [INFO]    Child type: method_definition at lines 179-181
[2025-11-05T12:08:00.153Z] [2025-11-05T12:07:59.596Z] [TREESITTER-CHUNKER] [INFO]    🎯 Found method: unknown (3 lines, 121 chars)
[2025-11-05T12:08:00.153Z] [2025-11-05T12:07:59.596Z] [TREESITTER-CHUNKER] [INFO]    ✅ Added method chunk: unknown
[2025-11-05T12:08:00.153Z] [2025-11-05T12:07:59.596Z] [TREESITTER-CHUNKER] [INFO]    Child type: comment at lines 183-185
[2025-11-05T12:08:00.153Z] [2025-11-05T12:07:59.596Z] [TREESITTER-CHUNKER] [INFO]    Child type: method_definition at lines 186-188
[2025-11-05T12:08:00.153Z] [2025-11-05T12:07:59.596Z] [TREESITTER-CHUNKER] [INFO]    🎯 Found method: unknown (3 lines, 125 chars)
[2025-11-05T12:08:00.153Z] [2025-11-05T12:07:59.596Z] [TREESITTER-CHUNKER] [INFO]    ✅ Added method chunk: unknown
[2025-11-05T12:08:00.153Z] [2025-11-05T12:07:59.596Z] [TREESITTER-CHUNKER] [INFO]    Child type: comment at lines 190-192
[2025-11-05T12:08:00.153Z] [2025-11-05T12:07:59.596Z] [TREESITTER-CHUNKER] [INFO]    Child type: method_definition at lines 193-195
[2025-11-05T12:08:00.153Z] [2025-11-05T12:07:59.596Z] [TREESITTER-CHUNKER] [INFO]    🎯 Found method: unknown (3 lines, 129 chars)
[2025-11-05T12:08:00.153Z] [2025-11-05T12:07:59.596Z] [TREESITTER-CHUNKER] [INFO]    ✅ Added method chunk: unknown
[2025-11-05T12:08:00.153Z] [2025-11-05T12:07:59.596Z] [TREESITTER-CHUNKER] [INFO]    Child type: comment at lines 197-199
[2025-11-05T12:08:00.153Z] [2025-11-05T12:07:59.596Z] [TREESITTER-CHUNKER] [INFO]    Child type: method_definition at lines 200-213
[2025-11-05T12:08:00.153Z] [2025-11-05T12:07:59.596Z] [TREESITTER-CHUNKER] [INFO]    🎯 Found method: unknown (14 lines, 455 chars)
[2025-11-05T12:08:00.153Z] [2025-11-05T12:07:59.596Z] [TREESITTER-CHUNKER] [INFO]    ✅ Added method chunk: unknown
[2025-11-05T12:08:00.153Z] [2025-11-05T12:07:59.596Z] [TREESITTER-CHUNKER] [INFO]    Child type: comment at lines 215-217
[2025-11-05T12:08:00.153Z] [2025-11-05T12:07:59.596Z] [TREESITTER-CHUNKER] [INFO]    Child type: method_definition at lines 218-225
[2025-11-05T12:08:00.153Z] [2025-11-05T12:07:59.596Z] [TREESITTER-CHUNKER] [INFO]    🎯 Found method: unknown (8 lines, 216 chars)
[2025-11-05T12:08:00.153Z] [2025-11-05T12:07:59.596Z] [TREESITTER-CHUNKER] [INFO]    ✅ Added method chunk: unknown
[2025-11-05T12:08:00.153Z] [2025-11-05T12:07:59.596Z] [TREESITTER-CHUNKER] [INFO]    Child type: comment at lines 227-229
[2025-11-05T12:08:00.153Z] [2025-11-05T12:07:59.597Z] [TREESITTER-CHUNKER] [INFO]    Child type: method_definition at lines 230-235
[2025-11-05T12:08:00.153Z] [2025-11-05T12:07:59.597Z] [TREESITTER-CHUNKER] [INFO]    🎯 Found method: unknown (6 lines, 169 chars)
[2025-11-05T12:08:00.153Z] [2025-11-05T12:07:59.597Z] [TREESITTER-CHUNKER] [INFO]    ✅ Added method chunk: unknown
[2025-11-05T12:08:00.153Z] [2025-11-05T12:07:59.597Z] [TREESITTER-CHUNKER] [INFO]    Child type: comment at lines 237-239
[2025-11-05T12:08:00.153Z] [2025-11-05T12:07:59.597Z] [TREESITTER-CHUNKER] [INFO]    Child type: method_definition at lines 240-246
[2025-11-05T12:08:00.153Z] [2025-11-05T12:07:59.597Z] [TREESITTER-CHUNKER] [INFO]    🎯 Found method: unknown (7 lines, 248 chars)
[2025-11-05T12:08:00.153Z] [2025-11-05T12:07:59.597Z] [TREESITTER-CHUNKER] [INFO]    ✅ Added method chunk: unknown
[2025-11-05T12:08:00.153Z] [2025-11-05T12:07:59.597Z] [TREESITTER-CHUNKER] [INFO]    Child type: comment at lines 248-250
[2025-11-05T12:08:00.153Z] [2025-11-05T12:07:59.597Z] [TREESITTER-CHUNKER] [INFO]    Child type: method_definition at lines 251-268
[2025-11-05T12:08:00.153Z] [2025-11-05T12:07:59.597Z] [TREESITTER-CHUNKER] [INFO]    🎯 Found method: unknown (18 lines, 490 chars)
[2025-11-05T12:08:00.153Z] [2025-11-05T12:07:59.597Z] [TREESITTER-CHUNKER] [INFO]    ✅ Added method chunk: unknown
[2025-11-05T12:08:00.153Z] [2025-11-05T12:07:59.597Z] [TREESITTER-CHUNKER] [INFO]    Child type: comment at lines 270-272
[2025-11-05T12:08:00.153Z] [2025-11-05T12:07:59.597Z] [TREESITTER-CHUNKER] [INFO]    Child type: method_definition at lines 273-275
[2025-11-05T12:08:00.153Z] [2025-11-05T12:07:59.597Z] [TREESITTER-CHUNKER] [INFO]    🎯 Found method: unknown (3 lines, 129 chars)
[2025-11-05T12:08:00.153Z] [2025-11-05T12:07:59.597Z] [TREESITTER-CHUNKER] [INFO]    ✅ Added method chunk: unknown
[2025-11-05T12:08:00.153Z] [2025-11-05T12:07:59.597Z] [TREESITTER-CHUNKER] [INFO]    Child type: comment at lines 277-279
[2025-11-05T12:08:00.153Z] [2025-11-05T12:07:59.597Z] [TREESITTER-CHUNKER] [INFO]    Child type: method_definition at lines 280-283
[2025-11-05T12:08:00.153Z] [2025-11-05T12:07:59.597Z] [TREESITTER-CHUNKER] [INFO]    🎯 Found method: unknown (4 lines, 199 chars)
[2025-11-05T12:08:00.153Z] [2025-11-05T12:07:59.597Z] [TREESITTER-CHUNKER] [INFO]    ✅ Added method chunk: unknown
[2025-11-05T12:08:00.153Z] [2025-11-05T12:07:59.597Z] [TREESITTER-CHUNKER] [INFO]    Child type: comment at lines 285-287
[2025-11-05T12:08:00.153Z] [2025-11-05T12:07:59.597Z] [TREESITTER-CHUNKER] [INFO]    Child type: method_definition at lines 288-316
[2025-11-05T12:08:00.153Z] [2025-11-05T12:07:59.597Z] [TREESITTER-CHUNKER] [INFO]    🎯 Found method: unknown (29 lines, 965 chars)
[2025-11-05T12:08:00.153Z] [2025-11-05T12:07:59.597Z] [TREESITTER-CHUNKER] [INFO]    ✅ Added method chunk: unknown
[2025-11-05T12:08:00.153Z] [2025-11-05T12:07:59.597Z] [TREESITTER-CHUNKER] [INFO] 🏁 Extracted 22 methods from large class
[2025-11-05T12:08:00.153Z] [2025-11-05T12:07:59.604Z] [TREESITTER-CHUNKER] [INFO] Created 8 semantic chunks from C:\Users\RakaThinkpad\Documents\Project\educatedplanet\dataservice\src\services\review.service.ts
[2025-11-05T12:08:00.153Z] [2025-11-05T12:07:59.648Z] [TREESITTER-FULL] [INFO] Extracted 2 symbols from C:\Users\RakaThinkpad\Documents\Project\educatedplanet\dataservice\src\services\review.service.ts
[2025-11-05T12:08:00.153Z] [2025-11-05T12:07:59.648Z] [INDEXING-ORCHESTRATOR] [DEBUG] 🔍 Symbol extraction for C:\Users\RakaThinkpad\Documents\Project\educatedplanet\dataservice\src\services\review.service.ts: 2 symbols, 3 imports
[2025-11-05T12:08:00.153Z] [2025-11-05T12:07:59.648Z] [INDEXING-ORCHESTRATOR] [DEBUG] 📍 Chunk 13-61: 0 candidate symbols
[2025-11-05T12:08:00.153Z] [2025-11-05T12:07:59.648Z] [INDEXING-ORCHESTRATOR] [DEBUG] ✅ Chunk symbols after filtering: 0 symbols - 
[2025-11-05T12:08:00.153Z] [2025-11-05T12:07:59.648Z] [INDEXING-ORCHESTRATOR] [DEBUG] 📍 Chunk 66-104: 0 candidate symbols
[2025-11-05T12:08:00.153Z] [2025-11-05T12:07:59.648Z] [INDEXING-ORCHESTRATOR] [DEBUG] ✅ Chunk symbols after filtering: 0 symbols - 
[2025-11-05T12:08:00.153Z] [2025-11-05T12:07:59.648Z] [INDEXING-ORCHESTRATOR] [DEBUG] 📍 Chunk 109-141: 0 candidate symbols
[2025-11-05T12:08:00.153Z] [2025-11-05T12:07:59.648Z] [INDEXING-ORCHESTRATOR] [DEBUG] ✅ Chunk symbols after filtering: 0 symbols - 
[2025-11-05T12:08:00.153Z] [2025-11-05T12:07:59.648Z] [INDEXING-ORCHESTRATOR] [DEBUG] 📍 Chunk 146-188: 0 candidate symbols
[2025-11-05T12:08:00.153Z] [2025-11-05T12:07:59.648Z] [INDEXING-ORCHESTRATOR] [DEBUG] ✅ Chunk symbols after filtering: 0 symbols - 
[2025-11-05T12:08:00.153Z] [2025-11-05T12:07:59.648Z] [INDEXING-ORCHESTRATOR] [DEBUG] 📍 Chunk 193-246: 0 candidate symbols
[2025-11-05T12:08:00.153Z] [2025-11-05T12:07:59.648Z] [INDEXING-ORCHESTRATOR] [DEBUG] ✅ Chunk symbols after filtering: 0 symbols - 
[2025-11-05T12:08:00.153Z] [2025-11-05T12:07:59.648Z] [INDEXING-ORCHESTRATOR] [DEBUG] 📍 Chunk 251-283: 0 candidate symbols
[2025-11-05T12:08:00.153Z] [2025-11-05T12:07:59.648Z] [INDEXING-ORCHESTRATOR] [DEBUG] ✅ Chunk symbols after filtering: 0 symbols - 
[2025-11-05T12:08:00.153Z] [2025-11-05T12:07:59.648Z] [INDEXING-ORCHESTRATOR] [DEBUG] 📍 Chunk 288-316: 0 candidate symbols
[2025-11-05T12:08:00.153Z] [2025-11-05T12:07:59.648Z] [INDEXING-ORCHESTRATOR] [DEBUG] ✅ Chunk symbols after filtering: 0 symbols - 
[2025-11-05T12:08:00.153Z] [2025-11-05T12:07:59.648Z] [INDEXING-ORCHESTRATOR] [DEBUG] 📍 Chunk 317-320: 1 candidate symbols
[2025-11-05T12:08:00.153Z] [2025-11-05T12:07:59.648Z] [INDEXING-ORCHESTRATOR] [DEBUG] ✅ Chunk symbols after filtering: 1 symbols - reviewService
[2025-11-05T12:08:00.153Z] [2025-11-05T12:07:59.648Z] [INDEXING-ORCHESTRATOR] [DEBUG] Created 8 semantic chunks for C:\Users\RakaThinkpad\Documents\Project\educatedplanet\dataservice\src\services\review.service.ts
[2025-11-05T12:08:00.153Z] [2025-11-05T12:07:59.648Z] [INDEXING-ORCHESTRATOR] [DEBUG] Average chunk size: 1067 characters
[2025-11-05T12:08:00.153Z] [2025-11-05T12:07:59.650Z] [TREESITTER-CHUNKER] [INFO] 🔍 Found class: unknown (308 lines)
[2025-11-05T12:08:00.153Z] [2025-11-05T12:07:59.650Z] [TREESITTER-CHUNKER] [INFO] 📤 Splitting large class: unknown (308 lines > 150)
[2025-11-05T12:08:00.153Z] [2025-11-05T12:07:59.650Z] [TREESITTER-CHUNKER] [INFO] 🔧 Extracting methods from large class with 2 children
[2025-11-05T12:08:00.153Z] [2025-11-05T12:07:59.650Z] [TREESITTER-CHUNKER] [INFO] 🔍 Checking 28 nodes for methods (using class_body)
[2025-11-05T12:08:00.153Z] [2025-11-05T12:07:59.650Z] [TREESITTER-CHUNKER] [INFO]    Child type: comment at lines 16-18
[2025-11-05T12:08:00.153Z] [2025-11-05T12:07:59.650Z] [TREESITTER-CHUNKER] [INFO]    Child type: method_definition at lines 19-30
[2025-11-05T12:08:00.153Z] [2025-11-05T12:07:59.651Z] [TREESITTER-CHUNKER] [INFO]    🎯 Found method: unknown (12 lines, 368 chars)
[2025-11-05T12:08:00.153Z] [2025-11-05T12:07:59.651Z] [TREESITTER-CHUNKER] [INFO]    ✅ Added method chunk: unknown
[2025-11-05T12:08:00.153Z] [2025-11-05T12:07:59.651Z] [TREESITTER-CHUNKER] [INFO]    Child type: comment at lines 31-33
[2025-11-05T12:08:00.153Z] [2025-11-05T12:07:59.651Z] [TREESITTER-CHUNKER] [INFO]    Child type: method_definition at lines 34-59
[2025-11-05T12:08:00.153Z] [2025-11-05T12:07:59.651Z] [TREESITTER-CHUNKER] [INFO]    🎯 Found method: unknown (26 lines, 852 chars)
[2025-11-05T12:08:00.153Z] [2025-11-05T12:07:59.651Z] [TREESITTER-CHUNKER] [INFO]    ✅ Added method chunk: unknown
[2025-11-05T12:08:00.153Z] [2025-11-05T12:07:59.651Z] [TREESITTER-CHUNKER] [INFO]    Child type: comment at lines 61-63
[2025-11-05T12:08:00.153Z] [2025-11-05T12:07:59.651Z] [TREESITTER-CHUNKER] [INFO]    Child type: method_definition at lines 64-71
[2025-11-05T12:08:00.153Z] [2025-11-05T12:07:59.651Z] [TREESITTER-CHUNKER] [INFO]    🎯 Found method: unknown (8 lines, 267 chars)
[2025-11-05T12:08:00.153Z] [2025-11-05T12:07:59.651Z] [TREESITTER-CHUNKER] [INFO]    ✅ Added method chunk: unknown
[2025-11-05T12:08:00.153Z] [2025-11-05T12:07:59.651Z] [TREESITTER-CHUNKER] [INFO]    Child type: comment at lines 73-75
[2025-11-05T12:08:00.153Z] [2025-11-05T12:07:59.651Z] [TREESITTER-CHUNKER] [INFO]    Child type: method_definition at lines 76-83
[2025-11-05T12:08:00.153Z] [2025-11-05T12:07:59.651Z] [TREESITTER-CHUNKER] [INFO]    🎯 Found method: unknown (8 lines, 285 chars)
[2025-11-05T12:08:00.153Z] [2025-11-05T12:07:59.651Z] [TREESITTER-CHUNKER] [INFO]    ✅ Added method chunk: unknown
[2025-11-05T12:08:00.153Z] [2025-11-05T12:07:59.651Z] [TREESITTER-CHUNKER] [INFO]    Child type: comment at lines 85-87
[2025-11-05T12:08:00.153Z] [2025-11-05T12:07:59.651Z] [TREESITTER-CHUNKER] [INFO]    Child type: method_definition at lines 88-95
[2025-11-05T12:08:00.153Z] [2025-11-05T12:07:59.651Z] [TREESITTER-CHUNKER] [INFO]    🎯 Found method: unknown (8 lines, 299 chars)
[2025-11-05T12:08:00.153Z] [2025-11-05T12:07:59.651Z] [TREESITTER-CHUNKER] [INFO]    ✅ Added method chunk: unknown
[2025-11-05T12:08:00.153Z] [2025-11-05T12:07:59.651Z] [TREESITTER-CHUNKER] [INFO]    Child type: comment at lines 97-99
[2025-11-05T12:08:00.153Z] [2025-11-05T12:07:59.651Z] [TREESITTER-CHUNKER] [INFO]    Child type: method_definition at lines 100-144
[2025-11-05T12:08:00.153Z] [2025-11-05T12:07:59.651Z] [TREESITTER-CHUNKER] [INFO]    🎯 Found method: unknown (45 lines, 1068 chars)
[2025-11-05T12:08:00.153Z] [2025-11-05T12:07:59.651Z] [TREESITTER-CHUNKER] [INFO]    ✅ Added method chunk: unknown
[2025-11-05T12:08:00.153Z] [2025-11-05T12:07:59.651Z] [TREESITTER-CHUNKER] [INFO]    Child type: comment at lines 146-148
[2025-11-05T12:08:00.153Z] [2025-11-05T12:07:59.651Z] [TREESITTER-CHUNKER] [INFO]    Child type: method_definition at lines 149-173
[2025-11-05T12:08:00.153Z] [2025-11-05T12:07:59.651Z] [TREESITTER-CHUNKER] [INFO]    🎯 Found method: unknown (25 lines, 858 chars)
[2025-11-05T12:08:00.153Z] [2025-11-05T12:07:59.651Z] [TREESITTER-CHUNKER] [INFO]    ✅ Added method chunk: unknown
[2025-11-05T12:08:00.153Z] [2025-11-05T12:07:59.651Z] [TREESITTER-CHUNKER] [INFO]    Child type: comment at lines 175-177
[2025-11-05T12:08:00.153Z] [2025-11-05T12:07:59.651Z] [TREESITTER-CHUNKER] [INFO]    Child type: method_definition at lines 178-185
[2025-11-05T12:08:00.153Z] [2025-11-05T12:07:59.651Z] [TREESITTER-CHUNKER] [INFO]    🎯 Found method: unknown (8 lines, 276 chars)
[2025-11-05T12:08:00.153Z] [2025-11-05T12:07:59.651Z] [TREESITTER-CHUNKER] [INFO]    ✅ Added method chunk: unknown
[2025-11-05T12:08:00.153Z] [2025-11-05T12:07:59.651Z] [TREESITTER-CHUNKER] [INFO]    Child type: comment at lines 187-189
[2025-11-05T12:08:00.153Z] [2025-11-05T12:07:59.651Z] [TREESITTER-CHUNKER] [INFO]    Child type: method_definition at lines 190-197
[2025-11-05T12:08:00.153Z] [2025-11-05T12:07:59.651Z] [TREESITTER-CHUNKER] [INFO]    🎯 Found method: unknown (8 lines, 304 chars)
[2025-11-05T12:08:00.153Z] [2025-11-05T12:07:59.651Z] [TREESITTER-CHUNKER] [INFO]    ✅ Added method chunk: unknown
[2025-11-05T12:08:00.153Z] [2025-11-05T12:07:59.651Z] [TREESITTER-CHUNKER] [INFO]    Child type: comment at lines 199-201
[2025-11-05T12:08:00.153Z] [2025-11-05T12:07:59.651Z] [TREESITTER-CHUNKER] [INFO]    Child type: method_definition at lines 202-222
[2025-11-05T12:08:00.153Z] [2025-11-05T12:07:59.651Z] [TREESITTER-CHUNKER] [INFO]    🎯 Found method: unknown (21 lines, 646 chars)
[2025-11-05T12:08:00.153Z] [2025-11-05T12:07:59.651Z] [TREESITTER-CHUNKER] [INFO]    ✅ Added method chunk: unknown
[2025-11-05T12:08:00.153Z] [2025-11-05T12:07:59.651Z] [TREESITTER-CHUNKER] [INFO]    Child type: comment at lines 224-226
[2025-11-05T12:08:00.153Z] [2025-11-05T12:07:59.651Z] [TREESITTER-CHUNKER] [INFO]    Child type: method_definition at lines 227-250
[2025-11-05T12:08:00.153Z] [2025-11-05T12:07:59.651Z] [TREESITTER-CHUNKER] [INFO]    🎯 Found method: unknown (24 lines, 860 chars)
[2025-11-05T12:08:00.153Z] [2025-11-05T12:07:59.651Z] [TREESITTER-CHUNKER] [INFO]    ✅ Added method chunk: unknown
[2025-11-05T12:08:00.153Z] [2025-11-05T12:07:59.651Z] [TREESITTER-CHUNKER] [INFO]    Child type: comment at lines 252-254
[2025-11-05T12:08:00.153Z] [2025-11-05T12:07:59.651Z] [TREESITTER-CHUNKER] [INFO]    Child type: method_definition at lines 255-283
[2025-11-05T12:08:00.153Z] [2025-11-05T12:07:59.651Z] [TREESITTER-CHUNKER] [INFO]    🎯 Found method: unknown (29 lines, 784 chars)
[2025-11-05T12:08:00.153Z] [2025-11-05T12:07:59.651Z] [TREESITTER-CHUNKER] [INFO]    ✅ Added method chunk: unknown
[2025-11-05T12:08:00.153Z] [2025-11-05T12:07:59.651Z] [TREESITTER-CHUNKER] [INFO]    Child type: comment at lines 285-287
[2025-11-05T12:08:00.153Z] [2025-11-05T12:07:59.651Z] [TREESITTER-CHUNKER] [INFO]    Child type: method_definition at lines 288-304
[2025-11-05T12:08:00.153Z] [2025-11-05T12:07:59.651Z] [TREESITTER-CHUNKER] [INFO]    🎯 Found method: unknown (17 lines, 541 chars)
[2025-11-05T12:08:00.153Z] [2025-11-05T12:07:59.651Z] [TREESITTER-CHUNKER] [INFO]    ✅ Added method chunk: unknown
[2025-11-05T12:08:00.153Z] [2025-11-05T12:07:59.651Z] [TREESITTER-CHUNKER] [INFO]    Child type: comment at lines 306-308
[2025-11-05T12:08:00.153Z] [2025-11-05T12:07:59.651Z] [TREESITTER-CHUNKER] [INFO]    Child type: method_definition at lines 309-321
[2025-11-05T12:08:00.153Z] [2025-11-05T12:07:59.651Z] [TREESITTER-CHUNKER] [INFO]    🎯 Found method: unknown (13 lines, 398 chars)
[2025-11-05T12:08:00.153Z] [2025-11-05T12:07:59.651Z] [TREESITTER-CHUNKER] [INFO]    ✅ Added method chunk: unknown
[2025-11-05T12:08:00.153Z] [2025-11-05T12:07:59.651Z] [TREESITTER-CHUNKER] [INFO] 🏁 Extracted 14 methods from large class
[2025-11-05T12:08:00.153Z] [2025-11-05T12:07:59.659Z] [TREESITTER-CHUNKER] [INFO] Created 9 semantic chunks from C:\Users\RakaThinkpad\Documents\Project\educatedplanet\dataservice\src\services\user.service.ts
[2025-11-05T12:08:00.153Z] [2025-11-05T12:07:59.698Z] [TREESITTER-FULL] [INFO] Extracted 2 symbols from C:\Users\RakaThinkpad\Documents\Project\educatedplanet\dataservice\src\services\user.service.ts
[2025-11-05T12:08:00.153Z] [2025-11-05T12:07:59.698Z] [INDEXING-ORCHESTRATOR] [DEBUG] 🔍 Symbol extraction for C:\Users\RakaThinkpad\Documents\Project\educatedplanet\dataservice\src\services\user.service.ts: 2 symbols, 4 imports
[2025-11-05T12:08:00.153Z] [2025-11-05T12:07:59.698Z] [INDEXING-ORCHESTRATOR] [DEBUG] 📍 Chunk 15-59: 0 candidate symbols
[2025-11-05T12:08:00.153Z] [2025-11-05T12:07:59.698Z] [INDEXING-ORCHESTRATOR] [DEBUG] ✅ Chunk symbols after filtering: 0 symbols - 
[2025-11-05T12:08:00.153Z] [2025-11-05T12:07:59.698Z] [INDEXING-ORCHESTRATOR] [DEBUG] 📍 Chunk 64-95: 0 candidate symbols
[2025-11-05T12:08:00.153Z] [2025-11-05T12:07:59.698Z] [INDEXING-ORCHESTRATOR] [DEBUG] ✅ Chunk symbols after filtering: 0 symbols - 
[2025-11-05T12:08:00.153Z] [2025-11-05T12:07:59.699Z] [INDEXING-ORCHESTRATOR] [DEBUG] 📍 Chunk 100-144: 0 candidate symbols
[2025-11-05T12:08:00.153Z] [2025-11-05T12:07:59.699Z] [INDEXING-ORCHESTRATOR] [DEBUG] ✅ Chunk symbols after filtering: 0 symbols - 
[2025-11-05T12:08:00.153Z] [2025-11-05T12:07:59.699Z] [INDEXING-ORCHESTRATOR] [DEBUG] 📍 Chunk 149-185: 0 candidate symbols
[2025-11-05T12:08:00.153Z] [2025-11-05T12:07:59.699Z] [INDEXING-ORCHESTRATOR] [DEBUG] ✅ Chunk symbols after filtering: 0 symbols - 
[2025-11-05T12:08:00.153Z] [2025-11-05T12:07:59.699Z] [INDEXING-ORCHESTRATOR] [DEBUG] 📍 Chunk 190-222: 0 candidate symbols
[2025-11-05T12:08:00.153Z] [2025-11-05T12:07:59.699Z] [INDEXING-ORCHESTRATOR] [DEBUG] ✅ Chunk symbols after filtering: 0 symbols - 
[2025-11-05T12:08:00.153Z] [2025-11-05T12:07:59.699Z] [INDEXING-ORCHESTRATOR] [DEBUG] 📍 Chunk 227-250: 0 candidate symbols
[2025-11-05T12:08:00.153Z] [2025-11-05T12:07:59.699Z] [INDEXING-ORCHESTRATOR] [DEBUG] ✅ Chunk symbols after filtering: 0 symbols - 
[2025-11-05T12:08:00.153Z] [2025-11-05T12:07:59.699Z] [INDEXING-ORCHESTRATOR] [DEBUG] 📍 Chunk 255-304: 0 candidate symbols
[2025-11-05T12:08:00.153Z] [2025-11-05T12:07:59.699Z] [INDEXING-ORCHESTRATOR] [DEBUG] ✅ Chunk symbols after filtering: 0 symbols - 
[2025-11-05T12:08:00.153Z] [2025-11-05T12:07:59.699Z] [INDEXING-ORCHESTRATOR] [DEBUG] 📍 Chunk 309-321: 0 candidate symbols
[2025-11-05T12:08:00.153Z] [2025-11-05T12:07:59.699Z] [INDEXING-ORCHESTRATOR] [DEBUG] ✅ Chunk symbols after filtering: 0 symbols - 
[2025-11-05T12:08:00.153Z] [2025-11-05T12:07:59.699Z] [INDEXING-ORCHESTRATOR] [DEBUG] 📍 Chunk 322-325: 1 candidate symbols
[2025-11-05T12:08:00.153Z] [2025-11-05T12:07:59.699Z] [INDEXING-ORCHESTRATOR] [DEBUG] ✅ Chunk symbols after filtering: 1 symbols - userService
[2025-11-05T12:08:00.153Z] [2025-11-05T12:07:59.699Z] [INDEXING-ORCHESTRATOR] [DEBUG] Created 9 semantic chunks for C:\Users\RakaThinkpad\Documents\Project\educatedplanet\dataservice\src\services\user.service.ts
[2025-11-05T12:08:00.153Z] [2025-11-05T12:07:59.699Z] [INDEXING-ORCHESTRATOR] [DEBUG] Average chunk size: 914 characters
[2025-11-05T12:08:00.153Z] [2025-11-05T12:07:59.706Z] [TREESITTER-CHUNKER] [INFO] Created 3 semantic chunks from C:\Users\RakaThinkpad\Documents\Project\educatedplanet\models\src\common\common.types.ts
[2025-11-05T12:08:00.153Z] [2025-11-05T12:07:59.718Z] [TREESITTER-FULL] [INFO] Extracted 21 symbols from C:\Users\RakaThinkpad\Documents\Project\educatedplanet\models\src\common\common.types.ts
[2025-11-05T12:08:00.153Z] [2025-11-05T12:07:59.718Z] [INDEXING-ORCHESTRATOR] [DEBUG] 🔍 Symbol extraction for C:\Users\RakaThinkpad\Documents\Project\educatedplanet\models\src\common\common.types.ts: 21 symbols, 0 imports
[2025-11-05T12:08:00.153Z] [2025-11-05T12:07:59.718Z] [INDEXING-ORCHESTRATOR] [DEBUG] 📍 Chunk 8-86: 8 candidate symbols
[2025-11-05T12:08:00.153Z] [2025-11-05T12:07:59.718Z] [INDEXING-ORCHESTRATOR] [DEBUG] ✅ Chunk symbols after filtering: 8 symbols - ApiResponse, ApiError, PaginationParams, PaginationMeta, PaginatedResponse, BaseEntity, Status, VerificationStatus
[2025-11-05T12:08:00.153Z] [2025-11-05T12:07:59.718Z] [INDEXING-ORCHESTRATOR] [DEBUG] 📍 Chunk 91-109: 2 candidate symbols
[2025-11-05T12:08:00.153Z] [2025-11-05T12:07:59.718Z] [INDEXING-ORCHESTRATOR] [DEBUG] ✅ Chunk symbols after filtering: 2 symbols - Subject, ClassLevel
[2025-11-05T12:08:00.153Z] [2025-11-05T12:07:59.718Z] [INDEXING-ORCHESTRATOR] [DEBUG] 📍 Chunk 128-206: 10 candidate symbols
[2025-11-05T12:08:00.153Z] [2025-11-05T12:07:59.718Z] [INDEXING-ORCHESTRATOR] [DEBUG] ✅ Chunk symbols after filtering: 10 symbols - BhubaneswarArea, SearchFilters, LoadingState, ThemeMode, Currency, FileUpload, FormErrors, ComponentProps, ColorVariant, SizeVariant
[2025-11-05T12:08:00.153Z] [2025-11-05T12:07:59.718Z] [INDEXING-ORCHESTRATOR] [DEBUG] Created 3 semantic chunks for C:\Users\RakaThinkpad\Documents\Project\educatedplanet\models\src\common\common.types.ts
[2025-11-05T12:08:00.153Z] [2025-11-05T12:07:59.718Z] [INDEXING-ORCHESTRATOR] [DEBUG] Average chunk size: 1004 characters
[2025-11-05T12:08:00.153Z] [2025-11-05T12:07:59.720Z] [TREESITTER-CHUNKER] [INFO] Created 1 semantic chunks from C:\Users\RakaThinkpad\Documents\Project\educatedplanet\models\src\index.js
[2025-11-05T12:08:00.153Z] [2025-11-05T12:07:59.727Z] [TREESITTER-FULL] [INFO] Extracted 0 symbols from C:\Users\RakaThinkpad\Documents\Project\educatedplanet\models\src\index.js
[2025-11-05T12:08:00.153Z] [2025-11-05T12:07:59.728Z] [INDEXING-ORCHESTRATOR] [DEBUG] 🔍 Symbol extraction for C:\Users\RakaThinkpad\Documents\Project\educatedplanet\models\src\index.js: 0 symbols, 0 imports
[2025-11-05T12:08:00.153Z] [2025-11-05T12:07:59.728Z] [INDEXING-ORCHESTRATOR] [DEBUG] 📍 Chunk 1-27: 0 candidate symbols
[2025-11-05T12:08:00.153Z] [2025-11-05T12:07:59.728Z] [INDEXING-ORCHESTRATOR] [DEBUG] ✅ Chunk symbols after filtering: 0 symbols - 
[2025-11-05T12:08:00.153Z] [2025-11-05T12:07:59.728Z] [INDEXING-ORCHESTRATOR] [DEBUG] Created 1 semantic chunks for C:\Users\RakaThinkpad\Documents\Project\educatedplanet\models\src\index.js
[2025-11-05T12:08:00.153Z] [2025-11-05T12:07:59.728Z] [INDEXING-ORCHESTRATOR] [DEBUG] Average chunk size: 1176 characters
[2025-11-05T12:08:00.153Z] [2025-11-05T12:07:59.729Z] [TREESITTER-CHUNKER] [INFO] Created 1 semantic chunks from C:\Users\RakaThinkpad\Documents\Project\educatedplanet\models\src\common\common.types.js
[2025-11-05T12:08:00.153Z] [2025-11-05T12:07:59.733Z] [TREESITTER-FULL] [INFO] Extracted 0 symbols from C:\Users\RakaThinkpad\Documents\Project\educatedplanet\models\src\common\common.types.js
[2025-11-05T12:08:00.153Z] [2025-11-05T12:07:59.733Z] [INDEXING-ORCHESTRATOR] [DEBUG] 🔍 Symbol extraction for C:\Users\RakaThinkpad\Documents\Project\educatedplanet\models\src\common\common.types.js: 0 symbols, 0 imports
[2025-11-05T12:08:00.153Z] [2025-11-05T12:07:59.733Z] [INDEXING-ORCHESTRATOR] [DEBUG] 📍 Chunk 1-37: 0 candidate symbols
[2025-11-05T12:08:00.153Z] [2025-11-05T12:07:59.733Z] [INDEXING-ORCHESTRATOR] [DEBUG] ✅ Chunk symbols after filtering: 0 symbols - 
[2025-11-05T12:08:00.153Z] [2025-11-05T12:07:59.733Z] [INDEXING-ORCHESTRATOR] [DEBUG] Created 1 semantic chunks for C:\Users\RakaThinkpad\Documents\Project\educatedplanet\models\src\common\common.types.js
[2025-11-05T12:08:00.153Z] [2025-11-05T12:07:59.733Z] [INDEXING-ORCHESTRATOR] [DEBUG] Average chunk size: 1064 characters
[2025-11-05T12:08:00.153Z] [2025-11-05T12:07:59.742Z] [TREESITTER-CHUNKER] [INFO] Created 1 semantic chunks from C:\Users\RakaThinkpad\Documents\Project\educatedplanet\models\src\common\index.ts
[2025-11-05T12:08:00.153Z] [2025-11-05T12:07:59.742Z] [TREESITTER-FULL] [INFO] Extracted 0 symbols from C:\Users\RakaThinkpad\Documents\Project\educatedplanet\models\src\common\index.ts
[2025-11-05T12:08:00.153Z] [2025-11-05T12:07:59.742Z] [INDEXING-ORCHESTRATOR] [DEBUG] 🔍 Symbol extraction for C:\Users\RakaThinkpad\Documents\Project\educatedplanet\models\src\common\index.ts: 0 symbols, 0 imports
[2025-11-05T12:08:00.153Z] [2025-11-05T12:07:59.742Z] [INDEXING-ORCHESTRATOR] [DEBUG] 📍 Chunk 1-5: 0 candidate symbols
[2025-11-05T12:08:00.153Z] [2025-11-05T12:07:59.742Z] [INDEXING-ORCHESTRATOR] [DEBUG] ✅ Chunk symbols after filtering: 0 symbols - 
[2025-11-05T12:08:00.153Z] [2025-11-05T12:07:59.742Z] [INDEXING-ORCHESTRATOR] [DEBUG] Created 1 semantic chunks for C:\Users\RakaThinkpad\Documents\Project\educatedplanet\models\src\common\index.ts
[2025-11-05T12:08:00.153Z] [2025-11-05T12:07:59.742Z] [INDEXING-ORCHESTRATOR] [DEBUG] Average chunk size: 64 characters
[2025-11-05T12:08:00.153Z] [2025-11-05T12:07:59.744Z] [TREESITTER-CHUNKER] [INFO] Created 1 semantic chunks from C:\Users\RakaThinkpad\Documents\Project\educatedplanet\models\src\index.ts
[2025-11-05T12:08:00.153Z] [2025-11-05T12:07:59.745Z] [TREESITTER-FULL] [INFO] Extracted 0 symbols from C:\Users\RakaThinkpad\Documents\Project\educatedplanet\models\src\index.ts
[2025-11-05T12:08:00.153Z] [2025-11-05T12:07:59.745Z] [INDEXING-ORCHESTRATOR] [DEBUG] 🔍 Symbol extraction for C:\Users\RakaThinkpad\Documents\Project\educatedplanet\models\src\index.ts: 0 symbols, 0 imports
[2025-11-05T12:08:00.153Z] [2025-11-05T12:07:59.745Z] [INDEXING-ORCHESTRATOR] [DEBUG] 📍 Chunk 1-79: 0 candidate symbols
[2025-11-05T12:08:00.153Z] [2025-11-05T12:07:59.745Z] [INDEXING-ORCHESTRATOR] [DEBUG] ✅ Chunk symbols after filtering: 0 symbols - 
[2025-11-05T12:08:00.153Z] [2025-11-05T12:07:59.745Z] [INDEXING-ORCHESTRATOR] [DEBUG] Created 1 semantic chunks for C:\Users\RakaThinkpad\Documents\Project\educatedplanet\models\src\index.ts
[2025-11-05T12:08:00.153Z] [2025-11-05T12:07:59.745Z] [INDEXING-ORCHESTRATOR] [DEBUG] Average chunk size: 1433 characters
[2025-11-05T12:08:00.153Z] [2025-11-05T12:07:59.745Z] [TREESITTER-CHUNKER] [INFO] Created 1 semantic chunks from C:\Users\RakaThinkpad\Documents\Project\educatedplanet\models\src\tutor\index.ts
[2025-11-05T12:08:00.153Z] [2025-11-05T12:07:59.745Z] [TREESITTER-FULL] [INFO] Extracted 0 symbols from C:\Users\RakaThinkpad\Documents\Project\educatedplanet\models\src\tutor\index.ts
[2025-11-05T12:08:00.153Z] [2025-11-05T12:07:59.745Z] [INDEXING-ORCHESTRATOR] [DEBUG] 🔍 Symbol extraction for C:\Users\RakaThinkpad\Documents\Project\educatedplanet\models\src\tutor\index.ts: 0 symbols, 0 imports
[2025-11-05T12:08:00.153Z] [2025-11-05T12:07:59.745Z] [INDEXING-ORCHESTRATOR] [DEBUG] 📍 Chunk 1-5: 0 candidate symbols
[2025-11-05T12:08:00.153Z] [2025-11-05T12:07:59.746Z] [INDEXING-ORCHESTRATOR] [DEBUG] ✅ Chunk symbols after filtering: 0 symbols - 
[2025-11-05T12:08:00.153Z] [2025-11-05T12:07:59.746Z] [INDEXING-ORCHESTRATOR] [DEBUG] Created 1 semantic chunks for C:\Users\RakaThinkpad\Documents\Project\educatedplanet\models\src\tutor\index.ts
[2025-11-05T12:08:00.153Z] [2025-11-05T12:07:59.746Z] [INDEXING-ORCHESTRATOR] [DEBUG] Average chunk size: 70 characters
[2025-11-05T12:08:00.153Z] [2025-11-05T12:07:59.746Z] [INDEXING-ORCHESTRATOR] [DEBUG] 📊 Processed: 180/220 files
[2025-11-05T12:08:00.153Z] [2025-11-05T12:07:59.747Z] [TREESITTER-CHUNKER] [INFO] Created 1 semantic chunks from C:\Users\RakaThinkpad\Documents\Project\educatedplanet\models\src\tutor\tutor.types.js
[2025-11-05T12:08:00.153Z] [2025-11-05T12:07:59.747Z] [TREESITTER-FULL] [INFO] Extracted 0 symbols from C:\Users\RakaThinkpad\Documents\Project\educatedplanet\models\src\tutor\tutor.types.js
[2025-11-05T12:08:00.153Z] [2025-11-05T12:07:59.747Z] [INDEXING-ORCHESTRATOR] [DEBUG] 🔍 Symbol extraction for C:\Users\RakaThinkpad\Documents\Project\educatedplanet\models\src\tutor\tutor.types.js: 0 symbols, 0 imports
[2025-11-05T12:08:00.153Z] [2025-11-05T12:07:59.747Z] [INDEXING-ORCHESTRATOR] [DEBUG] 📍 Chunk 1-3: 0 candidate symbols
[2025-11-05T12:08:00.153Z] [2025-11-05T12:07:59.747Z] [INDEXING-ORCHESTRATOR] [DEBUG] ✅ Chunk symbols after filtering: 0 symbols - 
[2025-11-05T12:08:00.153Z] [2025-11-05T12:07:59.747Z] [INDEXING-ORCHESTRATOR] [DEBUG] Created 1 semantic chunks for C:\Users\RakaThinkpad\Documents\Project\educatedplanet\models\src\tutor\tutor.types.js
[2025-11-05T12:08:00.153Z] [2025-11-05T12:07:59.747Z] [INDEXING-ORCHESTRATOR] [DEBUG] Average chunk size: 116 characters
[2025-11-05T12:08:00.153Z] [2025-11-05T12:07:59.748Z] [TREESITTER-CHUNKER] [INFO] Created 1 semantic chunks from C:\Users\RakaThinkpad\Documents\Project\educatedplanet\models\src\user\user.types.js
[2025-11-05T12:08:00.153Z] [2025-11-05T12:07:59.748Z] [TREESITTER-FULL] [INFO] Extracted 0 symbols from C:\Users\RakaThinkpad\Documents\Project\educatedplanet\models\src\user\user.types.js
[2025-11-05T12:08:00.153Z] [2025-11-05T12:07:59.748Z] [INDEXING-ORCHESTRATOR] [DEBUG] 🔍 Symbol extraction for C:\Users\RakaThinkpad\Documents\Project\educatedplanet\models\src\user\user.types.js: 0 symbols, 0 imports
[2025-11-05T12:08:00.153Z] [2025-11-05T12:07:59.748Z] [INDEXING-ORCHESTRATOR] [DEBUG] 📍 Chunk 1-3: 0 candidate symbols
[2025-11-05T12:08:00.153Z] [2025-11-05T12:07:59.748Z] [INDEXING-ORCHESTRATOR] [DEBUG] ✅ Chunk symbols after filtering: 0 symbols - 
[2025-11-05T12:08:00.153Z] [2025-11-05T12:07:59.748Z] [INDEXING-ORCHESTRATOR] [DEBUG] Created 1 semantic chunks for C:\Users\RakaThinkpad\Documents\Project\educatedplanet\models\src\user\user.types.js
[2025-11-05T12:08:00.153Z] [2025-11-05T12:07:59.748Z] [INDEXING-ORCHESTRATOR] [DEBUG] Average chunk size: 115 characters
[2025-11-05T12:08:00.153Z] [2025-11-05T12:07:59.756Z] [TREESITTER-CHUNKER] [INFO] Created 4 semantic chunks from C:\Users\RakaThinkpad\Documents\Project\educatedplanet\models\src\tutor\tutor.types.ts
[2025-11-05T12:08:00.153Z] [2025-11-05T12:07:59.770Z] [TREESITTER-FULL] [INFO] Extracted 20 symbols from C:\Users\RakaThinkpad\Documents\Project\educatedplanet\models\src\tutor\tutor.types.ts
[2025-11-05T12:08:00.153Z] [2025-11-05T12:07:59.770Z] [INDEXING-ORCHESTRATOR] [DEBUG] 🔍 Symbol extraction for C:\Users\RakaThinkpad\Documents\Project\educatedplanet\models\src\tutor\tutor.types.ts: 20 symbols, 0 imports
[2025-11-05T12:08:00.153Z] [2025-11-05T12:07:59.770Z] [INDEXING-ORCHESTRATOR] [DEBUG] 📍 Chunk 5-81: 8 candidate symbols
[2025-11-05T12:08:00.153Z] [2025-11-05T12:07:59.770Z] [INDEXING-ORCHESTRATOR] [DEBUG] ✅ Chunk symbols after filtering: 8 symbols - Tutor, TutorRating, TeachingMode, TutorLocation, TutorPrice, TutorSearchFilters, TutorCardVariant, ExtendedTutor
[2025-11-05T12:08:00.153Z] [2025-11-05T12:07:59.770Z] [INDEXING-ORCHESTRATOR] [DEBUG] 📍 Chunk 86-140: 6 candidate symbols
[2025-11-05T12:08:00.153Z] [2025-11-05T12:07:59.770Z] [INDEXING-ORCHESTRATOR] [DEBUG] ✅ Chunk symbols after filtering: 6 symbols - Education, Language, Availability, WeekdayAvailability, TimeSlot, Review
[2025-11-05T12:08:00.153Z] [2025-11-05T12:07:59.770Z] [INDEXING-ORCHESTRATOR] [DEBUG] 📍 Chunk 149-232: 5 candidate symbols
[2025-11-05T12:08:00.153Z] [2025-11-05T12:07:59.770Z] [INDEXING-ORCHESTRATOR] [DEBUG] ✅ Chunk symbols after filtering: 5 symbols - CreateTutorInput, UpdateTutorInput, TutorSearchParams, CreateReviewInput, UpdateReviewInput
[2025-11-05T12:08:00.153Z] [2025-11-05T12:07:59.770Z] [INDEXING-ORCHESTRATOR] [DEBUG] 📍 Chunk 237-245: 1 candidate symbols
[2025-11-05T12:08:00.153Z] [2025-11-05T12:07:59.770Z] [INDEXING-ORCHESTRATOR] [DEBUG] ✅ Chunk symbols after filtering: 1 symbols - ReviewSearchParams
[2025-11-05T12:08:00.153Z] [2025-11-05T12:07:59.770Z] [INDEXING-ORCHESTRATOR] [DEBUG] Created 4 semantic chunks for C:\Users\RakaThinkpad\Documents\Project\educatedplanet\models\src\tutor\tutor.types.ts
[2025-11-05T12:08:00.153Z] [2025-11-05T12:07:59.770Z] [INDEXING-ORCHESTRATOR] [DEBUG] Average chunk size: 1013 characters
[2025-11-05T12:08:00.153Z] [2025-11-05T12:07:59.770Z] [TREESITTER-CHUNKER] [INFO] Created 1 semantic chunks from C:\Users\RakaThinkpad\Documents\Project\educatedplanet\models\src\user\index.ts
[2025-11-05T12:08:00.153Z] [2025-11-05T12:07:59.771Z] [TREESITTER-FULL] [INFO] Extracted 0 symbols from C:\Users\RakaThinkpad\Documents\Project\educatedplanet\models\src\user\index.ts
[2025-11-05T12:08:00.153Z] [2025-11-05T12:07:59.771Z] [INDEXING-ORCHESTRATOR] [DEBUG] 🔍 Symbol extraction for C:\Users\RakaThinkpad\Documents\Project\educatedplanet\models\src\user\index.ts: 0 symbols, 0 imports
[2025-11-05T12:08:00.153Z] [2025-11-05T12:07:59.771Z] [INDEXING-ORCHESTRATOR] [DEBUG] 📍 Chunk 1-5: 0 candidate symbols
[2025-11-05T12:08:00.153Z] [2025-11-05T12:07:59.771Z] [INDEXING-ORCHESTRATOR] [DEBUG] ✅ Chunk symbols after filtering: 0 symbols - 
[2025-11-05T12:08:00.153Z] [2025-11-05T12:07:59.771Z] [INDEXING-ORCHESTRATOR] [DEBUG] Created 1 semantic chunks for C:\Users\RakaThinkpad\Documents\Project\educatedplanet\models\src\user\index.ts
[2025-11-05T12:08:00.153Z] [2025-11-05T12:07:59.771Z] [INDEXING-ORCHESTRATOR] [DEBUG] Average chunk size: 68 characters
[2025-11-05T12:08:00.153Z] [2025-11-05T12:07:59.775Z] [TREESITTER-CHUNKER] [INFO] Created 3 semantic chunks from C:\Users\RakaThinkpad\Documents\Project\educatedplanet\models\src\user\user.types.ts
[2025-11-05T12:08:00.153Z] [2025-11-05T12:07:59.781Z] [TREESITTER-FULL] [INFO] Extracted 15 symbols from C:\Users\RakaThinkpad\Documents\Project\educatedplanet\models\src\user\user.types.ts
[2025-11-05T12:08:00.153Z] [2025-11-05T12:07:59.781Z] [INDEXING-ORCHESTRATOR] [DEBUG] 🔍 Symbol extraction for C:\Users\RakaThinkpad\Documents\Project\educatedplanet\models\src\user\user.types.ts: 15 symbols, 0 imports
[2025-11-05T12:08:00.153Z] [2025-11-05T12:07:59.781Z] [INDEXING-ORCHESTRATOR] [DEBUG] 📍 Chunk 4-90: 8 candidate symbols
[2025-11-05T12:08:00.153Z] [2025-11-05T12:07:59.781Z] [INDEXING-ORCHESTRATOR] [DEBUG] ✅ Chunk symbols after filtering: 8 symbols - User, UserRole, UserRegistration, UserLogin, UserProfile, Address, UserPreferences, NotificationPreferences
[2025-11-05T12:08:00.153Z] [2025-11-05T12:07:59.781Z] [INDEXING-ORCHESTRATOR] [DEBUG] 📍 Chunk 95-119: 3 candidate symbols
[2025-11-05T12:08:00.153Z] [2025-11-05T12:07:59.781Z] [INDEXING-ORCHESTRATOR] [DEBUG] ✅ Chunk symbols after filtering: 3 symbols - PrivacySettings, ExtendedUser, UserStats
[2025-11-05T12:08:00.153Z] [2025-11-05T12:07:59.781Z] [INDEXING-ORCHESTRATOR] [DEBUG] 📍 Chunk 128-167: 4 candidate symbols
[2025-11-05T12:08:00.153Z] [2025-11-05T12:07:59.781Z] [INDEXING-ORCHESTRATOR] [DEBUG] ✅ Chunk symbols after filtering: 4 symbols - CreateUserInput, UpdateUserInput, LoginInput, UserSearchParams
[2025-11-05T12:08:00.153Z] [2025-11-05T12:07:59.781Z] [INDEXING-ORCHESTRATOR] [DEBUG] Created 3 semantic chunks for C:\Users\RakaThinkpad\Documents\Project\educatedplanet\models\src\user\user.types.ts
[2025-11-05T12:08:00.153Z] [2025-11-05T12:07:59.781Z] [INDEXING-ORCHESTRATOR] [DEBUG] Average chunk size: 852 characters
[2025-11-05T12:08:00.153Z] [2025-11-05T12:07:59.812Z] [TREESITTER-CHUNKER] [INFO] Created 1 semantic chunks from C:\Users\RakaThinkpad\Documents\Project\educatedplanet\web\app\demo\page.tsx
[2025-11-05T12:08:00.153Z] [2025-11-05T12:08:00.077Z] [TREESITTER-FULL] [INFO] Extracted 3 symbols from C:\Users\RakaThinkpad\Documents\Project\educatedplanet\web\app\demo\page.tsx
[2025-11-05T12:08:00.153Z] [2025-11-05T12:08:00.077Z] [INDEXING-ORCHESTRATOR] [DEBUG] 🔍 Symbol extraction for C:\Users\RakaThinkpad\Documents\Project\educatedplanet\web\app\demo\page.tsx: 3 symbols, 6 imports
[2025-11-05T12:08:00.153Z] [2025-11-05T12:08:00.077Z] [INDEXING-ORCHESTRATOR] [DEBUG] 📍 Chunk 1-343: 3 candidate symbols
[2025-11-05T12:08:00.153Z] [2025-11-05T12:08:00.077Z] [INDEXING-ORCHESTRATOR] [DEBUG] ✅ Chunk symbols after filtering: 3 symbols - features, components, demoTutors
[2025-11-05T12:08:00.153Z] [2025-11-05T12:08:00.077Z] [INDEXING-ORCHESTRATOR] [DEBUG] Created 1 semantic chunks for C:\Users\RakaThinkpad\Documents\Project\educatedplanet\web\app\demo\page.tsx
[2025-11-05T12:08:00.153Z] [2025-11-05T12:08:00.077Z] [INDEXING-ORCHESTRATOR] [DEBUG] Average chunk size: 13510 characters
[2025-11-05T12:08:00.153Z] [2025-11-05T12:08:00.080Z] [TREESITTER-CHUNKER] [INFO] Created 1 semantic chunks from C:\Users\RakaThinkpad\Documents\Project\educatedplanet\web\app\layout.tsx
[2025-11-05T12:08:00.153Z] [2025-11-05T12:08:00.085Z] [TREESITTER-FULL] [INFO] Extracted 5 symbols from C:\Users\RakaThinkpad\Documents\Project\educatedplanet\web\app\layout.tsx
[2025-11-05T12:08:00.153Z] [2025-11-05T12:08:00.085Z] [INDEXING-ORCHESTRATOR] [DEBUG] 🔍 Symbol extraction for C:\Users\RakaThinkpad\Documents\Project\educatedplanet\web\app\layout.tsx: 5 symbols, 4 imports
[2025-11-05T12:08:00.153Z] [2025-11-05T12:08:00.085Z] [INDEXING-ORCHESTRATOR] [DEBUG] 📍 Chunk 32-49: 1 candidate symbols
[2025-11-05T12:08:00.153Z] [2025-11-05T12:08:00.085Z] [INDEXING-ORCHESTRATOR] [DEBUG] ✅ Chunk symbols after filtering: 1 symbols - RootLayout
[2025-11-05T12:08:00.153Z] [2025-11-05T12:08:00.085Z] [INDEXING-ORCHESTRATOR] [DEBUG] Created 1 semantic chunks for C:\Users\RakaThinkpad\Documents\Project\educatedplanet\web\app\layout.tsx
[2025-11-05T12:08:00.153Z] [2025-11-05T12:08:00.085Z] [INDEXING-ORCHESTRATOR] [DEBUG] Average chunk size: 392 characters
[2025-11-05T12:08:00.153Z] [2025-11-05T12:08:00.086Z] [TREESITTER-CHUNKER] [INFO] Created 1 semantic chunks from C:\Users\RakaThinkpad\Documents\Project\educatedplanet\web\components\auth\index.ts
[2025-11-05T12:08:00.153Z] [2025-11-05T12:08:00.086Z] [TREESITTER-FULL] [INFO] Extracted 0 symbols from C:\Users\RakaThinkpad\Documents\Project\educatedplanet\web\components\auth\index.ts
[2025-11-05T12:08:00.153Z] [2025-11-05T12:08:00.086Z] [INDEXING-ORCHESTRATOR] [DEBUG] 🔍 Symbol extraction for C:\Users\RakaThinkpad\Documents\Project\educatedplanet\web\components\auth\index.ts: 0 symbols, 0 imports
[2025-11-05T12:08:00.153Z] [2025-11-05T12:08:00.086Z] [INDEXING-ORCHESTRATOR] [DEBUG] 📍 Chunk 1-1: 0 candidate symbols
[2025-11-05T12:08:00.153Z] [2025-11-05T12:08:00.086Z] [INDEXING-ORCHESTRATOR] [DEBUG] ✅ Chunk symbols after filtering: 0 symbols - 
[2025-11-05T12:08:00.153Z] [2025-11-05T12:08:00.086Z] [INDEXING-ORCHESTRATOR] [DEBUG] Created 1 semantic chunks for C:\Users\RakaThinkpad\Documents\Project\educatedplanet\web\components\auth\index.ts
[2025-11-05T12:08:00.153Z] [2025-11-05T12:08:00.086Z] [INDEXING-ORCHESTRATOR] [DEBUG] Average chunk size: 42 characters
[2025-11-05T12:08:00.153Z] [2025-11-05T12:08:00.087Z] [TREESITTER-CHUNKER] [INFO] Created 1 semantic chunks from C:\Users\RakaThinkpad\Documents\Project\educatedplanet\web\app\page.tsx
[2025-11-05T12:08:00.153Z] [2025-11-05T12:08:00.089Z] [TREESITTER-FULL] [INFO] Extracted 1 symbols from C:\Users\RakaThinkpad\Documents\Project\educatedplanet\web\app\page.tsx
[2025-11-05T12:08:00.153Z] [2025-11-05T12:08:00.089Z] [INDEXING-ORCHESTRATOR] [DEBUG] 🔍 Symbol extraction for C:\Users\RakaThinkpad\Documents\Project\educatedplanet\web\app\page.tsx: 1 symbols, 2 imports
[2025-11-05T12:08:00.153Z] [2025-11-05T12:08:00.089Z] [INDEXING-ORCHESTRATOR] [DEBUG] 📍 Chunk 6-21: 1 candidate symbols
[2025-11-05T12:08:00.153Z] [2025-11-05T12:08:00.089Z] [INDEXING-ORCHESTRATOR] [DEBUG] ✅ Chunk symbols after filtering: 1 symbols - Home
[2025-11-05T12:08:00.153Z] [2025-11-05T12:08:00.089Z] [INDEXING-ORCHESTRATOR] [DEBUG] Created 1 semantic chunks for C:\Users\RakaThinkpad\Documents\Project\educatedplanet\web\app\page.tsx
[2025-11-05T12:08:00.153Z] [2025-11-05T12:08:00.089Z] [INDEXING-ORCHESTRATOR] [DEBUG] Average chunk size: 507 characters
[2025-11-05T12:08:00.153Z] [2025-11-05T12:08:00.091Z] [TREESITTER-CHUNKER] [INFO] Created 1 semantic chunks from C:\Users\RakaThinkpad\Documents\Project\educatedplanet\web\app\featured-tutors-demo\page.tsx
[2025-11-05T12:08:00.153Z] [2025-11-05T12:08:00.098Z] [TREESITTER-FULL] [INFO] Extracted 1 symbols from C:\Users\RakaThinkpad\Documents\Project\educatedplanet\web\app\featured-tutors-demo\page.tsx
[2025-11-05T12:08:00.153Z] [2025-11-05T12:08:00.098Z] [INDEXING-ORCHESTRATOR] [DEBUG] 🔍 Symbol extraction for C:\Users\RakaThinkpad\Documents\Project\educatedplanet\web\app\featured-tutors-demo\page.tsx: 1 symbols, 1 imports
[2025-11-05T12:08:00.153Z] [2025-11-05T12:08:00.098Z] [INDEXING-ORCHESTRATOR] [DEBUG] 📍 Chunk 3-30: 1 candidate symbols
[2025-11-05T12:08:00.153Z] [2025-11-05T12:08:00.098Z] [INDEXING-ORCHESTRATOR] [DEBUG] ✅ Chunk symbols after filtering: 1 symbols - FeaturedTutorsDemoPage
[2025-11-05T12:08:00.153Z] [2025-11-05T12:08:00.098Z] [INDEXING-ORCHESTRATOR] [DEBUG] Created 1 semantic chunks for C:\Users\RakaThinkpad\Documents\Project\educatedplanet\web\app\featured-tutors-demo\page.tsx
[2025-11-05T12:08:00.153Z] [2025-11-05T12:08:00.098Z] [INDEXING-ORCHESTRATOR] [DEBUG] Average chunk size: 924 characters
[2025-11-05T12:08:00.153Z] [2025-11-05T12:08:00.098Z] [INDEXING-ORCHESTRATOR] [DEBUG] 📊 Processed: 190/220 files
[2025-11-05T12:08:00.153Z] [2025-11-05T12:08:00.115Z] [TREESITTER-CHUNKER] [INFO] Created 2 semantic chunks from C:\Users\RakaThinkpad\Documents\Project\educatedplanet\web\components\featured-tutors\featured-tutors-section.tsx
[2025-11-05T12:08:00.153Z] [2025-11-05T12:08:00.131Z] [TREESITTER-FULL] [INFO] Extracted 1 symbols from C:\Users\RakaThinkpad\Documents\Project\educatedplanet\web\components\featured-tutors\featured-tutors-section.tsx
[2025-11-05T12:08:00.153Z] [2025-11-05T12:08:00.131Z] [INDEXING-ORCHESTRATOR] [DEBUG] 🔍 Symbol extraction for C:\Users\RakaThinkpad\Documents\Project\educatedplanet\web\components\featured-tutors\featured-tutors-section.tsx: 1 symbols, 7 imports
[2025-11-05T12:08:00.153Z] [2025-11-05T12:08:00.131Z] [INDEXING-ORCHESTRATOR] [DEBUG] 📍 Chunk 11-18: 1 candidate symbols
[2025-11-05T12:08:00.153Z] [2025-11-05T12:08:00.131Z] [INDEXING-ORCHESTRATOR] [DEBUG] ✅ Chunk symbols after filtering: 1 symbols - FeaturedTutorsSectionProps
[2025-11-05T12:08:00.153Z] [2025-11-05T12:08:00.131Z] [INDEXING-ORCHESTRATOR] [DEBUG] 📍 Chunk 19-140: 0 candidate symbols
[2025-11-05T12:08:00.153Z] [2025-11-05T12:08:00.131Z] [INDEXING-ORCHESTRATOR] [DEBUG] ✅ Chunk symbols after filtering: 0 symbols - 
[2025-11-05T12:08:00.153Z] [2025-11-05T12:08:00.131Z] [INDEXING-ORCHESTRATOR] [DEBUG] Created 2 semantic chunks for C:\Users\RakaThinkpad\Documents\Project\educatedplanet\web\components\featured-tutors\featured-tutors-section.tsx
[2025-11-05T12:08:00.153Z] [2025-11-05T12:08:00.131Z] [INDEXING-ORCHESTRATOR] [DEBUG] Average chunk size: 2325 characters
[2025-11-05T12:08:00.153Z] [2025-11-05T12:08:00.148Z] [TREESITTER-CHUNKER] [INFO] Created 3 semantic chunks from C:\Users\RakaThinkpad\Documents\Project\educatedplanet\web\components\auth\login-modal.tsx
[2025-11-05T12:08:00.198Z] [2025-11-05T12:08:00.197Z] [TREESITTER-FULL] [INFO] Extracted 6 symbols from C:\Users\RakaThinkpad\Documents\Project\educatedplanet\web\components\auth\login-modal.tsx
[2025-11-05T12:08:00.198Z] [2025-11-05T12:08:00.197Z] [INDEXING-ORCHESTRATOR] [DEBUG] 🔍 Symbol extraction for C:\Users\RakaThinkpad\Documents\Project\educatedplanet\web\components\auth\login-modal.tsx: 6 symbols, 6 imports
[2025-11-05T12:08:00.198Z] [2025-11-05T12:08:00.197Z] [INDEXING-ORCHESTRATOR] [DEBUG] 📍 Chunk 10-67: 4 candidate symbols
[2025-11-05T12:08:00.198Z] [2025-11-05T12:08:00.197Z] [INDEXING-ORCHESTRATOR] [DEBUG] ✅ Chunk symbols after filtering: 4 symbols - LoginModalProps, OTPFormProps, OTPForm, OTPVerifyProps
[2025-11-05T12:08:00.198Z] [2025-11-05T12:08:00.197Z] [INDEXING-ORCHESTRATOR] [DEBUG] 📍 Chunk 69-128: 1 candidate symbols
[2025-11-05T12:08:00.198Z] [2025-11-05T12:08:00.197Z] [INDEXING-ORCHESTRATOR] [DEBUG] ✅ Chunk symbols after filtering: 1 symbols - OTPVerify
[2025-11-05T12:08:00.198Z] [2025-11-05T12:08:00.197Z] [INDEXING-ORCHESTRATOR] [DEBUG] 📍 Chunk 130-215: 1 candidate symbols
[2025-11-05T12:08:00.198Z] [2025-11-05T12:08:00.198Z] [INDEXING-ORCHESTRATOR] [DEBUG] ✅ Chunk symbols after filtering: 1 symbols - LoginModal
[2025-11-05T12:08:00.198Z] [2025-11-05T12:08:00.198Z] [INDEXING-ORCHESTRATOR] [DEBUG] Created 3 semantic chunks for C:\Users\RakaThinkpad\Documents\Project\educatedplanet\web\components\auth\login-modal.tsx
[2025-11-05T12:08:00.198Z] [2025-11-05T12:08:00.198Z] [INDEXING-ORCHESTRATOR] [DEBUG] Average chunk size: 1713 characters
[2025-11-05T12:08:00.199Z] [2025-11-05T12:08:00.199Z] [TREESITTER-CHUNKER] [INFO] Created 1 semantic chunks from C:\Users\RakaThinkpad\Documents\Project\educatedplanet\web\components\featured-tutors\index.ts
[2025-11-05T12:08:00.200Z] [2025-11-05T12:08:00.199Z] [TREESITTER-FULL] [INFO] Extracted 0 symbols from C:\Users\RakaThinkpad\Documents\Project\educatedplanet\web\components\featured-tutors\index.ts
[2025-11-05T12:08:00.200Z] [2025-11-05T12:08:00.199Z] [INDEXING-ORCHESTRATOR] [DEBUG] 🔍 Symbol extraction for C:\Users\RakaThinkpad\Documents\Project\educatedplanet\web\components\featured-tutors\index.ts: 0 symbols, 0 imports
[2025-11-05T12:08:00.200Z] [2025-11-05T12:08:00.199Z] [INDEXING-ORCHESTRATOR] [DEBUG] 📍 Chunk 1-4: 0 candidate symbols
[2025-11-05T12:08:00.200Z] [2025-11-05T12:08:00.199Z] [INDEXING-ORCHESTRATOR] [DEBUG] ✅ Chunk symbols after filtering: 0 symbols - 
[2025-11-05T12:08:00.200Z] [2025-11-05T12:08:00.199Z] [INDEXING-ORCHESTRATOR] [DEBUG] Created 1 semantic chunks for C:\Users\RakaThinkpad\Documents\Project\educatedplanet\web\components\featured-tutors\index.ts
[2025-11-05T12:08:00.200Z] [2025-11-05T12:08:00.199Z] [INDEXING-ORCHESTRATOR] [DEBUG] Average chunk size: 209 characters
[2025-11-05T12:08:00.220Z] [2025-11-05T12:08:00.220Z] [TREESITTER-CHUNKER] [INFO] Created 1 semantic chunks from C:\Users\RakaThinkpad\Documents\Project\educatedplanet\web\components\featured-tutors\integration-example.tsx
[2025-11-05T12:08:00.250Z] [2025-11-05T12:08:00.249Z] [TREESITTER-FULL] [INFO] Extracted 0 symbols from C:\Users\RakaThinkpad\Documents\Project\educatedplanet\web\components\featured-tutors\integration-example.tsx
[2025-11-05T12:08:00.250Z] [2025-11-05T12:08:00.249Z] [INDEXING-ORCHESTRATOR] [DEBUG] 🔍 Symbol extraction for C:\Users\RakaThinkpad\Documents\Project\educatedplanet\web\components\featured-tutors\integration-example.tsx: 0 symbols, 4 imports
[2025-11-05T12:08:00.250Z] [2025-11-05T12:08:00.249Z] [INDEXING-ORCHESTRATOR] [DEBUG] 📍 Chunk 1-103: 0 candidate symbols
[2025-11-05T12:08:00.250Z] [2025-11-05T12:08:00.249Z] [INDEXING-ORCHESTRATOR] [DEBUG] ✅ Chunk symbols after filtering: 0 symbols - 
[2025-11-05T12:08:00.250Z] [2025-11-05T12:08:00.249Z] [INDEXING-ORCHESTRATOR] [DEBUG] Created 1 semantic chunks for C:\Users\RakaThinkpad\Documents\Project\educatedplanet\web\components\featured-tutors\integration-example.tsx
[2025-11-05T12:08:00.250Z] [2025-11-05T12:08:00.249Z] [INDEXING-ORCHESTRATOR] [DEBUG] Average chunk size: 4831 characters
[2025-11-05T12:08:00.258Z] [2025-11-05T12:08:00.257Z] [TREESITTER-CHUNKER] [INFO] Created 2 semantic chunks from C:\Users\RakaThinkpad\Documents\Project\educatedplanet\web\components\featured-tutors\rating-stars.tsx
[2025-11-05T12:08:00.276Z] [2025-11-05T12:08:00.275Z] [TREESITTER-FULL] [INFO] Extracted 4 symbols from C:\Users\RakaThinkpad\Documents\Project\educatedplanet\web\components\featured-tutors\rating-stars.tsx
[2025-11-05T12:08:00.276Z] [2025-11-05T12:08:00.276Z] [INDEXING-ORCHESTRATOR] [DEBUG] 🔍 Symbol extraction for C:\Users\RakaThinkpad\Documents\Project\educatedplanet\web\components\featured-tutors\rating-stars.tsx: 4 symbols, 3 imports
[2025-11-05T12:08:00.276Z] [2025-11-05T12:08:00.276Z] [INDEXING-ORCHESTRATOR] [DEBUG] 📍 Chunk 7-13: 1 candidate symbols
[2025-11-05T12:08:00.276Z] [2025-11-05T12:08:00.276Z] [INDEXING-ORCHESTRATOR] [DEBUG] ✅ Chunk symbols after filtering: 1 symbols - RatingStarsProps
[2025-11-05T12:08:00.276Z] [2025-11-05T12:08:00.276Z] [INDEXING-ORCHESTRATOR] [DEBUG] 📍 Chunk 14-95: 3 candidate symbols
[2025-11-05T12:08:00.276Z] [2025-11-05T12:08:00.276Z] [INDEXING-ORCHESTRATOR] [DEBUG] ✅ Chunk symbols after filtering: 3 symbols - fullStars, sizeClasses, textSizes
[2025-11-05T12:08:00.276Z] [2025-11-05T12:08:00.276Z] [INDEXING-ORCHESTRATOR] [DEBUG] Created 2 semantic chunks for C:\Users\RakaThinkpad\Documents\Project\educatedplanet\web\components\featured-tutors\rating-stars.tsx
[2025-11-05T12:08:00.276Z] [2025-11-05T12:08:00.276Z] [INDEXING-ORCHESTRATOR] [DEBUG] Average chunk size: 1117 characters
[2025-11-05T12:08:00.289Z] [2025-11-05T12:08:00.289Z] [TREESITTER-CHUNKER] [INFO] Created 2 semantic chunks from C:\Users\RakaThinkpad\Documents\Project\educatedplanet\web\components\featured-tutors\tutor-card.tsx
[2025-11-05T12:08:00.336Z] [2025-11-05T12:08:00.335Z] [TREESITTER-FULL] [INFO] Extracted 3 symbols from C:\Users\RakaThinkpad\Documents\Project\educatedplanet\web\components\featured-tutors\tutor-card.tsx
[2025-11-05T12:08:00.336Z] [2025-11-05T12:08:00.335Z] [INDEXING-ORCHESTRATOR] [DEBUG] 🔍 Symbol extraction for C:\Users\RakaThinkpad\Documents\Project\educatedplanet\web\components\featured-tutors\tutor-card.tsx: 3 symbols, 12 imports
[2025-11-05T12:08:00.336Z] [2025-11-05T12:08:00.335Z] [INDEXING-ORCHESTRATOR] [DEBUG] 📍 Chunk 16-22: 1 candidate symbols
[2025-11-05T12:08:00.336Z] [2025-11-05T12:08:00.335Z] [INDEXING-ORCHESTRATOR] [DEBUG] ✅ Chunk symbols after filtering: 1 symbols - TutorCardProps
[2025-11-05T12:08:00.336Z] [2025-11-05T12:08:00.335Z] [INDEXING-ORCHESTRATOR] [DEBUG] 📍 Chunk 23-190: 2 candidate symbols
[2025-11-05T12:08:00.336Z] [2025-11-05T12:08:00.335Z] [INDEXING-ORCHESTRATOR] [DEBUG] ✅ Chunk symbols after filtering: 2 symbols - handleViewProfile, variantStyles
[2025-11-05T12:08:00.336Z] [2025-11-05T12:08:00.335Z] [INDEXING-ORCHESTRATOR] [DEBUG] Created 2 semantic chunks for C:\Users\RakaThinkpad\Documents\Project\educatedplanet\web\components\featured-tutors\tutor-card.tsx
[2025-11-05T12:08:00.336Z] [2025-11-05T12:08:00.335Z] [INDEXING-ORCHESTRATOR] [DEBUG] Average chunk size: 3176 characters
[2025-11-05T12:08:00.348Z] [2025-11-05T12:08:00.347Z] [TREESITTER-CHUNKER] [INFO] Created 2 semantic chunks from C:\Users\RakaThinkpad\Documents\Project\educatedplanet\web\components\header\header.tsx
[2025-11-05T12:08:00.397Z] [2025-11-05T12:08:00.397Z] [TREESITTER-FULL] [INFO] Extracted 2 symbols from C:\Users\RakaThinkpad\Documents\Project\educatedplanet\web\components\header\header.tsx
[2025-11-05T12:08:00.397Z] [2025-11-05T12:08:00.397Z] [INDEXING-ORCHESTRATOR] [DEBUG] 🔍 Symbol extraction for C:\Users\RakaThinkpad\Documents\Project\educatedplanet\web\components\header\header.tsx: 2 symbols, 8 imports
[2025-11-05T12:08:00.398Z] [2025-11-05T12:08:00.397Z] [INDEXING-ORCHESTRATOR] [DEBUG] 📍 Chunk 12-14: 1 candidate symbols
[2025-11-05T12:08:00.398Z] [2025-11-05T12:08:00.397Z] [INDEXING-ORCHESTRATOR] [DEBUG] ✅ Chunk symbols after filtering: 1 symbols - HeaderProps
[2025-11-05T12:08:00.398Z] [2025-11-05T12:08:00.397Z] [INDEXING-ORCHESTRATOR] [DEBUG] 📍 Chunk 16-84: 1 candidate symbols
[2025-11-05T12:08:00.398Z] [2025-11-05T12:08:00.397Z] [INDEXING-ORCHESTRATOR] [DEBUG] ✅ Chunk symbols after filtering: 1 symbols - Header
[2025-11-05T12:08:00.398Z] [2025-11-05T12:08:00.397Z] [INDEXING-ORCHESTRATOR] [DEBUG] Created 2 semantic chunks for C:\Users\RakaThinkpad\Documents\Project\educatedplanet\web\components\header\header.tsx
[2025-11-05T12:08:00.398Z] [2025-11-05T12:08:00.397Z] [INDEXING-ORCHESTRATOR] [DEBUG] Average chunk size: 1094 characters
[2025-11-05T12:08:00.399Z] [2025-11-05T12:08:00.398Z] [TREESITTER-CHUNKER] [INFO] Created 1 semantic chunks from C:\Users\RakaThinkpad\Documents\Project\educatedplanet\web\components\header\index.ts
[2025-11-05T12:08:00.400Z] [2025-11-05T12:08:00.399Z] [TREESITTER-FULL] [INFO] Extracted 0 symbols from C:\Users\RakaThinkpad\Documents\Project\educatedplanet\web\components\header\index.ts
[2025-11-05T12:08:00.400Z] [2025-11-05T12:08:00.399Z] [INDEXING-ORCHESTRATOR] [DEBUG] 🔍 Symbol extraction for C:\Users\RakaThinkpad\Documents\Project\educatedplanet\web\components\header\index.ts: 0 symbols, 0 imports
[2025-11-05T12:08:00.400Z] [2025-11-05T12:08:00.399Z] [INDEXING-ORCHESTRATOR] [DEBUG] 📍 Chunk 1-4: 0 candidate symbols
[2025-11-05T12:08:00.400Z] [2025-11-05T12:08:00.399Z] [INDEXING-ORCHESTRATOR] [DEBUG] ✅ Chunk symbols after filtering: 0 symbols - 
[2025-11-05T12:08:00.400Z] [2025-11-05T12:08:00.399Z] [INDEXING-ORCHESTRATOR] [DEBUG] Created 1 semantic chunks for C:\Users\RakaThinkpad\Documents\Project\educatedplanet\web\components\header\index.ts
[2025-11-05T12:08:00.400Z] [2025-11-05T12:08:00.399Z] [INDEXING-ORCHESTRATOR] [DEBUG] Average chunk size: 148 characters
[2025-11-05T12:08:00.412Z] [2025-11-05T12:08:00.411Z] [TREESITTER-CHUNKER] [INFO] Created 2 semantic chunks from C:\Users\RakaThinkpad\Documents\Project\educatedplanet\web\components\featured-tutors\teaching-mode-badge.tsx
[2025-11-05T12:08:00.421Z] [2025-11-05T12:08:00.420Z] [TREESITTER-FULL] [INFO] Extracted 4 symbols from C:\Users\RakaThinkpad\Documents\Project\educatedplanet\web\components\featured-tutors\teaching-mode-badge.tsx
[2025-11-05T12:08:00.421Z] [2025-11-05T12:08:00.420Z] [INDEXING-ORCHESTRATOR] [DEBUG] 🔍 Symbol extraction for C:\Users\RakaThinkpad\Documents\Project\educatedplanet\web\components\featured-tutors\teaching-mode-badge.tsx: 4 symbols, 4 imports
[2025-11-05T12:08:00.421Z] [2025-11-05T12:08:00.420Z] [INDEXING-ORCHESTRATOR] [DEBUG] 📍 Chunk 8-12: 1 candidate symbols
[2025-11-05T12:08:00.421Z] [2025-11-05T12:08:00.420Z] [INDEXING-ORCHESTRATOR] [DEBUG] ✅ Chunk symbols after filtering: 1 symbols - TeachingModeBadgeProps
[2025-11-05T12:08:00.421Z] [2025-11-05T12:08:00.420Z] [INDEXING-ORCHESTRATOR] [DEBUG] 📍 Chunk 13-81: 3 candidate symbols
[2025-11-05T12:08:00.421Z] [2025-11-05T12:08:00.420Z] [INDEXING-ORCHESTRATOR] [DEBUG] ✅ Chunk symbols after filtering: 3 symbols - getBadgeInfo, sizeClasses, iconSizes
[2025-11-05T12:08:00.421Z] [2025-11-05T12:08:00.420Z] [INDEXING-ORCHESTRATOR] [DEBUG] Created 2 semantic chunks for C:\Users\RakaThinkpad\Documents\Project\educatedplanet\web\components\featured-tutors\teaching-mode-badge.tsx
[2025-11-05T12:08:00.421Z] [2025-11-05T12:08:00.420Z] [INDEXING-ORCHESTRATOR] [DEBUG] Average chunk size: 999 characters
[2025-11-05T12:08:00.424Z] [2025-11-05T12:08:00.423Z] [TREESITTER-CHUNKER] [INFO] Created 1 semantic chunks from C:\Users\RakaThinkpad\Documents\Project\educatedplanet\web\components\header\logo.tsx
[2025-11-05T12:08:00.429Z] [2025-11-05T12:08:00.429Z] [TREESITTER-FULL] [INFO] Extracted 2 symbols from C:\Users\RakaThinkpad\Documents\Project\educatedplanet\web\components\header\logo.tsx
[2025-11-05T12:08:00.429Z] [2025-11-05T12:08:00.429Z] [INDEXING-ORCHESTRATOR] [DEBUG] 🔍 Symbol extraction for C:\Users\RakaThinkpad\Documents\Project\educatedplanet\web\components\header\logo.tsx: 2 symbols, 2 imports
[2025-11-05T12:08:00.429Z] [2025-11-05T12:08:00.429Z] [INDEXING-ORCHESTRATOR] [DEBUG] 📍 Chunk 4-53: 2 candidate symbols
[2025-11-05T12:08:00.429Z] [2025-11-05T12:08:00.429Z] [INDEXING-ORCHESTRATOR] [DEBUG] ✅ Chunk symbols after filtering: 2 symbols - LogoProps, Logo
[2025-11-05T12:08:00.429Z] [2025-11-05T12:08:00.429Z] [INDEXING-ORCHESTRATOR] [DEBUG] Created 1 semantic chunks for C:\Users\RakaThinkpad\Documents\Project\educatedplanet\web\components\header\logo.tsx
[2025-11-05T12:08:00.429Z] [2025-11-05T12:08:00.429Z] [INDEXING-ORCHESTRATOR] [DEBUG] Average chunk size: 1194 characters
[2025-11-05T12:08:00.429Z] [2025-11-05T12:08:00.429Z] [INDEXING-ORCHESTRATOR] [DEBUG] 📊 Processed: 200/220 files
[2025-11-05T12:08:00.444Z] [2025-11-05T12:08:00.443Z] [TREESITTER-CHUNKER] [INFO] Created 2 semantic chunks from C:\Users\RakaThinkpad\Documents\Project\educatedplanet\web\components\header\mobile-menu.tsx
[2025-11-05T12:08:00.452Z] [2025-11-05T12:08:00.451Z] [TREESITTER-FULL] [INFO] Extracted 2 symbols from C:\Users\RakaThinkpad\Documents\Project\educatedplanet\web\components\header\mobile-menu.tsx
[2025-11-05T12:08:00.452Z] [2025-11-05T12:08:00.451Z] [INDEXING-ORCHESTRATOR] [DEBUG] 🔍 Symbol extraction for C:\Users\RakaThinkpad\Documents\Project\educatedplanet\web\components\header\mobile-menu.tsx: 2 symbols, 8 imports
[2025-11-05T12:08:00.452Z] [2025-11-05T12:08:00.451Z] [INDEXING-ORCHESTRATOR] [DEBUG] 📍 Chunk 12-14: 1 candidate symbols
[2025-11-05T12:08:00.452Z] [2025-11-05T12:08:00.451Z] [INDEXING-ORCHESTRATOR] [DEBUG] ✅ Chunk symbols after filtering: 1 symbols - MobileMenuProps
[2025-11-05T12:08:00.452Z] [2025-11-05T12:08:00.451Z] [INDEXING-ORCHESTRATOR] [DEBUG] 📍 Chunk 15-68: 1 candidate symbols
[2025-11-05T12:08:00.452Z] [2025-11-05T12:08:00.451Z] [INDEXING-ORCHESTRATOR] [DEBUG] ✅ Chunk symbols after filtering: 1 symbols - handleNavClick
[2025-11-05T12:08:00.452Z] [2025-11-05T12:08:00.451Z] [INDEXING-ORCHESTRATOR] [DEBUG] Created 2 semantic chunks for C:\Users\RakaThinkpad\Documents\Project\educatedplanet\web\components\header\mobile-menu.tsx
[2025-11-05T12:08:00.452Z] [2025-11-05T12:08:00.451Z] [INDEXING-ORCHESTRATOR] [DEBUG] Average chunk size: 701 characters
[2025-11-05T12:08:00.456Z] [2025-11-05T12:08:00.455Z] [TREESITTER-CHUNKER] [INFO] Created 1 semantic chunks from C:\Users\RakaThinkpad\Documents\Project\educatedplanet\web\components\header\navigation.tsx
[2025-11-05T12:08:00.464Z] [2025-11-05T12:08:00.464Z] [TREESITTER-FULL] [INFO] Extracted 3 symbols from C:\Users\RakaThinkpad\Documents\Project\educatedplanet\web\components\header\navigation.tsx
[2025-11-05T12:08:00.464Z] [2025-11-05T12:08:00.464Z] [INDEXING-ORCHESTRATOR] [DEBUG] 🔍 Symbol extraction for C:\Users\RakaThinkpad\Documents\Project\educatedplanet\web\components\header\navigation.tsx: 3 symbols, 3 imports
[2025-11-05T12:08:00.464Z] [2025-11-05T12:08:00.464Z] [INDEXING-ORCHESTRATOR] [DEBUG] 📍 Chunk 7-74: 3 candidate symbols
[2025-11-05T12:08:00.464Z] [2025-11-05T12:08:00.464Z] [INDEXING-ORCHESTRATOR] [DEBUG] ✅ Chunk symbols after filtering: 3 symbols - NavigationProps, NavItemProps, NavItem
[2025-11-05T12:08:00.464Z] [2025-11-05T12:08:00.464Z] [INDEXING-ORCHESTRATOR] [DEBUG] Created 1 semantic chunks for C:\Users\RakaThinkpad\Documents\Project\educatedplanet\web\components\header\navigation.tsx
[2025-11-05T12:08:00.464Z] [2025-11-05T12:08:00.464Z] [INDEXING-ORCHESTRATOR] [DEBUG] Average chunk size: 1439 characters
[2025-11-05T12:08:00.481Z] [2025-11-05T12:08:00.480Z] [TREESITTER-CHUNKER] [INFO] Created 2 semantic chunks from C:\Users\RakaThinkpad\Documents\Project\educatedplanet\web\components\hero\hero-section.tsx
[2025-11-05T12:08:00.629Z] [2025-11-05T12:08:00.628Z] [TREESITTER-FULL] [INFO] Extracted 2 symbols from C:\Users\RakaThinkpad\Documents\Project\educatedplanet\web\components\hero\hero-section.tsx
[2025-11-05T12:08:00.629Z] [2025-11-05T12:08:00.629Z] [INDEXING-ORCHESTRATOR] [DEBUG] 🔍 Symbol extraction for C:\Users\RakaThinkpad\Documents\Project\educatedplanet\web\components\hero\hero-section.tsx: 2 symbols, 6 imports
[2025-11-05T12:08:00.629Z] [2025-11-05T12:08:00.629Z] [INDEXING-ORCHESTRATOR] [DEBUG] 📍 Chunk 10-12: 1 candidate symbols
[2025-11-05T12:08:00.629Z] [2025-11-05T12:08:00.629Z] [INDEXING-ORCHESTRATOR] [DEBUG] ✅ Chunk symbols after filtering: 1 symbols - HeroSectionProps
[2025-11-05T12:08:00.630Z] [2025-11-05T12:08:00.629Z] [INDEXING-ORCHESTRATOR] [DEBUG] 📍 Chunk 14-176: 1 candidate symbols
[2025-11-05T12:08:00.630Z] [2025-11-05T12:08:00.629Z] [INDEXING-ORCHESTRATOR] [DEBUG] ✅ Chunk symbols after filtering: 1 symbols - HeroSection
[2025-11-05T12:08:00.630Z] [2025-11-05T12:08:00.629Z] [INDEXING-ORCHESTRATOR] [DEBUG] Created 2 semantic chunks for C:\Users\RakaThinkpad\Documents\Project\educatedplanet\web\components\hero\hero-section.tsx
[2025-11-05T12:08:00.630Z] [2025-11-05T12:08:00.629Z] [INDEXING-ORCHESTRATOR] [DEBUG] Average chunk size: 3196 characters
[2025-11-05T12:08:00.633Z] [2025-11-05T12:08:00.633Z] [TREESITTER-CHUNKER] [INFO] Created 2 semantic chunks from C:\Users\RakaThinkpad\Documents\Project\educatedplanet\web\components\ui\badge.tsx
[2025-11-05T12:08:00.638Z] [2025-11-05T12:08:00.637Z] [TREESITTER-FULL] [INFO] Extracted 3 symbols from C:\Users\RakaThinkpad\Documents\Project\educatedplanet\web\components\ui\badge.tsx
[2025-11-05T12:08:00.638Z] [2025-11-05T12:08:00.637Z] [INDEXING-ORCHESTRATOR] [DEBUG] 🔍 Symbol extraction for C:\Users\RakaThinkpad\Documents\Project\educatedplanet\web\components\ui\badge.tsx: 3 symbols, 3 imports
[2025-11-05T12:08:00.638Z] [2025-11-05T12:08:00.637Z] [INDEXING-ORCHESTRATOR] [DEBUG] 📍 Chunk 26-34: 2 candidate symbols
[2025-11-05T12:08:00.638Z] [2025-11-05T12:08:00.637Z] [INDEXING-ORCHESTRATOR] [DEBUG] ✅ Chunk symbols after filtering: 2 symbols - BadgeProps, Badge
[2025-11-05T12:08:00.638Z] [2025-11-05T12:08:00.637Z] [INDEXING-ORCHESTRATOR] [DEBUG] 📍 Chunk 35-36: 0 candidate symbols
[2025-11-05T12:08:00.638Z] [2025-11-05T12:08:00.637Z] [INDEXING-ORCHESTRATOR] [DEBUG] ✅ Chunk symbols after filtering: 0 symbols - 
[2025-11-05T12:08:00.638Z] [2025-11-05T12:08:00.637Z] [INDEXING-ORCHESTRATOR] [DEBUG] Created 2 semantic chunks for C:\Users\RakaThinkpad\Documents\Project\educatedplanet\web\components\ui\badge.tsx
[2025-11-05T12:08:00.638Z] [2025-11-05T12:08:00.637Z] [INDEXING-ORCHESTRATOR] [DEBUG] Average chunk size: 150 characters
[2025-11-05T12:08:00.639Z] [2025-11-05T12:08:00.638Z] [TREESITTER-CHUNKER] [INFO] Created 1 semantic chunks from C:\Users\RakaThinkpad\Documents\Project\educatedplanet\web\components\hero\index.ts
[2025-11-05T12:08:00.639Z] [2025-11-05T12:08:00.639Z] [TREESITTER-FULL] [INFO] Extracted 0 symbols from C:\Users\RakaThinkpad\Documents\Project\educatedplanet\web\components\hero\index.ts
[2025-11-05T12:08:00.639Z] [2025-11-05T12:08:00.639Z] [INDEXING-ORCHESTRATOR] [DEBUG] 🔍 Symbol extraction for C:\Users\RakaThinkpad\Documents\Project\educatedplanet\web\components\hero\index.ts: 0 symbols, 0 imports
[2025-11-05T12:08:00.639Z] [2025-11-05T12:08:00.639Z] [INDEXING-ORCHESTRATOR] [DEBUG] 📍 Chunk 1-2: 0 candidate symbols
[2025-11-05T12:08:00.639Z] [2025-11-05T12:08:00.639Z] [INDEXING-ORCHESTRATOR] [DEBUG] ✅ Chunk symbols after filtering: 0 symbols - 
[2025-11-05T12:08:00.639Z] [2025-11-05T12:08:00.639Z] [INDEXING-ORCHESTRATOR] [DEBUG] Created 1 semantic chunks for C:\Users\RakaThinkpad\Documents\Project\educatedplanet\web\components\hero\index.ts
[2025-11-05T12:08:00.639Z] [2025-11-05T12:08:00.639Z] [INDEXING-ORCHESTRATOR] [DEBUG] Average chunk size: 99 characters
[2025-11-05T12:08:00.650Z] [2025-11-05T12:08:00.650Z] [TREESITTER-CHUNKER] [INFO] Created 1 semantic chunks from C:\Users\RakaThinkpad\Documents\Project\educatedplanet\web\components\ui\card.tsx
[2025-11-05T12:08:00.681Z] [2025-11-05T12:08:00.680Z] [TREESITTER-FULL] [INFO] Extracted 0 symbols from C:\Users\RakaThinkpad\Documents\Project\educatedplanet\web\components\ui\card.tsx
[2025-11-05T12:08:00.682Z] [2025-11-05T12:08:00.681Z] [INDEXING-ORCHESTRATOR] [DEBUG] 🔍 Symbol extraction for C:\Users\RakaThinkpad\Documents\Project\educatedplanet\web\components\ui\card.tsx: 0 symbols, 2 imports
[2025-11-05T12:08:00.682Z] [2025-11-05T12:08:00.681Z] [INDEXING-ORCHESTRATOR] [DEBUG] 📍 Chunk 1-79: 0 candidate symbols
[2025-11-05T12:08:00.682Z] [2025-11-05T12:08:00.681Z] [INDEXING-ORCHESTRATOR] [DEBUG] ✅ Chunk symbols after filtering: 0 symbols - 
[2025-11-05T12:08:00.682Z] [2025-11-05T12:08:00.681Z] [INDEXING-ORCHESTRATOR] [DEBUG] Created 1 semantic chunks for C:\Users\RakaThinkpad\Documents\Project\educatedplanet\web\components\ui\card.tsx
[2025-11-05T12:08:00.682Z] [2025-11-05T12:08:00.681Z] [INDEXING-ORCHESTRATOR] [DEBUG] Average chunk size: 1876 characters
[2025-11-05T12:08:00.687Z] [2025-11-05T12:08:00.686Z] [TREESITTER-CHUNKER] [INFO] Created 2 semantic chunks from C:\Users\RakaThinkpad\Documents\Project\educatedplanet\web\components\ui\button.tsx
[2025-11-05T12:08:00.704Z] [2025-11-05T12:08:00.703Z] [TREESITTER-FULL] [INFO] Extracted 3 symbols from C:\Users\RakaThinkpad\Documents\Project\educatedplanet\web\components\ui\button.tsx
[2025-11-05T12:08:00.704Z] [2025-11-05T12:08:00.703Z] [INDEXING-ORCHESTRATOR] [DEBUG] 🔍 Symbol extraction for C:\Users\RakaThinkpad\Documents\Project\educatedplanet\web\components\ui\button.tsx: 3 symbols, 4 imports
[2025-11-05T12:08:00.704Z] [2025-11-05T12:08:00.703Z] [INDEXING-ORCHESTRATOR] [DEBUG] 📍 Chunk 36-40: 1 candidate symbols
[2025-11-05T12:08:00.704Z] [2025-11-05T12:08:00.703Z] [INDEXING-ORCHESTRATOR] [DEBUG] ✅ Chunk symbols after filtering: 1 symbols - ButtonProps
[2025-11-05T12:08:00.704Z] [2025-11-05T12:08:00.703Z] [INDEXING-ORCHESTRATOR] [DEBUG] 📍 Chunk 41-56: 1 candidate symbols
[2025-11-05T12:08:00.704Z] [2025-11-05T12:08:00.703Z] [INDEXING-ORCHESTRATOR] [DEBUG] ✅ Chunk symbols after filtering: 1 symbols - Button
[2025-11-05T12:08:00.704Z] [2025-11-05T12:08:00.703Z] [INDEXING-ORCHESTRATOR] [DEBUG] Created 2 semantic chunks for C:\Users\RakaThinkpad\Documents\Project\educatedplanet\web\components\ui\button.tsx
[2025-11-05T12:08:00.704Z] [2025-11-05T12:08:00.704Z] [INDEXING-ORCHESTRATOR] [DEBUG] Average chunk size: 268 characters
[2025-11-05T12:08:00.723Z] [2025-11-05T12:08:00.722Z] [TREESITTER-CHUNKER] [INFO] Created 1 semantic chunks from C:\Users\RakaThinkpad\Documents\Project\educatedplanet\web\components\ui\dialog.tsx
[2025-11-05T12:08:00.756Z] [2025-11-05T12:08:00.755Z] [TREESITTER-FULL] [INFO] Extracted 0 symbols from C:\Users\RakaThinkpad\Documents\Project\educatedplanet\web\components\ui\dialog.tsx
[2025-11-05T12:08:00.756Z] [2025-11-05T12:08:00.755Z] [INDEXING-ORCHESTRATOR] [DEBUG] 🔍 Symbol extraction for C:\Users\RakaThinkpad\Documents\Project\educatedplanet\web\components\ui\dialog.tsx: 0 symbols, 4 imports
[2025-11-05T12:08:00.756Z] [2025-11-05T12:08:00.755Z] [INDEXING-ORCHESTRATOR] [DEBUG] 📍 Chunk 1-120: 0 candidate symbols
[2025-11-05T12:08:00.756Z] [2025-11-05T12:08:00.755Z] [INDEXING-ORCHESTRATOR] [DEBUG] ✅ Chunk symbols after filtering: 0 symbols - 
[2025-11-05T12:08:00.756Z] [2025-11-05T12:08:00.755Z] [INDEXING-ORCHESTRATOR] [DEBUG] Created 1 semantic chunks for C:\Users\RakaThinkpad\Documents\Project\educatedplanet\web\components\ui\dialog.tsx
[2025-11-05T12:08:00.756Z] [2025-11-05T12:08:00.755Z] [INDEXING-ORCHESTRATOR] [DEBUG] Average chunk size: 3855 characters
[2025-11-05T12:08:00.758Z] [2025-11-05T12:08:00.757Z] [TREESITTER-CHUNKER] [INFO] Created 2 semantic chunks from C:\Users\RakaThinkpad\Documents\Project\educatedplanet\web\components\ui\input.tsx
[2025-11-05T12:08:00.764Z] [2025-11-05T12:08:00.763Z] [TREESITTER-FULL] [INFO] Extracted 2 symbols from C:\Users\RakaThinkpad\Documents\Project\educatedplanet\web\components\ui\input.tsx
[2025-11-05T12:08:00.764Z] [2025-11-05T12:08:00.763Z] [INDEXING-ORCHESTRATOR] [DEBUG] 🔍 Symbol extraction for C:\Users\RakaThinkpad\Documents\Project\educatedplanet\web\components\ui\input.tsx: 2 symbols, 2 imports
[2025-11-05T12:08:00.764Z] [2025-11-05T12:08:00.763Z] [INDEXING-ORCHESTRATOR] [DEBUG] 📍 Chunk 5-6: 1 candidate symbols
[2025-11-05T12:08:00.764Z] [2025-11-05T12:08:00.763Z] [INDEXING-ORCHESTRATOR] [DEBUG] ✅ Chunk symbols after filtering: 1 symbols - InputProps
[2025-11-05T12:08:00.764Z] [2025-11-05T12:08:00.763Z] [INDEXING-ORCHESTRATOR] [DEBUG] 📍 Chunk 7-25: 1 candidate symbols
[2025-11-05T12:08:00.764Z] [2025-11-05T12:08:00.763Z] [INDEXING-ORCHESTRATOR] [DEBUG] ✅ Chunk symbols after filtering: 1 symbols - Input
[2025-11-05T12:08:00.764Z] [2025-11-05T12:08:00.763Z] [INDEXING-ORCHESTRATOR] [DEBUG] Created 2 semantic chunks for C:\Users\RakaThinkpad\Documents\Project\educatedplanet\web\components\ui\input.tsx
[2025-11-05T12:08:00.764Z] [2025-11-05T12:08:00.763Z] [INDEXING-ORCHESTRATOR] [DEBUG] Average chunk size: 374 characters
[2025-11-05T12:08:00.767Z] [2025-11-05T12:08:00.766Z] [TREESITTER-CHUNKER] [INFO] Created 1 semantic chunks from C:\Users\RakaThinkpad\Documents\Project\educatedplanet\web\components\ui\label.tsx
[2025-11-05T12:08:00.771Z] [2025-11-05T12:08:00.770Z] [TREESITTER-FULL] [INFO] Extracted 1 symbols from C:\Users\RakaThinkpad\Documents\Project\educatedplanet\web\components\ui\label.tsx
[2025-11-05T12:08:00.771Z] [2025-11-05T12:08:00.770Z] [INDEXING-ORCHESTRATOR] [DEBUG] 🔍 Symbol extraction for C:\Users\RakaThinkpad\Documents\Project\educatedplanet\web\components\ui\label.tsx: 1 symbols, 4 imports
[2025-11-05T12:08:00.771Z] [2025-11-05T12:08:00.770Z] [INDEXING-ORCHESTRATOR] [DEBUG] 📍 Chunk 1-24: 1 candidate symbols
[2025-11-05T12:08:00.771Z] [2025-11-05T12:08:00.770Z] [INDEXING-ORCHESTRATOR] [DEBUG] ✅ Chunk symbols after filtering: 1 symbols - labelVariants
[2025-11-05T12:08:00.771Z] [2025-11-05T12:08:00.770Z] [INDEXING-ORCHESTRATOR] [DEBUG] Created 1 semantic chunks for C:\Users\RakaThinkpad\Documents\Project\educatedplanet\web\components\ui\label.tsx
[2025-11-05T12:08:00.771Z] [2025-11-05T12:08:00.770Z] [INDEXING-ORCHESTRATOR] [DEBUG] Average chunk size: 709 characters
[2025-11-05T12:08:00.771Z] [2025-11-05T12:08:00.770Z] [INDEXING-ORCHESTRATOR] [DEBUG] 📊 Processed: 210/220 files
[2025-11-05T12:08:00.802Z] [2025-11-05T12:08:00.801Z] [TREESITTER-CHUNKER] [INFO] Created 1 semantic chunks from C:\Users\RakaThinkpad\Documents\Project\educatedplanet\web\components\ui\select.tsx
[2025-11-05T12:08:00.851Z] [2025-11-05T12:08:00.851Z] [TREESITTER-FULL] [INFO] Extracted 3 symbols from C:\Users\RakaThinkpad\Documents\Project\educatedplanet\web\components\ui\select.tsx
[2025-11-05T12:08:00.852Z] [2025-11-05T12:08:00.851Z] [INDEXING-ORCHESTRATOR] [DEBUG] 🔍 Symbol extraction for C:\Users\RakaThinkpad\Documents\Project\educatedplanet\web\components\ui\select.tsx: 3 symbols, 4 imports
[2025-11-05T12:08:00.852Z] [2025-11-05T12:08:00.851Z] [INDEXING-ORCHESTRATOR] [DEBUG] 📍 Chunk 1-158: 3 candidate symbols
[2025-11-05T12:08:00.852Z] [2025-11-05T12:08:00.851Z] [INDEXING-ORCHESTRATOR] [DEBUG] ✅ Chunk symbols after filtering: 3 symbols - SelectTrigger, SelectScrollUpButton, SelectScrollDownButton
[2025-11-05T12:08:00.852Z] [2025-11-05T12:08:00.851Z] [INDEXING-ORCHESTRATOR] [DEBUG] Created 1 semantic chunks for C:\Users\RakaThinkpad\Documents\Project\educatedplanet\web\components\ui\select.tsx
[2025-11-05T12:08:00.852Z] [2025-11-05T12:08:00.851Z] [INDEXING-ORCHESTRATOR] [DEBUG] Average chunk size: 5614 characters
[2025-11-05T12:08:00.856Z] [2025-11-05T12:08:00.855Z] [TREESITTER-CHUNKER] [INFO] Created 1 semantic chunks from C:\Users\RakaThinkpad\Documents\Project\educatedplanet\web\components\ui\separator.tsx
[2025-11-05T12:08:00.864Z] [2025-11-05T12:08:00.863Z] [TREESITTER-FULL] [INFO] Extracted 0 symbols from C:\Users\RakaThinkpad\Documents\Project\educatedplanet\web\components\ui\separator.tsx
[2025-11-05T12:08:00.864Z] [2025-11-05T12:08:00.863Z] [INDEXING-ORCHESTRATOR] [DEBUG] 🔍 Symbol extraction for C:\Users\RakaThinkpad\Documents\Project\educatedplanet\web\components\ui\separator.tsx: 0 symbols, 3 imports
[2025-11-05T12:08:00.864Z] [2025-11-05T12:08:00.863Z] [INDEXING-ORCHESTRATOR] [DEBUG] 📍 Chunk 1-29: 0 candidate symbols
[2025-11-05T12:08:00.864Z] [2025-11-05T12:08:00.863Z] [INDEXING-ORCHESTRATOR] [DEBUG] ✅ Chunk symbols after filtering: 0 symbols - 
[2025-11-05T12:08:00.864Z] [2025-11-05T12:08:00.863Z] [INDEXING-ORCHESTRATOR] [DEBUG] Created 1 semantic chunks for C:\Users\RakaThinkpad\Documents\Project\educatedplanet\web\components\ui\separator.tsx
[2025-11-05T12:08:00.864Z] [2025-11-05T12:08:00.863Z] [INDEXING-ORCHESTRATOR] [DEBUG] Average chunk size: 755 characters
[2025-11-05T12:08:00.880Z] [2025-11-05T12:08:00.880Z] [TREESITTER-CHUNKER] [INFO] Created 2 semantic chunks from C:\Users\RakaThinkpad\Documents\Project\educatedplanet\web\components\ui\sheet.tsx
[2025-11-05T12:08:00.922Z] [2025-11-05T12:08:00.921Z] [TREESITTER-FULL] [INFO] Extracted 3 symbols from C:\Users\RakaThinkpad\Documents\Project\educatedplanet\web\components\ui\sheet.tsx
[2025-11-05T12:08:00.922Z] [2025-11-05T12:08:00.921Z] [INDEXING-ORCHESTRATOR] [DEBUG] 🔍 Symbol extraction for C:\Users\RakaThinkpad\Documents\Project\educatedplanet\web\components\ui\sheet.tsx: 3 symbols, 5 imports
[2025-11-05T12:08:00.922Z] [2025-11-05T12:08:00.921Z] [INDEXING-ORCHESTRATOR] [DEBUG] 📍 Chunk 35-39: 1 candidate symbols
[2025-11-05T12:08:00.922Z] [2025-11-05T12:08:00.922Z] [INDEXING-ORCHESTRATOR] [DEBUG] ✅ Chunk symbols after filtering: 1 symbols - SheetContentProps
[2025-11-05T12:08:00.922Z] [2025-11-05T12:08:00.922Z] [INDEXING-ORCHESTRATOR] [DEBUG] 📍 Chunk 40-144: 1 candidate symbols
[2025-11-05T12:08:00.922Z] [2025-11-05T12:08:00.922Z] [INDEXING-ORCHESTRATOR] [DEBUG] ✅ Chunk symbols after filtering: 1 symbols - SheetContent
[2025-11-05T12:08:00.922Z] [2025-11-05T12:08:00.922Z] [INDEXING-ORCHESTRATOR] [DEBUG] Created 2 semantic chunks for C:\Users\RakaThinkpad\Documents\Project\educatedplanet\web\components\ui\sheet.tsx
[2025-11-05T12:08:00.922Z] [2025-11-05T12:08:00.922Z] [INDEXING-ORCHESTRATOR] [DEBUG] Average chunk size: 1611 characters
[2025-11-05T12:08:00.933Z] [2025-11-05T12:08:00.932Z] [TREESITTER-CHUNKER] [INFO] Created 1 semantic chunks from C:\Users\RakaThinkpad\Documents\Project\educatedplanet\web\data\featured-tutors-data.ts
[2025-11-05T12:08:00.955Z] [2025-11-05T12:08:00.955Z] [TREESITTER-FULL] [INFO] Extracted 1 symbols from C:\Users\RakaThinkpad\Documents\Project\educatedplanet\web\data\featured-tutors-data.ts
[2025-11-05T12:08:00.955Z] [2025-11-05T12:08:00.955Z] [INDEXING-ORCHESTRATOR] [DEBUG] 🔍 Symbol extraction for C:\Users\RakaThinkpad\Documents\Project\educatedplanet\web\data\featured-tutors-data.ts: 1 symbols, 1 imports
[2025-11-05T12:08:00.956Z] [2025-11-05T12:08:00.955Z] [INDEXING-ORCHESTRATOR] [DEBUG] 📍 Chunk 1-192: 1 candidate symbols
[2025-11-05T12:08:00.956Z] [2025-11-05T12:08:00.955Z] [INDEXING-ORCHESTRATOR] [DEBUG] ✅ Chunk symbols after filtering: 1 symbols - featuredTutors
[2025-11-05T12:08:00.956Z] [2025-11-05T12:08:00.955Z] [INDEXING-ORCHESTRATOR] [DEBUG] Created 1 semantic chunks for C:\Users\RakaThinkpad\Documents\Project\educatedplanet\web\data\featured-tutors-data.ts
[2025-11-05T12:08:00.956Z] [2025-11-05T12:08:00.955Z] [INDEXING-ORCHESTRATOR] [DEBUG] Average chunk size: 4130 characters
[2025-11-05T12:08:00.957Z] [2025-11-05T12:08:00.956Z] [TREESITTER-CHUNKER] [INFO] Created 1 semantic chunks from C:\Users\RakaThinkpad\Documents\Project\educatedplanet\web\eslint.config.mjs
[2025-11-05T12:08:00.958Z] [2025-11-05T12:08:00.958Z] [TREESITTER-FULL] [INFO] Extracted 1 symbols from C:\Users\RakaThinkpad\Documents\Project\educatedplanet\web\eslint.config.mjs
[2025-11-05T12:08:00.959Z] [2025-11-05T12:08:00.958Z] [INDEXING-ORCHESTRATOR] [DEBUG] 🔍 Symbol extraction for C:\Users\RakaThinkpad\Documents\Project\educatedplanet\web\eslint.config.mjs: 1 symbols, 3 imports
[2025-11-05T12:08:00.959Z] [2025-11-05T12:08:00.958Z] [INDEXING-ORCHESTRATOR] [DEBUG] 📍 Chunk 1-19: 1 candidate symbols
[2025-11-05T12:08:00.959Z] [2025-11-05T12:08:00.958Z] [INDEXING-ORCHESTRATOR] [DEBUG] ✅ Chunk symbols after filtering: 1 symbols - eslintConfig
[2025-11-05T12:08:00.959Z] [2025-11-05T12:08:00.958Z] [INDEXING-ORCHESTRATOR] [DEBUG] Created 1 semantic chunks for C:\Users\RakaThinkpad\Documents\Project\educatedplanet\web\eslint.config.mjs
[2025-11-05T12:08:00.959Z] [2025-11-05T12:08:00.958Z] [INDEXING-ORCHESTRATOR] [DEBUG] Average chunk size: 464 characters
[2025-11-05T12:08:00.981Z] [2025-11-05T12:08:00.980Z] [TREESITTER-CHUNKER] [INFO] Created 6 semantic chunks from C:\Users\RakaThinkpad\Documents\Project\educatedplanet\web\examples\header-usage.tsx
[2025-11-05T12:08:01.075Z] [2025-11-05T12:08:01.074Z] [TREESITTER-FULL] [INFO] Extracted 7 symbols from C:\Users\RakaThinkpad\Documents\Project\educatedplanet\web\examples\header-usage.tsx
[2025-11-05T12:08:01.075Z] [2025-11-05T12:08:01.074Z] [INDEXING-ORCHESTRATOR] [DEBUG] 🔍 Symbol extraction for C:\Users\RakaThinkpad\Documents\Project\educatedplanet\web\examples\header-usage.tsx: 7 symbols, 7 imports
[2025-11-05T12:08:01.075Z] [2025-11-05T12:08:01.075Z] [INDEXING-ORCHESTRATOR] [DEBUG] 📍 Chunk 13-23: 1 candidate symbols
[2025-11-05T12:08:01.075Z] [2025-11-05T12:08:01.075Z] [INDEXING-ORCHESTRATOR] [DEBUG] ✅ Chunk symbols after filtering: 1 symbols - BasicLayout
[2025-11-05T12:08:01.075Z] [2025-11-05T12:08:01.075Z] [INDEXING-ORCHESTRATOR] [DEBUG] 📍 Chunk 26-67: 1 candidate symbols
[2025-11-05T12:08:01.075Z] [2025-11-05T12:08:01.075Z] [INDEXING-ORCHESTRATOR] [DEBUG] ✅ Chunk symbols after filtering: 1 symbols - CustomHeaderExample
[2025-11-05T12:08:01.075Z] [2025-11-05T12:08:01.075Z] [INDEXING-ORCHESTRATOR] [DEBUG] 📍 Chunk 70-125: 3 candidate symbols
[2025-11-05T12:08:01.076Z] [2025-11-05T12:08:01.075Z] [INDEXING-ORCHESTRATOR] [DEBUG] ✅ Chunk symbols after filtering: 3 symbols - MinimalHeader, CustomNavigationHeader, FullPageLayout
[2025-11-05T12:08:01.076Z] [2025-11-05T12:08:01.075Z] [INDEXING-ORCHESTRATOR] [DEBUG] 📍 Chunk 128-169: 1 candidate symbols
[2025-11-05T12:08:01.076Z] [2025-11-05T12:08:01.075Z] [INDEXING-ORCHESTRATOR] [DEBUG] ✅ Chunk symbols after filtering: 1 symbols - HeaderWithSearch
[2025-11-05T12:08:01.077Z] [2025-11-05T12:08:01.075Z] [INDEXING-ORCHESTRATOR] [DEBUG] 📍 Chunk 172-197: 1 candidate symbols
[2025-11-05T12:08:01.077Z] [2025-11-05T12:08:01.075Z] [INDEXING-ORCHESTRATOR] [DEBUG] ✅ Chunk symbols after filtering: 1 symbols - DashboardHeader
[2025-11-05T12:08:01.077Z] [2025-11-05T12:08:01.075Z] [INDEXING-ORCHESTRATOR] [DEBUG] 📍 Chunk 198-216: 0 candidate symbols
[2025-11-05T12:08:01.077Z] [2025-11-05T12:08:01.075Z] [INDEXING-ORCHESTRATOR] [DEBUG] ✅ Chunk symbols after filtering: 0 symbols - 
[2025-11-05T12:08:01.077Z] [2025-11-05T12:08:01.075Z] [INDEXING-ORCHESTRATOR] [DEBUG] Created 6 semantic chunks for C:\Users\RakaThinkpad\Documents\Project\educatedplanet\web\examples\header-usage.tsx
[2025-11-05T12:08:01.077Z] [2025-11-05T12:08:01.075Z] [INDEXING-ORCHESTRATOR] [DEBUG] Average chunk size: 910 characters
[2025-11-05T12:08:01.079Z] [2025-11-05T12:08:01.078Z] [TREESITTER-CHUNKER] [INFO] Created 1 semantic chunks from C:\Users\RakaThinkpad\Documents\Project\educatedplanet\web\lib\utils.ts
[2025-11-05T12:08:01.081Z] [2025-11-05T12:08:01.080Z] [TREESITTER-FULL] [INFO] Extracted 1 symbols from C:\Users\RakaThinkpad\Documents\Project\educatedplanet\web\lib\utils.ts
[2025-11-05T12:08:01.081Z] [2025-11-05T12:08:01.080Z] [INDEXING-ORCHESTRATOR] [DEBUG] 🔍 Symbol extraction for C:\Users\RakaThinkpad\Documents\Project\educatedplanet\web\lib\utils.ts: 1 symbols, 2 imports
[2025-11-05T12:08:01.081Z] [2025-11-05T12:08:01.080Z] [INDEXING-ORCHESTRATOR] [DEBUG] 📍 Chunk 4-6: 1 candidate symbols
[2025-11-05T12:08:01.081Z] [2025-11-05T12:08:01.081Z] [INDEXING-ORCHESTRATOR] [DEBUG] ✅ Chunk symbols after filtering: 1 symbols - cn
[2025-11-05T12:08:01.081Z] [2025-11-05T12:08:01.081Z] [INDEXING-ORCHESTRATOR] [DEBUG] Created 1 semantic chunks for C:\Users\RakaThinkpad\Documents\Project\educatedplanet\web\lib\utils.ts
[2025-11-05T12:08:01.081Z] [2025-11-05T12:08:01.081Z] [INDEXING-ORCHESTRATOR] [DEBUG] Average chunk size: 71 characters
[2025-11-05T12:08:01.098Z] [2025-11-05T12:08:01.098Z] [TREESITTER-CHUNKER] [INFO] Created 3 semantic chunks from C:\Users\RakaThinkpad\Documents\Project\educatedplanet\web\examples\hero-usage.tsx
[2025-11-05T12:08:01.209Z] [2025-11-05T12:08:01.208Z] [TREESITTER-FULL] [INFO] Extracted 4 symbols from C:\Users\RakaThinkpad\Documents\Project\educatedplanet\web\examples\hero-usage.tsx
[2025-11-05T12:08:01.209Z] [2025-11-05T12:08:01.208Z] [INDEXING-ORCHESTRATOR] [DEBUG] 🔍 Symbol extraction for C:\Users\RakaThinkpad\Documents\Project\educatedplanet\web\examples\hero-usage.tsx: 4 symbols, 3 imports
[2025-11-05T12:08:01.209Z] [2025-11-05T12:08:01.208Z] [INDEXING-ORCHESTRATOR] [DEBUG] 📍 Chunk 11-58: 2 candidate symbols
[2025-11-05T12:08:01.209Z] [2025-11-05T12:08:01.208Z] [INDEXING-ORCHESTRATOR] [DEBUG] ✅ Chunk symbols after filtering: 2 symbols - BasicHeroExample, HeroWithState
[2025-11-05T12:08:01.209Z] [2025-11-05T12:08:01.208Z] [INDEXING-ORCHESTRATOR] [DEBUG] 📍 Chunk 61-82: 1 candidate symbols
[2025-11-05T12:08:01.209Z] [2025-11-05T12:08:01.208Z] [INDEXING-ORCHESTRATOR] [DEBUG] ✅ Chunk symbols after filtering: 1 symbols - HeroWithAnalytics
[2025-11-05T12:08:01.209Z] [2025-11-05T12:08:01.209Z] [INDEXING-ORCHESTRATOR] [DEBUG] 📍 Chunk 83-183: 1 candidate symbols
[2025-11-05T12:08:01.209Z] [2025-11-05T12:08:01.209Z] [INDEXING-ORCHESTRATOR] [DEBUG] ✅ Chunk symbols after filtering: 1 symbols - handleSearch
[2025-11-05T12:08:01.210Z] [2025-11-05T12:08:01.209Z] [INDEXING-ORCHESTRATOR] [DEBUG] Created 3 semantic chunks for C:\Users\RakaThinkpad\Documents\Project\educatedplanet\web\examples\hero-usage.tsx
[2025-11-05T12:08:01.210Z] [2025-11-05T12:08:01.209Z] [INDEXING-ORCHESTRATOR] [DEBUG] Average chunk size: 1730 characters
[2025-11-05T12:08:01.222Z] [2025-11-05T12:08:01.221Z] [TREESITTER-CHUNKER] [INFO] Created 1 semantic chunks from C:\Users\RakaThinkpad\Documents\Project\educatedplanet\web\next.config.ts
[2025-11-05T12:08:01.224Z] [2025-11-05T12:08:01.223Z] [TREESITTER-FULL] [INFO] Extracted 1 symbols from C:\Users\RakaThinkpad\Documents\Project\educatedplanet\web\next.config.ts
[2025-11-05T12:08:01.224Z] [2025-11-05T12:08:01.223Z] [INDEXING-ORCHESTRATOR] [DEBUG] 🔍 Symbol extraction for C:\Users\RakaThinkpad\Documents\Project\educatedplanet\web\next.config.ts: 1 symbols, 1 imports
[2025-11-05T12:08:01.224Z] [2025-11-05T12:08:01.223Z] [INDEXING-ORCHESTRATOR] [DEBUG] 📍 Chunk 1-20: 1 candidate symbols
[2025-11-05T12:08:01.224Z] [2025-11-05T12:08:01.223Z] [INDEXING-ORCHESTRATOR] [DEBUG] ✅ Chunk symbols after filtering: 1 symbols - nextConfig
[2025-11-05T12:08:01.224Z] [2025-11-05T12:08:01.223Z] [INDEXING-ORCHESTRATOR] [DEBUG] Created 1 semantic chunks for C:\Users\RakaThinkpad\Documents\Project\educatedplanet\web\next.config.ts
[2025-11-05T12:08:01.224Z] [2025-11-05T12:08:01.223Z] [INDEXING-ORCHESTRATOR] [DEBUG] Average chunk size: 344 characters
[2025-11-05T12:08:01.225Z] [2025-11-05T12:08:01.224Z] [TREESITTER-CHUNKER] [INFO] Created 1 semantic chunks from C:\Users\RakaThinkpad\Documents\Project\educatedplanet\web\postcss.config.mjs
[2025-11-05T12:08:01.226Z] [2025-11-05T12:08:01.226Z] [TREESITTER-FULL] [INFO] Extracted 1 symbols from C:\Users\RakaThinkpad\Documents\Project\educatedplanet\web\postcss.config.mjs
[2025-11-05T12:08:01.227Z] [2025-11-05T12:08:01.226Z] [INDEXING-ORCHESTRATOR] [DEBUG] 🔍 Symbol extraction for C:\Users\RakaThinkpad\Documents\Project\educatedplanet\web\postcss.config.mjs: 1 symbols, 0 imports
[2025-11-05T12:08:01.227Z] [2025-11-05T12:08:01.226Z] [INDEXING-ORCHESTRATOR] [DEBUG] 📍 Chunk 1-8: 1 candidate symbols
[2025-11-05T12:08:01.227Z] [2025-11-05T12:08:01.226Z] [INDEXING-ORCHESTRATOR] [DEBUG] ✅ Chunk symbols after filtering: 1 symbols - config
[2025-11-05T12:08:01.227Z] [2025-11-05T12:08:01.226Z] [INDEXING-ORCHESTRATOR] [DEBUG] Created 1 semantic chunks for C:\Users\RakaThinkpad\Documents\Project\educatedplanet\web\postcss.config.mjs
[2025-11-05T12:08:01.227Z] [2025-11-05T12:08:01.226Z] [INDEXING-ORCHESTRATOR] [DEBUG] Average chunk size: 93 characters
[2025-11-05T12:08:01.227Z] [2025-11-05T12:08:01.226Z] [INDEXING-ORCHESTRATOR] [DEBUG] 📊 Processed: 220/220 files
[2025-11-05T12:08:01.227Z] [2025-11-05T12:08:01.227Z] [INDEXING-ORCHESTRATOR] [INFO] Uploading 459 chunks to vector store...
[2025-11-05T12:08:01.229Z] [2025-11-05T12:08:01.228Z] [INDEXING-ORCHESTRATOR] [INFO] Uploading 459 chunks to vector store and local metadata...
[2025-11-05T12:08:01.229Z] [2025-11-05T12:08:01.228Z] [INDEXING-ORCHESTRATOR] [INFO] 📦 Processing batch 1/46 (10 chunks)
[2025-11-05T12:08:01.229Z] [2025-11-05T12:08:01.228Z] [INDEXING-ORCHESTRATOR] [DEBUG] 🧠 Generating embeddings for 10 chunks...
[2025-11-05T12:08:03.511Z] [2025-11-05T12:08:03.510Z] [INDEXING-ORCHESTRATOR] [DEBUG] ✅ Generated 10 embeddings
[2025-11-05T12:08:03.511Z] [2025-11-05T12:08:03.511Z] [INDEXING-ORCHESTRATOR] [DEBUG] ⬆️  Upserting 10 vectors to namespace: mcp_b539ab77b811d627
[2025-11-05T12:08:05.633Z] [2025-11-05T12:08:05.633Z] [INDEXING-ORCHESTRATOR] [WARN] ⚠️ Skipping batch 1 after retries failed. Continuing with remaining batches.
[2025-11-05T12:08:05.634Z] [2025-11-05T12:08:05.633Z] [INDEXING-ORCHESTRATOR] [WARN] Skipped batch error: "Turbopuffer upsert error (400): {\"error\":\"💔 This upsert contains duplicate document IDs and was not written. You should ensure that individual upserts do not include duplicate documents. The duplicated IDs in this batch were the following: C:\\\\Users\\\\RakaThinkpad\\\\Documents\\\\Project\\\\educatedplanet\\\\admin\",\"status\":\"error\"}"
[2025-11-05T12:08:05.634Z] [2025-11-05T12:08:05.633Z] [INDEXING-ORCHESTRATOR] [INFO] 📦 Processing batch 2/46 (10 chunks)
[2025-11-05T12:08:05.634Z] [2025-11-05T12:08:05.633Z] [INDEXING-ORCHESTRATOR] [DEBUG] 🧠 Generating embeddings for 10 chunks...
[2025-11-05T12:08:07.624Z] [2025-11-05T12:08:07.623Z] [INDEXING-ORCHESTRATOR] [DEBUG] ✅ Generated 10 embeddings
[2025-11-05T12:08:07.624Z] [2025-11-05T12:08:07.623Z] [INDEXING-ORCHESTRATOR] [DEBUG] ⬆️  Upserting 10 vectors to namespace: mcp_b539ab77b811d627
[2025-11-05T12:08:08.702Z] [2025-11-05T12:08:08.701Z] [INDEXING-ORCHESTRATOR] [WARN] ⚠️ Skipping batch 2 after retries failed. Continuing with remaining batches.
[2025-11-05T12:08:08.702Z] [2025-11-05T12:08:08.701Z] [INDEXING-ORCHESTRATOR] [WARN] Skipped batch error: "Turbopuffer upsert error (400): {\"error\":\"💔 This upsert contains duplicate document IDs and was not written. You should ensure that individual upserts do not include duplicate documents. The duplicated IDs in this batch were the following: C:\\\\Users\\\\RakaThinkpad\\\\Documents\\\\Project\\\\educatedplanet\\\\admin\",\"status\":\"error\"}"
[2025-11-05T12:08:08.702Z] [2025-11-05T12:08:08.701Z] [INDEXING-ORCHESTRATOR] [INFO] 📦 Processing batch 3/46 (10 chunks)
[2025-11-05T12:08:08.702Z] [2025-11-05T12:08:08.701Z] [INDEXING-ORCHESTRATOR] [DEBUG] 🧠 Generating embeddings for 10 chunks...
[2025-11-05T12:08:11.801Z] [2025-11-05T12:08:11.801Z] [INDEXING-ORCHESTRATOR] [DEBUG] ✅ Generated 10 embeddings
[2025-11-05T12:08:11.802Z] [2025-11-05T12:08:11.801Z] [INDEXING-ORCHESTRATOR] [DEBUG] ⬆️  Upserting 10 vectors to namespace: mcp_b539ab77b811d627
[2025-11-05T12:08:12.936Z] [2025-11-05T12:08:12.935Z] [INDEXING-ORCHESTRATOR] [WARN] ⚠️ Skipping batch 3 after retries failed. Continuing with remaining batches.
[2025-11-05T12:08:12.936Z] [2025-11-05T12:08:12.935Z] [INDEXING-ORCHESTRATOR] [WARN] Skipped batch error: "Turbopuffer upsert error (400): {\"error\":\"💔 This upsert contains duplicate document IDs and was not written. You should ensure that individual upserts do not include duplicate documents. The duplicated IDs in this batch were the following: C:\\\\Users\\\\RakaThinkpad\\\\Documents\\\\Project\\\\educatedplanet\\\\admin\",\"status\":\"error\"}"
[2025-11-05T12:08:12.936Z] [2025-11-05T12:08:12.935Z] [INDEXING-ORCHESTRATOR] [INFO] 📦 Processing batch 4/46 (10 chunks)
[2025-11-05T12:08:12.936Z] [2025-11-05T12:08:12.935Z] [INDEXING-ORCHESTRATOR] [DEBUG] 🧠 Generating embeddings for 10 chunks...
[2025-11-05T12:08:15.485Z] [2025-11-05T12:08:15.485Z] [INDEXING-ORCHESTRATOR] [DEBUG] ✅ Generated 10 embeddings
[2025-11-05T12:08:15.485Z] [2025-11-05T12:08:15.485Z] [INDEXING-ORCHESTRATOR] [DEBUG] ⬆️  Upserting 10 vectors to namespace: mcp_b539ab77b811d627
[2025-11-05T12:08:16.621Z] [2025-11-05T12:08:16.620Z] [INDEXING-ORCHESTRATOR] [WARN] ⚠️ Skipping batch 4 after retries failed. Continuing with remaining batches.
[2025-11-05T12:08:16.621Z] [2025-11-05T12:08:16.620Z] [INDEXING-ORCHESTRATOR] [WARN] Skipped batch error: "Turbopuffer upsert error (400): {\"error\":\"💔 This upsert contains duplicate document IDs and was not written. You should ensure that individual upserts do not include duplicate documents. The duplicated IDs in this batch were the following: C:\\\\Users\\\\RakaThinkpad\\\\Documents\\\\Project\\\\educatedplanet\\\\admin\",\"status\":\"error\"}"
[2025-11-05T12:08:16.621Z] [2025-11-05T12:08:16.620Z] [INDEXING-ORCHESTRATOR] [INFO] 📦 Processing batch 5/46 (10 chunks)
[2025-11-05T12:08:16.621Z] [2025-11-05T12:08:16.620Z] [INDEXING-ORCHESTRATOR] [DEBUG] 🧠 Generating embeddings for 10 chunks...
[2025-11-05T12:08:18.318Z] [2025-11-05T12:08:18.318Z] [INDEXING-ORCHESTRATOR] [DEBUG] ✅ Generated 10 embeddings
[2025-11-05T12:08:18.318Z] [2025-11-05T12:08:18.318Z] [INDEXING-ORCHESTRATOR] [DEBUG] ⬆️  Upserting 10 vectors to namespace: mcp_b539ab77b811d627
[2025-11-05T12:08:19.572Z] [2025-11-05T12:08:19.571Z] [INDEXING-ORCHESTRATOR] [WARN] ⚠️ Skipping batch 5 after retries failed. Continuing with remaining batches.
[2025-11-05T12:08:19.572Z] [2025-11-05T12:08:19.571Z] [INDEXING-ORCHESTRATOR] [WARN] Skipped batch error: "Turbopuffer upsert error (400): {\"error\":\"💔 This upsert contains duplicate document IDs and was not written. You should ensure that individual upserts do not include duplicate documents. The duplicated IDs in this batch were the following: C:\\\\Users\\\\RakaThinkpad\\\\Documents\\\\Project\\\\educatedplanet\\\\admin\",\"status\":\"error\"}"
[2025-11-05T12:08:19.572Z] [2025-11-05T12:08:19.571Z] [INDEXING-ORCHESTRATOR] [INFO] 📦 Processing batch 6/46 (10 chunks)
[2025-11-05T12:08:19.572Z] [2025-11-05T12:08:19.571Z] [INDEXING-ORCHESTRATOR] [DEBUG] 🧠 Generating embeddings for 10 chunks...
[2025-11-05T12:08:21.069Z] [2025-11-05T12:08:21.068Z] [INDEXING-ORCHESTRATOR] [DEBUG] ✅ Generated 10 embeddings
[2025-11-05T12:08:21.069Z] [2025-11-05T12:08:21.068Z] [INDEXING-ORCHESTRATOR] [DEBUG] ⬆️  Upserting 10 vectors to namespace: mcp_b539ab77b811d627
[2025-11-05T12:08:22.422Z] [2025-11-05T12:08:22.421Z] [INDEXING-ORCHESTRATOR] [WARN] ⚠️ Skipping batch 6 after retries failed. Continuing with remaining batches.
[2025-11-05T12:08:22.422Z] [2025-11-05T12:08:22.421Z] [INDEXING-ORCHESTRATOR] [WARN] Skipped batch error: "Turbopuffer upsert error (400): {\"error\":\"💔 This upsert contains duplicate document IDs and was not written. You should ensure that individual upserts do not include duplicate documents. The duplicated IDs in this batch were the following: C:\\\\Users\\\\RakaThinkpad\\\\Documents\\\\Project\\\\educatedplanet\\\\admin\",\"status\":\"error\"}"
[2025-11-05T12:08:22.422Z] [2025-11-05T12:08:22.421Z] [INDEXING-ORCHESTRATOR] [INFO] 📦 Processing batch 7/46 (10 chunks)
[2025-11-05T12:08:22.422Z] [2025-11-05T12:08:22.421Z] [INDEXING-ORCHESTRATOR] [DEBUG] 🧠 Generating embeddings for 10 chunks...
[2025-11-05T12:08:24.349Z] [2025-11-05T12:08:24.349Z] [INDEXING-ORCHESTRATOR] [DEBUG] ✅ Generated 10 embeddings
[2025-11-05T12:08:24.349Z] [2025-11-05T12:08:24.349Z] [INDEXING-ORCHESTRATOR] [DEBUG] ⬆️  Upserting 10 vectors to namespace: mcp_b539ab77b811d627
[2025-11-05T12:08:25.520Z] [2025-11-05T12:08:25.519Z] [INDEXING-ORCHESTRATOR] [WARN] ⚠️ Skipping batch 7 after retries failed. Continuing with remaining batches.
[2025-11-05T12:08:25.520Z] [2025-11-05T12:08:25.519Z] [INDEXING-ORCHESTRATOR] [WARN] Skipped batch error: "Turbopuffer upsert error (400): {\"error\":\"💔 This upsert contains duplicate document IDs and was not written. You should ensure that individual upserts do not include duplicate documents. The duplicated IDs in this batch were the following: C:\\\\Users\\\\RakaThinkpad\\\\Documents\\\\Project\\\\educatedplanet\\\\admin\",\"status\":\"error\"}"
[2025-11-05T12:08:25.520Z] [2025-11-05T12:08:25.520Z] [INDEXING-ORCHESTRATOR] [INFO] 📦 Processing batch 8/46 (10 chunks)
[2025-11-05T12:08:25.520Z] [2025-11-05T12:08:25.520Z] [INDEXING-ORCHESTRATOR] [DEBUG] 🧠 Generating embeddings for 10 chunks...
[2025-11-05T12:08:27.226Z] [2025-11-05T12:08:27.225Z] [INDEXING-ORCHESTRATOR] [DEBUG] ✅ Generated 10 embeddings
[2025-11-05T12:08:27.226Z] [2025-11-05T12:08:27.225Z] [INDEXING-ORCHESTRATOR] [DEBUG] ⬆️  Upserting 10 vectors to namespace: mcp_b539ab77b811d627
[2025-11-05T12:08:28.939Z] [2025-11-05T12:08:28.938Z] [INDEXING-ORCHESTRATOR] [WARN] ⚠️ Skipping batch 8 after retries failed. Continuing with remaining batches.
[2025-11-05T12:08:28.939Z] [2025-11-05T12:08:28.938Z] [INDEXING-ORCHESTRATOR] [WARN] Skipped batch error: "Turbopuffer upsert error (400): {\"error\":\"💔 This upsert contains duplicate document IDs and was not written. You should ensure that individual upserts do not include duplicate documents. The duplicated IDs in this batch were the following: C:\\\\Users\\\\RakaThinkpad\\\\Documents\\\\Project\\\\educatedplanet\\\\admin\",\"status\":\"error\"}"
[2025-11-05T12:08:28.939Z] [2025-11-05T12:08:28.939Z] [INDEXING-ORCHESTRATOR] [INFO] 📦 Processing batch 9/46 (10 chunks)
[2025-11-05T12:08:28.939Z] [2025-11-05T12:08:28.939Z] [INDEXING-ORCHESTRATOR] [DEBUG] 🧠 Generating embeddings for 10 chunks...
[2025-11-05T12:08:31.303Z] [2025-11-05T12:08:31.303Z] [INDEXING-ORCHESTRATOR] [DEBUG] ✅ Generated 10 embeddings
[2025-11-05T12:08:31.303Z] [2025-11-05T12:08:31.303Z] [INDEXING-ORCHESTRATOR] [DEBUG] ⬆️  Upserting 10 vectors to namespace: mcp_b539ab77b811d627
[2025-11-05T12:08:32.838Z] [2025-11-05T12:08:32.838Z] [INDEXING-ORCHESTRATOR] [WARN] ⚠️ Skipping batch 9 after retries failed. Continuing with remaining batches.
[2025-11-05T12:08:32.838Z] [2025-11-05T12:08:32.838Z] [INDEXING-ORCHESTRATOR] [WARN] Skipped batch error: "Turbopuffer upsert error (400): {\"error\":\"💔 This upsert contains duplicate document IDs and was not written. You should ensure that individual upserts do not include duplicate documents. The duplicated IDs in this batch were the following: C:\\\\Users\\\\RakaThinkpad\\\\Documents\\\\Project\\\\educatedplanet\\\\admin\",\"status\":\"error\"}"
[2025-11-05T12:08:32.839Z] [2025-11-05T12:08:32.838Z] [INDEXING-ORCHESTRATOR] [INFO] 📦 Processing batch 10/46 (10 chunks)
[2025-11-05T12:08:32.839Z] [2025-11-05T12:08:32.838Z] [INDEXING-ORCHESTRATOR] [DEBUG] 🧠 Generating embeddings for 10 chunks...
[2025-11-05T12:08:34.805Z] [2025-11-05T12:08:34.804Z] [INDEXING-ORCHESTRATOR] [DEBUG] ✅ Generated 10 embeddings
[2025-11-05T12:08:34.805Z] [2025-11-05T12:08:34.805Z] [INDEXING-ORCHESTRATOR] [DEBUG] ⬆️  Upserting 10 vectors to namespace: mcp_b539ab77b811d627
[2025-11-05T12:08:36.184Z] [2025-11-05T12:08:36.184Z] [INDEXING-ORCHESTRATOR] [WARN] ⚠️ Skipping batch 10 after retries failed. Continuing with remaining batches.
[2025-11-05T12:08:36.184Z] [2025-11-05T12:08:36.184Z] [INDEXING-ORCHESTRATOR] [WARN] Skipped batch error: "Turbopuffer upsert error (400): {\"error\":\"💔 This upsert contains duplicate document IDs and was not written. You should ensure that individual upserts do not include duplicate documents. The duplicated IDs in this batch were the following: C:\\\\Users\\\\RakaThinkpad\\\\Documents\\\\Project\\\\educatedplanet\\\\admin\",\"status\":\"error\"}"
[2025-11-05T12:08:36.185Z] [2025-11-05T12:08:36.184Z] [INDEXING-ORCHESTRATOR] [INFO] 📦 Processing batch 11/46 (10 chunks)
[2025-11-05T12:08:36.185Z] [2025-11-05T12:08:36.184Z] [INDEXING-ORCHESTRATOR] [DEBUG] 🧠 Generating embeddings for 10 chunks...
[2025-11-05T12:08:38.520Z] [2025-11-05T12:08:38.520Z] [INDEXING-ORCHESTRATOR] [DEBUG] ✅ Generated 10 embeddings
[2025-11-05T12:08:38.520Z] [2025-11-05T12:08:38.520Z] [INDEXING-ORCHESTRATOR] [DEBUG] ⬆️  Upserting 10 vectors to namespace: mcp_b539ab77b811d627
[2025-11-05T12:08:39.711Z] [2025-11-05T12:08:39.710Z] [INDEXING-ORCHESTRATOR] [WARN] ⚠️ Skipping batch 11 after retries failed. Continuing with remaining batches.
[2025-11-05T12:08:39.711Z] [2025-11-05T12:08:39.710Z] [INDEXING-ORCHESTRATOR] [WARN] Skipped batch error: "Turbopuffer upsert error (400): {\"error\":\"💔 This upsert contains duplicate document IDs and was not written. You should ensure that individual upserts do not include duplicate documents. The duplicated IDs in this batch were the following: C:\\\\Users\\\\RakaThinkpad\\\\Documents\\\\Project\\\\educatedplanet\\\\admin\",\"status\":\"error\"}"
[2025-11-05T12:08:39.711Z] [2025-11-05T12:08:39.710Z] [INDEXING-ORCHESTRATOR] [INFO] 📦 Processing batch 12/46 (10 chunks)
[2025-11-05T12:08:39.711Z] [2025-11-05T12:08:39.710Z] [INDEXING-ORCHESTRATOR] [DEBUG] 🧠 Generating embeddings for 10 chunks...
[2025-11-05T12:08:42.064Z] [2025-11-05T12:08:42.063Z] [INDEXING-ORCHESTRATOR] [DEBUG] ✅ Generated 10 embeddings
[2025-11-05T12:08:42.064Z] [2025-11-05T12:08:42.063Z] [INDEXING-ORCHESTRATOR] [DEBUG] ⬆️  Upserting 10 vectors to namespace: mcp_b539ab77b811d627
[2025-11-05T12:08:43.287Z] [2025-11-05T12:08:43.286Z] [INDEXING-ORCHESTRATOR] [WARN] ⚠️ Skipping batch 12 after retries failed. Continuing with remaining batches.
[2025-11-05T12:08:43.287Z] [2025-11-05T12:08:43.286Z] [INDEXING-ORCHESTRATOR] [WARN] Skipped batch error: "Turbopuffer upsert error (400): {\"error\":\"💔 This upsert contains duplicate document IDs and was not written. You should ensure that individual upserts do not include duplicate documents. The duplicated IDs in this batch were the following: C:\\\\Users\\\\RakaThinkpad\\\\Documents\\\\Project\\\\educatedplanet\\\\admin\",\"status\":\"error\"}"
[2025-11-05T12:08:43.287Z] [2025-11-05T12:08:43.286Z] [INDEXING-ORCHESTRATOR] [INFO] 📦 Processing batch 13/46 (10 chunks)
[2025-11-05T12:08:43.287Z] [2025-11-05T12:08:43.286Z] [INDEXING-ORCHESTRATOR] [DEBUG] 🧠 Generating embeddings for 10 chunks...
[2025-11-05T12:08:45.342Z] [2025-11-05T12:08:45.341Z] [INDEXING-ORCHESTRATOR] [DEBUG] ✅ Generated 10 embeddings
[2025-11-05T12:08:45.342Z] [2025-11-05T12:08:45.341Z] [INDEXING-ORCHESTRATOR] [DEBUG] ⬆️  Upserting 10 vectors to namespace: mcp_b539ab77b811d627
[2025-11-05T12:08:46.481Z] [2025-11-05T12:08:46.480Z] [INDEXING-ORCHESTRATOR] [WARN] ⚠️ Skipping batch 13 after retries failed. Continuing with remaining batches.
[2025-11-05T12:08:46.481Z] [2025-11-05T12:08:46.480Z] [INDEXING-ORCHESTRATOR] [WARN] Skipped batch error: "Turbopuffer upsert error (400): {\"error\":\"💔 This upsert contains duplicate document IDs and was not written. You should ensure that individual upserts do not include duplicate documents. The duplicated IDs in this batch were the following: C:\\\\Users\\\\RakaThinkpad\\\\Documents\\\\Project\\\\educatedplanet\\\\admin\",\"status\":\"error\"}"
[2025-11-05T12:08:46.481Z] [2025-11-05T12:08:46.480Z] [INDEXING-ORCHESTRATOR] [INFO] 📦 Processing batch 14/46 (10 chunks)
[2025-11-05T12:08:46.481Z] [2025-11-05T12:08:46.480Z] [INDEXING-ORCHESTRATOR] [DEBUG] 🧠 Generating embeddings for 10 chunks...
[2025-11-05T12:08:48.051Z] [2025-11-05T12:08:48.054Z] [INDEXING-ORCHESTRATOR] [DEBUG] ✅ Generated 10 embeddings
[2025-11-05T12:08:48.051Z] [2025-11-05T12:08:48.054Z] [INDEXING-ORCHESTRATOR] [DEBUG] ⬆️  Upserting 10 vectors to namespace: mcp_b539ab77b811d627
[2025-11-05T12:08:49.137Z] [2025-11-05T12:08:49.140Z] [INDEXING-ORCHESTRATOR] [WARN] ⚠️ Skipping batch 14 after retries failed. Continuing with remaining batches.
[2025-11-05T12:08:49.137Z] [2025-11-05T12:08:49.140Z] [INDEXING-ORCHESTRATOR] [WARN] Skipped batch error: "Turbopuffer upsert error (400): {\"error\":\"💔 This upsert contains duplicate document IDs and was not written. You should ensure that individual upserts do not include duplicate documents. The duplicated IDs in this batch were the following: C:\\\\Users\\\\RakaThinkpad\\\\Documents\\\\Project\\\\educatedplanet\\\\admin\",\"status\":\"error\"}"
[2025-11-05T12:08:49.137Z] [2025-11-05T12:08:49.140Z] [INDEXING-ORCHESTRATOR] [INFO] 📦 Processing batch 15/46 (10 chunks)
[2025-11-05T12:08:49.137Z] [2025-11-05T12:08:49.140Z] [INDEXING-ORCHESTRATOR] [DEBUG] 🧠 Generating embeddings for 10 chunks...
[2025-11-05T12:08:51.971Z] [2025-11-05T12:08:51.973Z] [INDEXING-ORCHESTRATOR] [DEBUG] ✅ Generated 10 embeddings
[2025-11-05T12:08:51.971Z] [2025-11-05T12:08:51.973Z] [INDEXING-ORCHESTRATOR] [DEBUG] ⬆️  Upserting 10 vectors to namespace: mcp_b539ab77b811d627
[2025-11-05T12:08:53.046Z] [2025-11-05T12:08:53.049Z] [INDEXING-ORCHESTRATOR] [WARN] ⚠️ Skipping batch 15 after retries failed. Continuing with remaining batches.
[2025-11-05T12:08:53.046Z] [2025-11-05T12:08:53.049Z] [INDEXING-ORCHESTRATOR] [WARN] Skipped batch error: "Turbopuffer upsert error (400): {\"error\":\"💔 This upsert contains duplicate document IDs and was not written. You should ensure that individual upserts do not include duplicate documents. The duplicated IDs in this batch were the following: C:\\\\Users\\\\RakaThinkpad\\\\Documents\\\\Project\\\\educatedplanet\\\\admin\",\"status\":\"error\"}"
[2025-11-05T12:08:53.046Z] [2025-11-05T12:08:53.049Z] [INDEXING-ORCHESTRATOR] [INFO] 📦 Processing batch 16/46 (10 chunks)
[2025-11-05T12:08:53.046Z] [2025-11-05T12:08:53.049Z] [INDEXING-ORCHESTRATOR] [DEBUG] 🧠 Generating embeddings for 10 chunks...
[2025-11-05T12:08:55.084Z] [2025-11-05T12:08:55.084Z] [INDEXING-ORCHESTRATOR] [DEBUG] ✅ Generated 10 embeddings
[2025-11-05T12:08:55.084Z] [2025-11-05T12:08:55.084Z] [INDEXING-ORCHESTRATOR] [DEBUG] ⬆️  Upserting 10 vectors to namespace: mcp_b539ab77b811d627
[2025-11-05T12:08:56.158Z] [2025-11-05T12:08:56.158Z] [INDEXING-ORCHESTRATOR] [WARN] ⚠️ Skipping batch 16 after retries failed. Continuing with remaining batches.
[2025-11-05T12:08:56.158Z] [2025-11-05T12:08:56.158Z] [INDEXING-ORCHESTRATOR] [WARN] Skipped batch error: "Turbopuffer upsert error (400): {\"error\":\"💔 This upsert contains duplicate document IDs and was not written. You should ensure that individual upserts do not include duplicate documents. The duplicated IDs in this batch were the following: C:\\\\Users\\\\RakaThinkpad\\\\Documents\\\\Project\\\\educatedplanet\\\\admin\",\"status\":\"error\"}"
[2025-11-05T12:08:56.158Z] [2025-11-05T12:08:56.158Z] [INDEXING-ORCHESTRATOR] [INFO] 📦 Processing batch 17/46 (10 chunks)
[2025-11-05T12:08:56.159Z] [2025-11-05T12:08:56.158Z] [INDEXING-ORCHESTRATOR] [DEBUG] 🧠 Generating embeddings for 10 chunks...
[2025-11-05T12:08:58.735Z] [2025-11-05T12:08:58.734Z] [INDEXING-ORCHESTRATOR] [DEBUG] ✅ Generated 10 embeddings
[2025-11-05T12:08:58.735Z] [2025-11-05T12:08:58.734Z] [INDEXING-ORCHESTRATOR] [DEBUG] ⬆️  Upserting 10 vectors to namespace: mcp_b539ab77b811d627
[2025-11-05T12:08:59.838Z] [2025-11-05T12:08:59.837Z] [INDEXING-ORCHESTRATOR] [WARN] ⚠️ Skipping batch 17 after retries failed. Continuing with remaining batches.
[2025-11-05T12:08:59.838Z] [2025-11-05T12:08:59.837Z] [INDEXING-ORCHESTRATOR] [WARN] Skipped batch error: "Turbopuffer upsert error (400): {\"error\":\"💔 This upsert contains duplicate document IDs and was not written. You should ensure that individual upserts do not include duplicate documents. The duplicated IDs in this batch were the following: C:\\\\Users\\\\RakaThinkpad\\\\Documents\\\\Project\\\\educatedplanet\\\\admin\",\"status\":\"error\"}"
[2025-11-05T12:08:59.838Z] [2025-11-05T12:08:59.837Z] [INDEXING-ORCHESTRATOR] [INFO] 📦 Processing batch 18/46 (10 chunks)
[2025-11-05T12:08:59.838Z] [2025-11-05T12:08:59.837Z] [INDEXING-ORCHESTRATOR] [DEBUG] 🧠 Generating embeddings for 10 chunks...
[2025-11-05T12:09:01.871Z] [2025-11-05T12:09:01.870Z] [INDEXING-ORCHESTRATOR] [DEBUG] ✅ Generated 10 embeddings
[2025-11-05T12:09:01.871Z] [2025-11-05T12:09:01.870Z] [INDEXING-ORCHESTRATOR] [DEBUG] ⬆️  Upserting 10 vectors to namespace: mcp_b539ab77b811d627
[2025-11-05T12:09:02.948Z] [2025-11-05T12:09:02.947Z] [INDEXING-ORCHESTRATOR] [WARN] ⚠️ Skipping batch 18 after retries failed. Continuing with remaining batches.
[2025-11-05T12:09:02.948Z] [2025-11-05T12:09:02.948Z] [INDEXING-ORCHESTRATOR] [WARN] Skipped batch error: "Turbopuffer upsert error (400): {\"error\":\"💔 This upsert contains duplicate document IDs and was not written. You should ensure that individual upserts do not include duplicate documents. The duplicated IDs in this batch were the following: C:\\\\Users\\\\RakaThinkpad\\\\Documents\\\\Project\\\\educatedplanet\\\\admin\",\"status\":\"error\"}"
[2025-11-05T12:09:02.948Z] [2025-11-05T12:09:02.948Z] [INDEXING-ORCHESTRATOR] [INFO] 📦 Processing batch 19/46 (10 chunks)
[2025-11-05T12:09:02.948Z] [2025-11-05T12:09:02.948Z] [INDEXING-ORCHESTRATOR] [DEBUG] 🧠 Generating embeddings for 10 chunks...
[2025-11-05T12:09:05.287Z] [2025-11-05T12:09:05.287Z] [INDEXING-ORCHESTRATOR] [DEBUG] ✅ Generated 10 embeddings
[2025-11-05T12:09:05.287Z] [2025-11-05T12:09:05.287Z] [INDEXING-ORCHESTRATOR] [DEBUG] ⬆️  Upserting 10 vectors to namespace: mcp_b539ab77b811d627
[2025-11-05T12:09:06.426Z] [2025-11-05T12:09:06.425Z] [INDEXING-ORCHESTRATOR] [WARN] ⚠️ Skipping batch 19 after retries failed. Continuing with remaining batches.
[2025-11-05T12:09:06.426Z] [2025-11-05T12:09:06.425Z] [INDEXING-ORCHESTRATOR] [WARN] Skipped batch error: "Turbopuffer upsert error (400): {\"error\":\"💔 This upsert contains duplicate document IDs and was not written. You should ensure that individual upserts do not include duplicate documents. The duplicated IDs in this batch were the following: C:\\\\Users\\\\RakaThinkpad\\\\Documents\\\\Project\\\\educatedplanet\\\\admin\",\"status\":\"error\"}"
[2025-11-05T12:09:06.426Z] [2025-11-05T12:09:06.425Z] [INDEXING-ORCHESTRATOR] [INFO] 📦 Processing batch 20/46 (10 chunks)
[2025-11-05T12:09:06.426Z] [2025-11-05T12:09:06.425Z] [INDEXING-ORCHESTRATOR] [DEBUG] 🧠 Generating embeddings for 10 chunks...
[2025-11-05T12:09:08.090Z] [2025-11-05T12:09:08.089Z] [INDEXING-ORCHESTRATOR] [DEBUG] ✅ Generated 10 embeddings
[2025-11-05T12:09:08.090Z] [2025-11-05T12:09:08.089Z] [INDEXING-ORCHESTRATOR] [DEBUG] ⬆️  Upserting 10 vectors to namespace: mcp_b539ab77b811d627
[2025-11-05T12:09:09.228Z] [2025-11-05T12:09:09.227Z] [INDEXING-ORCHESTRATOR] [WARN] ⚠️ Skipping batch 20 after retries failed. Continuing with remaining batches.
[2025-11-05T12:09:09.228Z] [2025-11-05T12:09:09.227Z] [INDEXING-ORCHESTRATOR] [WARN] Skipped batch error: "Turbopuffer upsert error (400): {\"error\":\"💔 This upsert contains duplicate document IDs and was not written. You should ensure that individual upserts do not include duplicate documents. The duplicated IDs in this batch were the following: C:\\\\Users\\\\RakaThinkpad\\\\Documents\\\\Project\\\\educatedplanet\\\\admin\",\"status\":\"error\"}"
[2025-11-05T12:09:09.228Z] [2025-11-05T12:09:09.227Z] [INDEXING-ORCHESTRATOR] [INFO] 📦 Processing batch 21/46 (10 chunks)
[2025-11-05T12:09:09.228Z] [2025-11-05T12:09:09.227Z] [INDEXING-ORCHESTRATOR] [DEBUG] 🧠 Generating embeddings for 10 chunks...
[2025-11-05T12:09:11.347Z] [2025-11-05T12:09:11.347Z] [INDEXING-ORCHESTRATOR] [DEBUG] ✅ Generated 10 embeddings
[2025-11-05T12:09:11.347Z] [2025-11-05T12:09:11.347Z] [INDEXING-ORCHESTRATOR] [DEBUG] ⬆️  Upserting 10 vectors to namespace: mcp_b539ab77b811d627
[2025-11-05T12:09:12.436Z] [2025-11-05T12:09:12.435Z] [INDEXING-ORCHESTRATOR] [WARN] ⚠️ Skipping batch 21 after retries failed. Continuing with remaining batches.
[2025-11-05T12:09:12.436Z] [2025-11-05T12:09:12.435Z] [INDEXING-ORCHESTRATOR] [WARN] Skipped batch error: "Turbopuffer upsert error (400): {\"error\":\"💔 This upsert contains duplicate document IDs and was not written. You should ensure that individual upserts do not include duplicate documents. The duplicated IDs in this batch were the following: C:\\\\Users\\\\RakaThinkpad\\\\Documents\\\\Project\\\\educatedplanet\\\\admin\",\"status\":\"error\"}"
[2025-11-05T12:09:12.436Z] [2025-11-05T12:09:12.435Z] [INDEXING-ORCHESTRATOR] [INFO] 📦 Processing batch 22/46 (10 chunks)
[2025-11-05T12:09:12.436Z] [2025-11-05T12:09:12.435Z] [INDEXING-ORCHESTRATOR] [DEBUG] 🧠 Generating embeddings for 10 chunks...
[2025-11-05T12:09:14.644Z] [2025-11-05T12:09:14.643Z] [INDEXING-ORCHESTRATOR] [DEBUG] ✅ Generated 10 embeddings
[2025-11-05T12:09:14.644Z] [2025-11-05T12:09:14.643Z] [INDEXING-ORCHESTRATOR] [DEBUG] ⬆️  Upserting 10 vectors to namespace: mcp_b539ab77b811d627
[2025-11-05T12:09:15.737Z] [2025-11-05T12:09:15.736Z] [INDEXING-ORCHESTRATOR] [WARN] ⚠️ Skipping batch 22 after retries failed. Continuing with remaining batches.
[2025-11-05T12:09:15.737Z] [2025-11-05T12:09:15.736Z] [INDEXING-ORCHESTRATOR] [WARN] Skipped batch error: "Turbopuffer upsert error (400): {\"error\":\"💔 This upsert contains duplicate document IDs and was not written. You should ensure that individual upserts do not include duplicate documents. The duplicated IDs in this batch were the following: C:\\\\Users\\\\RakaThinkpad\\\\Documents\\\\Project\\\\educatedplanet\\\\admin\",\"status\":\"error\"}"
[2025-11-05T12:09:15.737Z] [2025-11-05T12:09:15.736Z] [INDEXING-ORCHESTRATOR] [INFO] 📦 Processing batch 23/46 (10 chunks)
[2025-11-05T12:09:15.737Z] [2025-11-05T12:09:15.736Z] [INDEXING-ORCHESTRATOR] [DEBUG] 🧠 Generating embeddings for 10 chunks...
[2025-11-05T12:09:17.714Z] [2025-11-05T12:09:17.713Z] [INDEXING-ORCHESTRATOR] [DEBUG] ✅ Generated 10 embeddings
[2025-11-05T12:09:17.714Z] [2025-11-05T12:09:17.713Z] [INDEXING-ORCHESTRATOR] [DEBUG] ⬆️  Upserting 10 vectors to namespace: mcp_b539ab77b811d627
[2025-11-05T12:09:18.767Z] [2025-11-05T12:09:18.767Z] [INDEXING-ORCHESTRATOR] [WARN] ⚠️ Skipping batch 23 after retries failed. Continuing with remaining batches.
[2025-11-05T12:09:18.767Z] [2025-11-05T12:09:18.767Z] [INDEXING-ORCHESTRATOR] [WARN] Skipped batch error: "Turbopuffer upsert error (400): {\"error\":\"💔 This upsert contains duplicate document IDs and was not written. You should ensure that individual upserts do not include duplicate documents. The duplicated IDs in this batch were the following: C:\\\\Users\\\\RakaThinkpad\\\\Documents\\\\Project\\\\educatedplanet\\\\admin\",\"status\":\"error\"}"
[2025-11-05T12:09:18.768Z] [2025-11-05T12:09:18.767Z] [INDEXING-ORCHESTRATOR] [INFO] 📦 Processing batch 24/46 (10 chunks)
[2025-11-05T12:09:18.768Z] [2025-11-05T12:09:18.767Z] [INDEXING-ORCHESTRATOR] [DEBUG] 🧠 Generating embeddings for 10 chunks...
[2025-11-05T12:09:20.836Z] [2025-11-05T12:09:20.835Z] [INDEXING-ORCHESTRATOR] [DEBUG] ✅ Generated 10 embeddings
[2025-11-05T12:09:20.836Z] [2025-11-05T12:09:20.835Z] [INDEXING-ORCHESTRATOR] [DEBUG] ⬆️  Upserting 10 vectors to namespace: mcp_b539ab77b811d627
[2025-11-05T12:09:21.880Z] [2025-11-05T12:09:21.880Z] [INDEXING-ORCHESTRATOR] [WARN] ⚠️ Skipping batch 24 after retries failed. Continuing with remaining batches.
[2025-11-05T12:09:21.880Z] [2025-11-05T12:09:21.880Z] [INDEXING-ORCHESTRATOR] [WARN] Skipped batch error: "Turbopuffer upsert error (400): {\"error\":\"💔 This upsert contains duplicate document IDs and was not written. You should ensure that individual upserts do not include duplicate documents. The duplicated IDs in this batch were the following: C:\\\\Users\\\\RakaThinkpad\\\\Documents\\\\Project\\\\educatedplanet\\\\admin\",\"status\":\"error\"}"
[2025-11-05T12:09:21.880Z] [2025-11-05T12:09:21.880Z] [INDEXING-ORCHESTRATOR] [INFO] 📦 Processing batch 25/46 (10 chunks)
[2025-11-05T12:09:21.880Z] [2025-11-05T12:09:21.880Z] [INDEXING-ORCHESTRATOR] [DEBUG] 🧠 Generating embeddings for 10 chunks...
[2025-11-05T12:09:23.764Z] [2025-11-05T12:09:23.763Z] [INDEXING-ORCHESTRATOR] [DEBUG] ✅ Generated 10 embeddings
[2025-11-05T12:09:23.764Z] [2025-11-05T12:09:23.763Z] [INDEXING-ORCHESTRATOR] [DEBUG] ⬆️  Upserting 10 vectors to namespace: mcp_b539ab77b811d627
[2025-11-05T12:09:24.746Z] [2025-11-05T12:09:24.745Z] [INDEXING-ORCHESTRATOR] [WARN] ⚠️ Skipping batch 25 after retries failed. Continuing with remaining batches.
[2025-11-05T12:09:24.747Z] [2025-11-05T12:09:24.746Z] [INDEXING-ORCHESTRATOR] [WARN] Skipped batch error: "Turbopuffer upsert error (400): {\"error\":\"💔 This upsert contains duplicate document IDs and was not written. You should ensure that individual upserts do not include duplicate documents. The duplicated IDs in this batch were the following: C:\\\\Users\\\\RakaThinkpad\\\\Documents\\\\Project\\\\educatedplanet\\\\admin\",\"status\":\"error\"}"
[2025-11-05T12:09:24.747Z] [2025-11-05T12:09:24.746Z] [INDEXING-ORCHESTRATOR] [INFO] 📦 Processing batch 26/46 (10 chunks)
[2025-11-05T12:09:24.747Z] [2025-11-05T12:09:24.746Z] [INDEXING-ORCHESTRATOR] [DEBUG] 🧠 Generating embeddings for 10 chunks...
[2025-11-05T12:09:26.776Z] [2025-11-05T12:09:26.775Z] [INDEXING-ORCHESTRATOR] [DEBUG] ✅ Generated 10 embeddings
[2025-11-05T12:09:26.776Z] [2025-11-05T12:09:26.775Z] [INDEXING-ORCHESTRATOR] [DEBUG] ⬆️  Upserting 10 vectors to namespace: mcp_b539ab77b811d627
[2025-11-05T12:09:28.095Z] [2025-11-05T12:09:28.094Z] [INDEXING-ORCHESTRATOR] [WARN] ⚠️ Skipping batch 26 after retries failed. Continuing with remaining batches.
[2025-11-05T12:09:28.095Z] [2025-11-05T12:09:28.094Z] [INDEXING-ORCHESTRATOR] [WARN] Skipped batch error: "Turbopuffer upsert error (400): {\"error\":\"💔 This upsert contains duplicate document IDs and was not written. You should ensure that individual upserts do not include duplicate documents. The duplicated IDs in this batch were the following: C:\\\\Users\\\\RakaThinkpad\\\\Documents\\\\Project\\\\educatedplanet\\\\admin\",\"status\":\"error\"}"
[2025-11-05T12:09:28.095Z] [2025-11-05T12:09:28.094Z] [INDEXING-ORCHESTRATOR] [INFO] 📦 Processing batch 27/46 (10 chunks)
[2025-11-05T12:09:28.095Z] [2025-11-05T12:09:28.094Z] [INDEXING-ORCHESTRATOR] [DEBUG] 🧠 Generating embeddings for 10 chunks...
[2025-11-05T12:09:30.206Z] [2025-11-05T12:09:30.205Z] [INDEXING-ORCHESTRATOR] [DEBUG] ✅ Generated 10 embeddings
[2025-11-05T12:09:30.206Z] [2025-11-05T12:09:30.205Z] [INDEXING-ORCHESTRATOR] [DEBUG] ⬆️  Upserting 10 vectors to namespace: mcp_b539ab77b811d627
[2025-11-05T12:09:31.397Z] [2025-11-05T12:09:31.396Z] [INDEXING-ORCHESTRATOR] [WARN] ⚠️ Skipping batch 27 after retries failed. Continuing with remaining batches.
[2025-11-05T12:09:31.397Z] [2025-11-05T12:09:31.396Z] [INDEXING-ORCHESTRATOR] [WARN] Skipped batch error: "Turbopuffer upsert error (400): {\"error\":\"💔 This upsert contains duplicate document IDs and was not written. You should ensure that individual upserts do not include duplicate documents. The duplicated IDs in this batch were the following: C:\\\\Users\\\\RakaThinkpad\\\\Documents\\\\Project\\\\educatedplanet\\\\admin\",\"status\":\"error\"}"
[2025-11-05T12:09:31.397Z] [2025-11-05T12:09:31.396Z] [INDEXING-ORCHESTRATOR] [INFO] 📦 Processing batch 28/46 (10 chunks)
[2025-11-05T12:09:31.397Z] [2025-11-05T12:09:31.396Z] [INDEXING-ORCHESTRATOR] [DEBUG] 🧠 Generating embeddings for 10 chunks...
[2025-11-05T12:09:33.578Z] [2025-11-05T12:09:33.578Z] [INDEXING-ORCHESTRATOR] [DEBUG] ✅ Generated 10 embeddings
[2025-11-05T12:09:33.579Z] [2025-11-05T12:09:33.578Z] [INDEXING-ORCHESTRATOR] [DEBUG] ⬆️  Upserting 10 vectors to namespace: mcp_b539ab77b811d627
[2025-11-05T12:09:34.639Z] [2025-11-05T12:09:34.639Z] [INDEXING-ORCHESTRATOR] [WARN] ⚠️ Skipping batch 28 after retries failed. Continuing with remaining batches.
[2025-11-05T12:09:34.639Z] [2025-11-05T12:09:34.639Z] [INDEXING-ORCHESTRATOR] [WARN] Skipped batch error: "Turbopuffer upsert error (400): {\"error\":\"💔 This upsert contains duplicate document IDs and was not written. You should ensure that individual upserts do not include duplicate documents. The duplicated IDs in this batch were the following: C:\\\\Users\\\\RakaThinkpad\\\\Documents\\\\Project\\\\educatedplanet\\\\admin\",\"status\":\"error\"}"
[2025-11-05T12:09:34.640Z] [2025-11-05T12:09:34.639Z] [INDEXING-ORCHESTRATOR] [INFO] 📦 Processing batch 29/46 (10 chunks)
[2025-11-05T12:09:34.640Z] [2025-11-05T12:09:34.639Z] [INDEXING-ORCHESTRATOR] [DEBUG] 🧠 Generating embeddings for 10 chunks...
[2025-11-05T12:09:36.967Z] [2025-11-05T12:09:36.966Z] [INDEXING-ORCHESTRATOR] [DEBUG] ✅ Generated 10 embeddings
[2025-11-05T12:09:36.967Z] [2025-11-05T12:09:36.967Z] [INDEXING-ORCHESTRATOR] [DEBUG] ⬆️  Upserting 10 vectors to namespace: mcp_b539ab77b811d627
[2025-11-05T12:09:37.993Z] [2025-11-05T12:09:37.992Z] [INDEXING-ORCHESTRATOR] [WARN] ⚠️ Skipping batch 29 after retries failed. Continuing with remaining batches.
[2025-11-05T12:09:37.993Z] [2025-11-05T12:09:37.992Z] [INDEXING-ORCHESTRATOR] [WARN] Skipped batch error: "Turbopuffer upsert error (400): {\"error\":\"💔 This upsert contains duplicate document IDs and was not written. You should ensure that individual upserts do not include duplicate documents. The duplicated IDs in this batch were the following: C:\\\\Users\\\\RakaThinkpad\\\\Documents\\\\Project\\\\educatedplanet\\\\admin\",\"status\":\"error\"}"
[2025-11-05T12:09:37.993Z] [2025-11-05T12:09:37.992Z] [INDEXING-ORCHESTRATOR] [INFO] 📦 Processing batch 30/46 (10 chunks)
[2025-11-05T12:09:37.993Z] [2025-11-05T12:09:37.992Z] [INDEXING-ORCHESTRATOR] [DEBUG] 🧠 Generating embeddings for 10 chunks...
[2025-11-05T12:09:41.348Z] [2025-11-05T12:09:41.347Z] [INDEXING-ORCHESTRATOR] [DEBUG] ✅ Generated 10 embeddings
[2025-11-05T12:09:41.348Z] [2025-11-05T12:09:41.347Z] [INDEXING-ORCHESTRATOR] [DEBUG] ⬆️  Upserting 10 vectors to namespace: mcp_b539ab77b811d627
[2025-11-05T12:09:42.548Z] [2025-11-05T12:09:42.547Z] [INDEXING-ORCHESTRATOR] [WARN] ⚠️ Skipping batch 30 after retries failed. Continuing with remaining batches.
[2025-11-05T12:09:42.548Z] [2025-11-05T12:09:42.547Z] [INDEXING-ORCHESTRATOR] [WARN] Skipped batch error: "Turbopuffer upsert error (400): {\"error\":\"💔 This upsert contains duplicate document IDs and was not written. You should ensure that individual upserts do not include duplicate documents. The duplicated IDs in this batch were the following: C:\\\\Users\\\\RakaThinkpad\\\\Documents\\\\Project\\\\educatedplanet\\\\admin\",\"status\":\"error\"}"
[2025-11-05T12:09:42.548Z] [2025-11-05T12:09:42.547Z] [INDEXING-ORCHESTRATOR] [INFO] 📦 Processing batch 31/46 (10 chunks)
[2025-11-05T12:09:42.548Z] [2025-11-05T12:09:42.547Z] [INDEXING-ORCHESTRATOR] [DEBUG] 🧠 Generating embeddings for 10 chunks...
[2025-11-05T12:09:44.935Z] [2025-11-05T12:09:44.933Z] [INDEXING-ORCHESTRATOR] [DEBUG] ✅ Generated 10 embeddings
[2025-11-05T12:09:44.937Z] [2025-11-05T12:09:44.934Z] [INDEXING-ORCHESTRATOR] [DEBUG] ⬆️  Upserting 10 vectors to namespace: mcp_b539ab77b811d627
[2025-11-05T12:09:46.098Z] [2025-11-05T12:09:46.097Z] [INDEXING-ORCHESTRATOR] [WARN] ⚠️ Skipping batch 31 after retries failed. Continuing with remaining batches.
[2025-11-05T12:09:46.098Z] [2025-11-05T12:09:46.097Z] [INDEXING-ORCHESTRATOR] [WARN] Skipped batch error: "Turbopuffer upsert error (400): {\"error\":\"💔 This upsert contains duplicate document IDs and was not written. You should ensure that individual upserts do not include duplicate documents. The duplicated IDs in this batch were the following: C:\\\\Users\\\\RakaThinkpad\\\\Documents\\\\Project\\\\educatedplanet\\\\admin\",\"status\":\"error\"}"
[2025-11-05T12:09:46.098Z] [2025-11-05T12:09:46.097Z] [INDEXING-ORCHESTRATOR] [INFO] 📦 Processing batch 32/46 (10 chunks)
[2025-11-05T12:09:46.098Z] [2025-11-05T12:09:46.097Z] [INDEXING-ORCHESTRATOR] [DEBUG] 🧠 Generating embeddings for 10 chunks...
[2025-11-05T12:09:48.258Z] [2025-11-05T12:09:48.260Z] [INDEXING-ORCHESTRATOR] [DEBUG] ✅ Generated 10 embeddings
[2025-11-05T12:09:48.258Z] [2025-11-05T12:09:48.260Z] [INDEXING-ORCHESTRATOR] [DEBUG] ⬆️  Upserting 10 vectors to namespace: mcp_b539ab77b811d627
[2025-11-05T12:09:49.664Z] [2025-11-05T12:09:49.667Z] [INDEXING-ORCHESTRATOR] [WARN] ⚠️ Skipping batch 32 after retries failed. Continuing with remaining batches.
[2025-11-05T12:09:49.664Z] [2025-11-05T12:09:49.667Z] [INDEXING-ORCHESTRATOR] [WARN] Skipped batch error: "Turbopuffer upsert error (400): {\"error\":\"💔 This upsert contains duplicate document IDs and was not written. You should ensure that individual upserts do not include duplicate documents. The duplicated IDs in this batch were the following: C:\\\\Users\\\\RakaThinkpad\\\\Documents\\\\Project\\\\educatedplanet\\\\admin\",\"status\":\"error\"}"
[2025-11-05T12:09:49.665Z] [2025-11-05T12:09:49.667Z] [INDEXING-ORCHESTRATOR] [INFO] 📦 Processing batch 33/46 (10 chunks)
[2025-11-05T12:09:49.665Z] [2025-11-05T12:09:49.667Z] [INDEXING-ORCHESTRATOR] [DEBUG] 🧠 Generating embeddings for 10 chunks...
[2025-11-05T12:09:52.260Z] [2025-11-05T12:09:52.262Z] [INDEXING-ORCHESTRATOR] [DEBUG] ✅ Generated 10 embeddings
[2025-11-05T12:09:52.260Z] [2025-11-05T12:09:52.263Z] [INDEXING-ORCHESTRATOR] [DEBUG] ⬆️  Upserting 10 vectors to namespace: mcp_b539ab77b811d627
[2025-11-05T12:09:53.387Z] [2025-11-05T12:09:53.390Z] [INDEXING-ORCHESTRATOR] [WARN] ⚠️ Skipping batch 33 after retries failed. Continuing with remaining batches.
[2025-11-05T12:09:53.388Z] [2025-11-05T12:09:53.390Z] [INDEXING-ORCHESTRATOR] [WARN] Skipped batch error: "Turbopuffer upsert error (400): {\"error\":\"💔 This upsert contains duplicate document IDs and was not written. You should ensure that individual upserts do not include duplicate documents. The duplicated IDs in this batch were the following: C:\\\\Users\\\\RakaThinkpad\\\\Documents\\\\Project\\\\educatedplanet\\\\admin,C:\\\\Users\\\\RakaThinkpad\\\\Documents\\\\Project\\\\educatedplanet\\\\commo,C:\\\\Users\\\\RakaThinkpad\\\\Documents\\\\Project\\\\educatedplanet\\\\datas\",\"status\":\"error\"}"
[2025-11-05T12:09:53.388Z] [2025-11-05T12:09:53.390Z] [INDEXING-ORCHESTRATOR] [INFO] 📦 Processing batch 34/46 (10 chunks)
[2025-11-05T12:09:53.388Z] [2025-11-05T12:09:53.390Z] [INDEXING-ORCHESTRATOR] [DEBUG] 🧠 Generating embeddings for 10 chunks...
[2025-11-05T12:09:55.517Z] [2025-11-05T12:09:55.518Z] [INDEXING-ORCHESTRATOR] [DEBUG] ✅ Generated 10 embeddings
[2025-11-05T12:09:55.517Z] [2025-11-05T12:09:55.518Z] [INDEXING-ORCHESTRATOR] [DEBUG] ⬆️  Upserting 10 vectors to namespace: mcp_b539ab77b811d627
[2025-11-05T12:09:56.622Z] [2025-11-05T12:09:56.622Z] [INDEXING-ORCHESTRATOR] [WARN] ⚠️ Skipping batch 34 after retries failed. Continuing with remaining batches.
[2025-11-05T12:09:56.622Z] [2025-11-05T12:09:56.622Z] [INDEXING-ORCHESTRATOR] [WARN] Skipped batch error: "Turbopuffer upsert error (400): {\"error\":\"💔 This upsert contains duplicate document IDs and was not written. You should ensure that individual upserts do not include duplicate documents. The duplicated IDs in this batch were the following: C:\\\\Users\\\\RakaThinkpad\\\\Documents\\\\Project\\\\educatedplanet\\\\datas\",\"status\":\"error\"}"
[2025-11-05T12:09:56.624Z] [2025-11-05T12:09:56.622Z] [INDEXING-ORCHESTRATOR] [INFO] 📦 Processing batch 35/46 (10 chunks)
[2025-11-05T12:09:56.624Z] [2025-11-05T12:09:56.622Z] [INDEXING-ORCHESTRATOR] [DEBUG] 🧠 Generating embeddings for 10 chunks...
[2025-11-05T12:09:59.496Z] [2025-11-05T12:09:59.496Z] [INDEXING-ORCHESTRATOR] [DEBUG] ✅ Generated 10 embeddings
[2025-11-05T12:09:59.496Z] [2025-11-05T12:09:59.496Z] [INDEXING-ORCHESTRATOR] [DEBUG] ⬆️  Upserting 10 vectors to namespace: mcp_b539ab77b811d627
[2025-11-05T12:10:00.528Z] [2025-11-05T12:10:00.528Z] [INDEXING-ORCHESTRATOR] [WARN] ⚠️ Skipping batch 35 after retries failed. Continuing with remaining batches.
[2025-11-05T12:10:00.528Z] [2025-11-05T12:10:00.528Z] [INDEXING-ORCHESTRATOR] [WARN] Skipped batch error: "Turbopuffer upsert error (400): {\"error\":\"💔 This upsert contains duplicate document IDs and was not written. You should ensure that individual upserts do not include duplicate documents. The duplicated IDs in this batch were the following: C:\\\\Users\\\\RakaThinkpad\\\\Documents\\\\Project\\\\educatedplanet\\\\datas\",\"status\":\"error\"}"
[2025-11-05T12:10:00.528Z] [2025-11-05T12:10:00.528Z] [INDEXING-ORCHESTRATOR] [INFO] 📦 Processing batch 36/46 (10 chunks)
[2025-11-05T12:10:00.528Z] [2025-11-05T12:10:00.528Z] [INDEXING-ORCHESTRATOR] [DEBUG] 🧠 Generating embeddings for 10 chunks...
[2025-11-05T12:10:02.860Z] [2025-11-05T12:10:02.860Z] [INDEXING-ORCHESTRATOR] [DEBUG] ✅ Generated 10 embeddings
[2025-11-05T12:10:02.860Z] [2025-11-05T12:10:02.860Z] [INDEXING-ORCHESTRATOR] [DEBUG] ⬆️  Upserting 10 vectors to namespace: mcp_b539ab77b811d627
[2025-11-05T12:10:04.424Z] [2025-11-05T12:10:04.424Z] [INDEXING-ORCHESTRATOR] [WARN] ⚠️ Skipping batch 36 after retries failed. Continuing with remaining batches.
[2025-11-05T12:10:04.424Z] [2025-11-05T12:10:04.424Z] [INDEXING-ORCHESTRATOR] [WARN] Skipped batch error: "Turbopuffer upsert error (400): {\"error\":\"💔 This upsert contains duplicate document IDs and was not written. You should ensure that individual upserts do not include duplicate documents. The duplicated IDs in this batch were the following: C:\\\\Users\\\\RakaThinkpad\\\\Documents\\\\Project\\\\educatedplanet\\\\datas\",\"status\":\"error\"}"
[2025-11-05T12:10:04.424Z] [2025-11-05T12:10:04.424Z] [INDEXING-ORCHESTRATOR] [INFO] 📦 Processing batch 37/46 (10 chunks)
[2025-11-05T12:10:04.424Z] [2025-11-05T12:10:04.424Z] [INDEXING-ORCHESTRATOR] [DEBUG] 🧠 Generating embeddings for 10 chunks...
[2025-11-05T12:10:06.408Z] [2025-11-05T12:10:06.408Z] [INDEXING-ORCHESTRATOR] [DEBUG] ✅ Generated 10 embeddings
[2025-11-05T12:10:06.408Z] [2025-11-05T12:10:06.408Z] [INDEXING-ORCHESTRATOR] [DEBUG] ⬆️  Upserting 10 vectors to namespace: mcp_b539ab77b811d627
[2025-11-05T12:10:07.523Z] [2025-11-05T12:10:07.523Z] [INDEXING-ORCHESTRATOR] [WARN] ⚠️ Skipping batch 37 after retries failed. Continuing with remaining batches.
[2025-11-05T12:10:07.523Z] [2025-11-05T12:10:07.523Z] [INDEXING-ORCHESTRATOR] [WARN] Skipped batch error: "Turbopuffer upsert error (400): {\"error\":\"💔 This upsert contains duplicate document IDs and was not written. You should ensure that individual upserts do not include duplicate documents. The duplicated IDs in this batch were the following: C:\\\\Users\\\\RakaThinkpad\\\\Documents\\\\Project\\\\educatedplanet\\\\datas\",\"status\":\"error\"}"
[2025-11-05T12:10:07.523Z] [2025-11-05T12:10:07.523Z] [INDEXING-ORCHESTRATOR] [INFO] 📦 Processing batch 38/46 (10 chunks)
[2025-11-05T12:10:07.523Z] [2025-11-05T12:10:07.523Z] [INDEXING-ORCHESTRATOR] [DEBUG] 🧠 Generating embeddings for 10 chunks...
[2025-11-05T12:10:09.383Z] [2025-11-05T12:10:09.383Z] [INDEXING-ORCHESTRATOR] [DEBUG] ✅ Generated 10 embeddings
[2025-11-05T12:10:09.383Z] [2025-11-05T12:10:09.383Z] [INDEXING-ORCHESTRATOR] [DEBUG] ⬆️  Upserting 10 vectors to namespace: mcp_b539ab77b811d627
[2025-11-05T12:10:10.422Z] [2025-11-05T12:10:10.422Z] [INDEXING-ORCHESTRATOR] [WARN] ⚠️ Skipping batch 38 after retries failed. Continuing with remaining batches.
[2025-11-05T12:10:10.422Z] [2025-11-05T12:10:10.422Z] [INDEXING-ORCHESTRATOR] [WARN] Skipped batch error: "Turbopuffer upsert error (400): {\"error\":\"💔 This upsert contains duplicate document IDs and was not written. You should ensure that individual upserts do not include duplicate documents. The duplicated IDs in this batch were the following: C:\\\\Users\\\\RakaThinkpad\\\\Documents\\\\Project\\\\educatedplanet\\\\datas\",\"status\":\"error\"}"
[2025-11-05T12:10:10.422Z] [2025-11-05T12:10:10.422Z] [INDEXING-ORCHESTRATOR] [INFO] 📦 Processing batch 39/46 (10 chunks)
[2025-11-05T12:10:10.422Z] [2025-11-05T12:10:10.422Z] [INDEXING-ORCHESTRATOR] [DEBUG] 🧠 Generating embeddings for 10 chunks...
[2025-11-05T12:10:12.248Z] [2025-11-05T12:10:12.249Z] [INDEXING-ORCHESTRATOR] [DEBUG] ✅ Generated 10 embeddings
[2025-11-05T12:10:12.248Z] [2025-11-05T12:10:12.249Z] [INDEXING-ORCHESTRATOR] [DEBUG] ⬆️  Upserting 10 vectors to namespace: mcp_b539ab77b811d627
[2025-11-05T12:10:13.354Z] [2025-11-05T12:10:13.354Z] [INDEXING-ORCHESTRATOR] [WARN] ⚠️ Skipping batch 39 after retries failed. Continuing with remaining batches.
[2025-11-05T12:10:13.354Z] [2025-11-05T12:10:13.354Z] [INDEXING-ORCHESTRATOR] [WARN] Skipped batch error: "Turbopuffer upsert error (400): {\"error\":\"💔 This upsert contains duplicate document IDs and was not written. You should ensure that individual upserts do not include duplicate documents. The duplicated IDs in this batch were the following: C:\\\\Users\\\\RakaThinkpad\\\\Documents\\\\Project\\\\educatedplanet\\\\datas,C:\\\\Users\\\\RakaThinkpad\\\\Documents\\\\Project\\\\educatedplanet\\\\model\",\"status\":\"error\"}"
[2025-11-05T12:10:13.354Z] [2025-11-05T12:10:13.354Z] [INDEXING-ORCHESTRATOR] [INFO] 📦 Processing batch 40/46 (10 chunks)
[2025-11-05T12:10:13.355Z] [2025-11-05T12:10:13.354Z] [INDEXING-ORCHESTRATOR] [DEBUG] 🧠 Generating embeddings for 10 chunks...
[2025-11-05T12:10:15.814Z] [2025-11-05T12:10:15.813Z] [INDEXING-ORCHESTRATOR] [DEBUG] ✅ Generated 10 embeddings
[2025-11-05T12:10:15.814Z] [2025-11-05T12:10:15.814Z] [INDEXING-ORCHESTRATOR] [DEBUG] ⬆️  Upserting 10 vectors to namespace: mcp_b539ab77b811d627
[2025-11-05T12:10:16.848Z] [2025-11-05T12:10:16.848Z] [INDEXING-ORCHESTRATOR] [WARN] ⚠️ Skipping batch 40 after retries failed. Continuing with remaining batches.
[2025-11-05T12:10:16.850Z] [2025-11-05T12:10:16.848Z] [INDEXING-ORCHESTRATOR] [WARN] Skipped batch error: "Turbopuffer upsert error (400): {\"error\":\"💔 This upsert contains duplicate document IDs and was not written. You should ensure that individual upserts do not include duplicate documents. The duplicated IDs in this batch were the following: C:\\\\Users\\\\RakaThinkpad\\\\Documents\\\\Project\\\\educatedplanet\\\\model\",\"status\":\"error\"}"
[2025-11-05T12:10:16.850Z] [2025-11-05T12:10:16.849Z] [INDEXING-ORCHESTRATOR] [INFO] 📦 Processing batch 41/46 (10 chunks)
[2025-11-05T12:10:16.850Z] [2025-11-05T12:10:16.849Z] [INDEXING-ORCHESTRATOR] [DEBUG] 🧠 Generating embeddings for 10 chunks...
[2025-11-05T12:10:19.161Z] [2025-11-05T12:10:19.161Z] [INDEXING-ORCHESTRATOR] [DEBUG] ✅ Generated 10 embeddings
[2025-11-05T12:10:19.161Z] [2025-11-05T12:10:19.161Z] [INDEXING-ORCHESTRATOR] [DEBUG] ⬆️  Upserting 10 vectors to namespace: mcp_b539ab77b811d627
[2025-11-05T12:10:20.296Z] [2025-11-05T12:10:20.296Z] [INDEXING-ORCHESTRATOR] [WARN] ⚠️ Skipping batch 41 after retries failed. Continuing with remaining batches.
[2025-11-05T12:10:20.296Z] [2025-11-05T12:10:20.297Z] [INDEXING-ORCHESTRATOR] [WARN] Skipped batch error: "Turbopuffer upsert error (400): {\"error\":\"💔 This upsert contains duplicate document IDs and was not written. You should ensure that individual upserts do not include duplicate documents. The duplicated IDs in this batch were the following: C:\\\\Users\\\\RakaThinkpad\\\\Documents\\\\Project\\\\educatedplanet\\\\model,C:\\\\Users\\\\RakaThinkpad\\\\Documents\\\\Project\\\\educatedplanet\\\\web\\\\a,C:\\\\Users\\\\RakaThinkpad\\\\Documents\\\\Project\\\\educatedplanet\\\\web\\\\c\",\"status\":\"error\"}"
[2025-11-05T12:10:20.296Z] [2025-11-05T12:10:20.297Z] [INDEXING-ORCHESTRATOR] [INFO] 📦 Processing batch 42/46 (10 chunks)
[2025-11-05T12:10:20.297Z] [2025-11-05T12:10:20.297Z] [INDEXING-ORCHESTRATOR] [DEBUG] 🧠 Generating embeddings for 10 chunks...
[2025-11-05T12:10:22.644Z] [2025-11-05T12:10:22.644Z] [INDEXING-ORCHESTRATOR] [DEBUG] ✅ Generated 10 embeddings
[2025-11-05T12:10:22.645Z] [2025-11-05T12:10:22.644Z] [INDEXING-ORCHESTRATOR] [DEBUG] ⬆️  Upserting 10 vectors to namespace: mcp_b539ab77b811d627
[2025-11-05T12:10:23.769Z] [2025-11-05T12:10:23.769Z] [INDEXING-ORCHESTRATOR] [WARN] ⚠️ Skipping batch 42 after retries failed. Continuing with remaining batches.
[2025-11-05T12:10:23.769Z] [2025-11-05T12:10:23.769Z] [INDEXING-ORCHESTRATOR] [WARN] Skipped batch error: "Turbopuffer upsert error (400): {\"error\":\"💔 This upsert contains duplicate document IDs and was not written. You should ensure that individual upserts do not include duplicate documents. The duplicated IDs in this batch were the following: C:\\\\Users\\\\RakaThinkpad\\\\Documents\\\\Project\\\\educatedplanet\\\\web\\\\c\",\"status\":\"error\"}"
[2025-11-05T12:10:23.769Z] [2025-11-05T12:10:23.769Z] [INDEXING-ORCHESTRATOR] [INFO] 📦 Processing batch 43/46 (10 chunks)
[2025-11-05T12:10:23.769Z] [2025-11-05T12:10:23.769Z] [INDEXING-ORCHESTRATOR] [DEBUG] 🧠 Generating embeddings for 10 chunks...
[2025-11-05T12:10:25.475Z] [2025-11-05T12:10:25.475Z] [INDEXING-ORCHESTRATOR] [DEBUG] ✅ Generated 10 embeddings
[2025-11-05T12:10:25.475Z] [2025-11-05T12:10:25.475Z] [INDEXING-ORCHESTRATOR] [DEBUG] ⬆️  Upserting 10 vectors to namespace: mcp_b539ab77b811d627
[2025-11-05T12:10:26.626Z] [2025-11-05T12:10:26.626Z] [INDEXING-ORCHESTRATOR] [WARN] ⚠️ Skipping batch 43 after retries failed. Continuing with remaining batches.
[2025-11-05T12:10:26.626Z] [2025-11-05T12:10:26.626Z] [INDEXING-ORCHESTRATOR] [WARN] Skipped batch error: "Turbopuffer upsert error (400): {\"error\":\"💔 This upsert contains duplicate document IDs and was not written. You should ensure that individual upserts do not include duplicate documents. The duplicated IDs in this batch were the following: C:\\\\Users\\\\RakaThinkpad\\\\Documents\\\\Project\\\\educatedplanet\\\\web\\\\c\",\"status\":\"error\"}"
[2025-11-05T12:10:26.627Z] [2025-11-05T12:10:26.627Z] [INDEXING-ORCHESTRATOR] [INFO] 📦 Processing batch 44/46 (10 chunks)
[2025-11-05T12:10:26.627Z] [2025-11-05T12:10:26.627Z] [INDEXING-ORCHESTRATOR] [DEBUG] 🧠 Generating embeddings for 10 chunks...
[2025-11-05T12:10:28.256Z] [2025-11-05T12:10:28.256Z] [INDEXING-ORCHESTRATOR] [DEBUG] ✅ Generated 10 embeddings
[2025-11-05T12:10:28.256Z] [2025-11-05T12:10:28.256Z] [INDEXING-ORCHESTRATOR] [DEBUG] ⬆️  Upserting 10 vectors to namespace: mcp_b539ab77b811d627
[2025-11-05T12:10:29.444Z] [2025-11-05T12:10:29.444Z] [INDEXING-ORCHESTRATOR] [WARN] ⚠️ Skipping batch 44 after retries failed. Continuing with remaining batches.
[2025-11-05T12:10:29.444Z] [2025-11-05T12:10:29.444Z] [INDEXING-ORCHESTRATOR] [WARN] Skipped batch error: "Turbopuffer upsert error (400): {\"error\":\"💔 This upsert contains duplicate document IDs and was not written. You should ensure that individual upserts do not include duplicate documents. The duplicated IDs in this batch were the following: C:\\\\Users\\\\RakaThinkpad\\\\Documents\\\\Project\\\\educatedplanet\\\\web\\\\c\",\"status\":\"error\"}"
[2025-11-05T12:10:29.444Z] [2025-11-05T12:10:29.444Z] [INDEXING-ORCHESTRATOR] [INFO] 📦 Processing batch 45/46 (10 chunks)
[2025-11-05T12:10:29.444Z] [2025-11-05T12:10:29.444Z] [INDEXING-ORCHESTRATOR] [DEBUG] 🧠 Generating embeddings for 10 chunks...
[2025-11-05T12:10:31.056Z] [2025-11-05T12:10:31.056Z] [INDEXING-ORCHESTRATOR] [DEBUG] ✅ Generated 10 embeddings
[2025-11-05T12:10:31.056Z] [2025-11-05T12:10:31.056Z] [INDEXING-ORCHESTRATOR] [DEBUG] ⬆️  Upserting 10 vectors to namespace: mcp_b539ab77b811d627
[2025-11-05T12:10:32.175Z] [2025-11-05T12:10:32.175Z] [INDEXING-ORCHESTRATOR] [WARN] ⚠️ Skipping batch 45 after retries failed. Continuing with remaining batches.
[2025-11-05T12:10:32.175Z] [2025-11-05T12:10:32.175Z] [INDEXING-ORCHESTRATOR] [WARN] Skipped batch error: "Turbopuffer upsert error (400): {\"error\":\"💔 This upsert contains duplicate document IDs and was not written. You should ensure that individual upserts do not include duplicate documents. The duplicated IDs in this batch were the following: C:\\\\Users\\\\RakaThinkpad\\\\Documents\\\\Project\\\\educatedplanet\\\\web\\\\c,C:\\\\Users\\\\RakaThinkpad\\\\Documents\\\\Project\\\\educatedplanet\\\\web\\\\e\",\"status\":\"error\"}"
[2025-11-05T12:10:32.175Z] [2025-11-05T12:10:32.175Z] [INDEXING-ORCHESTRATOR] [INFO] 📦 Processing batch 46/46 (9 chunks)
[2025-11-05T12:10:32.175Z] [2025-11-05T12:10:32.175Z] [INDEXING-ORCHESTRATOR] [DEBUG] 🧠 Generating embeddings for 9 chunks...
[2025-11-05T12:10:34.066Z] [2025-11-05T12:10:34.066Z] [INDEXING-ORCHESTRATOR] [DEBUG] ✅ Generated 9 embeddings
[2025-11-05T12:10:34.066Z] [2025-11-05T12:10:34.066Z] [INDEXING-ORCHESTRATOR] [DEBUG] ⬆️  Upserting 9 vectors to namespace: mcp_b539ab77b811d627
[2025-11-05T12:10:35.117Z] [2025-11-05T12:10:35.117Z] [INDEXING-ORCHESTRATOR] [WARN] ⚠️ Skipping batch 46 after retries failed. Continuing with remaining batches.
[2025-11-05T12:10:35.117Z] [2025-11-05T12:10:35.117Z] [INDEXING-ORCHESTRATOR] [WARN] Skipped batch error: "Turbopuffer upsert error (400): {\"error\":\"💔 This upsert contains duplicate document IDs and was not written. You should ensure that individual upserts do not include duplicate documents. The duplicated IDs in this batch were the following: C:\\\\Users\\\\RakaThinkpad\\\\Documents\\\\Project\\\\educatedplanet\\\\web\\\\e\",\"status\":\"error\"}"
[2025-11-05T12:10:35.117Z] [2025-11-05T12:10:35.117Z] [INDEXING-ORCHESTRATOR] [INFO] ✅ Upload complete: 0/459 chunks uploaded to namespace: mcp_b539ab77b811d627 (46/46 batches skipped due to rate limiting)
[2025-11-05T12:10:35.117Z] [2025-11-05T12:10:35.117Z] [INDEXING-ORCHESTRATOR] [INFO] ✅ Complete: 459 chunks in 7743ms
[2025-11-05T12:10:35.118Z] [BACKGROUND] Raw result: {
[2025-11-05T12:10:35.118Z]   "success": true,
[2025-11-05T12:10:35.118Z]   "namespace": "mcp_b539ab77b811d627",
[2025-11-05T12:10:35.118Z]   "filesProcessed": 220,
[2025-11-05T12:10:35.118Z]   "chunksCreated": 459,
[2025-11-05T12:10:35.118Z]   "processingTimeMs": 7743,
[2025-11-05T12:10:35.118Z]   "message": "Successfully indexed 220 files into 459 intelligent chunks",
[2025-11-05T12:10:35.118Z]   "errors": []
[2025-11-05T12:10:35.118Z] }
[2025-11-05T12:10:35.118Z] [BACKGROUND] ✅ Indexing completed for C:\Users\RakaThinkpad\Documents\Project\educatedplanet: 459 chunks
[2025-11-05T12:10:35.121Z] [2025-11-05T12:10:35.122Z] [NamespaceManagerService] [INFO] 📝 Registered codebase: C:\Users\RakaThinkpad\Documents\Project\educatedplanet -> mcp_b539ab77b811d627 (459 chunks)
[2025-11-05T12:10:35.122Z] [BACKGROUND] ✅ Codebase registered in namespace manager
[2025-11-05T12:10:35.157Z] Process completed with code: 0
