[2025-11-05T08:00:32.186Z] 🔧 Intelligent Context MCP Configuration:
[2025-11-05T08:00:32.187Z] ==================================================
[2025-11-05T08:00:32.187Z] 📊 Log Level: INFO
[2025-11-05T08:00:32.187Z] 🌟 Wildcard Backend: ✅ Enabled (all-in-one solution)
[2025-11-05T08:00:32.187Z] 🚀 Available Capabilities:
[2025-11-05T08:00:32.187Z] 🔄 Result Reranking: ✅ Enabled (via Wildcard)
[2025-11-05T08:00:32.187Z] 🔍 Vector Search: ✅ Enabled (via Wildcard)
[2025-11-05T08:00:32.187Z] 📐 Embeddings: ✅ Enabled (via Wildcard)
[2025-11-05T08:00:32.187Z] ==================================================
[2025-11-05T08:00:32.188Z] 🔧 Intelligent Context MCP Configuration:
[2025-11-05T08:00:32.188Z] ==================================================
[2025-11-05T08:00:32.188Z] 📊 Log Level: INFO
[2025-11-05T08:00:32.188Z] 🌟 Wildcard Backend: ✅ Enabled (all-in-one solution)
[2025-11-05T08:00:32.188Z] 🚀 Available Capabilities:
[2025-11-05T08:00:32.188Z] 🔄 Result Reranking: ✅ Enabled (via Wildcard)
[2025-11-05T08:00:32.188Z] 🔍 Vector Search: ✅ Enabled (via Wildcard)
[2025-11-05T08:00:32.188Z] 📐 Embeddings: ✅ Enabled (via Wildcard)
[2025-11-05T08:00:32.188Z] ==================================================
[2025-11-05T08:00:32.190Z] [DEBUG] NamespaceManagerService.initialize() called
[2025-11-05T08:00:32.191Z] [DEBUG] Loading registry from: C:\Users\RakaThinkpad\.codex-context\indexed-codebases.json
[2025-11-05T08:00:32.191Z] 🔧 Capabilities: {"reranking":false,"vectorSearch":false,"localBM25":true}
[2025-11-05T08:00:32.191Z] 🌐 Wildcard backend: ENABLED (using hosted Fastify backend)
[2025-11-05T08:00:32.191Z]    Base URL: https://deepcontext.mcp.wild-card.ai
[2025-11-05T08:00:32.191Z] ⚠️  Jina API key not provided - result reranking will be disabled
[2025-11-05T08:00:32.191Z] 💡 Set JINA_API_KEY environment variable to enable result reranking
[2025-11-05T08:00:32.191Z] [DEBUG] NamespaceManagerService.initialize() called
[2025-11-05T08:00:32.191Z] [DEBUG] Loading registry from: C:\Users\RakaThinkpad\.codex-context\indexed-codebases.json
[2025-11-05T08:00:32.191Z] [BACKGROUND] Starting indexing for: c:\Users\RakaThinkpad\Documents\Project\educatedplanet
[2025-11-05T08:00:32.192Z] [BACKGROUND] Using Wildcard API
[2025-11-05T08:00:32.192Z] [BACKGROUND] Wildcard API Key: 3de72897c9...
[2025-11-05T08:00:32.192Z] [BACKGROUND] Wildcard API URL: undefined
[2025-11-05T08:00:32.192Z] 🔧 Intelligent Context MCP Configuration:
[2025-11-05T08:00:32.192Z] ==================================================
[2025-11-05T08:00:32.192Z] 📊 Log Level: INFO
[2025-11-05T08:00:32.192Z] 🌟 Wildcard Backend: ✅ Enabled (all-in-one solution)
[2025-11-05T08:00:32.192Z] 🚀 Available Capabilities:
[2025-11-05T08:00:32.193Z] 🔄 Result Reranking: ✅ Enabled (via Wildcard)
[2025-11-05T08:00:32.193Z] 🔍 Vector Search: ✅ Enabled (via Wildcard)
[2025-11-05T08:00:32.193Z] 📐 Embeddings: ✅ Enabled (via Wildcard)
[2025-11-05T08:00:32.193Z] ==================================================
[2025-11-05T08:00:32.193Z] 🔧 Intelligent Context MCP Configuration:
[2025-11-05T08:00:32.193Z] ==================================================
[2025-11-05T08:00:32.193Z] 📊 Log Level: INFO
[2025-11-05T08:00:32.193Z] 🌟 Wildcard Backend: ✅ Enabled (all-in-one solution)
[2025-11-05T08:00:32.193Z] 🚀 Available Capabilities:
[2025-11-05T08:00:32.193Z] [BACKGROUND] Initialized successfully
[2025-11-05T08:00:32.193Z] 🔄 Result Reranking: ✅ Enabled (via Wildcard)
[2025-11-05T08:00:32.193Z] 🔍 Vector Search: ✅ Enabled (via Wildcard)
[2025-11-05T08:00:32.193Z] 📐 Embeddings: ✅ Enabled (via Wildcard)
[2025-11-05T08:00:32.193Z] ==================================================
[2025-11-05T08:00:32.193Z] [DEBUG] NamespaceManagerService.initialize() called
[2025-11-05T08:00:32.193Z] [DEBUG] Loading registry from: C:\Users\RakaThinkpad\.codex-context\indexed-codebases.json
[2025-11-05T08:00:32.194Z] [DEBUG] Successfully loaded 1 indexed codebases
[2025-11-05T08:00:32.196Z] [2025-11-05T08:00:32.194Z] [NamespaceManagerService] [INFO] 📂 Loaded 1 indexed codebases from disk
[2025-11-05T08:00:32.196Z] [DEBUG] NamespaceManagerService initialized with 1 indexed codebases
[2025-11-05T08:00:32.196Z] [2025-11-05T08:00:32.195Z] [NamespaceManagerService] [INFO] 🚀 NamespaceManagerService initialized with 1 indexed codebases
[2025-11-05T08:00:32.200Z] [DEBUG] Successfully loaded 1 indexed codebases
[2025-11-05T08:00:32.201Z] [2025-11-05T08:00:32.200Z] [NamespaceManagerService] [INFO] 📂 Loaded 1 indexed codebases from disk
[2025-11-05T08:00:32.201Z] [DEBUG] NamespaceManagerService initialized with 1 indexed codebases
[2025-11-05T08:00:32.201Z] [2025-11-05T08:00:32.200Z] [NamespaceManagerService] [INFO] 🚀 NamespaceManagerService initialized with 1 indexed codebases
[2025-11-05T08:00:32.201Z] [DEBUG] Successfully loaded 1 indexed codebases
[2025-11-05T08:00:32.201Z] [2025-11-05T08:00:32.201Z] [NamespaceManagerService] [INFO] 📂 Loaded 1 indexed codebases from disk
[2025-11-05T08:00:32.201Z] [DEBUG] NamespaceManagerService initialized with 1 indexed codebases
[2025-11-05T08:00:32.201Z] [2025-11-05T08:00:32.201Z] [NamespaceManagerService] [INFO] 🚀 NamespaceManagerService initialized with 1 indexed codebases
[2025-11-05T08:00:32.447Z] [2025-11-05T08:00:32.447Z] [TREESITTER-FULL] [INFO] ✅ Tree-sitter parsers initialized successfully (TypeScript, JavaScript, Python)
[2025-11-05T08:00:32.448Z] [2025-11-05T08:00:32.447Z] [TREESITTER-FULL] [INFO] ✅ Tree-sitter parsers initialized successfully (TypeScript, JavaScript, Python)
[2025-11-05T08:00:32.448Z] [2025-11-05T08:00:32.448Z] [TREESITTER-FULL] [INFO] ✅ Tree-sitter parsers initialized successfully (TypeScript, JavaScript, Python)
[2025-11-05T08:00:32.449Z] [2025-11-05T08:00:32.448Z] [STANDALONE-INTEGRATION] [INFO] Initialized with 1 indexed codebases
[2025-11-05T08:00:32.449Z] [2025-11-05T08:00:32.449Z] [STANDALONE-INTEGRATION] [INFO] Initialized with 1 indexed codebases
[2025-11-05T08:00:32.449Z] [2025-11-05T08:00:32.449Z] [STANDALONE-INTEGRATION] [INFO] Initialized with 1 indexed codebases
[2025-11-05T08:00:32.449Z] 🔍 Registry initialized successfully
[2025-11-05T08:00:32.455Z] [BACKGROUND] Namespace manager initialized
[2025-11-05T08:00:32.456Z] [BACKGROUND] About to start indexCodebase()...
[2025-11-05T08:00:32.456Z] [BACKGROUND] Codebase path: c:\Users\RakaThinkpad\Documents\Project\educatedplanet
[2025-11-05T08:00:32.456Z] [BACKGROUND] Force reindex: true
[2025-11-05T08:00:32.458Z] [2025-11-05T08:00:32.457Z] [INDEXING-ORCHESTRATOR] [INFO] 🚀 Starting indexing: c:\Users\RakaThinkpad\Documents\Project\educatedplanet
[2025-11-05T08:00:32.458Z] [2025-11-05T08:00:32.457Z] [INDEXING-ORCHESTRATOR] [DEBUG] 📋 Options: {"force":true,"filtering":true,"dependencies":true}
[2025-11-05T08:00:32.458Z] [2025-11-05T08:00:32.458Z] [TREESITTER-FULL] [INFO] ✅ Tree-sitter parsers initialized successfully (TypeScript, JavaScript, Python)
[2025-11-05T08:00:32.458Z] 🚀 Intelligent Context MCP Server ready!
[2025-11-05T08:00:32.459Z] 🔄 Result Reranking: ❌ Disabled
[2025-11-05T08:00:32.459Z] 📝 Local BM25 Search: ✅ Always Available
[2025-11-05T08:00:32.459Z] 🔌 Transport: stdio
[2025-11-05T08:00:32.600Z] [2025-11-05T08:00:32.600Z] [INDEXING-ORCHESTRATOR] [INFO] 🔍 Content filtering 237 files...
[2025-11-05T08:00:32.983Z] [2025-11-05T08:00:32.982Z] [INDEXING-ORCHESTRATOR] [DEBUG] 🚫 Filtered: admin\next-env.d.ts (Generated file)
[2025-11-05T08:00:33.365Z] [2025-11-05T08:00:33.364Z] [INDEXING-ORCHESTRATOR] [DEBUG] 🚫 Filtered: dataservice\src\datamodels\connections\database.d.ts (Generated file)
[2025-11-05T08:00:33.411Z] [2025-11-05T08:00:33.410Z] [INDEXING-ORCHESTRATOR] [DEBUG] 🚫 Filtered: dataservice\src\datamodels\connections\index.d.ts (Generated file)
[2025-11-05T08:00:33.411Z] [2025-11-05T08:00:33.410Z] [INDEXING-ORCHESTRATOR] [DEBUG] 🚫 Filtered: dataservice\src\datamodels\index.d.ts (Generated file)
[2025-11-05T08:00:33.411Z] [2025-11-05T08:00:33.410Z] [INDEXING-ORCHESTRATOR] [DEBUG] 🚫 Filtered: dataservice\src\datamodels\models\index.d.ts (Generated file)
[2025-11-05T08:00:33.411Z] [2025-11-05T08:00:33.410Z] [INDEXING-ORCHESTRATOR] [DEBUG] 🚫 Filtered: dataservice\src\datamodels\models\review.model.d.ts (Generated file)
[2025-11-05T08:00:33.411Z] [2025-11-05T08:00:33.410Z] [INDEXING-ORCHESTRATOR] [DEBUG] 🚫 Filtered: dataservice\src\datamodels\models\tutor.model.d.ts (Generated file)
[2025-11-05T08:00:33.411Z] [2025-11-05T08:00:33.410Z] [INDEXING-ORCHESTRATOR] [DEBUG] 🚫 Filtered: dataservice\src\datamodels\models\user.model.d.ts (Generated file)
[2025-11-05T08:00:33.411Z] [2025-11-05T08:00:33.410Z] [INDEXING-ORCHESTRATOR] [DEBUG] 🚫 Filtered: dataservice\src\datamodels\schemas\index.d.ts (Generated file)
[2025-11-05T08:00:33.411Z] [2025-11-05T08:00:33.410Z] [INDEXING-ORCHESTRATOR] [DEBUG] 🚫 Filtered: dataservice\src\datamodels\schemas\review-clean.schema.d.ts (Generated file)
[2025-11-05T08:00:33.411Z] [2025-11-05T08:00:33.411Z] [INDEXING-ORCHESTRATOR] [DEBUG] 🚫 Filtered: dataservice\src\datamodels\schemas\tutor-clean.schema.d.ts (Generated file)
[2025-11-05T08:00:33.411Z] [2025-11-05T08:00:33.411Z] [INDEXING-ORCHESTRATOR] [DEBUG] 🚫 Filtered: dataservice\src\datamodels\schemas\user-clean.schema.d.ts (Generated file)
[2025-11-05T08:00:33.411Z] [2025-11-05T08:00:33.411Z] [INDEXING-ORCHESTRATOR] [DEBUG] 🚫 Filtered: models\src\common\common.types.d.ts (Generated file)
[2025-11-05T08:00:33.411Z] [2025-11-05T08:00:33.411Z] [INDEXING-ORCHESTRATOR] [DEBUG] 🚫 Filtered: models\src\index.d.ts (Generated file)
[2025-11-05T08:00:33.411Z] [2025-11-05T08:00:33.411Z] [INDEXING-ORCHESTRATOR] [DEBUG] 🚫 Filtered: models\src\tutor\tutor.types.d.ts (Generated file)
[2025-11-05T08:00:33.411Z] [2025-11-05T08:00:33.411Z] [INDEXING-ORCHESTRATOR] [DEBUG] 🚫 Filtered: models\src\user\user.types.d.ts (Generated file)
[2025-11-05T08:00:33.468Z] [2025-11-05T08:00:33.467Z] [INDEXING-ORCHESTRATOR] [DEBUG] 🚫 Filtered: web\next-env.d.ts (Generated file)
[2025-11-05T08:00:33.468Z] [2025-11-05T08:00:33.467Z] [INDEXING-ORCHESTRATOR] [INFO] ✅ Content filtering complete: 220/237 files included
[2025-11-05T08:00:33.468Z] [2025-11-05T08:00:33.467Z] [INDEXING-ORCHESTRATOR] [INFO] 📝 Processing: 220 files
[2025-11-05T08:00:33.508Z] [2025-11-05T08:00:33.508Z] [TREESITTER-CHUNKER] [INFO] ✅ Tree-sitter chunker initialized successfully (TypeScript, JavaScript, Python)
[2025-11-05T08:00:33.584Z] [2025-11-05T08:00:33.584Z] [TREESITTER-CHUNKER] [INFO] Created 1 semantic chunks from c:\Users\RakaThinkpad\Documents\Project\educatedplanet\admin\eslint.config.mjs
[2025-11-05T08:00:33.667Z] [2025-11-05T08:00:33.667Z] [TREESITTER-FULL] [INFO] Extracted 0 symbols from c:\Users\RakaThinkpad\Documents\Project\educatedplanet\admin\eslint.config.mjs
[2025-11-05T08:00:33.668Z] [2025-11-05T08:00:33.667Z] [INDEXING-ORCHESTRATOR] [DEBUG] 🔍 Symbol extraction for c:\Users\RakaThinkpad\Documents\Project\educatedplanet\admin\eslint.config.mjs: 0 symbols, 11 imports
[2025-11-05T08:00:33.668Z] [2025-11-05T08:00:33.667Z] [INDEXING-ORCHESTRATOR] [DEBUG] 📍 Chunk 1-161: 0 candidate symbols
[2025-11-05T08:00:33.668Z] [2025-11-05T08:00:33.668Z] [INDEXING-ORCHESTRATOR] [DEBUG] ✅ Chunk symbols after filtering: 0 symbols - 
[2025-11-05T08:00:33.669Z] [2025-11-05T08:00:33.668Z] [INDEXING-ORCHESTRATOR] [DEBUG] Created 1 semantic chunks for c:\Users\RakaThinkpad\Documents\Project\educatedplanet\admin\eslint.config.mjs
[2025-11-05T08:00:33.669Z] [2025-11-05T08:00:33.668Z] [INDEXING-ORCHESTRATOR] [DEBUG] Average chunk size: 4929 characters
[2025-11-05T08:00:33.675Z] [2025-11-05T08:00:33.675Z] [TREESITTER-CHUNKER] [INFO] Created 2 semantic chunks from c:\Users\RakaThinkpad\Documents\Project\educatedplanet\admin\next.config.mjs
[2025-11-05T08:00:33.682Z] [2025-11-05T08:00:33.681Z] [TREESITTER-FULL] [INFO] Extracted 1 symbols from c:\Users\RakaThinkpad\Documents\Project\educatedplanet\admin\next.config.mjs
[2025-11-05T08:00:33.683Z] [2025-11-05T08:00:33.682Z] [INDEXING-ORCHESTRATOR] [DEBUG] 🔍 Symbol extraction for c:\Users\RakaThinkpad\Documents\Project\educatedplanet\admin\next.config.mjs: 1 symbols, 0 imports
[2025-11-05T08:00:33.683Z] [2025-11-05T08:00:33.682Z] [INDEXING-ORCHESTRATOR] [DEBUG] 📍 Chunk 8-16: 0 candidate symbols
[2025-11-05T08:00:33.683Z] [2025-11-05T08:00:33.682Z] [INDEXING-ORCHESTRATOR] [DEBUG] ✅ Chunk symbols after filtering: 0 symbols - 
[2025-11-05T08:00:33.683Z] [2025-11-05T08:00:33.682Z] [INDEXING-ORCHESTRATOR] [DEBUG] 📍 Chunk 17-20: 0 candidate symbols
[2025-11-05T08:00:33.683Z] [2025-11-05T08:00:33.682Z] [INDEXING-ORCHESTRATOR] [DEBUG] ✅ Chunk symbols after filtering: 0 symbols - 
[2025-11-05T08:00:33.683Z] [2025-11-05T08:00:33.682Z] [INDEXING-ORCHESTRATOR] [DEBUG] Created 2 semantic chunks for c:\Users\RakaThinkpad\Documents\Project\educatedplanet\admin\next.config.mjs
[2025-11-05T08:00:33.683Z] [2025-11-05T08:00:33.682Z] [INDEXING-ORCHESTRATOR] [DEBUG] Average chunk size: 99 characters
[2025-11-05T08:00:33.685Z] [2025-11-05T08:00:33.684Z] [TREESITTER-CHUNKER] [INFO] Created 1 semantic chunks from c:\Users\RakaThinkpad\Documents\Project\educatedplanet\admin\postcss.config.mjs
[2025-11-05T08:00:33.687Z] [2025-11-05T08:00:33.686Z] [TREESITTER-FULL] [INFO] Extracted 1 symbols from c:\Users\RakaThinkpad\Documents\Project\educatedplanet\admin\postcss.config.mjs
[2025-11-05T08:00:33.687Z] [2025-11-05T08:00:33.686Z] [INDEXING-ORCHESTRATOR] [DEBUG] 🔍 Symbol extraction for c:\Users\RakaThinkpad\Documents\Project\educatedplanet\admin\postcss.config.mjs: 1 symbols, 0 imports
[2025-11-05T08:00:33.687Z] [2025-11-05T08:00:33.686Z] [INDEXING-ORCHESTRATOR] [DEBUG] 📍 Chunk 1-9: 1 candidate symbols
[2025-11-05T08:00:33.687Z] [2025-11-05T08:00:33.687Z] [INDEXING-ORCHESTRATOR] [DEBUG] ✅ Chunk symbols after filtering: 1 symbols - config
[2025-11-05T08:00:33.688Z] [2025-11-05T08:00:33.687Z] [INDEXING-ORCHESTRATOR] [DEBUG] Created 1 semantic chunks for c:\Users\RakaThinkpad\Documents\Project\educatedplanet\admin\postcss.config.mjs
[2025-11-05T08:00:33.688Z] [2025-11-05T08:00:33.687Z] [INDEXING-ORCHESTRATOR] [DEBUG] Average chunk size: 150 characters
[2025-11-05T08:00:33.703Z] [2025-11-05T08:00:33.702Z] [TREESITTER-CHUNKER] [INFO] Created 1 semantic chunks from c:\Users\RakaThinkpad\Documents\Project\educatedplanet\admin\src\app\(external)\page.tsx
[2025-11-05T08:00:33.707Z] [2025-11-05T08:00:33.706Z] [TREESITTER-FULL] [INFO] Extracted 1 symbols from c:\Users\RakaThinkpad\Documents\Project\educatedplanet\admin\src\app\(external)\page.tsx
[2025-11-05T08:00:33.707Z] [2025-11-05T08:00:33.706Z] [INDEXING-ORCHESTRATOR] [DEBUG] 🔍 Symbol extraction for c:\Users\RakaThinkpad\Documents\Project\educatedplanet\admin\src\app\(external)\page.tsx: 1 symbols, 1 imports
[2025-11-05T08:00:33.707Z] [2025-11-05T08:00:33.707Z] [INDEXING-ORCHESTRATOR] [DEBUG] 📍 Chunk 3-6: 1 candidate symbols
[2025-11-05T08:00:33.707Z] [2025-11-05T08:00:33.707Z] [INDEXING-ORCHESTRATOR] [DEBUG] ✅ Chunk symbols after filtering: 1 symbols - Home
[2025-11-05T08:00:33.708Z] [2025-11-05T08:00:33.707Z] [INDEXING-ORCHESTRATOR] [DEBUG] Created 1 semantic chunks for c:\Users\RakaThinkpad\Documents\Project\educatedplanet\admin\src\app\(external)\page.tsx
[2025-11-05T08:00:33.708Z] [2025-11-05T08:00:33.707Z] [INDEXING-ORCHESTRATOR] [DEBUG] Average chunk size: 83 characters
[2025-11-05T08:00:33.744Z] [2025-11-05T08:00:33.744Z] [TREESITTER-CHUNKER] [INFO] Created 1 semantic chunks from c:\Users\RakaThinkpad\Documents\Project\educatedplanet\admin\src\app\(main)\auth\_components\login-form.tsx
[2025-11-05T08:00:33.799Z] [2025-11-05T08:00:33.798Z] [TREESITTER-FULL] [INFO] Extracted 3 symbols from c:\Users\RakaThinkpad\Documents\Project\educatedplanet\admin\src\app\(main)\auth\_components\login-form.tsx
[2025-11-05T08:00:33.800Z] [2025-11-05T08:00:33.798Z] [INDEXING-ORCHESTRATOR] [DEBUG] 🔍 Symbol extraction for c:\Users\RakaThinkpad\Documents\Project\educatedplanet\admin\src\app\(main)\auth\_components\login-form.tsx: 3 symbols, 8 imports
[2025-11-05T08:00:33.800Z] [2025-11-05T08:00:33.798Z] [INDEXING-ORCHESTRATOR] [DEBUG] 📍 Chunk 1-100: 3 candidate symbols
[2025-11-05T08:00:33.800Z] [2025-11-05T08:00:33.799Z] [INDEXING-ORCHESTRATOR] [DEBUG] ✅ Chunk symbols after filtering: 3 symbols - FormSchema, form, onSubmit
[2025-11-05T08:00:33.800Z] [2025-11-05T08:00:33.799Z] [INDEXING-ORCHESTRATOR] [DEBUG] Created 1 semantic chunks for c:\Users\RakaThinkpad\Documents\Project\educatedplanet\admin\src\app\(main)\auth\_components\login-form.tsx
[2025-11-05T08:00:33.800Z] [2025-11-05T08:00:33.799Z] [INDEXING-ORCHESTRATOR] [DEBUG] Average chunk size: 3165 characters
[2025-11-05T08:00:33.817Z] [2025-11-05T08:00:33.817Z] [TREESITTER-CHUNKER] [INFO] Created 1 semantic chunks from c:\Users\RakaThinkpad\Documents\Project\educatedplanet\admin\src\app\(main)\auth\_components\register-form.tsx
[2025-11-05T08:00:33.858Z] [2025-11-05T08:00:33.857Z] [TREESITTER-FULL] [INFO] Extracted 3 symbols from c:\Users\RakaThinkpad\Documents\Project\educatedplanet\admin\src\app\(main)\auth\_components\register-form.tsx
[2025-11-05T08:00:33.859Z] [2025-11-05T08:00:33.858Z] [INDEXING-ORCHESTRATOR] [DEBUG] 🔍 Symbol extraction for c:\Users\RakaThinkpad\Documents\Project\educatedplanet\admin\src\app\(main)\auth\_components\register-form.tsx: 3 symbols, 7 imports
[2025-11-05T08:00:33.859Z] [2025-11-05T08:00:33.858Z] [INDEXING-ORCHESTRATOR] [DEBUG] 📍 Chunk 1-98: 3 candidate symbols
[2025-11-05T08:00:33.859Z] [2025-11-05T08:00:33.858Z] [INDEXING-ORCHESTRATOR] [DEBUG] ✅ Chunk symbols after filtering: 3 symbols - FormSchema, form, onSubmit
[2025-11-05T08:00:33.859Z] [2025-11-05T08:00:33.858Z] [INDEXING-ORCHESTRATOR] [DEBUG] Created 1 semantic chunks for c:\Users\RakaThinkpad\Documents\Project\educatedplanet\admin\src\app\(main)\auth\_components\register-form.tsx
[2025-11-05T08:00:33.859Z] [2025-11-05T08:00:33.858Z] [INDEXING-ORCHESTRATOR] [DEBUG] Average chunk size: 3120 characters
[2025-11-05T08:00:33.866Z] [2025-11-05T08:00:33.866Z] [TREESITTER-CHUNKER] [INFO] Created 1 semantic chunks from c:\Users\RakaThinkpad\Documents\Project\educatedplanet\admin\src\app\(main)\auth\_components\social-auth\google-button.tsx
[2025-11-05T08:00:33.871Z] [2025-11-05T08:00:33.871Z] [TREESITTER-FULL] [INFO] Extracted 1 symbols from c:\Users\RakaThinkpad\Documents\Project\educatedplanet\admin\src\app\(main)\auth\_components\social-auth\google-button.tsx
[2025-11-05T08:00:33.872Z] [2025-11-05T08:00:33.871Z] [INDEXING-ORCHESTRATOR] [DEBUG] 🔍 Symbol extraction for c:\Users\RakaThinkpad\Documents\Project\educatedplanet\admin\src\app\(main)\auth\_components\social-auth\google-button.tsx: 1 symbols, 4 imports
[2025-11-05T08:00:33.872Z] [2025-11-05T08:00:33.871Z] [INDEXING-ORCHESTRATOR] [DEBUG] 📍 Chunk 7-14: 1 candidate symbols
[2025-11-05T08:00:33.872Z] [2025-11-05T08:00:33.871Z] [INDEXING-ORCHESTRATOR] [DEBUG] ✅ Chunk symbols after filtering: 1 symbols - GoogleButton
[2025-11-05T08:00:33.872Z] [2025-11-05T08:00:33.871Z] [INDEXING-ORCHESTRATOR] [DEBUG] Created 1 semantic chunks for c:\Users\RakaThinkpad\Documents\Project\educatedplanet\admin\src\app\(main)\auth\_components\social-auth\google-button.tsx
[2025-11-05T08:00:33.872Z] [2025-11-05T08:00:33.871Z] [INDEXING-ORCHESTRATOR] [DEBUG] Average chunk size: 277 characters
[2025-11-05T08:00:33.884Z] [2025-11-05T08:00:33.883Z] [TREESITTER-CHUNKER] [INFO] Created 1 semantic chunks from c:\Users\RakaThinkpad\Documents\Project\educatedplanet\admin\src\app\(main)\auth\v1\login\page.tsx
[2025-11-05T08:00:33.927Z] [2025-11-05T08:00:33.927Z] [TREESITTER-FULL] [INFO] Extracted 1 symbols from c:\Users\RakaThinkpad\Documents\Project\educatedplanet\admin\src\app\(main)\auth\v1\login\page.tsx
[2025-11-05T08:00:33.928Z] [2025-11-05T08:00:33.927Z] [INDEXING-ORCHESTRATOR] [DEBUG] 🔍 Symbol extraction for c:\Users\RakaThinkpad\Documents\Project\educatedplanet\admin\src\app\(main)\auth\v1\login\page.tsx: 1 symbols, 4 imports
[2025-11-05T08:00:33.928Z] [2025-11-05T08:00:33.927Z] [INDEXING-ORCHESTRATOR] [DEBUG] 📍 Chunk 8-45: 1 candidate symbols
[2025-11-05T08:00:33.928Z] [2025-11-05T08:00:33.927Z] [INDEXING-ORCHESTRATOR] [DEBUG] ✅ Chunk symbols after filtering: 1 symbols - LoginV1
[2025-11-05T08:00:33.928Z] [2025-11-05T08:00:33.927Z] [INDEXING-ORCHESTRATOR] [DEBUG] Created 1 semantic chunks for c:\Users\RakaThinkpad\Documents\Project\educatedplanet\admin\src\app\(main)\auth\v1\login\page.tsx
[2025-11-05T08:00:33.928Z] [2025-11-05T08:00:33.927Z] [INDEXING-ORCHESTRATOR] [DEBUG] Average chunk size: 1571 characters
[2025-11-05T08:00:33.941Z] [2025-11-05T08:00:33.940Z] [TREESITTER-CHUNKER] [INFO] Created 1 semantic chunks from c:\Users\RakaThinkpad\Documents\Project\educatedplanet\admin\src\app\(main)\auth\v1\register\page.tsx
[2025-11-05T08:00:33.983Z] [2025-11-05T08:00:33.982Z] [TREESITTER-FULL] [INFO] Extracted 1 symbols from c:\Users\RakaThinkpad\Documents\Project\educatedplanet\admin\src\app\(main)\auth\v1\register\page.tsx
[2025-11-05T08:00:33.983Z] [2025-11-05T08:00:33.982Z] [INDEXING-ORCHESTRATOR] [DEBUG] 🔍 Symbol extraction for c:\Users\RakaThinkpad\Documents\Project\educatedplanet\admin\src\app\(main)\auth\v1\register\page.tsx: 1 symbols, 4 imports
[2025-11-05T08:00:33.983Z] [2025-11-05T08:00:33.982Z] [INDEXING-ORCHESTRATOR] [DEBUG] 📍 Chunk 8-45: 1 candidate symbols
[2025-11-05T08:00:33.983Z] [2025-11-05T08:00:33.982Z] [INDEXING-ORCHESTRATOR] [DEBUG] ✅ Chunk symbols after filtering: 1 symbols - RegisterV1
[2025-11-05T08:00:33.983Z] [2025-11-05T08:00:33.983Z] [INDEXING-ORCHESTRATOR] [DEBUG] Created 1 semantic chunks for c:\Users\RakaThinkpad\Documents\Project\educatedplanet\admin\src\app\(main)\auth\v1\register\page.tsx
[2025-11-05T08:00:33.983Z] [2025-11-05T08:00:33.983Z] [INDEXING-ORCHESTRATOR] [DEBUG] Average chunk size: 1593 characters
[2025-11-05T08:00:33.992Z] [2025-11-05T08:00:33.991Z] [TREESITTER-CHUNKER] [INFO] Created 1 semantic chunks from c:\Users\RakaThinkpad\Documents\Project\educatedplanet\admin\src\app\(main)\auth\v2\layout.tsx
[2025-11-05T08:00:34.006Z] [2025-11-05T08:00:34.006Z] [TREESITTER-FULL] [INFO] Extracted 0 symbols from c:\Users\RakaThinkpad\Documents\Project\educatedplanet\admin\src\app\(main)\auth\v2\layout.tsx
[2025-11-05T08:00:34.007Z] [2025-11-05T08:00:34.006Z] [INDEXING-ORCHESTRATOR] [DEBUG] 🔍 Symbol extraction for c:\Users\RakaThinkpad\Documents\Project\educatedplanet\admin\src\app\(main)\auth\v2\layout.tsx: 0 symbols, 4 imports
[2025-11-05T08:00:34.007Z] [2025-11-05T08:00:34.006Z] [INDEXING-ORCHESTRATOR] [DEBUG] 📍 Chunk 1-38: 0 candidate symbols
[2025-11-05T08:00:34.007Z] [2025-11-05T08:00:34.006Z] [INDEXING-ORCHESTRATOR] [DEBUG] ✅ Chunk symbols after filtering: 0 symbols - 
[2025-11-05T08:00:34.007Z] [2025-11-05T08:00:34.006Z] [INDEXING-ORCHESTRATOR] [DEBUG] Created 1 semantic chunks for c:\Users\RakaThinkpad\Documents\Project\educatedplanet\admin\src\app\(main)\auth\v2\layout.tsx
[2025-11-05T08:00:34.007Z] [2025-11-05T08:00:34.006Z] [INDEXING-ORCHESTRATOR] [DEBUG] Average chunk size: 1637 characters
[2025-11-05T08:00:34.007Z] [2025-11-05T08:00:34.006Z] [INDEXING-ORCHESTRATOR] [DEBUG] 📊 Processed: 10/220 files
[2025-11-05T08:00:34.020Z] [2025-11-05T08:00:34.019Z] [TREESITTER-CHUNKER] [INFO] Created 1 semantic chunks from c:\Users\RakaThinkpad\Documents\Project\educatedplanet\admin\src\app\(main)\auth\v2\login\page.tsx
[2025-11-05T08:00:34.040Z] [2025-11-05T08:00:34.039Z] [TREESITTER-FULL] [INFO] Extracted 1 symbols from c:\Users\RakaThinkpad\Documents\Project\educatedplanet\admin\src\app\(main)\auth\v2\login\page.tsx
[2025-11-05T08:00:34.040Z] [2025-11-05T08:00:34.039Z] [INDEXING-ORCHESTRATOR] [DEBUG] 🔍 Symbol extraction for c:\Users\RakaThinkpad\Documents\Project\educatedplanet\admin\src\app\(main)\auth\v2\login\page.tsx: 1 symbols, 5 imports
[2025-11-05T08:00:34.040Z] [2025-11-05T08:00:34.040Z] [INDEXING-ORCHESTRATOR] [DEBUG] 📍 Chunk 10-45: 1 candidate symbols
[2025-11-05T08:00:34.040Z] [2025-11-05T08:00:34.040Z] [INDEXING-ORCHESTRATOR] [DEBUG] ✅ Chunk symbols after filtering: 1 symbols - LoginV2
[2025-11-05T08:00:34.040Z] [2025-11-05T08:00:34.040Z] [INDEXING-ORCHESTRATOR] [DEBUG] Created 1 semantic chunks for c:\Users\RakaThinkpad\Documents\Project\educatedplanet\admin\src\app\(main)\auth\v2\login\page.tsx
[2025-11-05T08:00:34.040Z] [2025-11-05T08:00:34.040Z] [INDEXING-ORCHESTRATOR] [DEBUG] Average chunk size: 1443 characters
[2025-11-05T08:00:34.050Z] [2025-11-05T08:00:34.050Z] [TREESITTER-CHUNKER] [INFO] Created 1 semantic chunks from c:\Users\RakaThinkpad\Documents\Project\educatedplanet\admin\src\app\(main)\auth\v2\register\page.tsx
[2025-11-05T08:00:34.068Z] [2025-11-05T08:00:34.067Z] [TREESITTER-FULL] [INFO] Extracted 1 symbols from c:\Users\RakaThinkpad\Documents\Project\educatedplanet\admin\src\app\(main)\auth\v2\register\page.tsx
[2025-11-05T08:00:34.068Z] [2025-11-05T08:00:34.067Z] [INDEXING-ORCHESTRATOR] [DEBUG] 🔍 Symbol extraction for c:\Users\RakaThinkpad\Documents\Project\educatedplanet\admin\src\app\(main)\auth\v2\register\page.tsx: 1 symbols, 5 imports
[2025-11-05T08:00:34.068Z] [2025-11-05T08:00:34.067Z] [INDEXING-ORCHESTRATOR] [DEBUG] 📍 Chunk 10-45: 1 candidate symbols
[2025-11-05T08:00:34.068Z] [2025-11-05T08:00:34.067Z] [INDEXING-ORCHESTRATOR] [DEBUG] ✅ Chunk symbols after filtering: 1 symbols - RegisterV2
[2025-11-05T08:00:34.068Z] [2025-11-05T08:00:34.067Z] [INDEXING-ORCHESTRATOR] [DEBUG] Created 1 semantic chunks for c:\Users\RakaThinkpad\Documents\Project\educatedplanet\admin\src\app\(main)\auth\v2\register\page.tsx
[2025-11-05T08:00:34.068Z] [2025-11-05T08:00:34.067Z] [INDEXING-ORCHESTRATOR] [DEBUG] Average chunk size: 1441 characters
[2025-11-05T08:00:34.072Z] [2025-11-05T08:00:34.072Z] [TREESITTER-CHUNKER] [INFO] Created 1 semantic chunks from c:\Users\RakaThinkpad\Documents\Project\educatedplanet\admin\src\app\(main)\dashboard\[...not-found]\page.tsx
[2025-11-05T08:00:34.079Z] [2025-11-05T08:00:34.078Z] [TREESITTER-FULL] [INFO] Extracted 1 symbols from c:\Users\RakaThinkpad\Documents\Project\educatedplanet\admin\src\app\(main)\dashboard\[...not-found]\page.tsx
[2025-11-05T08:00:34.079Z] [2025-11-05T08:00:34.078Z] [INDEXING-ORCHESTRATOR] [DEBUG] 🔍 Symbol extraction for c:\Users\RakaThinkpad\Documents\Project\educatedplanet\admin\src\app\(main)\dashboard\[...not-found]\page.tsx: 1 symbols, 0 imports
[2025-11-05T08:00:34.079Z] [2025-11-05T08:00:34.078Z] [INDEXING-ORCHESTRATOR] [DEBUG] 📍 Chunk 3-10: 1 candidate symbols
[2025-11-05T08:00:34.079Z] [2025-11-05T08:00:34.078Z] [INDEXING-ORCHESTRATOR] [DEBUG] ✅ Chunk symbols after filtering: 1 symbols - DashboardNotFound
[2025-11-05T08:00:34.079Z] [2025-11-05T08:00:34.078Z] [INDEXING-ORCHESTRATOR] [DEBUG] Created 1 semantic chunks for c:\Users\RakaThinkpad\Documents\Project\educatedplanet\admin\src\app\(main)\dashboard\[...not-found]\page.tsx
[2025-11-05T08:00:34.079Z] [2025-11-05T08:00:34.078Z] [INDEXING-ORCHESTRATOR] [DEBUG] Average chunk size: 318 characters
[2025-11-05T08:00:34.092Z] [2025-11-05T08:00:34.091Z] [TREESITTER-CHUNKER] [INFO] Created 1 semantic chunks from c:\Users\RakaThinkpad\Documents\Project\educatedplanet\admin\src\app\(main)\dashboard\_components\sidebar\account-switcher.tsx
[2025-11-05T08:00:34.119Z] [2025-11-05T08:00:34.118Z] [TREESITTER-FULL] [INFO] Extracted 0 symbols from c:\Users\RakaThinkpad\Documents\Project\educatedplanet\admin\src\app\(main)\dashboard\_components\sidebar\account-switcher.tsx
[2025-11-05T08:00:34.119Z] [2025-11-05T08:00:34.118Z] [INDEXING-ORCHESTRATOR] [DEBUG] 🔍 Symbol extraction for c:\Users\RakaThinkpad\Documents\Project\educatedplanet\admin\src\app\(main)\dashboard\_components\sidebar\account-switcher.tsx: 0 symbols, 5 imports
[2025-11-05T08:00:34.119Z] [2025-11-05T08:00:34.118Z] [INDEXING-ORCHESTRATOR] [DEBUG] 📍 Chunk 1-82: 0 candidate symbols
[2025-11-05T08:00:34.119Z] [2025-11-05T08:00:34.118Z] [INDEXING-ORCHESTRATOR] [DEBUG] ✅ Chunk symbols after filtering: 0 symbols - 
[2025-11-05T08:00:34.119Z] [2025-11-05T08:00:34.118Z] [INDEXING-ORCHESTRATOR] [DEBUG] Created 1 semantic chunks for c:\Users\RakaThinkpad\Documents\Project\educatedplanet\admin\src\app\(main)\dashboard\_components\sidebar\account-switcher.tsx
[2025-11-05T08:00:34.119Z] [2025-11-05T08:00:34.118Z] [INDEXING-ORCHESTRATOR] [DEBUG] Average chunk size: 2748 characters
[2025-11-05T08:00:34.127Z] [2025-11-05T08:00:34.126Z] [TREESITTER-CHUNKER] [INFO] Created 1 semantic chunks from c:\Users\RakaThinkpad\Documents\Project\educatedplanet\admin\src\app\(main)\dashboard\_components\sidebar\app-sidebar.tsx
[2025-11-05T08:00:34.144Z] [2025-11-05T08:00:34.143Z] [TREESITTER-FULL] [INFO] Extracted 2 symbols from c:\Users\RakaThinkpad\Documents\Project\educatedplanet\admin\src\app\(main)\dashboard\_components\sidebar\app-sidebar.tsx
[2025-11-05T08:00:34.144Z] [2025-11-05T08:00:34.143Z] [INDEXING-ORCHESTRATOR] [DEBUG] 🔍 Symbol extraction for c:\Users\RakaThinkpad\Documents\Project\educatedplanet\admin\src\app\(main)\dashboard\_components\sidebar\app-sidebar.tsx: 2 symbols, 9 imports
[2025-11-05T08:00:34.144Z] [2025-11-05T08:00:34.144Z] [INDEXING-ORCHESTRATOR] [DEBUG] 📍 Chunk 61-86: 1 candidate symbols
[2025-11-05T08:00:34.144Z] [2025-11-05T08:00:34.144Z] [INDEXING-ORCHESTRATOR] [DEBUG] ✅ Chunk symbols after filtering: 1 symbols - AppSidebar
[2025-11-05T08:00:34.144Z] [2025-11-05T08:00:34.144Z] [INDEXING-ORCHESTRATOR] [DEBUG] Created 1 semantic chunks for c:\Users\RakaThinkpad\Documents\Project\educatedplanet\admin\src\app\(main)\dashboard\_components\sidebar\app-sidebar.tsx
[2025-11-05T08:00:34.144Z] [2025-11-05T08:00:34.144Z] [INDEXING-ORCHESTRATOR] [DEBUG] Average chunk size: 925 characters
[2025-11-05T08:00:34.153Z] [2025-11-05T08:00:34.152Z] [TREESITTER-CHUNKER] [INFO] Created 1 semantic chunks from c:\Users\RakaThinkpad\Documents\Project\educatedplanet\admin\src\app\(main)\dashboard\_components\sidebar\nav-documents.tsx
[2025-11-05T08:00:34.194Z] [2025-11-05T08:00:34.193Z] [TREESITTER-FULL] [INFO] Extracted 1 symbols from c:\Users\RakaThinkpad\Documents\Project\educatedplanet\admin\src\app\(main)\dashboard\_components\sidebar\nav-documents.tsx
[2025-11-05T08:00:34.194Z] [2025-11-05T08:00:34.193Z] [INDEXING-ORCHESTRATOR] [DEBUG] 🔍 Symbol extraction for c:\Users\RakaThinkpad\Documents\Project\educatedplanet\admin\src\app\(main)\dashboard\_components\sidebar\nav-documents.tsx: 1 symbols, 3 imports
[2025-11-05T08:00:34.194Z] [2025-11-05T08:00:34.193Z] [INDEXING-ORCHESTRATOR] [DEBUG] 📍 Chunk 22-83: 1 candidate symbols
[2025-11-05T08:00:34.194Z] [2025-11-05T08:00:34.193Z] [INDEXING-ORCHESTRATOR] [DEBUG] ✅ Chunk symbols after filtering: 1 symbols - NavDocuments
[2025-11-05T08:00:34.194Z] [2025-11-05T08:00:34.193Z] [INDEXING-ORCHESTRATOR] [DEBUG] Created 1 semantic chunks for c:\Users\RakaThinkpad\Documents\Project\educatedplanet\admin\src\app\(main)\dashboard\_components\sidebar\nav-documents.tsx
[2025-11-05T08:00:34.194Z] [2025-11-05T08:00:34.193Z] [INDEXING-ORCHESTRATOR] [DEBUG] Average chunk size: 2094 characters
[2025-11-05T08:00:34.278Z] [2025-11-05T08:00:34.277Z] [TREESITTER-CHUNKER] [INFO] Created 2 semantic chunks from c:\Users\RakaThinkpad\Documents\Project\educatedplanet\admin\src\app\(main)\dashboard\_components\sidebar\nav-main.tsx
[2025-11-05T08:00:34.338Z] [2025-11-05T08:00:34.337Z] [TREESITTER-FULL] [INFO] Extracted 5 symbols from c:\Users\RakaThinkpad\Documents\Project\educatedplanet\admin\src\app\(main)\dashboard\_components\sidebar\nav-main.tsx
[2025-11-05T08:00:34.338Z] [2025-11-05T08:00:34.337Z] [INDEXING-ORCHESTRATOR] [DEBUG] 🔍 Symbol extraction for c:\Users\RakaThinkpad\Documents\Project\educatedplanet\admin\src\app\(main)\dashboard\_components\sidebar\nav-main.tsx: 5 symbols, 9 imports
[2025-11-05T08:00:34.338Z] [2025-11-05T08:00:34.337Z] [INDEXING-ORCHESTRATOR] [DEBUG] 📍 Chunk 31-33: 1 candidate symbols
[2025-11-05T08:00:34.338Z] [2025-11-05T08:00:34.337Z] [INDEXING-ORCHESTRATOR] [DEBUG] ✅ Chunk symbols after filtering: 1 symbols - NavMainProps
[2025-11-05T08:00:34.338Z] [2025-11-05T08:00:34.337Z] [INDEXING-ORCHESTRATOR] [DEBUG] 📍 Chunk 34-225: 4 candidate symbols
[2025-11-05T08:00:34.338Z] [2025-11-05T08:00:34.337Z] [INDEXING-ORCHESTRATOR] [DEBUG] ✅ Chunk symbols after filtering: 4 symbols - IsComingSoon, path, isItemActive, isSubmenuOpen
[2025-11-05T08:00:34.338Z] [2025-11-05T08:00:34.337Z] [INDEXING-ORCHESTRATOR] [DEBUG] Created 2 semantic chunks for c:\Users\RakaThinkpad\Documents\Project\educatedplanet\admin\src\app\(main)\dashboard\_components\sidebar\nav-main.tsx
[2025-11-05T08:00:34.338Z] [2025-11-05T08:00:34.337Z] [INDEXING-ORCHESTRATOR] [DEBUG] Average chunk size: 3706 characters
[2025-11-05T08:00:34.342Z] [2025-11-05T08:00:34.341Z] [TREESITTER-CHUNKER] [INFO] Created 1 semantic chunks from c:\Users\RakaThinkpad\Documents\Project\educatedplanet\admin\src\app\(main)\dashboard\_components\sidebar\nav-secondary.tsx
[2025-11-05T08:00:34.348Z] [2025-11-05T08:00:34.347Z] [TREESITTER-FULL] [INFO] Extracted 1 symbols from c:\Users\RakaThinkpad\Documents\Project\educatedplanet\admin\src\app\(main)\dashboard\_components\sidebar\nav-secondary.tsx
[2025-11-05T08:00:34.348Z] [2025-11-05T08:00:34.347Z] [INDEXING-ORCHESTRATOR] [DEBUG] 🔍 Symbol extraction for c:\Users\RakaThinkpad\Documents\Project\educatedplanet\admin\src\app\(main)\dashboard\_components\sidebar\nav-secondary.tsx: 1 symbols, 3 imports
[2025-11-05T08:00:34.348Z] [2025-11-05T08:00:34.347Z] [INDEXING-ORCHESTRATOR] [DEBUG] 📍 Chunk 15-43: 1 candidate symbols
[2025-11-05T08:00:34.348Z] [2025-11-05T08:00:34.347Z] [INDEXING-ORCHESTRATOR] [DEBUG] ✅ Chunk symbols after filtering: 1 symbols - NavSecondary
[2025-11-05T08:00:34.348Z] [2025-11-05T08:00:34.347Z] [INDEXING-ORCHESTRATOR] [DEBUG] Created 1 semantic chunks for c:\Users\RakaThinkpad\Documents\Project\educatedplanet\admin\src\app\(main)\dashboard\_components\sidebar\nav-secondary.tsx
[2025-11-05T08:00:34.348Z] [2025-11-05T08:00:34.347Z] [INDEXING-ORCHESTRATOR] [DEBUG] Average chunk size: 716 characters
[2025-11-05T08:00:34.362Z] [2025-11-05T08:00:34.362Z] [TREESITTER-CHUNKER] [INFO] Created 1 semantic chunks from c:\Users\RakaThinkpad\Documents\Project\educatedplanet\admin\src\app\(main)\dashboard\_components\sidebar\nav-user.tsx
[2025-11-05T08:00:34.434Z] [2025-11-05T08:00:34.433Z] [TREESITTER-FULL] [INFO] Extracted 1 symbols from c:\Users\RakaThinkpad\Documents\Project\educatedplanet\admin\src\app\(main)\dashboard\_components\sidebar\nav-user.tsx
[2025-11-05T08:00:34.434Z] [2025-11-05T08:00:34.433Z] [INDEXING-ORCHESTRATOR] [DEBUG] 🔍 Symbol extraction for c:\Users\RakaThinkpad\Documents\Project\educatedplanet\admin\src\app\(main)\dashboard\_components\sidebar\nav-user.tsx: 1 symbols, 5 imports
[2025-11-05T08:00:34.434Z] [2025-11-05T08:00:34.433Z] [INDEXING-ORCHESTRATOR] [DEBUG] 📍 Chunk 18-92: 1 candidate symbols
[2025-11-05T08:00:34.434Z] [2025-11-05T08:00:34.433Z] [INDEXING-ORCHESTRATOR] [DEBUG] ✅ Chunk symbols after filtering: 1 symbols - NavUser
[2025-11-05T08:00:34.434Z] [2025-11-05T08:00:34.433Z] [INDEXING-ORCHESTRATOR] [DEBUG] Created 1 semantic chunks for c:\Users\RakaThinkpad\Documents\Project\educatedplanet\admin\src\app\(main)\dashboard\_components\sidebar\nav-user.tsx
[2025-11-05T08:00:34.434Z] [2025-11-05T08:00:34.433Z] [INDEXING-ORCHESTRATOR] [DEBUG] Average chunk size: 2906 characters
[2025-11-05T08:00:34.444Z] [2025-11-05T08:00:34.443Z] [TREESITTER-CHUNKER] [INFO] Created 1 semantic chunks from c:\Users\RakaThinkpad\Documents\Project\educatedplanet\admin\src\app\(main)\dashboard\_components\sidebar\search-dialog.tsx
[2025-11-05T08:00:34.465Z] [2025-11-05T08:00:34.464Z] [TREESITTER-FULL] [INFO] Extracted 1 symbols from c:\Users\RakaThinkpad\Documents\Project\educatedplanet\admin\src\app\(main)\dashboard\_components\sidebar\search-dialog.tsx
[2025-11-05T08:00:34.465Z] [2025-11-05T08:00:34.464Z] [INDEXING-ORCHESTRATOR] [DEBUG] 🔍 Symbol extraction for c:\Users\RakaThinkpad\Documents\Project\educatedplanet\admin\src\app\(main)\dashboard\_components\sidebar\search-dialog.tsx: 1 symbols, 4 imports
[2025-11-05T08:00:34.465Z] [2025-11-05T08:00:34.464Z] [INDEXING-ORCHESTRATOR] [DEBUG] 📍 Chunk 1-80: 1 candidate symbols
[2025-11-05T08:00:34.465Z] [2025-11-05T08:00:34.464Z] [INDEXING-ORCHESTRATOR] [DEBUG] ✅ Chunk symbols after filtering: 1 symbols - searchItems
[2025-11-05T08:00:34.465Z] [2025-11-05T08:00:34.464Z] [INDEXING-ORCHESTRATOR] [DEBUG] Created 1 semantic chunks for c:\Users\RakaThinkpad\Documents\Project\educatedplanet\admin\src\app\(main)\dashboard\_components\sidebar\search-dialog.tsx
[2025-11-05T08:00:34.465Z] [2025-11-05T08:00:34.464Z] [INDEXING-ORCHESTRATOR] [DEBUG] Average chunk size: 2935 characters
[2025-11-05T08:00:34.465Z] [2025-11-05T08:00:34.464Z] [INDEXING-ORCHESTRATOR] [DEBUG] 📊 Processed: 20/220 files
[2025-11-05T08:00:34.473Z] [2025-11-05T08:00:34.472Z] [TREESITTER-CHUNKER] [INFO] Created 1 semantic chunks from c:\Users\RakaThinkpad\Documents\Project\educatedplanet\admin\src\app\(main)\dashboard\coming-soon\page.tsx
[2025-11-05T08:00:34.478Z] [2025-11-05T08:00:34.477Z] [TREESITTER-FULL] [INFO] Extracted 1 symbols from c:\Users\RakaThinkpad\Documents\Project\educatedplanet\admin\src\app\(main)\dashboard\coming-soon\page.tsx
[2025-11-05T08:00:34.478Z] [2025-11-05T08:00:34.477Z] [INDEXING-ORCHESTRATOR] [DEBUG] 🔍 Symbol extraction for c:\Users\RakaThinkpad\Documents\Project\educatedplanet\admin\src\app\(main)\dashboard\coming-soon\page.tsx: 1 symbols, 0 imports
[2025-11-05T08:00:34.478Z] [2025-11-05T08:00:34.478Z] [INDEXING-ORCHESTRATOR] [DEBUG] 📍 Chunk 1-8: 1 candidate symbols
[2025-11-05T08:00:34.479Z] [2025-11-05T08:00:34.478Z] [INDEXING-ORCHESTRATOR] [DEBUG] ✅ Chunk symbols after filtering: 1 symbols - Page
[2025-11-05T08:00:34.479Z] [2025-11-05T08:00:34.478Z] [INDEXING-ORCHESTRATOR] [DEBUG] Created 1 semantic chunks for c:\Users\RakaThinkpad\Documents\Project\educatedplanet\admin\src\app\(main)\dashboard\coming-soon\page.tsx
[2025-11-05T08:00:34.479Z] [2025-11-05T08:00:34.478Z] [INDEXING-ORCHESTRATOR] [DEBUG] Average chunk size: 331 characters
[2025-11-05T08:00:34.491Z] [2025-11-05T08:00:34.490Z] [TREESITTER-CHUNKER] [INFO] Created 1 semantic chunks from c:\Users\RakaThinkpad\Documents\Project\educatedplanet\admin\src\app\(main)\dashboard\crm\_components\columns.crm.tsx
[2025-11-05T08:00:34.520Z] [2025-11-05T08:00:34.519Z] [TREESITTER-FULL] [INFO] Extracted 0 symbols from c:\Users\RakaThinkpad\Documents\Project\educatedplanet\admin\src\app\(main)\dashboard\crm\_components\columns.crm.tsx
[2025-11-05T08:00:34.520Z] [2025-11-05T08:00:34.519Z] [INDEXING-ORCHESTRATOR] [DEBUG] 🔍 Symbol extraction for c:\Users\RakaThinkpad\Documents\Project\educatedplanet\admin\src\app\(main)\dashboard\crm\_components\columns.crm.tsx: 0 symbols, 8 imports
[2025-11-05T08:00:34.520Z] [2025-11-05T08:00:34.519Z] [INDEXING-ORCHESTRATOR] [DEBUG] 📍 Chunk 1-84: 0 candidate symbols
[2025-11-05T08:00:34.520Z] [2025-11-05T08:00:34.519Z] [INDEXING-ORCHESTRATOR] [DEBUG] ✅ Chunk symbols after filtering: 0 symbols - 
[2025-11-05T08:00:34.520Z] [2025-11-05T08:00:34.519Z] [INDEXING-ORCHESTRATOR] [DEBUG] Created 1 semantic chunks for c:\Users\RakaThinkpad\Documents\Project\educatedplanet\admin\src\app\(main)\dashboard\crm\_components\columns.crm.tsx
[2025-11-05T08:00:34.520Z] [2025-11-05T08:00:34.519Z] [INDEXING-ORCHESTRATOR] [DEBUG] Average chunk size: 2876 characters
[2025-11-05T08:00:34.524Z] [2025-11-05T08:00:34.523Z] [TREESITTER-CHUNKER] [INFO] Created 1 semantic chunks from c:\Users\RakaThinkpad\Documents\Project\educatedplanet\admin\src\app\(main)\dashboard\_components\sidebar\theme-switcher.tsx
[2025-11-05T08:00:34.529Z] [2025-11-05T08:00:34.528Z] [TREESITTER-FULL] [INFO] Extracted 1 symbols from c:\Users\RakaThinkpad\Documents\Project\educatedplanet\admin\src\app\(main)\dashboard\_components\sidebar\theme-switcher.tsx
[2025-11-05T08:00:34.529Z] [2025-11-05T08:00:34.528Z] [INDEXING-ORCHESTRATOR] [DEBUG] 🔍 Symbol extraction for c:\Users\RakaThinkpad\Documents\Project\educatedplanet\admin\src\app\(main)\dashboard\_components\sidebar\theme-switcher.tsx: 1 symbols, 5 imports
[2025-11-05T08:00:34.529Z] [2025-11-05T08:00:34.528Z] [INDEXING-ORCHESTRATOR] [DEBUG] 📍 Chunk 10-26: 1 candidate symbols
[2025-11-05T08:00:34.529Z] [2025-11-05T08:00:34.528Z] [INDEXING-ORCHESTRATOR] [DEBUG] ✅ Chunk symbols after filtering: 1 symbols - ThemeSwitcher
[2025-11-05T08:00:34.529Z] [2025-11-05T08:00:34.528Z] [INDEXING-ORCHESTRATOR] [DEBUG] Created 1 semantic chunks for c:\Users\RakaThinkpad\Documents\Project\educatedplanet\admin\src\app\(main)\dashboard\_components\sidebar\theme-switcher.tsx
[2025-11-05T08:00:34.529Z] [2025-11-05T08:00:34.528Z] [INDEXING-ORCHESTRATOR] [DEBUG] Average chunk size: 527 characters
[2025-11-05T08:00:34.558Z] [2025-11-05T08:00:34.557Z] [TREESITTER-CHUNKER] [INFO] Created 1 semantic chunks from c:\Users\RakaThinkpad\Documents\Project\educatedplanet\admin\src\app\(main)\dashboard\crm\_components\crm.config.ts
[2025-11-05T08:00:34.593Z] [2025-11-05T08:00:34.592Z] [TREESITTER-FULL] [INFO] Extracted 15 symbols from c:\Users\RakaThinkpad\Documents\Project\educatedplanet\admin\src\app\(main)\dashboard\crm\_components\crm.config.ts
[2025-11-05T08:00:34.593Z] [2025-11-05T08:00:34.592Z] [INDEXING-ORCHESTRATOR] [DEBUG] 🔍 Symbol extraction for c:\Users\RakaThinkpad\Documents\Project\educatedplanet\admin\src\app\(main)\dashboard\crm\_components\crm.config.ts: 15 symbols, 1 imports
[2025-11-05T08:00:34.593Z] [2025-11-05T08:00:34.592Z] [INDEXING-ORCHESTRATOR] [DEBUG] 📍 Chunk 1-334: 15 candidate symbols
[2025-11-05T08:00:34.593Z] [2025-11-05T08:00:34.592Z] [INDEXING-ORCHESTRATOR] [DEBUG] ✅ Chunk symbols after filtering: 15 symbols - leadsChartData, leadsChartConfig, proposalsChartData, proposalsChartConfig, revenueChartData, revenueChartConfig, leadsBySourceChartData, leadsBySourceChartConfig, projectRevenueChartData, projectRevenueChartConfig, salesPipelineChartData, salesPipelineChartConfig, regionSalesData, actionItems, recentLeadsData
[2025-11-05T08:00:34.593Z] [2025-11-05T08:00:34.592Z] [INDEXING-ORCHESTRATOR] [DEBUG] Created 1 semantic chunks for c:\Users\RakaThinkpad\Documents\Project\educatedplanet\admin\src\app\(main)\dashboard\crm\_components\crm.config.ts
[2025-11-05T08:00:34.593Z] [2025-11-05T08:00:34.592Z] [INDEXING-ORCHESTRATOR] [DEBUG] Average chunk size: 7787 characters
[2025-11-05T08:00:34.613Z] [2025-11-05T08:00:34.612Z] [TREESITTER-CHUNKER] [INFO] Created 1 semantic chunks from c:\Users\RakaThinkpad\Documents\Project\educatedplanet\admin\src\app\(main)\dashboard\crm\_components\insight-cards.tsx
[2025-11-05T08:00:34.674Z] [2025-11-05T08:00:34.673Z] [TREESITTER-FULL] [INFO] Extracted 1 symbols from c:\Users\RakaThinkpad\Documents\Project\educatedplanet\admin\src\app\(main)\dashboard\crm\_components\insight-cards.tsx
[2025-11-05T08:00:34.674Z] [2025-11-05T08:00:34.673Z] [INDEXING-ORCHESTRATOR] [DEBUG] 🔍 Symbol extraction for c:\Users\RakaThinkpad\Documents\Project\educatedplanet\admin\src\app\(main)\dashboard\crm\_components\insight-cards.tsx: 1 symbols, 5 imports
[2025-11-05T08:00:34.674Z] [2025-11-05T08:00:34.673Z] [INDEXING-ORCHESTRATOR] [DEBUG] 📍 Chunk 1-155: 1 candidate symbols
[2025-11-05T08:00:34.674Z] [2025-11-05T08:00:34.673Z] [INDEXING-ORCHESTRATOR] [DEBUG] ✅ Chunk symbols after filtering: 1 symbols - totalLeads
[2025-11-05T08:00:34.674Z] [2025-11-05T08:00:34.673Z] [INDEXING-ORCHESTRATOR] [DEBUG] Created 1 semantic chunks for c:\Users\RakaThinkpad\Documents\Project\educatedplanet\admin\src\app\(main)\dashboard\crm\_components\insight-cards.tsx
[2025-11-05T08:00:34.674Z] [2025-11-05T08:00:34.673Z] [INDEXING-ORCHESTRATOR] [DEBUG] Average chunk size: 6050 characters
[2025-11-05T08:00:34.698Z] [2025-11-05T08:00:34.697Z] [TREESITTER-CHUNKER] [INFO] Created 3 semantic chunks from c:\Users\RakaThinkpad\Documents\Project\educatedplanet\admin\src\app\(main)\dashboard\crm\_components\operational-cards.tsx
[2025-11-05T08:00:34.733Z] [2025-11-05T08:00:34.732Z] [TREESITTER-FULL] [INFO] Extracted 1 symbols from c:\Users\RakaThinkpad\Documents\Project\educatedplanet\admin\src\app\(main)\dashboard\crm\_components\operational-cards.tsx
[2025-11-05T08:00:34.733Z] [2025-11-05T08:00:34.732Z] [INDEXING-ORCHESTRATOR] [DEBUG] 🔍 Symbol extraction for c:\Users\RakaThinkpad\Documents\Project\educatedplanet\admin\src\app\(main)\dashboard\crm\_components\operational-cards.tsx: 1 symbols, 8 imports
[2025-11-05T08:00:34.733Z] [2025-11-05T08:00:34.732Z] [INDEXING-ORCHESTRATOR] [DEBUG] 📍 Chunk 55-60: 0 candidate symbols
[2025-11-05T08:00:34.733Z] [2025-11-05T08:00:34.732Z] [INDEXING-ORCHESTRATOR] [DEBUG] ✅ Chunk symbols after filtering: 0 symbols - 
[2025-11-05T08:00:34.733Z] [2025-11-05T08:00:34.732Z] [INDEXING-ORCHESTRATOR] [DEBUG] 📍 Chunk 93-100: 0 candidate symbols
[2025-11-05T08:00:34.733Z] [2025-11-05T08:00:34.732Z] [INDEXING-ORCHESTRATOR] [DEBUG] ✅ Chunk symbols after filtering: 0 symbols - 
[2025-11-05T08:00:34.733Z] [2025-11-05T08:00:34.732Z] [INDEXING-ORCHESTRATOR] [DEBUG] 📍 Chunk 101-116: 0 candidate symbols
[2025-11-05T08:00:34.733Z] [2025-11-05T08:00:34.732Z] [INDEXING-ORCHESTRATOR] [DEBUG] ✅ Chunk symbols after filtering: 0 symbols - 
[2025-11-05T08:00:34.733Z] [2025-11-05T08:00:34.732Z] [INDEXING-ORCHESTRATOR] [DEBUG] Created 3 semantic chunks for c:\Users\RakaThinkpad\Documents\Project\educatedplanet\admin\src\app\(main)\dashboard\crm\_components\operational-cards.tsx
[2025-11-05T08:00:34.733Z] [2025-11-05T08:00:34.732Z] [INDEXING-ORCHESTRATOR] [DEBUG] Average chunk size: 382 characters
[2025-11-05T08:00:34.764Z] [2025-11-05T08:00:34.763Z] [TREESITTER-CHUNKER] [INFO] Created 1 semantic chunks from c:\Users\RakaThinkpad\Documents\Project\educatedplanet\admin\src\app\(main)\dashboard\crm\_components\overview-cards.tsx
[2025-11-05T08:00:34.805Z] [2025-11-05T08:00:34.805Z] [TREESITTER-FULL] [INFO] Extracted 1 symbols from c:\Users\RakaThinkpad\Documents\Project\educatedplanet\admin\src\app\(main)\dashboard\crm\_components\overview-cards.tsx
[2025-11-05T08:00:34.805Z] [2025-11-05T08:00:34.805Z] [INDEXING-ORCHESTRATOR] [DEBUG] 🔍 Symbol extraction for c:\Users\RakaThinkpad\Documents\Project\educatedplanet\admin\src\app\(main)\dashboard\crm\_components\overview-cards.tsx: 1 symbols, 6 imports
[2025-11-05T08:00:34.805Z] [2025-11-05T08:00:34.805Z] [INDEXING-ORCHESTRATOR] [DEBUG] 📍 Chunk 1-152: 1 candidate symbols
[2025-11-05T08:00:34.805Z] [2025-11-05T08:00:34.805Z] [INDEXING-ORCHESTRATOR] [DEBUG] ✅ Chunk symbols after filtering: 1 symbols - lastMonth
[2025-11-05T08:00:34.805Z] [2025-11-05T08:00:34.805Z] [INDEXING-ORCHESTRATOR] [DEBUG] Created 1 semantic chunks for c:\Users\RakaThinkpad\Documents\Project\educatedplanet\admin\src\app\(main)\dashboard\crm\_components\overview-cards.tsx
[2025-11-05T08:00:34.805Z] [2025-11-05T08:00:34.805Z] [INDEXING-ORCHESTRATOR] [DEBUG] Average chunk size: 5874 characters
[2025-11-05T08:00:34.806Z] [2025-11-05T08:00:34.806Z] [TREESITTER-CHUNKER] [INFO] Created 1 semantic chunks from c:\Users\RakaThinkpad\Documents\Project\educatedplanet\admin\src\app\(main)\dashboard\crm\_components\schema.ts
[2025-11-05T08:00:34.808Z] [2025-11-05T08:00:34.807Z] [TREESITTER-FULL] [INFO] Extracted 1 symbols from c:\Users\RakaThinkpad\Documents\Project\educatedplanet\admin\src\app\(main)\dashboard\crm\_components\schema.ts
[2025-11-05T08:00:34.808Z] [2025-11-05T08:00:34.807Z] [INDEXING-ORCHESTRATOR] [DEBUG] 🔍 Symbol extraction for c:\Users\RakaThinkpad\Documents\Project\educatedplanet\admin\src\app\(main)\dashboard\crm\_components\schema.ts: 1 symbols, 1 imports
[2025-11-05T08:00:34.808Z] [2025-11-05T08:00:34.808Z] [INDEXING-ORCHESTRATOR] [DEBUG] 📍 Chunk 1-11: 1 candidate symbols
[2025-11-05T08:00:34.808Z] [2025-11-05T08:00:34.808Z] [INDEXING-ORCHESTRATOR] [DEBUG] ✅ Chunk symbols after filtering: 1 symbols - recentLeadSchema
[2025-11-05T08:00:34.808Z] [2025-11-05T08:00:34.808Z] [INDEXING-ORCHESTRATOR] [DEBUG] Created 1 semantic chunks for c:\Users\RakaThinkpad\Documents\Project\educatedplanet\admin\src\app\(main)\dashboard\crm\_components\schema.ts
[2025-11-05T08:00:34.808Z] [2025-11-05T08:00:34.808Z] [INDEXING-ORCHESTRATOR] [DEBUG] Average chunk size: 210 characters
[2025-11-05T08:00:34.813Z] [2025-11-05T08:00:34.812Z] [TREESITTER-CHUNKER] [INFO] Created 1 semantic chunks from c:\Users\RakaThinkpad\Documents\Project\educatedplanet\admin\src\app\(main)\dashboard\crm\_components\table-cards.tsx
[2025-11-05T08:00:34.833Z] [2025-11-05T08:00:34.833Z] [TREESITTER-FULL] [INFO] Extracted 1 symbols from c:\Users\RakaThinkpad\Documents\Project\educatedplanet\admin\src\app\(main)\dashboard\crm\_components\table-cards.tsx
[2025-11-05T08:00:34.833Z] [2025-11-05T08:00:34.833Z] [INDEXING-ORCHESTRATOR] [DEBUG] 🔍 Symbol extraction for c:\Users\RakaThinkpad\Documents\Project\educatedplanet\admin\src\app\(main)\dashboard\crm\_components\table-cards.tsx: 1 symbols, 9 imports
[2025-11-05T08:00:34.833Z] [2025-11-05T08:00:34.833Z] [INDEXING-ORCHESTRATOR] [DEBUG] 📍 Chunk 15-47: 1 candidate symbols
[2025-11-05T08:00:34.833Z] [2025-11-05T08:00:34.833Z] [INDEXING-ORCHESTRATOR] [DEBUG] ✅ Chunk symbols after filtering: 1 symbols - TableCards
[2025-11-05T08:00:34.833Z] [2025-11-05T08:00:34.833Z] [INDEXING-ORCHESTRATOR] [DEBUG] Created 1 semantic chunks for c:\Users\RakaThinkpad\Documents\Project\educatedplanet\admin\src\app\(main)\dashboard\crm\_components\table-cards.tsx
[2025-11-05T08:00:34.833Z] [2025-11-05T08:00:34.833Z] [INDEXING-ORCHESTRATOR] [DEBUG] Average chunk size: 1145 characters
[2025-11-05T08:00:34.835Z] [2025-11-05T08:00:34.834Z] [TREESITTER-CHUNKER] [INFO] Created 1 semantic chunks from c:\Users\RakaThinkpad\Documents\Project\educatedplanet\admin\src\app\(main)\dashboard\crm\page.tsx
[2025-11-05T08:00:34.837Z] [2025-11-05T08:00:34.836Z] [TREESITTER-FULL] [INFO] Extracted 1 symbols from c:\Users\RakaThinkpad\Documents\Project\educatedplanet\admin\src\app\(main)\dashboard\crm\page.tsx
[2025-11-05T08:00:34.837Z] [2025-11-05T08:00:34.836Z] [INDEXING-ORCHESTRATOR] [DEBUG] 🔍 Symbol extraction for c:\Users\RakaThinkpad\Documents\Project\educatedplanet\admin\src\app\(main)\dashboard\crm\page.tsx: 1 symbols, 4 imports
[2025-11-05T08:00:34.837Z] [2025-11-05T08:00:34.836Z] [INDEXING-ORCHESTRATOR] [DEBUG] 📍 Chunk 6-15: 1 candidate symbols
[2025-11-05T08:00:34.837Z] [2025-11-05T08:00:34.836Z] [INDEXING-ORCHESTRATOR] [DEBUG] ✅ Chunk symbols after filtering: 1 symbols - Page
[2025-11-05T08:00:34.837Z] [2025-11-05T08:00:34.836Z] [INDEXING-ORCHESTRATOR] [DEBUG] Created 1 semantic chunks for c:\Users\RakaThinkpad\Documents\Project\educatedplanet\admin\src\app\(main)\dashboard\crm\page.tsx
[2025-11-05T08:00:34.837Z] [2025-11-05T08:00:34.837Z] [INDEXING-ORCHESTRATOR] [DEBUG] Average chunk size: 201 characters
[2025-11-05T08:00:34.837Z] [2025-11-05T08:00:34.837Z] [INDEXING-ORCHESTRATOR] [DEBUG] 📊 Processed: 30/220 files
[2025-11-05T08:00:34.855Z] [2025-11-05T08:00:34.855Z] [TREESITTER-CHUNKER] [INFO] Created 1 semantic chunks from c:\Users\RakaThinkpad\Documents\Project\educatedplanet\admin\src\app\(main)\dashboard\default\_components\data-table.tsx
[2025-11-05T08:00:35.066Z] [2025-11-05T08:00:35.065Z] [TREESITTER-FULL] [INFO] Extracted 1 symbols from c:\Users\RakaThinkpad\Documents\Project\educatedplanet\admin\src\app\(main)\dashboard\default\_components\data-table.tsx
[2025-11-05T08:00:35.066Z] [2025-11-05T08:00:35.065Z] [INDEXING-ORCHESTRATOR] [DEBUG] 🔍 Symbol extraction for c:\Users\RakaThinkpad\Documents\Project\educatedplanet\admin\src\app\(main)\dashboard\default\_components\data-table.tsx: 1 symbols, 15 imports
[2025-11-05T08:00:35.066Z] [2025-11-05T08:00:35.065Z] [INDEXING-ORCHESTRATOR] [DEBUG] 📍 Chunk 23-80: 1 candidate symbols
[2025-11-05T08:00:35.066Z] [2025-11-05T08:00:35.065Z] [INDEXING-ORCHESTRATOR] [DEBUG] ✅ Chunk symbols after filtering: 1 symbols - DataTable
[2025-11-05T08:00:35.066Z] [2025-11-05T08:00:35.065Z] [INDEXING-ORCHESTRATOR] [DEBUG] Created 1 semantic chunks for c:\Users\RakaThinkpad\Documents\Project\educatedplanet\admin\src\app\(main)\dashboard\default\_components\data-table.tsx
[2025-11-05T08:00:35.066Z] [2025-11-05T08:00:35.065Z] [INDEXING-ORCHESTRATOR] [DEBUG] Average chunk size: 2958 characters
[2025-11-05T08:00:35.067Z] [2025-11-05T08:00:35.066Z] [TREESITTER-CHUNKER] [INFO] Created 1 semantic chunks from c:\Users\RakaThinkpad\Documents\Project\educatedplanet\admin\src\app\(main)\dashboard\default\_components\schema.ts
[2025-11-05T08:00:35.069Z] [2025-11-05T08:00:35.068Z] [TREESITTER-FULL] [INFO] Extracted 1 symbols from c:\Users\RakaThinkpad\Documents\Project\educatedplanet\admin\src\app\(main)\dashboard\default\_components\schema.ts
[2025-11-05T08:00:35.069Z] [2025-11-05T08:00:35.068Z] [INDEXING-ORCHESTRATOR] [DEBUG] 🔍 Symbol extraction for c:\Users\RakaThinkpad\Documents\Project\educatedplanet\admin\src\app\(main)\dashboard\default\_components\schema.ts: 1 symbols, 1 imports
[2025-11-05T08:00:35.069Z] [2025-11-05T08:00:35.068Z] [INDEXING-ORCHESTRATOR] [DEBUG] 📍 Chunk 1-12: 1 candidate symbols
[2025-11-05T08:00:35.069Z] [2025-11-05T08:00:35.068Z] [INDEXING-ORCHESTRATOR] [DEBUG] ✅ Chunk symbols after filtering: 1 symbols - sectionSchema
[2025-11-05T08:00:35.069Z] [2025-11-05T08:00:35.068Z] [INDEXING-ORCHESTRATOR] [DEBUG] Created 1 semantic chunks for c:\Users\RakaThinkpad\Documents\Project\educatedplanet\admin\src\app\(main)\dashboard\default\_components\schema.ts
[2025-11-05T08:00:35.069Z] [2025-11-05T08:00:35.068Z] [INDEXING-ORCHESTRATOR] [DEBUG] Average chunk size: 228 characters
[2025-11-05T08:00:35.070Z] [2025-11-05T08:00:35.070Z] [TREESITTER-CHUNKER] [INFO] Created 1 semantic chunks from c:\Users\RakaThinkpad\Documents\Project\educatedplanet\admin\src\app\(main)\dashboard\default\page.tsx
[2025-11-05T08:00:35.072Z] [2025-11-05T08:00:35.071Z] [TREESITTER-FULL] [INFO] Extracted 1 symbols from c:\Users\RakaThinkpad\Documents\Project\educatedplanet\admin\src\app\(main)\dashboard\default\page.tsx
[2025-11-05T08:00:35.072Z] [2025-11-05T08:00:35.072Z] [INDEXING-ORCHESTRATOR] [DEBUG] 🔍 Symbol extraction for c:\Users\RakaThinkpad\Documents\Project\educatedplanet\admin\src\app\(main)\dashboard\default\page.tsx: 1 symbols, 4 imports
[2025-11-05T08:00:35.072Z] [2025-11-05T08:00:35.072Z] [INDEXING-ORCHESTRATOR] [DEBUG] 📍 Chunk 6-14: 1 candidate symbols
[2025-11-05T08:00:35.072Z] [2025-11-05T08:00:35.072Z] [INDEXING-ORCHESTRATOR] [DEBUG] ✅ Chunk symbols after filtering: 1 symbols - Page
[2025-11-05T08:00:35.072Z] [2025-11-05T08:00:35.072Z] [INDEXING-ORCHESTRATOR] [DEBUG] Created 1 semantic chunks for c:\Users\RakaThinkpad\Documents\Project\educatedplanet\admin\src\app\(main)\dashboard\default\page.tsx
[2025-11-05T08:00:35.072Z] [2025-11-05T08:00:35.072Z] [INDEXING-ORCHESTRATOR] [DEBUG] Average chunk size: 207 characters
[2025-11-05T08:00:35.101Z] [2025-11-05T08:00:35.100Z] [TREESITTER-CHUNKER] [INFO] Created 1 semantic chunks from c:\Users\RakaThinkpad\Documents\Project\educatedplanet\admin\src\app\(main)\dashboard\default\_components\chart-area-interactive.tsx
[2025-11-05T08:00:35.180Z] [2025-11-05T08:00:35.179Z] [TREESITTER-FULL] [INFO] Extracted 4 symbols from c:\Users\RakaThinkpad\Documents\Project\educatedplanet\admin\src\app\(main)\dashboard\default\_components\chart-area-interactive.tsx
[2025-11-05T08:00:35.180Z] [2025-11-05T08:00:35.179Z] [INDEXING-ORCHESTRATOR] [DEBUG] 🔍 Symbol extraction for c:\Users\RakaThinkpad\Documents\Project\educatedplanet\admin\src\app\(main)\dashboard\default\_components\chart-area-interactive.tsx: 4 symbols, 7 imports
[2025-11-05T08:00:35.180Z] [2025-11-05T08:00:35.179Z] [INDEXING-ORCHESTRATOR] [DEBUG] 📍 Chunk 1-240: 4 candidate symbols
[2025-11-05T08:00:35.180Z] [2025-11-05T08:00:35.179Z] [INDEXING-ORCHESTRATOR] [DEBUG] ✅ Chunk symbols after filtering: 4 symbols - description, chartData, isMobile, filteredData
[2025-11-05T08:00:35.180Z] [2025-11-05T08:00:35.179Z] [INDEXING-ORCHESTRATOR] [DEBUG] Created 1 semantic chunks for c:\Users\RakaThinkpad\Documents\Project\educatedplanet\admin\src\app\(main)\dashboard\default\_components\chart-area-interactive.tsx
[2025-11-05T08:00:35.180Z] [2025-11-05T08:00:35.179Z] [INDEXING-ORCHESTRATOR] [DEBUG] Average chunk size: 10408 characters
[2025-11-05T08:00:35.201Z] [2025-11-05T08:00:35.201Z] [TREESITTER-CHUNKER] [INFO] Created 1 semantic chunks from c:\Users\RakaThinkpad\Documents\Project\educatedplanet\admin\src\app\(main)\dashboard\default\_components\section-cards.tsx
[2025-11-05T08:00:35.262Z] [2025-11-05T08:00:35.262Z] [TREESITTER-FULL] [INFO] Extracted 0 symbols from c:\Users\RakaThinkpad\Documents\Project\educatedplanet\admin\src\app\(main)\dashboard\default\_components\section-cards.tsx
[2025-11-05T08:00:35.262Z] [2025-11-05T08:00:35.262Z] [INDEXING-ORCHESTRATOR] [DEBUG] 🔍 Symbol extraction for c:\Users\RakaThinkpad\Documents\Project\educatedplanet\admin\src\app\(main)\dashboard\default\_components\section-cards.tsx: 0 symbols, 5 imports
[2025-11-05T08:00:35.262Z] [2025-11-05T08:00:35.262Z] [INDEXING-ORCHESTRATOR] [DEBUG] 📍 Chunk 1-156: 0 candidate symbols
[2025-11-05T08:00:35.262Z] [2025-11-05T08:00:35.262Z] [INDEXING-ORCHESTRATOR] [DEBUG] ✅ Chunk symbols after filtering: 0 symbols - 
[2025-11-05T08:00:35.262Z] [2025-11-05T08:00:35.262Z] [INDEXING-ORCHESTRATOR] [DEBUG] Created 1 semantic chunks for c:\Users\RakaThinkpad\Documents\Project\educatedplanet\admin\src\app\(main)\dashboard\default\_components\section-cards.tsx
[2025-11-05T08:00:35.262Z] [2025-11-05T08:00:35.262Z] [INDEXING-ORCHESTRATOR] [DEBUG] Average chunk size: 6581 characters
[2025-11-05T08:00:35.290Z] [2025-11-05T08:00:35.289Z] [TREESITTER-CHUNKER] [INFO] Created 1 semantic chunks from c:\Users\RakaThinkpad\Documents\Project\educatedplanet\admin\src\app\(main)\dashboard\default\_components\columns.tsx
[2025-11-05T08:00:35.355Z] [2025-11-05T08:00:35.354Z] [TREESITTER-FULL] [INFO] Extracted 0 symbols from c:\Users\RakaThinkpad\Documents\Project\educatedplanet\admin\src\app\(main)\dashboard\default\_components\columns.tsx
[2025-11-05T08:00:35.355Z] [2025-11-05T08:00:35.354Z] [INDEXING-ORCHESTRATOR] [DEBUG] 🔍 Symbol extraction for c:\Users\RakaThinkpad\Documents\Project\educatedplanet\admin\src\app\(main)\dashboard\default\_components\columns.tsx: 0 symbols, 14 imports
[2025-11-05T08:00:35.355Z] [2025-11-05T08:00:35.354Z] [INDEXING-ORCHESTRATOR] [DEBUG] 📍 Chunk 1-191: 0 candidate symbols
[2025-11-05T08:00:35.355Z] [2025-11-05T08:00:35.354Z] [INDEXING-ORCHESTRATOR] [DEBUG] ✅ Chunk symbols after filtering: 0 symbols - 
[2025-11-05T08:00:35.355Z] [2025-11-05T08:00:35.354Z] [INDEXING-ORCHESTRATOR] [DEBUG] Created 1 semantic chunks for c:\Users\RakaThinkpad\Documents\Project\educatedplanet\admin\src\app\(main)\dashboard\default\_components\columns.tsx
[2025-11-05T08:00:35.355Z] [2025-11-05T08:00:35.354Z] [INDEXING-ORCHESTRATOR] [DEBUG] Average chunk size: 6693 characters
[2025-11-05T08:00:35.375Z] [2025-11-05T08:00:35.375Z] [TREESITTER-CHUNKER] [INFO] Created 2 semantic chunks from c:\Users\RakaThinkpad\Documents\Project\educatedplanet\admin\src\app\(main)\dashboard\finance\_components\account-overview.tsx
[2025-11-05T08:00:35.454Z] [2025-11-05T08:00:35.453Z] [TREESITTER-FULL] [INFO] Extracted 2 symbols from c:\Users\RakaThinkpad\Documents\Project\educatedplanet\admin\src\app\(main)\dashboard\finance\_components\account-overview.tsx
[2025-11-05T08:00:35.454Z] [2025-11-05T08:00:35.453Z] [INDEXING-ORCHESTRATOR] [DEBUG] 🔍 Symbol extraction for c:\Users\RakaThinkpad\Documents\Project\educatedplanet\admin\src\app\(main)\dashboard\finance\_components\account-overview.tsx: 2 symbols, 8 imports
[2025-11-05T08:00:35.454Z] [2025-11-05T08:00:35.453Z] [INDEXING-ORCHESTRATOR] [DEBUG] 📍 Chunk 13-26: 1 candidate symbols
[2025-11-05T08:00:35.454Z] [2025-11-05T08:00:35.453Z] [INDEXING-ORCHESTRATOR] [DEBUG] ✅ Chunk symbols after filtering: 1 symbols - ChipSVG
[2025-11-05T08:00:35.454Z] [2025-11-05T08:00:35.454Z] [INDEXING-ORCHESTRATOR] [DEBUG] 📍 Chunk 27-181: 1 candidate symbols
[2025-11-05T08:00:35.454Z] [2025-11-05T08:00:35.454Z] [INDEXING-ORCHESTRATOR] [DEBUG] ✅ Chunk symbols after filtering: 1 symbols - recentPayments
[2025-11-05T08:00:35.454Z] [2025-11-05T08:00:35.454Z] [INDEXING-ORCHESTRATOR] [DEBUG] Created 2 semantic chunks for c:\Users\RakaThinkpad\Documents\Project\educatedplanet\admin\src\app\(main)\dashboard\finance\_components\account-overview.tsx
[2025-11-05T08:00:35.454Z] [2025-11-05T08:00:35.454Z] [INDEXING-ORCHESTRATOR] [DEBUG] Average chunk size: 3503 characters
[2025-11-05T08:00:35.477Z] [2025-11-05T08:00:35.476Z] [TREESITTER-CHUNKER] [INFO] Created 1 semantic chunks from c:\Users\RakaThinkpad\Documents\Project\educatedplanet\admin\src\app\(main)\dashboard\default\_components\table-cell-viewer.tsx
[2025-11-05T08:00:35.521Z] [2025-11-05T08:00:35.521Z] [TREESITTER-FULL] [INFO] Extracted 2 symbols from c:\Users\RakaThinkpad\Documents\Project\educatedplanet\admin\src\app\(main)\dashboard\default\_components\table-cell-viewer.tsx
[2025-11-05T08:00:35.522Z] [2025-11-05T08:00:35.521Z] [INDEXING-ORCHESTRATOR] [DEBUG] 🔍 Symbol extraction for c:\Users\RakaThinkpad\Documents\Project\educatedplanet\admin\src\app\(main)\dashboard\default\_components\table-cell-viewer.tsx: 2 symbols, 12 imports
[2025-11-05T08:00:35.522Z] [2025-11-05T08:00:35.521Z] [INDEXING-ORCHESTRATOR] [DEBUG] 📍 Chunk 1-186: 2 candidate symbols
[2025-11-05T08:00:35.522Z] [2025-11-05T08:00:35.521Z] [INDEXING-ORCHESTRATOR] [DEBUG] ✅ Chunk symbols after filtering: 2 symbols - chartData, isMobile
[2025-11-05T08:00:35.522Z] [2025-11-05T08:00:35.521Z] [INDEXING-ORCHESTRATOR] [DEBUG] Created 1 semantic chunks for c:\Users\RakaThinkpad\Documents\Project\educatedplanet\admin\src\app\(main)\dashboard\default\_components\table-cell-viewer.tsx
[2025-11-05T08:00:35.522Z] [2025-11-05T08:00:35.521Z] [INDEXING-ORCHESTRATOR] [DEBUG] Average chunk size: 7557 characters
[2025-11-05T08:00:35.536Z] [2025-11-05T08:00:35.535Z] [TREESITTER-CHUNKER] [INFO] Created 2 semantic chunks from c:\Users\RakaThinkpad\Documents\Project\educatedplanet\admin\src\app\(main)\dashboard\finance\_components\currency-exchange.tsx
[2025-11-05T08:00:35.568Z] [2025-11-05T08:00:35.567Z] [TREESITTER-FULL] [INFO] Extracted 1 symbols from c:\Users\RakaThinkpad\Documents\Project\educatedplanet\admin\src\app\(main)\dashboard\finance\_components\currency-exchange.tsx
[2025-11-05T08:00:35.568Z] [2025-11-05T08:00:35.568Z] [INDEXING-ORCHESTRATOR] [DEBUG] 🔍 Symbol extraction for c:\Users\RakaThinkpad\Documents\Project\educatedplanet\admin\src\app\(main)\dashboard\finance\_components\currency-exchange.tsx: 1 symbols, 6 imports
[2025-11-05T08:00:35.568Z] [2025-11-05T08:00:35.568Z] [INDEXING-ORCHESTRATOR] [DEBUG] 📍 Chunk 11-25: 1 candidate symbols
[2025-11-05T08:00:35.568Z] [2025-11-05T08:00:35.568Z] [INDEXING-ORCHESTRATOR] [DEBUG] ✅ Chunk symbols after filtering: 1 symbols - CurrencySelector
[2025-11-05T08:00:35.568Z] [2025-11-05T08:00:35.568Z] [INDEXING-ORCHESTRATOR] [DEBUG] 📍 Chunk 26-82: 0 candidate symbols
[2025-11-05T08:00:35.568Z] [2025-11-05T08:00:35.568Z] [INDEXING-ORCHESTRATOR] [DEBUG] ✅ Chunk symbols after filtering: 0 symbols - 
[2025-11-05T08:00:35.568Z] [2025-11-05T08:00:35.568Z] [INDEXING-ORCHESTRATOR] [DEBUG] Created 2 semantic chunks for c:\Users\RakaThinkpad\Documents\Project\educatedplanet\admin\src\app\(main)\dashboard\finance\_components\currency-exchange.tsx
[2025-11-05T08:00:35.568Z] [2025-11-05T08:00:35.568Z] [INDEXING-ORCHESTRATOR] [DEBUG] Average chunk size: 1466 characters
[2025-11-05T08:00:35.587Z] [2025-11-05T08:00:35.586Z] [TREESITTER-CHUNKER] [INFO] Created 1 semantic chunks from c:\Users\RakaThinkpad\Documents\Project\educatedplanet\admin\src\app\(main)\dashboard\finance\_components\expense-summary.tsx
[2025-11-05T08:00:35.626Z] [2025-11-05T08:00:35.625Z] [TREESITTER-FULL] [INFO] Extracted 1 symbols from c:\Users\RakaThinkpad\Documents\Project\educatedplanet\admin\src\app\(main)\dashboard\finance\_components\expense-summary.tsx
[2025-11-05T08:00:35.626Z] [2025-11-05T08:00:35.625Z] [INDEXING-ORCHESTRATOR] [DEBUG] 🔍 Symbol extraction for c:\Users\RakaThinkpad\Documents\Project\educatedplanet\admin\src\app\(main)\dashboard\finance\_components\expense-summary.tsx: 1 symbols, 6 imports
[2025-11-05T08:00:35.626Z] [2025-11-05T08:00:35.625Z] [INDEXING-ORCHESTRATOR] [DEBUG] 📍 Chunk 1-133: 1 candidate symbols
[2025-11-05T08:00:35.626Z] [2025-11-05T08:00:35.625Z] [INDEXING-ORCHESTRATOR] [DEBUG] ✅ Chunk symbols after filtering: 1 symbols - chartData
[2025-11-05T08:00:35.626Z] [2025-11-05T08:00:35.625Z] [INDEXING-ORCHESTRATOR] [DEBUG] Created 1 semantic chunks for c:\Users\RakaThinkpad\Documents\Project\educatedplanet\admin\src\app\(main)\dashboard\finance\_components\expense-summary.tsx
[2025-11-05T08:00:35.626Z] [2025-11-05T08:00:35.625Z] [INDEXING-ORCHESTRATOR] [DEBUG] Average chunk size: 5494 characters
[2025-11-05T08:00:35.626Z] [2025-11-05T08:00:35.625Z] [INDEXING-ORCHESTRATOR] [DEBUG] 📊 Processed: 40/220 files
[2025-11-05T08:00:35.646Z] [2025-11-05T08:00:35.645Z] [TREESITTER-CHUNKER] [INFO] Created 1 semantic chunks from c:\Users\RakaThinkpad\Documents\Project\educatedplanet\admin\src\app\(main)\dashboard\finance\page.tsx
[2025-11-05T08:00:35.655Z] [2025-11-05T08:00:35.654Z] [TREESITTER-FULL] [INFO] Extracted 1 symbols from c:\Users\RakaThinkpad\Documents\Project\educatedplanet\admin\src\app\(main)\dashboard\finance\page.tsx
[2025-11-05T08:00:35.656Z] [2025-11-05T08:00:35.654Z] [INDEXING-ORCHESTRATOR] [DEBUG] 🔍 Symbol extraction for c:\Users\RakaThinkpad\Documents\Project\educatedplanet\admin\src\app\(main)\dashboard\finance\page.tsx: 1 symbols, 4 imports
[2025-11-05T08:00:35.656Z] [2025-11-05T08:00:35.654Z] [INDEXING-ORCHESTRATOR] [DEBUG] 📍 Chunk 6-24: 1 candidate symbols
[2025-11-05T08:00:35.656Z] [2025-11-05T08:00:35.654Z] [INDEXING-ORCHESTRATOR] [DEBUG] ✅ Chunk symbols after filtering: 1 symbols - Page
[2025-11-05T08:00:35.656Z] [2025-11-05T08:00:35.654Z] [INDEXING-ORCHESTRATOR] [DEBUG] Created 1 semantic chunks for c:\Users\RakaThinkpad\Documents\Project\educatedplanet\admin\src\app\(main)\dashboard\finance\page.tsx
[2025-11-05T08:00:35.656Z] [2025-11-05T08:00:35.654Z] [INDEXING-ORCHESTRATOR] [DEBUG] Average chunk size: 550 characters
[2025-11-05T08:00:35.671Z] [2025-11-05T08:00:35.670Z] [TREESITTER-CHUNKER] [INFO] Created 2 semantic chunks from c:\Users\RakaThinkpad\Documents\Project\educatedplanet\admin\src\app\(main)\dashboard\layout.tsx
[2025-11-05T08:00:35.692Z] [2025-11-05T08:00:35.691Z] [TREESITTER-FULL] [INFO] Extracted 1 symbols from c:\Users\RakaThinkpad\Documents\Project\educatedplanet\admin\src\app\(main)\dashboard\layout.tsx
[2025-11-05T08:00:35.692Z] [2025-11-05T08:00:35.691Z] [INDEXING-ORCHESTRATOR] [DEBUG] 🔍 Symbol extraction for c:\Users\RakaThinkpad\Documents\Project\educatedplanet\admin\src\app\(main)\dashboard\layout.tsx: 1 symbols, 12 imports
[2025-11-05T08:00:35.692Z] [2025-11-05T08:00:35.691Z] [INDEXING-ORCHESTRATOR] [DEBUG] 📍 Chunk 49-57: 0 candidate symbols
[2025-11-05T08:00:35.692Z] [2025-11-05T08:00:35.691Z] [INDEXING-ORCHESTRATOR] [DEBUG] ✅ Chunk symbols after filtering: 0 symbols - 
[2025-11-05T08:00:35.692Z] [2025-11-05T08:00:35.691Z] [INDEXING-ORCHESTRATOR] [DEBUG] 📍 Chunk 58-81: 0 candidate symbols
[2025-11-05T08:00:35.692Z] [2025-11-05T08:00:35.691Z] [INDEXING-ORCHESTRATOR] [DEBUG] ✅ Chunk symbols after filtering: 0 symbols - 
[2025-11-05T08:00:35.692Z] [2025-11-05T08:00:35.691Z] [INDEXING-ORCHESTRATOR] [DEBUG] Created 2 semantic chunks for c:\Users\RakaThinkpad\Documents\Project\educatedplanet\admin\src\app\(main)\dashboard\layout.tsx
[2025-11-05T08:00:35.692Z] [2025-11-05T08:00:35.691Z] [INDEXING-ORCHESTRATOR] [DEBUG] Average chunk size: 916 characters
[2025-11-05T08:00:35.710Z] [2025-11-05T08:00:35.709Z] [TREESITTER-CHUNKER] [INFO] Created 1 semantic chunks from c:\Users\RakaThinkpad\Documents\Project\educatedplanet\admin\src\app\(main)\dashboard\finance\_components\financial-overview.tsx
[2025-11-05T08:00:35.754Z] [2025-11-05T08:00:35.753Z] [TREESITTER-FULL] [INFO] Extracted 4 symbols from c:\Users\RakaThinkpad\Documents\Project\educatedplanet\admin\src\app\(main)\dashboard\finance\_components\financial-overview.tsx
[2025-11-05T08:00:35.754Z] [2025-11-05T08:00:35.753Z] [INDEXING-ORCHESTRATOR] [DEBUG] 🔍 Symbol extraction for c:\Users\RakaThinkpad\Documents\Project\educatedplanet\admin\src\app\(main)\dashboard\finance\_components\financial-overview.tsx: 4 symbols, 7 imports
[2025-11-05T08:00:35.754Z] [2025-11-05T08:00:35.753Z] [INDEXING-ORCHESTRATOR] [DEBUG] 📍 Chunk 1-119: 4 candidate symbols
[2025-11-05T08:00:35.754Z] [2025-11-05T08:00:35.753Z] [INDEXING-ORCHESTRATOR] [DEBUG] ✅ Chunk symbols after filtering: 4 symbols - chartData, totalIncome, totalExpenses, totalScheduled
[2025-11-05T08:00:35.754Z] [2025-11-05T08:00:35.753Z] [INDEXING-ORCHESTRATOR] [DEBUG] Created 1 semantic chunks for c:\Users\RakaThinkpad\Documents\Project\educatedplanet\admin\src\app\(main)\dashboard\finance\_components\financial-overview.tsx
[2025-11-05T08:00:35.754Z] [2025-11-05T08:00:35.753Z] [INDEXING-ORCHESTRATOR] [DEBUG] Average chunk size: 5605 characters
[2025-11-05T08:00:35.758Z] [2025-11-05T08:00:35.757Z] [TREESITTER-CHUNKER] [INFO] Created 1 semantic chunks from c:\Users\RakaThinkpad\Documents\Project\educatedplanet\admin\src\app\(main)\unauthorized\page.tsx
[2025-11-05T08:00:35.769Z] [2025-11-05T08:00:35.768Z] [TREESITTER-FULL] [INFO] Extracted 1 symbols from c:\Users\RakaThinkpad\Documents\Project\educatedplanet\admin\src\app\(main)\unauthorized\page.tsx
[2025-11-05T08:00:35.769Z] [2025-11-05T08:00:35.769Z] [INDEXING-ORCHESTRATOR] [DEBUG] 🔍 Symbol extraction for c:\Users\RakaThinkpad\Documents\Project\educatedplanet\admin\src\app\(main)\unauthorized\page.tsx: 1 symbols, 2 imports
[2025-11-05T08:00:35.769Z] [2025-11-05T08:00:35.769Z] [INDEXING-ORCHESTRATOR] [DEBUG] 📍 Chunk 5-27: 1 candidate symbols
[2025-11-05T08:00:35.769Z] [2025-11-05T08:00:35.769Z] [INDEXING-ORCHESTRATOR] [DEBUG] ✅ Chunk symbols after filtering: 1 symbols - page
[2025-11-05T08:00:35.769Z] [2025-11-05T08:00:35.769Z] [INDEXING-ORCHESTRATOR] [DEBUG] Created 1 semantic chunks for c:\Users\RakaThinkpad\Documents\Project\educatedplanet\admin\src\app\(main)\unauthorized\page.tsx
[2025-11-05T08:00:35.769Z] [2025-11-05T08:00:35.769Z] [INDEXING-ORCHESTRATOR] [DEBUG] Average chunk size: 1043 characters
[2025-11-05T08:00:35.770Z] [2025-11-05T08:00:35.770Z] [TREESITTER-CHUNKER] [INFO] Created 1 semantic chunks from c:\Users\RakaThinkpad\Documents\Project\educatedplanet\admin\src\app\(main)\dashboard\page.tsx
[2025-11-05T08:00:35.771Z] [2025-11-05T08:00:35.770Z] [TREESITTER-FULL] [INFO] Extracted 1 symbols from c:\Users\RakaThinkpad\Documents\Project\educatedplanet\admin\src\app\(main)\dashboard\page.tsx
[2025-11-05T08:00:35.771Z] [2025-11-05T08:00:35.770Z] [INDEXING-ORCHESTRATOR] [DEBUG] 🔍 Symbol extraction for c:\Users\RakaThinkpad\Documents\Project\educatedplanet\admin\src\app\(main)\dashboard\page.tsx: 1 symbols, 0 imports
[2025-11-05T08:00:35.771Z] [2025-11-05T08:00:35.771Z] [INDEXING-ORCHESTRATOR] [DEBUG] 📍 Chunk 1-3: 1 candidate symbols
[2025-11-05T08:00:35.771Z] [2025-11-05T08:00:35.771Z] [INDEXING-ORCHESTRATOR] [DEBUG] ✅ Chunk symbols after filtering: 1 symbols - Page
[2025-11-05T08:00:35.771Z] [2025-11-05T08:00:35.771Z] [INDEXING-ORCHESTRATOR] [DEBUG] Created 1 semantic chunks for c:\Users\RakaThinkpad\Documents\Project\educatedplanet\admin\src\app\(main)\dashboard\page.tsx
[2025-11-05T08:00:35.771Z] [2025-11-05T08:00:35.771Z] [INDEXING-ORCHESTRATOR] [DEBUG] Average chunk size: 48 characters
[2025-11-05T08:00:35.775Z] [2025-11-05T08:00:35.774Z] [TREESITTER-CHUNKER] [INFO] Created 1 semantic chunks from c:\Users\RakaThinkpad\Documents\Project\educatedplanet\admin\src\app\api\dashboard\route.ts
[2025-11-05T08:00:35.781Z] [2025-11-05T08:00:35.780Z] [TREESITTER-FULL] [INFO] Extracted 1 symbols from c:\Users\RakaThinkpad\Documents\Project\educatedplanet\admin\src\app\api\dashboard\route.ts
[2025-11-05T08:00:35.781Z] [2025-11-05T08:00:35.781Z] [INDEXING-ORCHESTRATOR] [DEBUG] 🔍 Symbol extraction for c:\Users\RakaThinkpad\Documents\Project\educatedplanet\admin\src\app\api\dashboard\route.ts: 1 symbols, 2 imports
[2025-11-05T08:00:35.781Z] [2025-11-05T08:00:35.781Z] [INDEXING-ORCHESTRATOR] [DEBUG] 📍 Chunk 10-42: 1 candidate symbols
[2025-11-05T08:00:35.781Z] [2025-11-05T08:00:35.781Z] [INDEXING-ORCHESTRATOR] [DEBUG] ✅ Chunk symbols after filtering: 1 symbols - GET
[2025-11-05T08:00:35.781Z] [2025-11-05T08:00:35.781Z] [INDEXING-ORCHESTRATOR] [DEBUG] Created 1 semantic chunks for c:\Users\RakaThinkpad\Documents\Project\educatedplanet\admin\src\app\api\dashboard\route.ts
[2025-11-05T08:00:35.782Z] [2025-11-05T08:00:35.781Z] [INDEXING-ORCHESTRATOR] [DEBUG] Average chunk size: 1026 characters
[2025-11-05T08:00:35.791Z] [2025-11-05T08:00:35.790Z] [TREESITTER-CHUNKER] [INFO] Created 2 semantic chunks from c:\Users\RakaThinkpad\Documents\Project\educatedplanet\admin\src\app\api\tutors\route.ts
[2025-11-05T08:00:35.821Z] [2025-11-05T08:00:35.820Z] [TREESITTER-FULL] [INFO] Extracted 2 symbols from c:\Users\RakaThinkpad\Documents\Project\educatedplanet\admin\src\app\api\tutors\route.ts
[2025-11-05T08:00:35.821Z] [2025-11-05T08:00:35.820Z] [INDEXING-ORCHESTRATOR] [DEBUG] 🔍 Symbol extraction for c:\Users\RakaThinkpad\Documents\Project\educatedplanet\admin\src\app\api\tutors\route.ts: 2 symbols, 3 imports
[2025-11-05T08:00:35.821Z] [2025-11-05T08:00:35.820Z] [INDEXING-ORCHESTRATOR] [DEBUG] 📍 Chunk 11-54: 1 candidate symbols
[2025-11-05T08:00:35.821Z] [2025-11-05T08:00:35.820Z] [INDEXING-ORCHESTRATOR] [DEBUG] ✅ Chunk symbols after filtering: 1 symbols - GET
[2025-11-05T08:00:35.821Z] [2025-11-05T08:00:35.820Z] [INDEXING-ORCHESTRATOR] [DEBUG] 📍 Chunk 57-98: 1 candidate symbols
[2025-11-05T08:00:35.821Z] [2025-11-05T08:00:35.820Z] [INDEXING-ORCHESTRATOR] [DEBUG] ✅ Chunk symbols after filtering: 1 symbols - POST
[2025-11-05T08:00:35.821Z] [2025-11-05T08:00:35.820Z] [INDEXING-ORCHESTRATOR] [DEBUG] Created 2 semantic chunks for c:\Users\RakaThinkpad\Documents\Project\educatedplanet\admin\src\app\api\tutors\route.ts
[2025-11-05T08:00:35.821Z] [2025-11-05T08:00:35.820Z] [INDEXING-ORCHESTRATOR] [DEBUG] Average chunk size: 1646 characters
[2025-11-05T08:00:35.832Z] [2025-11-05T08:00:35.832Z] [TREESITTER-CHUNKER] [INFO] Created 3 semantic chunks from c:\Users\RakaThinkpad\Documents\Project\educatedplanet\admin\src\app\api\users\[id]\route.ts
[2025-11-05T08:00:35.868Z] [2025-11-05T08:00:35.867Z] [TREESITTER-FULL] [INFO] Extracted 4 symbols from c:\Users\RakaThinkpad\Documents\Project\educatedplanet\admin\src\app\api\users\[id]\route.ts
[2025-11-05T08:00:35.868Z] [2025-11-05T08:00:35.867Z] [INDEXING-ORCHESTRATOR] [DEBUG] 🔍 Symbol extraction for c:\Users\RakaThinkpad\Documents\Project\educatedplanet\admin\src\app\api\users\[id]\route.ts: 4 symbols, 3 imports
[2025-11-05T08:00:35.868Z] [2025-11-05T08:00:35.867Z] [INDEXING-ORCHESTRATOR] [DEBUG] 📍 Chunk 10-47: 2 candidate symbols
[2025-11-05T08:00:35.868Z] [2025-11-05T08:00:35.867Z] [INDEXING-ORCHESTRATOR] [DEBUG] ✅ Chunk symbols after filtering: 2 symbols - RouteParams, GET
[2025-11-05T08:00:35.868Z] [2025-11-05T08:00:35.867Z] [INDEXING-ORCHESTRATOR] [DEBUG] 📍 Chunk 50-94: 1 candidate symbols
[2025-11-05T08:00:35.868Z] [2025-11-05T08:00:35.867Z] [INDEXING-ORCHESTRATOR] [DEBUG] ✅ Chunk symbols after filtering: 1 symbols - PUT
[2025-11-05T08:00:35.868Z] [2025-11-05T08:00:35.868Z] [INDEXING-ORCHESTRATOR] [DEBUG] 📍 Chunk 97-126: 1 candidate symbols
[2025-11-05T08:00:35.868Z] [2025-11-05T08:00:35.868Z] [INDEXING-ORCHESTRATOR] [DEBUG] ✅ Chunk symbols after filtering: 1 symbols - DELETE
[2025-11-05T08:00:35.868Z] [2025-11-05T08:00:35.868Z] [INDEXING-ORCHESTRATOR] [DEBUG] Created 3 semantic chunks for c:\Users\RakaThinkpad\Documents\Project\educatedplanet\admin\src\app\api\users\[id]\route.ts
[2025-11-05T08:00:35.868Z] [2025-11-05T08:00:35.868Z] [INDEXING-ORCHESTRATOR] [DEBUG] Average chunk size: 953 characters
[2025-11-05T08:00:35.878Z] [2025-11-05T08:00:35.878Z] [TREESITTER-CHUNKER] [INFO] Created 1 semantic chunks from c:\Users\RakaThinkpad\Documents\Project\educatedplanet\admin\src\app\layout.tsx
[2025-11-05T08:00:35.886Z] [2025-11-05T08:00:35.885Z] [TREESITTER-FULL] [INFO] Extracted 2 symbols from c:\Users\RakaThinkpad\Documents\Project\educatedplanet\admin\src\app\layout.tsx
[2025-11-05T08:00:35.886Z] [2025-11-05T08:00:35.886Z] [INDEXING-ORCHESTRATOR] [DEBUG] 🔍 Symbol extraction for c:\Users\RakaThinkpad\Documents\Project\educatedplanet\admin\src\app\layout.tsx: 2 symbols, 11 imports
[2025-11-05T08:00:35.886Z] [2025-11-05T08:00:35.886Z] [INDEXING-ORCHESTRATOR] [DEBUG] 📍 Chunk 23-44: 1 candidate symbols
[2025-11-05T08:00:35.886Z] [2025-11-05T08:00:35.886Z] [INDEXING-ORCHESTRATOR] [DEBUG] ✅ Chunk symbols after filtering: 1 symbols - RootLayout
[2025-11-05T08:00:35.886Z] [2025-11-05T08:00:35.886Z] [INDEXING-ORCHESTRATOR] [DEBUG] Created 1 semantic chunks for c:\Users\RakaThinkpad\Documents\Project\educatedplanet\admin\src\app\layout.tsx
[2025-11-05T08:00:35.886Z] [2025-11-05T08:00:35.886Z] [INDEXING-ORCHESTRATOR] [DEBUG] Average chunk size: 711 characters
[2025-11-05T08:00:35.895Z] [2025-11-05T08:00:35.895Z] [TREESITTER-CHUNKER] [INFO] Created 2 semantic chunks from c:\Users\RakaThinkpad\Documents\Project\educatedplanet\admin\src\app\api\users\route.ts
[2025-11-05T08:00:35.922Z] [2025-11-05T08:00:35.921Z] [TREESITTER-FULL] [INFO] Extracted 2 symbols from c:\Users\RakaThinkpad\Documents\Project\educatedplanet\admin\src\app\api\users\route.ts
[2025-11-05T08:00:35.922Z] [2025-11-05T08:00:35.921Z] [INDEXING-ORCHESTRATOR] [DEBUG] 🔍 Symbol extraction for c:\Users\RakaThinkpad\Documents\Project\educatedplanet\admin\src\app\api\users\route.ts: 2 symbols, 3 imports
[2025-11-05T08:00:35.922Z] [2025-11-05T08:00:35.921Z] [INDEXING-ORCHESTRATOR] [DEBUG] 📍 Chunk 11-48: 1 candidate symbols
[2025-11-05T08:00:35.922Z] [2025-11-05T08:00:35.921Z] [INDEXING-ORCHESTRATOR] [DEBUG] ✅ Chunk symbols after filtering: 1 symbols - GET
[2025-11-05T08:00:35.922Z] [2025-11-05T08:00:35.921Z] [INDEXING-ORCHESTRATOR] [DEBUG] 📍 Chunk 51-84: 1 candidate symbols
[2025-11-05T08:00:35.922Z] [2025-11-05T08:00:35.921Z] [INDEXING-ORCHESTRATOR] [DEBUG] ✅ Chunk symbols after filtering: 1 symbols - POST
[2025-11-05T08:00:35.922Z] [2025-11-05T08:00:35.921Z] [INDEXING-ORCHESTRATOR] [DEBUG] Created 2 semantic chunks for c:\Users\RakaThinkpad\Documents\Project\educatedplanet\admin\src\app\api\users\route.ts
[2025-11-05T08:00:35.922Z] [2025-11-05T08:00:35.922Z] [INDEXING-ORCHESTRATOR] [DEBUG] Average chunk size: 1109 characters
[2025-11-05T08:00:35.922Z] [2025-11-05T08:00:35.922Z] [INDEXING-ORCHESTRATOR] [DEBUG] 📊 Processed: 50/220 files
[2025-11-05T08:00:35.934Z] [2025-11-05T08:00:35.934Z] [TREESITTER-CHUNKER] [INFO] Created 1 semantic chunks from c:\Users\RakaThinkpad\Documents\Project\educatedplanet\admin\src\app\not-found.tsx
[2025-11-05T08:00:35.945Z] [2025-11-05T08:00:35.944Z] [TREESITTER-FULL] [INFO] Extracted 1 symbols from c:\Users\RakaThinkpad\Documents\Project\educatedplanet\admin\src\app\not-found.tsx
[2025-11-05T08:00:35.945Z] [2025-11-05T08:00:35.944Z] [INDEXING-ORCHESTRATOR] [DEBUG] 🔍 Symbol extraction for c:\Users\RakaThinkpad\Documents\Project\educatedplanet\admin\src\app\not-found.tsx: 1 symbols, 2 imports
[2025-11-05T08:00:35.945Z] [2025-11-05T08:00:35.944Z] [INDEXING-ORCHESTRATOR] [DEBUG] 📍 Chunk 7-17: 1 candidate symbols
[2025-11-05T08:00:35.945Z] [2025-11-05T08:00:35.944Z] [INDEXING-ORCHESTRATOR] [DEBUG] ✅ Chunk symbols after filtering: 1 symbols - NotFound
[2025-11-05T08:00:35.945Z] [2025-11-05T08:00:35.944Z] [INDEXING-ORCHESTRATOR] [DEBUG] Created 1 semantic chunks for c:\Users\RakaThinkpad\Documents\Project\educatedplanet\admin\src\app\not-found.tsx
[2025-11-05T08:00:35.945Z] [2025-11-05T08:00:35.944Z] [INDEXING-ORCHESTRATOR] [DEBUG] Average chunk size: 431 characters
[2025-11-05T08:00:35.954Z] [2025-11-05T08:00:35.953Z] [TREESITTER-CHUNKER] [INFO] Created 2 semantic chunks from c:\Users\RakaThinkpad\Documents\Project\educatedplanet\admin\src\app\page.tsx
[2025-11-05T08:00:35.971Z] [2025-11-05T08:00:35.971Z] [TREESITTER-FULL] [INFO] Extracted 1 symbols from c:\Users\RakaThinkpad\Documents\Project\educatedplanet\admin\src\app\page.tsx
[2025-11-05T08:00:35.971Z] [2025-11-05T08:00:35.971Z] [INDEXING-ORCHESTRATOR] [DEBUG] 🔍 Symbol extraction for c:\Users\RakaThinkpad\Documents\Project\educatedplanet\admin\src\app\page.tsx: 1 symbols, 16 imports
[2025-11-05T08:00:35.972Z] [2025-11-05T08:00:35.971Z] [INDEXING-ORCHESTRATOR] [DEBUG] 📍 Chunk 53-61: 0 candidate symbols
[2025-11-05T08:00:35.972Z] [2025-11-05T08:00:35.971Z] [INDEXING-ORCHESTRATOR] [DEBUG] ✅ Chunk symbols after filtering: 0 symbols - 
[2025-11-05T08:00:35.972Z] [2025-11-05T08:00:35.971Z] [INDEXING-ORCHESTRATOR] [DEBUG] 📍 Chunk 62-102: 0 candidate symbols
[2025-11-05T08:00:35.972Z] [2025-11-05T08:00:35.971Z] [INDEXING-ORCHESTRATOR] [DEBUG] ✅ Chunk symbols after filtering: 0 symbols - 
[2025-11-05T08:00:35.972Z] [2025-11-05T08:00:35.971Z] [INDEXING-ORCHESTRATOR] [DEBUG] Created 2 semantic chunks for c:\Users\RakaThinkpad\Documents\Project\educatedplanet\admin\src\app\page.tsx
[2025-11-05T08:00:35.972Z] [2025-11-05T08:00:35.971Z] [INDEXING-ORCHESTRATOR] [DEBUG] Average chunk size: 1096 characters
[2025-11-05T08:00:35.988Z] [2025-11-05T08:00:35.987Z] [TREESITTER-CHUNKER] [INFO] Created 2 semantic chunks from c:\Users\RakaThinkpad\Documents\Project\educatedplanet\admin\src\components\data-table\data-table-pagination.tsx
[2025-11-05T08:00:36.023Z] [2025-11-05T08:00:36.022Z] [TREESITTER-FULL] [INFO] Extracted 1 symbols from c:\Users\RakaThinkpad\Documents\Project\educatedplanet\admin\src\components\data-table\data-table-pagination.tsx
[2025-11-05T08:00:36.023Z] [2025-11-05T08:00:36.022Z] [INDEXING-ORCHESTRATOR] [DEBUG] 🔍 Symbol extraction for c:\Users\RakaThinkpad\Documents\Project\educatedplanet\admin\src\components\data-table\data-table-pagination.tsx: 1 symbols, 5 imports
[2025-11-05T08:00:36.023Z] [2025-11-05T08:00:36.022Z] [INDEXING-ORCHESTRATOR] [DEBUG] 📍 Chunk 8-10: 1 candidate symbols
[2025-11-05T08:00:36.023Z] [2025-11-05T08:00:36.022Z] [INDEXING-ORCHESTRATOR] [DEBUG] ✅ Chunk symbols after filtering: 1 symbols - DataTablePaginationProps
[2025-11-05T08:00:36.023Z] [2025-11-05T08:00:36.022Z] [INDEXING-ORCHESTRATOR] [DEBUG] 📍 Chunk 11-89: 0 candidate symbols
[2025-11-05T08:00:36.023Z] [2025-11-05T08:00:36.022Z] [INDEXING-ORCHESTRATOR] [DEBUG] ✅ Chunk symbols after filtering: 0 symbols - 
[2025-11-05T08:00:36.023Z] [2025-11-05T08:00:36.022Z] [INDEXING-ORCHESTRATOR] [DEBUG] Created 2 semantic chunks for c:\Users\RakaThinkpad\Documents\Project\educatedplanet\admin\src\components\data-table\data-table-pagination.tsx
[2025-11-05T08:00:36.023Z] [2025-11-05T08:00:36.022Z] [INDEXING-ORCHESTRATOR] [DEBUG] Average chunk size: 1533 characters
[2025-11-05T08:00:36.034Z] [2025-11-05T08:00:36.033Z] [TREESITTER-CHUNKER] [INFO] Created 2 semantic chunks from c:\Users\RakaThinkpad\Documents\Project\educatedplanet\admin\src\components\data-table\data-table-column-header.tsx
[2025-11-05T08:00:36.062Z] [2025-11-05T08:00:36.061Z] [TREESITTER-FULL] [INFO] Extracted 2 symbols from c:\Users\RakaThinkpad\Documents\Project\educatedplanet\admin\src\components\data-table\data-table-column-header.tsx
[2025-11-05T08:00:36.062Z] [2025-11-05T08:00:36.061Z] [INDEXING-ORCHESTRATOR] [DEBUG] 🔍 Symbol extraction for c:\Users\RakaThinkpad\Documents\Project\educatedplanet\admin\src\components\data-table\data-table-column-header.tsx: 2 symbols, 5 imports
[2025-11-05T08:00:36.062Z] [2025-11-05T08:00:36.061Z] [INDEXING-ORCHESTRATOR] [DEBUG] 📍 Chunk 14-28: 2 candidate symbols
[2025-11-05T08:00:36.062Z] [2025-11-05T08:00:36.061Z] [INDEXING-ORCHESTRATOR] [DEBUG] ✅ Chunk symbols after filtering: 2 symbols - DataTableColumnHeaderProps, getSortIcon
[2025-11-05T08:00:36.062Z] [2025-11-05T08:00:36.061Z] [INDEXING-ORCHESTRATOR] [DEBUG] 📍 Chunk 29-70: 0 candidate symbols
[2025-11-05T08:00:36.062Z] [2025-11-05T08:00:36.061Z] [INDEXING-ORCHESTRATOR] [DEBUG] ✅ Chunk symbols after filtering: 0 symbols - 
[2025-11-05T08:00:36.062Z] [2025-11-05T08:00:36.061Z] [INDEXING-ORCHESTRATOR] [DEBUG] Created 2 semantic chunks for c:\Users\RakaThinkpad\Documents\Project\educatedplanet\admin\src\components\data-table\data-table-column-header.tsx
[2025-11-05T08:00:36.062Z] [2025-11-05T08:00:36.061Z] [INDEXING-ORCHESTRATOR] [DEBUG] Average chunk size: 934 characters
[2025-11-05T08:00:36.067Z] [2025-11-05T08:00:36.067Z] [TREESITTER-CHUNKER] [INFO] Created 2 semantic chunks from c:\Users\RakaThinkpad\Documents\Project\educatedplanet\admin\src\components\data-table\data-table-view-options.tsx
[2025-11-05T08:00:36.075Z] [2025-11-05T08:00:36.075Z] [TREESITTER-FULL] [INFO] Extracted 1 symbols from c:\Users\RakaThinkpad\Documents\Project\educatedplanet\admin\src\components\data-table\data-table-view-options.tsx
[2025-11-05T08:00:36.075Z] [2025-11-05T08:00:36.075Z] [INDEXING-ORCHESTRATOR] [DEBUG] 🔍 Symbol extraction for c:\Users\RakaThinkpad\Documents\Project\educatedplanet\admin\src\components\data-table\data-table-view-options.tsx: 1 symbols, 4 imports
[2025-11-05T08:00:36.075Z] [2025-11-05T08:00:36.075Z] [INDEXING-ORCHESTRATOR] [DEBUG] 📍 Chunk 16-18: 1 candidate symbols
[2025-11-05T08:00:36.076Z] [2025-11-05T08:00:36.075Z] [INDEXING-ORCHESTRATOR] [DEBUG] ✅ Chunk symbols after filtering: 1 symbols - DataTableViewOptionsProps
[2025-11-05T08:00:36.076Z] [2025-11-05T08:00:36.075Z] [INDEXING-ORCHESTRATOR] [DEBUG] 📍 Chunk 19-51: 0 candidate symbols
[2025-11-05T08:00:36.076Z] [2025-11-05T08:00:36.075Z] [INDEXING-ORCHESTRATOR] [DEBUG] ✅ Chunk symbols after filtering: 0 symbols - 
[2025-11-05T08:00:36.076Z] [2025-11-05T08:00:36.075Z] [INDEXING-ORCHESTRATOR] [DEBUG] Created 2 semantic chunks for c:\Users\RakaThinkpad\Documents\Project\educatedplanet\admin\src\components\data-table\data-table-view-options.tsx
[2025-11-05T08:00:36.076Z] [2025-11-05T08:00:36.075Z] [INDEXING-ORCHESTRATOR] [DEBUG] Average chunk size: 590 characters
[2025-11-05T08:00:36.088Z] [2025-11-05T08:00:36.087Z] [TREESITTER-CHUNKER] [INFO] Created 3 semantic chunks from c:\Users\RakaThinkpad\Documents\Project\educatedplanet\admin\src\components\data-table\data-table.tsx
[2025-11-05T08:00:36.125Z] [2025-11-05T08:00:36.124Z] [TREESITTER-FULL] [INFO] Extracted 5 symbols from c:\Users\RakaThinkpad\Documents\Project\educatedplanet\admin\src\components\data-table\data-table.tsx
[2025-11-05T08:00:36.125Z] [2025-11-05T08:00:36.124Z] [INDEXING-ORCHESTRATOR] [DEBUG] 🔍 Symbol extraction for c:\Users\RakaThinkpad\Documents\Project\educatedplanet\admin\src\components\data-table\data-table.tsx: 5 symbols, 7 imports
[2025-11-05T08:00:36.126Z] [2025-11-05T08:00:36.124Z] [INDEXING-ORCHESTRATOR] [DEBUG] 📍 Chunk 22-27: 1 candidate symbols
[2025-11-05T08:00:36.126Z] [2025-11-05T08:00:36.124Z] [INDEXING-ORCHESTRATOR] [DEBUG] ✅ Chunk symbols after filtering: 1 symbols - DataTableProps
[2025-11-05T08:00:36.126Z] [2025-11-05T08:00:36.124Z] [INDEXING-ORCHESTRATOR] [DEBUG] 📍 Chunk 77-87: 1 candidate symbols
[2025-11-05T08:00:36.126Z] [2025-11-05T08:00:36.124Z] [INDEXING-ORCHESTRATOR] [DEBUG] ✅ Chunk symbols after filtering: 1 symbols - handleDragEnd
[2025-11-05T08:00:36.126Z] [2025-11-05T08:00:36.124Z] [INDEXING-ORCHESTRATOR] [DEBUG] 📍 Chunk 88-126: 0 candidate symbols
[2025-11-05T08:00:36.126Z] [2025-11-05T08:00:36.125Z] [INDEXING-ORCHESTRATOR] [DEBUG] ✅ Chunk symbols after filtering: 0 symbols - 
[2025-11-05T08:00:36.126Z] [2025-11-05T08:00:36.125Z] [INDEXING-ORCHESTRATOR] [DEBUG] Created 3 semantic chunks for c:\Users\RakaThinkpad\Documents\Project\educatedplanet\admin\src\components\data-table\data-table.tsx
[2025-11-05T08:00:36.126Z] [2025-11-05T08:00:36.125Z] [INDEXING-ORCHESTRATOR] [DEBUG] Average chunk size: 565 characters
[2025-11-05T08:00:36.131Z] [2025-11-05T08:00:36.130Z] [TREESITTER-CHUNKER] [INFO] Created 2 semantic chunks from c:\Users\RakaThinkpad\Documents\Project\educatedplanet\admin\src\components\data-table\drag-column.tsx
[2025-11-05T08:00:36.138Z] [2025-11-05T08:00:36.137Z] [TREESITTER-FULL] [INFO] Extracted 2 symbols from c:\Users\RakaThinkpad\Documents\Project\educatedplanet\admin\src\components\data-table\drag-column.tsx
[2025-11-05T08:00:36.138Z] [2025-11-05T08:00:36.137Z] [INDEXING-ORCHESTRATOR] [DEBUG] 🔍 Symbol extraction for c:\Users\RakaThinkpad\Documents\Project\educatedplanet\admin\src\components\data-table\drag-column.tsx: 2 symbols, 4 imports
[2025-11-05T08:00:36.138Z] [2025-11-05T08:00:36.137Z] [INDEXING-ORCHESTRATOR] [DEBUG] 📍 Chunk 7-24: 1 candidate symbols
[2025-11-05T08:00:36.138Z] [2025-11-05T08:00:36.138Z] [INDEXING-ORCHESTRATOR] [DEBUG] ✅ Chunk symbols after filtering: 1 symbols - DragHandle
[2025-11-05T08:00:36.138Z] [2025-11-05T08:00:36.138Z] [INDEXING-ORCHESTRATOR] [DEBUG] 📍 Chunk 25-33: 1 candidate symbols
[2025-11-05T08:00:36.138Z] [2025-11-05T08:00:36.138Z] [INDEXING-ORCHESTRATOR] [DEBUG] ✅ Chunk symbols after filtering: 1 symbols - dragColumn
[2025-11-05T08:00:36.138Z] [2025-11-05T08:00:36.138Z] [INDEXING-ORCHESTRATOR] [DEBUG] Created 2 semantic chunks for c:\Users\RakaThinkpad\Documents\Project\educatedplanet\admin\src\components\data-table\drag-column.tsx
[2025-11-05T08:00:36.138Z] [2025-11-05T08:00:36.138Z] [INDEXING-ORCHESTRATOR] [DEBUG] Average chunk size: 320 characters
[2025-11-05T08:00:36.142Z] [2025-11-05T08:00:36.141Z] [TREESITTER-CHUNKER] [INFO] Created 1 semantic chunks from c:\Users\RakaThinkpad\Documents\Project\educatedplanet\admin\src\components\data-table\draggable-row.tsx
[2025-11-05T08:00:36.152Z] [2025-11-05T08:00:36.151Z] [TREESITTER-FULL] [INFO] Extracted 0 symbols from c:\Users\RakaThinkpad\Documents\Project\educatedplanet\admin\src\components\data-table\draggable-row.tsx
[2025-11-05T08:00:36.152Z] [2025-11-05T08:00:36.151Z] [INDEXING-ORCHESTRATOR] [DEBUG] 🔍 Symbol extraction for c:\Users\RakaThinkpad\Documents\Project\educatedplanet\admin\src\components\data-table\draggable-row.tsx: 0 symbols, 4 imports
[2025-11-05T08:00:36.152Z] [2025-11-05T08:00:36.152Z] [INDEXING-ORCHESTRATOR] [DEBUG] 📍 Chunk 1-28: 0 candidate symbols
[2025-11-05T08:00:36.152Z] [2025-11-05T08:00:36.152Z] [INDEXING-ORCHESTRATOR] [DEBUG] ✅ Chunk symbols after filtering: 0 symbols - 
[2025-11-05T08:00:36.152Z] [2025-11-05T08:00:36.152Z] [INDEXING-ORCHESTRATOR] [DEBUG] Created 1 semantic chunks for c:\Users\RakaThinkpad\Documents\Project\educatedplanet\admin\src\components\data-table\draggable-row.tsx
[2025-11-05T08:00:36.152Z] [2025-11-05T08:00:36.152Z] [INDEXING-ORCHESTRATOR] [DEBUG] Average chunk size: 951 characters
[2025-11-05T08:00:36.157Z] [2025-11-05T08:00:36.157Z] [TREESITTER-CHUNKER] [INFO] Created 1 semantic chunks from c:\Users\RakaThinkpad\Documents\Project\educatedplanet\admin\src\components\data-table\table-utils.ts
[2025-11-05T08:00:36.159Z] [2025-11-05T08:00:36.158Z] [TREESITTER-FULL] [INFO] Extracted 1 symbols from c:\Users\RakaThinkpad\Documents\Project\educatedplanet\admin\src\components\data-table\table-utils.ts
[2025-11-05T08:00:36.159Z] [2025-11-05T08:00:36.158Z] [INDEXING-ORCHESTRATOR] [DEBUG] 🔍 Symbol extraction for c:\Users\RakaThinkpad\Documents\Project\educatedplanet\admin\src\components\data-table\table-utils.ts: 1 symbols, 2 imports
[2025-11-05T08:00:36.159Z] [2025-11-05T08:00:36.158Z] [INDEXING-ORCHESTRATOR] [DEBUG] 📍 Chunk 5-7: 1 candidate symbols
[2025-11-05T08:00:36.159Z] [2025-11-05T08:00:36.158Z] [INDEXING-ORCHESTRATOR] [DEBUG] ✅ Chunk symbols after filtering: 1 symbols - withDndColumn
[2025-11-05T08:00:36.159Z] [2025-11-05T08:00:36.158Z] [INDEXING-ORCHESTRATOR] [DEBUG] Created 1 semantic chunks for c:\Users\RakaThinkpad\Documents\Project\educatedplanet\admin\src\components\data-table\table-utils.ts
[2025-11-05T08:00:36.159Z] [2025-11-05T08:00:36.158Z] [INDEXING-ORCHESTRATOR] [DEBUG] Average chunk size: 123 characters
[2025-11-05T08:00:36.168Z] [2025-11-05T08:00:36.167Z] [TREESITTER-CHUNKER] [INFO] Created 2 semantic chunks from c:\Users\RakaThinkpad\Documents\Project\educatedplanet\admin\src\components\providers\global-loading-provider.tsx
[2025-11-05T08:00:36.195Z] [2025-11-05T08:00:36.195Z] [TREESITTER-FULL] [INFO] Extracted 5 symbols from c:\Users\RakaThinkpad\Documents\Project\educatedplanet\admin\src\components\providers\global-loading-provider.tsx
[2025-11-05T08:00:36.195Z] [2025-11-05T08:00:36.195Z] [INDEXING-ORCHESTRATOR] [DEBUG] 🔍 Symbol extraction for c:\Users\RakaThinkpad\Documents\Project\educatedplanet\admin\src\components\providers\global-loading-provider.tsx: 5 symbols, 4 imports
[2025-11-05T08:00:36.195Z] [2025-11-05T08:00:36.195Z] [INDEXING-ORCHESTRATOR] [DEBUG] 📍 Chunk 8-26: 4 candidate symbols
[2025-11-05T08:00:36.195Z] [2025-11-05T08:00:36.195Z] [INDEXING-ORCHESTRATOR] [DEBUG] ✅ Chunk symbols after filtering: 4 symbols - LoadingContextType, LoadingContext, useLoading, LoadingProviderProps
[2025-11-05T08:00:36.196Z] [2025-11-05T08:00:36.195Z] [INDEXING-ORCHESTRATOR] [DEBUG] 📍 Chunk 28-151: 1 candidate symbols
[2025-11-05T08:00:36.196Z] [2025-11-05T08:00:36.195Z] [INDEXING-ORCHESTRATOR] [DEBUG] ✅ Chunk symbols after filtering: 1 symbols - LoadingProvider
[2025-11-05T08:00:36.196Z] [2025-11-05T08:00:36.195Z] [INDEXING-ORCHESTRATOR] [DEBUG] Created 2 semantic chunks for c:\Users\RakaThinkpad\Documents\Project\educatedplanet\admin\src\components\providers\global-loading-provider.tsx
[2025-11-05T08:00:36.196Z] [2025-11-05T08:00:36.195Z] [INDEXING-ORCHESTRATOR] [DEBUG] Average chunk size: 1915 characters
[2025-11-05T08:00:36.196Z] [2025-11-05T08:00:36.195Z] [INDEXING-ORCHESTRATOR] [DEBUG] 📊 Processed: 60/220 files
[2025-11-05T08:00:36.206Z] [2025-11-05T08:00:36.205Z] [TREESITTER-CHUNKER] [INFO] Created 2 semantic chunks from c:\Users\RakaThinkpad\Documents\Project\educatedplanet\admin\src\components\ui\accordion.tsx
[2025-11-05T08:00:36.216Z] [2025-11-05T08:00:36.216Z] [TREESITTER-FULL] [INFO] Extracted 2 symbols from c:\Users\RakaThinkpad\Documents\Project\educatedplanet\admin\src\components\ui\accordion.tsx
[2025-11-05T08:00:36.216Z] [2025-11-05T08:00:36.216Z] [INDEXING-ORCHESTRATOR] [DEBUG] 🔍 Symbol extraction for c:\Users\RakaThinkpad\Documents\Project\educatedplanet\admin\src\components\ui\accordion.tsx: 2 symbols, 4 imports
[2025-11-05T08:00:36.216Z] [2025-11-05T08:00:36.216Z] [INDEXING-ORCHESTRATOR] [DEBUG] 📍 Chunk 15-48: 2 candidate symbols
[2025-11-05T08:00:36.216Z] [2025-11-05T08:00:36.216Z] [INDEXING-ORCHESTRATOR] [DEBUG] ✅ Chunk symbols after filtering: 2 symbols - AccordionItem, AccordionTrigger
[2025-11-05T08:00:36.216Z] [2025-11-05T08:00:36.216Z] [INDEXING-ORCHESTRATOR] [DEBUG] 📍 Chunk 49-67: 0 candidate symbols
[2025-11-05T08:00:36.217Z] [2025-11-05T08:00:36.216Z] [INDEXING-ORCHESTRATOR] [DEBUG] ✅ Chunk symbols after filtering: 0 symbols - 
[2025-11-05T08:00:36.217Z] [2025-11-05T08:00:36.216Z] [INDEXING-ORCHESTRATOR] [DEBUG] Created 2 semantic chunks for c:\Users\RakaThinkpad\Documents\Project\educatedplanet\admin\src\components\ui\accordion.tsx
[2025-11-05T08:00:36.217Z] [2025-11-05T08:00:36.216Z] [INDEXING-ORCHESTRATOR] [DEBUG] Average chunk size: 872 characters
[2025-11-05T08:00:36.219Z] [2025-11-05T08:00:36.218Z] [TREESITTER-CHUNKER] [INFO] Created 1 semantic chunks from c:\Users\RakaThinkpad\Documents\Project\educatedplanet\admin\src\components\providers\query-client-provider.tsx
[2025-11-05T08:00:36.224Z] [2025-11-05T08:00:36.224Z] [TREESITTER-FULL] [INFO] Extracted 2 symbols from c:\Users\RakaThinkpad\Documents\Project\educatedplanet\admin\src\components\providers\query-client-provider.tsx
[2025-11-05T08:00:36.225Z] [2025-11-05T08:00:36.224Z] [INDEXING-ORCHESTRATOR] [DEBUG] 🔍 Symbol extraction for c:\Users\RakaThinkpad\Documents\Project\educatedplanet\admin\src\components\providers\query-client-provider.tsx: 2 symbols, 2 imports
[2025-11-05T08:00:36.225Z] [2025-11-05T08:00:36.224Z] [INDEXING-ORCHESTRATOR] [DEBUG] 📍 Chunk 6-28: 2 candidate symbols
[2025-11-05T08:00:36.225Z] [2025-11-05T08:00:36.224Z] [INDEXING-ORCHESTRATOR] [DEBUG] ✅ Chunk symbols after filtering: 2 symbols - QueryClientProviderProps, CustomQueryClientProvider
[2025-11-05T08:00:36.225Z] [2025-11-05T08:00:36.224Z] [INDEXING-ORCHESTRATOR] [DEBUG] Created 1 semantic chunks for c:\Users\RakaThinkpad\Documents\Project\educatedplanet\admin\src\components\providers\query-client-provider.tsx
[2025-11-05T08:00:36.225Z] [2025-11-05T08:00:36.225Z] [INDEXING-ORCHESTRATOR] [DEBUG] Average chunk size: 482 characters
[2025-11-05T08:00:36.227Z] [2025-11-05T08:00:36.226Z] [TREESITTER-CHUNKER] [INFO] Created 1 semantic chunks from c:\Users\RakaThinkpad\Documents\Project\educatedplanet\admin\src\components\providers\providers-wrapper.tsx
[2025-11-05T08:00:36.229Z] [2025-11-05T08:00:36.228Z] [TREESITTER-FULL] [INFO] Extracted 2 symbols from c:\Users\RakaThinkpad\Documents\Project\educatedplanet\admin\src\components\providers\providers-wrapper.tsx
[2025-11-05T08:00:36.229Z] [2025-11-05T08:00:36.229Z] [INDEXING-ORCHESTRATOR] [DEBUG] 🔍 Symbol extraction for c:\Users\RakaThinkpad\Documents\Project\educatedplanet\admin\src\components\providers\providers-wrapper.tsx: 2 symbols, 2 imports
[2025-11-05T08:00:36.229Z] [2025-11-05T08:00:36.229Z] [INDEXING-ORCHESTRATOR] [DEBUG] 📍 Chunk 6-16: 2 candidate symbols
[2025-11-05T08:00:36.229Z] [2025-11-05T08:00:36.229Z] [INDEXING-ORCHESTRATOR] [DEBUG] ✅ Chunk symbols after filtering: 2 symbols - ProvidersWrapperProps, ProvidersWrapper
[2025-11-05T08:00:36.229Z] [2025-11-05T08:00:36.229Z] [INDEXING-ORCHESTRATOR] [DEBUG] Created 1 semantic chunks for c:\Users\RakaThinkpad\Documents\Project\educatedplanet\admin\src\components\providers\providers-wrapper.tsx
[2025-11-05T08:00:36.229Z] [2025-11-05T08:00:36.229Z] [INDEXING-ORCHESTRATOR] [DEBUG] Average chunk size: 209 characters
[2025-11-05T08:00:36.245Z] [2025-11-05T08:00:36.244Z] [TREESITTER-CHUNKER] [INFO] Created 4 semantic chunks from c:\Users\RakaThinkpad\Documents\Project\educatedplanet\admin\src\components\ui\alert-dialog.tsx
[2025-11-05T08:00:36.272Z] [2025-11-05T08:00:36.272Z] [TREESITTER-FULL] [INFO] Extracted 2 symbols from c:\Users\RakaThinkpad\Documents\Project\educatedplanet\admin\src\components\ui\alert-dialog.tsx
[2025-11-05T08:00:36.272Z] [2025-11-05T08:00:36.272Z] [INDEXING-ORCHESTRATOR] [DEBUG] 🔍 Symbol extraction for c:\Users\RakaThinkpad\Documents\Project\educatedplanet\admin\src\components\ui\alert-dialog.tsx: 2 symbols, 4 imports
[2025-11-05T08:00:36.272Z] [2025-11-05T08:00:36.272Z] [INDEXING-ORCHESTRATOR] [DEBUG] 📍 Chunk 15-29: 2 candidate symbols
[2025-11-05T08:00:36.272Z] [2025-11-05T08:00:36.272Z] [INDEXING-ORCHESTRATOR] [DEBUG] ✅ Chunk symbols after filtering: 2 symbols - AlertDialogTrigger, AlertDialogPortal
[2025-11-05T08:00:36.273Z] [2025-11-05T08:00:36.272Z] [INDEXING-ORCHESTRATOR] [DEBUG] 📍 Chunk 73-74: 0 candidate symbols
[2025-11-05T08:00:36.273Z] [2025-11-05T08:00:36.272Z] [INDEXING-ORCHESTRATOR] [DEBUG] ✅ Chunk symbols after filtering: 0 symbols - 
[2025-11-05T08:00:36.273Z] [2025-11-05T08:00:36.272Z] [INDEXING-ORCHESTRATOR] [DEBUG] 📍 Chunk 86-90: 0 candidate symbols
[2025-11-05T08:00:36.273Z] [2025-11-05T08:00:36.272Z] [INDEXING-ORCHESTRATOR] [DEBUG] ✅ Chunk symbols after filtering: 0 symbols - 
[2025-11-05T08:00:36.273Z] [2025-11-05T08:00:36.272Z] [INDEXING-ORCHESTRATOR] [DEBUG] 📍 Chunk 91-158: 0 candidate symbols
[2025-11-05T08:00:36.273Z] [2025-11-05T08:00:36.272Z] [INDEXING-ORCHESTRATOR] [DEBUG] ✅ Chunk symbols after filtering: 0 symbols - 
[2025-11-05T08:00:36.273Z] [2025-11-05T08:00:36.272Z] [INDEXING-ORCHESTRATOR] [DEBUG] Created 4 semantic chunks for c:\Users\RakaThinkpad\Documents\Project\educatedplanet\admin\src\components\ui\alert-dialog.tsx
[2025-11-05T08:00:36.273Z] [2025-11-05T08:00:36.272Z] [INDEXING-ORCHESTRATOR] [DEBUG] Average chunk size: 508 characters
[2025-11-05T08:00:36.275Z] [2025-11-05T08:00:36.275Z] [TREESITTER-CHUNKER] [INFO] Created 1 semantic chunks from c:\Users\RakaThinkpad\Documents\Project\educatedplanet\admin\src\components\simple-icon.tsx
[2025-11-05T08:00:36.280Z] [2025-11-05T08:00:36.279Z] [TREESITTER-FULL] [INFO] Extracted 2 symbols from c:\Users\RakaThinkpad\Documents\Project\educatedplanet\admin\src\components\simple-icon.tsx
[2025-11-05T08:00:36.280Z] [2025-11-05T08:00:36.279Z] [INDEXING-ORCHESTRATOR] [DEBUG] 🔍 Symbol extraction for c:\Users\RakaThinkpad\Documents\Project\educatedplanet\admin\src\components\simple-icon.tsx: 2 symbols, 3 imports
[2025-11-05T08:00:36.280Z] [2025-11-05T08:00:36.279Z] [INDEXING-ORCHESTRATOR] [DEBUG] 📍 Chunk 9-30: 2 candidate symbols
[2025-11-05T08:00:36.280Z] [2025-11-05T08:00:36.279Z] [INDEXING-ORCHESTRATOR] [DEBUG] ✅ Chunk symbols after filtering: 2 symbols - SimpleIconProps, SimpleIcon
[2025-11-05T08:00:36.280Z] [2025-11-05T08:00:36.279Z] [INDEXING-ORCHESTRATOR] [DEBUG] Created 1 semantic chunks for c:\Users\RakaThinkpad\Documents\Project\educatedplanet\admin\src\components\simple-icon.tsx
[2025-11-05T08:00:36.280Z] [2025-11-05T08:00:36.279Z] [INDEXING-ORCHESTRATOR] [DEBUG] Average chunk size: 506 characters
[2025-11-05T08:00:36.285Z] [2025-11-05T08:00:36.285Z] [TREESITTER-CHUNKER] [INFO] Created 4 semantic chunks from c:\Users\RakaThinkpad\Documents\Project\educatedplanet\admin\src\components\ui\alert.tsx
[2025-11-05T08:00:36.294Z] [2025-11-05T08:00:36.293Z] [TREESITTER-FULL] [INFO] Extracted 1 symbols from c:\Users\RakaThinkpad\Documents\Project\educatedplanet\admin\src\components\ui\alert.tsx
[2025-11-05T08:00:36.294Z] [2025-11-05T08:00:36.294Z] [INDEXING-ORCHESTRATOR] [DEBUG] 🔍 Symbol extraction for c:\Users\RakaThinkpad\Documents\Project\educatedplanet\admin\src\components\ui\alert.tsx: 1 symbols, 3 imports
[2025-11-05T08:00:36.294Z] [2025-11-05T08:00:36.294Z] [INDEXING-ORCHESTRATOR] [DEBUG] 📍 Chunk 31-32: 0 candidate symbols
[2025-11-05T08:00:36.294Z] [2025-11-05T08:00:36.294Z] [INDEXING-ORCHESTRATOR] [DEBUG] ✅ Chunk symbols after filtering: 0 symbols - 
[2025-11-05T08:00:36.294Z] [2025-11-05T08:00:36.294Z] [INDEXING-ORCHESTRATOR] [DEBUG] 📍 Chunk 41-45: 0 candidate symbols
[2025-11-05T08:00:36.294Z] [2025-11-05T08:00:36.294Z] [INDEXING-ORCHESTRATOR] [DEBUG] ✅ Chunk symbols after filtering: 0 symbols - 
[2025-11-05T08:00:36.294Z] [2025-11-05T08:00:36.294Z] [INDEXING-ORCHESTRATOR] [DEBUG] 📍 Chunk 57-61: 0 candidate symbols
[2025-11-05T08:00:36.294Z] [2025-11-05T08:00:36.294Z] [INDEXING-ORCHESTRATOR] [DEBUG] ✅ Chunk symbols after filtering: 0 symbols - 
[2025-11-05T08:00:36.294Z] [2025-11-05T08:00:36.294Z] [INDEXING-ORCHESTRATOR] [DEBUG] 📍 Chunk 62-67: 0 candidate symbols
[2025-11-05T08:00:36.294Z] [2025-11-05T08:00:36.294Z] [INDEXING-ORCHESTRATOR] [DEBUG] ✅ Chunk symbols after filtering: 0 symbols - 
[2025-11-05T08:00:36.294Z] [2025-11-05T08:00:36.294Z] [INDEXING-ORCHESTRATOR] [DEBUG] Created 4 semantic chunks for c:\Users\RakaThinkpad\Documents\Project\educatedplanet\admin\src\components\ui\alert.tsx
[2025-11-05T08:00:36.294Z] [2025-11-05T08:00:36.294Z] [INDEXING-ORCHESTRATOR] [DEBUG] Average chunk size: 100 characters
[2025-11-05T08:00:36.296Z] [2025-11-05T08:00:36.296Z] [TREESITTER-CHUNKER] [INFO] Created 1 semantic chunks from c:\Users\RakaThinkpad\Documents\Project\educatedplanet\admin\src\components\ui\aspect-ratio.tsx
[2025-11-05T08:00:36.298Z] [2025-11-05T08:00:36.298Z] [TREESITTER-FULL] [INFO] Extracted 0 symbols from c:\Users\RakaThinkpad\Documents\Project\educatedplanet\admin\src\components\ui\aspect-ratio.tsx
[2025-11-05T08:00:36.298Z] [2025-11-05T08:00:36.298Z] [INDEXING-ORCHESTRATOR] [DEBUG] 🔍 Symbol extraction for c:\Users\RakaThinkpad\Documents\Project\educatedplanet\admin\src\components\ui\aspect-ratio.tsx: 0 symbols, 1 imports
[2025-11-05T08:00:36.298Z] [2025-11-05T08:00:36.298Z] [INDEXING-ORCHESTRATOR] [DEBUG] 📍 Chunk 1-12: 0 candidate symbols
[2025-11-05T08:00:36.298Z] [2025-11-05T08:00:36.298Z] [INDEXING-ORCHESTRATOR] [DEBUG] ✅ Chunk symbols after filtering: 0 symbols - 
[2025-11-05T08:00:36.298Z] [2025-11-05T08:00:36.298Z] [INDEXING-ORCHESTRATOR] [DEBUG] Created 1 semantic chunks for c:\Users\RakaThinkpad\Documents\Project\educatedplanet\admin\src\components\ui\aspect-ratio.tsx
[2025-11-05T08:00:36.299Z] [2025-11-05T08:00:36.298Z] [INDEXING-ORCHESTRATOR] [DEBUG] Average chunk size: 283 characters
[2025-11-05T08:00:36.302Z] [2025-11-05T08:00:36.301Z] [TREESITTER-CHUNKER] [INFO] Created 1 semantic chunks from c:\Users\RakaThinkpad\Documents\Project\educatedplanet\admin\src\components\ui\avatar.tsx
[2025-11-05T08:00:36.307Z] [2025-11-05T08:00:36.306Z] [TREESITTER-FULL] [INFO] Extracted 0 symbols from c:\Users\RakaThinkpad\Documents\Project\educatedplanet\admin\src\components\ui\avatar.tsx
[2025-11-05T08:00:36.307Z] [2025-11-05T08:00:36.306Z] [INDEXING-ORCHESTRATOR] [DEBUG] 🔍 Symbol extraction for c:\Users\RakaThinkpad\Documents\Project\educatedplanet\admin\src\components\ui\avatar.tsx: 0 symbols, 3 imports
[2025-11-05T08:00:36.307Z] [2025-11-05T08:00:36.306Z] [INDEXING-ORCHESTRATOR] [DEBUG] 📍 Chunk 1-54: 0 candidate symbols
[2025-11-05T08:00:36.307Z] [2025-11-05T08:00:36.306Z] [INDEXING-ORCHESTRATOR] [DEBUG] ✅ Chunk symbols after filtering: 0 symbols - 
[2025-11-05T08:00:36.307Z] [2025-11-05T08:00:36.306Z] [INDEXING-ORCHESTRATOR] [DEBUG] Created 1 semantic chunks for c:\Users\RakaThinkpad\Documents\Project\educatedplanet\admin\src\components\ui\avatar.tsx
[2025-11-05T08:00:36.307Z] [2025-11-05T08:00:36.307Z] [INDEXING-ORCHESTRATOR] [DEBUG] Average chunk size: 1143 characters
[2025-11-05T08:00:36.322Z] [2025-11-05T08:00:36.321Z] [TREESITTER-CHUNKER] [INFO] Created 7 semantic chunks from c:\Users\RakaThinkpad\Documents\Project\educatedplanet\admin\src\components\ui\breadcrumb.tsx
[2025-11-05T08:00:36.348Z] [2025-11-05T08:00:36.348Z] [TREESITTER-FULL] [INFO] Extracted 1 symbols from c:\Users\RakaThinkpad\Documents\Project\educatedplanet\admin\src\components\ui\breadcrumb.tsx
[2025-11-05T08:00:36.348Z] [2025-11-05T08:00:36.348Z] [INDEXING-ORCHESTRATOR] [DEBUG] 🔍 Symbol extraction for c:\Users\RakaThinkpad\Documents\Project\educatedplanet\admin\src\components\ui\breadcrumb.tsx: 1 symbols, 4 imports
[2025-11-05T08:00:36.348Z] [2025-11-05T08:00:36.348Z] [INDEXING-ORCHESTRATOR] [DEBUG] 📍 Chunk 7-9: 1 candidate symbols
[2025-11-05T08:00:36.348Z] [2025-11-05T08:00:36.348Z] [INDEXING-ORCHESTRATOR] [DEBUG] ✅ Chunk symbols after filtering: 1 symbols - Breadcrumb
[2025-11-05T08:00:36.348Z] [2025-11-05T08:00:36.348Z] [INDEXING-ORCHESTRATOR] [DEBUG] 📍 Chunk 15-19: 0 candidate symbols
[2025-11-05T08:00:36.349Z] [2025-11-05T08:00:36.348Z] [INDEXING-ORCHESTRATOR] [DEBUG] ✅ Chunk symbols after filtering: 0 symbols - 
[2025-11-05T08:00:36.349Z] [2025-11-05T08:00:36.348Z] [INDEXING-ORCHESTRATOR] [DEBUG] 📍 Chunk 28-29: 0 candidate symbols
[2025-11-05T08:00:36.349Z] [2025-11-05T08:00:36.348Z] [INDEXING-ORCHESTRATOR] [DEBUG] ✅ Chunk symbols after filtering: 0 symbols - 
[2025-11-05T08:00:36.349Z] [2025-11-05T08:00:36.348Z] [INDEXING-ORCHESTRATOR] [DEBUG] 📍 Chunk 46-47: 0 candidate symbols
[2025-11-05T08:00:36.349Z] [2025-11-05T08:00:36.348Z] [INDEXING-ORCHESTRATOR] [DEBUG] ✅ Chunk symbols after filtering: 0 symbols - 
[2025-11-05T08:00:36.349Z] [2025-11-05T08:00:36.348Z] [INDEXING-ORCHESTRATOR] [DEBUG] 📍 Chunk 59-60: 0 candidate symbols
[2025-11-05T08:00:36.349Z] [2025-11-05T08:00:36.348Z] [INDEXING-ORCHESTRATOR] [DEBUG] ✅ Chunk symbols after filtering: 0 symbols - 
[2025-11-05T08:00:36.349Z] [2025-11-05T08:00:36.348Z] [INDEXING-ORCHESTRATOR] [DEBUG] 📍 Chunk 75-93: 0 candidate symbols
[2025-11-05T08:00:36.349Z] [2025-11-05T08:00:36.348Z] [INDEXING-ORCHESTRATOR] [DEBUG] ✅ Chunk symbols after filtering: 0 symbols - 
[2025-11-05T08:00:36.349Z] [2025-11-05T08:00:36.348Z] [INDEXING-ORCHESTRATOR] [DEBUG] 📍 Chunk 94-110: 0 candidate symbols
[2025-11-05T08:00:36.349Z] [2025-11-05T08:00:36.348Z] [INDEXING-ORCHESTRATOR] [DEBUG] ✅ Chunk symbols after filtering: 0 symbols - 
[2025-11-05T08:00:36.349Z] [2025-11-05T08:00:36.348Z] [INDEXING-ORCHESTRATOR] [DEBUG] Created 7 semantic chunks for c:\Users\RakaThinkpad\Documents\Project\educatedplanet\admin\src\components\ui\breadcrumb.tsx
[2025-11-05T08:00:36.349Z] [2025-11-05T08:00:36.348Z] [INDEXING-ORCHESTRATOR] [DEBUG] Average chunk size: 169 characters
[2025-11-05T08:00:36.352Z] [2025-11-05T08:00:36.351Z] [TREESITTER-CHUNKER] [INFO] Created 2 semantic chunks from c:\Users\RakaThinkpad\Documents\Project\educatedplanet\admin\src\components\ui\badge.tsx
[2025-11-05T08:00:36.358Z] [2025-11-05T08:00:36.358Z] [TREESITTER-FULL] [INFO] Extracted 2 symbols from c:\Users\RakaThinkpad\Documents\Project\educatedplanet\admin\src\components\ui\badge.tsx
[2025-11-05T08:00:36.358Z] [2025-11-05T08:00:36.358Z] [INDEXING-ORCHESTRATOR] [DEBUG] 🔍 Symbol extraction for c:\Users\RakaThinkpad\Documents\Project\educatedplanet\admin\src\components\ui\badge.tsx: 2 symbols, 4 imports
[2025-11-05T08:00:36.359Z] [2025-11-05T08:00:36.358Z] [INDEXING-ORCHESTRATOR] [DEBUG] 📍 Chunk 28-41: 0 candidate symbols
[2025-11-05T08:00:36.359Z] [2025-11-05T08:00:36.358Z] [INDEXING-ORCHESTRATOR] [DEBUG] ✅ Chunk symbols after filtering: 0 symbols - 
[2025-11-05T08:00:36.359Z] [2025-11-05T08:00:36.358Z] [INDEXING-ORCHESTRATOR] [DEBUG] 📍 Chunk 42-47: 0 candidate symbols
[2025-11-05T08:00:36.359Z] [2025-11-05T08:00:36.358Z] [INDEXING-ORCHESTRATOR] [DEBUG] ✅ Chunk symbols after filtering: 0 symbols - 
[2025-11-05T08:00:36.359Z] [2025-11-05T08:00:36.358Z] [INDEXING-ORCHESTRATOR] [DEBUG] Created 2 semantic chunks for c:\Users\RakaThinkpad\Documents\Project\educatedplanet\admin\src\components\ui\badge.tsx
[2025-11-05T08:00:36.359Z] [2025-11-05T08:00:36.358Z] [INDEXING-ORCHESTRATOR] [DEBUG] Average chunk size: 201 characters
[2025-11-05T08:00:36.359Z] [2025-11-05T08:00:36.358Z] [INDEXING-ORCHESTRATOR] [DEBUG] 📊 Processed: 70/220 files
[2025-11-05T08:00:36.371Z] [2025-11-05T08:00:36.371Z] [TREESITTER-CHUNKER] [INFO] Created 1 semantic chunks from c:\Users\RakaThinkpad\Documents\Project\educatedplanet\admin\src\components\ui\button.tsx
[2025-11-05T08:00:36.383Z] [2025-11-05T08:00:36.383Z] [TREESITTER-FULL] [INFO] Extracted 1 symbols from c:\Users\RakaThinkpad\Documents\Project\educatedplanet\admin\src\components\ui\button.tsx
[2025-11-05T08:00:36.383Z] [2025-11-05T08:00:36.383Z] [INDEXING-ORCHESTRATOR] [DEBUG] 🔍 Symbol extraction for c:\Users\RakaThinkpad\Documents\Project\educatedplanet\admin\src\components\ui\button.tsx: 1 symbols, 4 imports
[2025-11-05T08:00:36.384Z] [2025-11-05T08:00:36.383Z] [INDEXING-ORCHESTRATOR] [DEBUG] 📍 Chunk 54-60: 0 candidate symbols
[2025-11-05T08:00:36.384Z] [2025-11-05T08:00:36.383Z] [INDEXING-ORCHESTRATOR] [DEBUG] ✅ Chunk symbols after filtering: 0 symbols - 
[2025-11-05T08:00:36.384Z] [2025-11-05T08:00:36.383Z] [INDEXING-ORCHESTRATOR] [DEBUG] Created 1 semantic chunks for c:\Users\RakaThinkpad\Documents\Project\educatedplanet\admin\src\components\ui\button.tsx
[2025-11-05T08:00:36.384Z] [2025-11-05T08:00:36.383Z] [INDEXING-ORCHESTRATOR] [DEBUG] Average chunk size: 120 characters
[2025-11-05T08:00:36.391Z] [2025-11-05T08:00:36.390Z] [TREESITTER-CHUNKER] [INFO] Created 2 semantic chunks from c:\Users\RakaThinkpad\Documents\Project\educatedplanet\admin\src\components\ui\button-group.tsx
[2025-11-05T08:00:36.402Z] [2025-11-05T08:00:36.402Z] [TREESITTER-FULL] [INFO] Extracted 1 symbols from c:\Users\RakaThinkpad\Documents\Project\educatedplanet\admin\src\components\ui\button-group.tsx
[2025-11-05T08:00:36.402Z] [2025-11-05T08:00:36.402Z] [INDEXING-ORCHESTRATOR] [DEBUG] 🔍 Symbol extraction for c:\Users\RakaThinkpad\Documents\Project\educatedplanet\admin\src\components\ui\button-group.tsx: 1 symbols, 4 imports
[2025-11-05T08:00:36.402Z] [2025-11-05T08:00:36.402Z] [INDEXING-ORCHESTRATOR] [DEBUG] 📍 Chunk 69-73: 0 candidate symbols
[2025-11-05T08:00:36.402Z] [2025-11-05T08:00:36.402Z] [INDEXING-ORCHESTRATOR] [DEBUG] ✅ Chunk symbols after filtering: 0 symbols - 
[2025-11-05T08:00:36.403Z] [2025-11-05T08:00:36.402Z] [INDEXING-ORCHESTRATOR] [DEBUG] 📍 Chunk 74-84: 0 candidate symbols
[2025-11-05T08:00:36.403Z] [2025-11-05T08:00:36.402Z] [INDEXING-ORCHESTRATOR] [DEBUG] ✅ Chunk symbols after filtering: 0 symbols - 
[2025-11-05T08:00:36.403Z] [2025-11-05T08:00:36.402Z] [INDEXING-ORCHESTRATOR] [DEBUG] Created 2 semantic chunks for c:\Users\RakaThinkpad\Documents\Project\educatedplanet\admin\src\components\ui\button-group.tsx
[2025-11-05T08:00:36.403Z] [2025-11-05T08:00:36.402Z] [INDEXING-ORCHESTRATOR] [DEBUG] Average chunk size: 122 characters
[2025-11-05T08:00:36.411Z] [2025-11-05T08:00:36.410Z] [TREESITTER-CHUNKER] [INFO] Created 8 semantic chunks from c:\Users\RakaThinkpad\Documents\Project\educatedplanet\admin\src\components\ui\card.tsx
[2025-11-05T08:00:36.428Z] [2025-11-05T08:00:36.428Z] [TREESITTER-FULL] [INFO] Extracted 0 symbols from c:\Users\RakaThinkpad\Documents\Project\educatedplanet\admin\src\components\ui\card.tsx
[2025-11-05T08:00:36.428Z] [2025-11-05T08:00:36.428Z] [INDEXING-ORCHESTRATOR] [DEBUG] 🔍 Symbol extraction for c:\Users\RakaThinkpad\Documents\Project\educatedplanet\admin\src\components\ui\card.tsx: 0 symbols, 2 imports
[2025-11-05T08:00:36.429Z] [2025-11-05T08:00:36.428Z] [INDEXING-ORCHESTRATOR] [DEBUG] 📍 Chunk 9-13: 0 candidate symbols
[2025-11-05T08:00:36.429Z] [2025-11-05T08:00:36.428Z] [INDEXING-ORCHESTRATOR] [DEBUG] ✅ Chunk symbols after filtering: 0 symbols - 
[2025-11-05T08:00:36.429Z] [2025-11-05T08:00:36.428Z] [INDEXING-ORCHESTRATOR] [DEBUG] 📍 Chunk 22-26: 0 candidate symbols
[2025-11-05T08:00:36.429Z] [2025-11-05T08:00:36.428Z] [INDEXING-ORCHESTRATOR] [DEBUG] ✅ Chunk symbols after filtering: 0 symbols - 
[2025-11-05T08:00:36.429Z] [2025-11-05T08:00:36.428Z] [INDEXING-ORCHESTRATOR] [DEBUG] 📍 Chunk 35-36: 0 candidate symbols
[2025-11-05T08:00:36.429Z] [2025-11-05T08:00:36.428Z] [INDEXING-ORCHESTRATOR] [DEBUG] ✅ Chunk symbols after filtering: 0 symbols - 
[2025-11-05T08:00:36.429Z] [2025-11-05T08:00:36.428Z] [INDEXING-ORCHESTRATOR] [DEBUG] 📍 Chunk 45-46: 0 candidate symbols
[2025-11-05T08:00:36.429Z] [2025-11-05T08:00:36.428Z] [INDEXING-ORCHESTRATOR] [DEBUG] ✅ Chunk symbols after filtering: 0 symbols - 
[2025-11-05T08:00:36.429Z] [2025-11-05T08:00:36.428Z] [INDEXING-ORCHESTRATOR] [DEBUG] 📍 Chunk 55-59: 0 candidate symbols
[2025-11-05T08:00:36.429Z] [2025-11-05T08:00:36.428Z] [INDEXING-ORCHESTRATOR] [DEBUG] ✅ Chunk symbols after filtering: 0 symbols - 
[2025-11-05T08:00:36.429Z] [2025-11-05T08:00:36.428Z] [INDEXING-ORCHESTRATOR] [DEBUG] 📍 Chunk 68-69: 0 candidate symbols
[2025-11-05T08:00:36.429Z] [2025-11-05T08:00:36.428Z] [INDEXING-ORCHESTRATOR] [DEBUG] ✅ Chunk symbols after filtering: 0 symbols - 
[2025-11-05T08:00:36.429Z] [2025-11-05T08:00:36.428Z] [INDEXING-ORCHESTRATOR] [DEBUG] 📍 Chunk 78-79: 0 candidate symbols
[2025-11-05T08:00:36.429Z] [2025-11-05T08:00:36.428Z] [INDEXING-ORCHESTRATOR] [DEBUG] ✅ Chunk symbols after filtering: 0 symbols - 
[2025-11-05T08:00:36.429Z] [2025-11-05T08:00:36.428Z] [INDEXING-ORCHESTRATOR] [DEBUG] 📍 Chunk 80-93: 0 candidate symbols
[2025-11-05T08:00:36.429Z] [2025-11-05T08:00:36.428Z] [INDEXING-ORCHESTRATOR] [DEBUG] ✅ Chunk symbols after filtering: 0 symbols - 
[2025-11-05T08:00:36.429Z] [2025-11-05T08:00:36.428Z] [INDEXING-ORCHESTRATOR] [DEBUG] Created 8 semantic chunks for c:\Users\RakaThinkpad\Documents\Project\educatedplanet\admin\src\components\ui\card.tsx
[2025-11-05T08:00:36.429Z] [2025-11-05T08:00:36.428Z] [INDEXING-ORCHESTRATOR] [DEBUG] Average chunk size: 107 characters
[2025-11-05T08:00:36.446Z] [2025-11-05T08:00:36.445Z] [TREESITTER-CHUNKER] [INFO] Created 6 semantic chunks from c:\Users\RakaThinkpad\Documents\Project\educatedplanet\admin\src\components\ui\calendar.tsx
[2025-11-05T08:00:36.501Z] [2025-11-05T08:00:36.500Z] [TREESITTER-FULL] [INFO] Extracted 1 symbols from c:\Users\RakaThinkpad\Documents\Project\educatedplanet\admin\src\components\ui\calendar.tsx
[2025-11-05T08:00:36.501Z] [2025-11-05T08:00:36.500Z] [INDEXING-ORCHESTRATOR] [DEBUG] 🔍 Symbol extraction for c:\Users\RakaThinkpad\Documents\Project\educatedplanet\admin\src\components\ui\calendar.tsx: 1 symbols, 5 imports
[2025-11-05T08:00:36.501Z] [2025-11-05T08:00:36.500Z] [INDEXING-ORCHESTRATOR] [DEBUG] 📍 Chunk 31-37: 0 candidate symbols
[2025-11-05T08:00:36.501Z] [2025-11-05T08:00:36.501Z] [INDEXING-ORCHESTRATOR] [DEBUG] ✅ Chunk symbols after filtering: 0 symbols - 
[2025-11-05T08:00:36.501Z] [2025-11-05T08:00:36.501Z] [INDEXING-ORCHESTRATOR] [DEBUG] 📍 Chunk 136-137: 0 candidate symbols
[2025-11-05T08:00:36.501Z] [2025-11-05T08:00:36.501Z] [INDEXING-ORCHESTRATOR] [DEBUG] ✅ Chunk symbols after filtering: 0 symbols - 
[2025-11-05T08:00:36.502Z] [2025-11-05T08:00:36.501Z] [INDEXING-ORCHESTRATOR] [DEBUG] 📍 Chunk 142-146: 0 candidate symbols
[2025-11-05T08:00:36.502Z] [2025-11-05T08:00:36.501Z] [INDEXING-ORCHESTRATOR] [DEBUG] ✅ Chunk symbols after filtering: 0 symbols - 
[2025-11-05T08:00:36.502Z] [2025-11-05T08:00:36.501Z] [INDEXING-ORCHESTRATOR] [DEBUG] 📍 Chunk 151-152: 0 candidate symbols
[2025-11-05T08:00:36.502Z] [2025-11-05T08:00:36.501Z] [INDEXING-ORCHESTRATOR] [DEBUG] ✅ Chunk symbols after filtering: 0 symbols - 
[2025-11-05T08:00:36.502Z] [2025-11-05T08:00:36.501Z] [INDEXING-ORCHESTRATOR] [DEBUG] 📍 Chunk 206-211: 0 candidate symbols
[2025-11-05T08:00:36.502Z] [2025-11-05T08:00:36.501Z] [INDEXING-ORCHESTRATOR] [DEBUG] ✅ Chunk symbols after filtering: 0 symbols - 
[2025-11-05T08:00:36.502Z] [2025-11-05T08:00:36.501Z] [INDEXING-ORCHESTRATOR] [DEBUG] 📍 Chunk 212-217: 0 candidate symbols
[2025-11-05T08:00:36.502Z] [2025-11-05T08:00:36.501Z] [INDEXING-ORCHESTRATOR] [DEBUG] ✅ Chunk symbols after filtering: 0 symbols - 
[2025-11-05T08:00:36.502Z] [2025-11-05T08:00:36.501Z] [INDEXING-ORCHESTRATOR] [DEBUG] Created 6 semantic chunks for c:\Users\RakaThinkpad\Documents\Project\educatedplanet\admin\src\components\ui\calendar.tsx
[2025-11-05T08:00:36.502Z] [2025-11-05T08:00:36.501Z] [INDEXING-ORCHESTRATOR] [DEBUG] Average chunk size: 274 characters
[2025-11-05T08:00:36.522Z] [2025-11-05T08:00:36.522Z] [TREESITTER-CHUNKER] [INFO] Created 6 semantic chunks from c:\Users\RakaThinkpad\Documents\Project\educatedplanet\admin\src\components\ui\carousel.tsx
[2025-11-05T08:00:36.575Z] [2025-11-05T08:00:36.575Z] [TREESITTER-FULL] [INFO] Extracted 9 symbols from c:\Users\RakaThinkpad\Documents\Project\educatedplanet\admin\src\components\ui\carousel.tsx
[2025-11-05T08:00:36.575Z] [2025-11-05T08:00:36.575Z] [INDEXING-ORCHESTRATOR] [DEBUG] 🔍 Symbol extraction for c:\Users\RakaThinkpad\Documents\Project\educatedplanet\admin\src\components\ui\carousel.tsx: 9 symbols, 5 imports
[2025-11-05T08:00:36.575Z] [2025-11-05T08:00:36.575Z] [INDEXING-ORCHESTRATOR] [DEBUG] 📍 Chunk 12-43: 8 candidate symbols
[2025-11-05T08:00:36.576Z] [2025-11-05T08:00:36.575Z] [INDEXING-ORCHESTRATOR] [DEBUG] ✅ Chunk symbols after filtering: 8 symbols - CarouselApi, UseCarouselParameters, CarouselOptions, CarouselPlugin, CarouselProps, CarouselContextProps, CarouselContext, useCarousel
[2025-11-05T08:00:36.576Z] [2025-11-05T08:00:36.575Z] [INDEXING-ORCHESTRATOR] [DEBUG] 📍 Chunk 45-123: 1 candidate symbols
[2025-11-05T08:00:36.576Z] [2025-11-05T08:00:36.575Z] [INDEXING-ORCHESTRATOR] [DEBUG] ✅ Chunk symbols after filtering: 1 symbols - Carousel
[2025-11-05T08:00:36.576Z] [2025-11-05T08:00:36.575Z] [INDEXING-ORCHESTRATOR] [DEBUG] 📍 Chunk 145-150: 0 candidate symbols
[2025-11-05T08:00:36.576Z] [2025-11-05T08:00:36.575Z] [INDEXING-ORCHESTRATOR] [DEBUG] ✅ Chunk symbols after filtering: 0 symbols - 
[2025-11-05T08:00:36.576Z] [2025-11-05T08:00:36.575Z] [INDEXING-ORCHESTRATOR] [DEBUG] 📍 Chunk 187-194: 0 candidate symbols
[2025-11-05T08:00:36.576Z] [2025-11-05T08:00:36.575Z] [INDEXING-ORCHESTRATOR] [DEBUG] ✅ Chunk symbols after filtering: 0 symbols - 
[2025-11-05T08:00:36.576Z] [2025-11-05T08:00:36.575Z] [INDEXING-ORCHESTRATOR] [DEBUG] 📍 Chunk 217-224: 0 candidate symbols
[2025-11-05T08:00:36.576Z] [2025-11-05T08:00:36.575Z] [INDEXING-ORCHESTRATOR] [DEBUG] ✅ Chunk symbols after filtering: 0 symbols - 
[2025-11-05T08:00:36.576Z] [2025-11-05T08:00:36.575Z] [INDEXING-ORCHESTRATOR] [DEBUG] 📍 Chunk 225-242: 0 candidate symbols
[2025-11-05T08:00:36.576Z] [2025-11-05T08:00:36.575Z] [INDEXING-ORCHESTRATOR] [DEBUG] ✅ Chunk symbols after filtering: 0 symbols - 
[2025-11-05T08:00:36.576Z] [2025-11-05T08:00:36.575Z] [INDEXING-ORCHESTRATOR] [DEBUG] Created 6 semantic chunks for c:\Users\RakaThinkpad\Documents\Project\educatedplanet\admin\src\components\ui\carousel.tsx
[2025-11-05T08:00:36.576Z] [2025-11-05T08:00:36.575Z] [INDEXING-ORCHESTRATOR] [DEBUG] Average chunk size: 623 characters
[2025-11-05T08:00:36.610Z] [2025-11-05T08:00:36.609Z] [TREESITTER-CHUNKER] [INFO] Created 3 semantic chunks from c:\Users\RakaThinkpad\Documents\Project\educatedplanet\admin\src\components\ui\chart.tsx
[2025-11-05T08:00:36.691Z] [2025-11-05T08:00:36.690Z] [TREESITTER-FULL] [INFO] Extracted 9 symbols from c:\Users\RakaThinkpad\Documents\Project\educatedplanet\admin\src\components\ui\chart.tsx
[2025-11-05T08:00:36.691Z] [2025-11-05T08:00:36.690Z] [INDEXING-ORCHESTRATOR] [DEBUG] 🔍 Symbol extraction for c:\Users\RakaThinkpad\Documents\Project\educatedplanet\admin\src\components\ui\chart.tsx: 9 symbols, 3 imports
[2025-11-05T08:00:36.691Z] [2025-11-05T08:00:36.690Z] [INDEXING-ORCHESTRATOR] [DEBUG] 📍 Chunk 11-35: 4 candidate symbols
[2025-11-05T08:00:36.691Z] [2025-11-05T08:00:36.690Z] [INDEXING-ORCHESTRATOR] [DEBUG] ✅ Chunk symbols after filtering: 4 symbols - ChartConfig, ChartContextProps, ChartContext, useChart
[2025-11-05T08:00:36.691Z] [2025-11-05T08:00:36.690Z] [INDEXING-ORCHESTRATOR] [DEBUG] 📍 Chunk 37-61: 0 candidate symbols
[2025-11-05T08:00:36.691Z] [2025-11-05T08:00:36.690Z] [INDEXING-ORCHESTRATOR] [DEBUG] ✅ Chunk symbols after filtering: 0 symbols - 
[2025-11-05T08:00:36.691Z] [2025-11-05T08:00:36.690Z] [INDEXING-ORCHESTRATOR] [DEBUG] 📍 Chunk 62-358: 4 candidate symbols
[2025-11-05T08:00:36.691Z] [2025-11-05T08:00:36.690Z] [INDEXING-ORCHESTRATOR] [DEBUG] ✅ Chunk symbols after filtering: 4 symbols - colorConfig, itemConfig, itemConfig, itemConfig
[2025-11-05T08:00:36.691Z] [2025-11-05T08:00:36.690Z] [INDEXING-ORCHESTRATOR] [DEBUG] Created 3 semantic chunks for c:\Users\RakaThinkpad\Documents\Project\educatedplanet\admin\src\components\ui\chart.tsx
[2025-11-05T08:00:36.691Z] [2025-11-05T08:00:36.690Z] [INDEXING-ORCHESTRATOR] [DEBUG] Average chunk size: 3392 characters
[2025-11-05T08:00:36.696Z] [2025-11-05T08:00:36.695Z] [TREESITTER-CHUNKER] [INFO] Created 1 semantic chunks from c:\Users\RakaThinkpad\Documents\Project\educatedplanet\admin\src\components\ui\checkbox.tsx
[2025-11-05T08:00:36.704Z] [2025-11-05T08:00:36.703Z] [TREESITTER-FULL] [INFO] Extracted 1 symbols from c:\Users\RakaThinkpad\Documents\Project\educatedplanet\admin\src\components\ui\checkbox.tsx
[2025-11-05T08:00:36.704Z] [2025-11-05T08:00:36.703Z] [INDEXING-ORCHESTRATOR] [DEBUG] 🔍 Symbol extraction for c:\Users\RakaThinkpad\Documents\Project\educatedplanet\admin\src\components\ui\checkbox.tsx: 1 symbols, 4 imports
[2025-11-05T08:00:36.704Z] [2025-11-05T08:00:36.704Z] [INDEXING-ORCHESTRATOR] [DEBUG] 📍 Chunk 9-30: 1 candidate symbols
[2025-11-05T08:00:36.705Z] [2025-11-05T08:00:36.704Z] [INDEXING-ORCHESTRATOR] [DEBUG] ✅ Chunk symbols after filtering: 1 symbols - Checkbox
[2025-11-05T08:00:36.705Z] [2025-11-05T08:00:36.704Z] [INDEXING-ORCHESTRATOR] [DEBUG] Created 1 semantic chunks for c:\Users\RakaThinkpad\Documents\Project\educatedplanet\admin\src\components\ui\checkbox.tsx
[2025-11-05T08:00:36.705Z] [2025-11-05T08:00:36.704Z] [INDEXING-ORCHESTRATOR] [DEBUG] Average chunk size: 1035 characters
[2025-11-05T08:00:36.721Z] [2025-11-05T08:00:36.720Z] [TREESITTER-CHUNKER] [INFO] Created 2 semantic chunks from c:\Users\RakaThinkpad\Documents\Project\educatedplanet\admin\src\components\ui\collapsible.tsx
[2025-11-05T08:00:36.748Z] [2025-11-05T08:00:36.747Z] [TREESITTER-FULL] [INFO] Extracted 0 symbols from c:\Users\RakaThinkpad\Documents\Project\educatedplanet\admin\src\components\ui\collapsible.tsx
[2025-11-05T08:00:36.748Z] [2025-11-05T08:00:36.747Z] [INDEXING-ORCHESTRATOR] [DEBUG] 🔍 Symbol extraction for c:\Users\RakaThinkpad\Documents\Project\educatedplanet\admin\src\components\ui\collapsible.tsx: 0 symbols, 1 imports
[2025-11-05T08:00:36.748Z] [2025-11-05T08:00:36.748Z] [INDEXING-ORCHESTRATOR] [DEBUG] 📍 Chunk 11-31: 0 candidate symbols
[2025-11-05T08:00:36.748Z] [2025-11-05T08:00:36.748Z] [INDEXING-ORCHESTRATOR] [DEBUG] ✅ Chunk symbols after filtering: 0 symbols - 
[2025-11-05T08:00:36.748Z] [2025-11-05T08:00:36.748Z] [INDEXING-ORCHESTRATOR] [DEBUG] 📍 Chunk 32-34: 0 candidate symbols
[2025-11-05T08:00:36.748Z] [2025-11-05T08:00:36.748Z] [INDEXING-ORCHESTRATOR] [DEBUG] ✅ Chunk symbols after filtering: 0 symbols - 
[2025-11-05T08:00:36.748Z] [2025-11-05T08:00:36.748Z] [INDEXING-ORCHESTRATOR] [DEBUG] Created 2 semantic chunks for c:\Users\RakaThinkpad\Documents\Project\educatedplanet\admin\src\components\ui\collapsible.tsx
[2025-11-05T08:00:36.748Z] [2025-11-05T08:00:36.748Z] [INDEXING-ORCHESTRATOR] [DEBUG] Average chunk size: 281 characters
[2025-11-05T08:00:36.766Z] [2025-11-05T08:00:36.766Z] [TREESITTER-CHUNKER] [INFO] Created 4 semantic chunks from c:\Users\RakaThinkpad\Documents\Project\educatedplanet\admin\src\components\ui\command.tsx
[2025-11-05T08:00:36.805Z] [2025-11-05T08:00:36.805Z] [TREESITTER-FULL] [INFO] Extracted 0 symbols from c:\Users\RakaThinkpad\Documents\Project\educatedplanet\admin\src\components\ui\command.tsx
[2025-11-05T08:00:36.805Z] [2025-11-05T08:00:36.805Z] [INDEXING-ORCHESTRATOR] [DEBUG] 🔍 Symbol extraction for c:\Users\RakaThinkpad\Documents\Project\educatedplanet\admin\src\components\ui\command.tsx: 0 symbols, 5 imports
[2025-11-05T08:00:36.806Z] [2025-11-05T08:00:36.805Z] [INDEXING-ORCHESTRATOR] [DEBUG] 📍 Chunk 23-27: 0 candidate symbols
[2025-11-05T08:00:36.806Z] [2025-11-05T08:00:36.805Z] [INDEXING-ORCHESTRATOR] [DEBUG] ✅ Chunk symbols after filtering: 0 symbols - 
[2025-11-05T08:00:36.806Z] [2025-11-05T08:00:36.805Z] [INDEXING-ORCHESTRATOR] [DEBUG] 📍 Chunk 92-96: 0 candidate symbols
[2025-11-05T08:00:36.806Z] [2025-11-05T08:00:36.805Z] [INDEXING-ORCHESTRATOR] [DEBUG] ✅ Chunk symbols after filtering: 0 symbols - 
[2025-11-05T08:00:36.806Z] [2025-11-05T08:00:36.805Z] [INDEXING-ORCHESTRATOR] [DEBUG] 📍 Chunk 165-169: 0 candidate symbols
[2025-11-05T08:00:36.806Z] [2025-11-05T08:00:36.805Z] [INDEXING-ORCHESTRATOR] [DEBUG] ✅ Chunk symbols after filtering: 0 symbols - 
[2025-11-05T08:00:36.806Z] [2025-11-05T08:00:36.805Z] [INDEXING-ORCHESTRATOR] [DEBUG] 📍 Chunk 170-185: 0 candidate symbols
[2025-11-05T08:00:36.806Z] [2025-11-05T08:00:36.805Z] [INDEXING-ORCHESTRATOR] [DEBUG] ✅ Chunk symbols after filtering: 0 symbols - 
[2025-11-05T08:00:36.806Z] [2025-11-05T08:00:36.805Z] [INDEXING-ORCHESTRATOR] [DEBUG] Created 4 semantic chunks for c:\Users\RakaThinkpad\Documents\Project\educatedplanet\admin\src\components\ui\command.tsx
[2025-11-05T08:00:36.806Z] [2025-11-05T08:00:36.805Z] [INDEXING-ORCHESTRATOR] [DEBUG] Average chunk size: 142 characters
[2025-11-05T08:00:36.829Z] [2025-11-05T08:00:36.828Z] [TREESITTER-CHUNKER] [INFO] Created 7 semantic chunks from c:\Users\RakaThinkpad\Documents\Project\educatedplanet\admin\src\components\ui\context-menu.tsx
[2025-11-05T08:00:36.880Z] [2025-11-05T08:00:36.879Z] [TREESITTER-FULL] [INFO] Extracted 5 symbols from c:\Users\RakaThinkpad\Documents\Project\educatedplanet\admin\src\components\ui\context-menu.tsx
[2025-11-05T08:00:36.881Z] [2025-11-05T08:00:36.880Z] [INDEXING-ORCHESTRATOR] [DEBUG] 🔍 Symbol extraction for c:\Users\RakaThinkpad\Documents\Project\educatedplanet\admin\src\components\ui\context-menu.tsx: 5 symbols, 4 imports
[2025-11-05T08:00:36.881Z] [2025-11-05T08:00:36.880Z] [INDEXING-ORCHESTRATOR] [DEBUG] 📍 Chunk 15-37: 3 candidate symbols
[2025-11-05T08:00:36.881Z] [2025-11-05T08:00:36.880Z] [INDEXING-ORCHESTRATOR] [DEBUG] ✅ Chunk symbols after filtering: 3 symbols - ContextMenuTrigger, ContextMenuGroup, ContextMenuPortal
[2025-11-05T08:00:36.881Z] [2025-11-05T08:00:36.880Z] [INDEXING-ORCHESTRATOR] [DEBUG] 📍 Chunk 45-54: 1 candidate symbols
[2025-11-05T08:00:36.881Z] [2025-11-05T08:00:36.880Z] [INDEXING-ORCHESTRATOR] [DEBUG] ✅ Chunk symbols after filtering: 1 symbols - ContextMenuRadioGroup
[2025-11-05T08:00:36.881Z] [2025-11-05T08:00:36.880Z] [INDEXING-ORCHESTRATOR] [DEBUG] 📍 Chunk 87-91: 0 candidate symbols
[2025-11-05T08:00:36.881Z] [2025-11-05T08:00:36.880Z] [INDEXING-ORCHESTRATOR] [DEBUG] ✅ Chunk symbols after filtering: 0 symbols - 
[2025-11-05T08:00:36.881Z] [2025-11-05T08:00:36.880Z] [INDEXING-ORCHESTRATOR] [DEBUG] 📍 Chunk 128-132: 0 candidate symbols
[2025-11-05T08:00:36.881Z] [2025-11-05T08:00:36.880Z] [INDEXING-ORCHESTRATOR] [DEBUG] ✅ Chunk symbols after filtering: 0 symbols - 
[2025-11-05T08:00:36.881Z] [2025-11-05T08:00:36.880Z] [INDEXING-ORCHESTRATOR] [DEBUG] 📍 Chunk 163-185: 1 candidate symbols
[2025-11-05T08:00:36.881Z] [2025-11-05T08:00:36.880Z] [INDEXING-ORCHESTRATOR] [DEBUG] ✅ Chunk symbols after filtering: 1 symbols - ContextMenuRadioItem
[2025-11-05T08:00:36.881Z] [2025-11-05T08:00:36.880Z] [INDEXING-ORCHESTRATOR] [DEBUG] 📍 Chunk 227-231: 0 candidate symbols
[2025-11-05T08:00:36.881Z] [2025-11-05T08:00:36.880Z] [INDEXING-ORCHESTRATOR] [DEBUG] ✅ Chunk symbols after filtering: 0 symbols - 
[2025-11-05T08:00:36.883Z] [2025-11-05T08:00:36.880Z] [INDEXING-ORCHESTRATOR] [DEBUG] 📍 Chunk 232-253: 0 candidate symbols
[2025-11-05T08:00:36.883Z] [2025-11-05T08:00:36.882Z] [INDEXING-ORCHESTRATOR] [DEBUG] ✅ Chunk symbols after filtering: 0 symbols - 
[2025-11-05T08:00:36.883Z] [2025-11-05T08:00:36.882Z] [INDEXING-ORCHESTRATOR] [DEBUG] Created 7 semantic chunks for c:\Users\RakaThinkpad\Documents\Project\educatedplanet\admin\src\components\ui\context-menu.tsx
[2025-11-05T08:00:36.883Z] [2025-11-05T08:00:36.882Z] [INDEXING-ORCHESTRATOR] [DEBUG] Average chunk size: 505 characters
[2025-11-05T08:00:36.883Z] [2025-11-05T08:00:36.882Z] [INDEXING-ORCHESTRATOR] [DEBUG] 📊 Processed: 80/220 files
[2025-11-05T08:00:36.905Z] [2025-11-05T08:00:36.904Z] [TREESITTER-CHUNKER] [INFO] Created 4 semantic chunks from c:\Users\RakaThinkpad\Documents\Project\educatedplanet\admin\src\components\ui\drawer.tsx
[2025-11-05T08:00:36.933Z] [2025-11-05T08:00:36.932Z] [TREESITTER-FULL] [INFO] Extracted 1 symbols from c:\Users\RakaThinkpad\Documents\Project\educatedplanet\admin\src\components\ui\drawer.tsx
[2025-11-05T08:00:36.933Z] [2025-11-05T08:00:36.932Z] [INDEXING-ORCHESTRATOR] [DEBUG] 🔍 Symbol extraction for c:\Users\RakaThinkpad\Documents\Project\educatedplanet\admin\src\components\ui\drawer.tsx: 1 symbols, 3 imports
[2025-11-05T08:00:36.933Z] [2025-11-05T08:00:36.932Z] [INDEXING-ORCHESTRATOR] [DEBUG] 📍 Chunk 79-83: 0 candidate symbols
[2025-11-05T08:00:36.933Z] [2025-11-05T08:00:36.932Z] [INDEXING-ORCHESTRATOR] [DEBUG] ✅ Chunk symbols after filtering: 0 symbols - 
[2025-11-05T08:00:36.933Z] [2025-11-05T08:00:36.932Z] [INDEXING-ORCHESTRATOR] [DEBUG] 📍 Chunk 92-93: 0 candidate symbols
[2025-11-05T08:00:36.933Z] [2025-11-05T08:00:36.932Z] [INDEXING-ORCHESTRATOR] [DEBUG] ✅ Chunk symbols after filtering: 0 symbols - 
[2025-11-05T08:00:36.933Z] [2025-11-05T08:00:36.932Z] [INDEXING-ORCHESTRATOR] [DEBUG] 📍 Chunk 111-122: 1 candidate symbols
[2025-11-05T08:00:36.933Z] [2025-11-05T08:00:36.932Z] [INDEXING-ORCHESTRATOR] [DEBUG] ✅ Chunk symbols after filtering: 1 symbols - DrawerDescription
[2025-11-05T08:00:36.933Z] [2025-11-05T08:00:36.932Z] [INDEXING-ORCHESTRATOR] [DEBUG] 📍 Chunk 123-136: 0 candidate symbols
[2025-11-05T08:00:36.933Z] [2025-11-05T08:00:36.932Z] [INDEXING-ORCHESTRATOR] [DEBUG] ✅ Chunk symbols after filtering: 0 symbols - 
[2025-11-05T08:00:36.933Z] [2025-11-05T08:00:36.932Z] [INDEXING-ORCHESTRATOR] [DEBUG] Created 4 semantic chunks for c:\Users\RakaThinkpad\Documents\Project\educatedplanet\admin\src\components\ui\drawer.tsx
[2025-11-05T08:00:36.933Z] [2025-11-05T08:00:36.932Z] [INDEXING-ORCHESTRATOR] [DEBUG] Average chunk size: 199 characters
[2025-11-05T08:00:36.948Z] [2025-11-05T08:00:36.947Z] [TREESITTER-CHUNKER] [INFO] Created 4 semantic chunks from c:\Users\RakaThinkpad\Documents\Project\educatedplanet\admin\src\components\ui\dialog.tsx
[2025-11-05T08:00:36.978Z] [2025-11-05T08:00:36.977Z] [TREESITTER-FULL] [INFO] Extracted 1 symbols from c:\Users\RakaThinkpad\Documents\Project\educatedplanet\admin\src\components\ui\dialog.tsx
[2025-11-05T08:00:36.978Z] [2025-11-05T08:00:36.977Z] [INDEXING-ORCHESTRATOR] [DEBUG] 🔍 Symbol extraction for c:\Users\RakaThinkpad\Documents\Project\educatedplanet\admin\src\components\ui\dialog.tsx: 1 symbols, 4 imports
[2025-11-05T08:00:36.978Z] [2025-11-05T08:00:36.977Z] [INDEXING-ORCHESTRATOR] [DEBUG] 📍 Chunk 87-88: 0 candidate symbols
[2025-11-05T08:00:36.978Z] [2025-11-05T08:00:36.977Z] [INDEXING-ORCHESTRATOR] [DEBUG] ✅ Chunk symbols after filtering: 0 symbols - 
[2025-11-05T08:00:36.978Z] [2025-11-05T08:00:36.977Z] [INDEXING-ORCHESTRATOR] [DEBUG] 📍 Chunk 97-101: 0 candidate symbols
[2025-11-05T08:00:36.978Z] [2025-11-05T08:00:36.977Z] [INDEXING-ORCHESTRATOR] [DEBUG] ✅ Chunk symbols after filtering: 0 symbols - 
[2025-11-05T08:00:36.978Z] [2025-11-05T08:00:36.977Z] [INDEXING-ORCHESTRATOR] [DEBUG] 📍 Chunk 119-130: 1 candidate symbols
[2025-11-05T08:00:36.978Z] [2025-11-05T08:00:36.977Z] [INDEXING-ORCHESTRATOR] [DEBUG] ✅ Chunk symbols after filtering: 1 symbols - DialogDescription
[2025-11-05T08:00:36.978Z] [2025-11-05T08:00:36.977Z] [INDEXING-ORCHESTRATOR] [DEBUG] 📍 Chunk 131-144: 0 candidate symbols
[2025-11-05T08:00:36.978Z] [2025-11-05T08:00:36.977Z] [INDEXING-ORCHESTRATOR] [DEBUG] ✅ Chunk symbols after filtering: 0 symbols - 
[2025-11-05T08:00:36.978Z] [2025-11-05T08:00:36.977Z] [INDEXING-ORCHESTRATOR] [DEBUG] Created 4 semantic chunks for c:\Users\RakaThinkpad\Documents\Project\educatedplanet\admin\src\components\ui\dialog.tsx
[2025-11-05T08:00:36.978Z] [2025-11-05T08:00:36.977Z] [INDEXING-ORCHESTRATOR] [DEBUG] Average chunk size: 170 characters
[2025-11-05T08:00:36.995Z] [2025-11-05T08:00:36.994Z] [TREESITTER-CHUNKER] [INFO] Created 4 semantic chunks from c:\Users\RakaThinkpad\Documents\Project\educatedplanet\admin\src\components\ui\dropdown-menu.tsx
[2025-11-05T08:00:37.041Z] [2025-11-05T08:00:37.040Z] [TREESITTER-FULL] [INFO] Extracted 2 symbols from c:\Users\RakaThinkpad\Documents\Project\educatedplanet\admin\src\components\ui\dropdown-menu.tsx
[2025-11-05T08:00:37.041Z] [2025-11-05T08:00:37.040Z] [INDEXING-ORCHESTRATOR] [DEBUG] 🔍 Symbol extraction for c:\Users\RakaThinkpad\Documents\Project\educatedplanet\admin\src\components\ui\dropdown-menu.tsx: 2 symbols, 4 imports
[2025-11-05T08:00:37.041Z] [2025-11-05T08:00:37.040Z] [INDEXING-ORCHESTRATOR] [DEBUG] 📍 Chunk 15-32: 2 candidate symbols
[2025-11-05T08:00:37.041Z] [2025-11-05T08:00:37.040Z] [INDEXING-ORCHESTRATOR] [DEBUG] ✅ Chunk symbols after filtering: 2 symbols - DropdownMenuPortal, DropdownMenuTrigger
[2025-11-05T08:00:37.041Z] [2025-11-05T08:00:37.040Z] [INDEXING-ORCHESTRATOR] [DEBUG] 📍 Chunk 186-190: 0 candidate symbols
[2025-11-05T08:00:37.041Z] [2025-11-05T08:00:37.040Z] [INDEXING-ORCHESTRATOR] [DEBUG] ✅ Chunk symbols after filtering: 0 symbols - 
[2025-11-05T08:00:37.041Z] [2025-11-05T08:00:37.040Z] [INDEXING-ORCHESTRATOR] [DEBUG] 📍 Chunk 232-236: 0 candidate symbols
[2025-11-05T08:00:37.041Z] [2025-11-05T08:00:37.040Z] [INDEXING-ORCHESTRATOR] [DEBUG] ✅ Chunk symbols after filtering: 0 symbols - 
[2025-11-05T08:00:37.041Z] [2025-11-05T08:00:37.040Z] [INDEXING-ORCHESTRATOR] [DEBUG] 📍 Chunk 237-258: 0 candidate symbols
[2025-11-05T08:00:37.041Z] [2025-11-05T08:00:37.040Z] [INDEXING-ORCHESTRATOR] [DEBUG] ✅ Chunk symbols after filtering: 0 symbols - 
[2025-11-05T08:00:37.041Z] [2025-11-05T08:00:37.040Z] [INDEXING-ORCHESTRATOR] [DEBUG] Created 4 semantic chunks for c:\Users\RakaThinkpad\Documents\Project\educatedplanet\admin\src\components\ui\dropdown-menu.tsx
[2025-11-05T08:00:37.041Z] [2025-11-05T08:00:37.040Z] [INDEXING-ORCHESTRATOR] [DEBUG] Average chunk size: 375 characters
[2025-11-05T08:00:37.049Z] [2025-11-05T08:00:37.048Z] [TREESITTER-CHUNKER] [INFO] Created 6 semantic chunks from c:\Users\RakaThinkpad\Documents\Project\educatedplanet\admin\src\components\ui\empty.tsx
[2025-11-05T08:00:37.068Z] [2025-11-05T08:00:37.067Z] [TREESITTER-FULL] [INFO] Extracted 0 symbols from c:\Users\RakaThinkpad\Documents\Project\educatedplanet\admin\src\components\ui\empty.tsx
[2025-11-05T08:00:37.068Z] [2025-11-05T08:00:37.067Z] [INDEXING-ORCHESTRATOR] [DEBUG] 🔍 Symbol extraction for c:\Users\RakaThinkpad\Documents\Project\educatedplanet\admin\src\components\ui\empty.tsx: 0 symbols, 2 imports
[2025-11-05T08:00:37.068Z] [2025-11-05T08:00:37.067Z] [INDEXING-ORCHESTRATOR] [DEBUG] 📍 Chunk 9-13: 0 candidate symbols
[2025-11-05T08:00:37.068Z] [2025-11-05T08:00:37.067Z] [INDEXING-ORCHESTRATOR] [DEBUG] ✅ Chunk symbols after filtering: 0 symbols - 
[2025-11-05T08:00:37.068Z] [2025-11-05T08:00:37.067Z] [INDEXING-ORCHESTRATOR] [DEBUG] 📍 Chunk 22-26: 0 candidate symbols
[2025-11-05T08:00:37.068Z] [2025-11-05T08:00:37.068Z] [INDEXING-ORCHESTRATOR] [DEBUG] ✅ Chunk symbols after filtering: 0 symbols - 
[2025-11-05T08:00:37.068Z] [2025-11-05T08:00:37.068Z] [INDEXING-ORCHESTRATOR] [DEBUG] 📍 Chunk 65-66: 0 candidate symbols
[2025-11-05T08:00:37.068Z] [2025-11-05T08:00:37.068Z] [INDEXING-ORCHESTRATOR] [DEBUG] ✅ Chunk symbols after filtering: 0 symbols - 
[2025-11-05T08:00:37.068Z] [2025-11-05T08:00:37.068Z] [INDEXING-ORCHESTRATOR] [DEBUG] 📍 Chunk 75-79: 0 candidate symbols
[2025-11-05T08:00:37.068Z] [2025-11-05T08:00:37.068Z] [INDEXING-ORCHESTRATOR] [DEBUG] ✅ Chunk symbols after filtering: 0 symbols - 
[2025-11-05T08:00:37.068Z] [2025-11-05T08:00:37.068Z] [INDEXING-ORCHESTRATOR] [DEBUG] 📍 Chunk 88-92: 0 candidate symbols
[2025-11-05T08:00:37.068Z] [2025-11-05T08:00:37.068Z] [INDEXING-ORCHESTRATOR] [DEBUG] ✅ Chunk symbols after filtering: 0 symbols - 
[2025-11-05T08:00:37.068Z] [2025-11-05T08:00:37.068Z] [INDEXING-ORCHESTRATOR] [DEBUG] 📍 Chunk 93-105: 0 candidate symbols
[2025-11-05T08:00:37.068Z] [2025-11-05T08:00:37.068Z] [INDEXING-ORCHESTRATOR] [DEBUG] ✅ Chunk symbols after filtering: 0 symbols - 
[2025-11-05T08:00:37.068Z] [2025-11-05T08:00:37.068Z] [INDEXING-ORCHESTRATOR] [DEBUG] Created 6 semantic chunks for c:\Users\RakaThinkpad\Documents\Project\educatedplanet\admin\src\components\ui\empty.tsx
[2025-11-05T08:00:37.068Z] [2025-11-05T08:00:37.068Z] [INDEXING-ORCHESTRATOR] [DEBUG] Average chunk size: 133 characters
[2025-11-05T08:00:37.082Z] [2025-11-05T08:00:37.081Z] [TREESITTER-CHUNKER] [INFO] Created 6 semantic chunks from c:\Users\RakaThinkpad\Documents\Project\educatedplanet\admin\src\components\ui\form.tsx
[2025-11-05T08:00:37.126Z] [2025-11-05T08:00:37.125Z] [TREESITTER-FULL] [INFO] Extracted 6 symbols from c:\Users\RakaThinkpad\Documents\Project\educatedplanet\admin\src\components\ui\form.tsx
[2025-11-05T08:00:37.126Z] [2025-11-05T08:00:37.126Z] [INDEXING-ORCHESTRATOR] [DEBUG] 🔍 Symbol extraction for c:\Users\RakaThinkpad\Documents\Project\educatedplanet\admin\src\components\ui\form.tsx: 6 symbols, 5 imports
[2025-11-05T08:00:37.127Z] [2025-11-05T08:00:37.126Z] [INDEXING-ORCHESTRATOR] [DEBUG] 📍 Chunk 21-26: 1 candidate symbols
[2025-11-05T08:00:37.127Z] [2025-11-05T08:00:37.126Z] [INDEXING-ORCHESTRATOR] [DEBUG] ✅ Chunk symbols after filtering: 1 symbols - FormFieldContextValue
[2025-11-05T08:00:37.127Z] [2025-11-05T08:00:37.126Z] [INDEXING-ORCHESTRATOR] [DEBUG] 📍 Chunk 68-70: 1 candidate symbols
[2025-11-05T08:00:37.127Z] [2025-11-05T08:00:37.126Z] [INDEXING-ORCHESTRATOR] [DEBUG] ✅ Chunk symbols after filtering: 1 symbols - FormItemContextValue
[2025-11-05T08:00:37.127Z] [2025-11-05T08:00:37.126Z] [INDEXING-ORCHESTRATOR] [DEBUG] 📍 Chunk 83-84: 0 candidate symbols
[2025-11-05T08:00:37.127Z] [2025-11-05T08:00:37.126Z] [INDEXING-ORCHESTRATOR] [DEBUG] ✅ Chunk symbols after filtering: 0 symbols - 
[2025-11-05T08:00:37.127Z] [2025-11-05T08:00:37.126Z] [INDEXING-ORCHESTRATOR] [DEBUG] 📍 Chunk 100-133: 0 candidate symbols
[2025-11-05T08:00:37.127Z] [2025-11-05T08:00:37.126Z] [INDEXING-ORCHESTRATOR] [DEBUG] ✅ Chunk symbols after filtering: 0 symbols - 
[2025-11-05T08:00:37.127Z] [2025-11-05T08:00:37.126Z] [INDEXING-ORCHESTRATOR] [DEBUG] 📍 Chunk 150-151: 0 candidate symbols
[2025-11-05T08:00:37.127Z] [2025-11-05T08:00:37.126Z] [INDEXING-ORCHESTRATOR] [DEBUG] ✅ Chunk symbols after filtering: 0 symbols - 
[2025-11-05T08:00:37.127Z] [2025-11-05T08:00:37.126Z] [INDEXING-ORCHESTRATOR] [DEBUG] 📍 Chunk 152-168: 0 candidate symbols
[2025-11-05T08:00:37.127Z] [2025-11-05T08:00:37.126Z] [INDEXING-ORCHESTRATOR] [DEBUG] ✅ Chunk symbols after filtering: 0 symbols - 
[2025-11-05T08:00:37.127Z] [2025-11-05T08:00:37.126Z] [INDEXING-ORCHESTRATOR] [DEBUG] Created 6 semantic chunks for c:\Users\RakaThinkpad\Documents\Project\educatedplanet\admin\src\components\ui\form.tsx
[2025-11-05T08:00:37.127Z] [2025-11-05T08:00:37.126Z] [INDEXING-ORCHESTRATOR] [DEBUG] Average chunk size: 230 characters
[2025-11-05T08:00:37.151Z] [2025-11-05T08:00:37.151Z] [TREESITTER-CHUNKER] [INFO] Created 9 semantic chunks from c:\Users\RakaThinkpad\Documents\Project\educatedplanet\admin\src\components\ui\field.tsx
[2025-11-05T08:00:37.205Z] [2025-11-05T08:00:37.205Z] [TREESITTER-FULL] [INFO] Extracted 1 symbols from c:\Users\RakaThinkpad\Documents\Project\educatedplanet\admin\src\components\ui\field.tsx
[2025-11-05T08:00:37.205Z] [2025-11-05T08:00:37.205Z] [INDEXING-ORCHESTRATOR] [DEBUG] 🔍 Symbol extraction for c:\Users\RakaThinkpad\Documents\Project\educatedplanet\admin\src\components\ui\field.tsx: 1 symbols, 5 imports
[2025-11-05T08:00:37.205Z] [2025-11-05T08:00:37.205Z] [INDEXING-ORCHESTRATOR] [DEBUG] 📍 Chunk 14-19: 0 candidate symbols
[2025-11-05T08:00:37.206Z] [2025-11-05T08:00:37.205Z] [INDEXING-ORCHESTRATOR] [DEBUG] ✅ Chunk symbols after filtering: 0 symbols - 
[2025-11-05T08:00:37.206Z] [2025-11-05T08:00:37.205Z] [INDEXING-ORCHESTRATOR] [DEBUG] 📍 Chunk 33-39: 0 candidate symbols
[2025-11-05T08:00:37.206Z] [2025-11-05T08:00:37.205Z] [INDEXING-ORCHESTRATOR] [DEBUG] ✅ Chunk symbols after filtering: 0 symbols - 
[2025-11-05T08:00:37.206Z] [2025-11-05T08:00:37.205Z] [INDEXING-ORCHESTRATOR] [DEBUG] 📍 Chunk 48-52: 0 candidate symbols
[2025-11-05T08:00:37.206Z] [2025-11-05T08:00:37.205Z] [INDEXING-ORCHESTRATOR] [DEBUG] ✅ Chunk symbols after filtering: 0 symbols - 
[2025-11-05T08:00:37.206Z] [2025-11-05T08:00:37.205Z] [INDEXING-ORCHESTRATOR] [DEBUG] 📍 Chunk 101-105: 0 candidate symbols
[2025-11-05T08:00:37.206Z] [2025-11-05T08:00:37.205Z] [INDEXING-ORCHESTRATOR] [DEBUG] ✅ Chunk symbols after filtering: 0 symbols - 
[2025-11-05T08:00:37.206Z] [2025-11-05T08:00:37.205Z] [INDEXING-ORCHESTRATOR] [DEBUG] 📍 Chunk 117-123: 0 candidate symbols
[2025-11-05T08:00:37.206Z] [2025-11-05T08:00:37.205Z] [INDEXING-ORCHESTRATOR] [DEBUG] ✅ Chunk symbols after filtering: 0 symbols - 
[2025-11-05T08:00:37.206Z] [2025-11-05T08:00:37.205Z] [INDEXING-ORCHESTRATOR] [DEBUG] 📍 Chunk 132-136: 0 candidate symbols
[2025-11-05T08:00:37.206Z] [2025-11-05T08:00:37.205Z] [INDEXING-ORCHESTRATOR] [DEBUG] ✅ Chunk symbols after filtering: 0 symbols - 
[2025-11-05T08:00:37.206Z] [2025-11-05T08:00:37.205Z] [INDEXING-ORCHESTRATOR] [DEBUG] 📍 Chunk 145-151: 0 candidate symbols
[2025-11-05T08:00:37.206Z] [2025-11-05T08:00:37.205Z] [INDEXING-ORCHESTRATOR] [DEBUG] ✅ Chunk symbols after filtering: 0 symbols - 
[2025-11-05T08:00:37.206Z] [2025-11-05T08:00:37.205Z] [INDEXING-ORCHESTRATOR] [DEBUG] 📍 Chunk 167-171: 0 candidate symbols
[2025-11-05T08:00:37.206Z] [2025-11-05T08:00:37.205Z] [INDEXING-ORCHESTRATOR] [DEBUG] ✅ Chunk symbols after filtering: 0 symbols - 
[2025-11-05T08:00:37.206Z] [2025-11-05T08:00:37.205Z] [INDEXING-ORCHESTRATOR] [DEBUG] 📍 Chunk 172-249: 1 candidate symbols
[2025-11-05T08:00:37.206Z] [2025-11-05T08:00:37.205Z] [INDEXING-ORCHESTRATOR] [DEBUG] ✅ Chunk symbols after filtering: 1 symbols - uniqueErrors
[2025-11-05T08:00:37.206Z] [2025-11-05T08:00:37.205Z] [INDEXING-ORCHESTRATOR] [DEBUG] Created 9 semantic chunks for c:\Users\RakaThinkpad\Documents\Project\educatedplanet\admin\src\components\ui\field.tsx
[2025-11-05T08:00:37.206Z] [2025-11-05T08:00:37.205Z] [INDEXING-ORCHESTRATOR] [DEBUG] Average chunk size: 364 characters
[2025-11-05T08:00:37.210Z] [2025-11-05T08:00:37.209Z] [TREESITTER-CHUNKER] [INFO] Created 2 semantic chunks from c:\Users\RakaThinkpad\Documents\Project\educatedplanet\admin\src\components\ui\hover-card.tsx
[2025-11-05T08:00:37.217Z] [2025-11-05T08:00:37.217Z] [TREESITTER-FULL] [INFO] Extracted 1 symbols from c:\Users\RakaThinkpad\Documents\Project\educatedplanet\admin\src\components\ui\hover-card.tsx
[2025-11-05T08:00:37.217Z] [2025-11-05T08:00:37.217Z] [INDEXING-ORCHESTRATOR] [DEBUG] 🔍 Symbol extraction for c:\Users\RakaThinkpad\Documents\Project\educatedplanet\admin\src\components\ui\hover-card.tsx: 1 symbols, 3 imports
[2025-11-05T08:00:37.217Z] [2025-11-05T08:00:37.217Z] [INDEXING-ORCHESTRATOR] [DEBUG] 📍 Chunk 14-20: 1 candidate symbols
[2025-11-05T08:00:37.218Z] [2025-11-05T08:00:37.217Z] [INDEXING-ORCHESTRATOR] [DEBUG] ✅ Chunk symbols after filtering: 1 symbols - HoverCardTrigger
[2025-11-05T08:00:37.218Z] [2025-11-05T08:00:37.217Z] [INDEXING-ORCHESTRATOR] [DEBUG] 📍 Chunk 21-45: 0 candidate symbols
[2025-11-05T08:00:37.218Z] [2025-11-05T08:00:37.217Z] [INDEXING-ORCHESTRATOR] [DEBUG] ✅ Chunk symbols after filtering: 0 symbols - 
[2025-11-05T08:00:37.218Z] [2025-11-05T08:00:37.217Z] [INDEXING-ORCHESTRATOR] [DEBUG] Created 2 semantic chunks for c:\Users\RakaThinkpad\Documents\Project\educatedplanet\admin\src\components\ui\hover-card.tsx
[2025-11-05T08:00:37.218Z] [2025-11-05T08:00:37.217Z] [INDEXING-ORCHESTRATOR] [DEBUG] Average chunk size: 624 characters
[2025-11-05T08:00:37.246Z] [2025-11-05T08:00:37.245Z] [TREESITTER-CHUNKER] [INFO] Created 4 semantic chunks from c:\Users\RakaThinkpad\Documents\Project\educatedplanet\admin\src\components\ui\input-otp.tsx
[2025-11-05T08:00:37.261Z] [2025-11-05T08:00:37.260Z] [TREESITTER-FULL] [INFO] Extracted 2 symbols from c:\Users\RakaThinkpad\Documents\Project\educatedplanet\admin\src\components\ui\input-otp.tsx
[2025-11-05T08:00:37.261Z] [2025-11-05T08:00:37.260Z] [INDEXING-ORCHESTRATOR] [DEBUG] 🔍 Symbol extraction for c:\Users\RakaThinkpad\Documents\Project\educatedplanet\admin\src\components\ui\input-otp.tsx: 2 symbols, 4 imports
[2025-11-05T08:00:37.261Z] [2025-11-05T08:00:37.260Z] [INDEXING-ORCHESTRATOR] [DEBUG] 📍 Chunk 9-23: 0 candidate symbols
[2025-11-05T08:00:37.261Z] [2025-11-05T08:00:37.260Z] [INDEXING-ORCHESTRATOR] [DEBUG] ✅ Chunk symbols after filtering: 0 symbols - 
[2025-11-05T08:00:37.261Z] [2025-11-05T08:00:37.260Z] [INDEXING-ORCHESTRATOR] [DEBUG] 📍 Chunk 33-34: 0 candidate symbols
[2025-11-05T08:00:37.261Z] [2025-11-05T08:00:37.260Z] [INDEXING-ORCHESTRATOR] [DEBUG] ✅ Chunk symbols after filtering: 0 symbols - 
[2025-11-05T08:00:37.261Z] [2025-11-05T08:00:37.260Z] [INDEXING-ORCHESTRATOR] [DEBUG] 📍 Chunk 53-57: 0 candidate symbols
[2025-11-05T08:00:37.261Z] [2025-11-05T08:00:37.260Z] [INDEXING-ORCHESTRATOR] [DEBUG] ✅ Chunk symbols after filtering: 0 symbols - 
[2025-11-05T08:00:37.261Z] [2025-11-05T08:00:37.260Z] [INDEXING-ORCHESTRATOR] [DEBUG] 📍 Chunk 58-78: 0 candidate symbols
[2025-11-05T08:00:37.261Z] [2025-11-05T08:00:37.260Z] [INDEXING-ORCHESTRATOR] [DEBUG] ✅ Chunk symbols after filtering: 0 symbols - 
[2025-11-05T08:00:37.261Z] [2025-11-05T08:00:37.260Z] [INDEXING-ORCHESTRATOR] [DEBUG] Created 4 semantic chunks for c:\Users\RakaThinkpad\Documents\Project\educatedplanet\admin\src\components\ui\input-otp.tsx
[2025-11-05T08:00:37.261Z] [2025-11-05T08:00:37.260Z] [INDEXING-ORCHESTRATOR] [DEBUG] Average chunk size: 391 characters
[2025-11-05T08:00:37.278Z] [2025-11-05T08:00:37.277Z] [TREESITTER-CHUNKER] [INFO] Created 5 semantic chunks from c:\Users\RakaThinkpad\Documents\Project\educatedplanet\admin\src\components\ui\input-group.tsx
[2025-11-05T08:00:37.311Z] [2025-11-05T08:00:37.311Z] [TREESITTER-FULL] [INFO] Extracted 0 symbols from c:\Users\RakaThinkpad\Documents\Project\educatedplanet\admin\src\components\ui\input-group.tsx
[2025-11-05T08:00:37.311Z] [2025-11-05T08:00:37.311Z] [INDEXING-ORCHESTRATOR] [DEBUG] 🔍 Symbol extraction for c:\Users\RakaThinkpad\Documents\Project\educatedplanet\admin\src\components\ui\input-group.tsx: 0 symbols, 6 imports
[2025-11-05T08:00:37.311Z] [2025-11-05T08:00:37.311Z] [INDEXING-ORCHESTRATOR] [DEBUG] 📍 Chunk 16-34: 0 candidate symbols
[2025-11-05T08:00:37.311Z] [2025-11-05T08:00:37.311Z] [INDEXING-ORCHESTRATOR] [DEBUG] ✅ Chunk symbols after filtering: 0 symbols - 
[2025-11-05T08:00:37.312Z] [2025-11-05T08:00:37.311Z] [INDEXING-ORCHESTRATOR] [DEBUG] 📍 Chunk 122-126: 0 candidate symbols
[2025-11-05T08:00:37.312Z] [2025-11-05T08:00:37.311Z] [INDEXING-ORCHESTRATOR] [DEBUG] ✅ Chunk symbols after filtering: 0 symbols - 
[2025-11-05T08:00:37.312Z] [2025-11-05T08:00:37.311Z] [INDEXING-ORCHESTRATOR] [DEBUG] 📍 Chunk 138-142: 0 candidate symbols
[2025-11-05T08:00:37.312Z] [2025-11-05T08:00:37.311Z] [INDEXING-ORCHESTRATOR] [DEBUG] ✅ Chunk symbols after filtering: 0 symbols - 
[2025-11-05T08:00:37.312Z] [2025-11-05T08:00:37.311Z] [INDEXING-ORCHESTRATOR] [DEBUG] 📍 Chunk 154-158: 0 candidate symbols
[2025-11-05T08:00:37.312Z] [2025-11-05T08:00:37.311Z] [INDEXING-ORCHESTRATOR] [DEBUG] ✅ Chunk symbols after filtering: 0 symbols - 
[2025-11-05T08:00:37.312Z] [2025-11-05T08:00:37.311Z] [INDEXING-ORCHESTRATOR] [DEBUG] 📍 Chunk 159-171: 0 candidate symbols
[2025-11-05T08:00:37.312Z] [2025-11-05T08:00:37.311Z] [INDEXING-ORCHESTRATOR] [DEBUG] ✅ Chunk symbols after filtering: 0 symbols - 
[2025-11-05T08:00:37.312Z] [2025-11-05T08:00:37.311Z] [INDEXING-ORCHESTRATOR] [DEBUG] Created 5 semantic chunks for c:\Users\RakaThinkpad\Documents\Project\educatedplanet\admin\src\components\ui\input-group.tsx
[2025-11-05T08:00:37.312Z] [2025-11-05T08:00:37.311Z] [INDEXING-ORCHESTRATOR] [DEBUG] Average chunk size: 360 characters
[2025-11-05T08:00:37.314Z] [2025-11-05T08:00:37.313Z] [TREESITTER-CHUNKER] [INFO] Created 1 semantic chunks from c:\Users\RakaThinkpad\Documents\Project\educatedplanet\admin\src\components\ui\input.tsx
[2025-11-05T08:00:37.316Z] [2025-11-05T08:00:37.316Z] [TREESITTER-FULL] [INFO] Extracted 0 symbols from c:\Users\RakaThinkpad\Documents\Project\educatedplanet\admin\src\components\ui\input.tsx
[2025-11-05T08:00:37.316Z] [2025-11-05T08:00:37.316Z] [INDEXING-ORCHESTRATOR] [DEBUG] 🔍 Symbol extraction for c:\Users\RakaThinkpad\Documents\Project\educatedplanet\admin\src\components\ui\input.tsx: 0 symbols, 2 imports
[2025-11-05T08:00:37.316Z] [2025-11-05T08:00:37.316Z] [INDEXING-ORCHESTRATOR] [DEBUG] 📍 Chunk 1-22: 0 candidate symbols
[2025-11-05T08:00:37.316Z] [2025-11-05T08:00:37.316Z] [INDEXING-ORCHESTRATOR] [DEBUG] ✅ Chunk symbols after filtering: 0 symbols - 
[2025-11-05T08:00:37.317Z] [2025-11-05T08:00:37.316Z] [INDEXING-ORCHESTRATOR] [DEBUG] Created 1 semantic chunks for c:\Users\RakaThinkpad\Documents\Project\educatedplanet\admin\src\components\ui\input.tsx
[2025-11-05T08:00:37.317Z] [2025-11-05T08:00:37.316Z] [INDEXING-ORCHESTRATOR] [DEBUG] Average chunk size: 981 characters
[2025-11-05T08:00:37.317Z] [2025-11-05T08:00:37.316Z] [INDEXING-ORCHESTRATOR] [DEBUG] 📊 Processed: 90/220 files
[2025-11-05T08:00:37.326Z] [2025-11-05T08:00:37.325Z] [TREESITTER-CHUNKER] [INFO] Created 1 semantic chunks from c:\Users\RakaThinkpad\Documents\Project\educatedplanet\admin\src\components\ui\label.tsx
[2025-11-05T08:00:37.328Z] [2025-11-05T08:00:37.327Z] [TREESITTER-FULL] [INFO] Extracted 1 symbols from c:\Users\RakaThinkpad\Documents\Project\educatedplanet\admin\src\components\ui\label.tsx
[2025-11-05T08:00:37.328Z] [2025-11-05T08:00:37.327Z] [INDEXING-ORCHESTRATOR] [DEBUG] 🔍 Symbol extraction for c:\Users\RakaThinkpad\Documents\Project\educatedplanet\admin\src\components\ui\label.tsx: 1 symbols, 3 imports
[2025-11-05T08:00:37.328Z] [2025-11-05T08:00:37.327Z] [INDEXING-ORCHESTRATOR] [DEBUG] 📍 Chunk 8-24: 1 candidate symbols
[2025-11-05T08:00:37.328Z] [2025-11-05T08:00:37.327Z] [INDEXING-ORCHESTRATOR] [DEBUG] ✅ Chunk symbols after filtering: 1 symbols - Label
[2025-11-05T08:00:37.328Z] [2025-11-05T08:00:37.327Z] [INDEXING-ORCHESTRATOR] [DEBUG] Created 1 semantic chunks for c:\Users\RakaThinkpad\Documents\Project\educatedplanet\admin\src\components\ui\label.tsx
[2025-11-05T08:00:37.328Z] [2025-11-05T08:00:37.328Z] [INDEXING-ORCHESTRATOR] [DEBUG] Average chunk size: 490 characters
[2025-11-05T08:00:37.331Z] [2025-11-05T08:00:37.331Z] [TREESITTER-CHUNKER] [INFO] Created 3 semantic chunks from c:\Users\RakaThinkpad\Documents\Project\educatedplanet\admin\src\components\ui\kbd.tsx
[2025-11-05T08:00:37.337Z] [2025-11-05T08:00:37.336Z] [TREESITTER-FULL] [INFO] Extracted 0 symbols from c:\Users\RakaThinkpad\Documents\Project\educatedplanet\admin\src\components\ui\kbd.tsx
[2025-11-05T08:00:37.337Z] [2025-11-05T08:00:37.336Z] [INDEXING-ORCHESTRATOR] [DEBUG] 🔍 Symbol extraction for c:\Users\RakaThinkpad\Documents\Project\educatedplanet\admin\src\components\ui\kbd.tsx: 0 symbols, 1 imports
[2025-11-05T08:00:37.337Z] [2025-11-05T08:00:37.336Z] [INDEXING-ORCHESTRATOR] [DEBUG] 📍 Chunk 7-13: 0 candidate symbols
[2025-11-05T08:00:37.337Z] [2025-11-05T08:00:37.336Z] [INDEXING-ORCHESTRATOR] [DEBUG] ✅ Chunk symbols after filtering: 0 symbols - 
[2025-11-05T08:00:37.337Z] [2025-11-05T08:00:37.336Z] [INDEXING-ORCHESTRATOR] [DEBUG] 📍 Chunk 22-23: 0 candidate symbols
[2025-11-05T08:00:37.337Z] [2025-11-05T08:00:37.336Z] [INDEXING-ORCHESTRATOR] [DEBUG] ✅ Chunk symbols after filtering: 0 symbols - 
[2025-11-05T08:00:37.337Z] [2025-11-05T08:00:37.336Z] [INDEXING-ORCHESTRATOR] [DEBUG] 📍 Chunk 24-29: 0 candidate symbols
[2025-11-05T08:00:37.337Z] [2025-11-05T08:00:37.336Z] [INDEXING-ORCHESTRATOR] [DEBUG] ✅ Chunk symbols after filtering: 0 symbols - 
[2025-11-05T08:00:37.337Z] [2025-11-05T08:00:37.336Z] [INDEXING-ORCHESTRATOR] [DEBUG] Created 3 semantic chunks for c:\Users\RakaThinkpad\Documents\Project\educatedplanet\admin\src\components\ui\kbd.tsx
[2025-11-05T08:00:37.337Z] [2025-11-05T08:00:37.336Z] [INDEXING-ORCHESTRATOR] [DEBUG] Average chunk size: 184 characters
[2025-11-05T08:00:37.354Z] [2025-11-05T08:00:37.353Z] [TREESITTER-CHUNKER] [INFO] Created 9 semantic chunks from c:\Users\RakaThinkpad\Documents\Project\educatedplanet\admin\src\components\ui\item.tsx
[2025-11-05T08:00:37.404Z] [2025-11-05T08:00:37.403Z] [TREESITTER-FULL] [INFO] Extracted 1 symbols from c:\Users\RakaThinkpad\Documents\Project\educatedplanet\admin\src\components\ui\item.tsx
[2025-11-05T08:00:37.407Z] [2025-11-05T08:00:37.406Z] [INDEXING-ORCHESTRATOR] [DEBUG] 🔍 Symbol extraction for c:\Users\RakaThinkpad\Documents\Project\educatedplanet\admin\src\components\ui\item.tsx: 1 symbols, 5 imports
[2025-11-05T08:00:37.408Z] [2025-11-05T08:00:37.407Z] [INDEXING-ORCHESTRATOR] [DEBUG] 📍 Chunk 8-17: 1 candidate symbols
[2025-11-05T08:00:37.408Z] [2025-11-05T08:00:37.407Z] [INDEXING-ORCHESTRATOR] [DEBUG] ✅ Chunk symbols after filtering: 1 symbols - ItemGroup
[2025-11-05T08:00:37.408Z] [2025-11-05T08:00:37.407Z] [INDEXING-ORCHESTRATOR] [DEBUG] 📍 Chunk 27-28: 0 candidate symbols
[2025-11-05T08:00:37.408Z] [2025-11-05T08:00:37.407Z] [INDEXING-ORCHESTRATOR] [DEBUG] ✅ Chunk symbols after filtering: 0 symbols - 
[2025-11-05T08:00:37.408Z] [2025-11-05T08:00:37.408Z] [INDEXING-ORCHESTRATOR] [DEBUG] 📍 Chunk 110-114: 0 candidate symbols
[2025-11-05T08:00:37.408Z] [2025-11-05T08:00:37.408Z] [INDEXING-ORCHESTRATOR] [DEBUG] ✅ Chunk symbols after filtering: 0 symbols - 
[2025-11-05T08:00:37.408Z] [2025-11-05T08:00:37.408Z] [INDEXING-ORCHESTRATOR] [DEBUG] 📍 Chunk 123-127: 0 candidate symbols
[2025-11-05T08:00:37.408Z] [2025-11-05T08:00:37.408Z] [INDEXING-ORCHESTRATOR] [DEBUG] ✅ Chunk symbols after filtering: 0 symbols - 
[2025-11-05T08:00:37.408Z] [2025-11-05T08:00:37.408Z] [INDEXING-ORCHESTRATOR] [DEBUG] 📍 Chunk 136-141: 0 candidate symbols
[2025-11-05T08:00:37.408Z] [2025-11-05T08:00:37.408Z] [INDEXING-ORCHESTRATOR] [DEBUG] ✅ Chunk symbols after filtering: 0 symbols - 
[2025-11-05T08:00:37.408Z] [2025-11-05T08:00:37.408Z] [INDEXING-ORCHESTRATOR] [DEBUG] 📍 Chunk 150-151: 0 candidate symbols
[2025-11-05T08:00:37.409Z] [2025-11-05T08:00:37.408Z] [INDEXING-ORCHESTRATOR] [DEBUG] ✅ Chunk symbols after filtering: 0 symbols - 
[2025-11-05T08:00:37.409Z] [2025-11-05T08:00:37.408Z] [INDEXING-ORCHESTRATOR] [DEBUG] 📍 Chunk 160-164: 0 candidate symbols
[2025-11-05T08:00:37.409Z] [2025-11-05T08:00:37.408Z] [INDEXING-ORCHESTRATOR] [DEBUG] ✅ Chunk symbols after filtering: 0 symbols - 
[2025-11-05T08:00:37.409Z] [2025-11-05T08:00:37.408Z] [INDEXING-ORCHESTRATOR] [DEBUG] 📍 Chunk 173-177: 0 candidate symbols
[2025-11-05T08:00:37.409Z] [2025-11-05T08:00:37.408Z] [INDEXING-ORCHESTRATOR] [DEBUG] ✅ Chunk symbols after filtering: 0 symbols - 
[2025-11-05T08:00:37.409Z] [2025-11-05T08:00:37.408Z] [INDEXING-ORCHESTRATOR] [DEBUG] 📍 Chunk 178-194: 0 candidate symbols
[2025-11-05T08:00:37.409Z] [2025-11-05T08:00:37.408Z] [INDEXING-ORCHESTRATOR] [DEBUG] ✅ Chunk symbols after filtering: 0 symbols - 
[2025-11-05T08:00:37.409Z] [2025-11-05T08:00:37.408Z] [INDEXING-ORCHESTRATOR] [DEBUG] Created 9 semantic chunks for c:\Users\RakaThinkpad\Documents\Project\educatedplanet\admin\src\components\ui\item.tsx
[2025-11-05T08:00:37.409Z] [2025-11-05T08:00:37.408Z] [INDEXING-ORCHESTRATOR] [DEBUG] Average chunk size: 136 characters
[2025-11-05T08:00:37.416Z] [2025-11-05T08:00:37.416Z] [TREESITTER-CHUNKER] [INFO] Created 2 semantic chunks from c:\Users\RakaThinkpad\Documents\Project\educatedplanet\admin\src\components\ui\loading-link.tsx
[2025-11-05T08:00:37.432Z] [2025-11-05T08:00:37.431Z] [TREESITTER-FULL] [INFO] Extracted 2 symbols from c:\Users\RakaThinkpad\Documents\Project\educatedplanet\admin\src\components\ui\loading-link.tsx
[2025-11-05T08:00:37.432Z] [2025-11-05T08:00:37.431Z] [INDEXING-ORCHESTRATOR] [DEBUG] 🔍 Symbol extraction for c:\Users\RakaThinkpad\Documents\Project\educatedplanet\admin\src\components\ui\loading-link.tsx: 2 symbols, 4 imports
[2025-11-05T08:00:37.432Z] [2025-11-05T08:00:37.431Z] [INDEXING-ORCHESTRATOR] [DEBUG] 📍 Chunk 8-16: 1 candidate symbols
[2025-11-05T08:00:37.432Z] [2025-11-05T08:00:37.432Z] [INDEXING-ORCHESTRATOR] [DEBUG] ✅ Chunk symbols after filtering: 1 symbols - LoadingLinkProps
[2025-11-05T08:00:37.432Z] [2025-11-05T08:00:37.432Z] [INDEXING-ORCHESTRATOR] [DEBUG] 📍 Chunk 17-92: 1 candidate symbols
[2025-11-05T08:00:37.432Z] [2025-11-05T08:00:37.432Z] [INDEXING-ORCHESTRATOR] [DEBUG] ✅ Chunk symbols after filtering: 1 symbols - LoadingLink
[2025-11-05T08:00:37.432Z] [2025-11-05T08:00:37.432Z] [INDEXING-ORCHESTRATOR] [DEBUG] Created 2 semantic chunks for c:\Users\RakaThinkpad\Documents\Project\educatedplanet\admin\src\components\ui\loading-link.tsx
[2025-11-05T08:00:37.432Z] [2025-11-05T08:00:37.432Z] [INDEXING-ORCHESTRATOR] [DEBUG] Average chunk size: 926 characters
[2025-11-05T08:00:37.444Z] [2025-11-05T08:00:37.443Z] [TREESITTER-CHUNKER] [INFO] Created 2 semantic chunks from c:\Users\RakaThinkpad\Documents\Project\educatedplanet\admin\src\components\ui\loading-bar.tsx
[2025-11-05T08:00:37.454Z] [2025-11-05T08:00:37.454Z] [TREESITTER-FULL] [INFO] Extracted 2 symbols from c:\Users\RakaThinkpad\Documents\Project\educatedplanet\admin\src\components\ui\loading-bar.tsx
[2025-11-05T08:00:37.455Z] [2025-11-05T08:00:37.454Z] [INDEXING-ORCHESTRATOR] [DEBUG] 🔍 Symbol extraction for c:\Users\RakaThinkpad\Documents\Project\educatedplanet\admin\src\components\ui\loading-bar.tsx: 2 symbols, 3 imports
[2025-11-05T08:00:37.455Z] [2025-11-05T08:00:37.454Z] [INDEXING-ORCHESTRATOR] [DEBUG] 📍 Chunk 7-10: 1 candidate symbols
[2025-11-05T08:00:37.455Z] [2025-11-05T08:00:37.454Z] [INDEXING-ORCHESTRATOR] [DEBUG] ✅ Chunk symbols after filtering: 1 symbols - AppLoadingBarProps
[2025-11-05T08:00:37.455Z] [2025-11-05T08:00:37.454Z] [INDEXING-ORCHESTRATOR] [DEBUG] 📍 Chunk 12-73: 1 candidate symbols
[2025-11-05T08:00:37.455Z] [2025-11-05T08:00:37.454Z] [INDEXING-ORCHESTRATOR] [DEBUG] ✅ Chunk symbols after filtering: 1 symbols - AppLoadingBar
[2025-11-05T08:00:37.455Z] [2025-11-05T08:00:37.454Z] [INDEXING-ORCHESTRATOR] [DEBUG] Created 2 semantic chunks for c:\Users\RakaThinkpad\Documents\Project\educatedplanet\admin\src\components\ui\loading-bar.tsx
[2025-11-05T08:00:37.455Z] [2025-11-05T08:00:37.454Z] [INDEXING-ORCHESTRATOR] [DEBUG] Average chunk size: 798 characters
[2025-11-05T08:00:37.468Z] [2025-11-05T08:00:37.467Z] [TREESITTER-CHUNKER] [INFO] Created 4 semantic chunks from c:\Users\RakaThinkpad\Documents\Project\educatedplanet\admin\src\components\ui\navigation-menu.tsx
[2025-11-05T08:00:37.491Z] [2025-11-05T08:00:37.490Z] [TREESITTER-FULL] [INFO] Extracted 2 symbols from c:\Users\RakaThinkpad\Documents\Project\educatedplanet\admin\src\components\ui\navigation-menu.tsx
[2025-11-05T08:00:37.491Z] [2025-11-05T08:00:37.490Z] [INDEXING-ORCHESTRATOR] [DEBUG] 🔍 Symbol extraction for c:\Users\RakaThinkpad\Documents\Project\educatedplanet\admin\src\components\ui\navigation-menu.tsx: 2 symbols, 5 imports
[2025-11-05T08:00:37.491Z] [2025-11-05T08:00:37.490Z] [INDEXING-ORCHESTRATOR] [DEBUG] 📍 Chunk 39-43: 0 candidate symbols
[2025-11-05T08:00:37.491Z] [2025-11-05T08:00:37.490Z] [INDEXING-ORCHESTRATOR] [DEBUG] ✅ Chunk symbols after filtering: 0 symbols - 
[2025-11-05T08:00:37.491Z] [2025-11-05T08:00:37.490Z] [INDEXING-ORCHESTRATOR] [DEBUG] 📍 Chunk 65-83: 1 candidate symbols
[2025-11-05T08:00:37.491Z] [2025-11-05T08:00:37.490Z] [INDEXING-ORCHESTRATOR] [DEBUG] ✅ Chunk symbols after filtering: 1 symbols - NavigationMenuTrigger
[2025-11-05T08:00:37.491Z] [2025-11-05T08:00:37.490Z] [INDEXING-ORCHESTRATOR] [DEBUG] 📍 Chunk 131-135: 0 candidate symbols
[2025-11-05T08:00:37.491Z] [2025-11-05T08:00:37.490Z] [INDEXING-ORCHESTRATOR] [DEBUG] ✅ Chunk symbols after filtering: 0 symbols - 
[2025-11-05T08:00:37.491Z] [2025-11-05T08:00:37.490Z] [INDEXING-ORCHESTRATOR] [DEBUG] 📍 Chunk 136-169: 0 candidate symbols
[2025-11-05T08:00:37.491Z] [2025-11-05T08:00:37.490Z] [INDEXING-ORCHESTRATOR] [DEBUG] ✅ Chunk symbols after filtering: 0 symbols - 
[2025-11-05T08:00:37.491Z] [2025-11-05T08:00:37.490Z] [INDEXING-ORCHESTRATOR] [DEBUG] Created 4 semantic chunks for c:\Users\RakaThinkpad\Documents\Project\educatedplanet\admin\src\components\ui\navigation-menu.tsx
[2025-11-05T08:00:37.491Z] [2025-11-05T08:00:37.490Z] [INDEXING-ORCHESTRATOR] [DEBUG] Average chunk size: 534 characters
[2025-11-05T08:00:37.502Z] [2025-11-05T08:00:37.502Z] [TREESITTER-CHUNKER] [INFO] Created 6 semantic chunks from c:\Users\RakaThinkpad\Documents\Project\educatedplanet\admin\src\components\ui\pagination.tsx
[2025-11-05T08:00:37.536Z] [2025-11-05T08:00:37.535Z] [TREESITTER-FULL] [INFO] Extracted 0 symbols from c:\Users\RakaThinkpad\Documents\Project\educatedplanet\admin\src\components\ui\pagination.tsx
[2025-11-05T08:00:37.536Z] [2025-11-05T08:00:37.535Z] [INDEXING-ORCHESTRATOR] [DEBUG] 🔍 Symbol extraction for c:\Users\RakaThinkpad\Documents\Project\educatedplanet\admin\src\components\ui\pagination.tsx: 0 symbols, 4 imports
[2025-11-05T08:00:37.536Z] [2025-11-05T08:00:37.535Z] [INDEXING-ORCHESTRATOR] [DEBUG] 📍 Chunk 30-31: 0 candidate symbols
[2025-11-05T08:00:37.536Z] [2025-11-05T08:00:37.535Z] [INDEXING-ORCHESTRATOR] [DEBUG] ✅ Chunk symbols after filtering: 0 symbols - 
[2025-11-05T08:00:37.536Z] [2025-11-05T08:00:37.535Z] [INDEXING-ORCHESTRATOR] [DEBUG] 📍 Chunk 56-63: 0 candidate symbols
[2025-11-05T08:00:37.536Z] [2025-11-05T08:00:37.535Z] [INDEXING-ORCHESTRATOR] [DEBUG] ✅ Chunk symbols after filtering: 0 symbols - 
[2025-11-05T08:00:37.536Z] [2025-11-05T08:00:37.535Z] [INDEXING-ORCHESTRATOR] [DEBUG] 📍 Chunk 76-77: 0 candidate symbols
[2025-11-05T08:00:37.536Z] [2025-11-05T08:00:37.535Z] [INDEXING-ORCHESTRATOR] [DEBUG] ✅ Chunk symbols after filtering: 0 symbols - 
[2025-11-05T08:00:37.536Z] [2025-11-05T08:00:37.535Z] [INDEXING-ORCHESTRATOR] [DEBUG] 📍 Chunk 85-94: 0 candidate symbols
[2025-11-05T08:00:37.536Z] [2025-11-05T08:00:37.535Z] [INDEXING-ORCHESTRATOR] [DEBUG] ✅ Chunk symbols after filtering: 0 symbols - 
[2025-11-05T08:00:37.536Z] [2025-11-05T08:00:37.535Z] [INDEXING-ORCHESTRATOR] [DEBUG] 📍 Chunk 102-111: 0 candidate symbols
[2025-11-05T08:00:37.536Z] [2025-11-05T08:00:37.535Z] [INDEXING-ORCHESTRATOR] [DEBUG] ✅ Chunk symbols after filtering: 0 symbols - 
[2025-11-05T08:00:37.536Z] [2025-11-05T08:00:37.535Z] [INDEXING-ORCHESTRATOR] [DEBUG] 📍 Chunk 112-128: 0 candidate symbols
[2025-11-05T08:00:37.536Z] [2025-11-05T08:00:37.535Z] [INDEXING-ORCHESTRATOR] [DEBUG] ✅ Chunk symbols after filtering: 0 symbols - 
[2025-11-05T08:00:37.536Z] [2025-11-05T08:00:37.535Z] [INDEXING-ORCHESTRATOR] [DEBUG] Created 6 semantic chunks for c:\Users\RakaThinkpad\Documents\Project\educatedplanet\admin\src\components\ui\pagination.tsx
[2025-11-05T08:00:37.536Z] [2025-11-05T08:00:37.535Z] [INDEXING-ORCHESTRATOR] [DEBUG] Average chunk size: 183 characters
[2025-11-05T08:00:37.558Z] [2025-11-05T08:00:37.558Z] [TREESITTER-CHUNKER] [INFO] Created 3 semantic chunks from c:\Users\RakaThinkpad\Documents\Project\educatedplanet\admin\src\components\ui\menubar.tsx
[2025-11-05T08:00:37.626Z] [2025-11-05T08:00:37.626Z] [TREESITTER-FULL] [INFO] Extracted 0 symbols from c:\Users\RakaThinkpad\Documents\Project\educatedplanet\admin\src\components\ui\menubar.tsx
[2025-11-05T08:00:37.626Z] [2025-11-05T08:00:37.626Z] [INDEXING-ORCHESTRATOR] [DEBUG] 🔍 Symbol extraction for c:\Users\RakaThinkpad\Documents\Project\educatedplanet\admin\src\components\ui\menubar.tsx: 0 symbols, 4 imports
[2025-11-05T08:00:37.627Z] [2025-11-05T08:00:37.626Z] [INDEXING-ORCHESTRATOR] [DEBUG] 📍 Chunk 105-109: 0 candidate symbols
[2025-11-05T08:00:37.627Z] [2025-11-05T08:00:37.626Z] [INDEXING-ORCHESTRATOR] [DEBUG] ✅ Chunk symbols after filtering: 0 symbols - 
[2025-11-05T08:00:37.627Z] [2025-11-05T08:00:37.626Z] [INDEXING-ORCHESTRATOR] [DEBUG] 📍 Chunk 204-208: 0 candidate symbols
[2025-11-05T08:00:37.627Z] [2025-11-05T08:00:37.626Z] [INDEXING-ORCHESTRATOR] [DEBUG] ✅ Chunk symbols after filtering: 0 symbols - 
[2025-11-05T08:00:37.627Z] [2025-11-05T08:00:37.626Z] [INDEXING-ORCHESTRATOR] [DEBUG] 📍 Chunk 209-277: 0 candidate symbols
[2025-11-05T08:00:37.627Z] [2025-11-05T08:00:37.626Z] [INDEXING-ORCHESTRATOR] [DEBUG] ✅ Chunk symbols after filtering: 0 symbols - 
[2025-11-05T08:00:37.627Z] [2025-11-05T08:00:37.626Z] [INDEXING-ORCHESTRATOR] [DEBUG] Created 3 semantic chunks for c:\Users\RakaThinkpad\Documents\Project\educatedplanet\admin\src\components\ui\menubar.tsx
[2025-11-05T08:00:37.627Z] [2025-11-05T08:00:37.626Z] [INDEXING-ORCHESTRATOR] [DEBUG] Average chunk size: 931 characters
[2025-11-05T08:00:37.630Z] [2025-11-05T08:00:37.630Z] [TREESITTER-CHUNKER] [INFO] Created 1 semantic chunks from c:\Users\RakaThinkpad\Documents\Project\educatedplanet\admin\src\components\ui\progress.tsx
[2025-11-05T08:00:37.634Z] [2025-11-05T08:00:37.634Z] [TREESITTER-FULL] [INFO] Extracted 0 symbols from c:\Users\RakaThinkpad\Documents\Project\educatedplanet\admin\src\components\ui\progress.tsx
[2025-11-05T08:00:37.634Z] [2025-11-05T08:00:37.634Z] [INDEXING-ORCHESTRATOR] [DEBUG] 🔍 Symbol extraction for c:\Users\RakaThinkpad\Documents\Project\educatedplanet\admin\src\components\ui\progress.tsx: 0 symbols, 3 imports
[2025-11-05T08:00:37.634Z] [2025-11-05T08:00:37.634Z] [INDEXING-ORCHESTRATOR] [DEBUG] 📍 Chunk 1-32: 0 candidate symbols
[2025-11-05T08:00:37.634Z] [2025-11-05T08:00:37.634Z] [INDEXING-ORCHESTRATOR] [DEBUG] ✅ Chunk symbols after filtering: 0 symbols - 
[2025-11-05T08:00:37.635Z] [2025-11-05T08:00:37.634Z] [INDEXING-ORCHESTRATOR] [DEBUG] Created 1 semantic chunks for c:\Users\RakaThinkpad\Documents\Project\educatedplanet\admin\src\components\ui\progress.tsx
[2025-11-05T08:00:37.635Z] [2025-11-05T08:00:37.634Z] [INDEXING-ORCHESTRATOR] [DEBUG] Average chunk size: 764 characters
[2025-11-05T08:00:37.638Z] [2025-11-05T08:00:37.638Z] [TREESITTER-CHUNKER] [INFO] Created 1 semantic chunks from c:\Users\RakaThinkpad\Documents\Project\educatedplanet\admin\src\components\ui\popover.tsx
[2025-11-05T08:00:37.645Z] [2025-11-05T08:00:37.644Z] [TREESITTER-FULL] [INFO] Extracted 0 symbols from c:\Users\RakaThinkpad\Documents\Project\educatedplanet\admin\src\components\ui\popover.tsx
[2025-11-05T08:00:37.645Z] [2025-11-05T08:00:37.645Z] [INDEXING-ORCHESTRATOR] [DEBUG] 🔍 Symbol extraction for c:\Users\RakaThinkpad\Documents\Project\educatedplanet\admin\src\components\ui\popover.tsx: 0 symbols, 3 imports
[2025-11-05T08:00:37.645Z] [2025-11-05T08:00:37.645Z] [INDEXING-ORCHESTRATOR] [DEBUG] 📍 Chunk 1-49: 0 candidate symbols
[2025-11-05T08:00:37.646Z] [2025-11-05T08:00:37.645Z] [INDEXING-ORCHESTRATOR] [DEBUG] ✅ Chunk symbols after filtering: 0 symbols - 
[2025-11-05T08:00:37.646Z] [2025-11-05T08:00:37.645Z] [INDEXING-ORCHESTRATOR] [DEBUG] Created 1 semantic chunks for c:\Users\RakaThinkpad\Documents\Project\educatedplanet\admin\src\components\ui\popover.tsx
[2025-11-05T08:00:37.646Z] [2025-11-05T08:00:37.645Z] [INDEXING-ORCHESTRATOR] [DEBUG] Average chunk size: 1676 characters
[2025-11-05T08:00:37.646Z] [2025-11-05T08:00:37.645Z] [INDEXING-ORCHESTRATOR] [DEBUG] 📊 Processed: 100/220 files
[2025-11-05T08:00:37.657Z] [2025-11-05T08:00:37.657Z] [TREESITTER-CHUNKER] [INFO] Created 3 semantic chunks from c:\Users\RakaThinkpad\Documents\Project\educatedplanet\admin\src\components\ui\scroll-area.tsx
[2025-11-05T08:00:37.670Z] [2025-11-05T08:00:37.669Z] [TREESITTER-FULL] [INFO] Extracted 2 symbols from c:\Users\RakaThinkpad\Documents\Project\educatedplanet\admin\src\components\ui\scroll-area.tsx
[2025-11-05T08:00:37.670Z] [2025-11-05T08:00:37.669Z] [INDEXING-ORCHESTRATOR] [DEBUG] 🔍 Symbol extraction for c:\Users\RakaThinkpad\Documents\Project\educatedplanet\admin\src\components\ui\scroll-area.tsx: 2 symbols, 3 imports
[2025-11-05T08:00:37.670Z] [2025-11-05T08:00:37.669Z] [INDEXING-ORCHESTRATOR] [DEBUG] 📍 Chunk 8-29: 1 candidate symbols
[2025-11-05T08:00:37.670Z] [2025-11-05T08:00:37.669Z] [INDEXING-ORCHESTRATOR] [DEBUG] ✅ Chunk symbols after filtering: 1 symbols - ScrollArea
[2025-11-05T08:00:37.670Z] [2025-11-05T08:00:37.669Z] [INDEXING-ORCHESTRATOR] [DEBUG] 📍 Chunk 31-56: 1 candidate symbols
[2025-11-05T08:00:37.670Z] [2025-11-05T08:00:37.669Z] [INDEXING-ORCHESTRATOR] [DEBUG] ✅ Chunk symbols after filtering: 1 symbols - ScrollBar
[2025-11-05T08:00:37.670Z] [2025-11-05T08:00:37.669Z] [INDEXING-ORCHESTRATOR] [DEBUG] 📍 Chunk 57-59: 0 candidate symbols
[2025-11-05T08:00:37.670Z] [2025-11-05T08:00:37.669Z] [INDEXING-ORCHESTRATOR] [DEBUG] ✅ Chunk symbols after filtering: 0 symbols - 
[2025-11-05T08:00:37.670Z] [2025-11-05T08:00:37.669Z] [INDEXING-ORCHESTRATOR] [DEBUG] Created 3 semantic chunks for c:\Users\RakaThinkpad\Documents\Project\educatedplanet\admin\src\components\ui\scroll-area.tsx
[2025-11-05T08:00:37.670Z] [2025-11-05T08:00:37.669Z] [INDEXING-ORCHESTRATOR] [DEBUG] Average chunk size: 513 characters
[2025-11-05T08:00:37.673Z] [2025-11-05T08:00:37.673Z] [TREESITTER-CHUNKER] [INFO] Created 2 semantic chunks from c:\Users\RakaThinkpad\Documents\Project\educatedplanet\admin\src\components\ui\radio-group.tsx
[2025-11-05T08:00:37.680Z] [2025-11-05T08:00:37.679Z] [TREESITTER-FULL] [INFO] Extracted 2 symbols from c:\Users\RakaThinkpad\Documents\Project\educatedplanet\admin\src\components\ui\radio-group.tsx
[2025-11-05T08:00:37.680Z] [2025-11-05T08:00:37.679Z] [INDEXING-ORCHESTRATOR] [DEBUG] 🔍 Symbol extraction for c:\Users\RakaThinkpad\Documents\Project\educatedplanet\admin\src\components\ui\radio-group.tsx: 2 symbols, 4 imports
[2025-11-05T08:00:37.680Z] [2025-11-05T08:00:37.680Z] [INDEXING-ORCHESTRATOR] [DEBUG] 📍 Chunk 9-43: 2 candidate symbols
[2025-11-05T08:00:37.680Z] [2025-11-05T08:00:37.680Z] [INDEXING-ORCHESTRATOR] [DEBUG] ✅ Chunk symbols after filtering: 2 symbols - RadioGroup, RadioGroupItem
[2025-11-05T08:00:37.680Z] [2025-11-05T08:00:37.680Z] [INDEXING-ORCHESTRATOR] [DEBUG] 📍 Chunk 44-46: 0 candidate symbols
[2025-11-05T08:00:37.680Z] [2025-11-05T08:00:37.680Z] [INDEXING-ORCHESTRATOR] [DEBUG] ✅ Chunk symbols after filtering: 0 symbols - 
[2025-11-05T08:00:37.680Z] [2025-11-05T08:00:37.680Z] [INDEXING-ORCHESTRATOR] [DEBUG] Created 2 semantic chunks for c:\Users\RakaThinkpad\Documents\Project\educatedplanet\admin\src\components\ui\radio-group.tsx
[2025-11-05T08:00:37.680Z] [2025-11-05T08:00:37.680Z] [INDEXING-ORCHESTRATOR] [DEBUG] Average chunk size: 654 characters
[2025-11-05T08:00:37.684Z] [2025-11-05T08:00:37.683Z] [TREESITTER-CHUNKER] [INFO] Created 1 semantic chunks from c:\Users\RakaThinkpad\Documents\Project\educatedplanet\admin\src\components\ui\resizable.tsx
[2025-11-05T08:00:37.697Z] [2025-11-05T08:00:37.696Z] [TREESITTER-FULL] [INFO] Extracted 0 symbols from c:\Users\RakaThinkpad\Documents\Project\educatedplanet\admin\src\components\ui\resizable.tsx
[2025-11-05T08:00:37.697Z] [2025-11-05T08:00:37.696Z] [INDEXING-ORCHESTRATOR] [DEBUG] 🔍 Symbol extraction for c:\Users\RakaThinkpad\Documents\Project\educatedplanet\admin\src\components\ui\resizable.tsx: 0 symbols, 4 imports
[2025-11-05T08:00:37.697Z] [2025-11-05T08:00:37.696Z] [INDEXING-ORCHESTRATOR] [DEBUG] 📍 Chunk 1-57: 0 candidate symbols
[2025-11-05T08:00:37.697Z] [2025-11-05T08:00:37.696Z] [INDEXING-ORCHESTRATOR] [DEBUG] ✅ Chunk symbols after filtering: 0 symbols - 
[2025-11-05T08:00:37.697Z] [2025-11-05T08:00:37.696Z] [INDEXING-ORCHESTRATOR] [DEBUG] Created 1 semantic chunks for c:\Users\RakaThinkpad\Documents\Project\educatedplanet\admin\src\components\ui\resizable.tsx
[2025-11-05T08:00:37.697Z] [2025-11-05T08:00:37.696Z] [INDEXING-ORCHESTRATOR] [DEBUG] Average chunk size: 2082 characters
[2025-11-05T08:00:37.730Z] [2025-11-05T08:00:37.729Z] [TREESITTER-CHUNKER] [INFO] Created 5 semantic chunks from c:\Users\RakaThinkpad\Documents\Project\educatedplanet\admin\src\components\ui\select.tsx
[2025-11-05T08:00:37.802Z] [2025-11-05T08:00:37.801Z] [TREESITTER-FULL] [INFO] Extracted 0 symbols from c:\Users\RakaThinkpad\Documents\Project\educatedplanet\admin\src\components\ui\select.tsx
[2025-11-05T08:00:37.802Z] [2025-11-05T08:00:37.801Z] [INDEXING-ORCHESTRATOR] [DEBUG] 🔍 Symbol extraction for c:\Users\RakaThinkpad\Documents\Project\educatedplanet\admin\src\components\ui\select.tsx: 0 symbols, 4 imports
[2025-11-05T08:00:37.802Z] [2025-11-05T08:00:37.801Z] [INDEXING-ORCHESTRATOR] [DEBUG] 📍 Chunk 27-88: 0 candidate symbols
[2025-11-05T08:00:37.802Z] [2025-11-05T08:00:37.802Z] [INDEXING-ORCHESTRATOR] [DEBUG] ✅ Chunk symbols after filtering: 0 symbols - 
[2025-11-05T08:00:37.802Z] [2025-11-05T08:00:37.802Z] [INDEXING-ORCHESTRATOR] [DEBUG] 📍 Chunk 64-70: 0 candidate symbols
[2025-11-05T08:00:37.802Z] [2025-11-05T08:00:37.802Z] [INDEXING-ORCHESTRATOR] [DEBUG] ✅ Chunk symbols after filtering: 0 symbols - 
[2025-11-05T08:00:37.802Z] [2025-11-05T08:00:37.802Z] [INDEXING-ORCHESTRATOR] [DEBUG] 📍 Chunk 90-125: 0 candidate symbols
[2025-11-05T08:00:37.802Z] [2025-11-05T08:00:37.802Z] [INDEXING-ORCHESTRATOR] [DEBUG] ✅ Chunk symbols after filtering: 0 symbols - 
[2025-11-05T08:00:37.802Z] [2025-11-05T08:00:37.802Z] [INDEXING-ORCHESTRATOR] [DEBUG] 📍 Chunk 127-174: 0 candidate symbols
[2025-11-05T08:00:37.802Z] [2025-11-05T08:00:37.802Z] [INDEXING-ORCHESTRATOR] [DEBUG] ✅ Chunk symbols after filtering: 0 symbols - 
[2025-11-05T08:00:37.802Z] [2025-11-05T08:00:37.802Z] [INDEXING-ORCHESTRATOR] [DEBUG] 📍 Chunk 175-188: 0 candidate symbols
[2025-11-05T08:00:37.802Z] [2025-11-05T08:00:37.802Z] [INDEXING-ORCHESTRATOR] [DEBUG] ✅ Chunk symbols after filtering: 0 symbols - 
[2025-11-05T08:00:37.802Z] [2025-11-05T08:00:37.802Z] [INDEXING-ORCHESTRATOR] [DEBUG] Created 5 semantic chunks for c:\Users\RakaThinkpad\Documents\Project\educatedplanet\admin\src\components\ui\select.tsx
[2025-11-05T08:00:37.802Z] [2025-11-05T08:00:37.802Z] [INDEXING-ORCHESTRATOR] [DEBUG] Average chunk size: 1313 characters
[2025-11-05T08:00:37.806Z] [2025-11-05T08:00:37.805Z] [TREESITTER-CHUNKER] [INFO] Created 1 semantic chunks from c:\Users\RakaThinkpad\Documents\Project\educatedplanet\admin\src\components\ui\separator.tsx
[2025-11-05T08:00:37.810Z] [2025-11-05T08:00:37.810Z] [TREESITTER-FULL] [INFO] Extracted 1 symbols from c:\Users\RakaThinkpad\Documents\Project\educatedplanet\admin\src\components\ui\separator.tsx
[2025-11-05T08:00:37.810Z] [2025-11-05T08:00:37.810Z] [INDEXING-ORCHESTRATOR] [DEBUG] 🔍 Symbol extraction for c:\Users\RakaThinkpad\Documents\Project\educatedplanet\admin\src\components\ui\separator.tsx: 1 symbols, 3 imports
[2025-11-05T08:00:37.811Z] [2025-11-05T08:00:37.810Z] [INDEXING-ORCHESTRATOR] [DEBUG] 📍 Chunk 8-28: 1 candidate symbols
[2025-11-05T08:00:37.811Z] [2025-11-05T08:00:37.810Z] [INDEXING-ORCHESTRATOR] [DEBUG] ✅ Chunk symbols after filtering: 1 symbols - Separator
[2025-11-05T08:00:37.811Z] [2025-11-05T08:00:37.810Z] [INDEXING-ORCHESTRATOR] [DEBUG] Created 1 semantic chunks for c:\Users\RakaThinkpad\Documents\Project\educatedplanet\admin\src\components\ui\separator.tsx
[2025-11-05T08:00:37.811Z] [2025-11-05T08:00:37.810Z] [INDEXING-ORCHESTRATOR] [DEBUG] Average chunk size: 574 characters
[2025-11-05T08:00:37.898Z] [2025-11-05T08:00:37.897Z] [TREESITTER-CHUNKER] [INFO] Created 25 semantic chunks from c:\Users\RakaThinkpad\Documents\Project\educatedplanet\admin\src\components\ui\sidebar.tsx
[2025-11-05T08:00:38.189Z] [2025-11-05T08:00:38.188Z] [TREESITTER-FULL] [INFO] Extracted 8 symbols from c:\Users\RakaThinkpad\Documents\Project\educatedplanet\admin\src\components\ui\sidebar.tsx
[2025-11-05T08:00:38.189Z] [2025-11-05T08:00:38.189Z] [INDEXING-ORCHESTRATOR] [DEBUG] 🔍 Symbol extraction for c:\Users\RakaThinkpad\Documents\Project\educatedplanet\admin\src\components\ui\sidebar.tsx: 8 symbols, 12 imports
[2025-11-05T08:00:38.189Z] [2025-11-05T08:00:38.189Z] [INDEXING-ORCHESTRATOR] [DEBUG] 📍 Chunk 35-54: 3 candidate symbols
[2025-11-05T08:00:38.189Z] [2025-11-05T08:00:38.189Z] [INDEXING-ORCHESTRATOR] [DEBUG] ✅ Chunk symbols after filtering: 3 symbols - SidebarContextProps, SidebarContext, useSidebar
[2025-11-05T08:00:38.189Z] [2025-11-05T08:00:38.189Z] [INDEXING-ORCHESTRATOR] [DEBUG] 📍 Chunk 141-145: 0 candidate symbols
[2025-11-05T08:00:38.189Z] [2025-11-05T08:00:38.189Z] [INDEXING-ORCHESTRATOR] [DEBUG] ✅ Chunk symbols after filtering: 0 symbols - 
[2025-11-05T08:00:38.189Z] [2025-11-05T08:00:38.189Z] [INDEXING-ORCHESTRATOR] [DEBUG] 📍 Chunk 172-176: 0 candidate symbols
[2025-11-05T08:00:38.189Z] [2025-11-05T08:00:38.189Z] [INDEXING-ORCHESTRATOR] [DEBUG] ✅ Chunk symbols after filtering: 0 symbols - 
[2025-11-05T08:00:38.189Z] [2025-11-05T08:00:38.189Z] [INDEXING-ORCHESTRATOR] [DEBUG] 📍 Chunk 231-242: 0 candidate symbols
[2025-11-05T08:00:38.189Z] [2025-11-05T08:00:38.189Z] [INDEXING-ORCHESTRATOR] [DEBUG] ✅ Chunk symbols after filtering: 0 symbols - 
[2025-11-05T08:00:38.189Z] [2025-11-05T08:00:38.189Z] [INDEXING-ORCHESTRATOR] [DEBUG] 📍 Chunk 293-302: 0 candidate symbols
[2025-11-05T08:00:38.189Z] [2025-11-05T08:00:38.189Z] [INDEXING-ORCHESTRATOR] [DEBUG] ✅ Chunk symbols after filtering: 0 symbols - 
[2025-11-05T08:00:38.189Z] [2025-11-05T08:00:38.189Z] [INDEXING-ORCHESTRATOR] [DEBUG] 📍 Chunk 311-316: 0 candidate symbols
[2025-11-05T08:00:38.189Z] [2025-11-05T08:00:38.189Z] [INDEXING-ORCHESTRATOR] [DEBUG] ✅ Chunk symbols after filtering: 0 symbols - 
[2025-11-05T08:00:38.189Z] [2025-11-05T08:00:38.189Z] [INDEXING-ORCHESTRATOR] [DEBUG] 📍 Chunk 329-330: 0 candidate symbols
[2025-11-05T08:00:38.189Z] [2025-11-05T08:00:38.189Z] [INDEXING-ORCHESTRATOR] [DEBUG] ✅ Chunk symbols after filtering: 0 symbols - 
[2025-11-05T08:00:38.189Z] [2025-11-05T08:00:38.189Z] [INDEXING-ORCHESTRATOR] [DEBUG] 📍 Chunk 340-341: 0 candidate symbols
[2025-11-05T08:00:38.189Z] [2025-11-05T08:00:38.189Z] [INDEXING-ORCHESTRATOR] [DEBUG] ✅ Chunk symbols after filtering: 0 symbols - 
[2025-11-05T08:00:38.189Z] [2025-11-05T08:00:38.189Z] [INDEXING-ORCHESTRATOR] [DEBUG] 📍 Chunk 351-352: 0 candidate symbols
[2025-11-05T08:00:38.189Z] [2025-11-05T08:00:38.189Z] [INDEXING-ORCHESTRATOR] [DEBUG] ✅ Chunk symbols after filtering: 0 symbols - 
[2025-11-05T08:00:38.189Z] [2025-11-05T08:00:38.189Z] [INDEXING-ORCHESTRATOR] [DEBUG] 📍 Chunk 365-366: 0 candidate symbols
[2025-11-05T08:00:38.189Z] [2025-11-05T08:00:38.189Z] [INDEXING-ORCHESTRATOR] [DEBUG] ✅ Chunk symbols after filtering: 0 symbols - 
[2025-11-05T08:00:38.189Z] [2025-11-05T08:00:38.189Z] [INDEXING-ORCHESTRATOR] [DEBUG] 📍 Chunk 376-380: 0 candidate symbols
[2025-11-05T08:00:38.189Z] [2025-11-05T08:00:38.189Z] [INDEXING-ORCHESTRATOR] [DEBUG] ✅ Chunk symbols after filtering: 0 symbols - 
[2025-11-05T08:00:38.189Z] [2025-11-05T08:00:38.189Z] [INDEXING-ORCHESTRATOR] [DEBUG] 📍 Chunk 390-391: 0 candidate symbols
[2025-11-05T08:00:38.189Z] [2025-11-05T08:00:38.189Z] [INDEXING-ORCHESTRATOR] [DEBUG] ✅ Chunk symbols after filtering: 0 symbols - 
[2025-11-05T08:00:38.189Z] [2025-11-05T08:00:38.189Z] [INDEXING-ORCHESTRATOR] [DEBUG] 📍 Chunk 407-412: 0 candidate symbols
[2025-11-05T08:00:38.189Z] [2025-11-05T08:00:38.189Z] [INDEXING-ORCHESTRATOR] [DEBUG] ✅ Chunk symbols after filtering: 0 symbols - 
[2025-11-05T08:00:38.189Z] [2025-11-05T08:00:38.189Z] [INDEXING-ORCHESTRATOR] [DEBUG] 📍 Chunk 428-435: 0 candidate symbols
[2025-11-05T08:00:38.189Z] [2025-11-05T08:00:38.189Z] [INDEXING-ORCHESTRATOR] [DEBUG] ✅ Chunk symbols after filtering: 0 symbols - 
[2025-11-05T08:00:38.190Z] [2025-11-05T08:00:38.189Z] [INDEXING-ORCHESTRATOR] [DEBUG] 📍 Chunk 448-449: 0 candidate symbols
[2025-11-05T08:00:38.190Z] [2025-11-05T08:00:38.189Z] [INDEXING-ORCHESTRATOR] [DEBUG] ✅ Chunk symbols after filtering: 0 symbols - 
[2025-11-05T08:00:38.190Z] [2025-11-05T08:00:38.189Z] [INDEXING-ORCHESTRATOR] [DEBUG] 📍 Chunk 459-460: 0 candidate symbols
[2025-11-05T08:00:38.190Z] [2025-11-05T08:00:38.189Z] [INDEXING-ORCHESTRATOR] [DEBUG] ✅ Chunk symbols after filtering: 0 symbols - 
[2025-11-05T08:00:38.190Z] [2025-11-05T08:00:38.189Z] [INDEXING-ORCHESTRATOR] [DEBUG] 📍 Chunk 470-471: 0 candidate symbols
[2025-11-05T08:00:38.190Z] [2025-11-05T08:00:38.189Z] [INDEXING-ORCHESTRATOR] [DEBUG] ✅ Chunk symbols after filtering: 0 symbols - 
[2025-11-05T08:00:38.190Z] [2025-11-05T08:00:38.189Z] [INDEXING-ORCHESTRATOR] [DEBUG] 📍 Chunk 520-521: 0 candidate symbols
[2025-11-05T08:00:38.190Z] [2025-11-05T08:00:38.189Z] [INDEXING-ORCHESTRATOR] [DEBUG] ✅ Chunk symbols after filtering: 0 symbols - 
[2025-11-05T08:00:38.190Z] [2025-11-05T08:00:38.189Z] [INDEXING-ORCHESTRATOR] [DEBUG] 📍 Chunk 563-575: 0 candidate symbols
[2025-11-05T08:00:38.190Z] [2025-11-05T08:00:38.189Z] [INDEXING-ORCHESTRATOR] [DEBUG] ✅ Chunk symbols after filtering: 0 symbols - 
[2025-11-05T08:00:38.190Z] [2025-11-05T08:00:38.189Z] [INDEXING-ORCHESTRATOR] [DEBUG] 📍 Chunk 588-597: 0 candidate symbols
[2025-11-05T08:00:38.190Z] [2025-11-05T08:00:38.189Z] [INDEXING-ORCHESTRATOR] [DEBUG] ✅ Chunk symbols after filtering: 0 symbols - 
[2025-11-05T08:00:38.190Z] [2025-11-05T08:00:38.189Z] [INDEXING-ORCHESTRATOR] [DEBUG] 📍 Chunk 618-619: 0 candidate symbols
[2025-11-05T08:00:38.190Z] [2025-11-05T08:00:38.189Z] [INDEXING-ORCHESTRATOR] [DEBUG] ✅ Chunk symbols after filtering: 0 symbols - 
[2025-11-05T08:00:38.190Z] [2025-11-05T08:00:38.189Z] [INDEXING-ORCHESTRATOR] [DEBUG] 📍 Chunk 645-650: 0 candidate symbols
[2025-11-05T08:00:38.190Z] [2025-11-05T08:00:38.189Z] [INDEXING-ORCHESTRATOR] [DEBUG] ✅ Chunk symbols after filtering: 0 symbols - 
[2025-11-05T08:00:38.190Z] [2025-11-05T08:00:38.189Z] [INDEXING-ORCHESTRATOR] [DEBUG] 📍 Chunk 663-664: 0 candidate symbols
[2025-11-05T08:00:38.190Z] [2025-11-05T08:00:38.189Z] [INDEXING-ORCHESTRATOR] [DEBUG] ✅ Chunk symbols after filtering: 0 symbols - 
[2025-11-05T08:00:38.190Z] [2025-11-05T08:00:38.189Z] [INDEXING-ORCHESTRATOR] [DEBUG] 📍 Chunk 688-696: 0 candidate symbols
[2025-11-05T08:00:38.190Z] [2025-11-05T08:00:38.189Z] [INDEXING-ORCHESTRATOR] [DEBUG] ✅ Chunk symbols after filtering: 0 symbols - 
[2025-11-05T08:00:38.190Z] [2025-11-05T08:00:38.189Z] [INDEXING-ORCHESTRATOR] [DEBUG] 📍 Chunk 697-727: 0 candidate symbols
[2025-11-05T08:00:38.190Z] [2025-11-05T08:00:38.189Z] [INDEXING-ORCHESTRATOR] [DEBUG] ✅ Chunk symbols after filtering: 0 symbols - 
[2025-11-05T08:00:38.190Z] [2025-11-05T08:00:38.189Z] [INDEXING-ORCHESTRATOR] [DEBUG] Created 25 semantic chunks for c:\Users\RakaThinkpad\Documents\Project\educatedplanet\admin\src\components\ui\sidebar.tsx
[2025-11-05T08:00:38.190Z] [2025-11-05T08:00:38.189Z] [INDEXING-ORCHESTRATOR] [DEBUG] Average chunk size: 301 characters
[2025-11-05T08:00:38.199Z] [2025-11-05T08:00:38.198Z] [TREESITTER-CHUNKER] [INFO] Created 4 semantic chunks from c:\Users\RakaThinkpad\Documents\Project\educatedplanet\admin\src\components\ui\sheet.tsx
[2025-11-05T08:00:38.224Z] [2025-11-05T08:00:38.224Z] [TREESITTER-FULL] [INFO] Extracted 1 symbols from c:\Users\RakaThinkpad\Documents\Project\educatedplanet\admin\src\components\ui\sheet.tsx
[2025-11-05T08:00:38.224Z] [2025-11-05T08:00:38.224Z] [INDEXING-ORCHESTRATOR] [DEBUG] 🔍 Symbol extraction for c:\Users\RakaThinkpad\Documents\Project\educatedplanet\admin\src\components\ui\sheet.tsx: 1 symbols, 4 imports
[2025-11-05T08:00:38.224Z] [2025-11-05T08:00:38.224Z] [INDEXING-ORCHESTRATOR] [DEBUG] 📍 Chunk 88-89: 0 candidate symbols
[2025-11-05T08:00:38.224Z] [2025-11-05T08:00:38.224Z] [INDEXING-ORCHESTRATOR] [DEBUG] ✅ Chunk symbols after filtering: 0 symbols - 
[2025-11-05T08:00:38.224Z] [2025-11-05T08:00:38.224Z] [INDEXING-ORCHESTRATOR] [DEBUG] 📍 Chunk 98-99: 0 candidate symbols
[2025-11-05T08:00:38.225Z] [2025-11-05T08:00:38.224Z] [INDEXING-ORCHESTRATOR] [DEBUG] ✅ Chunk symbols after filtering: 0 symbols - 
[2025-11-05T08:00:38.225Z] [2025-11-05T08:00:38.224Z] [INDEXING-ORCHESTRATOR] [DEBUG] 📍 Chunk 117-128: 1 candidate symbols
[2025-11-05T08:00:38.225Z] [2025-11-05T08:00:38.224Z] [INDEXING-ORCHESTRATOR] [DEBUG] ✅ Chunk symbols after filtering: 1 symbols - SheetDescription
[2025-11-05T08:00:38.225Z] [2025-11-05T08:00:38.224Z] [INDEXING-ORCHESTRATOR] [DEBUG] 📍 Chunk 129-140: 0 candidate symbols
[2025-11-05T08:00:38.225Z] [2025-11-05T08:00:38.224Z] [INDEXING-ORCHESTRATOR] [DEBUG] ✅ Chunk symbols after filtering: 0 symbols - 
[2025-11-05T08:00:38.225Z] [2025-11-05T08:00:38.224Z] [INDEXING-ORCHESTRATOR] [DEBUG] Created 4 semantic chunks for c:\Users\RakaThinkpad\Documents\Project\educatedplanet\admin\src\components\ui\sheet.tsx
[2025-11-05T08:00:38.225Z] [2025-11-05T08:00:38.224Z] [INDEXING-ORCHESTRATOR] [DEBUG] Average chunk size: 141 characters
[2025-11-05T08:00:38.228Z] [2025-11-05T08:00:38.228Z] [TREESITTER-CHUNKER] [INFO] Created 2 semantic chunks from c:\Users\RakaThinkpad\Documents\Project\educatedplanet\admin\src\components\ui\simple-loading-bar.tsx
[2025-11-05T08:00:38.239Z] [2025-11-05T08:00:38.238Z] [TREESITTER-FULL] [INFO] Extracted 1 symbols from c:\Users\RakaThinkpad\Documents\Project\educatedplanet\admin\src\components\ui\simple-loading-bar.tsx
[2025-11-05T08:00:38.239Z] [2025-11-05T08:00:38.238Z] [INDEXING-ORCHESTRATOR] [DEBUG] 🔍 Symbol extraction for c:\Users\RakaThinkpad\Documents\Project\educatedplanet\admin\src\components\ui\simple-loading-bar.tsx: 1 symbols, 2 imports
[2025-11-05T08:00:38.239Z] [2025-11-05T08:00:38.238Z] [INDEXING-ORCHESTRATOR] [DEBUG] 📍 Chunk 6-8: 1 candidate symbols
[2025-11-05T08:00:38.239Z] [2025-11-05T08:00:38.238Z] [INDEXING-ORCHESTRATOR] [DEBUG] ✅ Chunk symbols after filtering: 1 symbols - SimpleLoadingBarProps
[2025-11-05T08:00:38.239Z] [2025-11-05T08:00:38.238Z] [INDEXING-ORCHESTRATOR] [DEBUG] 📍 Chunk 9-69: 0 candidate symbols
[2025-11-05T08:00:38.239Z] [2025-11-05T08:00:38.238Z] [INDEXING-ORCHESTRATOR] [DEBUG] ✅ Chunk symbols after filtering: 0 symbols - 
[2025-11-05T08:00:38.239Z] [2025-11-05T08:00:38.238Z] [INDEXING-ORCHESTRATOR] [DEBUG] Created 2 semantic chunks for c:\Users\RakaThinkpad\Documents\Project\educatedplanet\admin\src\components\ui\simple-loading-bar.tsx
[2025-11-05T08:00:38.239Z] [2025-11-05T08:00:38.238Z] [INDEXING-ORCHESTRATOR] [DEBUG] Average chunk size: 737 characters
[2025-11-05T08:00:38.240Z] [2025-11-05T08:00:38.240Z] [TREESITTER-CHUNKER] [INFO] Created 2 semantic chunks from c:\Users\RakaThinkpad\Documents\Project\educatedplanet\admin\src\components\ui\skeleton.tsx
[2025-11-05T08:00:38.242Z] [2025-11-05T08:00:38.242Z] [TREESITTER-FULL] [INFO] Extracted 0 symbols from c:\Users\RakaThinkpad\Documents\Project\educatedplanet\admin\src\components\ui\skeleton.tsx
[2025-11-05T08:00:38.242Z] [2025-11-05T08:00:38.242Z] [INDEXING-ORCHESTRATOR] [DEBUG] 🔍 Symbol extraction for c:\Users\RakaThinkpad\Documents\Project\educatedplanet\admin\src\components\ui\skeleton.tsx: 0 symbols, 1 imports
[2025-11-05T08:00:38.242Z] [2025-11-05T08:00:38.242Z] [INDEXING-ORCHESTRATOR] [DEBUG] 📍 Chunk 7-8: 0 candidate symbols
[2025-11-05T08:00:38.242Z] [2025-11-05T08:00:38.242Z] [INDEXING-ORCHESTRATOR] [DEBUG] ✅ Chunk symbols after filtering: 0 symbols - 
[2025-11-05T08:00:38.243Z] [2025-11-05T08:00:38.242Z] [INDEXING-ORCHESTRATOR] [DEBUG] 📍 Chunk 9-14: 0 candidate symbols
[2025-11-05T08:00:38.243Z] [2025-11-05T08:00:38.242Z] [INDEXING-ORCHESTRATOR] [DEBUG] ✅ Chunk symbols after filtering: 0 symbols - 
[2025-11-05T08:00:38.243Z] [2025-11-05T08:00:38.242Z] [INDEXING-ORCHESTRATOR] [DEBUG] Created 2 semantic chunks for c:\Users\RakaThinkpad\Documents\Project\educatedplanet\admin\src\components\ui\skeleton.tsx
[2025-11-05T08:00:38.243Z] [2025-11-05T08:00:38.242Z] [INDEXING-ORCHESTRATOR] [DEBUG] Average chunk size: 52 characters
[2025-11-05T08:00:38.246Z] [2025-11-05T08:00:38.246Z] [TREESITTER-CHUNKER] [INFO] Created 1 semantic chunks from c:\Users\RakaThinkpad\Documents\Project\educatedplanet\admin\src\components\ui\slider.tsx
[2025-11-05T08:00:38.252Z] [2025-11-05T08:00:38.251Z] [TREESITTER-FULL] [INFO] Extracted 1 symbols from c:\Users\RakaThinkpad\Documents\Project\educatedplanet\admin\src\components\ui\slider.tsx
[2025-11-05T08:00:38.252Z] [2025-11-05T08:00:38.251Z] [INDEXING-ORCHESTRATOR] [DEBUG] 🔍 Symbol extraction for c:\Users\RakaThinkpad\Documents\Project\educatedplanet\admin\src\components\ui\slider.tsx: 1 symbols, 3 imports
[2025-11-05T08:00:38.252Z] [2025-11-05T08:00:38.251Z] [INDEXING-ORCHESTRATOR] [DEBUG] 📍 Chunk 1-64: 1 candidate symbols
[2025-11-05T08:00:38.252Z] [2025-11-05T08:00:38.251Z] [INDEXING-ORCHESTRATOR] [DEBUG] ✅ Chunk symbols after filtering: 1 symbols - _values
[2025-11-05T08:00:38.252Z] [2025-11-05T08:00:38.251Z] [INDEXING-ORCHESTRATOR] [DEBUG] Created 1 semantic chunks for c:\Users\RakaThinkpad\Documents\Project\educatedplanet\admin\src\components\ui\slider.tsx
[2025-11-05T08:00:38.252Z] [2025-11-05T08:00:38.251Z] [INDEXING-ORCHESTRATOR] [DEBUG] Average chunk size: 2052 characters
[2025-11-05T08:00:38.252Z] [2025-11-05T08:00:38.251Z] [INDEXING-ORCHESTRATOR] [DEBUG] 📊 Processed: 110/220 files
[2025-11-05T08:00:38.264Z] [2025-11-05T08:00:38.263Z] [TREESITTER-CHUNKER] [INFO] Created 1 semantic chunks from c:\Users\RakaThinkpad\Documents\Project\educatedplanet\admin\src\components\ui\switch.tsx
[2025-11-05T08:00:38.269Z] [2025-11-05T08:00:38.268Z] [TREESITTER-FULL] [INFO] Extracted 0 symbols from c:\Users\RakaThinkpad\Documents\Project\educatedplanet\admin\src\components\ui\switch.tsx
[2025-11-05T08:00:38.269Z] [2025-11-05T08:00:38.268Z] [INDEXING-ORCHESTRATOR] [DEBUG] 🔍 Symbol extraction for c:\Users\RakaThinkpad\Documents\Project\educatedplanet\admin\src\components\ui\switch.tsx: 0 symbols, 3 imports
[2025-11-05T08:00:38.269Z] [2025-11-05T08:00:38.268Z] [INDEXING-ORCHESTRATOR] [DEBUG] 📍 Chunk 1-32: 0 candidate symbols
[2025-11-05T08:00:38.269Z] [2025-11-05T08:00:38.268Z] [INDEXING-ORCHESTRATOR] [DEBUG] ✅ Chunk symbols after filtering: 0 symbols - 
[2025-11-05T08:00:38.269Z] [2025-11-05T08:00:38.268Z] [INDEXING-ORCHESTRATOR] [DEBUG] Created 1 semantic chunks for c:\Users\RakaThinkpad\Documents\Project\educatedplanet\admin\src\components\ui\switch.tsx
[2025-11-05T08:00:38.269Z] [2025-11-05T08:00:38.268Z] [INDEXING-ORCHESTRATOR] [DEBUG] Average chunk size: 1201 characters
[2025-11-05T08:00:38.270Z] [2025-11-05T08:00:38.270Z] [TREESITTER-CHUNKER] [INFO] Created 1 semantic chunks from c:\Users\RakaThinkpad\Documents\Project\educatedplanet\admin\src\components\ui\spinner.tsx
[2025-11-05T08:00:38.273Z] [2025-11-05T08:00:38.273Z] [TREESITTER-FULL] [INFO] Extracted 0 symbols from c:\Users\RakaThinkpad\Documents\Project\educatedplanet\admin\src\components\ui\spinner.tsx
[2025-11-05T08:00:38.273Z] [2025-11-05T08:00:38.273Z] [INDEXING-ORCHESTRATOR] [DEBUG] 🔍 Symbol extraction for c:\Users\RakaThinkpad\Documents\Project\educatedplanet\admin\src\components\ui\spinner.tsx: 0 symbols, 2 imports
[2025-11-05T08:00:38.273Z] [2025-11-05T08:00:38.273Z] [INDEXING-ORCHESTRATOR] [DEBUG] 📍 Chunk 1-17: 0 candidate symbols
[2025-11-05T08:00:38.273Z] [2025-11-05T08:00:38.273Z] [INDEXING-ORCHESTRATOR] [DEBUG] ✅ Chunk symbols after filtering: 0 symbols - 
[2025-11-05T08:00:38.274Z] [2025-11-05T08:00:38.273Z] [INDEXING-ORCHESTRATOR] [DEBUG] Created 1 semantic chunks for c:\Users\RakaThinkpad\Documents\Project\educatedplanet\admin\src\components\ui\spinner.tsx
[2025-11-05T08:00:38.274Z] [2025-11-05T08:00:38.273Z] [INDEXING-ORCHESTRATOR] [DEBUG] Average chunk size: 345 characters
[2025-11-05T08:00:38.279Z] [2025-11-05T08:00:38.278Z] [TREESITTER-CHUNKER] [INFO] Created 1 semantic chunks from c:\Users\RakaThinkpad\Documents\Project\educatedplanet\admin\src\components\ui\sonner.tsx
[2025-11-05T08:00:38.285Z] [2025-11-05T08:00:38.285Z] [TREESITTER-FULL] [INFO] Extracted 0 symbols from c:\Users\RakaThinkpad\Documents\Project\educatedplanet\admin\src\components\ui\sonner.tsx
[2025-11-05T08:00:38.285Z] [2025-11-05T08:00:38.285Z] [INDEXING-ORCHESTRATOR] [DEBUG] 🔍 Symbol extraction for c:\Users\RakaThinkpad\Documents\Project\educatedplanet\admin\src\components\ui\sonner.tsx: 0 symbols, 3 imports
[2025-11-05T08:00:38.285Z] [2025-11-05T08:00:38.285Z] [INDEXING-ORCHESTRATOR] [DEBUG] 📍 Chunk 1-41: 0 candidate symbols
[2025-11-05T08:00:38.285Z] [2025-11-05T08:00:38.285Z] [INDEXING-ORCHESTRATOR] [DEBUG] ✅ Chunk symbols after filtering: 0 symbols - 
[2025-11-05T08:00:38.285Z] [2025-11-05T08:00:38.285Z] [INDEXING-ORCHESTRATOR] [DEBUG] Created 1 semantic chunks for c:\Users\RakaThinkpad\Documents\Project\educatedplanet\admin\src\components\ui\sonner.tsx
[2025-11-05T08:00:38.286Z] [2025-11-05T08:00:38.285Z] [INDEXING-ORCHESTRATOR] [DEBUG] Average chunk size: 1072 characters
[2025-11-05T08:00:38.290Z] [2025-11-05T08:00:38.290Z] [TREESITTER-CHUNKER] [INFO] Created 2 semantic chunks from c:\Users\RakaThinkpad\Documents\Project\educatedplanet\admin\src\components\ui\tabs.tsx
[2025-11-05T08:00:38.297Z] [2025-11-05T08:00:38.297Z] [TREESITTER-FULL] [INFO] Extracted 1 symbols from c:\Users\RakaThinkpad\Documents\Project\educatedplanet\admin\src\components\ui\tabs.tsx
[2025-11-05T08:00:38.297Z] [2025-11-05T08:00:38.297Z] [INDEXING-ORCHESTRATOR] [DEBUG] 🔍 Symbol extraction for c:\Users\RakaThinkpad\Documents\Project\educatedplanet\admin\src\components\ui\tabs.tsx: 1 symbols, 3 imports
[2025-11-05T08:00:38.297Z] [2025-11-05T08:00:38.297Z] [INDEXING-ORCHESTRATOR] [DEBUG] 📍 Chunk 8-19: 1 candidate symbols
[2025-11-05T08:00:38.297Z] [2025-11-05T08:00:38.297Z] [INDEXING-ORCHESTRATOR] [DEBUG] ✅ Chunk symbols after filtering: 1 symbols - Tabs
[2025-11-05T08:00:38.298Z] [2025-11-05T08:00:38.297Z] [INDEXING-ORCHESTRATOR] [DEBUG] 📍 Chunk 20-67: 0 candidate symbols
[2025-11-05T08:00:38.298Z] [2025-11-05T08:00:38.297Z] [INDEXING-ORCHESTRATOR] [DEBUG] ✅ Chunk symbols after filtering: 0 symbols - 
[2025-11-05T08:00:38.298Z] [2025-11-05T08:00:38.297Z] [INDEXING-ORCHESTRATOR] [DEBUG] Created 2 semantic chunks for c:\Users\RakaThinkpad\Documents\Project\educatedplanet\admin\src\components\ui\tabs.tsx
[2025-11-05T08:00:38.298Z] [2025-11-05T08:00:38.297Z] [INDEXING-ORCHESTRATOR] [DEBUG] Average chunk size: 944 characters
[2025-11-05T08:00:38.308Z] [2025-11-05T08:00:38.308Z] [TREESITTER-CHUNKER] [INFO] Created 9 semantic chunks from c:\Users\RakaThinkpad\Documents\Project\educatedplanet\admin\src\components\ui\table.tsx
[2025-11-05T08:00:38.336Z] [2025-11-05T08:00:38.335Z] [TREESITTER-FULL] [INFO] Extracted 0 symbols from c:\Users\RakaThinkpad\Documents\Project\educatedplanet\admin\src\components\ui\table.tsx
[2025-11-05T08:00:38.336Z] [2025-11-05T08:00:38.335Z] [INDEXING-ORCHESTRATOR] [DEBUG] 🔍 Symbol extraction for c:\Users\RakaThinkpad\Documents\Project\educatedplanet\admin\src\components\ui\table.tsx: 0 symbols, 2 imports
[2025-11-05T08:00:38.336Z] [2025-11-05T08:00:38.335Z] [INDEXING-ORCHESTRATOR] [DEBUG] 📍 Chunk 15-16: 0 candidate symbols
[2025-11-05T08:00:38.336Z] [2025-11-05T08:00:38.335Z] [INDEXING-ORCHESTRATOR] [DEBUG] ✅ Chunk symbols after filtering: 0 symbols - 
[2025-11-05T08:00:38.336Z] [2025-11-05T08:00:38.335Z] [INDEXING-ORCHESTRATOR] [DEBUG] 📍 Chunk 26-27: 0 candidate symbols
[2025-11-05T08:00:38.336Z] [2025-11-05T08:00:38.335Z] [INDEXING-ORCHESTRATOR] [DEBUG] ✅ Chunk symbols after filtering: 0 symbols - 
[2025-11-05T08:00:38.336Z] [2025-11-05T08:00:38.335Z] [INDEXING-ORCHESTRATOR] [DEBUG] 📍 Chunk 36-37: 0 candidate symbols
[2025-11-05T08:00:38.336Z] [2025-11-05T08:00:38.335Z] [INDEXING-ORCHESTRATOR] [DEBUG] ✅ Chunk symbols after filtering: 0 symbols - 
[2025-11-05T08:00:38.336Z] [2025-11-05T08:00:38.335Z] [INDEXING-ORCHESTRATOR] [DEBUG] 📍 Chunk 46-50: 0 candidate symbols
[2025-11-05T08:00:38.336Z] [2025-11-05T08:00:38.335Z] [INDEXING-ORCHESTRATOR] [DEBUG] ✅ Chunk symbols after filtering: 0 symbols - 
[2025-11-05T08:00:38.336Z] [2025-11-05T08:00:38.335Z] [INDEXING-ORCHESTRATOR] [DEBUG] 📍 Chunk 59-63: 0 candidate symbols
[2025-11-05T08:00:38.336Z] [2025-11-05T08:00:38.335Z] [INDEXING-ORCHESTRATOR] [DEBUG] ✅ Chunk symbols after filtering: 0 symbols - 
[2025-11-05T08:00:38.336Z] [2025-11-05T08:00:38.335Z] [INDEXING-ORCHESTRATOR] [DEBUG] 📍 Chunk 72-76: 0 candidate symbols
[2025-11-05T08:00:38.336Z] [2025-11-05T08:00:38.335Z] [INDEXING-ORCHESTRATOR] [DEBUG] ✅ Chunk symbols after filtering: 0 symbols - 
[2025-11-05T08:00:38.336Z] [2025-11-05T08:00:38.335Z] [INDEXING-ORCHESTRATOR] [DEBUG] 📍 Chunk 85-89: 0 candidate symbols
[2025-11-05T08:00:38.336Z] [2025-11-05T08:00:38.335Z] [INDEXING-ORCHESTRATOR] [DEBUG] ✅ Chunk symbols after filtering: 0 symbols - 
[2025-11-05T08:00:38.336Z] [2025-11-05T08:00:38.335Z] [INDEXING-ORCHESTRATOR] [DEBUG] 📍 Chunk 101-102: 0 candidate symbols
[2025-11-05T08:00:38.336Z] [2025-11-05T08:00:38.335Z] [INDEXING-ORCHESTRATOR] [DEBUG] ✅ Chunk symbols after filtering: 0 symbols - 
[2025-11-05T08:00:38.336Z] [2025-11-05T08:00:38.335Z] [INDEXING-ORCHESTRATOR] [DEBUG] 📍 Chunk 103-117: 0 candidate symbols
[2025-11-05T08:00:38.336Z] [2025-11-05T08:00:38.335Z] [INDEXING-ORCHESTRATOR] [DEBUG] ✅ Chunk symbols after filtering: 0 symbols - 
[2025-11-05T08:00:38.336Z] [2025-11-05T08:00:38.335Z] [INDEXING-ORCHESTRATOR] [DEBUG] Created 9 semantic chunks for c:\Users\RakaThinkpad\Documents\Project\educatedplanet\admin\src\components\ui\table.tsx
[2025-11-05T08:00:38.336Z] [2025-11-05T08:00:38.336Z] [INDEXING-ORCHESTRATOR] [DEBUG] Average chunk size: 113 characters
[2025-11-05T08:00:38.344Z] [2025-11-05T08:00:38.344Z] [TREESITTER-CHUNKER] [INFO] Created 3 semantic chunks from c:\Users\RakaThinkpad\Documents\Project\educatedplanet\admin\src\components\ui\toggle-group.tsx
[2025-11-05T08:00:38.362Z] [2025-11-05T08:00:38.362Z] [TREESITTER-FULL] [INFO] Extracted 2 symbols from c:\Users\RakaThinkpad\Documents\Project\educatedplanet\admin\src\components\ui\toggle-group.tsx
[2025-11-05T08:00:38.362Z] [2025-11-05T08:00:38.362Z] [INDEXING-ORCHESTRATOR] [DEBUG] 🔍 Symbol extraction for c:\Users\RakaThinkpad\Documents\Project\educatedplanet\admin\src\components\ui\toggle-group.tsx: 2 symbols, 5 imports
[2025-11-05T08:00:38.362Z] [2025-11-05T08:00:38.362Z] [INDEXING-ORCHESTRATOR] [DEBUG] 📍 Chunk 20-66: 1 candidate symbols
[2025-11-05T08:00:38.362Z] [2025-11-05T08:00:38.362Z] [INDEXING-ORCHESTRATOR] [DEBUG] ✅ Chunk symbols after filtering: 1 symbols - ToggleGroup
[2025-11-05T08:00:38.363Z] [2025-11-05T08:00:38.362Z] [INDEXING-ORCHESTRATOR] [DEBUG] 📍 Chunk 67-76: 0 candidate symbols
[2025-11-05T08:00:38.363Z] [2025-11-05T08:00:38.362Z] [INDEXING-ORCHESTRATOR] [DEBUG] ✅ Chunk symbols after filtering: 0 symbols - 
[2025-11-05T08:00:38.363Z] [2025-11-05T08:00:38.362Z] [INDEXING-ORCHESTRATOR] [DEBUG] 📍 Chunk 77-84: 0 candidate symbols
[2025-11-05T08:00:38.363Z] [2025-11-05T08:00:38.362Z] [INDEXING-ORCHESTRATOR] [DEBUG] ✅ Chunk symbols after filtering: 0 symbols - 
[2025-11-05T08:00:38.363Z] [2025-11-05T08:00:38.362Z] [INDEXING-ORCHESTRATOR] [DEBUG] Created 3 semantic chunks for c:\Users\RakaThinkpad\Documents\Project\educatedplanet\admin\src\components\ui\toggle-group.tsx
[2025-11-05T08:00:38.363Z] [2025-11-05T08:00:38.362Z] [INDEXING-ORCHESTRATOR] [DEBUG] Average chunk size: 636 characters
[2025-11-05T08:00:38.365Z] [2025-11-05T08:00:38.364Z] [TREESITTER-CHUNKER] [INFO] Created 2 semantic chunks from c:\Users\RakaThinkpad\Documents\Project\educatedplanet\admin\src\components\ui\textarea.tsx
[2025-11-05T08:00:38.368Z] [2025-11-05T08:00:38.367Z] [TREESITTER-FULL] [INFO] Extracted 0 symbols from c:\Users\RakaThinkpad\Documents\Project\educatedplanet\admin\src\components\ui\textarea.tsx
[2025-11-05T08:00:38.368Z] [2025-11-05T08:00:38.367Z] [INDEXING-ORCHESTRATOR] [DEBUG] 🔍 Symbol extraction for c:\Users\RakaThinkpad\Documents\Project\educatedplanet\admin\src\components\ui\textarea.tsx: 0 symbols, 2 imports
[2025-11-05T08:00:38.368Z] [2025-11-05T08:00:38.367Z] [INDEXING-ORCHESTRATOR] [DEBUG] 📍 Chunk 9-13: 0 candidate symbols
[2025-11-05T08:00:38.368Z] [2025-11-05T08:00:38.367Z] [INDEXING-ORCHESTRATOR] [DEBUG] ✅ Chunk symbols after filtering: 0 symbols - 
[2025-11-05T08:00:38.369Z] [2025-11-05T08:00:38.368Z] [INDEXING-ORCHESTRATOR] [DEBUG] 📍 Chunk 14-19: 0 candidate symbols
[2025-11-05T08:00:38.369Z] [2025-11-05T08:00:38.368Z] [INDEXING-ORCHESTRATOR] [DEBUG] ✅ Chunk symbols after filtering: 0 symbols - 
[2025-11-05T08:00:38.369Z] [2025-11-05T08:00:38.368Z] [INDEXING-ORCHESTRATOR] [DEBUG] Created 2 semantic chunks for c:\Users\RakaThinkpad\Documents\Project\educatedplanet\admin\src\components\ui\textarea.tsx
[2025-11-05T08:00:38.369Z] [2025-11-05T08:00:38.368Z] [INDEXING-ORCHESTRATOR] [DEBUG] Average chunk size: 274 characters
[2025-11-05T08:00:38.373Z] [2025-11-05T08:00:38.372Z] [TREESITTER-CHUNKER] [INFO] Created 1 semantic chunks from c:\Users\RakaThinkpad\Documents\Project\educatedplanet\admin\src\components\ui\toggle.tsx
[2025-11-05T08:00:38.381Z] [2025-11-05T08:00:38.381Z] [TREESITTER-FULL] [INFO] Extracted 1 symbols from c:\Users\RakaThinkpad\Documents\Project\educatedplanet\admin\src\components\ui\toggle.tsx
[2025-11-05T08:00:38.381Z] [2025-11-05T08:00:38.381Z] [INDEXING-ORCHESTRATOR] [DEBUG] 🔍 Symbol extraction for c:\Users\RakaThinkpad\Documents\Project\educatedplanet\admin\src\components\ui\toggle.tsx: 1 symbols, 4 imports
[2025-11-05T08:00:38.381Z] [2025-11-05T08:00:38.381Z] [INDEXING-ORCHESTRATOR] [DEBUG] 📍 Chunk 1-48: 1 candidate symbols
[2025-11-05T08:00:38.381Z] [2025-11-05T08:00:38.381Z] [INDEXING-ORCHESTRATOR] [DEBUG] ✅ Chunk symbols after filtering: 1 symbols - toggleVariants
[2025-11-05T08:00:38.381Z] [2025-11-05T08:00:38.381Z] [INDEXING-ORCHESTRATOR] [DEBUG] Created 1 semantic chunks for c:\Users\RakaThinkpad\Documents\Project\educatedplanet\admin\src\components\ui\toggle.tsx
[2025-11-05T08:00:38.382Z] [2025-11-05T08:00:38.381Z] [INDEXING-ORCHESTRATOR] [DEBUG] Average chunk size: 1610 characters
[2025-11-05T08:00:38.383Z] [2025-11-05T08:00:38.382Z] [TREESITTER-CHUNKER] [INFO] Created 1 semantic chunks from c:\Users\RakaThinkpad\Documents\Project\educatedplanet\admin\src\config\app-config.ts
[2025-11-05T08:00:38.386Z] [2025-11-05T08:00:38.385Z] [TREESITTER-FULL] [INFO] Extracted 2 symbols from c:\Users\RakaThinkpad\Documents\Project\educatedplanet\admin\src\config\app-config.ts
[2025-11-05T08:00:38.386Z] [2025-11-05T08:00:38.385Z] [INDEXING-ORCHESTRATOR] [DEBUG] 🔍 Symbol extraction for c:\Users\RakaThinkpad\Documents\Project\educatedplanet\admin\src\config\app-config.ts: 2 symbols, 1 imports
[2025-11-05T08:00:38.386Z] [2025-11-05T08:00:38.385Z] [INDEXING-ORCHESTRATOR] [DEBUG] 📍 Chunk 1-15: 2 candidate symbols
[2025-11-05T08:00:38.386Z] [2025-11-05T08:00:38.385Z] [INDEXING-ORCHESTRATOR] [DEBUG] ✅ Chunk symbols after filtering: 2 symbols - currentYear, APP_CONFIG
[2025-11-05T08:00:38.386Z] [2025-11-05T08:00:38.385Z] [INDEXING-ORCHESTRATOR] [DEBUG] Created 1 semantic chunks for c:\Users\RakaThinkpad\Documents\Project\educatedplanet\admin\src\config\app-config.ts
[2025-11-05T08:00:38.386Z] [2025-11-05T08:00:38.385Z] [INDEXING-ORCHESTRATOR] [DEBUG] Average chunk size: 570 characters
[2025-11-05T08:00:38.396Z] [2025-11-05T08:00:38.396Z] [TREESITTER-CHUNKER] [INFO] Created 3 semantic chunks from c:\Users\RakaThinkpad\Documents\Project\educatedplanet\admin\src\components\ui\tooltip.tsx
[2025-11-05T08:00:38.414Z] [2025-11-05T08:00:38.413Z] [TREESITTER-FULL] [INFO] Extracted 2 symbols from c:\Users\RakaThinkpad\Documents\Project\educatedplanet\admin\src\components\ui\tooltip.tsx
[2025-11-05T08:00:38.414Z] [2025-11-05T08:00:38.413Z] [INDEXING-ORCHESTRATOR] [DEBUG] 🔍 Symbol extraction for c:\Users\RakaThinkpad\Documents\Project\educatedplanet\admin\src\components\ui\tooltip.tsx: 2 symbols, 3 imports
[2025-11-05T08:00:38.414Z] [2025-11-05T08:00:38.413Z] [INDEXING-ORCHESTRATOR] [DEBUG] 📍 Chunk 8-29: 2 candidate symbols
[2025-11-05T08:00:38.414Z] [2025-11-05T08:00:38.413Z] [INDEXING-ORCHESTRATOR] [DEBUG] ✅ Chunk symbols after filtering: 2 symbols - TooltipProvider, Tooltip
[2025-11-05T08:00:38.414Z] [2025-11-05T08:00:38.413Z] [INDEXING-ORCHESTRATOR] [DEBUG] 📍 Chunk 37-59: 0 candidate symbols
[2025-11-05T08:00:38.415Z] [2025-11-05T08:00:38.413Z] [INDEXING-ORCHESTRATOR] [DEBUG] ✅ Chunk symbols after filtering: 0 symbols - 
[2025-11-05T08:00:38.415Z] [2025-11-05T08:00:38.413Z] [INDEXING-ORCHESTRATOR] [DEBUG] 📍 Chunk 60-62: 0 candidate symbols
[2025-11-05T08:00:38.415Z] [2025-11-05T08:00:38.413Z] [INDEXING-ORCHESTRATOR] [DEBUG] ✅ Chunk symbols after filtering: 0 symbols - 
[2025-11-05T08:00:38.415Z] [2025-11-05T08:00:38.413Z] [INDEXING-ORCHESTRATOR] [DEBUG] Created 3 semantic chunks for c:\Users\RakaThinkpad\Documents\Project\educatedplanet\admin\src\components\ui\tooltip.tsx
[2025-11-05T08:00:38.415Z] [2025-11-05T08:00:38.414Z] [INDEXING-ORCHESTRATOR] [DEBUG] Average chunk size: 538 characters
[2025-11-05T08:00:38.415Z] [2025-11-05T08:00:38.414Z] [INDEXING-ORCHESTRATOR] [DEBUG] 📊 Processed: 120/220 files
[2025-11-05T08:00:38.432Z] [2025-11-05T08:00:38.431Z] [TREESITTER-CHUNKER] [INFO] Created 1 semantic chunks from c:\Users\RakaThinkpad\Documents\Project\educatedplanet\admin\src\data\tutors.ts
[2025-11-05T08:00:38.448Z] [2025-11-05T08:00:38.447Z] [TREESITTER-FULL] [INFO] Extracted 2 symbols from c:\Users\RakaThinkpad\Documents\Project\educatedplanet\admin\src\data\tutors.ts
[2025-11-05T08:00:38.448Z] [2025-11-05T08:00:38.447Z] [INDEXING-ORCHESTRATOR] [DEBUG] 🔍 Symbol extraction for c:\Users\RakaThinkpad\Documents\Project\educatedplanet\admin\src\data\tutors.ts: 2 symbols, 1 imports
[2025-11-05T08:00:38.448Z] [2025-11-05T08:00:38.447Z] [INDEXING-ORCHESTRATOR] [DEBUG] 📍 Chunk 1-118: 2 candidate symbols
[2025-11-05T08:00:38.448Z] [2025-11-05T08:00:38.447Z] [INDEXING-ORCHESTRATOR] [DEBUG] ✅ Chunk symbols after filtering: 2 symbols - tutors, reviews
[2025-11-05T08:00:38.448Z] [2025-11-05T08:00:38.447Z] [INDEXING-ORCHESTRATOR] [DEBUG] Created 1 semantic chunks for c:\Users\RakaThinkpad\Documents\Project\educatedplanet\admin\src\data\tutors.ts
[2025-11-05T08:00:38.448Z] [2025-11-05T08:00:38.447Z] [INDEXING-ORCHESTRATOR] [DEBUG] Average chunk size: 2966 characters
[2025-11-05T08:00:38.450Z] [2025-11-05T08:00:38.449Z] [TREESITTER-CHUNKER] [INFO] Created 1 semantic chunks from c:\Users\RakaThinkpad\Documents\Project\educatedplanet\admin\src\hooks\api\index.ts
[2025-11-05T08:00:38.452Z] [2025-11-05T08:00:38.451Z] [TREESITTER-FULL] [INFO] Extracted 0 symbols from c:\Users\RakaThinkpad\Documents\Project\educatedplanet\admin\src\hooks\api\index.ts
[2025-11-05T08:00:38.452Z] [2025-11-05T08:00:38.451Z] [INDEXING-ORCHESTRATOR] [DEBUG] 🔍 Symbol extraction for c:\Users\RakaThinkpad\Documents\Project\educatedplanet\admin\src\hooks\api\index.ts: 0 symbols, 0 imports
[2025-11-05T08:00:38.452Z] [2025-11-05T08:00:38.451Z] [INDEXING-ORCHESTRATOR] [DEBUG] 📍 Chunk 1-49: 0 candidate symbols
[2025-11-05T08:00:38.452Z] [2025-11-05T08:00:38.451Z] [INDEXING-ORCHESTRATOR] [DEBUG] ✅ Chunk symbols after filtering: 0 symbols - 
[2025-11-05T08:00:38.452Z] [2025-11-05T08:00:38.451Z] [INDEXING-ORCHESTRATOR] [DEBUG] Created 1 semantic chunks for c:\Users\RakaThinkpad\Documents\Project\educatedplanet\admin\src\hooks\api\index.ts
[2025-11-05T08:00:38.452Z] [2025-11-05T08:00:38.451Z] [INDEXING-ORCHESTRATOR] [DEBUG] Average chunk size: 747 characters
[2025-11-05T08:00:38.454Z] [2025-11-05T08:00:38.454Z] [TREESITTER-CHUNKER] [INFO] Created 1 semantic chunks from c:\Users\RakaThinkpad\Documents\Project\educatedplanet\admin\src\data\users.ts
[2025-11-05T08:00:38.459Z] [2025-11-05T08:00:38.458Z] [TREESITTER-FULL] [INFO] Extracted 2 symbols from c:\Users\RakaThinkpad\Documents\Project\educatedplanet\admin\src\data\users.ts
[2025-11-05T08:00:38.459Z] [2025-11-05T08:00:38.458Z] [INDEXING-ORCHESTRATOR] [DEBUG] 🔍 Symbol extraction for c:\Users\RakaThinkpad\Documents\Project\educatedplanet\admin\src\data\users.ts: 2 symbols, 1 imports
[2025-11-05T08:00:38.459Z] [2025-11-05T08:00:38.458Z] [INDEXING-ORCHESTRATOR] [DEBUG] 📍 Chunk 1-29: 2 candidate symbols
[2025-11-05T08:00:38.459Z] [2025-11-05T08:00:38.458Z] [INDEXING-ORCHESTRATOR] [DEBUG] ✅ Chunk symbols after filtering: 2 symbols - users, rootUser
[2025-11-05T08:00:38.459Z] [2025-11-05T08:00:38.458Z] [INDEXING-ORCHESTRATOR] [DEBUG] Created 1 semantic chunks for c:\Users\RakaThinkpad\Documents\Project\educatedplanet\admin\src\data\users.ts
[2025-11-05T08:00:38.459Z] [2025-11-05T08:00:38.458Z] [INDEXING-ORCHESTRATOR] [DEBUG] Average chunk size: 711 characters
[2025-11-05T08:00:38.464Z] [2025-11-05T08:00:38.463Z] [TREESITTER-CHUNKER] [INFO] Created 1 semantic chunks from c:\Users\RakaThinkpad\Documents\Project\educatedplanet\admin\src\hooks\api\use-dashboard.ts
[2025-11-05T08:00:38.475Z] [2025-11-05T08:00:38.474Z] [TREESITTER-FULL] [INFO] Extracted 4 symbols from c:\Users\RakaThinkpad\Documents\Project\educatedplanet\admin\src\hooks\api\use-dashboard.ts
[2025-11-05T08:00:38.475Z] [2025-11-05T08:00:38.475Z] [INDEXING-ORCHESTRATOR] [DEBUG] 🔍 Symbol extraction for c:\Users\RakaThinkpad\Documents\Project\educatedplanet\admin\src\hooks\api\use-dashboard.ts: 4 symbols, 2 imports
[2025-11-05T08:00:38.475Z] [2025-11-05T08:00:38.475Z] [INDEXING-ORCHESTRATOR] [DEBUG] 📍 Chunk 1-49: 4 candidate symbols
[2025-11-05T08:00:38.475Z] [2025-11-05T08:00:38.475Z] [INDEXING-ORCHESTRATOR] [DEBUG] ✅ Chunk symbols after filtering: 4 symbols - dashboardKeys, useDashboardOverview, useRecentActivities, useRefreshDashboard
[2025-11-05T08:00:38.475Z] [2025-11-05T08:00:38.475Z] [INDEXING-ORCHESTRATOR] [DEBUG] Created 1 semantic chunks for c:\Users\RakaThinkpad\Documents\Project\educatedplanet\admin\src\hooks\api\use-dashboard.ts
[2025-11-05T08:00:38.475Z] [2025-11-05T08:00:38.475Z] [INDEXING-ORCHESTRATOR] [DEBUG] Average chunk size: 1506 characters
[2025-11-05T08:00:38.489Z] [2025-11-05T08:00:38.489Z] [TREESITTER-CHUNKER] [INFO] Created 1 semantic chunks from c:\Users\RakaThinkpad\Documents\Project\educatedplanet\admin\src\hooks\api\use-reviews.ts
[2025-11-05T08:00:38.532Z] [2025-11-05T08:00:38.531Z] [TREESITTER-FULL] [INFO] Extracted 8 symbols from c:\Users\RakaThinkpad\Documents\Project\educatedplanet\admin\src\hooks\api\use-reviews.ts
[2025-11-05T08:00:38.532Z] [2025-11-05T08:00:38.531Z] [INDEXING-ORCHESTRATOR] [DEBUG] 🔍 Symbol extraction for c:\Users\RakaThinkpad\Documents\Project\educatedplanet\admin\src\hooks\api\use-reviews.ts: 8 symbols, 3 imports
[2025-11-05T08:00:38.532Z] [2025-11-05T08:00:38.531Z] [INDEXING-ORCHESTRATOR] [DEBUG] 📍 Chunk 1-149: 8 candidate symbols
[2025-11-05T08:00:38.532Z] [2025-11-05T08:00:38.531Z] [INDEXING-ORCHESTRATOR] [DEBUG] ✅ Chunk symbols after filtering: 8 symbols - reviewKeys, useReviews, useReview, useReviewStats, useCreateReview, useUpdateReview, useDeleteReview, useBulkDeleteReviews
[2025-11-05T08:00:38.532Z] [2025-11-05T08:00:38.531Z] [INDEXING-ORCHESTRATOR] [DEBUG] Created 1 semantic chunks for c:\Users\RakaThinkpad\Documents\Project\educatedplanet\admin\src\hooks\api\use-reviews.ts
[2025-11-05T08:00:38.532Z] [2025-11-05T08:00:38.531Z] [INDEXING-ORCHESTRATOR] [DEBUG] Average chunk size: 4631 characters
[2025-11-05T08:00:38.545Z] [2025-11-05T08:00:38.545Z] [TREESITTER-CHUNKER] [INFO] Created 1 semantic chunks from c:\Users\RakaThinkpad\Documents\Project\educatedplanet\admin\src\hooks\api\use-tutors.ts
[2025-11-05T08:00:38.596Z] [2025-11-05T08:00:38.595Z] [TREESITTER-FULL] [INFO] Extracted 10 symbols from c:\Users\RakaThinkpad\Documents\Project\educatedplanet\admin\src\hooks\api\use-tutors.ts
[2025-11-05T08:00:38.596Z] [2025-11-05T08:00:38.595Z] [INDEXING-ORCHESTRATOR] [DEBUG] 🔍 Symbol extraction for c:\Users\RakaThinkpad\Documents\Project\educatedplanet\admin\src\hooks\api\use-tutors.ts: 10 symbols, 3 imports
[2025-11-05T08:00:38.596Z] [2025-11-05T08:00:38.595Z] [INDEXING-ORCHESTRATOR] [DEBUG] 📍 Chunk 1-197: 10 candidate symbols
[2025-11-05T08:00:38.596Z] [2025-11-05T08:00:38.595Z] [INDEXING-ORCHESTRATOR] [DEBUG] ✅ Chunk symbols after filtering: 10 symbols - tutorKeys, useTutors, useTutor, useTutorStats, useCreateTutor, useUpdateTutor, useDeleteTutor, useVerifyTutor, useBulkDeleteTutors, useBulkVerifyTutors
[2025-11-05T08:00:38.596Z] [2025-11-05T08:00:38.596Z] [INDEXING-ORCHESTRATOR] [DEBUG] Created 1 semantic chunks for c:\Users\RakaThinkpad\Documents\Project\educatedplanet\admin\src\hooks\api\use-tutors.ts
[2025-11-05T08:00:38.596Z] [2025-11-05T08:00:38.596Z] [INDEXING-ORCHESTRATOR] [DEBUG] Average chunk size: 6211 characters
[2025-11-05T08:00:38.609Z] [2025-11-05T08:00:38.609Z] [TREESITTER-CHUNKER] [INFO] Created 1 semantic chunks from c:\Users\RakaThinkpad\Documents\Project\educatedplanet\admin\src\hooks\api\use-users.ts
[2025-11-05T08:00:38.650Z] [2025-11-05T08:00:38.650Z] [TREESITTER-FULL] [INFO] Extracted 8 symbols from c:\Users\RakaThinkpad\Documents\Project\educatedplanet\admin\src\hooks\api\use-users.ts
[2025-11-05T08:00:38.650Z] [2025-11-05T08:00:38.650Z] [INDEXING-ORCHESTRATOR] [DEBUG] 🔍 Symbol extraction for c:\Users\RakaThinkpad\Documents\Project\educatedplanet\admin\src\hooks\api\use-users.ts: 8 symbols, 3 imports
[2025-11-05T08:00:38.650Z] [2025-11-05T08:00:38.650Z] [INDEXING-ORCHESTRATOR] [DEBUG] 📍 Chunk 1-149: 8 candidate symbols
[2025-11-05T08:00:38.651Z] [2025-11-05T08:00:38.650Z] [INDEXING-ORCHESTRATOR] [DEBUG] ✅ Chunk symbols after filtering: 8 symbols - userKeys, useUsers, useUser, useUserStats, useCreateUser, useUpdateUser, useDeleteUser, useBulkDeleteUsers
[2025-11-05T08:00:38.651Z] [2025-11-05T08:00:38.650Z] [INDEXING-ORCHESTRATOR] [DEBUG] Created 1 semantic chunks for c:\Users\RakaThinkpad\Documents\Project\educatedplanet\admin\src\hooks\api\use-users.ts
[2025-11-05T08:00:38.651Z] [2025-11-05T08:00:38.650Z] [INDEXING-ORCHESTRATOR] [DEBUG] Average chunk size: 4481 characters
[2025-11-05T08:00:38.653Z] [2025-11-05T08:00:38.653Z] [TREESITTER-CHUNKER] [INFO] Created 1 semantic chunks from c:\Users\RakaThinkpad\Documents\Project\educatedplanet\admin\src\hooks\use-mobile.ts
[2025-11-05T08:00:38.660Z] [2025-11-05T08:00:38.659Z] [TREESITTER-FULL] [INFO] Extracted 1 symbols from c:\Users\RakaThinkpad\Documents\Project\educatedplanet\admin\src\hooks\use-mobile.ts
[2025-11-05T08:00:38.660Z] [2025-11-05T08:00:38.659Z] [INDEXING-ORCHESTRATOR] [DEBUG] 🔍 Symbol extraction for c:\Users\RakaThinkpad\Documents\Project\educatedplanet\admin\src\hooks\use-mobile.ts: 1 symbols, 1 imports
[2025-11-05T08:00:38.660Z] [2025-11-05T08:00:38.659Z] [INDEXING-ORCHESTRATOR] [DEBUG] 📍 Chunk 5-19: 1 candidate symbols
[2025-11-05T08:00:38.660Z] [2025-11-05T08:00:38.659Z] [INDEXING-ORCHESTRATOR] [DEBUG] ✅ Chunk symbols after filtering: 1 symbols - useIsMobile
[2025-11-05T08:00:38.660Z] [2025-11-05T08:00:38.659Z] [INDEXING-ORCHESTRATOR] [DEBUG] Created 1 semantic chunks for c:\Users\RakaThinkpad\Documents\Project\educatedplanet\admin\src\hooks\use-mobile.ts
[2025-11-05T08:00:38.660Z] [2025-11-05T08:00:38.659Z] [INDEXING-ORCHESTRATOR] [DEBUG] Average chunk size: 517 characters
[2025-11-05T08:00:38.666Z] [2025-11-05T08:00:38.666Z] [TREESITTER-CHUNKER] [INFO] Created 2 semantic chunks from c:\Users\RakaThinkpad\Documents\Project\educatedplanet\admin\src\hooks\use-data-table-instance.ts
[2025-11-05T08:00:38.677Z] [2025-11-05T08:00:38.677Z] [TREESITTER-FULL] [INFO] Extracted 2 symbols from c:\Users\RakaThinkpad\Documents\Project\educatedplanet\admin\src\hooks\use-data-table-instance.ts
[2025-11-05T08:00:38.677Z] [2025-11-05T08:00:38.677Z] [INDEXING-ORCHESTRATOR] [DEBUG] 🔍 Symbol extraction for c:\Users\RakaThinkpad\Documents\Project\educatedplanet\admin\src\hooks\use-data-table-instance.ts: 2 symbols, 2 imports
[2025-11-05T08:00:38.677Z] [2025-11-05T08:00:38.677Z] [INDEXING-ORCHESTRATOR] [DEBUG] 📍 Chunk 17-24: 1 candidate symbols
[2025-11-05T08:00:38.677Z] [2025-11-05T08:00:38.677Z] [INDEXING-ORCHESTRATOR] [DEBUG] ✅ Chunk symbols after filtering: 1 symbols - UseDataTableInstanceProps
[2025-11-05T08:00:38.677Z] [2025-11-05T08:00:38.677Z] [INDEXING-ORCHESTRATOR] [DEBUG] 📍 Chunk 26-69: 1 candidate symbols
[2025-11-05T08:00:38.677Z] [2025-11-05T08:00:38.677Z] [INDEXING-ORCHESTRATOR] [DEBUG] ✅ Chunk symbols after filtering: 1 symbols - useDataTableInstance
[2025-11-05T08:00:38.677Z] [2025-11-05T08:00:38.677Z] [INDEXING-ORCHESTRATOR] [DEBUG] Created 2 semantic chunks for c:\Users\RakaThinkpad\Documents\Project\educatedplanet\admin\src\hooks\use-data-table-instance.ts
[2025-11-05T08:00:38.677Z] [2025-11-05T08:00:38.677Z] [INDEXING-ORCHESTRATOR] [DEBUG] Average chunk size: 855 characters
[2025-11-05T08:00:38.681Z] [2025-11-05T08:00:38.680Z] [TREESITTER-CHUNKER] [INFO] Created 1 semantic chunks from c:\Users\RakaThinkpad\Documents\Project\educatedplanet\admin\src\hooks\use-navigation-loading.ts
[2025-11-05T08:00:38.687Z] [2025-11-05T08:00:38.687Z] [TREESITTER-FULL] [INFO] Extracted 1 symbols from c:\Users\RakaThinkpad\Documents\Project\educatedplanet\admin\src\hooks\use-navigation-loading.ts
[2025-11-05T08:00:38.687Z] [2025-11-05T08:00:38.687Z] [INDEXING-ORCHESTRATOR] [DEBUG] 🔍 Symbol extraction for c:\Users\RakaThinkpad\Documents\Project\educatedplanet\admin\src\hooks\use-navigation-loading.ts: 1 symbols, 3 imports
[2025-11-05T08:00:38.687Z] [2025-11-05T08:00:38.687Z] [INDEXING-ORCHESTRATOR] [DEBUG] 📍 Chunk 7-40: 1 candidate symbols
[2025-11-05T08:00:38.688Z] [2025-11-05T08:00:38.687Z] [INDEXING-ORCHESTRATOR] [DEBUG] ✅ Chunk symbols after filtering: 1 symbols - useNavigationLoading
[2025-11-05T08:00:38.688Z] [2025-11-05T08:00:38.687Z] [INDEXING-ORCHESTRATOR] [DEBUG] Created 1 semantic chunks for c:\Users\RakaThinkpad\Documents\Project\educatedplanet\admin\src\hooks\use-navigation-loading.ts
[2025-11-05T08:00:38.688Z] [2025-11-05T08:00:38.687Z] [INDEXING-ORCHESTRATOR] [DEBUG] Average chunk size: 816 characters
[2025-11-05T08:00:38.688Z] [2025-11-05T08:00:38.687Z] [INDEXING-ORCHESTRATOR] [DEBUG] 📊 Processed: 130/220 files
[2025-11-05T08:00:38.695Z] [2025-11-05T08:00:38.694Z] [TREESITTER-CHUNKER] [INFO] Created 1 semantic chunks from c:\Users\RakaThinkpad\Documents\Project\educatedplanet\admin\src\lib\layout-utils.ts
[2025-11-05T08:00:38.696Z] [2025-11-05T08:00:38.696Z] [TREESITTER-FULL] [INFO] Extracted 2 symbols from c:\Users\RakaThinkpad\Documents\Project\educatedplanet\admin\src\lib\layout-utils.ts
[2025-11-05T08:00:38.696Z] [2025-11-05T08:00:38.696Z] [INDEXING-ORCHESTRATOR] [DEBUG] 🔍 Symbol extraction for c:\Users\RakaThinkpad\Documents\Project\educatedplanet\admin\src\lib\layout-utils.ts: 2 symbols, 0 imports
[2025-11-05T08:00:38.696Z] [2025-11-05T08:00:38.696Z] [INDEXING-ORCHESTRATOR] [DEBUG] 📍 Chunk 1-13: 2 candidate symbols
[2025-11-05T08:00:38.696Z] [2025-11-05T08:00:38.696Z] [INDEXING-ORCHESTRATOR] [DEBUG] ✅ Chunk symbols after filtering: 2 symbols - updateContentLayout, updateNavbarStyle
[2025-11-05T08:00:38.697Z] [2025-11-05T08:00:38.696Z] [INDEXING-ORCHESTRATOR] [DEBUG] Created 1 semantic chunks for c:\Users\RakaThinkpad\Documents\Project\educatedplanet\admin\src\lib\layout-utils.ts
[2025-11-05T08:00:38.697Z] [2025-11-05T08:00:38.696Z] [INDEXING-ORCHESTRATOR] [DEBUG] Average chunk size: 435 characters
[2025-11-05T08:00:38.737Z] [2025-11-05T08:00:38.736Z] [TREESITTER-CHUNKER] [INFO] Created 1 semantic chunks from c:\Users\RakaThinkpad\Documents\Project\educatedplanet\admin\src\lib\static-api.ts
[2025-11-05T08:00:38.878Z] [2025-11-05T08:00:38.878Z] [TREESITTER-FULL] [INFO] Extracted 11 symbols from c:\Users\RakaThinkpad\Documents\Project\educatedplanet\admin\src\lib\static-api.ts
[2025-11-05T08:00:38.878Z] [2025-11-05T08:00:38.878Z] [INDEXING-ORCHESTRATOR] [DEBUG] 🔍 Symbol extraction for c:\Users\RakaThinkpad\Documents\Project\educatedplanet\admin\src\lib\static-api.ts: 11 symbols, 3 imports
[2025-11-05T08:00:38.878Z] [2025-11-05T08:00:38.878Z] [INDEXING-ORCHESTRATOR] [DEBUG] 📍 Chunk 1-540: 11 candidate symbols
[2025-11-05T08:00:38.878Z] [2025-11-05T08:00:38.878Z] [INDEXING-ORCHESTRATOR] [DEBUG] ✅ Chunk symbols after filtering: 11 symbols - transformUserSearchResult, transformTutorSearchResult, transformReviewSearchResult, userApi, tutorApi, reviewApi, dashboardApi, api, userService, tutorService, reviewService
[2025-11-05T08:00:38.878Z] [2025-11-05T08:00:38.878Z] [INDEXING-ORCHESTRATOR] [DEBUG] Created 1 semantic chunks for c:\Users\RakaThinkpad\Documents\Project\educatedplanet\admin\src\lib\static-api.ts
[2025-11-05T08:00:38.878Z] [2025-11-05T08:00:38.878Z] [INDEXING-ORCHESTRATOR] [DEBUG] Average chunk size: 16126 characters
[2025-11-05T08:00:38.903Z] [2025-11-05T08:00:38.902Z] [TREESITTER-CHUNKER] [INFO] Created 1 semantic chunks from c:\Users\RakaThinkpad\Documents\Project\educatedplanet\admin\src\lib\api.ts
[2025-11-05T08:00:38.974Z] [2025-11-05T08:00:38.973Z] [TREESITTER-FULL] [INFO] Extracted 11 symbols from c:\Users\RakaThinkpad\Documents\Project\educatedplanet\admin\src\lib\api.ts
[2025-11-05T08:00:38.974Z] [2025-11-05T08:00:38.974Z] [INDEXING-ORCHESTRATOR] [DEBUG] 🔍 Symbol extraction for c:\Users\RakaThinkpad\Documents\Project\educatedplanet\admin\src\lib\api.ts: 11 symbols, 2 imports
[2025-11-05T08:00:38.974Z] [2025-11-05T08:00:38.974Z] [INDEXING-ORCHESTRATOR] [DEBUG] 📍 Chunk 1-397: 11 candidate symbols
[2025-11-05T08:00:38.974Z] [2025-11-05T08:00:38.974Z] [INDEXING-ORCHESTRATOR] [DEBUG] ✅ Chunk symbols after filtering: 11 symbols - userService, tutorService, reviewService, transformUserSearchResult, transformTutorSearchResult, transformReviewSearchResult, userApi, tutorApi, reviewApi, dashboardApi, api
[2025-11-05T08:00:38.974Z] [2025-11-05T08:00:38.974Z] [INDEXING-ORCHESTRATOR] [DEBUG] Created 1 semantic chunks for c:\Users\RakaThinkpad\Documents\Project\educatedplanet\admin\src\lib\api.ts
[2025-11-05T08:00:38.974Z] [2025-11-05T08:00:38.974Z] [INDEXING-ORCHESTRATOR] [DEBUG] Average chunk size: 10532 characters
[2025-11-05T08:00:38.975Z] [2025-11-05T08:00:38.975Z] [TREESITTER-CHUNKER] [INFO] Created 1 semantic chunks from c:\Users\RakaThinkpad\Documents\Project\educatedplanet\admin\src\lib\theme-utils.ts
[2025-11-05T08:00:38.977Z] [2025-11-05T08:00:38.976Z] [TREESITTER-FULL] [INFO] Extracted 1 symbols from c:\Users\RakaThinkpad\Documents\Project\educatedplanet\admin\src\lib\theme-utils.ts
[2025-11-05T08:00:38.977Z] [2025-11-05T08:00:38.976Z] [INDEXING-ORCHESTRATOR] [DEBUG] 🔍 Symbol extraction for c:\Users\RakaThinkpad\Documents\Project\educatedplanet\admin\src\lib\theme-utils.ts: 1 symbols, 0 imports
[2025-11-05T08:00:38.977Z] [2025-11-05T08:00:38.977Z] [INDEXING-ORCHESTRATOR] [DEBUG] 📍 Chunk 1-8: 1 candidate symbols
[2025-11-05T08:00:38.977Z] [2025-11-05T08:00:38.977Z] [INDEXING-ORCHESTRATOR] [DEBUG] ✅ Chunk symbols after filtering: 1 symbols - updateThemeMode
[2025-11-05T08:00:38.977Z] [2025-11-05T08:00:38.977Z] [INDEXING-ORCHESTRATOR] [DEBUG] Created 1 semantic chunks for c:\Users\RakaThinkpad\Documents\Project\educatedplanet\admin\src\lib\theme-utils.ts
[2025-11-05T08:00:38.977Z] [2025-11-05T08:00:38.977Z] [INDEXING-ORCHESTRATOR] [DEBUG] Average chunk size: 281 characters
[2025-11-05T08:00:38.980Z] [2025-11-05T08:00:38.980Z] [TREESITTER-CHUNKER] [INFO] Created 2 semantic chunks from c:\Users\RakaThinkpad\Documents\Project\educatedplanet\admin\src\lib\utils.ts
[2025-11-05T08:00:38.986Z] [2025-11-05T08:00:38.985Z] [TREESITTER-FULL] [INFO] Extracted 3 symbols from c:\Users\RakaThinkpad\Documents\Project\educatedplanet\admin\src\lib\utils.ts
[2025-11-05T08:00:38.986Z] [2025-11-05T08:00:38.985Z] [INDEXING-ORCHESTRATOR] [DEBUG] 🔍 Symbol extraction for c:\Users\RakaThinkpad\Documents\Project\educatedplanet\admin\src\lib\utils.ts: 3 symbols, 2 imports
[2025-11-05T08:00:38.986Z] [2025-11-05T08:00:38.985Z] [INDEXING-ORCHESTRATOR] [DEBUG] 📍 Chunk 4-6: 1 candidate symbols
[2025-11-05T08:00:38.986Z] [2025-11-05T08:00:38.985Z] [INDEXING-ORCHESTRATOR] [DEBUG] ✅ Chunk symbols after filtering: 1 symbols - cn
[2025-11-05T08:00:38.986Z] [2025-11-05T08:00:38.985Z] [INDEXING-ORCHESTRATOR] [DEBUG] 📍 Chunk 22-42: 1 candidate symbols
[2025-11-05T08:00:38.986Z] [2025-11-05T08:00:38.985Z] [INDEXING-ORCHESTRATOR] [DEBUG] ✅ Chunk symbols after filtering: 1 symbols - formatCurrency
[2025-11-05T08:00:38.986Z] [2025-11-05T08:00:38.986Z] [INDEXING-ORCHESTRATOR] [DEBUG] Created 2 semantic chunks for c:\Users\RakaThinkpad\Documents\Project\educatedplanet\admin\src\lib\utils.ts
[2025-11-05T08:00:38.986Z] [2025-11-05T08:00:38.986Z] [INDEXING-ORCHESTRATOR] [DEBUG] Average chunk size: 360 characters
[2025-11-05T08:00:39.002Z] [2025-11-05T08:00:39.001Z] [TREESITTER-CHUNKER] [INFO] Created 2 semantic chunks from c:\Users\RakaThinkpad\Documents\Project\educatedplanet\admin\src\navigation\sidebar\sidebar-items.ts
[2025-11-05T08:00:39.027Z] [2025-11-05T08:00:39.027Z] [TREESITTER-FULL] [INFO] Extracted 4 symbols from c:\Users\RakaThinkpad\Documents\Project\educatedplanet\admin\src\navigation\sidebar\sidebar-items.ts
[2025-11-05T08:00:39.027Z] [2025-11-05T08:00:39.027Z] [INDEXING-ORCHESTRATOR] [DEBUG] 🔍 Symbol extraction for c:\Users\RakaThinkpad\Documents\Project\educatedplanet\admin\src\navigation\sidebar\sidebar-items.ts: 4 symbols, 1 imports
[2025-11-05T08:00:39.027Z] [2025-11-05T08:00:39.027Z] [INDEXING-ORCHESTRATOR] [DEBUG] 📍 Chunk 21-44: 3 candidate symbols
[2025-11-05T08:00:39.027Z] [2025-11-05T08:00:39.027Z] [INDEXING-ORCHESTRATOR] [DEBUG] ✅ Chunk symbols after filtering: 3 symbols - NavSubItem, NavMainItem, NavGroup
[2025-11-05T08:00:39.028Z] [2025-11-05T08:00:39.027Z] [INDEXING-ORCHESTRATOR] [DEBUG] 📍 Chunk 45-164: 1 candidate symbols
[2025-11-05T08:00:39.028Z] [2025-11-05T08:00:39.027Z] [INDEXING-ORCHESTRATOR] [DEBUG] ✅ Chunk symbols after filtering: 1 symbols - sidebarItems
[2025-11-05T08:00:39.028Z] [2025-11-05T08:00:39.027Z] [INDEXING-ORCHESTRATOR] [DEBUG] Created 2 semantic chunks for c:\Users\RakaThinkpad\Documents\Project\educatedplanet\admin\src\navigation\sidebar\sidebar-items.ts
[2025-11-05T08:00:39.028Z] [2025-11-05T08:00:39.027Z] [INDEXING-ORCHESTRATOR] [DEBUG] Average chunk size: 1545 characters
[2025-11-05T08:00:39.031Z] [2025-11-05T08:00:39.030Z] [TREESITTER-CHUNKER] [INFO] Created 1 semantic chunks from c:\Users\RakaThinkpad\Documents\Project\educatedplanet\admin\src\server\server-actions.ts
[2025-11-05T08:00:39.036Z] [2025-11-05T08:00:39.035Z] [TREESITTER-FULL] [INFO] Extracted 3 symbols from c:\Users\RakaThinkpad\Documents\Project\educatedplanet\admin\src\server\server-actions.ts
[2025-11-05T08:00:39.036Z] [2025-11-05T08:00:39.035Z] [INDEXING-ORCHESTRATOR] [DEBUG] 🔍 Symbol extraction for c:\Users\RakaThinkpad\Documents\Project\educatedplanet\admin\src\server\server-actions.ts: 3 symbols, 1 imports
[2025-11-05T08:00:39.036Z] [2025-11-05T08:00:39.035Z] [INDEXING-ORCHESTRATOR] [DEBUG] 📍 Chunk 5-27: 3 candidate symbols
[2025-11-05T08:00:39.036Z] [2025-11-05T08:00:39.035Z] [INDEXING-ORCHESTRATOR] [DEBUG] ✅ Chunk symbols after filtering: 3 symbols - getValueFromCookie, setValueToCookie, getPreference
[2025-11-05T08:00:39.036Z] [2025-11-05T08:00:39.035Z] [INDEXING-ORCHESTRATOR] [DEBUG] Created 1 semantic chunks for c:\Users\RakaThinkpad\Documents\Project\educatedplanet\admin\src\server\server-actions.ts
[2025-11-05T08:00:39.036Z] [2025-11-05T08:00:39.035Z] [INDEXING-ORCHESTRATOR] [DEBUG] Average chunk size: 820 characters
[2025-11-05T08:00:39.037Z] [2025-11-05T08:00:39.036Z] [TREESITTER-CHUNKER] [INFO] Created 2 semantic chunks from c:\Users\RakaThinkpad\Documents\Project\educatedplanet\admin\src\proxy.disabled.ts
[2025-11-05T08:00:39.038Z] [2025-11-05T08:00:39.037Z] [TREESITTER-FULL] [INFO] Extracted 2 symbols from c:\Users\RakaThinkpad\Documents\Project\educatedplanet\admin\src\proxy.disabled.ts
[2025-11-05T08:00:39.038Z] [2025-11-05T08:00:39.037Z] [INDEXING-ORCHESTRATOR] [DEBUG] 🔍 Symbol extraction for c:\Users\RakaThinkpad\Documents\Project\educatedplanet\admin\src\proxy.disabled.ts: 2 symbols, 1 imports
[2025-11-05T08:00:39.038Z] [2025-11-05T08:00:39.037Z] [INDEXING-ORCHESTRATOR] [DEBUG] 📍 Chunk 10-17: 1 candidate symbols
[2025-11-05T08:00:39.038Z] [2025-11-05T08:00:39.037Z] [INDEXING-ORCHESTRATOR] [DEBUG] ✅ Chunk symbols after filtering: 1 symbols - proxy
[2025-11-05T08:00:39.038Z] [2025-11-05T08:00:39.037Z] [INDEXING-ORCHESTRATOR] [DEBUG] 📍 Chunk 18-26: 1 candidate symbols
[2025-11-05T08:00:39.038Z] [2025-11-05T08:00:39.037Z] [INDEXING-ORCHESTRATOR] [DEBUG] ✅ Chunk symbols after filtering: 1 symbols - config
[2025-11-05T08:00:39.038Z] [2025-11-05T08:00:39.037Z] [INDEXING-ORCHESTRATOR] [DEBUG] Created 2 semantic chunks for c:\Users\RakaThinkpad\Documents\Project\educatedplanet\admin\src\proxy.disabled.ts
[2025-11-05T08:00:39.038Z] [2025-11-05T08:00:39.038Z] [INDEXING-ORCHESTRATOR] [DEBUG] Average chunk size: 237 characters
[2025-11-05T08:00:39.049Z] [2025-11-05T08:00:39.049Z] [TREESITTER-CHUNKER] [INFO] Created 2 semantic chunks from c:\Users\RakaThinkpad\Documents\Project\educatedplanet\admin\src\scripts\generate-theme-presets.ts
[2025-11-05T08:00:39.078Z] [2025-11-05T08:00:39.077Z] [TREESITTER-FULL] [INFO] Extracted 11 symbols from c:\Users\RakaThinkpad\Documents\Project\educatedplanet\admin\src\scripts\generate-theme-presets.ts
[2025-11-05T08:00:39.078Z] [2025-11-05T08:00:39.077Z] [INDEXING-ORCHESTRATOR] [DEBUG] 🔍 Symbol extraction for c:\Users\RakaThinkpad\Documents\Project\educatedplanet\admin\src\scripts\generate-theme-presets.ts: 11 symbols, 3 imports
[2025-11-05T08:00:39.078Z] [2025-11-05T08:00:39.077Z] [INDEXING-ORCHESTRATOR] [DEBUG] 📍 Chunk 112-122: 1 candidate symbols
[2025-11-05T08:00:39.078Z] [2025-11-05T08:00:39.077Z] [INDEXING-ORCHESTRATOR] [DEBUG] ✅ Chunk symbols after filtering: 1 symbols - main
[2025-11-05T08:00:39.078Z] [2025-11-05T08:00:39.077Z] [INDEXING-ORCHESTRATOR] [DEBUG] 📍 Chunk 123-128: 0 candidate symbols
[2025-11-05T08:00:39.078Z] [2025-11-05T08:00:39.077Z] [INDEXING-ORCHESTRATOR] [DEBUG] ✅ Chunk symbols after filtering: 0 symbols - 
[2025-11-05T08:00:39.078Z] [2025-11-05T08:00:39.077Z] [INDEXING-ORCHESTRATOR] [DEBUG] Created 2 semantic chunks for c:\Users\RakaThinkpad\Documents\Project\educatedplanet\admin\src\scripts\generate-theme-presets.ts
[2025-11-05T08:00:39.078Z] [2025-11-05T08:00:39.077Z] [INDEXING-ORCHESTRATOR] [DEBUG] Average chunk size: 221 characters
[2025-11-05T08:00:39.082Z] [2025-11-05T08:00:39.082Z] [TREESITTER-CHUNKER] [INFO] Created 1 semantic chunks from c:\Users\RakaThinkpad\Documents\Project\educatedplanet\admin\src\stores\preferences\preferences-provider.tsx
[2025-11-05T08:00:39.089Z] [2025-11-05T08:00:39.088Z] [TREESITTER-FULL] [INFO] Extracted 3 symbols from c:\Users\RakaThinkpad\Documents\Project\educatedplanet\admin\src\stores\preferences\preferences-provider.tsx
[2025-11-05T08:00:39.089Z] [2025-11-05T08:00:39.088Z] [INDEXING-ORCHESTRATOR] [DEBUG] 🔍 Symbol extraction for c:\Users\RakaThinkpad\Documents\Project\educatedplanet\admin\src\stores\preferences\preferences-provider.tsx: 3 symbols, 3 imports
[2025-11-05T08:00:39.089Z] [2025-11-05T08:00:39.088Z] [INDEXING-ORCHESTRATOR] [DEBUG] 📍 Chunk 1-30: 3 candidate symbols
[2025-11-05T08:00:39.089Z] [2025-11-05T08:00:39.088Z] [INDEXING-ORCHESTRATOR] [DEBUG] ✅ Chunk symbols after filtering: 3 symbols - PreferencesStoreContext, storeRef, usePreferencesStore
[2025-11-05T08:00:39.089Z] [2025-11-05T08:00:39.088Z] [INDEXING-ORCHESTRATOR] [DEBUG] Created 1 semantic chunks for c:\Users\RakaThinkpad\Documents\Project\educatedplanet\admin\src\stores\preferences\preferences-provider.tsx
[2025-11-05T08:00:39.089Z] [2025-11-05T08:00:39.088Z] [INDEXING-ORCHESTRATOR] [DEBUG] Average chunk size: 978 characters
[2025-11-05T08:00:39.089Z] [2025-11-05T08:00:39.088Z] [INDEXING-ORCHESTRATOR] [DEBUG] 📊 Processed: 140/220 files
[2025-11-05T08:00:39.095Z] [2025-11-05T08:00:39.095Z] [TREESITTER-CHUNKER] [INFO] Created 2 semantic chunks from c:\Users\RakaThinkpad\Documents\Project\educatedplanet\admin\src\stores\preferences\preferences-store.ts
[2025-11-05T08:00:39.098Z] [2025-11-05T08:00:39.097Z] [TREESITTER-FULL] [INFO] Extracted 2 symbols from c:\Users\RakaThinkpad\Documents\Project\educatedplanet\admin\src\stores\preferences\preferences-store.ts
[2025-11-05T08:00:39.098Z] [2025-11-05T08:00:39.097Z] [INDEXING-ORCHESTRATOR] [DEBUG] 🔍 Symbol extraction for c:\Users\RakaThinkpad\Documents\Project\educatedplanet\admin\src\stores\preferences\preferences-store.ts: 2 symbols, 2 imports
[2025-11-05T08:00:39.098Z] [2025-11-05T08:00:39.097Z] [INDEXING-ORCHESTRATOR] [DEBUG] 📍 Chunk 5-8: 1 candidate symbols
[2025-11-05T08:00:39.098Z] [2025-11-05T08:00:39.097Z] [INDEXING-ORCHESTRATOR] [DEBUG] ✅ Chunk symbols after filtering: 1 symbols - PreferencesState
[2025-11-05T08:00:39.098Z] [2025-11-05T08:00:39.097Z] [INDEXING-ORCHESTRATOR] [DEBUG] 📍 Chunk 9-15: 1 candidate symbols
[2025-11-05T08:00:39.098Z] [2025-11-05T08:00:39.097Z] [INDEXING-ORCHESTRATOR] [DEBUG] ✅ Chunk symbols after filtering: 1 symbols - createPreferencesStore
[2025-11-05T08:00:39.098Z] [2025-11-05T08:00:39.098Z] [INDEXING-ORCHESTRATOR] [DEBUG] Created 2 semantic chunks for c:\Users\RakaThinkpad\Documents\Project\educatedplanet\admin\src\stores\preferences\preferences-store.ts
[2025-11-05T08:00:39.098Z] [2025-11-05T08:00:39.098Z] [INDEXING-ORCHESTRATOR] [DEBUG] Average chunk size: 164 characters
[2025-11-05T08:00:39.101Z] [2025-11-05T08:00:39.101Z] [TREESITTER-CHUNKER] [INFO] Created 4 semantic chunks from c:\Users\RakaThinkpad\Documents\Project\educatedplanet\admin\src\types\preferences\layout.ts
[2025-11-05T08:00:39.106Z] [2025-11-05T08:00:39.106Z] [TREESITTER-FULL] [INFO] Extracted 12 symbols from c:\Users\RakaThinkpad\Documents\Project\educatedplanet\admin\src\types\preferences\layout.ts
[2025-11-05T08:00:39.106Z] [2025-11-05T08:00:39.106Z] [INDEXING-ORCHESTRATOR] [DEBUG] 🔍 Symbol extraction for c:\Users\RakaThinkpad\Documents\Project\educatedplanet\admin\src\types\preferences\layout.ts: 12 symbols, 0 imports
[2025-11-05T08:00:39.106Z] [2025-11-05T08:00:39.106Z] [INDEXING-ORCHESTRATOR] [DEBUG] 📍 Chunk 8-8: 1 candidate symbols
[2025-11-05T08:00:39.106Z] [2025-11-05T08:00:39.106Z] [INDEXING-ORCHESTRATOR] [DEBUG] ✅ Chunk symbols after filtering: 1 symbols - SidebarVariant
[2025-11-05T08:00:39.106Z] [2025-11-05T08:00:39.106Z] [INDEXING-ORCHESTRATOR] [DEBUG] 📍 Chunk 16-16: 1 candidate symbols
[2025-11-05T08:00:39.106Z] [2025-11-05T08:00:39.106Z] [INDEXING-ORCHESTRATOR] [DEBUG] ✅ Chunk symbols after filtering: 1 symbols - SidebarCollapsible
[2025-11-05T08:00:39.106Z] [2025-11-05T08:00:39.106Z] [INDEXING-ORCHESTRATOR] [DEBUG] 📍 Chunk 24-24: 1 candidate symbols
[2025-11-05T08:00:39.106Z] [2025-11-05T08:00:39.106Z] [INDEXING-ORCHESTRATOR] [DEBUG] ✅ Chunk symbols after filtering: 1 symbols - ContentLayout
[2025-11-05T08:00:39.106Z] [2025-11-05T08:00:39.106Z] [INDEXING-ORCHESTRATOR] [DEBUG] 📍 Chunk 32-32: 1 candidate symbols
[2025-11-05T08:00:39.106Z] [2025-11-05T08:00:39.106Z] [INDEXING-ORCHESTRATOR] [DEBUG] ✅ Chunk symbols after filtering: 1 symbols - NavbarStyle
[2025-11-05T08:00:39.106Z] [2025-11-05T08:00:39.106Z] [INDEXING-ORCHESTRATOR] [DEBUG] Created 4 semantic chunks for c:\Users\RakaThinkpad\Documents\Project\educatedplanet\admin\src\types\preferences\layout.ts
[2025-11-05T08:00:39.106Z] [2025-11-05T08:00:39.106Z] [INDEXING-ORCHESTRATOR] [DEBUG] Average chunk size: 62 characters
[2025-11-05T08:00:39.107Z] [2025-11-05T08:00:39.106Z] [TREESITTER-CHUNKER] [INFO] Created 1 semantic chunks from c:\Users\RakaThinkpad\Documents\Project\educatedplanet\common\src\index.ts
[2025-11-05T08:00:39.107Z] [2025-11-05T08:00:39.107Z] [TREESITTER-FULL] [INFO] Extracted 0 symbols from c:\Users\RakaThinkpad\Documents\Project\educatedplanet\common\src\index.ts
[2025-11-05T08:00:39.107Z] [2025-11-05T08:00:39.107Z] [INDEXING-ORCHESTRATOR] [DEBUG] 🔍 Symbol extraction for c:\Users\RakaThinkpad\Documents\Project\educatedplanet\common\src\index.ts: 0 symbols, 0 imports
[2025-11-05T08:00:39.107Z] [2025-11-05T08:00:39.107Z] [INDEXING-ORCHESTRATOR] [DEBUG] 📍 Chunk 1-4: 0 candidate symbols
[2025-11-05T08:00:39.107Z] [2025-11-05T08:00:39.107Z] [INDEXING-ORCHESTRATOR] [DEBUG] ✅ Chunk symbols after filtering: 0 symbols - 
[2025-11-05T08:00:39.107Z] [2025-11-05T08:00:39.107Z] [INDEXING-ORCHESTRATOR] [DEBUG] Created 1 semantic chunks for c:\Users\RakaThinkpad\Documents\Project\educatedplanet\common\src\index.ts
[2025-11-05T08:00:39.107Z] [2025-11-05T08:00:39.107Z] [INDEXING-ORCHESTRATOR] [DEBUG] Average chunk size: 142 characters
[2025-11-05T08:00:39.108Z] [2025-11-05T08:00:39.108Z] [TREESITTER-CHUNKER] [INFO] Created 1 semantic chunks from c:\Users\RakaThinkpad\Documents\Project\educatedplanet\admin\src\types\preferences\theme.ts
[2025-11-05T08:00:39.109Z] [2025-11-05T08:00:39.109Z] [TREESITTER-FULL] [INFO] Extracted 3 symbols from c:\Users\RakaThinkpad\Documents\Project\educatedplanet\admin\src\types\preferences\theme.ts
[2025-11-05T08:00:39.110Z] [2025-11-05T08:00:39.109Z] [INDEXING-ORCHESTRATOR] [DEBUG] 🔍 Symbol extraction for c:\Users\RakaThinkpad\Documents\Project\educatedplanet\admin\src\types\preferences\theme.ts: 3 symbols, 0 imports
[2025-11-05T08:00:39.110Z] [2025-11-05T08:00:39.109Z] [INDEXING-ORCHESTRATOR] [DEBUG] 📍 Chunk 14-14: 1 candidate symbols
[2025-11-05T08:00:39.110Z] [2025-11-05T08:00:39.109Z] [INDEXING-ORCHESTRATOR] [DEBUG] ✅ Chunk symbols after filtering: 1 symbols - ThemeMode
[2025-11-05T08:00:39.110Z] [2025-11-05T08:00:39.109Z] [INDEXING-ORCHESTRATOR] [DEBUG] Created 1 semantic chunks for c:\Users\RakaThinkpad\Documents\Project\educatedplanet\admin\src\types\preferences\theme.ts
[2025-11-05T08:00:39.110Z] [2025-11-05T08:00:39.109Z] [INDEXING-ORCHESTRATOR] [DEBUG] Average chunk size: 52 characters
[2025-11-05T08:00:39.112Z] [2025-11-05T08:00:39.112Z] [TREESITTER-CHUNKER] [INFO] Created 1 semantic chunks from c:\Users\RakaThinkpad\Documents\Project\educatedplanet\common\src\constants\index.ts
[2025-11-05T08:00:39.117Z] [2025-11-05T08:00:39.117Z] [TREESITTER-FULL] [INFO] Extracted 6 symbols from c:\Users\RakaThinkpad\Documents\Project\educatedplanet\common\src\constants\index.ts
[2025-11-05T08:00:39.117Z] [2025-11-05T08:00:39.117Z] [INDEXING-ORCHESTRATOR] [DEBUG] 🔍 Symbol extraction for c:\Users\RakaThinkpad\Documents\Project\educatedplanet\common\src\constants\index.ts: 6 symbols, 0 imports
[2025-11-05T08:00:39.117Z] [2025-11-05T08:00:39.117Z] [INDEXING-ORCHESTRATOR] [DEBUG] 📍 Chunk 1-78: 6 candidate symbols
[2025-11-05T08:00:39.118Z] [2025-11-05T08:00:39.117Z] [INDEXING-ORCHESTRATOR] [DEBUG] ✅ Chunk symbols after filtering: 6 symbols - APP_CONFIG, LOCATIONS, SUBJECTS, CLASS_LEVELS, USER_ROLES, TEACHING_MODES
[2025-11-05T08:00:39.118Z] [2025-11-05T08:00:39.117Z] [INDEXING-ORCHESTRATOR] [DEBUG] Created 1 semantic chunks for c:\Users\RakaThinkpad\Documents\Project\educatedplanet\common\src\constants\index.ts
[2025-11-05T08:00:39.118Z] [2025-11-05T08:00:39.117Z] [INDEXING-ORCHESTRATOR] [DEBUG] Average chunk size: 1296 characters
[2025-11-05T08:00:39.120Z] [2025-11-05T08:00:39.120Z] [TREESITTER-CHUNKER] [INFO] Created 1 semantic chunks from c:\Users\RakaThinkpad\Documents\Project\educatedplanet\common\src\utils\index.ts
[2025-11-05T08:00:39.129Z] [2025-11-05T08:00:39.128Z] [TREESITTER-FULL] [INFO] Extracted 5 symbols from c:\Users\RakaThinkpad\Documents\Project\educatedplanet\common\src\utils\index.ts
[2025-11-05T08:00:39.129Z] [2025-11-05T08:00:39.128Z] [INDEXING-ORCHESTRATOR] [DEBUG] 🔍 Symbol extraction for c:\Users\RakaThinkpad\Documents\Project\educatedplanet\common\src\utils\index.ts: 5 symbols, 0 imports
[2025-11-05T08:00:39.129Z] [2025-11-05T08:00:39.128Z] [INDEXING-ORCHESTRATOR] [DEBUG] 📍 Chunk 6-44: 5 candidate symbols
[2025-11-05T08:00:39.129Z] [2025-11-05T08:00:39.128Z] [INDEXING-ORCHESTRATOR] [DEBUG] ✅ Chunk symbols after filtering: 5 symbols - formatTutorName, formatCurrency, generateSlug, isEmpty, truncateText
[2025-11-05T08:00:39.129Z] [2025-11-05T08:00:39.128Z] [INDEXING-ORCHESTRATOR] [DEBUG] Created 1 semantic chunks for c:\Users\RakaThinkpad\Documents\Project\educatedplanet\common\src\utils\index.ts
[2025-11-05T08:00:39.129Z] [2025-11-05T08:00:39.128Z] [INDEXING-ORCHESTRATOR] [DEBUG] Average chunk size: 880 characters
[2025-11-05T08:00:39.136Z] [2025-11-05T08:00:39.135Z] [TREESITTER-CHUNKER] [INFO] Created 1 semantic chunks from c:\Users\RakaThinkpad\Documents\Project\educatedplanet\common\src\validation\index.ts
[2025-11-05T08:00:39.156Z] [2025-11-05T08:00:39.155Z] [TREESITTER-FULL] [INFO] Extracted 18 symbols from c:\Users\RakaThinkpad\Documents\Project\educatedplanet\common\src\validation\index.ts
[2025-11-05T08:00:39.156Z] [2025-11-05T08:00:39.155Z] [INDEXING-ORCHESTRATOR] [DEBUG] 🔍 Symbol extraction for c:\Users\RakaThinkpad\Documents\Project\educatedplanet\common\src\validation\index.ts: 18 symbols, 1 imports
[2025-11-05T08:00:39.156Z] [2025-11-05T08:00:39.155Z] [INDEXING-ORCHESTRATOR] [DEBUG] 📍 Chunk 74-78: 5 candidate symbols
[2025-11-05T08:00:39.156Z] [2025-11-05T08:00:39.155Z] [INDEXING-ORCHESTRATOR] [DEBUG] ✅ Chunk symbols after filtering: 5 symbols - LoginInput, TutorBasicInfoInput, TutorTeachingInput, TutorLocationInput, ReviewInput
[2025-11-05T08:00:39.156Z] [2025-11-05T08:00:39.155Z] [INDEXING-ORCHESTRATOR] [DEBUG] Created 1 semantic chunks for c:\Users\RakaThinkpad\Documents\Project\educatedplanet\common\src\validation\index.ts
[2025-11-05T08:00:39.156Z] [2025-11-05T08:00:39.155Z] [INDEXING-ORCHESTRATOR] [DEBUG] Average chunk size: 314 characters
[2025-11-05T08:00:39.161Z] [2025-11-05T08:00:39.161Z] [TREESITTER-CHUNKER] [INFO] 🔍 Found class: DatabaseConnection (126 lines)
[2025-11-05T08:00:39.161Z] [2025-11-05T08:00:39.161Z] [TREESITTER-CHUNKER] [INFO] 📦 Keeping small class intact: DatabaseConnection (126 lines <= 150)
[2025-11-05T08:00:39.171Z] [2025-11-05T08:00:39.170Z] [TREESITTER-CHUNKER] [INFO] Created 2 semantic chunks from c:\Users\RakaThinkpad\Documents\Project\educatedplanet\dataservice\src\datamodels\connections\database.js
[2025-11-05T08:00:39.210Z] [2025-11-05T08:00:39.209Z] [TREESITTER-FULL] [INFO] Extracted 4 symbols from c:\Users\RakaThinkpad\Documents\Project\educatedplanet\dataservice\src\datamodels\connections\database.js
[2025-11-05T08:00:39.210Z] [2025-11-05T08:00:39.209Z] [INDEXING-ORCHESTRATOR] [DEBUG] 🔍 Symbol extraction for c:\Users\RakaThinkpad\Documents\Project\educatedplanet\dataservice\src\datamodels\connections\database.js: 4 symbols, 0 imports
[2025-11-05T08:00:39.210Z] [2025-11-05T08:00:39.209Z] [INDEXING-ORCHESTRATOR] [DEBUG] 📍 Chunk 27-152: 1 candidate symbols
[2025-11-05T08:00:39.210Z] [2025-11-05T08:00:39.209Z] [INDEXING-ORCHESTRATOR] [DEBUG] ✅ Chunk symbols after filtering: 1 symbols - DatabaseConnection
[2025-11-05T08:00:39.210Z] [2025-11-05T08:00:39.209Z] [INDEXING-ORCHESTRATOR] [DEBUG] 📍 Chunk 153-174: 2 candidate symbols
[2025-11-05T08:00:39.210Z] [2025-11-05T08:00:39.209Z] [INDEXING-ORCHESTRATOR] [DEBUG] ✅ Chunk symbols after filtering: 2 symbols - initializeDatabase, closeDatabase
[2025-11-05T08:00:39.210Z] [2025-11-05T08:00:39.209Z] [INDEXING-ORCHESTRATOR] [DEBUG] Created 2 semantic chunks for c:\Users\RakaThinkpad\Documents\Project\educatedplanet\dataservice\src\datamodels\connections\database.js
[2025-11-05T08:00:39.210Z] [2025-11-05T08:00:39.209Z] [INDEXING-ORCHESTRATOR] [DEBUG] Average chunk size: 2344 characters
[2025-11-05T08:00:39.213Z] [2025-11-05T08:00:39.212Z] [TREESITTER-CHUNKER] [INFO] Created 1 semantic chunks from c:\Users\RakaThinkpad\Documents\Project\educatedplanet\dataservice\src\datamodels\connections\index.js
[2025-11-05T08:00:39.220Z] [2025-11-05T08:00:39.219Z] [TREESITTER-FULL] [INFO] Extracted 1 symbols from c:\Users\RakaThinkpad\Documents\Project\educatedplanet\dataservice\src\datamodels\connections\index.js
[2025-11-05T08:00:39.220Z] [2025-11-05T08:00:39.219Z] [INDEXING-ORCHESTRATOR] [DEBUG] 🔍 Symbol extraction for c:\Users\RakaThinkpad\Documents\Project\educatedplanet\dataservice\src\datamodels\connections\index.js: 1 symbols, 0 imports
[2025-11-05T08:00:39.220Z] [2025-11-05T08:00:39.219Z] [INDEXING-ORCHESTRATOR] [DEBUG] 📍 Chunk 1-13: 1 candidate symbols
[2025-11-05T08:00:39.220Z] [2025-11-05T08:00:39.219Z] [INDEXING-ORCHESTRATOR] [DEBUG] ✅ Chunk symbols after filtering: 1 symbols - database_1
[2025-11-05T08:00:39.220Z] [2025-11-05T08:00:39.219Z] [INDEXING-ORCHESTRATOR] [DEBUG] Created 1 semantic chunks for c:\Users\RakaThinkpad\Documents\Project\educatedplanet\dataservice\src\datamodels\connections\index.js
[2025-11-05T08:00:39.220Z] [2025-11-05T08:00:39.219Z] [INDEXING-ORCHESTRATOR] [DEBUG] Average chunk size: 992 characters
[2025-11-05T08:00:39.224Z] [2025-11-05T08:00:39.223Z] [TREESITTER-CHUNKER] [INFO] 🔍 Found class: unknown (142 lines)
[2025-11-05T08:00:39.224Z] [2025-11-05T08:00:39.223Z] [TREESITTER-CHUNKER] [INFO] 📦 Keeping small class intact: unknown (142 lines <= 150)
[2025-11-05T08:00:39.230Z] [2025-11-05T08:00:39.230Z] [TREESITTER-CHUNKER] [INFO] Created 3 semantic chunks from c:\Users\RakaThinkpad\Documents\Project\educatedplanet\dataservice\src\datamodels\connections\database.ts
[2025-11-05T08:00:39.266Z] [2025-11-05T08:00:39.266Z] [TREESITTER-FULL] [INFO] Extracted 6 symbols from c:\Users\RakaThinkpad\Documents\Project\educatedplanet\dataservice\src\datamodels\connections\database.ts
[2025-11-05T08:00:39.266Z] [2025-11-05T08:00:39.266Z] [INDEXING-ORCHESTRATOR] [DEBUG] 🔍 Symbol extraction for c:\Users\RakaThinkpad\Documents\Project\educatedplanet\dataservice\src\datamodels\connections\database.ts: 6 symbols, 1 imports
[2025-11-05T08:00:39.266Z] [2025-11-05T08:00:39.266Z] [INDEXING-ORCHESTRATOR] [DEBUG] 📍 Chunk 6-9: 1 candidate symbols
[2025-11-05T08:00:39.267Z] [2025-11-05T08:00:39.266Z] [INDEXING-ORCHESTRATOR] [DEBUG] ✅ Chunk symbols after filtering: 1 symbols - DatabaseConfig
[2025-11-05T08:00:39.267Z] [2025-11-05T08:00:39.266Z] [INDEXING-ORCHESTRATOR] [DEBUG] 📍 Chunk 31-172: 1 candidate symbols
[2025-11-05T08:00:39.267Z] [2025-11-05T08:00:39.266Z] [INDEXING-ORCHESTRATOR] [DEBUG] ✅ Chunk symbols after filtering: 1 symbols - DatabaseConnection
[2025-11-05T08:00:39.267Z] [2025-11-05T08:00:39.266Z] [INDEXING-ORCHESTRATOR] [DEBUG] 📍 Chunk 173-193: 3 candidate symbols
[2025-11-05T08:00:39.267Z] [2025-11-05T08:00:39.266Z] [INDEXING-ORCHESTRATOR] [DEBUG] ✅ Chunk symbols after filtering: 3 symbols - databaseConnection, initializeDatabase, closeDatabase
[2025-11-05T08:00:39.267Z] [2025-11-05T08:00:39.266Z] [INDEXING-ORCHESTRATOR] [DEBUG] Created 3 semantic chunks for c:\Users\RakaThinkpad\Documents\Project\educatedplanet\dataservice\src\datamodels\connections\database.ts
[2025-11-05T08:00:39.267Z] [2025-11-05T08:00:39.266Z] [INDEXING-ORCHESTRATOR] [DEBUG] Average chunk size: 1452 characters
[2025-11-05T08:00:39.267Z] [2025-11-05T08:00:39.266Z] [INDEXING-ORCHESTRATOR] [DEBUG] 📊 Processed: 150/220 files
[2025-11-05T08:00:39.285Z] [2025-11-05T08:00:39.284Z] [TREESITTER-CHUNKER] [INFO] Created 1 semantic chunks from c:\Users\RakaThinkpad\Documents\Project\educatedplanet\dataservice\src\datamodels\index.js
[2025-11-05T08:00:39.309Z] [2025-11-05T08:00:39.309Z] [TREESITTER-FULL] [INFO] Extracted 3 symbols from c:\Users\RakaThinkpad\Documents\Project\educatedplanet\dataservice\src\datamodels\index.js
[2025-11-05T08:00:39.309Z] [2025-11-05T08:00:39.309Z] [INDEXING-ORCHESTRATOR] [DEBUG] 🔍 Symbol extraction for c:\Users\RakaThinkpad\Documents\Project\educatedplanet\dataservice\src\datamodels\index.js: 3 symbols, 0 imports
[2025-11-05T08:00:39.309Z] [2025-11-05T08:00:39.309Z] [INDEXING-ORCHESTRATOR] [DEBUG] 📍 Chunk 1-45: 3 candidate symbols
[2025-11-05T08:00:39.309Z] [2025-11-05T08:00:39.309Z] [INDEXING-ORCHESTRATOR] [DEBUG] ✅ Chunk symbols after filtering: 3 symbols - connections_1, schemas_1, models_1
[2025-11-05T08:00:39.309Z] [2025-11-05T08:00:39.309Z] [INDEXING-ORCHESTRATOR] [DEBUG] Created 1 semantic chunks for c:\Users\RakaThinkpad\Documents\Project\educatedplanet\dataservice\src\datamodels\index.js
[2025-11-05T08:00:39.309Z] [2025-11-05T08:00:39.309Z] [INDEXING-ORCHESTRATOR] [DEBUG] Average chunk size: 3251 characters
[2025-11-05T08:00:39.313Z] [2025-11-05T08:00:39.312Z] [TREESITTER-CHUNKER] [INFO] Created 1 semantic chunks from c:\Users\RakaThinkpad\Documents\Project\educatedplanet\dataservice\src\datamodels\models\index.js
[2025-11-05T08:00:39.320Z] [2025-11-05T08:00:39.320Z] [TREESITTER-FULL] [INFO] Extracted 3 symbols from c:\Users\RakaThinkpad\Documents\Project\educatedplanet\dataservice\src\datamodels\models\index.js
[2025-11-05T08:00:39.320Z] [2025-11-05T08:00:39.320Z] [INDEXING-ORCHESTRATOR] [DEBUG] 🔍 Symbol extraction for c:\Users\RakaThinkpad\Documents\Project\educatedplanet\dataservice\src\datamodels\models\index.js: 3 symbols, 0 imports
[2025-11-05T08:00:39.320Z] [2025-11-05T08:00:39.320Z] [INDEXING-ORCHESTRATOR] [DEBUG] 📍 Chunk 1-16: 3 candidate symbols
[2025-11-05T08:00:39.320Z] [2025-11-05T08:00:39.320Z] [INDEXING-ORCHESTRATOR] [DEBUG] ✅ Chunk symbols after filtering: 3 symbols - user_model_1, tutor_model_1, review_model_1
[2025-11-05T08:00:39.321Z] [2025-11-05T08:00:39.320Z] [INDEXING-ORCHESTRATOR] [DEBUG] Created 1 semantic chunks for c:\Users\RakaThinkpad\Documents\Project\educatedplanet\dataservice\src\datamodels\models\index.js
[2025-11-05T08:00:39.321Z] [2025-11-05T08:00:39.320Z] [INDEXING-ORCHESTRATOR] [DEBUG] Average chunk size: 1186 characters
[2025-11-05T08:00:39.322Z] [2025-11-05T08:00:39.321Z] [TREESITTER-CHUNKER] [INFO] Created 1 semantic chunks from c:\Users\RakaThinkpad\Documents\Project\educatedplanet\dataservice\src\datamodels\connections\index.ts
[2025-11-05T08:00:39.322Z] [2025-11-05T08:00:39.322Z] [TREESITTER-FULL] [INFO] Extracted 0 symbols from c:\Users\RakaThinkpad\Documents\Project\educatedplanet\dataservice\src\datamodels\connections\index.ts
[2025-11-05T08:00:39.322Z] [2025-11-05T08:00:39.322Z] [INDEXING-ORCHESTRATOR] [DEBUG] 🔍 Symbol extraction for c:\Users\RakaThinkpad\Documents\Project\educatedplanet\dataservice\src\datamodels\connections\index.ts: 0 symbols, 0 imports
[2025-11-05T08:00:39.322Z] [2025-11-05T08:00:39.322Z] [INDEXING-ORCHESTRATOR] [DEBUG] 📍 Chunk 1-12: 0 candidate symbols
[2025-11-05T08:00:39.322Z] [2025-11-05T08:00:39.322Z] [INDEXING-ORCHESTRATOR] [DEBUG] ✅ Chunk symbols after filtering: 0 symbols - 
[2025-11-05T08:00:39.322Z] [2025-11-05T08:00:39.322Z] [INDEXING-ORCHESTRATOR] [DEBUG] Created 1 semantic chunks for c:\Users\RakaThinkpad\Documents\Project\educatedplanet\dataservice\src\datamodels\connections\index.ts
[2025-11-05T08:00:39.323Z] [2025-11-05T08:00:39.322Z] [INDEXING-ORCHESTRATOR] [DEBUG] Average chunk size: 192 characters
[2025-11-05T08:00:39.324Z] [2025-11-05T08:00:39.323Z] [TREESITTER-CHUNKER] [INFO] Created 1 semantic chunks from c:\Users\RakaThinkpad\Documents\Project\educatedplanet\dataservice\src\datamodels\index.ts
[2025-11-05T08:00:39.325Z] [2025-11-05T08:00:39.324Z] [TREESITTER-FULL] [INFO] Extracted 0 symbols from c:\Users\RakaThinkpad\Documents\Project\educatedplanet\dataservice\src\datamodels\index.ts
[2025-11-05T08:00:39.325Z] [2025-11-05T08:00:39.324Z] [INDEXING-ORCHESTRATOR] [DEBUG] 🔍 Symbol extraction for c:\Users\RakaThinkpad\Documents\Project\educatedplanet\dataservice\src\datamodels\index.ts: 0 symbols, 0 imports
[2025-11-05T08:00:39.325Z] [2025-11-05T08:00:39.324Z] [INDEXING-ORCHESTRATOR] [DEBUG] 📍 Chunk 1-40: 0 candidate symbols
[2025-11-05T08:00:39.325Z] [2025-11-05T08:00:39.324Z] [INDEXING-ORCHESTRATOR] [DEBUG] ✅ Chunk symbols after filtering: 0 symbols - 
[2025-11-05T08:00:39.325Z] [2025-11-05T08:00:39.325Z] [INDEXING-ORCHESTRATOR] [DEBUG] Created 1 semantic chunks for c:\Users\RakaThinkpad\Documents\Project\educatedplanet\dataservice\src\datamodels\index.ts
[2025-11-05T08:00:39.325Z] [2025-11-05T08:00:39.325Z] [INDEXING-ORCHESTRATOR] [DEBUG] Average chunk size: 746 characters
[2025-11-05T08:00:39.340Z] [2025-11-05T08:00:39.340Z] [TREESITTER-CHUNKER] [INFO] Created 1 semantic chunks from c:\Users\RakaThinkpad\Documents\Project\educatedplanet\dataservice\src\datamodels\models\review.model.ts
[2025-11-05T08:00:39.394Z] [2025-11-05T08:00:39.393Z] [TREESITTER-FULL] [INFO] Extracted 2 symbols from c:\Users\RakaThinkpad\Documents\Project\educatedplanet\dataservice\src\datamodels\models\review.model.ts
[2025-11-05T08:00:39.394Z] [2025-11-05T08:00:39.393Z] [INDEXING-ORCHESTRATOR] [DEBUG] 🔍 Symbol extraction for c:\Users\RakaThinkpad\Documents\Project\educatedplanet\dataservice\src\datamodels\models\review.model.ts: 2 symbols, 2 imports
[2025-11-05T08:00:39.394Z] [2025-11-05T08:00:39.393Z] [INDEXING-ORCHESTRATOR] [DEBUG] 📍 Chunk 1-303: 2 candidate symbols
[2025-11-05T08:00:39.394Z] [2025-11-05T08:00:39.393Z] [INDEXING-ORCHESTRATOR] [DEBUG] ✅ Chunk symbols after filtering: 2 symbols - ReviewModel, ReviewQueries
[2025-11-05T08:00:39.394Z] [2025-11-05T08:00:39.393Z] [INDEXING-ORCHESTRATOR] [DEBUG] Created 1 semantic chunks for c:\Users\RakaThinkpad\Documents\Project\educatedplanet\dataservice\src\datamodels\models\review.model.ts
[2025-11-05T08:00:39.395Z] [2025-11-05T08:00:39.393Z] [INDEXING-ORCHESTRATOR] [DEBUG] Average chunk size: 6512 characters
[2025-11-05T08:00:39.411Z] [2025-11-05T08:00:39.410Z] [TREESITTER-CHUNKER] [INFO] Created 1 semantic chunks from c:\Users\RakaThinkpad\Documents\Project\educatedplanet\dataservice\src\datamodels\models\review.model.js
[2025-11-05T08:00:39.471Z] [2025-11-05T08:00:39.470Z] [TREESITTER-FULL] [INFO] Extracted 1 symbols from c:\Users\RakaThinkpad\Documents\Project\educatedplanet\dataservice\src\datamodels\models\review.model.js
[2025-11-05T08:00:39.471Z] [2025-11-05T08:00:39.471Z] [INDEXING-ORCHESTRATOR] [DEBUG] 🔍 Symbol extraction for c:\Users\RakaThinkpad\Documents\Project\educatedplanet\dataservice\src\datamodels\models\review.model.js: 1 symbols, 0 imports
[2025-11-05T08:00:39.472Z] [2025-11-05T08:00:39.471Z] [INDEXING-ORCHESTRATOR] [DEBUG] 📍 Chunk 1-237: 1 candidate symbols
[2025-11-05T08:00:39.472Z] [2025-11-05T08:00:39.471Z] [INDEXING-ORCHESTRATOR] [DEBUG] ✅ Chunk symbols after filtering: 1 symbols - mongoose_1
[2025-11-05T08:00:39.472Z] [2025-11-05T08:00:39.471Z] [INDEXING-ORCHESTRATOR] [DEBUG] Created 1 semantic chunks for c:\Users\RakaThinkpad\Documents\Project\educatedplanet\dataservice\src\datamodels\models\review.model.js
[2025-11-05T08:00:39.472Z] [2025-11-05T08:00:39.471Z] [INDEXING-ORCHESTRATOR] [DEBUG] Average chunk size: 7085 characters
[2025-11-05T08:00:39.473Z] [2025-11-05T08:00:39.472Z] [TREESITTER-CHUNKER] [INFO] Created 1 semantic chunks from c:\Users\RakaThinkpad\Documents\Project\educatedplanet\dataservice\src\datamodels\models\index.ts
[2025-11-05T08:00:39.473Z] [2025-11-05T08:00:39.473Z] [TREESITTER-FULL] [INFO] Extracted 0 symbols from c:\Users\RakaThinkpad\Documents\Project\educatedplanet\dataservice\src\datamodels\models\index.ts
[2025-11-05T08:00:39.473Z] [2025-11-05T08:00:39.473Z] [INDEXING-ORCHESTRATOR] [DEBUG] 🔍 Symbol extraction for c:\Users\RakaThinkpad\Documents\Project\educatedplanet\dataservice\src\datamodels\models\index.ts: 0 symbols, 0 imports
[2025-11-05T08:00:39.473Z] [2025-11-05T08:00:39.473Z] [INDEXING-ORCHESTRATOR] [DEBUG] 📍 Chunk 1-7: 0 candidate symbols
[2025-11-05T08:00:39.473Z] [2025-11-05T08:00:39.473Z] [INDEXING-ORCHESTRATOR] [DEBUG] ✅ Chunk symbols after filtering: 0 symbols - 
[2025-11-05T08:00:39.473Z] [2025-11-05T08:00:39.473Z] [INDEXING-ORCHESTRATOR] [DEBUG] Created 1 semantic chunks for c:\Users\RakaThinkpad\Documents\Project\educatedplanet\dataservice\src\datamodels\models\index.ts
[2025-11-05T08:00:39.473Z] [2025-11-05T08:00:39.473Z] [INDEXING-ORCHESTRATOR] [DEBUG] Average chunk size: 222 characters
[2025-11-05T08:00:39.502Z] [2025-11-05T08:00:39.501Z] [TREESITTER-CHUNKER] [INFO] Created 1 semantic chunks from c:\Users\RakaThinkpad\Documents\Project\educatedplanet\dataservice\src\datamodels\models\tutor.model.ts
[2025-11-05T08:00:39.556Z] [2025-11-05T08:00:39.555Z] [TREESITTER-FULL] [INFO] Extracted 2 symbols from c:\Users\RakaThinkpad\Documents\Project\educatedplanet\dataservice\src\datamodels\models\tutor.model.ts
[2025-11-05T08:00:39.556Z] [2025-11-05T08:00:39.555Z] [INDEXING-ORCHESTRATOR] [DEBUG] 🔍 Symbol extraction for c:\Users\RakaThinkpad\Documents\Project\educatedplanet\dataservice\src\datamodels\models\tutor.model.ts: 2 symbols, 2 imports
[2025-11-05T08:00:39.556Z] [2025-11-05T08:00:39.555Z] [INDEXING-ORCHESTRATOR] [DEBUG] 📍 Chunk 1-304: 2 candidate symbols
[2025-11-05T08:00:39.556Z] [2025-11-05T08:00:39.555Z] [INDEXING-ORCHESTRATOR] [DEBUG] ✅ Chunk symbols after filtering: 2 symbols - TutorModel, TutorQueries
[2025-11-05T08:00:39.556Z] [2025-11-05T08:00:39.555Z] [INDEXING-ORCHESTRATOR] [DEBUG] Created 1 semantic chunks for c:\Users\RakaThinkpad\Documents\Project\educatedplanet\dataservice\src\datamodels\models\tutor.model.ts
[2025-11-05T08:00:39.556Z] [2025-11-05T08:00:39.555Z] [INDEXING-ORCHESTRATOR] [DEBUG] Average chunk size: 7313 characters
[2025-11-05T08:00:39.569Z] [2025-11-05T08:00:39.568Z] [TREESITTER-CHUNKER] [INFO] Created 1 semantic chunks from c:\Users\RakaThinkpad\Documents\Project\educatedplanet\dataservice\src\datamodels\models\tutor.model.js
[2025-11-05T08:00:39.627Z] [2025-11-05T08:00:39.626Z] [TREESITTER-FULL] [INFO] Extracted 1 symbols from c:\Users\RakaThinkpad\Documents\Project\educatedplanet\dataservice\src\datamodels\models\tutor.model.js
[2025-11-05T08:00:39.627Z] [2025-11-05T08:00:39.627Z] [INDEXING-ORCHESTRATOR] [DEBUG] 🔍 Symbol extraction for c:\Users\RakaThinkpad\Documents\Project\educatedplanet\dataservice\src\datamodels\models\tutor.model.js: 1 symbols, 0 imports
[2025-11-05T08:00:39.627Z] [2025-11-05T08:00:39.627Z] [INDEXING-ORCHESTRATOR] [DEBUG] 📍 Chunk 1-224: 1 candidate symbols
[2025-11-05T08:00:39.627Z] [2025-11-05T08:00:39.627Z] [INDEXING-ORCHESTRATOR] [DEBUG] ✅ Chunk symbols after filtering: 1 symbols - mongoose_1
[2025-11-05T08:00:39.627Z] [2025-11-05T08:00:39.627Z] [INDEXING-ORCHESTRATOR] [DEBUG] Created 1 semantic chunks for c:\Users\RakaThinkpad\Documents\Project\educatedplanet\dataservice\src\datamodels\models\tutor.model.js
[2025-11-05T08:00:39.627Z] [2025-11-05T08:00:39.627Z] [INDEXING-ORCHESTRATOR] [DEBUG] Average chunk size: 7645 characters
[2025-11-05T08:00:39.635Z] [2025-11-05T08:00:39.635Z] [TREESITTER-CHUNKER] [INFO] Created 1 semantic chunks from c:\Users\RakaThinkpad\Documents\Project\educatedplanet\dataservice\src\datamodels\models\user.model.js
[2025-11-05T08:00:39.649Z] [2025-11-05T08:00:39.648Z] [TREESITTER-FULL] [INFO] Extracted 1 symbols from c:\Users\RakaThinkpad\Documents\Project\educatedplanet\dataservice\src\datamodels\models\user.model.js
[2025-11-05T08:00:39.649Z] [2025-11-05T08:00:39.648Z] [INDEXING-ORCHESTRATOR] [DEBUG] 🔍 Symbol extraction for c:\Users\RakaThinkpad\Documents\Project\educatedplanet\dataservice\src\datamodels\models\user.model.js: 1 symbols, 0 imports
[2025-11-05T08:00:39.649Z] [2025-11-05T08:00:39.648Z] [INDEXING-ORCHESTRATOR] [DEBUG] 📍 Chunk 1-79: 1 candidate symbols
[2025-11-05T08:00:39.649Z] [2025-11-05T08:00:39.648Z] [INDEXING-ORCHESTRATOR] [DEBUG] ✅ Chunk symbols after filtering: 1 symbols - mongoose_1
[2025-11-05T08:00:39.649Z] [2025-11-05T08:00:39.648Z] [INDEXING-ORCHESTRATOR] [DEBUG] Created 1 semantic chunks for c:\Users\RakaThinkpad\Documents\Project\educatedplanet\dataservice\src\datamodels\models\user.model.js
[2025-11-05T08:00:39.649Z] [2025-11-05T08:00:39.648Z] [INDEXING-ORCHESTRATOR] [DEBUG] Average chunk size: 2326 characters
[2025-11-05T08:00:39.649Z] [2025-11-05T08:00:39.648Z] [INDEXING-ORCHESTRATOR] [DEBUG] 📊 Processed: 160/220 files
[2025-11-05T08:00:39.667Z] [2025-11-05T08:00:39.667Z] [TREESITTER-CHUNKER] [INFO] Created 1 semantic chunks from c:\Users\RakaThinkpad\Documents\Project\educatedplanet\dataservice\src\datamodels\schemas\index.ts
[2025-11-05T08:00:39.668Z] [2025-11-05T08:00:39.667Z] [TREESITTER-FULL] [INFO] Extracted 0 symbols from c:\Users\RakaThinkpad\Documents\Project\educatedplanet\dataservice\src\datamodels\schemas\index.ts
[2025-11-05T08:00:39.668Z] [2025-11-05T08:00:39.667Z] [INDEXING-ORCHESTRATOR] [DEBUG] 🔍 Symbol extraction for c:\Users\RakaThinkpad\Documents\Project\educatedplanet\dataservice\src\datamodels\schemas\index.ts: 0 symbols, 0 imports
[2025-11-05T08:00:39.668Z] [2025-11-05T08:00:39.667Z] [INDEXING-ORCHESTRATOR] [DEBUG] 📍 Chunk 1-7: 0 candidate symbols
[2025-11-05T08:00:39.668Z] [2025-11-05T08:00:39.667Z] [INDEXING-ORCHESTRATOR] [DEBUG] ✅ Chunk symbols after filtering: 0 symbols - 
[2025-11-05T08:00:39.668Z] [2025-11-05T08:00:39.667Z] [INDEXING-ORCHESTRATOR] [DEBUG] Created 1 semantic chunks for c:\Users\RakaThinkpad\Documents\Project\educatedplanet\dataservice\src\datamodels\schemas\index.ts
[2025-11-05T08:00:39.668Z] [2025-11-05T08:00:39.667Z] [INDEXING-ORCHESTRATOR] [DEBUG] Average chunk size: 253 characters
[2025-11-05T08:00:39.679Z] [2025-11-05T08:00:39.678Z] [TREESITTER-CHUNKER] [INFO] Created 1 semantic chunks from c:\Users\RakaThinkpad\Documents\Project\educatedplanet\dataservice\src\datamodels\schemas\review-clean.schema.js
[2025-11-05T08:00:39.718Z] [2025-11-05T08:00:39.718Z] [TREESITTER-FULL] [INFO] Extracted 2 symbols from c:\Users\RakaThinkpad\Documents\Project\educatedplanet\dataservice\src\datamodels\schemas\review-clean.schema.js
[2025-11-05T08:00:39.718Z] [2025-11-05T08:00:39.718Z] [INDEXING-ORCHESTRATOR] [DEBUG] 🔍 Symbol extraction for c:\Users\RakaThinkpad\Documents\Project\educatedplanet\dataservice\src\datamodels\schemas\review-clean.schema.js: 2 symbols, 0 imports
[2025-11-05T08:00:39.718Z] [2025-11-05T08:00:39.718Z] [INDEXING-ORCHESTRATOR] [DEBUG] 📍 Chunk 1-148: 2 candidate symbols
[2025-11-05T08:00:39.719Z] [2025-11-05T08:00:39.718Z] [INDEXING-ORCHESTRATOR] [DEBUG] ✅ Chunk symbols after filtering: 2 symbols - mongoose_1, reviewSchema
[2025-11-05T08:00:39.719Z] [2025-11-05T08:00:39.718Z] [INDEXING-ORCHESTRATOR] [DEBUG] Created 1 semantic chunks for c:\Users\RakaThinkpad\Documents\Project\educatedplanet\dataservice\src\datamodels\schemas\review-clean.schema.js
[2025-11-05T08:00:39.719Z] [2025-11-05T08:00:39.718Z] [INDEXING-ORCHESTRATOR] [DEBUG] Average chunk size: 4299 characters
[2025-11-05T08:00:39.727Z] [2025-11-05T08:00:39.726Z] [TREESITTER-CHUNKER] [INFO] Created 2 semantic chunks from c:\Users\RakaThinkpad\Documents\Project\educatedplanet\dataservice\src\datamodels\schemas\review-clean.schema.ts
[2025-11-05T08:00:39.747Z] [2025-11-05T08:00:39.746Z] [TREESITTER-FULL] [INFO] Extracted 2 symbols from c:\Users\RakaThinkpad\Documents\Project\educatedplanet\dataservice\src\datamodels\schemas\review-clean.schema.ts
[2025-11-05T08:00:39.747Z] [2025-11-05T08:00:39.746Z] [INDEXING-ORCHESTRATOR] [DEBUG] 🔍 Symbol extraction for c:\Users\RakaThinkpad\Documents\Project\educatedplanet\dataservice\src\datamodels\schemas\review-clean.schema.ts: 2 symbols, 2 imports
[2025-11-05T08:00:39.747Z] [2025-11-05T08:00:39.746Z] [INDEXING-ORCHESTRATOR] [DEBUG] 📍 Chunk 7-25: 1 candidate symbols
[2025-11-05T08:00:39.747Z] [2025-11-05T08:00:39.746Z] [INDEXING-ORCHESTRATOR] [DEBUG] ✅ Chunk symbols after filtering: 1 symbols - IReviewDocument
[2025-11-05T08:00:39.747Z] [2025-11-05T08:00:39.746Z] [INDEXING-ORCHESTRATOR] [DEBUG] 📍 Chunk 26-141: 1 candidate symbols
[2025-11-05T08:00:39.747Z] [2025-11-05T08:00:39.746Z] [INDEXING-ORCHESTRATOR] [DEBUG] ✅ Chunk symbols after filtering: 1 symbols - reviewSchema
[2025-11-05T08:00:39.747Z] [2025-11-05T08:00:39.746Z] [INDEXING-ORCHESTRATOR] [DEBUG] Created 2 semantic chunks for c:\Users\RakaThinkpad\Documents\Project\educatedplanet\dataservice\src\datamodels\schemas\review-clean.schema.ts
[2025-11-05T08:00:39.747Z] [2025-11-05T08:00:39.746Z] [INDEXING-ORCHESTRATOR] [DEBUG] Average chunk size: 1450 characters
[2025-11-05T08:00:39.765Z] [2025-11-05T08:00:39.764Z] [TREESITTER-CHUNKER] [INFO] Created 1 semantic chunks from c:\Users\RakaThinkpad\Documents\Project\educatedplanet\dataservice\src\datamodels\schemas\tutor-clean.schema.js
[2025-11-05T08:00:39.810Z] [2025-11-05T08:00:39.809Z] [TREESITTER-FULL] [INFO] Extracted 2 symbols from c:\Users\RakaThinkpad\Documents\Project\educatedplanet\dataservice\src\datamodels\schemas\tutor-clean.schema.js
[2025-11-05T08:00:39.810Z] [2025-11-05T08:00:39.809Z] [INDEXING-ORCHESTRATOR] [DEBUG] 🔍 Symbol extraction for c:\Users\RakaThinkpad\Documents\Project\educatedplanet\dataservice\src\datamodels\schemas\tutor-clean.schema.js: 2 symbols, 0 imports
[2025-11-05T08:00:39.810Z] [2025-11-05T08:00:39.809Z] [INDEXING-ORCHESTRATOR] [DEBUG] 📍 Chunk 1-206: 2 candidate symbols
[2025-11-05T08:00:39.810Z] [2025-11-05T08:00:39.809Z] [INDEXING-ORCHESTRATOR] [DEBUG] ✅ Chunk symbols after filtering: 2 symbols - mongoose_1, tutorSchema
[2025-11-05T08:00:39.810Z] [2025-11-05T08:00:39.809Z] [INDEXING-ORCHESTRATOR] [DEBUG] Created 1 semantic chunks for c:\Users\RakaThinkpad\Documents\Project\educatedplanet\dataservice\src\datamodels\schemas\tutor-clean.schema.js
[2025-11-05T08:00:39.810Z] [2025-11-05T08:00:39.809Z] [INDEXING-ORCHESTRATOR] [DEBUG] Average chunk size: 5368 characters
[2025-11-05T08:00:39.819Z] [2025-11-05T08:00:39.818Z] [TREESITTER-CHUNKER] [INFO] Created 2 semantic chunks from c:\Users\RakaThinkpad\Documents\Project\educatedplanet\dataservice\src\datamodels\schemas\tutor-clean.schema.ts
[2025-11-05T08:00:39.846Z] [2025-11-05T08:00:39.845Z] [TREESITTER-FULL] [INFO] Extracted 2 symbols from c:\Users\RakaThinkpad\Documents\Project\educatedplanet\dataservice\src\datamodels\schemas\tutor-clean.schema.ts
[2025-11-05T08:00:39.846Z] [2025-11-05T08:00:39.845Z] [INDEXING-ORCHESTRATOR] [DEBUG] 🔍 Symbol extraction for c:\Users\RakaThinkpad\Documents\Project\educatedplanet\dataservice\src\datamodels\schemas\tutor-clean.schema.ts: 2 symbols, 2 imports
[2025-11-05T08:00:39.846Z] [2025-11-05T08:00:39.846Z] [INDEXING-ORCHESTRATOR] [DEBUG] 📍 Chunk 7-28: 1 candidate symbols
[2025-11-05T08:00:39.846Z] [2025-11-05T08:00:39.846Z] [INDEXING-ORCHESTRATOR] [DEBUG] ✅ Chunk symbols after filtering: 1 symbols - ITutorDocument
[2025-11-05T08:00:39.846Z] [2025-11-05T08:00:39.846Z] [INDEXING-ORCHESTRATOR] [DEBUG] 📍 Chunk 29-202: 1 candidate symbols
[2025-11-05T08:00:39.846Z] [2025-11-05T08:00:39.846Z] [INDEXING-ORCHESTRATOR] [DEBUG] ✅ Chunk symbols after filtering: 1 symbols - tutorSchema
[2025-11-05T08:00:39.846Z] [2025-11-05T08:00:39.846Z] [INDEXING-ORCHESTRATOR] [DEBUG] Created 2 semantic chunks for c:\Users\RakaThinkpad\Documents\Project\educatedplanet\dataservice\src\datamodels\schemas\tutor-clean.schema.ts
[2025-11-05T08:00:39.846Z] [2025-11-05T08:00:39.846Z] [INDEXING-ORCHESTRATOR] [DEBUG] Average chunk size: 1862 characters
[2025-11-05T08:00:39.848Z] [2025-11-05T08:00:39.848Z] [TREESITTER-CHUNKER] [INFO] Created 1 semantic chunks from c:\Users\RakaThinkpad\Documents\Project\educatedplanet\dataservice\src\datamodels\schemas\index.js
[2025-11-05T08:00:39.852Z] [2025-11-05T08:00:39.852Z] [TREESITTER-FULL] [INFO] Extracted 3 symbols from c:\Users\RakaThinkpad\Documents\Project\educatedplanet\dataservice\src\datamodels\schemas\index.js
[2025-11-05T08:00:39.852Z] [2025-11-05T08:00:39.852Z] [INDEXING-ORCHESTRATOR] [DEBUG] 🔍 Symbol extraction for c:\Users\RakaThinkpad\Documents\Project\educatedplanet\dataservice\src\datamodels\schemas\index.js: 3 symbols, 0 imports
[2025-11-05T08:00:39.852Z] [2025-11-05T08:00:39.852Z] [INDEXING-ORCHESTRATOR] [DEBUG] 📍 Chunk 1-13: 3 candidate symbols
[2025-11-05T08:00:39.852Z] [2025-11-05T08:00:39.852Z] [INDEXING-ORCHESTRATOR] [DEBUG] ✅ Chunk symbols after filtering: 3 symbols - user_clean_schema_1, tutor_clean_schema_1, review_clean_schema_1
[2025-11-05T08:00:39.852Z] [2025-11-05T08:00:39.852Z] [INDEXING-ORCHESTRATOR] [DEBUG] Created 1 semantic chunks for c:\Users\RakaThinkpad\Documents\Project\educatedplanet\dataservice\src\datamodels\schemas\index.js
[2025-11-05T08:00:39.853Z] [2025-11-05T08:00:39.852Z] [INDEXING-ORCHESTRATOR] [DEBUG] Average chunk size: 809 characters
[2025-11-05T08:00:39.862Z] [2025-11-05T08:00:39.862Z] [TREESITTER-CHUNKER] [INFO] Created 1 semantic chunks from c:\Users\RakaThinkpad\Documents\Project\educatedplanet\dataservice\src\datamodels\models\user.model.ts
[2025-11-05T08:00:39.876Z] [2025-11-05T08:00:39.875Z] [TREESITTER-FULL] [INFO] Extracted 2 symbols from c:\Users\RakaThinkpad\Documents\Project\educatedplanet\dataservice\src\datamodels\models\user.model.ts
[2025-11-05T08:00:39.876Z] [2025-11-05T08:00:39.876Z] [INDEXING-ORCHESTRATOR] [DEBUG] 🔍 Symbol extraction for c:\Users\RakaThinkpad\Documents\Project\educatedplanet\dataservice\src\datamodels\models\user.model.ts: 2 symbols, 2 imports
[2025-11-05T08:00:39.876Z] [2025-11-05T08:00:39.876Z] [INDEXING-ORCHESTRATOR] [DEBUG] 📍 Chunk 1-89: 2 candidate symbols
[2025-11-05T08:00:39.876Z] [2025-11-05T08:00:39.876Z] [INDEXING-ORCHESTRATOR] [DEBUG] ✅ Chunk symbols after filtering: 2 symbols - UserModel, UserQueries
[2025-11-05T08:00:39.876Z] [2025-11-05T08:00:39.876Z] [INDEXING-ORCHESTRATOR] [DEBUG] Created 1 semantic chunks for c:\Users\RakaThinkpad\Documents\Project\educatedplanet\dataservice\src\datamodels\models\user.model.ts
[2025-11-05T08:00:39.876Z] [2025-11-05T08:00:39.876Z] [INDEXING-ORCHESTRATOR] [DEBUG] Average chunk size: 1947 characters
[2025-11-05T08:00:39.884Z] [2025-11-05T08:00:39.883Z] [TREESITTER-CHUNKER] [INFO] Created 2 semantic chunks from c:\Users\RakaThinkpad\Documents\Project\educatedplanet\dataservice\src\datamodels\schemas\user-clean.schema.ts
[2025-11-05T08:00:39.917Z] [2025-11-05T08:00:39.917Z] [TREESITTER-FULL] [INFO] Extracted 2 symbols from c:\Users\RakaThinkpad\Documents\Project\educatedplanet\dataservice\src\datamodels\schemas\user-clean.schema.ts
[2025-11-05T08:00:39.918Z] [2025-11-05T08:00:39.917Z] [INDEXING-ORCHESTRATOR] [DEBUG] 🔍 Symbol extraction for c:\Users\RakaThinkpad\Documents\Project\educatedplanet\dataservice\src\datamodels\schemas\user-clean.schema.ts: 2 symbols, 3 imports
[2025-11-05T08:00:39.918Z] [2025-11-05T08:00:39.917Z] [INDEXING-ORCHESTRATOR] [DEBUG] 📍 Chunk 8-23: 1 candidate symbols
[2025-11-05T08:00:39.918Z] [2025-11-05T08:00:39.917Z] [INDEXING-ORCHESTRATOR] [DEBUG] ✅ Chunk symbols after filtering: 1 symbols - IUserDocument
[2025-11-05T08:00:39.918Z] [2025-11-05T08:00:39.917Z] [INDEXING-ORCHESTRATOR] [DEBUG] 📍 Chunk 24-142: 1 candidate symbols
[2025-11-05T08:00:39.918Z] [2025-11-05T08:00:39.917Z] [INDEXING-ORCHESTRATOR] [DEBUG] ✅ Chunk symbols after filtering: 1 symbols - userSchema
[2025-11-05T08:00:39.918Z] [2025-11-05T08:00:39.917Z] [INDEXING-ORCHESTRATOR] [DEBUG] Created 2 semantic chunks for c:\Users\RakaThinkpad\Documents\Project\educatedplanet\dataservice\src\datamodels\schemas\user-clean.schema.ts
[2025-11-05T08:00:39.918Z] [2025-11-05T08:00:39.917Z] [INDEXING-ORCHESTRATOR] [DEBUG] Average chunk size: 1378 characters
[2025-11-05T08:00:39.936Z] [2025-11-05T08:00:39.935Z] [TREESITTER-CHUNKER] [INFO] Created 1 semantic chunks from c:\Users\RakaThinkpad\Documents\Project\educatedplanet\dataservice\src\datamodels\schemas\user-clean.schema.js
[2025-11-05T08:00:40.276Z] [2025-11-05T08:00:39.994Z] [TREESITTER-FULL] [INFO] Extracted 3 symbols from c:\Users\RakaThinkpad\Documents\Project\educatedplanet\dataservice\src\datamodels\schemas\user-clean.schema.js
[2025-11-05T08:00:40.276Z] [2025-11-05T08:00:39.994Z] [INDEXING-ORCHESTRATOR] [DEBUG] 🔍 Symbol extraction for c:\Users\RakaThinkpad\Documents\Project\educatedplanet\dataservice\src\datamodels\schemas\user-clean.schema.js: 3 symbols, 0 imports
[2025-11-05T08:00:40.276Z] [2025-11-05T08:00:39.994Z] [INDEXING-ORCHESTRATOR] [DEBUG] 📍 Chunk 1-155: 3 candidate symbols
[2025-11-05T08:00:40.276Z] [2025-11-05T08:00:39.994Z] [INDEXING-ORCHESTRATOR] [DEBUG] ✅ Chunk symbols after filtering: 3 symbols - mongoose_1, validator_1, userSchema
[2025-11-05T08:00:40.276Z] [2025-11-05T08:00:39.994Z] [INDEXING-ORCHESTRATOR] [DEBUG] Created 1 semantic chunks for c:\Users\RakaThinkpad\Documents\Project\educatedplanet\dataservice\src\datamodels\schemas\user-clean.schema.js
[2025-11-05T08:00:40.276Z] [2025-11-05T08:00:39.994Z] [INDEXING-ORCHESTRATOR] [DEBUG] Average chunk size: 4434 characters
[2025-11-05T08:00:40.276Z] [2025-11-05T08:00:39.996Z] [TREESITTER-CHUNKER] [INFO] Created 1 semantic chunks from c:\Users\RakaThinkpad\Documents\Project\educatedplanet\dataservice\src\index.ts
[2025-11-05T08:00:40.276Z] [2025-11-05T08:00:39.997Z] [TREESITTER-FULL] [INFO] Extracted 0 symbols from c:\Users\RakaThinkpad\Documents\Project\educatedplanet\dataservice\src\index.ts
[2025-11-05T08:00:40.276Z] [2025-11-05T08:00:39.997Z] [INDEXING-ORCHESTRATOR] [DEBUG] 🔍 Symbol extraction for c:\Users\RakaThinkpad\Documents\Project\educatedplanet\dataservice\src\index.ts: 0 symbols, 0 imports
[2025-11-05T08:00:40.276Z] [2025-11-05T08:00:39.997Z] [INDEXING-ORCHESTRATOR] [DEBUG] 📍 Chunk 1-34: 0 candidate symbols
[2025-11-05T08:00:40.276Z] [2025-11-05T08:00:39.997Z] [INDEXING-ORCHESTRATOR] [DEBUG] ✅ Chunk symbols after filtering: 0 symbols - 
[2025-11-05T08:00:40.276Z] [2025-11-05T08:00:39.997Z] [INDEXING-ORCHESTRATOR] [DEBUG] Created 1 semantic chunks for c:\Users\RakaThinkpad\Documents\Project\educatedplanet\dataservice\src\index.ts
[2025-11-05T08:00:40.276Z] [2025-11-05T08:00:39.997Z] [INDEXING-ORCHESTRATOR] [DEBUG] Average chunk size: 913 characters
[2025-11-05T08:00:40.276Z] [2025-11-05T08:00:39.997Z] [INDEXING-ORCHESTRATOR] [DEBUG] 📊 Processed: 170/220 files
[2025-11-05T08:00:40.276Z] [2025-11-05T08:00:40.017Z] [TREESITTER-CHUNKER] [INFO] 🔍 Found class: unknown (156 lines)
[2025-11-05T08:00:40.276Z] [2025-11-05T08:00:40.018Z] [TREESITTER-CHUNKER] [INFO] 📤 Splitting large class: unknown (156 lines > 150)
[2025-11-05T08:00:40.276Z] [2025-11-05T08:00:40.018Z] [TREESITTER-CHUNKER] [INFO] 🔧 Extracting methods from large class with 2 children
[2025-11-05T08:00:40.276Z] [2025-11-05T08:00:40.018Z] [TREESITTER-CHUNKER] [INFO] 🔍 Checking 17 nodes for methods (using class_body)
[2025-11-05T08:00:40.276Z] [2025-11-05T08:00:40.018Z] [TREESITTER-CHUNKER] [INFO]    Child type: public_field_definition at lines 13-13
[2025-11-05T08:00:40.276Z] [2025-11-05T08:00:40.018Z] [TREESITTER-CHUNKER] [INFO]    Child type: public_field_definition at lines 14-14
[2025-11-05T08:00:40.276Z] [2025-11-05T08:00:40.018Z] [TREESITTER-CHUNKER] [INFO]    Child type: method_definition at lines 16-16
[2025-11-05T08:00:40.276Z] [2025-11-05T08:00:40.018Z] [TREESITTER-CHUNKER] [INFO]    🎯 Found method: unknown (1 lines, 24 chars)
[2025-11-05T08:00:40.276Z] [2025-11-05T08:00:40.018Z] [TREESITTER-CHUNKER] [INFO]    ❌ Method too small: unknown (24 < 30)
[2025-11-05T08:00:40.276Z] [2025-11-05T08:00:40.018Z] [TREESITTER-CHUNKER] [INFO]    Child type: comment at lines 18-20
[2025-11-05T08:00:40.276Z] [2025-11-05T08:00:40.018Z] [TREESITTER-CHUNKER] [INFO]    Child type: method_definition at lines 21-26
[2025-11-05T08:00:40.276Z] [2025-11-05T08:00:40.018Z] [TREESITTER-CHUNKER] [INFO]    🎯 Found method: unknown (6 lines, 186 chars)
[2025-11-05T08:00:40.276Z] [2025-11-05T08:00:40.018Z] [TREESITTER-CHUNKER] [INFO]    ✅ Added method chunk: unknown
[2025-11-05T08:00:40.276Z] [2025-11-05T08:00:40.018Z] [TREESITTER-CHUNKER] [INFO]    Child type: comment at lines 28-30
[2025-11-05T08:00:40.276Z] [2025-11-05T08:00:40.018Z] [TREESITTER-CHUNKER] [INFO]    Child type: method_definition at lines 31-67
[2025-11-05T08:00:40.276Z] [2025-11-05T08:00:40.018Z] [TREESITTER-CHUNKER] [INFO]    🎯 Found method: unknown (37 lines, 996 chars)
[2025-11-05T08:00:40.276Z] [2025-11-05T08:00:40.018Z] [TREESITTER-CHUNKER] [INFO]    ✅ Added method chunk: unknown
[2025-11-05T08:00:40.276Z] [2025-11-05T08:00:40.019Z] [TREESITTER-CHUNKER] [INFO]    Child type: comment at lines 69-71
[2025-11-05T08:00:40.276Z] [2025-11-05T08:00:40.019Z] [TREESITTER-CHUNKER] [INFO]    Child type: method_definition at lines 72-85
[2025-11-05T08:00:40.276Z] [2025-11-05T08:00:40.019Z] [TREESITTER-CHUNKER] [INFO]    🎯 Found method: unknown (14 lines, 336 chars)
[2025-11-05T08:00:40.276Z] [2025-11-05T08:00:40.019Z] [TREESITTER-CHUNKER] [INFO]    ✅ Added method chunk: unknown
[2025-11-05T08:00:40.276Z] [2025-11-05T08:00:40.019Z] [TREESITTER-CHUNKER] [INFO]    Child type: comment at lines 87-89
[2025-11-05T08:00:40.276Z] [2025-11-05T08:00:40.019Z] [TREESITTER-CHUNKER] [INFO]    Child type: method_definition at lines 90-92
[2025-11-05T08:00:40.276Z] [2025-11-05T08:00:40.019Z] [TREESITTER-CHUNKER] [INFO]    🎯 Found method: unknown (3 lines, 111 chars)
[2025-11-05T08:00:40.276Z] [2025-11-05T08:00:40.019Z] [TREESITTER-CHUNKER] [INFO]    ✅ Added method chunk: unknown
[2025-11-05T08:00:40.276Z] [2025-11-05T08:00:40.019Z] [TREESITTER-CHUNKER] [INFO]    Child type: comment at lines 94-96
[2025-11-05T08:00:40.276Z] [2025-11-05T08:00:40.019Z] [TREESITTER-CHUNKER] [INFO]    Child type: method_definition at lines 97-105
[2025-11-05T08:00:40.276Z] [2025-11-05T08:00:40.019Z] [TREESITTER-CHUNKER] [INFO]    🎯 Found method: unknown (9 lines, 252 chars)
[2025-11-05T08:00:40.276Z] [2025-11-05T08:00:40.019Z] [TREESITTER-CHUNKER] [INFO]    ✅ Added method chunk: unknown
[2025-11-05T08:00:40.276Z] [2025-11-05T08:00:40.019Z] [TREESITTER-CHUNKER] [INFO]    Child type: comment at lines 107-109
[2025-11-05T08:00:40.276Z] [2025-11-05T08:00:40.019Z] [TREESITTER-CHUNKER] [INFO]    Child type: method_definition at lines 110-134
[2025-11-05T08:00:40.276Z] [2025-11-05T08:00:40.019Z] [TREESITTER-CHUNKER] [INFO]    🎯 Found method: unknown (25 lines, 657 chars)
[2025-11-05T08:00:40.276Z] [2025-11-05T08:00:40.019Z] [TREESITTER-CHUNKER] [INFO]    ✅ Added method chunk: unknown
[2025-11-05T08:00:40.276Z] [2025-11-05T08:00:40.019Z] [TREESITTER-CHUNKER] [INFO]    Child type: comment at lines 136-138
[2025-11-05T08:00:40.276Z] [2025-11-05T08:00:40.019Z] [TREESITTER-CHUNKER] [INFO]    Child type: method_definition at lines 139-166
[2025-11-05T08:00:40.276Z] [2025-11-05T08:00:40.019Z] [TREESITTER-CHUNKER] [INFO]    🎯 Found method: unknown (28 lines, 699 chars)
[2025-11-05T08:00:40.276Z] [2025-11-05T08:00:40.019Z] [TREESITTER-CHUNKER] [INFO]    ✅ Added method chunk: unknown
[2025-11-05T08:00:40.276Z] [2025-11-05T08:00:40.019Z] [TREESITTER-CHUNKER] [INFO] 🏁 Extracted 7 methods from large class
[2025-11-05T08:00:40.276Z] [2025-11-05T08:00:40.030Z] [TREESITTER-CHUNKER] [INFO] Created 5 semantic chunks from c:\Users\RakaThinkpad\Documents\Project\educatedplanet\dataservice\src\services\database.service.ts
[2025-11-05T08:00:40.276Z] [2025-11-05T08:00:40.061Z] [TREESITTER-FULL] [INFO] Extracted 3 symbols from c:\Users\RakaThinkpad\Documents\Project\educatedplanet\dataservice\src\services\database.service.ts
[2025-11-05T08:00:40.276Z] [2025-11-05T08:00:40.061Z] [INDEXING-ORCHESTRATOR] [DEBUG] 🔍 Symbol extraction for c:\Users\RakaThinkpad\Documents\Project\educatedplanet\dataservice\src\services\database.service.ts: 3 symbols, 1 imports
[2025-11-05T08:00:40.276Z] [2025-11-05T08:00:40.061Z] [INDEXING-ORCHESTRATOR] [DEBUG] 📍 Chunk 3-7: 1 candidate symbols
[2025-11-05T08:00:40.276Z] [2025-11-05T08:00:40.061Z] [INDEXING-ORCHESTRATOR] [DEBUG] ✅ Chunk symbols after filtering: 1 symbols - DatabaseConfig
[2025-11-05T08:00:40.276Z] [2025-11-05T08:00:40.061Z] [INDEXING-ORCHESTRATOR] [DEBUG] 📍 Chunk 12-67: 0 candidate symbols
[2025-11-05T08:00:40.276Z] [2025-11-05T08:00:40.061Z] [INDEXING-ORCHESTRATOR] [DEBUG] ✅ Chunk symbols after filtering: 0 symbols - 
[2025-11-05T08:00:40.276Z] [2025-11-05T08:00:40.061Z] [INDEXING-ORCHESTRATOR] [DEBUG] 📍 Chunk 72-105: 0 candidate symbols
[2025-11-05T08:00:40.276Z] [2025-11-05T08:00:40.062Z] [INDEXING-ORCHESTRATOR] [DEBUG] ✅ Chunk symbols after filtering: 0 symbols - 
[2025-11-05T08:00:40.276Z] [2025-11-05T08:00:40.062Z] [INDEXING-ORCHESTRATOR] [DEBUG] 📍 Chunk 110-166: 0 candidate symbols
[2025-11-05T08:00:40.276Z] [2025-11-05T08:00:40.062Z] [INDEXING-ORCHESTRATOR] [DEBUG] ✅ Chunk symbols after filtering: 0 symbols - 
[2025-11-05T08:00:40.276Z] [2025-11-05T08:00:40.062Z] [INDEXING-ORCHESTRATOR] [DEBUG] 📍 Chunk 167-170: 1 candidate symbols
[2025-11-05T08:00:40.277Z] [2025-11-05T08:00:40.062Z] [INDEXING-ORCHESTRATOR] [DEBUG] ✅ Chunk symbols after filtering: 1 symbols - databaseService
[2025-11-05T08:00:40.277Z] [2025-11-05T08:00:40.062Z] [INDEXING-ORCHESTRATOR] [DEBUG] Created 5 semantic chunks for c:\Users\RakaThinkpad\Documents\Project\educatedplanet\dataservice\src\services\database.service.ts
[2025-11-05T08:00:40.277Z] [2025-11-05T08:00:40.062Z] [INDEXING-ORCHESTRATOR] [DEBUG] Average chunk size: 769 characters
[2025-11-05T08:00:40.277Z] [2025-11-05T08:00:40.065Z] [TREESITTER-CHUNKER] [INFO] 🔍 Found class: unknown (303 lines)
[2025-11-05T08:00:40.277Z] [2025-11-05T08:00:40.065Z] [TREESITTER-CHUNKER] [INFO] 📤 Splitting large class: unknown (303 lines > 150)
[2025-11-05T08:00:40.277Z] [2025-11-05T08:00:40.065Z] [TREESITTER-CHUNKER] [INFO] 🔧 Extracting methods from large class with 2 children
[2025-11-05T08:00:40.277Z] [2025-11-05T08:00:40.065Z] [TREESITTER-CHUNKER] [INFO] 🔍 Checking 44 nodes for methods (using class_body)
[2025-11-05T08:00:40.277Z] [2025-11-05T08:00:40.065Z] [TREESITTER-CHUNKER] [INFO]    Child type: comment at lines 14-16
[2025-11-05T08:00:40.277Z] [2025-11-05T08:00:40.065Z] [TREESITTER-CHUNKER] [INFO]    Child type: method_definition at lines 17-33
[2025-11-05T08:00:40.277Z] [2025-11-05T08:00:40.066Z] [TREESITTER-CHUNKER] [INFO]    🎯 Found method: unknown (17 lines, 586 chars)
[2025-11-05T08:00:40.277Z] [2025-11-05T08:00:40.066Z] [TREESITTER-CHUNKER] [INFO]    ✅ Added method chunk: unknown
[2025-11-05T08:00:40.277Z] [2025-11-05T08:00:40.066Z] [TREESITTER-CHUNKER] [INFO]    Child type: comment at lines 34-36
[2025-11-05T08:00:40.277Z] [2025-11-05T08:00:40.066Z] [TREESITTER-CHUNKER] [INFO]    Child type: method_definition at lines 37-66
[2025-11-05T08:00:40.277Z] [2025-11-05T08:00:40.066Z] [TREESITTER-CHUNKER] [INFO]    🎯 Found method: unknown (30 lines, 866 chars)
[2025-11-05T08:00:40.277Z] [2025-11-05T08:00:40.066Z] [TREESITTER-CHUNKER] [INFO]    ✅ Added method chunk: unknown
[2025-11-05T08:00:40.277Z] [2025-11-05T08:00:40.066Z] [TREESITTER-CHUNKER] [INFO]    Child type: comment at lines 68-70
[2025-11-05T08:00:40.277Z] [2025-11-05T08:00:40.066Z] [TREESITTER-CHUNKER] [INFO]    Child type: method_definition at lines 71-74
[2025-11-05T08:00:40.277Z] [2025-11-05T08:00:40.066Z] [TREESITTER-CHUNKER] [INFO]    🎯 Found method: unknown (4 lines, 189 chars)
[2025-11-05T08:00:40.277Z] [2025-11-05T08:00:40.066Z] [TREESITTER-CHUNKER] [INFO]    ✅ Added method chunk: unknown
[2025-11-05T08:00:40.277Z] [2025-11-05T08:00:40.066Z] [TREESITTER-CHUNKER] [INFO]    Child type: comment at lines 76-78
[2025-11-05T08:00:40.277Z] [2025-11-05T08:00:40.066Z] [TREESITTER-CHUNKER] [INFO]    Child type: method_definition at lines 79-100
[2025-11-05T08:00:40.277Z] [2025-11-05T08:00:40.066Z] [TREESITTER-CHUNKER] [INFO]    🎯 Found method: unknown (22 lines, 572 chars)
[2025-11-05T08:00:40.277Z] [2025-11-05T08:00:40.066Z] [TREESITTER-CHUNKER] [INFO]    ✅ Added method chunk: unknown
[2025-11-05T08:00:40.277Z] [2025-11-05T08:00:40.066Z] [TREESITTER-CHUNKER] [INFO]    Child type: comment at lines 102-104
[2025-11-05T08:00:40.277Z] [2025-11-05T08:00:40.066Z] [TREESITTER-CHUNKER] [INFO]    Child type: method_definition at lines 105-108
[2025-11-05T08:00:40.277Z] [2025-11-05T08:00:40.066Z] [TREESITTER-CHUNKER] [INFO]    🎯 Found method: unknown (4 lines, 200 chars)
[2025-11-05T08:00:40.277Z] [2025-11-05T08:00:40.066Z] [TREESITTER-CHUNKER] [INFO]    ✅ Added method chunk: unknown
[2025-11-05T08:00:40.277Z] [2025-11-05T08:00:40.066Z] [TREESITTER-CHUNKER] [INFO]    Child type: comment at lines 110-112
[2025-11-05T08:00:40.277Z] [2025-11-05T08:00:40.066Z] [TREESITTER-CHUNKER] [INFO]    Child type: method_definition at lines 113-116
[2025-11-05T08:00:40.277Z] [2025-11-05T08:00:40.066Z] [TREESITTER-CHUNKER] [INFO]    🎯 Found method: unknown (4 lines, 190 chars)
[2025-11-05T08:00:40.277Z] [2025-11-05T08:00:40.066Z] [TREESITTER-CHUNKER] [INFO]    ✅ Added method chunk: unknown
[2025-11-05T08:00:40.277Z] [2025-11-05T08:00:40.066Z] [TREESITTER-CHUNKER] [INFO]    Child type: comment at lines 118-120
[2025-11-05T08:00:40.277Z] [2025-11-05T08:00:40.066Z] [TREESITTER-CHUNKER] [INFO]    Child type: method_definition at lines 121-124
[2025-11-05T08:00:40.277Z] [2025-11-05T08:00:40.066Z] [TREESITTER-CHUNKER] [INFO]    🎯 Found method: unknown (4 lines, 220 chars)
[2025-11-05T08:00:40.277Z] [2025-11-05T08:00:40.066Z] [TREESITTER-CHUNKER] [INFO]    ✅ Added method chunk: unknown
[2025-11-05T08:00:40.277Z] [2025-11-05T08:00:40.067Z] [TREESITTER-CHUNKER] [INFO]    Child type: comment at lines 126-128
[2025-11-05T08:00:40.277Z] [2025-11-05T08:00:40.067Z] [TREESITTER-CHUNKER] [INFO]    Child type: method_definition at lines 129-136
[2025-11-05T08:00:40.277Z] [2025-11-05T08:00:40.067Z] [TREESITTER-CHUNKER] [INFO]    🎯 Found method: unknown (8 lines, 424 chars)
[2025-11-05T08:00:40.277Z] [2025-11-05T08:00:40.067Z] [TREESITTER-CHUNKER] [INFO]    ✅ Added method chunk: unknown
[2025-11-05T08:00:40.277Z] [2025-11-05T08:00:40.067Z] [TREESITTER-CHUNKER] [INFO]    Child type: comment at lines 138-140
[2025-11-05T08:00:40.277Z] [2025-11-05T08:00:40.067Z] [TREESITTER-CHUNKER] [INFO]    Child type: method_definition at lines 141-144
[2025-11-05T08:00:40.277Z] [2025-11-05T08:00:40.067Z] [TREESITTER-CHUNKER] [INFO]    🎯 Found method: unknown (4 lines, 199 chars)
[2025-11-05T08:00:40.277Z] [2025-11-05T08:00:40.067Z] [TREESITTER-CHUNKER] [INFO]    ✅ Added method chunk: unknown
[2025-11-05T08:00:40.277Z] [2025-11-05T08:00:40.067Z] [TREESITTER-CHUNKER] [INFO]    Child type: comment at lines 146-148
[2025-11-05T08:00:40.277Z] [2025-11-05T08:00:40.067Z] [TREESITTER-CHUNKER] [INFO]    Child type: method_definition at lines 149-152
[2025-11-05T08:00:40.277Z] [2025-11-05T08:00:40.067Z] [TREESITTER-CHUNKER] [INFO]    🎯 Found method: unknown (4 lines, 194 chars)
[2025-11-05T08:00:40.277Z] [2025-11-05T08:00:40.067Z] [TREESITTER-CHUNKER] [INFO]    ✅ Added method chunk: unknown
[2025-11-05T08:00:40.277Z] [2025-11-05T08:00:40.067Z] [TREESITTER-CHUNKER] [INFO]    Child type: comment at lines 154-156
[2025-11-05T08:00:40.277Z] [2025-11-05T08:00:40.067Z] [TREESITTER-CHUNKER] [INFO]    Child type: method_definition at lines 157-160
[2025-11-05T08:00:40.277Z] [2025-11-05T08:00:40.067Z] [TREESITTER-CHUNKER] [INFO]    🎯 Found method: unknown (4 lines, 190 chars)
[2025-11-05T08:00:40.277Z] [2025-11-05T08:00:40.067Z] [TREESITTER-CHUNKER] [INFO]    ✅ Added method chunk: unknown
[2025-11-05T08:00:40.277Z] [2025-11-05T08:00:40.067Z] [TREESITTER-CHUNKER] [INFO]    Child type: comment at lines 162-164
[2025-11-05T08:00:40.277Z] [2025-11-05T08:00:40.067Z] [TREESITTER-CHUNKER] [INFO]    Child type: method_definition at lines 165-184
[2025-11-05T08:00:40.277Z] [2025-11-05T08:00:40.067Z] [TREESITTER-CHUNKER] [INFO]    🎯 Found method: unknown (20 lines, 883 chars)
[2025-11-05T08:00:40.277Z] [2025-11-05T08:00:40.067Z] [TREESITTER-CHUNKER] [INFO]    ✅ Added method chunk: unknown
[2025-11-05T08:00:40.277Z] [2025-11-05T08:00:40.067Z] [TREESITTER-CHUNKER] [INFO]    Child type: comment at lines 186-188
[2025-11-05T08:00:40.277Z] [2025-11-05T08:00:40.067Z] [TREESITTER-CHUNKER] [INFO]    Child type: method_definition at lines 189-192
[2025-11-05T08:00:40.277Z] [2025-11-05T08:00:40.067Z] [TREESITTER-CHUNKER] [INFO]    🎯 Found method: unknown (4 lines, 230 chars)
[2025-11-05T08:00:40.277Z] [2025-11-05T08:00:40.067Z] [TREESITTER-CHUNKER] [INFO]    ✅ Added method chunk: unknown
[2025-11-05T08:00:40.277Z] [2025-11-05T08:00:40.067Z] [TREESITTER-CHUNKER] [INFO]    Child type: comment at lines 194-196
[2025-11-05T08:00:40.277Z] [2025-11-05T08:00:40.067Z] [TREESITTER-CHUNKER] [INFO]    Child type: method_definition at lines 197-200
[2025-11-05T08:00:40.277Z] [2025-11-05T08:00:40.067Z] [TREESITTER-CHUNKER] [INFO]    🎯 Found method: unknown (4 lines, 238 chars)
[2025-11-05T08:00:40.277Z] [2025-11-05T08:00:40.067Z] [TREESITTER-CHUNKER] [INFO]    ✅ Added method chunk: unknown
[2025-11-05T08:00:40.277Z] [2025-11-05T08:00:40.067Z] [TREESITTER-CHUNKER] [INFO]    Child type: comment at lines 202-204
[2025-11-05T08:00:40.277Z] [2025-11-05T08:00:40.067Z] [TREESITTER-CHUNKER] [INFO]    Child type: method_definition at lines 205-212
[2025-11-05T08:00:40.277Z] [2025-11-05T08:00:40.067Z] [TREESITTER-CHUNKER] [INFO]    🎯 Found method: unknown (8 lines, 338 chars)
[2025-11-05T08:00:40.277Z] [2025-11-05T08:00:40.067Z] [TREESITTER-CHUNKER] [INFO]    ✅ Added method chunk: unknown
[2025-11-05T08:00:40.277Z] [2025-11-05T08:00:40.067Z] [TREESITTER-CHUNKER] [INFO]    Child type: comment at lines 214-216
[2025-11-05T08:00:40.277Z] [2025-11-05T08:00:40.067Z] [TREESITTER-CHUNKER] [INFO]    Child type: method_definition at lines 217-219
[2025-11-05T08:00:40.277Z] [2025-11-05T08:00:40.067Z] [TREESITTER-CHUNKER] [INFO]    🎯 Found method: unknown (3 lines, 141 chars)
[2025-11-05T08:00:40.277Z] [2025-11-05T08:00:40.067Z] [TREESITTER-CHUNKER] [INFO]    ✅ Added method chunk: unknown
[2025-11-05T08:00:40.277Z] [2025-11-05T08:00:40.067Z] [TREESITTER-CHUNKER] [INFO]    Child type: comment at lines 221-223
[2025-11-05T08:00:40.277Z] [2025-11-05T08:00:40.067Z] [TREESITTER-CHUNKER] [INFO]    Child type: method_definition at lines 224-226
[2025-11-05T08:00:40.277Z] [2025-11-05T08:00:40.067Z] [TREESITTER-CHUNKER] [INFO]    🎯 Found method: unknown (3 lines, 141 chars)
[2025-11-05T08:00:40.277Z] [2025-11-05T08:00:40.067Z] [TREESITTER-CHUNKER] [INFO]    ✅ Added method chunk: unknown
[2025-11-05T08:00:40.277Z] [2025-11-05T08:00:40.067Z] [TREESITTER-CHUNKER] [INFO]    Child type: comment at lines 228-230
[2025-11-05T08:00:40.277Z] [2025-11-05T08:00:40.068Z] [TREESITTER-CHUNKER] [INFO]    Child type: method_definition at lines 231-233
[2025-11-05T08:00:40.277Z] [2025-11-05T08:00:40.068Z] [TREESITTER-CHUNKER] [INFO]    🎯 Found method: unknown (3 lines, 133 chars)
[2025-11-05T08:00:40.277Z] [2025-11-05T08:00:40.068Z] [TREESITTER-CHUNKER] [INFO]    ✅ Added method chunk: unknown
[2025-11-05T08:00:40.277Z] [2025-11-05T08:00:40.068Z] [TREESITTER-CHUNKER] [INFO]    Child type: comment at lines 235-237
[2025-11-05T08:00:40.277Z] [2025-11-05T08:00:40.068Z] [TREESITTER-CHUNKER] [INFO]    Child type: method_definition at lines 238-240
[2025-11-05T08:00:40.277Z] [2025-11-05T08:00:40.068Z] [TREESITTER-CHUNKER] [INFO]    🎯 Found method: unknown (3 lines, 128 chars)
[2025-11-05T08:00:40.277Z] [2025-11-05T08:00:40.068Z] [TREESITTER-CHUNKER] [INFO]    ✅ Added method chunk: unknown
[2025-11-05T08:00:40.277Z] [2025-11-05T08:00:40.068Z] [TREESITTER-CHUNKER] [INFO]    Child type: comment at lines 242-244
[2025-11-05T08:00:40.277Z] [2025-11-05T08:00:40.068Z] [TREESITTER-CHUNKER] [INFO]    Child type: method_definition at lines 245-247
[2025-11-05T08:00:40.277Z] [2025-11-05T08:00:40.068Z] [TREESITTER-CHUNKER] [INFO]    🎯 Found method: unknown (3 lines, 120 chars)
[2025-11-05T08:00:40.277Z] [2025-11-05T08:00:40.068Z] [TREESITTER-CHUNKER] [INFO]    ✅ Added method chunk: unknown
[2025-11-05T08:00:40.277Z] [2025-11-05T08:00:40.068Z] [TREESITTER-CHUNKER] [INFO]    Child type: comment at lines 249-251
[2025-11-05T08:00:40.277Z] [2025-11-05T08:00:40.068Z] [TREESITTER-CHUNKER] [INFO]    Child type: method_definition at lines 252-257
[2025-11-05T08:00:40.277Z] [2025-11-05T08:00:40.068Z] [TREESITTER-CHUNKER] [INFO]    🎯 Found method: unknown (6 lines, 143 chars)
[2025-11-05T08:00:40.277Z] [2025-11-05T08:00:40.068Z] [TREESITTER-CHUNKER] [INFO]    ✅ Added method chunk: unknown
[2025-11-05T08:00:40.277Z] [2025-11-05T08:00:40.068Z] [TREESITTER-CHUNKER] [INFO]    Child type: comment at lines 259-261
[2025-11-05T08:00:40.277Z] [2025-11-05T08:00:40.068Z] [TREESITTER-CHUNKER] [INFO]    Child type: method_definition at lines 262-314
[2025-11-05T08:00:40.277Z] [2025-11-05T08:00:40.068Z] [TREESITTER-CHUNKER] [INFO]    🎯 Found method: unknown (53 lines, 1609 chars)
[2025-11-05T08:00:40.277Z] [2025-11-05T08:00:40.068Z] [TREESITTER-CHUNKER] [INFO]    ✅ Added method chunk: unknown
[2025-11-05T08:00:40.277Z] [2025-11-05T08:00:40.068Z] [TREESITTER-CHUNKER] [INFO] 🏁 Extracted 22 methods from large class
[2025-11-05T08:00:40.277Z] [2025-11-05T08:00:40.078Z] [TREESITTER-CHUNKER] [INFO] Created 9 semantic chunks from c:\Users\RakaThinkpad\Documents\Project\educatedplanet\dataservice\src\services\tutor.service.ts
[2025-11-05T08:00:40.277Z] [2025-11-05T08:00:40.123Z] [TREESITTER-FULL] [INFO] Extracted 2 symbols from c:\Users\RakaThinkpad\Documents\Project\educatedplanet\dataservice\src\services\tutor.service.ts
[2025-11-05T08:00:40.277Z] [2025-11-05T08:00:40.123Z] [INDEXING-ORCHESTRATOR] [DEBUG] 🔍 Symbol extraction for c:\Users\RakaThinkpad\Documents\Project\educatedplanet\dataservice\src\services\tutor.service.ts: 2 symbols, 3 imports
[2025-11-05T08:00:40.277Z] [2025-11-05T08:00:40.123Z] [INDEXING-ORCHESTRATOR] [DEBUG] 📍 Chunk 13-33: 0 candidate symbols
[2025-11-05T08:00:40.277Z] [2025-11-05T08:00:40.123Z] [INDEXING-ORCHESTRATOR] [DEBUG] ✅ Chunk symbols after filtering: 0 symbols - 
[2025-11-05T08:00:40.277Z] [2025-11-05T08:00:40.123Z] [INDEXING-ORCHESTRATOR] [DEBUG] 📍 Chunk 37-74: 0 candidate symbols
[2025-11-05T08:00:40.277Z] [2025-11-05T08:00:40.123Z] [INDEXING-ORCHESTRATOR] [DEBUG] ✅ Chunk symbols after filtering: 0 symbols - 
[2025-11-05T08:00:40.277Z] [2025-11-05T08:00:40.123Z] [INDEXING-ORCHESTRATOR] [DEBUG] 📍 Chunk 79-124: 0 candidate symbols
[2025-11-05T08:00:40.277Z] [2025-11-05T08:00:40.123Z] [INDEXING-ORCHESTRATOR] [DEBUG] ✅ Chunk symbols after filtering: 0 symbols - 
[2025-11-05T08:00:40.277Z] [2025-11-05T08:00:40.123Z] [INDEXING-ORCHESTRATOR] [DEBUG] 📍 Chunk 129-160: 0 candidate symbols
[2025-11-05T08:00:40.277Z] [2025-11-05T08:00:40.123Z] [INDEXING-ORCHESTRATOR] [DEBUG] ✅ Chunk symbols after filtering: 0 symbols - 
[2025-11-05T08:00:40.277Z] [2025-11-05T08:00:40.123Z] [INDEXING-ORCHESTRATOR] [DEBUG] 📍 Chunk 165-200: 0 candidate symbols
[2025-11-05T08:00:40.277Z] [2025-11-05T08:00:40.123Z] [INDEXING-ORCHESTRATOR] [DEBUG] ✅ Chunk symbols after filtering: 0 symbols - 
[2025-11-05T08:00:40.277Z] [2025-11-05T08:00:40.123Z] [INDEXING-ORCHESTRATOR] [DEBUG] 📍 Chunk 205-247: 0 candidate symbols
[2025-11-05T08:00:40.277Z] [2025-11-05T08:00:40.123Z] [INDEXING-ORCHESTRATOR] [DEBUG] ✅ Chunk symbols after filtering: 0 symbols - 
[2025-11-05T08:00:40.277Z] [2025-11-05T08:00:40.123Z] [INDEXING-ORCHESTRATOR] [DEBUG] 📍 Chunk 252-257: 0 candidate symbols
[2025-11-05T08:00:40.277Z] [2025-11-05T08:00:40.123Z] [INDEXING-ORCHESTRATOR] [DEBUG] ✅ Chunk symbols after filtering: 0 symbols - 
[2025-11-05T08:00:40.277Z] [2025-11-05T08:00:40.123Z] [INDEXING-ORCHESTRATOR] [DEBUG] 📍 Chunk 262-314: 0 candidate symbols
[2025-11-05T08:00:40.277Z] [2025-11-05T08:00:40.123Z] [INDEXING-ORCHESTRATOR] [DEBUG] ✅ Chunk symbols after filtering: 0 symbols - 
[2025-11-05T08:00:40.277Z] [2025-11-05T08:00:40.123Z] [INDEXING-ORCHESTRATOR] [DEBUG] 📍 Chunk 315-318: 1 candidate symbols
[2025-11-05T08:00:40.277Z] [2025-11-05T08:00:40.123Z] [INDEXING-ORCHESTRATOR] [DEBUG] ✅ Chunk symbols after filtering: 1 symbols - tutorService
[2025-11-05T08:00:40.277Z] [2025-11-05T08:00:40.123Z] [INDEXING-ORCHESTRATOR] [DEBUG] Created 9 semantic chunks for c:\Users\RakaThinkpad\Documents\Project\educatedplanet\dataservice\src\services\tutor.service.ts
[2025-11-05T08:00:40.277Z] [2025-11-05T08:00:40.123Z] [INDEXING-ORCHESTRATOR] [DEBUG] Average chunk size: 977 characters
[2025-11-05T08:00:40.277Z] [2025-11-05T08:00:40.126Z] [TREESITTER-CHUNKER] [INFO] 🔍 Found class: unknown (305 lines)
[2025-11-05T08:00:40.277Z] [2025-11-05T08:00:40.126Z] [TREESITTER-CHUNKER] [INFO] 📤 Splitting large class: unknown (305 lines > 150)
[2025-11-05T08:00:40.277Z] [2025-11-05T08:00:40.126Z] [TREESITTER-CHUNKER] [INFO] 🔧 Extracting methods from large class with 2 children
[2025-11-05T08:00:40.277Z] [2025-11-05T08:00:40.126Z] [TREESITTER-CHUNKER] [INFO] 🔍 Checking 44 nodes for methods (using class_body)
[2025-11-05T08:00:40.277Z] [2025-11-05T08:00:40.126Z] [TREESITTER-CHUNKER] [INFO]    Child type: comment at lines 14-16
[2025-11-05T08:00:40.277Z] [2025-11-05T08:00:40.126Z] [TREESITTER-CHUNKER] [INFO]    Child type: method_definition at lines 17-29
[2025-11-05T08:00:40.277Z] [2025-11-05T08:00:40.126Z] [TREESITTER-CHUNKER] [INFO]    🎯 Found method: unknown (13 lines, 440 chars)
[2025-11-05T08:00:40.277Z] [2025-11-05T08:00:40.126Z] [TREESITTER-CHUNKER] [INFO]    ✅ Added method chunk: unknown
[2025-11-05T08:00:40.277Z] [2025-11-05T08:00:40.126Z] [TREESITTER-CHUNKER] [INFO]    Child type: comment at lines 30-32
[2025-11-05T08:00:40.277Z] [2025-11-05T08:00:40.126Z] [TREESITTER-CHUNKER] [INFO]    Child type: method_definition at lines 33-61
[2025-11-05T08:00:40.277Z] [2025-11-05T08:00:40.126Z] [TREESITTER-CHUNKER] [INFO]    🎯 Found method: unknown (29 lines, 914 chars)
[2025-11-05T08:00:40.277Z] [2025-11-05T08:00:40.126Z] [TREESITTER-CHUNKER] [INFO]    ✅ Added method chunk: unknown
[2025-11-05T08:00:40.277Z] [2025-11-05T08:00:40.126Z] [TREESITTER-CHUNKER] [INFO]    Child type: comment at lines 63-65
[2025-11-05T08:00:40.277Z] [2025-11-05T08:00:40.126Z] [TREESITTER-CHUNKER] [INFO]    Child type: method_definition at lines 66-69
[2025-11-05T08:00:40.277Z] [2025-11-05T08:00:40.126Z] [TREESITTER-CHUNKER] [INFO]    🎯 Found method: unknown (4 lines, 196 chars)
[2025-11-05T08:00:40.277Z] [2025-11-05T08:00:40.126Z] [TREESITTER-CHUNKER] [INFO]    ✅ Added method chunk: unknown
[2025-11-05T08:00:40.277Z] [2025-11-05T08:00:40.126Z] [TREESITTER-CHUNKER] [INFO]    Child type: comment at lines 71-73
[2025-11-05T08:00:40.277Z] [2025-11-05T08:00:40.126Z] [TREESITTER-CHUNKER] [INFO]    Child type: method_definition at lines 74-85
[2025-11-05T08:00:40.277Z] [2025-11-05T08:00:40.126Z] [TREESITTER-CHUNKER] [INFO]    🎯 Found method: unknown (12 lines, 349 chars)
[2025-11-05T08:00:40.277Z] [2025-11-05T08:00:40.126Z] [TREESITTER-CHUNKER] [INFO]    ✅ Added method chunk: unknown
[2025-11-05T08:00:40.277Z] [2025-11-05T08:00:40.126Z] [TREESITTER-CHUNKER] [INFO]    Child type: comment at lines 87-89
[2025-11-05T08:00:40.277Z] [2025-11-05T08:00:40.126Z] [TREESITTER-CHUNKER] [INFO]    Child type: method_definition at lines 90-96
[2025-11-05T08:00:40.277Z] [2025-11-05T08:00:40.126Z] [TREESITTER-CHUNKER] [INFO]    🎯 Found method: unknown (7 lines, 206 chars)
[2025-11-05T08:00:40.277Z] [2025-11-05T08:00:40.126Z] [TREESITTER-CHUNKER] [INFO]    ✅ Added method chunk: unknown
[2025-11-05T08:00:40.277Z] [2025-11-05T08:00:40.126Z] [TREESITTER-CHUNKER] [INFO]    Child type: comment at lines 98-100
[2025-11-05T08:00:40.277Z] [2025-11-05T08:00:40.126Z] [TREESITTER-CHUNKER] [INFO]    Child type: method_definition at lines 101-104
[2025-11-05T08:00:40.277Z] [2025-11-05T08:00:40.126Z] [TREESITTER-CHUNKER] [INFO]    🎯 Found method: unknown (4 lines, 207 chars)
[2025-11-05T08:00:40.277Z] [2025-11-05T08:00:40.127Z] [TREESITTER-CHUNKER] [INFO]    ✅ Added method chunk: unknown
[2025-11-05T08:00:40.277Z] [2025-11-05T08:00:40.127Z] [TREESITTER-CHUNKER] [INFO]    Child type: comment at lines 106-108
[2025-11-05T08:00:40.277Z] [2025-11-05T08:00:40.127Z] [TREESITTER-CHUNKER] [INFO]    Child type: method_definition at lines 109-116
[2025-11-05T08:00:40.277Z] [2025-11-05T08:00:40.127Z] [TREESITTER-CHUNKER] [INFO]    🎯 Found method: unknown (8 lines, 344 chars)
[2025-11-05T08:00:40.277Z] [2025-11-05T08:00:40.127Z] [TREESITTER-CHUNKER] [INFO]    ✅ Added method chunk: unknown
[2025-11-05T08:00:40.277Z] [2025-11-05T08:00:40.127Z] [TREESITTER-CHUNKER] [INFO]    Child type: comment at lines 118-120
[2025-11-05T08:00:40.277Z] [2025-11-05T08:00:40.127Z] [TREESITTER-CHUNKER] [INFO]    Child type: method_definition at lines 121-141
[2025-11-05T08:00:40.277Z] [2025-11-05T08:00:40.127Z] [TREESITTER-CHUNKER] [INFO]    🎯 Found method: unknown (21 lines, 687 chars)
[2025-11-05T08:00:40.277Z] [2025-11-05T08:00:40.127Z] [TREESITTER-CHUNKER] [INFO]    ✅ Added method chunk: unknown
[2025-11-05T08:00:40.277Z] [2025-11-05T08:00:40.127Z] [TREESITTER-CHUNKER] [INFO]    Child type: comment at lines 143-145
[2025-11-05T08:00:40.277Z] [2025-11-05T08:00:40.127Z] [TREESITTER-CHUNKER] [INFO]    Child type: method_definition at lines 146-158
[2025-11-05T08:00:40.277Z] [2025-11-05T08:00:40.127Z] [TREESITTER-CHUNKER] [INFO]    🎯 Found method: unknown (13 lines, 558 chars)
[2025-11-05T08:00:40.277Z] [2025-11-05T08:00:40.127Z] [TREESITTER-CHUNKER] [INFO]    ✅ Added method chunk: unknown
[2025-11-05T08:00:40.277Z] [2025-11-05T08:00:40.127Z] [TREESITTER-CHUNKER] [INFO]    Child type: comment at lines 160-162
[2025-11-05T08:00:40.277Z] [2025-11-05T08:00:40.127Z] [TREESITTER-CHUNKER] [INFO]    Child type: method_definition at lines 163-166
[2025-11-05T08:00:40.277Z] [2025-11-05T08:00:40.127Z] [TREESITTER-CHUNKER] [INFO]    🎯 Found method: unknown (4 lines, 238 chars)
[2025-11-05T08:00:40.277Z] [2025-11-05T08:00:40.127Z] [TREESITTER-CHUNKER] [INFO]    ✅ Added method chunk: unknown
[2025-11-05T08:00:40.277Z] [2025-11-05T08:00:40.127Z] [TREESITTER-CHUNKER] [INFO]    Child type: comment at lines 168-170
[2025-11-05T08:00:40.277Z] [2025-11-05T08:00:40.127Z] [TREESITTER-CHUNKER] [INFO]    Child type: method_definition at lines 171-174
[2025-11-05T08:00:40.277Z] [2025-11-05T08:00:40.127Z] [TREESITTER-CHUNKER] [INFO]    🎯 Found method: unknown (4 lines, 259 chars)
[2025-11-05T08:00:40.277Z] [2025-11-05T08:00:40.127Z] [TREESITTER-CHUNKER] [INFO]    ✅ Added method chunk: unknown
[2025-11-05T08:00:40.277Z] [2025-11-05T08:00:40.127Z] [TREESITTER-CHUNKER] [INFO]    Child type: comment at lines 176-178
[2025-11-05T08:00:40.277Z] [2025-11-05T08:00:40.127Z] [TREESITTER-CHUNKER] [INFO]    Child type: method_definition at lines 179-181
[2025-11-05T08:00:40.277Z] [2025-11-05T08:00:40.127Z] [TREESITTER-CHUNKER] [INFO]    🎯 Found method: unknown (3 lines, 121 chars)
[2025-11-05T08:00:40.277Z] [2025-11-05T08:00:40.127Z] [TREESITTER-CHUNKER] [INFO]    ✅ Added method chunk: unknown
[2025-11-05T08:00:40.277Z] [2025-11-05T08:00:40.127Z] [TREESITTER-CHUNKER] [INFO]    Child type: comment at lines 183-185
[2025-11-05T08:00:40.277Z] [2025-11-05T08:00:40.127Z] [TREESITTER-CHUNKER] [INFO]    Child type: method_definition at lines 186-188
[2025-11-05T08:00:40.277Z] [2025-11-05T08:00:40.127Z] [TREESITTER-CHUNKER] [INFO]    🎯 Found method: unknown (3 lines, 125 chars)
[2025-11-05T08:00:40.277Z] [2025-11-05T08:00:40.127Z] [TREESITTER-CHUNKER] [INFO]    ✅ Added method chunk: unknown
[2025-11-05T08:00:40.277Z] [2025-11-05T08:00:40.127Z] [TREESITTER-CHUNKER] [INFO]    Child type: comment at lines 190-192
[2025-11-05T08:00:40.277Z] [2025-11-05T08:00:40.127Z] [TREESITTER-CHUNKER] [INFO]    Child type: method_definition at lines 193-195
[2025-11-05T08:00:40.277Z] [2025-11-05T08:00:40.127Z] [TREESITTER-CHUNKER] [INFO]    🎯 Found method: unknown (3 lines, 129 chars)
[2025-11-05T08:00:40.277Z] [2025-11-05T08:00:40.127Z] [TREESITTER-CHUNKER] [INFO]    ✅ Added method chunk: unknown
[2025-11-05T08:00:40.277Z] [2025-11-05T08:00:40.127Z] [TREESITTER-CHUNKER] [INFO]    Child type: comment at lines 197-199
[2025-11-05T08:00:40.277Z] [2025-11-05T08:00:40.127Z] [TREESITTER-CHUNKER] [INFO]    Child type: method_definition at lines 200-213
[2025-11-05T08:00:40.277Z] [2025-11-05T08:00:40.127Z] [TREESITTER-CHUNKER] [INFO]    🎯 Found method: unknown (14 lines, 455 chars)
[2025-11-05T08:00:40.277Z] [2025-11-05T08:00:40.127Z] [TREESITTER-CHUNKER] [INFO]    ✅ Added method chunk: unknown
[2025-11-05T08:00:40.277Z] [2025-11-05T08:00:40.127Z] [TREESITTER-CHUNKER] [INFO]    Child type: comment at lines 215-217
[2025-11-05T08:00:40.277Z] [2025-11-05T08:00:40.127Z] [TREESITTER-CHUNKER] [INFO]    Child type: method_definition at lines 218-225
[2025-11-05T08:00:40.277Z] [2025-11-05T08:00:40.127Z] [TREESITTER-CHUNKER] [INFO]    🎯 Found method: unknown (8 lines, 216 chars)
[2025-11-05T08:00:40.277Z] [2025-11-05T08:00:40.127Z] [TREESITTER-CHUNKER] [INFO]    ✅ Added method chunk: unknown
[2025-11-05T08:00:40.277Z] [2025-11-05T08:00:40.127Z] [TREESITTER-CHUNKER] [INFO]    Child type: comment at lines 227-229
[2025-11-05T08:00:40.277Z] [2025-11-05T08:00:40.127Z] [TREESITTER-CHUNKER] [INFO]    Child type: method_definition at lines 230-235
[2025-11-05T08:00:40.277Z] [2025-11-05T08:00:40.127Z] [TREESITTER-CHUNKER] [INFO]    🎯 Found method: unknown (6 lines, 169 chars)
[2025-11-05T08:00:40.277Z] [2025-11-05T08:00:40.127Z] [TREESITTER-CHUNKER] [INFO]    ✅ Added method chunk: unknown
[2025-11-05T08:00:40.277Z] [2025-11-05T08:00:40.127Z] [TREESITTER-CHUNKER] [INFO]    Child type: comment at lines 237-239
[2025-11-05T08:00:40.277Z] [2025-11-05T08:00:40.127Z] [TREESITTER-CHUNKER] [INFO]    Child type: method_definition at lines 240-246
[2025-11-05T08:00:40.277Z] [2025-11-05T08:00:40.128Z] [TREESITTER-CHUNKER] [INFO]    🎯 Found method: unknown (7 lines, 248 chars)
[2025-11-05T08:00:40.277Z] [2025-11-05T08:00:40.128Z] [TREESITTER-CHUNKER] [INFO]    ✅ Added method chunk: unknown
[2025-11-05T08:00:40.277Z] [2025-11-05T08:00:40.128Z] [TREESITTER-CHUNKER] [INFO]    Child type: comment at lines 248-250
[2025-11-05T08:00:40.277Z] [2025-11-05T08:00:40.128Z] [TREESITTER-CHUNKER] [INFO]    Child type: method_definition at lines 251-268
[2025-11-05T08:00:40.277Z] [2025-11-05T08:00:40.130Z] [TREESITTER-CHUNKER] [INFO]    🎯 Found method: unknown (18 lines, 490 chars)
[2025-11-05T08:00:40.277Z] [2025-11-05T08:00:40.130Z] [TREESITTER-CHUNKER] [INFO]    ✅ Added method chunk: unknown
[2025-11-05T08:00:40.277Z] [2025-11-05T08:00:40.130Z] [TREESITTER-CHUNKER] [INFO]    Child type: comment at lines 270-272
[2025-11-05T08:00:40.277Z] [2025-11-05T08:00:40.130Z] [TREESITTER-CHUNKER] [INFO]    Child type: method_definition at lines 273-275
[2025-11-05T08:00:40.277Z] [2025-11-05T08:00:40.130Z] [TREESITTER-CHUNKER] [INFO]    🎯 Found method: unknown (3 lines, 129 chars)
[2025-11-05T08:00:40.277Z] [2025-11-05T08:00:40.130Z] [TREESITTER-CHUNKER] [INFO]    ✅ Added method chunk: unknown
[2025-11-05T08:00:40.277Z] [2025-11-05T08:00:40.131Z] [TREESITTER-CHUNKER] [INFO]    Child type: comment at lines 277-279
[2025-11-05T08:00:40.277Z] [2025-11-05T08:00:40.131Z] [TREESITTER-CHUNKER] [INFO]    Child type: method_definition at lines 280-283
[2025-11-05T08:00:40.277Z] [2025-11-05T08:00:40.131Z] [TREESITTER-CHUNKER] [INFO]    🎯 Found method: unknown (4 lines, 199 chars)
[2025-11-05T08:00:40.277Z] [2025-11-05T08:00:40.131Z] [TREESITTER-CHUNKER] [INFO]    ✅ Added method chunk: unknown
[2025-11-05T08:00:40.277Z] [2025-11-05T08:00:40.131Z] [TREESITTER-CHUNKER] [INFO]    Child type: comment at lines 285-287
[2025-11-05T08:00:40.277Z] [2025-11-05T08:00:40.131Z] [TREESITTER-CHUNKER] [INFO]    Child type: method_definition at lines 288-316
[2025-11-05T08:00:40.277Z] [2025-11-05T08:00:40.131Z] [TREESITTER-CHUNKER] [INFO]    🎯 Found method: unknown (29 lines, 965 chars)
[2025-11-05T08:00:40.277Z] [2025-11-05T08:00:40.131Z] [TREESITTER-CHUNKER] [INFO]    ✅ Added method chunk: unknown
[2025-11-05T08:00:40.277Z] [2025-11-05T08:00:40.131Z] [TREESITTER-CHUNKER] [INFO] 🏁 Extracted 22 methods from large class
[2025-11-05T08:00:40.277Z] [2025-11-05T08:00:40.139Z] [TREESITTER-CHUNKER] [INFO] Created 8 semantic chunks from c:\Users\RakaThinkpad\Documents\Project\educatedplanet\dataservice\src\services\review.service.ts
[2025-11-05T08:00:40.277Z] [2025-11-05T08:00:40.181Z] [TREESITTER-FULL] [INFO] Extracted 2 symbols from c:\Users\RakaThinkpad\Documents\Project\educatedplanet\dataservice\src\services\review.service.ts
[2025-11-05T08:00:40.277Z] [2025-11-05T08:00:40.181Z] [INDEXING-ORCHESTRATOR] [DEBUG] 🔍 Symbol extraction for c:\Users\RakaThinkpad\Documents\Project\educatedplanet\dataservice\src\services\review.service.ts: 2 symbols, 3 imports
[2025-11-05T08:00:40.277Z] [2025-11-05T08:00:40.181Z] [INDEXING-ORCHESTRATOR] [DEBUG] 📍 Chunk 13-61: 0 candidate symbols
[2025-11-05T08:00:40.277Z] [2025-11-05T08:00:40.181Z] [INDEXING-ORCHESTRATOR] [DEBUG] ✅ Chunk symbols after filtering: 0 symbols - 
[2025-11-05T08:00:40.277Z] [2025-11-05T08:00:40.181Z] [INDEXING-ORCHESTRATOR] [DEBUG] 📍 Chunk 66-104: 0 candidate symbols
[2025-11-05T08:00:40.277Z] [2025-11-05T08:00:40.181Z] [INDEXING-ORCHESTRATOR] [DEBUG] ✅ Chunk symbols after filtering: 0 symbols - 
[2025-11-05T08:00:40.277Z] [2025-11-05T08:00:40.181Z] [INDEXING-ORCHESTRATOR] [DEBUG] 📍 Chunk 109-141: 0 candidate symbols
[2025-11-05T08:00:40.277Z] [2025-11-05T08:00:40.181Z] [INDEXING-ORCHESTRATOR] [DEBUG] ✅ Chunk symbols after filtering: 0 symbols - 
[2025-11-05T08:00:40.277Z] [2025-11-05T08:00:40.181Z] [INDEXING-ORCHESTRATOR] [DEBUG] 📍 Chunk 146-188: 0 candidate symbols
[2025-11-05T08:00:40.277Z] [2025-11-05T08:00:40.181Z] [INDEXING-ORCHESTRATOR] [DEBUG] ✅ Chunk symbols after filtering: 0 symbols - 
[2025-11-05T08:00:40.277Z] [2025-11-05T08:00:40.181Z] [INDEXING-ORCHESTRATOR] [DEBUG] 📍 Chunk 193-246: 0 candidate symbols
[2025-11-05T08:00:40.277Z] [2025-11-05T08:00:40.181Z] [INDEXING-ORCHESTRATOR] [DEBUG] ✅ Chunk symbols after filtering: 0 symbols - 
[2025-11-05T08:00:40.277Z] [2025-11-05T08:00:40.181Z] [INDEXING-ORCHESTRATOR] [DEBUG] 📍 Chunk 251-283: 0 candidate symbols
[2025-11-05T08:00:40.277Z] [2025-11-05T08:00:40.181Z] [INDEXING-ORCHESTRATOR] [DEBUG] ✅ Chunk symbols after filtering: 0 symbols - 
[2025-11-05T08:00:40.277Z] [2025-11-05T08:00:40.181Z] [INDEXING-ORCHESTRATOR] [DEBUG] 📍 Chunk 288-316: 0 candidate symbols
[2025-11-05T08:00:40.277Z] [2025-11-05T08:00:40.181Z] [INDEXING-ORCHESTRATOR] [DEBUG] ✅ Chunk symbols after filtering: 0 symbols - 
[2025-11-05T08:00:40.277Z] [2025-11-05T08:00:40.181Z] [INDEXING-ORCHESTRATOR] [DEBUG] 📍 Chunk 317-320: 1 candidate symbols
[2025-11-05T08:00:40.277Z] [2025-11-05T08:00:40.181Z] [INDEXING-ORCHESTRATOR] [DEBUG] ✅ Chunk symbols after filtering: 1 symbols - reviewService
[2025-11-05T08:00:40.277Z] [2025-11-05T08:00:40.181Z] [INDEXING-ORCHESTRATOR] [DEBUG] Created 8 semantic chunks for c:\Users\RakaThinkpad\Documents\Project\educatedplanet\dataservice\src\services\review.service.ts
[2025-11-05T08:00:40.277Z] [2025-11-05T08:00:40.181Z] [INDEXING-ORCHESTRATOR] [DEBUG] Average chunk size: 1067 characters
[2025-11-05T08:00:40.277Z] [2025-11-05T08:00:40.184Z] [TREESITTER-CHUNKER] [INFO] 🔍 Found class: unknown (308 lines)
[2025-11-05T08:00:40.277Z] [2025-11-05T08:00:40.184Z] [TREESITTER-CHUNKER] [INFO] 📤 Splitting large class: unknown (308 lines > 150)
[2025-11-05T08:00:40.277Z] [2025-11-05T08:00:40.184Z] [TREESITTER-CHUNKER] [INFO] 🔧 Extracting methods from large class with 2 children
[2025-11-05T08:00:40.277Z] [2025-11-05T08:00:40.184Z] [TREESITTER-CHUNKER] [INFO] 🔍 Checking 28 nodes for methods (using class_body)
[2025-11-05T08:00:40.277Z] [2025-11-05T08:00:40.184Z] [TREESITTER-CHUNKER] [INFO]    Child type: comment at lines 16-18
[2025-11-05T08:00:40.277Z] [2025-11-05T08:00:40.184Z] [TREESITTER-CHUNKER] [INFO]    Child type: method_definition at lines 19-30
[2025-11-05T08:00:40.277Z] [2025-11-05T08:00:40.184Z] [TREESITTER-CHUNKER] [INFO]    🎯 Found method: unknown (12 lines, 368 chars)
[2025-11-05T08:00:40.277Z] [2025-11-05T08:00:40.184Z] [TREESITTER-CHUNKER] [INFO]    ✅ Added method chunk: unknown
[2025-11-05T08:00:40.277Z] [2025-11-05T08:00:40.184Z] [TREESITTER-CHUNKER] [INFO]    Child type: comment at lines 31-33
[2025-11-05T08:00:40.277Z] [2025-11-05T08:00:40.184Z] [TREESITTER-CHUNKER] [INFO]    Child type: method_definition at lines 34-59
[2025-11-05T08:00:40.277Z] [2025-11-05T08:00:40.184Z] [TREESITTER-CHUNKER] [INFO]    🎯 Found method: unknown (26 lines, 852 chars)
[2025-11-05T08:00:40.277Z] [2025-11-05T08:00:40.184Z] [TREESITTER-CHUNKER] [INFO]    ✅ Added method chunk: unknown
[2025-11-05T08:00:40.277Z] [2025-11-05T08:00:40.184Z] [TREESITTER-CHUNKER] [INFO]    Child type: comment at lines 61-63
[2025-11-05T08:00:40.277Z] [2025-11-05T08:00:40.184Z] [TREESITTER-CHUNKER] [INFO]    Child type: method_definition at lines 64-71
[2025-11-05T08:00:40.277Z] [2025-11-05T08:00:40.184Z] [TREESITTER-CHUNKER] [INFO]    🎯 Found method: unknown (8 lines, 267 chars)
[2025-11-05T08:00:40.277Z] [2025-11-05T08:00:40.184Z] [TREESITTER-CHUNKER] [INFO]    ✅ Added method chunk: unknown
[2025-11-05T08:00:40.277Z] [2025-11-05T08:00:40.184Z] [TREESITTER-CHUNKER] [INFO]    Child type: comment at lines 73-75
[2025-11-05T08:00:40.277Z] [2025-11-05T08:00:40.184Z] [TREESITTER-CHUNKER] [INFO]    Child type: method_definition at lines 76-83
[2025-11-05T08:00:40.277Z] [2025-11-05T08:00:40.184Z] [TREESITTER-CHUNKER] [INFO]    🎯 Found method: unknown (8 lines, 285 chars)
[2025-11-05T08:00:40.277Z] [2025-11-05T08:00:40.184Z] [TREESITTER-CHUNKER] [INFO]    ✅ Added method chunk: unknown
[2025-11-05T08:00:40.277Z] [2025-11-05T08:00:40.184Z] [TREESITTER-CHUNKER] [INFO]    Child type: comment at lines 85-87
[2025-11-05T08:00:40.277Z] [2025-11-05T08:00:40.184Z] [TREESITTER-CHUNKER] [INFO]    Child type: method_definition at lines 88-95
[2025-11-05T08:00:40.277Z] [2025-11-05T08:00:40.184Z] [TREESITTER-CHUNKER] [INFO]    🎯 Found method: unknown (8 lines, 299 chars)
[2025-11-05T08:00:40.277Z] [2025-11-05T08:00:40.184Z] [TREESITTER-CHUNKER] [INFO]    ✅ Added method chunk: unknown
[2025-11-05T08:00:40.277Z] [2025-11-05T08:00:40.184Z] [TREESITTER-CHUNKER] [INFO]    Child type: comment at lines 97-99
[2025-11-05T08:00:40.277Z] [2025-11-05T08:00:40.184Z] [TREESITTER-CHUNKER] [INFO]    Child type: method_definition at lines 100-144
[2025-11-05T08:00:40.277Z] [2025-11-05T08:00:40.185Z] [TREESITTER-CHUNKER] [INFO]    🎯 Found method: unknown (45 lines, 1068 chars)
[2025-11-05T08:00:40.277Z] [2025-11-05T08:00:40.185Z] [TREESITTER-CHUNKER] [INFO]    ✅ Added method chunk: unknown
[2025-11-05T08:00:40.277Z] [2025-11-05T08:00:40.185Z] [TREESITTER-CHUNKER] [INFO]    Child type: comment at lines 146-148
[2025-11-05T08:00:40.277Z] [2025-11-05T08:00:40.185Z] [TREESITTER-CHUNKER] [INFO]    Child type: method_definition at lines 149-173
[2025-11-05T08:00:40.277Z] [2025-11-05T08:00:40.185Z] [TREESITTER-CHUNKER] [INFO]    🎯 Found method: unknown (25 lines, 858 chars)
[2025-11-05T08:00:40.277Z] [2025-11-05T08:00:40.185Z] [TREESITTER-CHUNKER] [INFO]    ✅ Added method chunk: unknown
[2025-11-05T08:00:40.277Z] [2025-11-05T08:00:40.185Z] [TREESITTER-CHUNKER] [INFO]    Child type: comment at lines 175-177
[2025-11-05T08:00:40.277Z] [2025-11-05T08:00:40.185Z] [TREESITTER-CHUNKER] [INFO]    Child type: method_definition at lines 178-185
[2025-11-05T08:00:40.277Z] [2025-11-05T08:00:40.185Z] [TREESITTER-CHUNKER] [INFO]    🎯 Found method: unknown (8 lines, 276 chars)
[2025-11-05T08:00:40.277Z] [2025-11-05T08:00:40.185Z] [TREESITTER-CHUNKER] [INFO]    ✅ Added method chunk: unknown
[2025-11-05T08:00:40.277Z] [2025-11-05T08:00:40.185Z] [TREESITTER-CHUNKER] [INFO]    Child type: comment at lines 187-189
[2025-11-05T08:00:40.277Z] [2025-11-05T08:00:40.185Z] [TREESITTER-CHUNKER] [INFO]    Child type: method_definition at lines 190-197
[2025-11-05T08:00:40.277Z] [2025-11-05T08:00:40.185Z] [TREESITTER-CHUNKER] [INFO]    🎯 Found method: unknown (8 lines, 304 chars)
[2025-11-05T08:00:40.277Z] [2025-11-05T08:00:40.185Z] [TREESITTER-CHUNKER] [INFO]    ✅ Added method chunk: unknown
[2025-11-05T08:00:40.277Z] [2025-11-05T08:00:40.185Z] [TREESITTER-CHUNKER] [INFO]    Child type: comment at lines 199-201
[2025-11-05T08:00:40.277Z] [2025-11-05T08:00:40.185Z] [TREESITTER-CHUNKER] [INFO]    Child type: method_definition at lines 202-222
[2025-11-05T08:00:40.277Z] [2025-11-05T08:00:40.185Z] [TREESITTER-CHUNKER] [INFO]    🎯 Found method: unknown (21 lines, 646 chars)
[2025-11-05T08:00:40.277Z] [2025-11-05T08:00:40.185Z] [TREESITTER-CHUNKER] [INFO]    ✅ Added method chunk: unknown
[2025-11-05T08:00:40.277Z] [2025-11-05T08:00:40.185Z] [TREESITTER-CHUNKER] [INFO]    Child type: comment at lines 224-226
[2025-11-05T08:00:40.277Z] [2025-11-05T08:00:40.185Z] [TREESITTER-CHUNKER] [INFO]    Child type: method_definition at lines 227-250
[2025-11-05T08:00:40.277Z] [2025-11-05T08:00:40.185Z] [TREESITTER-CHUNKER] [INFO]    🎯 Found method: unknown (24 lines, 860 chars)
[2025-11-05T08:00:40.277Z] [2025-11-05T08:00:40.185Z] [TREESITTER-CHUNKER] [INFO]    ✅ Added method chunk: unknown
[2025-11-05T08:00:40.277Z] [2025-11-05T08:00:40.185Z] [TREESITTER-CHUNKER] [INFO]    Child type: comment at lines 252-254
[2025-11-05T08:00:40.277Z] [2025-11-05T08:00:40.185Z] [TREESITTER-CHUNKER] [INFO]    Child type: method_definition at lines 255-283
[2025-11-05T08:00:40.277Z] [2025-11-05T08:00:40.185Z] [TREESITTER-CHUNKER] [INFO]    🎯 Found method: unknown (29 lines, 784 chars)
[2025-11-05T08:00:40.277Z] [2025-11-05T08:00:40.185Z] [TREESITTER-CHUNKER] [INFO]    ✅ Added method chunk: unknown
[2025-11-05T08:00:40.277Z] [2025-11-05T08:00:40.185Z] [TREESITTER-CHUNKER] [INFO]    Child type: comment at lines 285-287
[2025-11-05T08:00:40.277Z] [2025-11-05T08:00:40.185Z] [TREESITTER-CHUNKER] [INFO]    Child type: method_definition at lines 288-304
[2025-11-05T08:00:40.277Z] [2025-11-05T08:00:40.185Z] [TREESITTER-CHUNKER] [INFO]    🎯 Found method: unknown (17 lines, 541 chars)
[2025-11-05T08:00:40.277Z] [2025-11-05T08:00:40.185Z] [TREESITTER-CHUNKER] [INFO]    ✅ Added method chunk: unknown
[2025-11-05T08:00:40.277Z] [2025-11-05T08:00:40.185Z] [TREESITTER-CHUNKER] [INFO]    Child type: comment at lines 306-308
[2025-11-05T08:00:40.277Z] [2025-11-05T08:00:40.185Z] [TREESITTER-CHUNKER] [INFO]    Child type: method_definition at lines 309-321
[2025-11-05T08:00:40.277Z] [2025-11-05T08:00:40.185Z] [TREESITTER-CHUNKER] [INFO]    🎯 Found method: unknown (13 lines, 398 chars)
[2025-11-05T08:00:40.277Z] [2025-11-05T08:00:40.185Z] [TREESITTER-CHUNKER] [INFO]    ✅ Added method chunk: unknown
[2025-11-05T08:00:40.277Z] [2025-11-05T08:00:40.185Z] [TREESITTER-CHUNKER] [INFO] 🏁 Extracted 14 methods from large class
[2025-11-05T08:00:40.277Z] [2025-11-05T08:00:40.195Z] [TREESITTER-CHUNKER] [INFO] Created 9 semantic chunks from c:\Users\RakaThinkpad\Documents\Project\educatedplanet\dataservice\src\services\user.service.ts
[2025-11-05T08:00:40.277Z] [2025-11-05T08:00:40.242Z] [TREESITTER-FULL] [INFO] Extracted 2 symbols from c:\Users\RakaThinkpad\Documents\Project\educatedplanet\dataservice\src\services\user.service.ts
[2025-11-05T08:00:40.277Z] [2025-11-05T08:00:40.242Z] [INDEXING-ORCHESTRATOR] [DEBUG] 🔍 Symbol extraction for c:\Users\RakaThinkpad\Documents\Project\educatedplanet\dataservice\src\services\user.service.ts: 2 symbols, 4 imports
[2025-11-05T08:00:40.277Z] [2025-11-05T08:00:40.242Z] [INDEXING-ORCHESTRATOR] [DEBUG] 📍 Chunk 15-59: 0 candidate symbols
[2025-11-05T08:00:40.277Z] [2025-11-05T08:00:40.242Z] [INDEXING-ORCHESTRATOR] [DEBUG] ✅ Chunk symbols after filtering: 0 symbols - 
[2025-11-05T08:00:40.277Z] [2025-11-05T08:00:40.242Z] [INDEXING-ORCHESTRATOR] [DEBUG] 📍 Chunk 64-95: 0 candidate symbols
[2025-11-05T08:00:40.277Z] [2025-11-05T08:00:40.242Z] [INDEXING-ORCHESTRATOR] [DEBUG] ✅ Chunk symbols after filtering: 0 symbols - 
[2025-11-05T08:00:40.277Z] [2025-11-05T08:00:40.242Z] [INDEXING-ORCHESTRATOR] [DEBUG] 📍 Chunk 100-144: 0 candidate symbols
[2025-11-05T08:00:40.277Z] [2025-11-05T08:00:40.242Z] [INDEXING-ORCHESTRATOR] [DEBUG] ✅ Chunk symbols after filtering: 0 symbols - 
[2025-11-05T08:00:40.277Z] [2025-11-05T08:00:40.242Z] [INDEXING-ORCHESTRATOR] [DEBUG] 📍 Chunk 149-185: 0 candidate symbols
[2025-11-05T08:00:40.277Z] [2025-11-05T08:00:40.242Z] [INDEXING-ORCHESTRATOR] [DEBUG] ✅ Chunk symbols after filtering: 0 symbols - 
[2025-11-05T08:00:40.277Z] [2025-11-05T08:00:40.242Z] [INDEXING-ORCHESTRATOR] [DEBUG] 📍 Chunk 190-222: 0 candidate symbols
[2025-11-05T08:00:40.277Z] [2025-11-05T08:00:40.242Z] [INDEXING-ORCHESTRATOR] [DEBUG] ✅ Chunk symbols after filtering: 0 symbols - 
[2025-11-05T08:00:40.277Z] [2025-11-05T08:00:40.242Z] [INDEXING-ORCHESTRATOR] [DEBUG] 📍 Chunk 227-250: 0 candidate symbols
[2025-11-05T08:00:40.277Z] [2025-11-05T08:00:40.242Z] [INDEXING-ORCHESTRATOR] [DEBUG] ✅ Chunk symbols after filtering: 0 symbols - 
[2025-11-05T08:00:40.277Z] [2025-11-05T08:00:40.242Z] [INDEXING-ORCHESTRATOR] [DEBUG] 📍 Chunk 255-304: 0 candidate symbols
[2025-11-05T08:00:40.277Z] [2025-11-05T08:00:40.242Z] [INDEXING-ORCHESTRATOR] [DEBUG] ✅ Chunk symbols after filtering: 0 symbols - 
[2025-11-05T08:00:40.277Z] [2025-11-05T08:00:40.242Z] [INDEXING-ORCHESTRATOR] [DEBUG] 📍 Chunk 309-321: 0 candidate symbols
[2025-11-05T08:00:40.277Z] [2025-11-05T08:00:40.242Z] [INDEXING-ORCHESTRATOR] [DEBUG] ✅ Chunk symbols after filtering: 0 symbols - 
[2025-11-05T08:00:40.277Z] [2025-11-05T08:00:40.242Z] [INDEXING-ORCHESTRATOR] [DEBUG] 📍 Chunk 322-325: 1 candidate symbols
[2025-11-05T08:00:40.277Z] [2025-11-05T08:00:40.242Z] [INDEXING-ORCHESTRATOR] [DEBUG] ✅ Chunk symbols after filtering: 1 symbols - userService
[2025-11-05T08:00:40.277Z] [2025-11-05T08:00:40.242Z] [INDEXING-ORCHESTRATOR] [DEBUG] Created 9 semantic chunks for c:\Users\RakaThinkpad\Documents\Project\educatedplanet\dataservice\src\services\user.service.ts
[2025-11-05T08:00:40.277Z] [2025-11-05T08:00:40.242Z] [INDEXING-ORCHESTRATOR] [DEBUG] Average chunk size: 914 characters
[2025-11-05T08:00:40.277Z] [2025-11-05T08:00:40.244Z] [TREESITTER-CHUNKER] [INFO] Created 1 semantic chunks from c:\Users\RakaThinkpad\Documents\Project\educatedplanet\models\src\common\common.types.js
[2025-11-05T08:00:40.277Z] [2025-11-05T08:00:40.249Z] [TREESITTER-FULL] [INFO] Extracted 0 symbols from c:\Users\RakaThinkpad\Documents\Project\educatedplanet\models\src\common\common.types.js
[2025-11-05T08:00:40.277Z] [2025-11-05T08:00:40.249Z] [INDEXING-ORCHESTRATOR] [DEBUG] 🔍 Symbol extraction for c:\Users\RakaThinkpad\Documents\Project\educatedplanet\models\src\common\common.types.js: 0 symbols, 0 imports
[2025-11-05T08:00:40.277Z] [2025-11-05T08:00:40.249Z] [INDEXING-ORCHESTRATOR] [DEBUG] 📍 Chunk 1-37: 0 candidate symbols
[2025-11-05T08:00:40.277Z] [2025-11-05T08:00:40.249Z] [INDEXING-ORCHESTRATOR] [DEBUG] ✅ Chunk symbols after filtering: 0 symbols - 
[2025-11-05T08:00:40.277Z] [2025-11-05T08:00:40.249Z] [INDEXING-ORCHESTRATOR] [DEBUG] Created 1 semantic chunks for c:\Users\RakaThinkpad\Documents\Project\educatedplanet\models\src\common\common.types.js
[2025-11-05T08:00:40.277Z] [2025-11-05T08:00:40.249Z] [INDEXING-ORCHESTRATOR] [DEBUG] Average chunk size: 1064 characters
[2025-11-05T08:00:40.277Z] [2025-11-05T08:00:40.249Z] [TREESITTER-CHUNKER] [INFO] Created 1 semantic chunks from c:\Users\RakaThinkpad\Documents\Project\educatedplanet\models\src\common\index.ts
[2025-11-05T08:00:40.277Z] [2025-11-05T08:00:40.249Z] [TREESITTER-FULL] [INFO] Extracted 0 symbols from c:\Users\RakaThinkpad\Documents\Project\educatedplanet\models\src\common\index.ts
[2025-11-05T08:00:40.277Z] [2025-11-05T08:00:40.249Z] [INDEXING-ORCHESTRATOR] [DEBUG] 🔍 Symbol extraction for c:\Users\RakaThinkpad\Documents\Project\educatedplanet\models\src\common\index.ts: 0 symbols, 0 imports
[2025-11-05T08:00:40.277Z] [2025-11-05T08:00:40.249Z] [INDEXING-ORCHESTRATOR] [DEBUG] 📍 Chunk 1-5: 0 candidate symbols
[2025-11-05T08:00:40.277Z] [2025-11-05T08:00:40.249Z] [INDEXING-ORCHESTRATOR] [DEBUG] ✅ Chunk symbols after filtering: 0 symbols - 
[2025-11-05T08:00:40.277Z] [2025-11-05T08:00:40.249Z] [INDEXING-ORCHESTRATOR] [DEBUG] Created 1 semantic chunks for c:\Users\RakaThinkpad\Documents\Project\educatedplanet\models\src\common\index.ts
[2025-11-05T08:00:40.277Z] [2025-11-05T08:00:40.249Z] [INDEXING-ORCHESTRATOR] [DEBUG] Average chunk size: 64 characters
[2025-11-05T08:00:40.277Z] [2025-11-05T08:00:40.257Z] [TREESITTER-CHUNKER] [INFO] Created 3 semantic chunks from c:\Users\RakaThinkpad\Documents\Project\educatedplanet\models\src\common\common.types.ts
[2025-11-05T08:00:40.277Z] [2025-11-05T08:00:40.268Z] [TREESITTER-FULL] [INFO] Extracted 21 symbols from c:\Users\RakaThinkpad\Documents\Project\educatedplanet\models\src\common\common.types.ts
[2025-11-05T08:00:40.277Z] [2025-11-05T08:00:40.268Z] [INDEXING-ORCHESTRATOR] [DEBUG] 🔍 Symbol extraction for c:\Users\RakaThinkpad\Documents\Project\educatedplanet\models\src\common\common.types.ts: 21 symbols, 0 imports
[2025-11-05T08:00:40.277Z] [2025-11-05T08:00:40.268Z] [INDEXING-ORCHESTRATOR] [DEBUG] 📍 Chunk 8-86: 8 candidate symbols
[2025-11-05T08:00:40.277Z] [2025-11-05T08:00:40.268Z] [INDEXING-ORCHESTRATOR] [DEBUG] ✅ Chunk symbols after filtering: 8 symbols - ApiResponse, ApiError, PaginationParams, PaginationMeta, PaginatedResponse, BaseEntity, Status, VerificationStatus
[2025-11-05T08:00:40.277Z] [2025-11-05T08:00:40.268Z] [INDEXING-ORCHESTRATOR] [DEBUG] 📍 Chunk 91-109: 2 candidate symbols
[2025-11-05T08:00:40.277Z] [2025-11-05T08:00:40.268Z] [INDEXING-ORCHESTRATOR] [DEBUG] ✅ Chunk symbols after filtering: 2 symbols - Subject, ClassLevel
[2025-11-05T08:00:40.277Z] [2025-11-05T08:00:40.268Z] [INDEXING-ORCHESTRATOR] [DEBUG] 📍 Chunk 128-206: 10 candidate symbols
[2025-11-05T08:00:40.277Z] [2025-11-05T08:00:40.268Z] [INDEXING-ORCHESTRATOR] [DEBUG] ✅ Chunk symbols after filtering: 10 symbols - BhubaneswarArea, SearchFilters, LoadingState, ThemeMode, Currency, FileUpload, FormErrors, ComponentProps, ColorVariant, SizeVariant
[2025-11-05T08:00:40.277Z] [2025-11-05T08:00:40.268Z] [INDEXING-ORCHESTRATOR] [DEBUG] Created 3 semantic chunks for c:\Users\RakaThinkpad\Documents\Project\educatedplanet\models\src\common\common.types.ts
[2025-11-05T08:00:40.277Z] [2025-11-05T08:00:40.268Z] [INDEXING-ORCHESTRATOR] [DEBUG] Average chunk size: 1004 characters
[2025-11-05T08:00:40.277Z] [2025-11-05T08:00:40.268Z] [TREESITTER-CHUNKER] [INFO] Created 1 semantic chunks from c:\Users\RakaThinkpad\Documents\Project\educatedplanet\models\src\tutor\index.ts
[2025-11-05T08:00:40.277Z] [2025-11-05T08:00:40.268Z] [TREESITTER-FULL] [INFO] Extracted 0 symbols from c:\Users\RakaThinkpad\Documents\Project\educatedplanet\models\src\tutor\index.ts
[2025-11-05T08:00:40.277Z] [2025-11-05T08:00:40.268Z] [INDEXING-ORCHESTRATOR] [DEBUG] 🔍 Symbol extraction for c:\Users\RakaThinkpad\Documents\Project\educatedplanet\models\src\tutor\index.ts: 0 symbols, 0 imports
[2025-11-05T08:00:40.277Z] [2025-11-05T08:00:40.268Z] [INDEXING-ORCHESTRATOR] [DEBUG] 📍 Chunk 1-5: 0 candidate symbols
[2025-11-05T08:00:40.277Z] [2025-11-05T08:00:40.268Z] [INDEXING-ORCHESTRATOR] [DEBUG] ✅ Chunk symbols after filtering: 0 symbols - 
[2025-11-05T08:00:40.277Z] [2025-11-05T08:00:40.268Z] [INDEXING-ORCHESTRATOR] [DEBUG] Created 1 semantic chunks for c:\Users\RakaThinkpad\Documents\Project\educatedplanet\models\src\tutor\index.ts
[2025-11-05T08:00:40.277Z] [2025-11-05T08:00:40.268Z] [INDEXING-ORCHESTRATOR] [DEBUG] Average chunk size: 70 characters
[2025-11-05T08:00:40.277Z] [2025-11-05T08:00:40.271Z] [TREESITTER-CHUNKER] [INFO] Created 1 semantic chunks from c:\Users\RakaThinkpad\Documents\Project\educatedplanet\models\src\index.js
[2025-11-05T08:00:40.280Z] [2025-11-05T08:00:40.279Z] [TREESITTER-FULL] [INFO] Extracted 0 symbols from c:\Users\RakaThinkpad\Documents\Project\educatedplanet\models\src\index.js
[2025-11-05T08:00:40.280Z] [2025-11-05T08:00:40.279Z] [INDEXING-ORCHESTRATOR] [DEBUG] 🔍 Symbol extraction for c:\Users\RakaThinkpad\Documents\Project\educatedplanet\models\src\index.js: 0 symbols, 0 imports
[2025-11-05T08:00:40.280Z] [2025-11-05T08:00:40.280Z] [INDEXING-ORCHESTRATOR] [DEBUG] 📍 Chunk 1-27: 0 candidate symbols
[2025-11-05T08:00:40.280Z] [2025-11-05T08:00:40.280Z] [INDEXING-ORCHESTRATOR] [DEBUG] ✅ Chunk symbols after filtering: 0 symbols - 
[2025-11-05T08:00:40.280Z] [2025-11-05T08:00:40.280Z] [INDEXING-ORCHESTRATOR] [DEBUG] Created 1 semantic chunks for c:\Users\RakaThinkpad\Documents\Project\educatedplanet\models\src\index.js
[2025-11-05T08:00:40.280Z] [2025-11-05T08:00:40.280Z] [INDEXING-ORCHESTRATOR] [DEBUG] Average chunk size: 1176 characters
[2025-11-05T08:00:40.282Z] [2025-11-05T08:00:40.281Z] [TREESITTER-CHUNKER] [INFO] Created 1 semantic chunks from c:\Users\RakaThinkpad\Documents\Project\educatedplanet\models\src\index.ts
[2025-11-05T08:00:40.286Z] [2025-11-05T08:00:40.285Z] [TREESITTER-FULL] [INFO] Extracted 0 symbols from c:\Users\RakaThinkpad\Documents\Project\educatedplanet\models\src\index.ts
[2025-11-05T08:00:40.286Z] [2025-11-05T08:00:40.285Z] [INDEXING-ORCHESTRATOR] [DEBUG] 🔍 Symbol extraction for c:\Users\RakaThinkpad\Documents\Project\educatedplanet\models\src\index.ts: 0 symbols, 0 imports
[2025-11-05T08:00:40.286Z] [2025-11-05T08:00:40.285Z] [INDEXING-ORCHESTRATOR] [DEBUG] 📍 Chunk 1-79: 0 candidate symbols
[2025-11-05T08:00:40.286Z] [2025-11-05T08:00:40.285Z] [INDEXING-ORCHESTRATOR] [DEBUG] ✅ Chunk symbols after filtering: 0 symbols - 
[2025-11-05T08:00:40.286Z] [2025-11-05T08:00:40.286Z] [INDEXING-ORCHESTRATOR] [DEBUG] Created 1 semantic chunks for c:\Users\RakaThinkpad\Documents\Project\educatedplanet\models\src\index.ts
[2025-11-05T08:00:40.286Z] [2025-11-05T08:00:40.286Z] [INDEXING-ORCHESTRATOR] [DEBUG] Average chunk size: 1433 characters
[2025-11-05T08:00:40.286Z] [2025-11-05T08:00:40.286Z] [INDEXING-ORCHESTRATOR] [DEBUG] 📊 Processed: 180/220 files
[2025-11-05T08:00:40.314Z] [2025-11-05T08:00:40.313Z] [TREESITTER-CHUNKER] [INFO] Created 1 semantic chunks from c:\Users\RakaThinkpad\Documents\Project\educatedplanet\models\src\tutor\tutor.types.js
[2025-11-05T08:00:40.315Z] [2025-11-05T08:00:40.314Z] [TREESITTER-FULL] [INFO] Extracted 0 symbols from c:\Users\RakaThinkpad\Documents\Project\educatedplanet\models\src\tutor\tutor.types.js
[2025-11-05T08:00:40.315Z] [2025-11-05T08:00:40.314Z] [INDEXING-ORCHESTRATOR] [DEBUG] 🔍 Symbol extraction for c:\Users\RakaThinkpad\Documents\Project\educatedplanet\models\src\tutor\tutor.types.js: 0 symbols, 0 imports
[2025-11-05T08:00:40.315Z] [2025-11-05T08:00:40.314Z] [INDEXING-ORCHESTRATOR] [DEBUG] 📍 Chunk 1-3: 0 candidate symbols
[2025-11-05T08:00:40.315Z] [2025-11-05T08:00:40.314Z] [INDEXING-ORCHESTRATOR] [DEBUG] ✅ Chunk symbols after filtering: 0 symbols - 
[2025-11-05T08:00:40.315Z] [2025-11-05T08:00:40.314Z] [INDEXING-ORCHESTRATOR] [DEBUG] Created 1 semantic chunks for c:\Users\RakaThinkpad\Documents\Project\educatedplanet\models\src\tutor\tutor.types.js
[2025-11-05T08:00:40.315Z] [2025-11-05T08:00:40.314Z] [INDEXING-ORCHESTRATOR] [DEBUG] Average chunk size: 116 characters
[2025-11-05T08:00:40.327Z] [2025-11-05T08:00:40.326Z] [TREESITTER-CHUNKER] [INFO] Created 4 semantic chunks from c:\Users\RakaThinkpad\Documents\Project\educatedplanet\models\src\tutor\tutor.types.ts
[2025-11-05T08:00:40.352Z] [2025-11-05T08:00:40.351Z] [TREESITTER-FULL] [INFO] Extracted 20 symbols from c:\Users\RakaThinkpad\Documents\Project\educatedplanet\models\src\tutor\tutor.types.ts
[2025-11-05T08:00:40.352Z] [2025-11-05T08:00:40.351Z] [INDEXING-ORCHESTRATOR] [DEBUG] 🔍 Symbol extraction for c:\Users\RakaThinkpad\Documents\Project\educatedplanet\models\src\tutor\tutor.types.ts: 20 symbols, 0 imports
[2025-11-05T08:00:40.352Z] [2025-11-05T08:00:40.351Z] [INDEXING-ORCHESTRATOR] [DEBUG] 📍 Chunk 5-81: 8 candidate symbols
[2025-11-05T08:00:40.352Z] [2025-11-05T08:00:40.351Z] [INDEXING-ORCHESTRATOR] [DEBUG] ✅ Chunk symbols after filtering: 8 symbols - Tutor, TutorRating, TeachingMode, TutorLocation, TutorPrice, TutorSearchFilters, TutorCardVariant, ExtendedTutor
[2025-11-05T08:00:40.352Z] [2025-11-05T08:00:40.351Z] [INDEXING-ORCHESTRATOR] [DEBUG] 📍 Chunk 86-140: 6 candidate symbols
[2025-11-05T08:00:40.352Z] [2025-11-05T08:00:40.351Z] [INDEXING-ORCHESTRATOR] [DEBUG] ✅ Chunk symbols after filtering: 6 symbols - Education, Language, Availability, WeekdayAvailability, TimeSlot, Review
[2025-11-05T08:00:40.352Z] [2025-11-05T08:00:40.351Z] [INDEXING-ORCHESTRATOR] [DEBUG] 📍 Chunk 149-232: 5 candidate symbols
[2025-11-05T08:00:40.352Z] [2025-11-05T08:00:40.351Z] [INDEXING-ORCHESTRATOR] [DEBUG] ✅ Chunk symbols after filtering: 5 symbols - CreateTutorInput, UpdateTutorInput, TutorSearchParams, CreateReviewInput, UpdateReviewInput
[2025-11-05T08:00:40.352Z] [2025-11-05T08:00:40.351Z] [INDEXING-ORCHESTRATOR] [DEBUG] 📍 Chunk 237-245: 1 candidate symbols
[2025-11-05T08:00:40.352Z] [2025-11-05T08:00:40.351Z] [INDEXING-ORCHESTRATOR] [DEBUG] ✅ Chunk symbols after filtering: 1 symbols - ReviewSearchParams
[2025-11-05T08:00:40.352Z] [2025-11-05T08:00:40.351Z] [INDEXING-ORCHESTRATOR] [DEBUG] Created 4 semantic chunks for c:\Users\RakaThinkpad\Documents\Project\educatedplanet\models\src\tutor\tutor.types.ts
[2025-11-05T08:00:40.352Z] [2025-11-05T08:00:40.351Z] [INDEXING-ORCHESTRATOR] [DEBUG] Average chunk size: 1013 characters
[2025-11-05T08:00:40.353Z] [2025-11-05T08:00:40.353Z] [TREESITTER-CHUNKER] [INFO] Created 1 semantic chunks from c:\Users\RakaThinkpad\Documents\Project\educatedplanet\models\src\user\user.types.js
[2025-11-05T08:00:40.357Z] [2025-11-05T08:00:40.356Z] [TREESITTER-FULL] [INFO] Extracted 0 symbols from c:\Users\RakaThinkpad\Documents\Project\educatedplanet\models\src\user\user.types.js
[2025-11-05T08:00:40.357Z] [2025-11-05T08:00:40.357Z] [INDEXING-ORCHESTRATOR] [DEBUG] 🔍 Symbol extraction for c:\Users\RakaThinkpad\Documents\Project\educatedplanet\models\src\user\user.types.js: 0 symbols, 0 imports
[2025-11-05T08:00:40.358Z] [2025-11-05T08:00:40.357Z] [INDEXING-ORCHESTRATOR] [DEBUG] 📍 Chunk 1-3: 0 candidate symbols
[2025-11-05T08:00:40.358Z] [2025-11-05T08:00:40.357Z] [INDEXING-ORCHESTRATOR] [DEBUG] ✅ Chunk symbols after filtering: 0 symbols - 
[2025-11-05T08:00:40.358Z] [2025-11-05T08:00:40.357Z] [INDEXING-ORCHESTRATOR] [DEBUG] Created 1 semantic chunks for c:\Users\RakaThinkpad\Documents\Project\educatedplanet\models\src\user\user.types.js
[2025-11-05T08:00:40.358Z] [2025-11-05T08:00:40.357Z] [INDEXING-ORCHESTRATOR] [DEBUG] Average chunk size: 115 characters
[2025-11-05T08:00:40.359Z] [2025-11-05T08:00:40.358Z] [TREESITTER-CHUNKER] [INFO] Created 1 semantic chunks from c:\Users\RakaThinkpad\Documents\Project\educatedplanet\models\src\user\index.ts
[2025-11-05T08:00:40.360Z] [2025-11-05T08:00:40.359Z] [TREESITTER-FULL] [INFO] Extracted 0 symbols from c:\Users\RakaThinkpad\Documents\Project\educatedplanet\models\src\user\index.ts
[2025-11-05T08:00:40.360Z] [2025-11-05T08:00:40.359Z] [INDEXING-ORCHESTRATOR] [DEBUG] 🔍 Symbol extraction for c:\Users\RakaThinkpad\Documents\Project\educatedplanet\models\src\user\index.ts: 0 symbols, 0 imports
[2025-11-05T08:00:40.360Z] [2025-11-05T08:00:40.359Z] [INDEXING-ORCHESTRATOR] [DEBUG] 📍 Chunk 1-5: 0 candidate symbols
[2025-11-05T08:00:40.360Z] [2025-11-05T08:00:40.359Z] [INDEXING-ORCHESTRATOR] [DEBUG] ✅ Chunk symbols after filtering: 0 symbols - 
[2025-11-05T08:00:40.360Z] [2025-11-05T08:00:40.359Z] [INDEXING-ORCHESTRATOR] [DEBUG] Created 1 semantic chunks for c:\Users\RakaThinkpad\Documents\Project\educatedplanet\models\src\user\index.ts
[2025-11-05T08:00:40.360Z] [2025-11-05T08:00:40.359Z] [INDEXING-ORCHESTRATOR] [DEBUG] Average chunk size: 68 characters
[2025-11-05T08:00:40.367Z] [2025-11-05T08:00:40.366Z] [TREESITTER-CHUNKER] [INFO] Created 3 semantic chunks from c:\Users\RakaThinkpad\Documents\Project\educatedplanet\models\src\user\user.types.ts
[2025-11-05T08:00:40.377Z] [2025-11-05T08:00:40.376Z] [TREESITTER-FULL] [INFO] Extracted 15 symbols from c:\Users\RakaThinkpad\Documents\Project\educatedplanet\models\src\user\user.types.ts
[2025-11-05T08:00:40.377Z] [2025-11-05T08:00:40.376Z] [INDEXING-ORCHESTRATOR] [DEBUG] 🔍 Symbol extraction for c:\Users\RakaThinkpad\Documents\Project\educatedplanet\models\src\user\user.types.ts: 15 symbols, 0 imports
[2025-11-05T08:00:40.377Z] [2025-11-05T08:00:40.376Z] [INDEXING-ORCHESTRATOR] [DEBUG] 📍 Chunk 4-90: 8 candidate symbols
[2025-11-05T08:00:40.377Z] [2025-11-05T08:00:40.376Z] [INDEXING-ORCHESTRATOR] [DEBUG] ✅ Chunk symbols after filtering: 8 symbols - User, UserRole, UserRegistration, UserLogin, UserProfile, Address, UserPreferences, NotificationPreferences
[2025-11-05T08:00:40.377Z] [2025-11-05T08:00:40.376Z] [INDEXING-ORCHESTRATOR] [DEBUG] 📍 Chunk 95-119: 3 candidate symbols
[2025-11-05T08:00:40.377Z] [2025-11-05T08:00:40.376Z] [INDEXING-ORCHESTRATOR] [DEBUG] ✅ Chunk symbols after filtering: 3 symbols - PrivacySettings, ExtendedUser, UserStats
[2025-11-05T08:00:40.377Z] [2025-11-05T08:00:40.376Z] [INDEXING-ORCHESTRATOR] [DEBUG] 📍 Chunk 128-167: 4 candidate symbols
[2025-11-05T08:00:40.377Z] [2025-11-05T08:00:40.376Z] [INDEXING-ORCHESTRATOR] [DEBUG] ✅ Chunk symbols after filtering: 4 symbols - CreateUserInput, UpdateUserInput, LoginInput, UserSearchParams
[2025-11-05T08:00:40.377Z] [2025-11-05T08:00:40.376Z] [INDEXING-ORCHESTRATOR] [DEBUG] Created 3 semantic chunks for c:\Users\RakaThinkpad\Documents\Project\educatedplanet\models\src\user\user.types.ts
[2025-11-05T08:00:40.377Z] [2025-11-05T08:00:40.376Z] [INDEXING-ORCHESTRATOR] [DEBUG] Average chunk size: 852 characters
[2025-11-05T08:00:40.381Z] [2025-11-05T08:00:40.380Z] [TREESITTER-CHUNKER] [INFO] Created 1 semantic chunks from c:\Users\RakaThinkpad\Documents\Project\educatedplanet\web\app\featured-tutors-demo\page.tsx
[2025-11-05T08:00:40.395Z] [2025-11-05T08:00:40.394Z] [TREESITTER-FULL] [INFO] Extracted 1 symbols from c:\Users\RakaThinkpad\Documents\Project\educatedplanet\web\app\featured-tutors-demo\page.tsx
[2025-11-05T08:00:40.395Z] [2025-11-05T08:00:40.394Z] [INDEXING-ORCHESTRATOR] [DEBUG] 🔍 Symbol extraction for c:\Users\RakaThinkpad\Documents\Project\educatedplanet\web\app\featured-tutors-demo\page.tsx: 1 symbols, 1 imports
[2025-11-05T08:00:40.395Z] [2025-11-05T08:00:40.394Z] [INDEXING-ORCHESTRATOR] [DEBUG] 📍 Chunk 3-30: 1 candidate symbols
[2025-11-05T08:00:40.395Z] [2025-11-05T08:00:40.394Z] [INDEXING-ORCHESTRATOR] [DEBUG] ✅ Chunk symbols after filtering: 1 symbols - FeaturedTutorsDemoPage
[2025-11-05T08:00:40.395Z] [2025-11-05T08:00:40.394Z] [INDEXING-ORCHESTRATOR] [DEBUG] Created 1 semantic chunks for c:\Users\RakaThinkpad\Documents\Project\educatedplanet\web\app\featured-tutors-demo\page.tsx
[2025-11-05T08:00:40.395Z] [2025-11-05T08:00:40.394Z] [INDEXING-ORCHESTRATOR] [DEBUG] Average chunk size: 924 characters
[2025-11-05T08:00:40.459Z] [2025-11-05T08:00:40.458Z] [TREESITTER-CHUNKER] [INFO] Created 1 semantic chunks from c:\Users\RakaThinkpad\Documents\Project\educatedplanet\web\app\demo\page.tsx
[2025-11-05T08:00:40.840Z] [2025-11-05T08:00:40.840Z] [TREESITTER-FULL] [INFO] Extracted 3 symbols from c:\Users\RakaThinkpad\Documents\Project\educatedplanet\web\app\demo\page.tsx
[2025-11-05T08:00:40.840Z] [2025-11-05T08:00:40.840Z] [INDEXING-ORCHESTRATOR] [DEBUG] 🔍 Symbol extraction for c:\Users\RakaThinkpad\Documents\Project\educatedplanet\web\app\demo\page.tsx: 3 symbols, 6 imports
[2025-11-05T08:00:40.840Z] [2025-11-05T08:00:40.840Z] [INDEXING-ORCHESTRATOR] [DEBUG] 📍 Chunk 1-343: 3 candidate symbols
[2025-11-05T08:00:40.840Z] [2025-11-05T08:00:40.840Z] [INDEXING-ORCHESTRATOR] [DEBUG] ✅ Chunk symbols after filtering: 3 symbols - features, components, demoTutors
[2025-11-05T08:00:40.840Z] [2025-11-05T08:00:40.840Z] [INDEXING-ORCHESTRATOR] [DEBUG] Created 1 semantic chunks for c:\Users\RakaThinkpad\Documents\Project\educatedplanet\web\app\demo\page.tsx
[2025-11-05T08:00:40.840Z] [2025-11-05T08:00:40.840Z] [INDEXING-ORCHESTRATOR] [DEBUG] Average chunk size: 13510 characters
[2025-11-05T08:00:40.845Z] [2025-11-05T08:00:40.844Z] [TREESITTER-CHUNKER] [INFO] Created 1 semantic chunks from c:\Users\RakaThinkpad\Documents\Project\educatedplanet\web\app\page.tsx
[2025-11-05T08:00:40.848Z] [2025-11-05T08:00:40.847Z] [TREESITTER-FULL] [INFO] Extracted 1 symbols from c:\Users\RakaThinkpad\Documents\Project\educatedplanet\web\app\page.tsx
[2025-11-05T08:00:40.848Z] [2025-11-05T08:00:40.847Z] [INDEXING-ORCHESTRATOR] [DEBUG] 🔍 Symbol extraction for c:\Users\RakaThinkpad\Documents\Project\educatedplanet\web\app\page.tsx: 1 symbols, 2 imports
[2025-11-05T08:00:40.848Z] [2025-11-05T08:00:40.847Z] [INDEXING-ORCHESTRATOR] [DEBUG] 📍 Chunk 6-21: 1 candidate symbols
[2025-11-05T08:00:40.848Z] [2025-11-05T08:00:40.847Z] [INDEXING-ORCHESTRATOR] [DEBUG] ✅ Chunk symbols after filtering: 1 symbols - Home
[2025-11-05T08:00:40.848Z] [2025-11-05T08:00:40.847Z] [INDEXING-ORCHESTRATOR] [DEBUG] Created 1 semantic chunks for c:\Users\RakaThinkpad\Documents\Project\educatedplanet\web\app\page.tsx
[2025-11-05T08:00:40.848Z] [2025-11-05T08:00:40.847Z] [INDEXING-ORCHESTRATOR] [DEBUG] Average chunk size: 507 characters
[2025-11-05T08:00:40.851Z] [2025-11-05T08:00:40.850Z] [TREESITTER-CHUNKER] [INFO] Created 1 semantic chunks from c:\Users\RakaThinkpad\Documents\Project\educatedplanet\web\app\layout.tsx
[2025-11-05T08:00:40.857Z] [2025-11-05T08:00:40.857Z] [TREESITTER-FULL] [INFO] Extracted 5 symbols from c:\Users\RakaThinkpad\Documents\Project\educatedplanet\web\app\layout.tsx
[2025-11-05T08:00:40.857Z] [2025-11-05T08:00:40.857Z] [INDEXING-ORCHESTRATOR] [DEBUG] 🔍 Symbol extraction for c:\Users\RakaThinkpad\Documents\Project\educatedplanet\web\app\layout.tsx: 5 symbols, 4 imports
[2025-11-05T08:00:40.857Z] [2025-11-05T08:00:40.857Z] [INDEXING-ORCHESTRATOR] [DEBUG] 📍 Chunk 32-49: 1 candidate symbols
[2025-11-05T08:00:40.857Z] [2025-11-05T08:00:40.857Z] [INDEXING-ORCHESTRATOR] [DEBUG] ✅ Chunk symbols after filtering: 1 symbols - RootLayout
[2025-11-05T08:00:40.857Z] [2025-11-05T08:00:40.857Z] [INDEXING-ORCHESTRATOR] [DEBUG] Created 1 semantic chunks for c:\Users\RakaThinkpad\Documents\Project\educatedplanet\web\app\layout.tsx
[2025-11-05T08:00:40.858Z] [2025-11-05T08:00:40.857Z] [INDEXING-ORCHESTRATOR] [DEBUG] Average chunk size: 392 characters
[2025-11-05T08:00:40.858Z] [2025-11-05T08:00:40.857Z] [TREESITTER-CHUNKER] [INFO] Created 1 semantic chunks from c:\Users\RakaThinkpad\Documents\Project\educatedplanet\web\components\auth\index.ts
[2025-11-05T08:00:40.858Z] [2025-11-05T08:00:40.858Z] [TREESITTER-FULL] [INFO] Extracted 0 symbols from c:\Users\RakaThinkpad\Documents\Project\educatedplanet\web\components\auth\index.ts
[2025-11-05T08:00:40.858Z] [2025-11-05T08:00:40.858Z] [INDEXING-ORCHESTRATOR] [DEBUG] 🔍 Symbol extraction for c:\Users\RakaThinkpad\Documents\Project\educatedplanet\web\components\auth\index.ts: 0 symbols, 0 imports
[2025-11-05T08:00:40.858Z] [2025-11-05T08:00:40.858Z] [INDEXING-ORCHESTRATOR] [DEBUG] 📍 Chunk 1-1: 0 candidate symbols
[2025-11-05T08:00:40.858Z] [2025-11-05T08:00:40.858Z] [INDEXING-ORCHESTRATOR] [DEBUG] ✅ Chunk symbols after filtering: 0 symbols - 
[2025-11-05T08:00:40.858Z] [2025-11-05T08:00:40.858Z] [INDEXING-ORCHESTRATOR] [DEBUG] Created 1 semantic chunks for c:\Users\RakaThinkpad\Documents\Project\educatedplanet\web\components\auth\index.ts
[2025-11-05T08:00:40.858Z] [2025-11-05T08:00:40.858Z] [INDEXING-ORCHESTRATOR] [DEBUG] Average chunk size: 42 characters
[2025-11-05T08:00:40.858Z] [2025-11-05T08:00:40.858Z] [INDEXING-ORCHESTRATOR] [DEBUG] 📊 Processed: 190/220 files
[2025-11-05T08:00:40.877Z] [2025-11-05T08:00:40.876Z] [TREESITTER-CHUNKER] [INFO] Created 1 semantic chunks from c:\Users\RakaThinkpad\Documents\Project\educatedplanet\web\components\featured-tutors\integration-example.tsx
[2025-11-05T08:00:40.901Z] [2025-11-05T08:00:40.900Z] [TREESITTER-FULL] [INFO] Extracted 0 symbols from c:\Users\RakaThinkpad\Documents\Project\educatedplanet\web\components\featured-tutors\integration-example.tsx
[2025-11-05T08:00:40.901Z] [2025-11-05T08:00:40.900Z] [INDEXING-ORCHESTRATOR] [DEBUG] 🔍 Symbol extraction for c:\Users\RakaThinkpad\Documents\Project\educatedplanet\web\components\featured-tutors\integration-example.tsx: 0 symbols, 4 imports
[2025-11-05T08:00:40.901Z] [2025-11-05T08:00:40.900Z] [INDEXING-ORCHESTRATOR] [DEBUG] 📍 Chunk 1-103: 0 candidate symbols
[2025-11-05T08:00:40.901Z] [2025-11-05T08:00:40.900Z] [INDEXING-ORCHESTRATOR] [DEBUG] ✅ Chunk symbols after filtering: 0 symbols - 
[2025-11-05T08:00:40.901Z] [2025-11-05T08:00:40.900Z] [INDEXING-ORCHESTRATOR] [DEBUG] Created 1 semantic chunks for c:\Users\RakaThinkpad\Documents\Project\educatedplanet\web\components\featured-tutors\integration-example.tsx
[2025-11-05T08:00:40.901Z] [2025-11-05T08:00:40.901Z] [INDEXING-ORCHESTRATOR] [DEBUG] Average chunk size: 4831 characters
[2025-11-05T08:00:40.920Z] [2025-11-05T08:00:40.920Z] [TREESITTER-CHUNKER] [INFO] Created 3 semantic chunks from c:\Users\RakaThinkpad\Documents\Project\educatedplanet\web\components\auth\login-modal.tsx
[2025-11-05T08:00:41.003Z] [2025-11-05T08:00:41.003Z] [TREESITTER-FULL] [INFO] Extracted 6 symbols from c:\Users\RakaThinkpad\Documents\Project\educatedplanet\web\components\auth\login-modal.tsx
[2025-11-05T08:00:41.003Z] [2025-11-05T08:00:41.003Z] [INDEXING-ORCHESTRATOR] [DEBUG] 🔍 Symbol extraction for c:\Users\RakaThinkpad\Documents\Project\educatedplanet\web\components\auth\login-modal.tsx: 6 symbols, 6 imports
[2025-11-05T08:00:41.004Z] [2025-11-05T08:00:41.003Z] [INDEXING-ORCHESTRATOR] [DEBUG] 📍 Chunk 10-67: 4 candidate symbols
[2025-11-05T08:00:41.004Z] [2025-11-05T08:00:41.003Z] [INDEXING-ORCHESTRATOR] [DEBUG] ✅ Chunk symbols after filtering: 4 symbols - LoginModalProps, OTPFormProps, OTPForm, OTPVerifyProps
[2025-11-05T08:00:41.004Z] [2025-11-05T08:00:41.003Z] [INDEXING-ORCHESTRATOR] [DEBUG] 📍 Chunk 69-128: 1 candidate symbols
[2025-11-05T08:00:41.004Z] [2025-11-05T08:00:41.003Z] [INDEXING-ORCHESTRATOR] [DEBUG] ✅ Chunk symbols after filtering: 1 symbols - OTPVerify
[2025-11-05T08:00:41.004Z] [2025-11-05T08:00:41.003Z] [INDEXING-ORCHESTRATOR] [DEBUG] 📍 Chunk 130-215: 1 candidate symbols
[2025-11-05T08:00:41.004Z] [2025-11-05T08:00:41.003Z] [INDEXING-ORCHESTRATOR] [DEBUG] ✅ Chunk symbols after filtering: 1 symbols - LoginModal
[2025-11-05T08:00:41.004Z] [2025-11-05T08:00:41.003Z] [INDEXING-ORCHESTRATOR] [DEBUG] Created 3 semantic chunks for c:\Users\RakaThinkpad\Documents\Project\educatedplanet\web\components\auth\login-modal.tsx
[2025-11-05T08:00:41.004Z] [2025-11-05T08:00:41.003Z] [INDEXING-ORCHESTRATOR] [DEBUG] Average chunk size: 1713 characters
[2025-11-05T08:00:41.010Z] [2025-11-05T08:00:41.009Z] [TREESITTER-CHUNKER] [INFO] Created 2 semantic chunks from c:\Users\RakaThinkpad\Documents\Project\educatedplanet\web\components\featured-tutors\teaching-mode-badge.tsx
[2025-11-05T08:00:41.028Z] [2025-11-05T08:00:41.028Z] [TREESITTER-FULL] [INFO] Extracted 4 symbols from c:\Users\RakaThinkpad\Documents\Project\educatedplanet\web\components\featured-tutors\teaching-mode-badge.tsx
[2025-11-05T08:00:41.028Z] [2025-11-05T08:00:41.028Z] [INDEXING-ORCHESTRATOR] [DEBUG] 🔍 Symbol extraction for c:\Users\RakaThinkpad\Documents\Project\educatedplanet\web\components\featured-tutors\teaching-mode-badge.tsx: 4 symbols, 4 imports
[2025-11-05T08:00:41.029Z] [2025-11-05T08:00:41.028Z] [INDEXING-ORCHESTRATOR] [DEBUG] 📍 Chunk 8-12: 1 candidate symbols
[2025-11-05T08:00:41.029Z] [2025-11-05T08:00:41.028Z] [INDEXING-ORCHESTRATOR] [DEBUG] ✅ Chunk symbols after filtering: 1 symbols - TeachingModeBadgeProps
[2025-11-05T08:00:41.029Z] [2025-11-05T08:00:41.028Z] [INDEXING-ORCHESTRATOR] [DEBUG] 📍 Chunk 13-81: 3 candidate symbols
[2025-11-05T08:00:41.029Z] [2025-11-05T08:00:41.028Z] [INDEXING-ORCHESTRATOR] [DEBUG] ✅ Chunk symbols after filtering: 3 symbols - getBadgeInfo, sizeClasses, iconSizes
[2025-11-05T08:00:41.029Z] [2025-11-05T08:00:41.028Z] [INDEXING-ORCHESTRATOR] [DEBUG] Created 2 semantic chunks for c:\Users\RakaThinkpad\Documents\Project\educatedplanet\web\components\featured-tutors\teaching-mode-badge.tsx
[2025-11-05T08:00:41.029Z] [2025-11-05T08:00:41.028Z] [INDEXING-ORCHESTRATOR] [DEBUG] Average chunk size: 999 characters
[2025-11-05T08:00:41.036Z] [2025-11-05T08:00:41.036Z] [TREESITTER-CHUNKER] [INFO] Created 2 semantic chunks from c:\Users\RakaThinkpad\Documents\Project\educatedplanet\web\components\featured-tutors\rating-stars.tsx
[2025-11-05T08:00:41.050Z] [2025-11-05T08:00:41.049Z] [TREESITTER-FULL] [INFO] Extracted 4 symbols from c:\Users\RakaThinkpad\Documents\Project\educatedplanet\web\components\featured-tutors\rating-stars.tsx
[2025-11-05T08:00:41.050Z] [2025-11-05T08:00:41.049Z] [INDEXING-ORCHESTRATOR] [DEBUG] 🔍 Symbol extraction for c:\Users\RakaThinkpad\Documents\Project\educatedplanet\web\components\featured-tutors\rating-stars.tsx: 4 symbols, 3 imports
[2025-11-05T08:00:41.050Z] [2025-11-05T08:00:41.049Z] [INDEXING-ORCHESTRATOR] [DEBUG] 📍 Chunk 7-13: 1 candidate symbols
[2025-11-05T08:00:41.050Z] [2025-11-05T08:00:41.049Z] [INDEXING-ORCHESTRATOR] [DEBUG] ✅ Chunk symbols after filtering: 1 symbols - RatingStarsProps
[2025-11-05T08:00:41.050Z] [2025-11-05T08:00:41.049Z] [INDEXING-ORCHESTRATOR] [DEBUG] 📍 Chunk 14-95: 3 candidate symbols
[2025-11-05T08:00:41.050Z] [2025-11-05T08:00:41.049Z] [INDEXING-ORCHESTRATOR] [DEBUG] ✅ Chunk symbols after filtering: 3 symbols - fullStars, sizeClasses, textSizes
[2025-11-05T08:00:41.050Z] [2025-11-05T08:00:41.049Z] [INDEXING-ORCHESTRATOR] [DEBUG] Created 2 semantic chunks for c:\Users\RakaThinkpad\Documents\Project\educatedplanet\web\components\featured-tutors\rating-stars.tsx
[2025-11-05T08:00:41.050Z] [2025-11-05T08:00:41.050Z] [INDEXING-ORCHESTRATOR] [DEBUG] Average chunk size: 1117 characters
[2025-11-05T08:00:41.063Z] [2025-11-05T08:00:41.063Z] [TREESITTER-CHUNKER] [INFO] Created 2 semantic chunks from c:\Users\RakaThinkpad\Documents\Project\educatedplanet\web\components\featured-tutors\featured-tutors-section.tsx
[2025-11-05T08:00:41.101Z] [2025-11-05T08:00:41.100Z] [TREESITTER-FULL] [INFO] Extracted 1 symbols from c:\Users\RakaThinkpad\Documents\Project\educatedplanet\web\components\featured-tutors\featured-tutors-section.tsx
[2025-11-05T08:00:41.101Z] [2025-11-05T08:00:41.100Z] [INDEXING-ORCHESTRATOR] [DEBUG] 🔍 Symbol extraction for c:\Users\RakaThinkpad\Documents\Project\educatedplanet\web\components\featured-tutors\featured-tutors-section.tsx: 1 symbols, 7 imports
[2025-11-05T08:00:41.101Z] [2025-11-05T08:00:41.100Z] [INDEXING-ORCHESTRATOR] [DEBUG] 📍 Chunk 11-18: 1 candidate symbols
[2025-11-05T08:00:41.101Z] [2025-11-05T08:00:41.100Z] [INDEXING-ORCHESTRATOR] [DEBUG] ✅ Chunk symbols after filtering: 1 symbols - FeaturedTutorsSectionProps
[2025-11-05T08:00:41.101Z] [2025-11-05T08:00:41.100Z] [INDEXING-ORCHESTRATOR] [DEBUG] 📍 Chunk 19-140: 0 candidate symbols
[2025-11-05T08:00:41.101Z] [2025-11-05T08:00:41.100Z] [INDEXING-ORCHESTRATOR] [DEBUG] ✅ Chunk symbols after filtering: 0 symbols - 
[2025-11-05T08:00:41.101Z] [2025-11-05T08:00:41.100Z] [INDEXING-ORCHESTRATOR] [DEBUG] Created 2 semantic chunks for c:\Users\RakaThinkpad\Documents\Project\educatedplanet\web\components\featured-tutors\featured-tutors-section.tsx
[2025-11-05T08:00:41.101Z] [2025-11-05T08:00:41.100Z] [INDEXING-ORCHESTRATOR] [DEBUG] Average chunk size: 2325 characters
[2025-11-05T08:00:41.103Z] [2025-11-05T08:00:41.102Z] [TREESITTER-CHUNKER] [INFO] Created 1 semantic chunks from c:\Users\RakaThinkpad\Documents\Project\educatedplanet\web\components\featured-tutors\index.ts
[2025-11-05T08:00:41.104Z] [2025-11-05T08:00:41.104Z] [TREESITTER-FULL] [INFO] Extracted 0 symbols from c:\Users\RakaThinkpad\Documents\Project\educatedplanet\web\components\featured-tutors\index.ts
[2025-11-05T08:00:41.105Z] [2025-11-05T08:00:41.104Z] [INDEXING-ORCHESTRATOR] [DEBUG] 🔍 Symbol extraction for c:\Users\RakaThinkpad\Documents\Project\educatedplanet\web\components\featured-tutors\index.ts: 0 symbols, 0 imports
[2025-11-05T08:00:41.105Z] [2025-11-05T08:00:41.104Z] [INDEXING-ORCHESTRATOR] [DEBUG] 📍 Chunk 1-4: 0 candidate symbols
[2025-11-05T08:00:41.105Z] [2025-11-05T08:00:41.104Z] [INDEXING-ORCHESTRATOR] [DEBUG] ✅ Chunk symbols after filtering: 0 symbols - 
[2025-11-05T08:00:41.105Z] [2025-11-05T08:00:41.104Z] [INDEXING-ORCHESTRATOR] [DEBUG] Created 1 semantic chunks for c:\Users\RakaThinkpad\Documents\Project\educatedplanet\web\components\featured-tutors\index.ts
[2025-11-05T08:00:41.105Z] [2025-11-05T08:00:41.104Z] [INDEXING-ORCHESTRATOR] [DEBUG] Average chunk size: 209 characters
[2025-11-05T08:00:41.106Z] [2025-11-05T08:00:41.105Z] [TREESITTER-CHUNKER] [INFO] Created 1 semantic chunks from c:\Users\RakaThinkpad\Documents\Project\educatedplanet\web\components\header\index.ts
[2025-11-05T08:00:41.107Z] [2025-11-05T08:00:41.107Z] [TREESITTER-FULL] [INFO] Extracted 0 symbols from c:\Users\RakaThinkpad\Documents\Project\educatedplanet\web\components\header\index.ts
[2025-11-05T08:00:41.107Z] [2025-11-05T08:00:41.107Z] [INDEXING-ORCHESTRATOR] [DEBUG] 🔍 Symbol extraction for c:\Users\RakaThinkpad\Documents\Project\educatedplanet\web\components\header\index.ts: 0 symbols, 0 imports
[2025-11-05T08:00:41.107Z] [2025-11-05T08:00:41.107Z] [INDEXING-ORCHESTRATOR] [DEBUG] 📍 Chunk 1-4: 0 candidate symbols
[2025-11-05T08:00:41.107Z] [2025-11-05T08:00:41.107Z] [INDEXING-ORCHESTRATOR] [DEBUG] ✅ Chunk symbols after filtering: 0 symbols - 
[2025-11-05T08:00:41.107Z] [2025-11-05T08:00:41.107Z] [INDEXING-ORCHESTRATOR] [DEBUG] Created 1 semantic chunks for c:\Users\RakaThinkpad\Documents\Project\educatedplanet\web\components\header\index.ts
[2025-11-05T08:00:41.107Z] [2025-11-05T08:00:41.107Z] [INDEXING-ORCHESTRATOR] [DEBUG] Average chunk size: 148 characters
[2025-11-05T08:00:41.124Z] [2025-11-05T08:00:41.124Z] [TREESITTER-CHUNKER] [INFO] Created 2 semantic chunks from c:\Users\RakaThinkpad\Documents\Project\educatedplanet\web\components\header\header.tsx
[2025-11-05T08:00:41.197Z] [2025-11-05T08:00:41.196Z] [TREESITTER-FULL] [INFO] Extracted 2 symbols from c:\Users\RakaThinkpad\Documents\Project\educatedplanet\web\components\header\header.tsx
[2025-11-05T08:00:41.197Z] [2025-11-05T08:00:41.196Z] [INDEXING-ORCHESTRATOR] [DEBUG] 🔍 Symbol extraction for c:\Users\RakaThinkpad\Documents\Project\educatedplanet\web\components\header\header.tsx: 2 symbols, 8 imports
[2025-11-05T08:00:41.197Z] [2025-11-05T08:00:41.196Z] [INDEXING-ORCHESTRATOR] [DEBUG] 📍 Chunk 12-14: 1 candidate symbols
[2025-11-05T08:00:41.197Z] [2025-11-05T08:00:41.196Z] [INDEXING-ORCHESTRATOR] [DEBUG] ✅ Chunk symbols after filtering: 1 symbols - HeaderProps
[2025-11-05T08:00:41.197Z] [2025-11-05T08:00:41.196Z] [INDEXING-ORCHESTRATOR] [DEBUG] 📍 Chunk 16-84: 1 candidate symbols
[2025-11-05T08:00:41.197Z] [2025-11-05T08:00:41.196Z] [INDEXING-ORCHESTRATOR] [DEBUG] ✅ Chunk symbols after filtering: 1 symbols - Header
[2025-11-05T08:00:41.197Z] [2025-11-05T08:00:41.196Z] [INDEXING-ORCHESTRATOR] [DEBUG] Created 2 semantic chunks for c:\Users\RakaThinkpad\Documents\Project\educatedplanet\web\components\header\header.tsx
[2025-11-05T08:00:41.197Z] [2025-11-05T08:00:41.196Z] [INDEXING-ORCHESTRATOR] [DEBUG] Average chunk size: 1094 characters
[2025-11-05T08:00:41.205Z] [2025-11-05T08:00:41.205Z] [TREESITTER-CHUNKER] [INFO] Created 1 semantic chunks from c:\Users\RakaThinkpad\Documents\Project\educatedplanet\web\components\header\logo.tsx
[2025-11-05T08:00:41.220Z] [2025-11-05T08:00:41.220Z] [TREESITTER-FULL] [INFO] Extracted 2 symbols from c:\Users\RakaThinkpad\Documents\Project\educatedplanet\web\components\header\logo.tsx
[2025-11-05T08:00:41.221Z] [2025-11-05T08:00:41.220Z] [INDEXING-ORCHESTRATOR] [DEBUG] 🔍 Symbol extraction for c:\Users\RakaThinkpad\Documents\Project\educatedplanet\web\components\header\logo.tsx: 2 symbols, 2 imports
[2025-11-05T08:00:41.221Z] [2025-11-05T08:00:41.220Z] [INDEXING-ORCHESTRATOR] [DEBUG] 📍 Chunk 4-53: 2 candidate symbols
[2025-11-05T08:00:41.221Z] [2025-11-05T08:00:41.220Z] [INDEXING-ORCHESTRATOR] [DEBUG] ✅ Chunk symbols after filtering: 2 symbols - LogoProps, Logo
[2025-11-05T08:00:41.221Z] [2025-11-05T08:00:41.220Z] [INDEXING-ORCHESTRATOR] [DEBUG] Created 1 semantic chunks for c:\Users\RakaThinkpad\Documents\Project\educatedplanet\web\components\header\logo.tsx
[2025-11-05T08:00:41.221Z] [2025-11-05T08:00:41.220Z] [INDEXING-ORCHESTRATOR] [DEBUG] Average chunk size: 1194 characters
[2025-11-05T08:00:41.259Z] [2025-11-05T08:00:41.258Z] [TREESITTER-CHUNKER] [INFO] Created 2 semantic chunks from c:\Users\RakaThinkpad\Documents\Project\educatedplanet\web\components\featured-tutors\tutor-card.tsx
[2025-11-05T08:00:41.396Z] [2025-11-05T08:00:41.395Z] [TREESITTER-FULL] [INFO] Extracted 3 symbols from c:\Users\RakaThinkpad\Documents\Project\educatedplanet\web\components\featured-tutors\tutor-card.tsx
[2025-11-05T08:00:41.403Z] [2025-11-05T08:00:41.402Z] [INDEXING-ORCHESTRATOR] [DEBUG] 🔍 Symbol extraction for c:\Users\RakaThinkpad\Documents\Project\educatedplanet\web\components\featured-tutors\tutor-card.tsx: 3 symbols, 12 imports
[2025-11-05T08:00:41.403Z] [2025-11-05T08:00:41.402Z] [INDEXING-ORCHESTRATOR] [DEBUG] 📍 Chunk 16-22: 1 candidate symbols
[2025-11-05T08:00:41.403Z] [2025-11-05T08:00:41.402Z] [INDEXING-ORCHESTRATOR] [DEBUG] ✅ Chunk symbols after filtering: 1 symbols - TutorCardProps
[2025-11-05T08:00:41.403Z] [2025-11-05T08:00:41.402Z] [INDEXING-ORCHESTRATOR] [DEBUG] 📍 Chunk 23-190: 2 candidate symbols
[2025-11-05T08:00:41.403Z] [2025-11-05T08:00:41.402Z] [INDEXING-ORCHESTRATOR] [DEBUG] ✅ Chunk symbols after filtering: 2 symbols - handleViewProfile, variantStyles
[2025-11-05T08:00:41.403Z] [2025-11-05T08:00:41.402Z] [INDEXING-ORCHESTRATOR] [DEBUG] Created 2 semantic chunks for c:\Users\RakaThinkpad\Documents\Project\educatedplanet\web\components\featured-tutors\tutor-card.tsx
[2025-11-05T08:00:41.403Z] [2025-11-05T08:00:41.402Z] [INDEXING-ORCHESTRATOR] [DEBUG] Average chunk size: 3176 characters
[2025-11-05T08:00:41.403Z] [2025-11-05T08:00:41.402Z] [INDEXING-ORCHESTRATOR] [DEBUG] 📊 Processed: 200/220 files
[2025-11-05T08:00:41.431Z] [2025-11-05T08:00:41.430Z] [TREESITTER-CHUNKER] [INFO] Created 2 semantic chunks from c:\Users\RakaThinkpad\Documents\Project\educatedplanet\web\components\header\mobile-menu.tsx
[2025-11-05T08:00:41.444Z] [2025-11-05T08:00:41.443Z] [TREESITTER-FULL] [INFO] Extracted 2 symbols from c:\Users\RakaThinkpad\Documents\Project\educatedplanet\web\components\header\mobile-menu.tsx
[2025-11-05T08:00:41.444Z] [2025-11-05T08:00:41.443Z] [INDEXING-ORCHESTRATOR] [DEBUG] 🔍 Symbol extraction for c:\Users\RakaThinkpad\Documents\Project\educatedplanet\web\components\header\mobile-menu.tsx: 2 symbols, 8 imports
[2025-11-05T08:00:41.444Z] [2025-11-05T08:00:41.443Z] [INDEXING-ORCHESTRATOR] [DEBUG] 📍 Chunk 12-14: 1 candidate symbols
[2025-11-05T08:00:41.444Z] [2025-11-05T08:00:41.443Z] [INDEXING-ORCHESTRATOR] [DEBUG] ✅ Chunk symbols after filtering: 1 symbols - MobileMenuProps
[2025-11-05T08:00:41.444Z] [2025-11-05T08:00:41.444Z] [INDEXING-ORCHESTRATOR] [DEBUG] 📍 Chunk 15-68: 1 candidate symbols
[2025-11-05T08:00:41.444Z] [2025-11-05T08:00:41.444Z] [INDEXING-ORCHESTRATOR] [DEBUG] ✅ Chunk symbols after filtering: 1 symbols - handleNavClick
[2025-11-05T08:00:41.444Z] [2025-11-05T08:00:41.444Z] [INDEXING-ORCHESTRATOR] [DEBUG] Created 2 semantic chunks for c:\Users\RakaThinkpad\Documents\Project\educatedplanet\web\components\header\mobile-menu.tsx
[2025-11-05T08:00:41.444Z] [2025-11-05T08:00:41.444Z] [INDEXING-ORCHESTRATOR] [DEBUG] Average chunk size: 701 characters
[2025-11-05T08:00:41.453Z] [2025-11-05T08:00:41.452Z] [TREESITTER-CHUNKER] [INFO] Created 1 semantic chunks from c:\Users\RakaThinkpad\Documents\Project\educatedplanet\web\components\header\navigation.tsx
[2025-11-05T08:00:41.469Z] [2025-11-05T08:00:41.469Z] [TREESITTER-FULL] [INFO] Extracted 3 symbols from c:\Users\RakaThinkpad\Documents\Project\educatedplanet\web\components\header\navigation.tsx
[2025-11-05T08:00:41.469Z] [2025-11-05T08:00:41.469Z] [INDEXING-ORCHESTRATOR] [DEBUG] 🔍 Symbol extraction for c:\Users\RakaThinkpad\Documents\Project\educatedplanet\web\components\header\navigation.tsx: 3 symbols, 3 imports
[2025-11-05T08:00:41.470Z] [2025-11-05T08:00:41.469Z] [INDEXING-ORCHESTRATOR] [DEBUG] 📍 Chunk 7-74: 3 candidate symbols
[2025-11-05T08:00:41.470Z] [2025-11-05T08:00:41.469Z] [INDEXING-ORCHESTRATOR] [DEBUG] ✅ Chunk symbols after filtering: 3 symbols - NavigationProps, NavItemProps, NavItem
[2025-11-05T08:00:41.470Z] [2025-11-05T08:00:41.469Z] [INDEXING-ORCHESTRATOR] [DEBUG] Created 1 semantic chunks for c:\Users\RakaThinkpad\Documents\Project\educatedplanet\web\components\header\navigation.tsx
[2025-11-05T08:00:41.470Z] [2025-11-05T08:00:41.469Z] [INDEXING-ORCHESTRATOR] [DEBUG] Average chunk size: 1439 characters
[2025-11-05T08:00:41.494Z] [2025-11-05T08:00:41.493Z] [TREESITTER-CHUNKER] [INFO] Created 2 semantic chunks from c:\Users\RakaThinkpad\Documents\Project\educatedplanet\web\components\hero\hero-section.tsx
[2025-11-05T08:00:41.653Z] [2025-11-05T08:00:41.652Z] [TREESITTER-FULL] [INFO] Extracted 2 symbols from c:\Users\RakaThinkpad\Documents\Project\educatedplanet\web\components\hero\hero-section.tsx
[2025-11-05T08:00:41.653Z] [2025-11-05T08:00:41.652Z] [INDEXING-ORCHESTRATOR] [DEBUG] 🔍 Symbol extraction for c:\Users\RakaThinkpad\Documents\Project\educatedplanet\web\components\hero\hero-section.tsx: 2 symbols, 6 imports
[2025-11-05T08:00:41.653Z] [2025-11-05T08:00:41.652Z] [INDEXING-ORCHESTRATOR] [DEBUG] 📍 Chunk 10-12: 1 candidate symbols
[2025-11-05T08:00:41.653Z] [2025-11-05T08:00:41.652Z] [INDEXING-ORCHESTRATOR] [DEBUG] ✅ Chunk symbols after filtering: 1 symbols - HeroSectionProps
[2025-11-05T08:00:41.653Z] [2025-11-05T08:00:41.652Z] [INDEXING-ORCHESTRATOR] [DEBUG] 📍 Chunk 14-176: 1 candidate symbols
[2025-11-05T08:00:41.654Z] [2025-11-05T08:00:41.652Z] [INDEXING-ORCHESTRATOR] [DEBUG] ✅ Chunk symbols after filtering: 1 symbols - HeroSection
[2025-11-05T08:00:41.654Z] [2025-11-05T08:00:41.652Z] [INDEXING-ORCHESTRATOR] [DEBUG] Created 2 semantic chunks for c:\Users\RakaThinkpad\Documents\Project\educatedplanet\web\components\hero\hero-section.tsx
[2025-11-05T08:00:41.654Z] [2025-11-05T08:00:41.652Z] [INDEXING-ORCHESTRATOR] [DEBUG] Average chunk size: 3196 characters
[2025-11-05T08:00:41.654Z] [2025-11-05T08:00:41.653Z] [TREESITTER-CHUNKER] [INFO] Created 1 semantic chunks from c:\Users\RakaThinkpad\Documents\Project\educatedplanet\web\components\hero\index.ts
[2025-11-05T08:00:41.654Z] [2025-11-05T08:00:41.654Z] [TREESITTER-FULL] [INFO] Extracted 0 symbols from c:\Users\RakaThinkpad\Documents\Project\educatedplanet\web\components\hero\index.ts
[2025-11-05T08:00:41.655Z] [2025-11-05T08:00:41.654Z] [INDEXING-ORCHESTRATOR] [DEBUG] 🔍 Symbol extraction for c:\Users\RakaThinkpad\Documents\Project\educatedplanet\web\components\hero\index.ts: 0 symbols, 0 imports
[2025-11-05T08:00:41.655Z] [2025-11-05T08:00:41.654Z] [INDEXING-ORCHESTRATOR] [DEBUG] 📍 Chunk 1-2: 0 candidate symbols
[2025-11-05T08:00:41.655Z] [2025-11-05T08:00:41.654Z] [INDEXING-ORCHESTRATOR] [DEBUG] ✅ Chunk symbols after filtering: 0 symbols - 
[2025-11-05T08:00:41.655Z] [2025-11-05T08:00:41.654Z] [INDEXING-ORCHESTRATOR] [DEBUG] Created 1 semantic chunks for c:\Users\RakaThinkpad\Documents\Project\educatedplanet\web\components\hero\index.ts
[2025-11-05T08:00:41.655Z] [2025-11-05T08:00:41.654Z] [INDEXING-ORCHESTRATOR] [DEBUG] Average chunk size: 99 characters
[2025-11-05T08:00:41.658Z] [2025-11-05T08:00:41.657Z] [TREESITTER-CHUNKER] [INFO] Created 2 semantic chunks from c:\Users\RakaThinkpad\Documents\Project\educatedplanet\web\components\ui\badge.tsx
[2025-11-05T08:00:41.664Z] [2025-11-05T08:00:41.664Z] [TREESITTER-FULL] [INFO] Extracted 3 symbols from c:\Users\RakaThinkpad\Documents\Project\educatedplanet\web\components\ui\badge.tsx
[2025-11-05T08:00:41.664Z] [2025-11-05T08:00:41.664Z] [INDEXING-ORCHESTRATOR] [DEBUG] 🔍 Symbol extraction for c:\Users\RakaThinkpad\Documents\Project\educatedplanet\web\components\ui\badge.tsx: 3 symbols, 3 imports
[2025-11-05T08:00:41.664Z] [2025-11-05T08:00:41.664Z] [INDEXING-ORCHESTRATOR] [DEBUG] 📍 Chunk 26-34: 2 candidate symbols
[2025-11-05T08:00:41.664Z] [2025-11-05T08:00:41.664Z] [INDEXING-ORCHESTRATOR] [DEBUG] ✅ Chunk symbols after filtering: 2 symbols - BadgeProps, Badge
[2025-11-05T08:00:41.665Z] [2025-11-05T08:00:41.664Z] [INDEXING-ORCHESTRATOR] [DEBUG] 📍 Chunk 35-36: 0 candidate symbols
[2025-11-05T08:00:41.665Z] [2025-11-05T08:00:41.664Z] [INDEXING-ORCHESTRATOR] [DEBUG] ✅ Chunk symbols after filtering: 0 symbols - 
[2025-11-05T08:00:41.665Z] [2025-11-05T08:00:41.664Z] [INDEXING-ORCHESTRATOR] [DEBUG] Created 2 semantic chunks for c:\Users\RakaThinkpad\Documents\Project\educatedplanet\web\components\ui\badge.tsx
[2025-11-05T08:00:41.665Z] [2025-11-05T08:00:41.664Z] [INDEXING-ORCHESTRATOR] [DEBUG] Average chunk size: 150 characters
[2025-11-05T08:00:41.669Z] [2025-11-05T08:00:41.668Z] [TREESITTER-CHUNKER] [INFO] Created 2 semantic chunks from c:\Users\RakaThinkpad\Documents\Project\educatedplanet\web\components\ui\button.tsx
[2025-11-05T08:00:41.680Z] [2025-11-05T08:00:41.680Z] [TREESITTER-FULL] [INFO] Extracted 3 symbols from c:\Users\RakaThinkpad\Documents\Project\educatedplanet\web\components\ui\button.tsx
[2025-11-05T08:00:41.680Z] [2025-11-05T08:00:41.680Z] [INDEXING-ORCHESTRATOR] [DEBUG] 🔍 Symbol extraction for c:\Users\RakaThinkpad\Documents\Project\educatedplanet\web\components\ui\button.tsx: 3 symbols, 4 imports
[2025-11-05T08:00:41.681Z] [2025-11-05T08:00:41.680Z] [INDEXING-ORCHESTRATOR] [DEBUG] 📍 Chunk 36-40: 1 candidate symbols
[2025-11-05T08:00:41.681Z] [2025-11-05T08:00:41.680Z] [INDEXING-ORCHESTRATOR] [DEBUG] ✅ Chunk symbols after filtering: 1 symbols - ButtonProps
[2025-11-05T08:00:41.681Z] [2025-11-05T08:00:41.680Z] [INDEXING-ORCHESTRATOR] [DEBUG] 📍 Chunk 41-56: 1 candidate symbols
[2025-11-05T08:00:41.681Z] [2025-11-05T08:00:41.680Z] [INDEXING-ORCHESTRATOR] [DEBUG] ✅ Chunk symbols after filtering: 1 symbols - Button
[2025-11-05T08:00:41.681Z] [2025-11-05T08:00:41.680Z] [INDEXING-ORCHESTRATOR] [DEBUG] Created 2 semantic chunks for c:\Users\RakaThinkpad\Documents\Project\educatedplanet\web\components\ui\button.tsx
[2025-11-05T08:00:41.681Z] [2025-11-05T08:00:41.680Z] [INDEXING-ORCHESTRATOR] [DEBUG] Average chunk size: 268 characters
[2025-11-05T08:00:41.691Z] [2025-11-05T08:00:41.690Z] [TREESITTER-CHUNKER] [INFO] Created 1 semantic chunks from c:\Users\RakaThinkpad\Documents\Project\educatedplanet\web\components\ui\card.tsx
[2025-11-05T08:00:41.715Z] [2025-11-05T08:00:41.715Z] [TREESITTER-FULL] [INFO] Extracted 0 symbols from c:\Users\RakaThinkpad\Documents\Project\educatedplanet\web\components\ui\card.tsx
[2025-11-05T08:00:41.715Z] [2025-11-05T08:00:41.715Z] [INDEXING-ORCHESTRATOR] [DEBUG] 🔍 Symbol extraction for c:\Users\RakaThinkpad\Documents\Project\educatedplanet\web\components\ui\card.tsx: 0 symbols, 2 imports
[2025-11-05T08:00:41.715Z] [2025-11-05T08:00:41.715Z] [INDEXING-ORCHESTRATOR] [DEBUG] 📍 Chunk 1-79: 0 candidate symbols
[2025-11-05T08:00:41.715Z] [2025-11-05T08:00:41.715Z] [INDEXING-ORCHESTRATOR] [DEBUG] ✅ Chunk symbols after filtering: 0 symbols - 
[2025-11-05T08:00:41.715Z] [2025-11-05T08:00:41.715Z] [INDEXING-ORCHESTRATOR] [DEBUG] Created 1 semantic chunks for c:\Users\RakaThinkpad\Documents\Project\educatedplanet\web\components\ui\card.tsx
[2025-11-05T08:00:41.716Z] [2025-11-05T08:00:41.715Z] [INDEXING-ORCHESTRATOR] [DEBUG] Average chunk size: 1876 characters
[2025-11-05T08:00:41.726Z] [2025-11-05T08:00:41.725Z] [TREESITTER-CHUNKER] [INFO] Created 1 semantic chunks from c:\Users\RakaThinkpad\Documents\Project\educatedplanet\web\components\ui\dialog.tsx
[2025-11-05T08:00:41.747Z] [2025-11-05T08:00:41.747Z] [TREESITTER-FULL] [INFO] Extracted 0 symbols from c:\Users\RakaThinkpad\Documents\Project\educatedplanet\web\components\ui\dialog.tsx
[2025-11-05T08:00:41.747Z] [2025-11-05T08:00:41.747Z] [INDEXING-ORCHESTRATOR] [DEBUG] 🔍 Symbol extraction for c:\Users\RakaThinkpad\Documents\Project\educatedplanet\web\components\ui\dialog.tsx: 0 symbols, 4 imports
[2025-11-05T08:00:41.747Z] [2025-11-05T08:00:41.747Z] [INDEXING-ORCHESTRATOR] [DEBUG] 📍 Chunk 1-120: 0 candidate symbols
[2025-11-05T08:00:41.747Z] [2025-11-05T08:00:41.747Z] [INDEXING-ORCHESTRATOR] [DEBUG] ✅ Chunk symbols after filtering: 0 symbols - 
[2025-11-05T08:00:41.748Z] [2025-11-05T08:00:41.747Z] [INDEXING-ORCHESTRATOR] [DEBUG] Created 1 semantic chunks for c:\Users\RakaThinkpad\Documents\Project\educatedplanet\web\components\ui\dialog.tsx
[2025-11-05T08:00:41.748Z] [2025-11-05T08:00:41.747Z] [INDEXING-ORCHESTRATOR] [DEBUG] Average chunk size: 3855 characters
[2025-11-05T08:00:41.752Z] [2025-11-05T08:00:41.752Z] [TREESITTER-CHUNKER] [INFO] Created 2 semantic chunks from c:\Users\RakaThinkpad\Documents\Project\educatedplanet\web\components\ui\input.tsx
[2025-11-05T08:00:41.755Z] [2025-11-05T08:00:41.755Z] [TREESITTER-FULL] [INFO] Extracted 2 symbols from c:\Users\RakaThinkpad\Documents\Project\educatedplanet\web\components\ui\input.tsx
[2025-11-05T08:00:41.755Z] [2025-11-05T08:00:41.755Z] [INDEXING-ORCHESTRATOR] [DEBUG] 🔍 Symbol extraction for c:\Users\RakaThinkpad\Documents\Project\educatedplanet\web\components\ui\input.tsx: 2 symbols, 2 imports
[2025-11-05T08:00:41.755Z] [2025-11-05T08:00:41.755Z] [INDEXING-ORCHESTRATOR] [DEBUG] 📍 Chunk 5-6: 1 candidate symbols
[2025-11-05T08:00:41.755Z] [2025-11-05T08:00:41.755Z] [INDEXING-ORCHESTRATOR] [DEBUG] ✅ Chunk symbols after filtering: 1 symbols - InputProps
[2025-11-05T08:00:41.755Z] [2025-11-05T08:00:41.755Z] [INDEXING-ORCHESTRATOR] [DEBUG] 📍 Chunk 7-25: 1 candidate symbols
[2025-11-05T08:00:41.756Z] [2025-11-05T08:00:41.755Z] [INDEXING-ORCHESTRATOR] [DEBUG] ✅ Chunk symbols after filtering: 1 symbols - Input
[2025-11-05T08:00:41.756Z] [2025-11-05T08:00:41.755Z] [INDEXING-ORCHESTRATOR] [DEBUG] Created 2 semantic chunks for c:\Users\RakaThinkpad\Documents\Project\educatedplanet\web\components\ui\input.tsx
[2025-11-05T08:00:41.756Z] [2025-11-05T08:00:41.755Z] [INDEXING-ORCHESTRATOR] [DEBUG] Average chunk size: 374 characters
[2025-11-05T08:00:41.758Z] [2025-11-05T08:00:41.758Z] [TREESITTER-CHUNKER] [INFO] Created 1 semantic chunks from c:\Users\RakaThinkpad\Documents\Project\educatedplanet\web\components\ui\label.tsx
[2025-11-05T08:00:41.765Z] [2025-11-05T08:00:41.765Z] [TREESITTER-FULL] [INFO] Extracted 1 symbols from c:\Users\RakaThinkpad\Documents\Project\educatedplanet\web\components\ui\label.tsx
[2025-11-05T08:00:41.765Z] [2025-11-05T08:00:41.765Z] [INDEXING-ORCHESTRATOR] [DEBUG] 🔍 Symbol extraction for c:\Users\RakaThinkpad\Documents\Project\educatedplanet\web\components\ui\label.tsx: 1 symbols, 4 imports
[2025-11-05T08:00:41.765Z] [2025-11-05T08:00:41.765Z] [INDEXING-ORCHESTRATOR] [DEBUG] 📍 Chunk 1-24: 1 candidate symbols
[2025-11-05T08:00:41.766Z] [2025-11-05T08:00:41.765Z] [INDEXING-ORCHESTRATOR] [DEBUG] ✅ Chunk symbols after filtering: 1 symbols - labelVariants
[2025-11-05T08:00:41.766Z] [2025-11-05T08:00:41.765Z] [INDEXING-ORCHESTRATOR] [DEBUG] Created 1 semantic chunks for c:\Users\RakaThinkpad\Documents\Project\educatedplanet\web\components\ui\label.tsx
[2025-11-05T08:00:41.766Z] [2025-11-05T08:00:41.765Z] [INDEXING-ORCHESTRATOR] [DEBUG] Average chunk size: 709 characters
[2025-11-05T08:00:41.766Z] [2025-11-05T08:00:41.765Z] [INDEXING-ORCHESTRATOR] [DEBUG] 📊 Processed: 210/220 files
[2025-11-05T08:00:41.786Z] [2025-11-05T08:00:41.785Z] [TREESITTER-CHUNKER] [INFO] Created 1 semantic chunks from c:\Users\RakaThinkpad\Documents\Project\educatedplanet\web\components\ui\select.tsx
[2025-11-05T08:00:41.827Z] [2025-11-05T08:00:41.826Z] [TREESITTER-FULL] [INFO] Extracted 3 symbols from c:\Users\RakaThinkpad\Documents\Project\educatedplanet\web\components\ui\select.tsx
[2025-11-05T08:00:41.827Z] [2025-11-05T08:00:41.827Z] [INDEXING-ORCHESTRATOR] [DEBUG] 🔍 Symbol extraction for c:\Users\RakaThinkpad\Documents\Project\educatedplanet\web\components\ui\select.tsx: 3 symbols, 4 imports
[2025-11-05T08:00:41.827Z] [2025-11-05T08:00:41.827Z] [INDEXING-ORCHESTRATOR] [DEBUG] 📍 Chunk 1-158: 3 candidate symbols
[2025-11-05T08:00:41.827Z] [2025-11-05T08:00:41.827Z] [INDEXING-ORCHESTRATOR] [DEBUG] ✅ Chunk symbols after filtering: 3 symbols - SelectTrigger, SelectScrollUpButton, SelectScrollDownButton
[2025-11-05T08:00:41.827Z] [2025-11-05T08:00:41.827Z] [INDEXING-ORCHESTRATOR] [DEBUG] Created 1 semantic chunks for c:\Users\RakaThinkpad\Documents\Project\educatedplanet\web\components\ui\select.tsx
[2025-11-05T08:00:41.827Z] [2025-11-05T08:00:41.827Z] [INDEXING-ORCHESTRATOR] [DEBUG] Average chunk size: 5614 characters
[2025-11-05T08:00:41.829Z] [2025-11-05T08:00:41.829Z] [TREESITTER-CHUNKER] [INFO] Created 1 semantic chunks from c:\Users\RakaThinkpad\Documents\Project\educatedplanet\web\components\ui\separator.tsx
[2025-11-05T08:00:41.834Z] [2025-11-05T08:00:41.833Z] [TREESITTER-FULL] [INFO] Extracted 0 symbols from c:\Users\RakaThinkpad\Documents\Project\educatedplanet\web\components\ui\separator.tsx
[2025-11-05T08:00:41.834Z] [2025-11-05T08:00:41.833Z] [INDEXING-ORCHESTRATOR] [DEBUG] 🔍 Symbol extraction for c:\Users\RakaThinkpad\Documents\Project\educatedplanet\web\components\ui\separator.tsx: 0 symbols, 3 imports
[2025-11-05T08:00:41.834Z] [2025-11-05T08:00:41.833Z] [INDEXING-ORCHESTRATOR] [DEBUG] 📍 Chunk 1-29: 0 candidate symbols
[2025-11-05T08:00:41.834Z] [2025-11-05T08:00:41.833Z] [INDEXING-ORCHESTRATOR] [DEBUG] ✅ Chunk symbols after filtering: 0 symbols - 
[2025-11-05T08:00:41.834Z] [2025-11-05T08:00:41.833Z] [INDEXING-ORCHESTRATOR] [DEBUG] Created 1 semantic chunks for c:\Users\RakaThinkpad\Documents\Project\educatedplanet\web\components\ui\separator.tsx
[2025-11-05T08:00:41.834Z] [2025-11-05T08:00:41.833Z] [INDEXING-ORCHESTRATOR] [DEBUG] Average chunk size: 755 characters
[2025-11-05T08:00:41.851Z] [2025-11-05T08:00:41.850Z] [TREESITTER-CHUNKER] [INFO] Created 6 semantic chunks from c:\Users\RakaThinkpad\Documents\Project\educatedplanet\web\examples\header-usage.tsx
[2025-11-05T08:00:41.918Z] [2025-11-05T08:00:41.918Z] [TREESITTER-FULL] [INFO] Extracted 7 symbols from c:\Users\RakaThinkpad\Documents\Project\educatedplanet\web\examples\header-usage.tsx
[2025-11-05T08:00:41.918Z] [2025-11-05T08:00:41.918Z] [INDEXING-ORCHESTRATOR] [DEBUG] 🔍 Symbol extraction for c:\Users\RakaThinkpad\Documents\Project\educatedplanet\web\examples\header-usage.tsx: 7 symbols, 7 imports
[2025-11-05T08:00:41.918Z] [2025-11-05T08:00:41.918Z] [INDEXING-ORCHESTRATOR] [DEBUG] 📍 Chunk 13-23: 1 candidate symbols
[2025-11-05T08:00:41.918Z] [2025-11-05T08:00:41.918Z] [INDEXING-ORCHESTRATOR] [DEBUG] ✅ Chunk symbols after filtering: 1 symbols - BasicLayout
[2025-11-05T08:00:41.919Z] [2025-11-05T08:00:41.918Z] [INDEXING-ORCHESTRATOR] [DEBUG] 📍 Chunk 26-67: 1 candidate symbols
[2025-11-05T08:00:41.919Z] [2025-11-05T08:00:41.918Z] [INDEXING-ORCHESTRATOR] [DEBUG] ✅ Chunk symbols after filtering: 1 symbols - CustomHeaderExample
[2025-11-05T08:00:41.919Z] [2025-11-05T08:00:41.918Z] [INDEXING-ORCHESTRATOR] [DEBUG] 📍 Chunk 70-125: 3 candidate symbols
[2025-11-05T08:00:41.919Z] [2025-11-05T08:00:41.918Z] [INDEXING-ORCHESTRATOR] [DEBUG] ✅ Chunk symbols after filtering: 3 symbols - MinimalHeader, CustomNavigationHeader, FullPageLayout
[2025-11-05T08:00:41.919Z] [2025-11-05T08:00:41.918Z] [INDEXING-ORCHESTRATOR] [DEBUG] 📍 Chunk 128-169: 1 candidate symbols
[2025-11-05T08:00:41.919Z] [2025-11-05T08:00:41.918Z] [INDEXING-ORCHESTRATOR] [DEBUG] ✅ Chunk symbols after filtering: 1 symbols - HeaderWithSearch
[2025-11-05T08:00:41.919Z] [2025-11-05T08:00:41.918Z] [INDEXING-ORCHESTRATOR] [DEBUG] 📍 Chunk 172-197: 1 candidate symbols
[2025-11-05T08:00:41.919Z] [2025-11-05T08:00:41.918Z] [INDEXING-ORCHESTRATOR] [DEBUG] ✅ Chunk symbols after filtering: 1 symbols - DashboardHeader
[2025-11-05T08:00:41.919Z] [2025-11-05T08:00:41.918Z] [INDEXING-ORCHESTRATOR] [DEBUG] 📍 Chunk 198-216: 0 candidate symbols
[2025-11-05T08:00:41.919Z] [2025-11-05T08:00:41.918Z] [INDEXING-ORCHESTRATOR] [DEBUG] ✅ Chunk symbols after filtering: 0 symbols - 
[2025-11-05T08:00:41.919Z] [2025-11-05T08:00:41.918Z] [INDEXING-ORCHESTRATOR] [DEBUG] Created 6 semantic chunks for c:\Users\RakaThinkpad\Documents\Project\educatedplanet\web\examples\header-usage.tsx
[2025-11-05T08:00:41.919Z] [2025-11-05T08:00:41.918Z] [INDEXING-ORCHESTRATOR] [DEBUG] Average chunk size: 910 characters
[2025-11-05T08:00:41.920Z] [2025-11-05T08:00:41.919Z] [TREESITTER-CHUNKER] [INFO] Created 1 semantic chunks from c:\Users\RakaThinkpad\Documents\Project\educatedplanet\web\eslint.config.mjs
[2025-11-05T08:00:41.923Z] [2025-11-05T08:00:41.922Z] [TREESITTER-FULL] [INFO] Extracted 1 symbols from c:\Users\RakaThinkpad\Documents\Project\educatedplanet\web\eslint.config.mjs
[2025-11-05T08:00:41.923Z] [2025-11-05T08:00:41.922Z] [INDEXING-ORCHESTRATOR] [DEBUG] 🔍 Symbol extraction for c:\Users\RakaThinkpad\Documents\Project\educatedplanet\web\eslint.config.mjs: 1 symbols, 3 imports
[2025-11-05T08:00:41.923Z] [2025-11-05T08:00:41.922Z] [INDEXING-ORCHESTRATOR] [DEBUG] 📍 Chunk 1-19: 1 candidate symbols
[2025-11-05T08:00:41.923Z] [2025-11-05T08:00:41.922Z] [INDEXING-ORCHESTRATOR] [DEBUG] ✅ Chunk symbols after filtering: 1 symbols - eslintConfig
[2025-11-05T08:00:41.923Z] [2025-11-05T08:00:41.922Z] [INDEXING-ORCHESTRATOR] [DEBUG] Created 1 semantic chunks for c:\Users\RakaThinkpad\Documents\Project\educatedplanet\web\eslint.config.mjs
[2025-11-05T08:00:41.923Z] [2025-11-05T08:00:41.922Z] [INDEXING-ORCHESTRATOR] [DEBUG] Average chunk size: 464 characters
[2025-11-05T08:00:41.936Z] [2025-11-05T08:00:41.936Z] [TREESITTER-CHUNKER] [INFO] Created 1 semantic chunks from c:\Users\RakaThinkpad\Documents\Project\educatedplanet\web\data\featured-tutors-data.ts
[2025-11-05T08:00:41.963Z] [2025-11-05T08:00:41.962Z] [TREESITTER-FULL] [INFO] Extracted 1 symbols from c:\Users\RakaThinkpad\Documents\Project\educatedplanet\web\data\featured-tutors-data.ts
[2025-11-05T08:00:41.963Z] [2025-11-05T08:00:41.962Z] [INDEXING-ORCHESTRATOR] [DEBUG] 🔍 Symbol extraction for c:\Users\RakaThinkpad\Documents\Project\educatedplanet\web\data\featured-tutors-data.ts: 1 symbols, 1 imports
[2025-11-05T08:00:41.963Z] [2025-11-05T08:00:41.962Z] [INDEXING-ORCHESTRATOR] [DEBUG] 📍 Chunk 1-192: 1 candidate symbols
[2025-11-05T08:00:41.963Z] [2025-11-05T08:00:41.962Z] [INDEXING-ORCHESTRATOR] [DEBUG] ✅ Chunk symbols after filtering: 1 symbols - featuredTutors
[2025-11-05T08:00:41.963Z] [2025-11-05T08:00:41.962Z] [INDEXING-ORCHESTRATOR] [DEBUG] Created 1 semantic chunks for c:\Users\RakaThinkpad\Documents\Project\educatedplanet\web\data\featured-tutors-data.ts
[2025-11-05T08:00:41.963Z] [2025-11-05T08:00:41.962Z] [INDEXING-ORCHESTRATOR] [DEBUG] Average chunk size: 4130 characters
[2025-11-05T08:00:41.980Z] [2025-11-05T08:00:41.979Z] [TREESITTER-CHUNKER] [INFO] Created 2 semantic chunks from c:\Users\RakaThinkpad\Documents\Project\educatedplanet\web\components\ui\sheet.tsx
[2025-11-05T08:00:42.017Z] [2025-11-05T08:00:42.017Z] [TREESITTER-FULL] [INFO] Extracted 3 symbols from c:\Users\RakaThinkpad\Documents\Project\educatedplanet\web\components\ui\sheet.tsx
[2025-11-05T08:00:42.017Z] [2025-11-05T08:00:42.017Z] [INDEXING-ORCHESTRATOR] [DEBUG] 🔍 Symbol extraction for c:\Users\RakaThinkpad\Documents\Project\educatedplanet\web\components\ui\sheet.tsx: 3 symbols, 5 imports
[2025-11-05T08:00:42.017Z] [2025-11-05T08:00:42.017Z] [INDEXING-ORCHESTRATOR] [DEBUG] 📍 Chunk 35-39: 1 candidate symbols
[2025-11-05T08:00:42.017Z] [2025-11-05T08:00:42.017Z] [INDEXING-ORCHESTRATOR] [DEBUG] ✅ Chunk symbols after filtering: 1 symbols - SheetContentProps
[2025-11-05T08:00:42.018Z] [2025-11-05T08:00:42.017Z] [INDEXING-ORCHESTRATOR] [DEBUG] 📍 Chunk 40-144: 1 candidate symbols
[2025-11-05T08:00:42.018Z] [2025-11-05T08:00:42.017Z] [INDEXING-ORCHESTRATOR] [DEBUG] ✅ Chunk symbols after filtering: 1 symbols - SheetContent
[2025-11-05T08:00:42.018Z] [2025-11-05T08:00:42.017Z] [INDEXING-ORCHESTRATOR] [DEBUG] Created 2 semantic chunks for c:\Users\RakaThinkpad\Documents\Project\educatedplanet\web\components\ui\sheet.tsx
[2025-11-05T08:00:42.018Z] [2025-11-05T08:00:42.017Z] [INDEXING-ORCHESTRATOR] [DEBUG] Average chunk size: 1611 characters
[2025-11-05T08:00:42.018Z] [2025-11-05T08:00:42.018Z] [TREESITTER-CHUNKER] [INFO] Created 1 semantic chunks from c:\Users\RakaThinkpad\Documents\Project\educatedplanet\web\lib\utils.ts
[2025-11-05T08:00:42.019Z] [2025-11-05T08:00:42.019Z] [TREESITTER-FULL] [INFO] Extracted 1 symbols from c:\Users\RakaThinkpad\Documents\Project\educatedplanet\web\lib\utils.ts
[2025-11-05T08:00:42.019Z] [2025-11-05T08:00:42.019Z] [INDEXING-ORCHESTRATOR] [DEBUG] 🔍 Symbol extraction for c:\Users\RakaThinkpad\Documents\Project\educatedplanet\web\lib\utils.ts: 1 symbols, 2 imports
[2025-11-05T08:00:42.019Z] [2025-11-05T08:00:42.019Z] [INDEXING-ORCHESTRATOR] [DEBUG] 📍 Chunk 4-6: 1 candidate symbols
[2025-11-05T08:00:42.019Z] [2025-11-05T08:00:42.019Z] [INDEXING-ORCHESTRATOR] [DEBUG] ✅ Chunk symbols after filtering: 1 symbols - cn
[2025-11-05T08:00:42.020Z] [2025-11-05T08:00:42.019Z] [INDEXING-ORCHESTRATOR] [DEBUG] Created 1 semantic chunks for c:\Users\RakaThinkpad\Documents\Project\educatedplanet\web\lib\utils.ts
[2025-11-05T08:00:42.020Z] [2025-11-05T08:00:42.019Z] [INDEXING-ORCHESTRATOR] [DEBUG] Average chunk size: 71 characters
[2025-11-05T08:00:42.021Z] [2025-11-05T08:00:42.020Z] [TREESITTER-CHUNKER] [INFO] Created 1 semantic chunks from c:\Users\RakaThinkpad\Documents\Project\educatedplanet\web\next.config.ts
[2025-11-05T08:00:42.023Z] [2025-11-05T08:00:42.023Z] [TREESITTER-FULL] [INFO] Extracted 1 symbols from c:\Users\RakaThinkpad\Documents\Project\educatedplanet\web\next.config.ts
[2025-11-05T08:00:42.023Z] [2025-11-05T08:00:42.023Z] [INDEXING-ORCHESTRATOR] [DEBUG] 🔍 Symbol extraction for c:\Users\RakaThinkpad\Documents\Project\educatedplanet\web\next.config.ts: 1 symbols, 1 imports
[2025-11-05T08:00:42.024Z] [2025-11-05T08:00:42.023Z] [INDEXING-ORCHESTRATOR] [DEBUG] 📍 Chunk 1-20: 1 candidate symbols
[2025-11-05T08:00:42.024Z] [2025-11-05T08:00:42.023Z] [INDEXING-ORCHESTRATOR] [DEBUG] ✅ Chunk symbols after filtering: 1 symbols - nextConfig
[2025-11-05T08:00:42.024Z] [2025-11-05T08:00:42.023Z] [INDEXING-ORCHESTRATOR] [DEBUG] Created 1 semantic chunks for c:\Users\RakaThinkpad\Documents\Project\educatedplanet\web\next.config.ts
[2025-11-05T08:00:42.024Z] [2025-11-05T08:00:42.023Z] [INDEXING-ORCHESTRATOR] [DEBUG] Average chunk size: 344 characters
[2025-11-05T08:00:42.024Z] [2025-11-05T08:00:42.024Z] [TREESITTER-CHUNKER] [INFO] Created 1 semantic chunks from c:\Users\RakaThinkpad\Documents\Project\educatedplanet\web\postcss.config.mjs
[2025-11-05T08:00:42.025Z] [2025-11-05T08:00:42.025Z] [TREESITTER-FULL] [INFO] Extracted 1 symbols from c:\Users\RakaThinkpad\Documents\Project\educatedplanet\web\postcss.config.mjs
[2025-11-05T08:00:42.025Z] [2025-11-05T08:00:42.025Z] [INDEXING-ORCHESTRATOR] [DEBUG] 🔍 Symbol extraction for c:\Users\RakaThinkpad\Documents\Project\educatedplanet\web\postcss.config.mjs: 1 symbols, 0 imports
[2025-11-05T08:00:42.025Z] [2025-11-05T08:00:42.025Z] [INDEXING-ORCHESTRATOR] [DEBUG] 📍 Chunk 1-8: 1 candidate symbols
[2025-11-05T08:00:42.025Z] [2025-11-05T08:00:42.025Z] [INDEXING-ORCHESTRATOR] [DEBUG] ✅ Chunk symbols after filtering: 1 symbols - config
[2025-11-05T08:00:42.025Z] [2025-11-05T08:00:42.025Z] [INDEXING-ORCHESTRATOR] [DEBUG] Created 1 semantic chunks for c:\Users\RakaThinkpad\Documents\Project\educatedplanet\web\postcss.config.mjs
[2025-11-05T08:00:42.025Z] [2025-11-05T08:00:42.025Z] [INDEXING-ORCHESTRATOR] [DEBUG] Average chunk size: 93 characters
[2025-11-05T08:00:42.046Z] [2025-11-05T08:00:42.046Z] [TREESITTER-CHUNKER] [INFO] Created 3 semantic chunks from c:\Users\RakaThinkpad\Documents\Project\educatedplanet\web\examples\hero-usage.tsx
[2025-11-05T08:00:42.140Z] [2025-11-05T08:00:42.139Z] [TREESITTER-FULL] [INFO] Extracted 4 symbols from c:\Users\RakaThinkpad\Documents\Project\educatedplanet\web\examples\hero-usage.tsx
[2025-11-05T08:00:42.140Z] [2025-11-05T08:00:42.139Z] [INDEXING-ORCHESTRATOR] [DEBUG] 🔍 Symbol extraction for c:\Users\RakaThinkpad\Documents\Project\educatedplanet\web\examples\hero-usage.tsx: 4 symbols, 3 imports
[2025-11-05T08:00:42.140Z] [2025-11-05T08:00:42.139Z] [INDEXING-ORCHESTRATOR] [DEBUG] 📍 Chunk 11-58: 2 candidate symbols
[2025-11-05T08:00:42.140Z] [2025-11-05T08:00:42.139Z] [INDEXING-ORCHESTRATOR] [DEBUG] ✅ Chunk symbols after filtering: 2 symbols - BasicHeroExample, HeroWithState
[2025-11-05T08:00:42.140Z] [2025-11-05T08:00:42.139Z] [INDEXING-ORCHESTRATOR] [DEBUG] 📍 Chunk 61-82: 1 candidate symbols
[2025-11-05T08:00:42.140Z] [2025-11-05T08:00:42.139Z] [INDEXING-ORCHESTRATOR] [DEBUG] ✅ Chunk symbols after filtering: 1 symbols - HeroWithAnalytics
[2025-11-05T08:00:42.140Z] [2025-11-05T08:00:42.139Z] [INDEXING-ORCHESTRATOR] [DEBUG] 📍 Chunk 83-183: 1 candidate symbols
[2025-11-05T08:00:42.140Z] [2025-11-05T08:00:42.139Z] [INDEXING-ORCHESTRATOR] [DEBUG] ✅ Chunk symbols after filtering: 1 symbols - handleSearch
[2025-11-05T08:00:42.140Z] [2025-11-05T08:00:42.139Z] [INDEXING-ORCHESTRATOR] [DEBUG] Created 3 semantic chunks for c:\Users\RakaThinkpad\Documents\Project\educatedplanet\web\examples\hero-usage.tsx
[2025-11-05T08:00:42.140Z] [2025-11-05T08:00:42.139Z] [INDEXING-ORCHESTRATOR] [DEBUG] Average chunk size: 1730 characters
[2025-11-05T08:00:42.140Z] [2025-11-05T08:00:42.139Z] [INDEXING-ORCHESTRATOR] [DEBUG] 📊 Processed: 220/220 files
[2025-11-05T08:00:42.140Z] [2025-11-05T08:00:42.140Z] [INDEXING-ORCHESTRATOR] [INFO] 🗑️ Force reindex enabled - clearing existing namespace: mcp_14dbd7dc7fa8a0fa
[2025-11-05T08:00:44.710Z] [2025-11-05T08:00:44.709Z] [INDEXING-ORCHESTRATOR] [INFO] ✅ Successfully cleared namespace: mcp_14dbd7dc7fa8a0fa
[2025-11-05T08:00:44.710Z] [2025-11-05T08:00:44.709Z] [INDEXING-ORCHESTRATOR] [INFO] Uploading 459 chunks to vector store...
[2025-11-05T08:00:44.710Z] [2025-11-05T08:00:44.710Z] [INDEXING-ORCHESTRATOR] [INFO] Uploading 459 chunks to vector store and local metadata...
[2025-11-05T08:00:44.710Z] [2025-11-05T08:00:44.710Z] [INDEXING-ORCHESTRATOR] [INFO] 📦 Processing batch 1/46 (10 chunks)
[2025-11-05T08:00:44.710Z] [2025-11-05T08:00:44.710Z] [INDEXING-ORCHESTRATOR] [DEBUG] 🧠 Generating embeddings for 10 chunks...
[2025-11-05T08:00:46.808Z] [2025-11-05T08:00:46.807Z] [INDEXING-ORCHESTRATOR] [DEBUG] ✅ Generated 10 embeddings
[2025-11-05T08:00:46.809Z] [2025-11-05T08:00:46.808Z] [INDEXING-ORCHESTRATOR] [DEBUG] ⬆️  Upserting 10 vectors to namespace: mcp_14dbd7dc7fa8a0fa
[2025-11-05T08:00:48.849Z] [2025-11-05T08:00:48.849Z] [INDEXING-ORCHESTRATOR] [WARN] ⚠️ Skipping batch 1 after retries failed. Continuing with remaining batches.
[2025-11-05T08:00:48.850Z] [2025-11-05T08:00:48.849Z] [INDEXING-ORCHESTRATOR] [WARN] Skipped batch error: "Turbopuffer upsert error (400): {\"error\":\"💔 This upsert contains duplicate document IDs and was not written. You should ensure that individual upserts do not include duplicate documents. The duplicated IDs in this batch were the following: c:\\\\Users\\\\RakaThinkpad\\\\Documents\\\\Project\\\\educatedplanet\\\\admin\",\"status\":\"error\"}"
[2025-11-05T08:00:48.850Z] [2025-11-05T08:00:48.849Z] [INDEXING-ORCHESTRATOR] [INFO] 📦 Processing batch 2/46 (10 chunks)
[2025-11-05T08:00:48.850Z] [2025-11-05T08:00:48.849Z] [INDEXING-ORCHESTRATOR] [DEBUG] 🧠 Generating embeddings for 10 chunks...
[2025-11-05T08:00:50.909Z] [2025-11-05T08:00:50.909Z] [INDEXING-ORCHESTRATOR] [DEBUG] ✅ Generated 10 embeddings
[2025-11-05T08:00:50.909Z] [2025-11-05T08:00:50.909Z] [INDEXING-ORCHESTRATOR] [DEBUG] ⬆️  Upserting 10 vectors to namespace: mcp_14dbd7dc7fa8a0fa
[2025-11-05T08:00:52.119Z] [2025-11-05T08:00:52.119Z] [INDEXING-ORCHESTRATOR] [WARN] ⚠️ Skipping batch 2 after retries failed. Continuing with remaining batches.
[2025-11-05T08:00:52.119Z] [2025-11-05T08:00:52.119Z] [INDEXING-ORCHESTRATOR] [WARN] Skipped batch error: "Turbopuffer upsert error (400): {\"error\":\"💔 This upsert contains duplicate document IDs and was not written. You should ensure that individual upserts do not include duplicate documents. The duplicated IDs in this batch were the following: c:\\\\Users\\\\RakaThinkpad\\\\Documents\\\\Project\\\\educatedplanet\\\\admin\",\"status\":\"error\"}"
[2025-11-05T08:00:52.119Z] [2025-11-05T08:00:52.119Z] [INDEXING-ORCHESTRATOR] [INFO] 📦 Processing batch 3/46 (10 chunks)
[2025-11-05T08:00:52.119Z] [2025-11-05T08:00:52.119Z] [INDEXING-ORCHESTRATOR] [DEBUG] 🧠 Generating embeddings for 10 chunks...
[2025-11-05T08:00:54.349Z] [2025-11-05T08:00:54.348Z] [INDEXING-ORCHESTRATOR] [DEBUG] ✅ Generated 10 embeddings
[2025-11-05T08:00:54.349Z] [2025-11-05T08:00:54.348Z] [INDEXING-ORCHESTRATOR] [DEBUG] ⬆️  Upserting 10 vectors to namespace: mcp_14dbd7dc7fa8a0fa
[2025-11-05T08:00:55.589Z] [2025-11-05T08:00:55.588Z] [INDEXING-ORCHESTRATOR] [WARN] ⚠️ Skipping batch 3 after retries failed. Continuing with remaining batches.
[2025-11-05T08:00:55.589Z] [2025-11-05T08:00:55.588Z] [INDEXING-ORCHESTRATOR] [WARN] Skipped batch error: "Turbopuffer upsert error (400): {\"error\":\"💔 This upsert contains duplicate document IDs and was not written. You should ensure that individual upserts do not include duplicate documents. The duplicated IDs in this batch were the following: c:\\\\Users\\\\RakaThinkpad\\\\Documents\\\\Project\\\\educatedplanet\\\\admin\",\"status\":\"error\"}"
[2025-11-05T08:00:55.589Z] [2025-11-05T08:00:55.588Z] [INDEXING-ORCHESTRATOR] [INFO] 📦 Processing batch 4/46 (10 chunks)
[2025-11-05T08:00:55.589Z] [2025-11-05T08:00:55.588Z] [INDEXING-ORCHESTRATOR] [DEBUG] 🧠 Generating embeddings for 10 chunks...
[2025-11-05T08:00:58.627Z] [2025-11-05T08:00:58.627Z] [INDEXING-ORCHESTRATOR] [DEBUG] ✅ Generated 10 embeddings
[2025-11-05T08:00:58.627Z] [2025-11-05T08:00:58.627Z] [INDEXING-ORCHESTRATOR] [DEBUG] ⬆️  Upserting 10 vectors to namespace: mcp_14dbd7dc7fa8a0fa
[2025-11-05T08:01:00.010Z] [2025-11-05T08:01:00.009Z] [INDEXING-ORCHESTRATOR] [WARN] ⚠️ Skipping batch 4 after retries failed. Continuing with remaining batches.
[2025-11-05T08:01:00.010Z] [2025-11-05T08:01:00.009Z] [INDEXING-ORCHESTRATOR] [WARN] Skipped batch error: "Turbopuffer upsert error (400): {\"error\":\"💔 This upsert contains duplicate document IDs and was not written. You should ensure that individual upserts do not include duplicate documents. The duplicated IDs in this batch were the following: c:\\\\Users\\\\RakaThinkpad\\\\Documents\\\\Project\\\\educatedplanet\\\\admin\",\"status\":\"error\"}"
[2025-11-05T08:01:00.011Z] [2025-11-05T08:01:00.009Z] [INDEXING-ORCHESTRATOR] [INFO] 📦 Processing batch 5/46 (10 chunks)
[2025-11-05T08:01:00.011Z] [2025-11-05T08:01:00.009Z] [INDEXING-ORCHESTRATOR] [DEBUG] 🧠 Generating embeddings for 10 chunks...
[2025-11-05T08:01:02.595Z] [2025-11-05T08:01:02.594Z] [INDEXING-ORCHESTRATOR] [DEBUG] ✅ Generated 10 embeddings
[2025-11-05T08:01:02.595Z] [2025-11-05T08:01:02.594Z] [INDEXING-ORCHESTRATOR] [DEBUG] ⬆️  Upserting 10 vectors to namespace: mcp_14dbd7dc7fa8a0fa
[2025-11-05T08:01:03.758Z] [2025-11-05T08:01:03.758Z] [INDEXING-ORCHESTRATOR] [WARN] ⚠️ Skipping batch 5 after retries failed. Continuing with remaining batches.
[2025-11-05T08:01:03.758Z] [2025-11-05T08:01:03.758Z] [INDEXING-ORCHESTRATOR] [WARN] Skipped batch error: "Turbopuffer upsert error (400): {\"error\":\"💔 This upsert contains duplicate document IDs and was not written. You should ensure that individual upserts do not include duplicate documents. The duplicated IDs in this batch were the following: c:\\\\Users\\\\RakaThinkpad\\\\Documents\\\\Project\\\\educatedplanet\\\\admin\",\"status\":\"error\"}"
[2025-11-05T08:01:03.759Z] [2025-11-05T08:01:03.758Z] [INDEXING-ORCHESTRATOR] [INFO] 📦 Processing batch 6/46 (10 chunks)
[2025-11-05T08:01:03.759Z] [2025-11-05T08:01:03.758Z] [INDEXING-ORCHESTRATOR] [DEBUG] 🧠 Generating embeddings for 10 chunks...
[2025-11-05T08:01:06.643Z] [2025-11-05T08:01:06.642Z] [INDEXING-ORCHESTRATOR] [DEBUG] ✅ Generated 10 embeddings
[2025-11-05T08:01:06.643Z] [2025-11-05T08:01:06.643Z] [INDEXING-ORCHESTRATOR] [DEBUG] ⬆️  Upserting 10 vectors to namespace: mcp_14dbd7dc7fa8a0fa
[2025-11-05T08:01:07.885Z] [2025-11-05T08:01:07.884Z] [INDEXING-ORCHESTRATOR] [WARN] ⚠️ Skipping batch 6 after retries failed. Continuing with remaining batches.
[2025-11-05T08:01:07.885Z] [2025-11-05T08:01:07.884Z] [INDEXING-ORCHESTRATOR] [WARN] Skipped batch error: "Turbopuffer upsert error (400): {\"error\":\"💔 This upsert contains duplicate document IDs and was not written. You should ensure that individual upserts do not include duplicate documents. The duplicated IDs in this batch were the following: c:\\\\Users\\\\RakaThinkpad\\\\Documents\\\\Project\\\\educatedplanet\\\\admin\",\"status\":\"error\"}"
[2025-11-05T08:01:07.885Z] [2025-11-05T08:01:07.884Z] [INDEXING-ORCHESTRATOR] [INFO] 📦 Processing batch 7/46 (10 chunks)
[2025-11-05T08:01:07.885Z] [2025-11-05T08:01:07.884Z] [INDEXING-ORCHESTRATOR] [DEBUG] 🧠 Generating embeddings for 10 chunks...
[2025-11-05T08:01:10.433Z] [2025-11-05T08:01:10.432Z] [INDEXING-ORCHESTRATOR] [DEBUG] ✅ Generated 10 embeddings
[2025-11-05T08:01:10.433Z] [2025-11-05T08:01:10.433Z] [INDEXING-ORCHESTRATOR] [DEBUG] ⬆️  Upserting 10 vectors to namespace: mcp_14dbd7dc7fa8a0fa
[2025-11-05T08:01:11.608Z] [2025-11-05T08:01:11.608Z] [INDEXING-ORCHESTRATOR] [WARN] ⚠️ Skipping batch 7 after retries failed. Continuing with remaining batches.
[2025-11-05T08:01:11.609Z] [2025-11-05T08:01:11.608Z] [INDEXING-ORCHESTRATOR] [WARN] Skipped batch error: "Turbopuffer upsert error (400): {\"error\":\"💔 This upsert contains duplicate document IDs and was not written. You should ensure that individual upserts do not include duplicate documents. The duplicated IDs in this batch were the following: c:\\\\Users\\\\RakaThinkpad\\\\Documents\\\\Project\\\\educatedplanet\\\\admin\",\"status\":\"error\"}"
[2025-11-05T08:01:11.609Z] [2025-11-05T08:01:11.608Z] [INDEXING-ORCHESTRATOR] [INFO] 📦 Processing batch 8/46 (10 chunks)
[2025-11-05T08:01:11.609Z] [2025-11-05T08:01:11.608Z] [INDEXING-ORCHESTRATOR] [DEBUG] 🧠 Generating embeddings for 10 chunks...
[2025-11-05T08:01:14.278Z] [2025-11-05T08:01:14.276Z] [INDEXING-ORCHESTRATOR] [DEBUG] ✅ Generated 10 embeddings
[2025-11-05T08:01:14.278Z] [2025-11-05T08:01:14.277Z] [INDEXING-ORCHESTRATOR] [DEBUG] ⬆️  Upserting 10 vectors to namespace: mcp_14dbd7dc7fa8a0fa
[2025-11-05T08:01:15.449Z] [2025-11-05T08:01:15.448Z] [INDEXING-ORCHESTRATOR] [WARN] ⚠️ Skipping batch 8 after retries failed. Continuing with remaining batches.
[2025-11-05T08:01:15.449Z] [2025-11-05T08:01:15.448Z] [INDEXING-ORCHESTRATOR] [WARN] Skipped batch error: "Turbopuffer upsert error (400): {\"error\":\"💔 This upsert contains duplicate document IDs and was not written. You should ensure that individual upserts do not include duplicate documents. The duplicated IDs in this batch were the following: c:\\\\Users\\\\RakaThinkpad\\\\Documents\\\\Project\\\\educatedplanet\\\\admin\",\"status\":\"error\"}"
[2025-11-05T08:01:15.450Z] [2025-11-05T08:01:15.448Z] [INDEXING-ORCHESTRATOR] [INFO] 📦 Processing batch 9/46 (10 chunks)
[2025-11-05T08:01:15.450Z] [2025-11-05T08:01:15.448Z] [INDEXING-ORCHESTRATOR] [DEBUG] 🧠 Generating embeddings for 10 chunks...
[2025-11-05T08:01:20.006Z] [2025-11-05T08:01:20.004Z] [INDEXING-ORCHESTRATOR] [DEBUG] ✅ Generated 10 embeddings
[2025-11-05T08:01:20.006Z] [2025-11-05T08:01:20.004Z] [INDEXING-ORCHESTRATOR] [DEBUG] ⬆️  Upserting 10 vectors to namespace: mcp_14dbd7dc7fa8a0fa
[2025-11-05T08:01:21.300Z] [2025-11-05T08:01:21.298Z] [INDEXING-ORCHESTRATOR] [WARN] ⚠️ Skipping batch 9 after retries failed. Continuing with remaining batches.
[2025-11-05T08:01:21.300Z] [2025-11-05T08:01:21.298Z] [INDEXING-ORCHESTRATOR] [WARN] Skipped batch error: "Turbopuffer upsert error (400): {\"error\":\"💔 This upsert contains duplicate document IDs and was not written. You should ensure that individual upserts do not include duplicate documents. The duplicated IDs in this batch were the following: c:\\\\Users\\\\RakaThinkpad\\\\Documents\\\\Project\\\\educatedplanet\\\\admin\",\"status\":\"error\"}"
[2025-11-05T08:01:21.300Z] [2025-11-05T08:01:21.299Z] [INDEXING-ORCHESTRATOR] [INFO] 📦 Processing batch 10/46 (10 chunks)
[2025-11-05T08:01:21.300Z] [2025-11-05T08:01:21.299Z] [INDEXING-ORCHESTRATOR] [DEBUG] 🧠 Generating embeddings for 10 chunks...
[2025-11-05T08:01:25.135Z] [2025-11-05T08:01:25.133Z] [INDEXING-ORCHESTRATOR] [DEBUG] ✅ Generated 10 embeddings
[2025-11-05T08:01:25.135Z] [2025-11-05T08:01:25.133Z] [INDEXING-ORCHESTRATOR] [DEBUG] ⬆️  Upserting 10 vectors to namespace: mcp_14dbd7dc7fa8a0fa
[2025-11-05T08:01:26.344Z] [2025-11-05T08:01:26.342Z] [INDEXING-ORCHESTRATOR] [WARN] ⚠️ Skipping batch 10 after retries failed. Continuing with remaining batches.
[2025-11-05T08:01:26.344Z] [2025-11-05T08:01:26.342Z] [INDEXING-ORCHESTRATOR] [WARN] Skipped batch error: "Turbopuffer upsert error (400): {\"error\":\"💔 This upsert contains duplicate document IDs and was not written. You should ensure that individual upserts do not include duplicate documents. The duplicated IDs in this batch were the following: c:\\\\Users\\\\RakaThinkpad\\\\Documents\\\\Project\\\\educatedplanet\\\\admin\",\"status\":\"error\"}"
[2025-11-05T08:01:26.344Z] [2025-11-05T08:01:26.342Z] [INDEXING-ORCHESTRATOR] [INFO] 📦 Processing batch 11/46 (10 chunks)
[2025-11-05T08:01:26.344Z] [2025-11-05T08:01:26.342Z] [INDEXING-ORCHESTRATOR] [DEBUG] 🧠 Generating embeddings for 10 chunks...
[2025-11-05T08:01:30.478Z] [2025-11-05T08:01:30.476Z] [INDEXING-ORCHESTRATOR] [DEBUG] ✅ Generated 10 embeddings
[2025-11-05T08:01:30.478Z] [2025-11-05T08:01:30.476Z] [INDEXING-ORCHESTRATOR] [DEBUG] ⬆️  Upserting 10 vectors to namespace: mcp_14dbd7dc7fa8a0fa
[2025-11-05T08:01:31.854Z] [2025-11-05T08:01:31.852Z] [INDEXING-ORCHESTRATOR] [WARN] ⚠️ Skipping batch 11 after retries failed. Continuing with remaining batches.
[2025-11-05T08:01:31.854Z] [2025-11-05T08:01:31.852Z] [INDEXING-ORCHESTRATOR] [WARN] Skipped batch error: "Turbopuffer upsert error (400): {\"error\":\"💔 This upsert contains duplicate document IDs and was not written. You should ensure that individual upserts do not include duplicate documents. The duplicated IDs in this batch were the following: c:\\\\Users\\\\RakaThinkpad\\\\Documents\\\\Project\\\\educatedplanet\\\\admin\",\"status\":\"error\"}"
[2025-11-05T08:01:31.854Z] [2025-11-05T08:01:31.852Z] [INDEXING-ORCHESTRATOR] [INFO] 📦 Processing batch 12/46 (10 chunks)
[2025-11-05T08:01:31.854Z] [2025-11-05T08:01:31.852Z] [INDEXING-ORCHESTRATOR] [DEBUG] 🧠 Generating embeddings for 10 chunks...
[2025-11-05T08:01:33.930Z] [2025-11-05T08:01:33.931Z] [INDEXING-ORCHESTRATOR] [DEBUG] ✅ Generated 10 embeddings
[2025-11-05T08:01:33.931Z] [2025-11-05T08:01:33.931Z] [INDEXING-ORCHESTRATOR] [DEBUG] ⬆️  Upserting 10 vectors to namespace: mcp_14dbd7dc7fa8a0fa
[2025-11-05T08:01:35.089Z] [2025-11-05T08:01:35.089Z] [INDEXING-ORCHESTRATOR] [WARN] ⚠️ Skipping batch 12 after retries failed. Continuing with remaining batches.
[2025-11-05T08:01:35.089Z] [2025-11-05T08:01:35.089Z] [INDEXING-ORCHESTRATOR] [WARN] Skipped batch error: "Turbopuffer upsert error (400): {\"error\":\"💔 This upsert contains duplicate document IDs and was not written. You should ensure that individual upserts do not include duplicate documents. The duplicated IDs in this batch were the following: c:\\\\Users\\\\RakaThinkpad\\\\Documents\\\\Project\\\\educatedplanet\\\\admin\",\"status\":\"error\"}"
[2025-11-05T08:01:35.089Z] [2025-11-05T08:01:35.089Z] [INDEXING-ORCHESTRATOR] [INFO] 📦 Processing batch 13/46 (10 chunks)
[2025-11-05T08:01:35.089Z] [2025-11-05T08:01:35.090Z] [INDEXING-ORCHESTRATOR] [DEBUG] 🧠 Generating embeddings for 10 chunks...
[2025-11-05T08:01:37.207Z] [2025-11-05T08:01:37.207Z] [INDEXING-ORCHESTRATOR] [DEBUG] ✅ Generated 10 embeddings
[2025-11-05T08:01:37.207Z] [2025-11-05T08:01:37.207Z] [INDEXING-ORCHESTRATOR] [DEBUG] ⬆️  Upserting 10 vectors to namespace: mcp_14dbd7dc7fa8a0fa
[2025-11-05T08:01:38.406Z] [2025-11-05T08:01:38.407Z] [INDEXING-ORCHESTRATOR] [WARN] ⚠️ Skipping batch 13 after retries failed. Continuing with remaining batches.
[2025-11-05T08:01:38.406Z] [2025-11-05T08:01:38.407Z] [INDEXING-ORCHESTRATOR] [WARN] Skipped batch error: "Turbopuffer upsert error (400): {\"error\":\"💔 This upsert contains duplicate document IDs and was not written. You should ensure that individual upserts do not include duplicate documents. The duplicated IDs in this batch were the following: c:\\\\Users\\\\RakaThinkpad\\\\Documents\\\\Project\\\\educatedplanet\\\\admin\",\"status\":\"error\"}"
[2025-11-05T08:01:38.406Z] [2025-11-05T08:01:38.407Z] [INDEXING-ORCHESTRATOR] [INFO] 📦 Processing batch 14/46 (10 chunks)
[2025-11-05T08:01:38.406Z] [2025-11-05T08:01:38.407Z] [INDEXING-ORCHESTRATOR] [DEBUG] 🧠 Generating embeddings for 10 chunks...
[2025-11-05T08:01:40.477Z] [2025-11-05T08:01:40.478Z] [INDEXING-ORCHESTRATOR] [DEBUG] ✅ Generated 10 embeddings
[2025-11-05T08:01:40.477Z] [2025-11-05T08:01:40.478Z] [INDEXING-ORCHESTRATOR] [DEBUG] ⬆️  Upserting 10 vectors to namespace: mcp_14dbd7dc7fa8a0fa
[2025-11-05T08:01:41.680Z] [2025-11-05T08:01:41.681Z] [INDEXING-ORCHESTRATOR] [WARN] ⚠️ Skipping batch 14 after retries failed. Continuing with remaining batches.
[2025-11-05T08:01:41.680Z] [2025-11-05T08:01:41.681Z] [INDEXING-ORCHESTRATOR] [WARN] Skipped batch error: "Turbopuffer upsert error (400): {\"error\":\"💔 This upsert contains duplicate document IDs and was not written. You should ensure that individual upserts do not include duplicate documents. The duplicated IDs in this batch were the following: c:\\\\Users\\\\RakaThinkpad\\\\Documents\\\\Project\\\\educatedplanet\\\\admin\",\"status\":\"error\"}"
[2025-11-05T08:01:41.682Z] [2025-11-05T08:01:41.681Z] [INDEXING-ORCHESTRATOR] [INFO] 📦 Processing batch 15/46 (10 chunks)
[2025-11-05T08:01:41.682Z] [2025-11-05T08:01:41.682Z] [INDEXING-ORCHESTRATOR] [DEBUG] 🧠 Generating embeddings for 10 chunks...
[2025-11-05T08:01:43.847Z] [2025-11-05T08:01:43.847Z] [INDEXING-ORCHESTRATOR] [DEBUG] ✅ Generated 10 embeddings
[2025-11-05T08:01:43.848Z] [2025-11-05T08:01:43.848Z] [INDEXING-ORCHESTRATOR] [DEBUG] ⬆️  Upserting 10 vectors to namespace: mcp_14dbd7dc7fa8a0fa
[2025-11-05T08:01:45.161Z] [2025-11-05T08:01:45.162Z] [INDEXING-ORCHESTRATOR] [WARN] ⚠️ Skipping batch 15 after retries failed. Continuing with remaining batches.
[2025-11-05T08:01:45.161Z] [2025-11-05T08:01:45.162Z] [INDEXING-ORCHESTRATOR] [WARN] Skipped batch error: "Turbopuffer upsert error (400): {\"error\":\"💔 This upsert contains duplicate document IDs and was not written. You should ensure that individual upserts do not include duplicate documents. The duplicated IDs in this batch were the following: c:\\\\Users\\\\RakaThinkpad\\\\Documents\\\\Project\\\\educatedplanet\\\\admin\",\"status\":\"error\"}"
[2025-11-05T08:01:45.162Z] [2025-11-05T08:01:45.162Z] [INDEXING-ORCHESTRATOR] [INFO] 📦 Processing batch 16/46 (10 chunks)
[2025-11-05T08:01:45.162Z] [2025-11-05T08:01:45.162Z] [INDEXING-ORCHESTRATOR] [DEBUG] 🧠 Generating embeddings for 10 chunks...
[2025-11-05T08:01:47.235Z] [2025-11-05T08:01:47.236Z] [INDEXING-ORCHESTRATOR] [DEBUG] ✅ Generated 10 embeddings
[2025-11-05T08:01:47.235Z] [2025-11-05T08:01:47.236Z] [INDEXING-ORCHESTRATOR] [DEBUG] ⬆️  Upserting 10 vectors to namespace: mcp_14dbd7dc7fa8a0fa
[2025-11-05T08:01:48.411Z] [2025-11-05T08:01:48.412Z] [INDEXING-ORCHESTRATOR] [WARN] ⚠️ Skipping batch 16 after retries failed. Continuing with remaining batches.
[2025-11-05T08:01:48.411Z] [2025-11-05T08:01:48.412Z] [INDEXING-ORCHESTRATOR] [WARN] Skipped batch error: "Turbopuffer upsert error (400): {\"error\":\"💔 This upsert contains duplicate document IDs and was not written. You should ensure that individual upserts do not include duplicate documents. The duplicated IDs in this batch were the following: c:\\\\Users\\\\RakaThinkpad\\\\Documents\\\\Project\\\\educatedplanet\\\\admin\",\"status\":\"error\"}"
[2025-11-05T08:01:48.412Z] [2025-11-05T08:01:48.412Z] [INDEXING-ORCHESTRATOR] [INFO] 📦 Processing batch 17/46 (10 chunks)
[2025-11-05T08:01:48.412Z] [2025-11-05T08:01:48.412Z] [INDEXING-ORCHESTRATOR] [DEBUG] 🧠 Generating embeddings for 10 chunks...
[2025-11-05T08:01:51.375Z] [2025-11-05T08:01:51.376Z] [INDEXING-ORCHESTRATOR] [DEBUG] ✅ Generated 10 embeddings
[2025-11-05T08:01:51.375Z] [2025-11-05T08:01:51.376Z] [INDEXING-ORCHESTRATOR] [DEBUG] ⬆️  Upserting 10 vectors to namespace: mcp_14dbd7dc7fa8a0fa
[2025-11-05T08:01:52.738Z] [2025-11-05T08:01:52.739Z] [INDEXING-ORCHESTRATOR] [WARN] ⚠️ Skipping batch 17 after retries failed. Continuing with remaining batches.
[2025-11-05T08:01:52.738Z] [2025-11-05T08:01:52.739Z] [INDEXING-ORCHESTRATOR] [WARN] Skipped batch error: "Turbopuffer upsert error (400): {\"error\":\"💔 This upsert contains duplicate document IDs and was not written. You should ensure that individual upserts do not include duplicate documents. The duplicated IDs in this batch were the following: c:\\\\Users\\\\RakaThinkpad\\\\Documents\\\\Project\\\\educatedplanet\\\\admin\",\"status\":\"error\"}"
[2025-11-05T08:01:52.738Z] [2025-11-05T08:01:52.739Z] [INDEXING-ORCHESTRATOR] [INFO] 📦 Processing batch 18/46 (10 chunks)
[2025-11-05T08:01:52.738Z] [2025-11-05T08:01:52.739Z] [INDEXING-ORCHESTRATOR] [DEBUG] 🧠 Generating embeddings for 10 chunks...
[2025-11-05T08:01:54.836Z] [2025-11-05T08:01:54.836Z] [INDEXING-ORCHESTRATOR] [DEBUG] ✅ Generated 10 embeddings
[2025-11-05T08:01:54.836Z] [2025-11-05T08:01:54.837Z] [INDEXING-ORCHESTRATOR] [DEBUG] ⬆️  Upserting 10 vectors to namespace: mcp_14dbd7dc7fa8a0fa
[2025-11-05T08:01:56.217Z] [2025-11-05T08:01:56.218Z] [INDEXING-ORCHESTRATOR] [WARN] ⚠️ Skipping batch 18 after retries failed. Continuing with remaining batches.
[2025-11-05T08:01:56.217Z] [2025-11-05T08:01:56.218Z] [INDEXING-ORCHESTRATOR] [WARN] Skipped batch error: "Turbopuffer upsert error (400): {\"error\":\"💔 This upsert contains duplicate document IDs and was not written. You should ensure that individual upserts do not include duplicate documents. The duplicated IDs in this batch were the following: c:\\\\Users\\\\RakaThinkpad\\\\Documents\\\\Project\\\\educatedplanet\\\\admin\",\"status\":\"error\"}"
[2025-11-05T08:01:56.217Z] [2025-11-05T08:01:56.218Z] [INDEXING-ORCHESTRATOR] [INFO] 📦 Processing batch 19/46 (10 chunks)
[2025-11-05T08:01:56.217Z] [2025-11-05T08:01:56.218Z] [INDEXING-ORCHESTRATOR] [DEBUG] 🧠 Generating embeddings for 10 chunks...
[2025-11-05T08:01:58.298Z] [2025-11-05T08:01:58.299Z] [INDEXING-ORCHESTRATOR] [DEBUG] ✅ Generated 10 embeddings
[2025-11-05T08:01:58.298Z] [2025-11-05T08:01:58.299Z] [INDEXING-ORCHESTRATOR] [DEBUG] ⬆️  Upserting 10 vectors to namespace: mcp_14dbd7dc7fa8a0fa
[2025-11-05T08:01:59.494Z] [2025-11-05T08:01:59.495Z] [INDEXING-ORCHESTRATOR] [WARN] ⚠️ Skipping batch 19 after retries failed. Continuing with remaining batches.
[2025-11-05T08:01:59.494Z] [2025-11-05T08:01:59.495Z] [INDEXING-ORCHESTRATOR] [WARN] Skipped batch error: "Turbopuffer upsert error (400): {\"error\":\"💔 This upsert contains duplicate document IDs and was not written. You should ensure that individual upserts do not include duplicate documents. The duplicated IDs in this batch were the following: c:\\\\Users\\\\RakaThinkpad\\\\Documents\\\\Project\\\\educatedplanet\\\\admin\",\"status\":\"error\"}"
[2025-11-05T08:01:59.494Z] [2025-11-05T08:01:59.495Z] [INDEXING-ORCHESTRATOR] [INFO] 📦 Processing batch 20/46 (10 chunks)
[2025-11-05T08:01:59.494Z] [2025-11-05T08:01:59.495Z] [INDEXING-ORCHESTRATOR] [DEBUG] 🧠 Generating embeddings for 10 chunks...
[2025-11-05T08:02:01.515Z] [2025-11-05T08:02:01.516Z] [INDEXING-ORCHESTRATOR] [DEBUG] ✅ Generated 10 embeddings
[2025-11-05T08:02:01.515Z] [2025-11-05T08:02:01.516Z] [INDEXING-ORCHESTRATOR] [DEBUG] ⬆️  Upserting 10 vectors to namespace: mcp_14dbd7dc7fa8a0fa
[2025-11-05T08:02:02.658Z] [2025-11-05T08:02:02.659Z] [INDEXING-ORCHESTRATOR] [WARN] ⚠️ Skipping batch 20 after retries failed. Continuing with remaining batches.
[2025-11-05T08:02:02.658Z] [2025-11-05T08:02:02.659Z] [INDEXING-ORCHESTRATOR] [WARN] Skipped batch error: "Turbopuffer upsert error (400): {\"error\":\"💔 This upsert contains duplicate document IDs and was not written. You should ensure that individual upserts do not include duplicate documents. The duplicated IDs in this batch were the following: c:\\\\Users\\\\RakaThinkpad\\\\Documents\\\\Project\\\\educatedplanet\\\\admin\",\"status\":\"error\"}"
[2025-11-05T08:02:02.658Z] [2025-11-05T08:02:02.659Z] [INDEXING-ORCHESTRATOR] [INFO] 📦 Processing batch 21/46 (10 chunks)
[2025-11-05T08:02:02.658Z] [2025-11-05T08:02:02.659Z] [INDEXING-ORCHESTRATOR] [DEBUG] 🧠 Generating embeddings for 10 chunks...
[2025-11-05T08:02:05.924Z] [2025-11-05T08:02:05.925Z] [INDEXING-ORCHESTRATOR] [DEBUG] ✅ Generated 10 embeddings
[2025-11-05T08:02:05.925Z] [2025-11-05T08:02:05.925Z] [INDEXING-ORCHESTRATOR] [DEBUG] ⬆️  Upserting 10 vectors to namespace: mcp_14dbd7dc7fa8a0fa
[2025-11-05T08:02:07.184Z] [2025-11-05T08:02:07.185Z] [INDEXING-ORCHESTRATOR] [WARN] ⚠️ Skipping batch 21 after retries failed. Continuing with remaining batches.
[2025-11-05T08:02:07.184Z] [2025-11-05T08:02:07.185Z] [INDEXING-ORCHESTRATOR] [WARN] Skipped batch error: "Turbopuffer upsert error (400): {\"error\":\"💔 This upsert contains duplicate document IDs and was not written. You should ensure that individual upserts do not include duplicate documents. The duplicated IDs in this batch were the following: c:\\\\Users\\\\RakaThinkpad\\\\Documents\\\\Project\\\\educatedplanet\\\\admin\",\"status\":\"error\"}"
[2025-11-05T08:02:07.185Z] [2025-11-05T08:02:07.185Z] [INDEXING-ORCHESTRATOR] [INFO] 📦 Processing batch 22/46 (10 chunks)
[2025-11-05T08:02:07.185Z] [2025-11-05T08:02:07.185Z] [INDEXING-ORCHESTRATOR] [DEBUG] 🧠 Generating embeddings for 10 chunks...
[2025-11-05T08:02:09.258Z] [2025-11-05T08:02:09.259Z] [INDEXING-ORCHESTRATOR] [DEBUG] ✅ Generated 10 embeddings
[2025-11-05T08:02:09.258Z] [2025-11-05T08:02:09.259Z] [INDEXING-ORCHESTRATOR] [DEBUG] ⬆️  Upserting 10 vectors to namespace: mcp_14dbd7dc7fa8a0fa
[2025-11-05T08:02:10.454Z] [2025-11-05T08:02:10.454Z] [INDEXING-ORCHESTRATOR] [WARN] ⚠️ Skipping batch 22 after retries failed. Continuing with remaining batches.
[2025-11-05T08:02:10.454Z] [2025-11-05T08:02:10.455Z] [INDEXING-ORCHESTRATOR] [WARN] Skipped batch error: "Turbopuffer upsert error (400): {\"error\":\"💔 This upsert contains duplicate document IDs and was not written. You should ensure that individual upserts do not include duplicate documents. The duplicated IDs in this batch were the following: c:\\\\Users\\\\RakaThinkpad\\\\Documents\\\\Project\\\\educatedplanet\\\\admin\",\"status\":\"error\"}"
[2025-11-05T08:02:10.454Z] [2025-11-05T08:02:10.455Z] [INDEXING-ORCHESTRATOR] [INFO] 📦 Processing batch 23/46 (10 chunks)
[2025-11-05T08:02:10.455Z] [2025-11-05T08:02:10.455Z] [INDEXING-ORCHESTRATOR] [DEBUG] 🧠 Generating embeddings for 10 chunks...
