[2025-11-05T11:59:45.719Z] 🔧 Intelligent Context MCP Configuration:
[2025-11-05T11:59:45.720Z] ==================================================
[2025-11-05T11:59:45.720Z] 📊 Log Level: INFO
[2025-11-05T11:59:45.720Z] 🌟 Wildcard Backend: ✅ Enabled (all-in-one solution)
[2025-11-05T11:59:45.720Z] 🚀 Available Capabilities:
[2025-11-05T11:59:45.720Z] 🔄 Result Reranking: ✅ Enabled (via Wildcard)
[2025-11-05T11:59:45.720Z] 🔍 Vector Search: ✅ Enabled (via Wildcard)
[2025-11-05T11:59:45.720Z] 📐 Embeddings: ✅ Enabled (via Wildcard)
[2025-11-05T11:59:45.720Z] ==================================================
[2025-11-05T11:59:45.721Z] 🔧 Intelligent Context MCP Configuration:
[2025-11-05T11:59:45.721Z] ==================================================
[2025-11-05T11:59:45.721Z] 📊 Log Level: INFO
[2025-11-05T11:59:45.721Z] 🌟 Wildcard Backend: ✅ Enabled (all-in-one solution)
[2025-11-05T11:59:45.721Z] 🚀 Available Capabilities:
[2025-11-05T11:59:45.721Z] 🔄 Result Reranking: ✅ Enabled (via Wildcard)
[2025-11-05T11:59:45.721Z] 🔍 Vector Search: ✅ Enabled (via Wildcard)
[2025-11-05T11:59:45.721Z] 📐 Embeddings: ✅ Enabled (via Wildcard)
[2025-11-05T11:59:45.721Z] ==================================================
[2025-11-05T11:59:45.722Z] [DEBUG] NamespaceManagerService.initialize() called
[2025-11-05T11:59:45.723Z] [DEBUG] Loading registry from: C:\Users\RakaThinkpad\.codex-context\indexed-codebases.json
[2025-11-05T11:59:45.723Z] 🔧 Capabilities: {"reranking":false,"vectorSearch":false,"localBM25":true}
[2025-11-05T11:59:45.723Z] 🌐 Wildcard backend: ENABLED (using hosted Fastify backend)
[2025-11-05T11:59:45.723Z]    Base URL: https://deepcontext.mcp.wild-card.ai
[2025-11-05T11:59:45.723Z] ⚠️  Jina API key not provided - result reranking will be disabled
[2025-11-05T11:59:45.723Z] 💡 Set JINA_API_KEY environment variable to enable result reranking
[2025-11-05T11:59:45.723Z] [DEBUG] NamespaceManagerService.initialize() called
[2025-11-05T11:59:45.723Z] [DEBUG] Loading registry from: C:\Users\RakaThinkpad\.codex-context\indexed-codebases.json
[2025-11-05T11:59:45.724Z] [BACKGROUND] Starting indexing for: C:\Users\RakaThinkpad\Documents\Project\educatedplanet
[2025-11-05T11:59:45.724Z] [BACKGROUND] Using Wildcard API
[2025-11-05T11:59:45.724Z] [BACKGROUND] Wildcard API Key: 3de72897c9...
[2025-11-05T11:59:45.724Z] [BACKGROUND] Wildcard API URL: undefined
[2025-11-05T11:59:45.724Z] 🔧 Intelligent Context MCP Configuration:
[2025-11-05T11:59:45.724Z] ==================================================
[2025-11-05T11:59:45.724Z] 📊 Log Level: INFO
[2025-11-05T11:59:45.724Z] 🌟 Wildcard Backend: ✅ Enabled (all-in-one solution)
[2025-11-05T11:59:45.724Z] 🚀 Available Capabilities:
[2025-11-05T11:59:45.724Z] 🔄 Result Reranking: ✅ Enabled (via Wildcard)
[2025-11-05T11:59:45.724Z] 🔍 Vector Search: ✅ Enabled (via Wildcard)
[2025-11-05T11:59:45.724Z] 📐 Embeddings: ✅ Enabled (via Wildcard)
[2025-11-05T11:59:45.724Z] ==================================================
[2025-11-05T11:59:45.725Z] 🔧 Intelligent Context MCP Configuration:
[2025-11-05T11:59:45.725Z] ==================================================
[2025-11-05T11:59:45.725Z] 📊 Log Level: INFO
[2025-11-05T11:59:45.725Z] 🌟 Wildcard Backend: ✅ Enabled (all-in-one solution)
[2025-11-05T11:59:45.725Z] 🚀 Available Capabilities:
[2025-11-05T11:59:45.725Z] 🔄 Result Reranking: ✅ Enabled (via Wildcard)
[2025-11-05T11:59:45.725Z] 🔍 Vector Search: ✅ Enabled (via Wildcard)
[2025-11-05T11:59:45.725Z] 📐 Embeddings: ✅ Enabled (via Wildcard)
[2025-11-05T11:59:45.725Z] ==================================================
[2025-11-05T11:59:45.725Z] [BACKGROUND] Initialized successfully
[2025-11-05T11:59:45.725Z] [DEBUG] NamespaceManagerService.initialize() called
[2025-11-05T11:59:45.725Z] [DEBUG] Loading registry from: C:\Users\RakaThinkpad\.codex-context\indexed-codebases.json
[2025-11-05T11:59:45.726Z] [DEBUG] Successfully loaded 1 indexed codebases
[2025-11-05T11:59:45.728Z] [2025-11-05T11:59:45.727Z] [NamespaceManagerService] [INFO] 📂 Loaded 1 indexed codebases from disk
[2025-11-05T11:59:45.728Z] [DEBUG] NamespaceManagerService initialized with 1 indexed codebases
[2025-11-05T11:59:45.728Z] [2025-11-05T11:59:45.728Z] [NamespaceManagerService] [INFO] 🚀 NamespaceManagerService initialized with 1 indexed codebases
[2025-11-05T11:59:45.731Z] [DEBUG] Successfully loaded 1 indexed codebases
[2025-11-05T11:59:45.732Z] [2025-11-05T11:59:45.732Z] [NamespaceManagerService] [INFO] 📂 Loaded 1 indexed codebases from disk
[2025-11-05T11:59:45.732Z] [DEBUG] NamespaceManagerService initialized with 1 indexed codebases
[2025-11-05T11:59:45.732Z] [2025-11-05T11:59:45.732Z] [NamespaceManagerService] [INFO] 🚀 NamespaceManagerService initialized with 1 indexed codebases
[2025-11-05T11:59:45.732Z] [DEBUG] Successfully loaded 1 indexed codebases
[2025-11-05T11:59:45.732Z] [2025-11-05T11:59:45.732Z] [NamespaceManagerService] [INFO] 📂 Loaded 1 indexed codebases from disk
[2025-11-05T11:59:45.732Z] [DEBUG] NamespaceManagerService initialized with 1 indexed codebases
[2025-11-05T11:59:45.732Z] [2025-11-05T11:59:45.732Z] [NamespaceManagerService] [INFO] 🚀 NamespaceManagerService initialized with 1 indexed codebases
[2025-11-05T11:59:45.853Z] [2025-11-05T11:59:45.853Z] [TREESITTER-FULL] [INFO] ✅ Tree-sitter parsers initialized successfully (TypeScript, JavaScript, Python)
[2025-11-05T11:59:45.853Z] [2025-11-05T11:59:45.853Z] [TREESITTER-FULL] [INFO] ✅ Tree-sitter parsers initialized successfully (TypeScript, JavaScript, Python)
[2025-11-05T11:59:45.853Z] [2025-11-05T11:59:45.853Z] [TREESITTER-FULL] [INFO] ✅ Tree-sitter parsers initialized successfully (TypeScript, JavaScript, Python)
[2025-11-05T11:59:45.853Z] [2025-11-05T11:59:45.854Z] [STANDALONE-INTEGRATION] [INFO] Initialized with 1 indexed codebases
[2025-11-05T11:59:45.853Z] [2025-11-05T11:59:45.854Z] [STANDALONE-INTEGRATION] [INFO] Initialized with 1 indexed codebases
[2025-11-05T11:59:45.854Z] [2025-11-05T11:59:45.854Z] [STANDALONE-INTEGRATION] [INFO] Initialized with 1 indexed codebases
[2025-11-05T11:59:45.854Z] 🔍 Registry initialized successfully
[2025-11-05T11:59:45.855Z] [BACKGROUND] Namespace manager initialized
[2025-11-05T11:59:45.855Z] [BACKGROUND] About to start indexCodebase()...
[2025-11-05T11:59:45.855Z] [BACKGROUND] Codebase path: C:\Users\RakaThinkpad\Documents\Project\educatedplanet
[2025-11-05T11:59:45.855Z] [BACKGROUND] Force reindex: false
[2025-11-05T11:59:45.856Z] [2025-11-05T11:59:45.856Z] [INDEXING-ORCHESTRATOR] [INFO] 🚀 Starting indexing: C:\Users\RakaThinkpad\Documents\Project\educatedplanet
[2025-11-05T11:59:45.856Z] [2025-11-05T11:59:45.856Z] [INDEXING-ORCHESTRATOR] [DEBUG] 📋 Options: {"force":false,"filtering":true,"dependencies":true}
[2025-11-05T11:59:45.857Z] [2025-11-05T11:59:45.857Z] [TREESITTER-FULL] [INFO] ✅ Tree-sitter parsers initialized successfully (TypeScript, JavaScript, Python)
[2025-11-05T11:59:45.857Z] 🚀 Intelligent Context MCP Server ready!
[2025-11-05T11:59:45.857Z] 🔄 Result Reranking: ❌ Disabled
[2025-11-05T11:59:45.857Z] 📝 Local BM25 Search: ✅ Always Available
[2025-11-05T11:59:45.857Z] 🔌 Transport: stdio
[2025-11-05T11:59:45.885Z] [2025-11-05T11:59:45.885Z] [INDEXING-ORCHESTRATOR] [INFO] 🔍 Content filtering 237 files...
[2025-11-05T11:59:45.912Z] [2025-11-05T11:59:45.913Z] [INDEXING-ORCHESTRATOR] [DEBUG] 🚫 Filtered: admin\next-env.d.ts (Generated file)
[2025-11-05T11:59:45.974Z] [2025-11-05T11:59:45.974Z] [INDEXING-ORCHESTRATOR] [DEBUG] 🚫 Filtered: dataservice\src\datamodels\connections\database.d.ts (Generated file)
[2025-11-05T11:59:45.993Z] [2025-11-05T11:59:45.993Z] [INDEXING-ORCHESTRATOR] [DEBUG] 🚫 Filtered: dataservice\src\datamodels\connections\index.d.ts (Generated file)
[2025-11-05T11:59:45.993Z] [2025-11-05T11:59:45.993Z] [INDEXING-ORCHESTRATOR] [DEBUG] 🚫 Filtered: dataservice\src\datamodels\index.d.ts (Generated file)
[2025-11-05T11:59:45.993Z] [2025-11-05T11:59:45.993Z] [INDEXING-ORCHESTRATOR] [DEBUG] 🚫 Filtered: dataservice\src\datamodels\models\index.d.ts (Generated file)
[2025-11-05T11:59:45.993Z] [2025-11-05T11:59:45.993Z] [INDEXING-ORCHESTRATOR] [DEBUG] 🚫 Filtered: dataservice\src\datamodels\models\review.model.d.ts (Generated file)
[2025-11-05T11:59:45.993Z] [2025-11-05T11:59:45.993Z] [INDEXING-ORCHESTRATOR] [DEBUG] 🚫 Filtered: dataservice\src\datamodels\models\tutor.model.d.ts (Generated file)
[2025-11-05T11:59:45.993Z] [2025-11-05T11:59:45.993Z] [INDEXING-ORCHESTRATOR] [DEBUG] 🚫 Filtered: dataservice\src\datamodels\models\user.model.d.ts (Generated file)
[2025-11-05T11:59:45.993Z] [2025-11-05T11:59:45.993Z] [INDEXING-ORCHESTRATOR] [DEBUG] 🚫 Filtered: dataservice\src\datamodels\schemas\index.d.ts (Generated file)
[2025-11-05T11:59:45.993Z] [2025-11-05T11:59:45.993Z] [INDEXING-ORCHESTRATOR] [DEBUG] 🚫 Filtered: dataservice\src\datamodels\schemas\review-clean.schema.d.ts (Generated file)
[2025-11-05T11:59:45.993Z] [2025-11-05T11:59:45.993Z] [INDEXING-ORCHESTRATOR] [DEBUG] 🚫 Filtered: dataservice\src\datamodels\schemas\tutor-clean.schema.d.ts (Generated file)
[2025-11-05T11:59:45.993Z] [2025-11-05T11:59:45.993Z] [INDEXING-ORCHESTRATOR] [DEBUG] 🚫 Filtered: dataservice\src\datamodels\schemas\user-clean.schema.d.ts (Generated file)
[2025-11-05T11:59:45.993Z] [2025-11-05T11:59:45.993Z] [INDEXING-ORCHESTRATOR] [DEBUG] 🚫 Filtered: models\src\common\common.types.d.ts (Generated file)
[2025-11-05T11:59:45.993Z] [2025-11-05T11:59:45.993Z] [INDEXING-ORCHESTRATOR] [DEBUG] 🚫 Filtered: models\src\index.d.ts (Generated file)
[2025-11-05T11:59:45.993Z] [2025-11-05T11:59:45.993Z] [INDEXING-ORCHESTRATOR] [DEBUG] 🚫 Filtered: models\src\tutor\tutor.types.d.ts (Generated file)
[2025-11-05T11:59:45.993Z] [2025-11-05T11:59:45.993Z] [INDEXING-ORCHESTRATOR] [DEBUG] 🚫 Filtered: models\src\user\user.types.d.ts (Generated file)
[2025-11-05T11:59:46.011Z] [2025-11-05T11:59:46.011Z] [INDEXING-ORCHESTRATOR] [DEBUG] 🚫 Filtered: web\next-env.d.ts (Generated file)
[2025-11-05T11:59:46.011Z] [2025-11-05T11:59:46.011Z] [INDEXING-ORCHESTRATOR] [INFO] ✅ Content filtering complete: 220/237 files included
[2025-11-05T11:59:46.011Z] [2025-11-05T11:59:46.011Z] [INDEXING-ORCHESTRATOR] [INFO] 📝 Processing: 220 files
[2025-11-05T11:59:46.024Z] [2025-11-05T11:59:46.024Z] [TREESITTER-CHUNKER] [INFO] ✅ Tree-sitter chunker initialized successfully (TypeScript, JavaScript, Python)
[2025-11-05T11:59:46.033Z] [2025-11-05T11:59:46.033Z] [TREESITTER-CHUNKER] [INFO] Created 1 semantic chunks from C:\Users\RakaThinkpad\Documents\Project\educatedplanet\admin\postcss.config.mjs
[2025-11-05T11:59:46.036Z] [2025-11-05T11:59:46.036Z] [TREESITTER-FULL] [INFO] Extracted 1 symbols from C:\Users\RakaThinkpad\Documents\Project\educatedplanet\admin\postcss.config.mjs
[2025-11-05T11:59:46.036Z] [2025-11-05T11:59:46.036Z] [INDEXING-ORCHESTRATOR] [DEBUG] 🔍 Symbol extraction for C:\Users\RakaThinkpad\Documents\Project\educatedplanet\admin\postcss.config.mjs: 1 symbols, 0 imports
[2025-11-05T11:59:46.036Z] [2025-11-05T11:59:46.036Z] [INDEXING-ORCHESTRATOR] [DEBUG] 📍 Chunk 1-9: 1 candidate symbols
[2025-11-05T11:59:46.037Z] [2025-11-05T11:59:46.037Z] [INDEXING-ORCHESTRATOR] [DEBUG] ✅ Chunk symbols after filtering: 1 symbols - config
[2025-11-05T11:59:46.037Z] [2025-11-05T11:59:46.037Z] [INDEXING-ORCHESTRATOR] [DEBUG] Created 1 semantic chunks for C:\Users\RakaThinkpad\Documents\Project\educatedplanet\admin\postcss.config.mjs
[2025-11-05T11:59:46.037Z] [2025-11-05T11:59:46.037Z] [INDEXING-ORCHESTRATOR] [DEBUG] Average chunk size: 150 characters
[2025-11-05T11:59:46.054Z] [2025-11-05T11:59:46.054Z] [TREESITTER-CHUNKER] [INFO] Created 1 semantic chunks from C:\Users\RakaThinkpad\Documents\Project\educatedplanet\admin\eslint.config.mjs
[2025-11-05T11:59:46.083Z] [2025-11-05T11:59:46.083Z] [TREESITTER-FULL] [INFO] Extracted 0 symbols from C:\Users\RakaThinkpad\Documents\Project\educatedplanet\admin\eslint.config.mjs
[2025-11-05T11:59:46.084Z] [2025-11-05T11:59:46.084Z] [INDEXING-ORCHESTRATOR] [DEBUG] 🔍 Symbol extraction for C:\Users\RakaThinkpad\Documents\Project\educatedplanet\admin\eslint.config.mjs: 0 symbols, 11 imports
[2025-11-05T11:59:46.084Z] [2025-11-05T11:59:46.084Z] [INDEXING-ORCHESTRATOR] [DEBUG] 📍 Chunk 1-161: 0 candidate symbols
[2025-11-05T11:59:46.084Z] [2025-11-05T11:59:46.084Z] [INDEXING-ORCHESTRATOR] [DEBUG] ✅ Chunk symbols after filtering: 0 symbols - 
[2025-11-05T11:59:46.084Z] [2025-11-05T11:59:46.084Z] [INDEXING-ORCHESTRATOR] [DEBUG] Created 1 semantic chunks for C:\Users\RakaThinkpad\Documents\Project\educatedplanet\admin\eslint.config.mjs
[2025-11-05T11:59:46.084Z] [2025-11-05T11:59:46.084Z] [INDEXING-ORCHESTRATOR] [DEBUG] Average chunk size: 4929 characters
[2025-11-05T11:59:46.091Z] [2025-11-05T11:59:46.091Z] [TREESITTER-CHUNKER] [INFO] Created 2 semantic chunks from C:\Users\RakaThinkpad\Documents\Project\educatedplanet\admin\next.config.mjs
[2025-11-05T11:59:46.094Z] [2025-11-05T11:59:46.094Z] [TREESITTER-FULL] [INFO] Extracted 1 symbols from C:\Users\RakaThinkpad\Documents\Project\educatedplanet\admin\next.config.mjs
[2025-11-05T11:59:46.094Z] [2025-11-05T11:59:46.094Z] [INDEXING-ORCHESTRATOR] [DEBUG] 🔍 Symbol extraction for C:\Users\RakaThinkpad\Documents\Project\educatedplanet\admin\next.config.mjs: 1 symbols, 0 imports
[2025-11-05T11:59:46.094Z] [2025-11-05T11:59:46.094Z] [INDEXING-ORCHESTRATOR] [DEBUG] 📍 Chunk 8-16: 0 candidate symbols
[2025-11-05T11:59:46.094Z] [2025-11-05T11:59:46.094Z] [INDEXING-ORCHESTRATOR] [DEBUG] ✅ Chunk symbols after filtering: 0 symbols - 
[2025-11-05T11:59:46.094Z] [2025-11-05T11:59:46.094Z] [INDEXING-ORCHESTRATOR] [DEBUG] 📍 Chunk 17-20: 0 candidate symbols
[2025-11-05T11:59:46.094Z] [2025-11-05T11:59:46.094Z] [INDEXING-ORCHESTRATOR] [DEBUG] ✅ Chunk symbols after filtering: 0 symbols - 
[2025-11-05T11:59:46.094Z] [2025-11-05T11:59:46.094Z] [INDEXING-ORCHESTRATOR] [DEBUG] Created 2 semantic chunks for C:\Users\RakaThinkpad\Documents\Project\educatedplanet\admin\next.config.mjs
[2025-11-05T11:59:46.094Z] [2025-11-05T11:59:46.094Z] [INDEXING-ORCHESTRATOR] [DEBUG] Average chunk size: 99 characters
[2025-11-05T11:59:46.109Z] [2025-11-05T11:59:46.109Z] [TREESITTER-CHUNKER] [INFO] Created 1 semantic chunks from C:\Users\RakaThinkpad\Documents\Project\educatedplanet\admin\src\app\(external)\page.tsx
[2025-11-05T11:59:46.110Z] [2025-11-05T11:59:46.110Z] [TREESITTER-FULL] [INFO] Extracted 1 symbols from C:\Users\RakaThinkpad\Documents\Project\educatedplanet\admin\src\app\(external)\page.tsx
[2025-11-05T11:59:46.110Z] [2025-11-05T11:59:46.110Z] [INDEXING-ORCHESTRATOR] [DEBUG] 🔍 Symbol extraction for C:\Users\RakaThinkpad\Documents\Project\educatedplanet\admin\src\app\(external)\page.tsx: 1 symbols, 1 imports
[2025-11-05T11:59:46.110Z] [2025-11-05T11:59:46.110Z] [INDEXING-ORCHESTRATOR] [DEBUG] 📍 Chunk 3-6: 1 candidate symbols
[2025-11-05T11:59:46.110Z] [2025-11-05T11:59:46.110Z] [INDEXING-ORCHESTRATOR] [DEBUG] ✅ Chunk symbols after filtering: 1 symbols - Home
[2025-11-05T11:59:46.110Z] [2025-11-05T11:59:46.110Z] [INDEXING-ORCHESTRATOR] [DEBUG] Created 1 semantic chunks for C:\Users\RakaThinkpad\Documents\Project\educatedplanet\admin\src\app\(external)\page.tsx
[2025-11-05T11:59:46.110Z] [2025-11-05T11:59:46.110Z] [INDEXING-ORCHESTRATOR] [DEBUG] Average chunk size: 83 characters
[2025-11-05T11:59:46.127Z] [2025-11-05T11:59:46.127Z] [TREESITTER-CHUNKER] [INFO] Created 1 semantic chunks from C:\Users\RakaThinkpad\Documents\Project\educatedplanet\admin\src\app\(main)\auth\_components\register-form.tsx
[2025-11-05T11:59:46.166Z] [2025-11-05T11:59:46.166Z] [TREESITTER-FULL] [INFO] Extracted 3 symbols from C:\Users\RakaThinkpad\Documents\Project\educatedplanet\admin\src\app\(main)\auth\_components\register-form.tsx
[2025-11-05T11:59:46.167Z] [2025-11-05T11:59:46.166Z] [INDEXING-ORCHESTRATOR] [DEBUG] 🔍 Symbol extraction for C:\Users\RakaThinkpad\Documents\Project\educatedplanet\admin\src\app\(main)\auth\_components\register-form.tsx: 3 symbols, 7 imports
[2025-11-05T11:59:46.167Z] [2025-11-05T11:59:46.167Z] [INDEXING-ORCHESTRATOR] [DEBUG] 📍 Chunk 1-98: 3 candidate symbols
[2025-11-05T11:59:46.167Z] [2025-11-05T11:59:46.167Z] [INDEXING-ORCHESTRATOR] [DEBUG] ✅ Chunk symbols after filtering: 3 symbols - FormSchema, form, onSubmit
[2025-11-05T11:59:46.167Z] [2025-11-05T11:59:46.167Z] [INDEXING-ORCHESTRATOR] [DEBUG] Created 1 semantic chunks for C:\Users\RakaThinkpad\Documents\Project\educatedplanet\admin\src\app\(main)\auth\_components\register-form.tsx
[2025-11-05T11:59:46.167Z] [2025-11-05T11:59:46.167Z] [INDEXING-ORCHESTRATOR] [DEBUG] Average chunk size: 3120 characters
[2025-11-05T11:59:46.193Z] [2025-11-05T11:59:46.194Z] [TREESITTER-CHUNKER] [INFO] Created 1 semantic chunks from C:\Users\RakaThinkpad\Documents\Project\educatedplanet\admin\src\app\(main)\auth\_components\login-form.tsx
[2025-11-05T11:59:46.234Z] [2025-11-05T11:59:46.234Z] [TREESITTER-FULL] [INFO] Extracted 3 symbols from C:\Users\RakaThinkpad\Documents\Project\educatedplanet\admin\src\app\(main)\auth\_components\login-form.tsx
[2025-11-05T11:59:46.234Z] [2025-11-05T11:59:46.234Z] [INDEXING-ORCHESTRATOR] [DEBUG] 🔍 Symbol extraction for C:\Users\RakaThinkpad\Documents\Project\educatedplanet\admin\src\app\(main)\auth\_components\login-form.tsx: 3 symbols, 8 imports
[2025-11-05T11:59:46.234Z] [2025-11-05T11:59:46.234Z] [INDEXING-ORCHESTRATOR] [DEBUG] 📍 Chunk 1-100: 3 candidate symbols
[2025-11-05T11:59:46.234Z] [2025-11-05T11:59:46.234Z] [INDEXING-ORCHESTRATOR] [DEBUG] ✅ Chunk symbols after filtering: 3 symbols - FormSchema, form, onSubmit
[2025-11-05T11:59:46.234Z] [2025-11-05T11:59:46.234Z] [INDEXING-ORCHESTRATOR] [DEBUG] Created 1 semantic chunks for C:\Users\RakaThinkpad\Documents\Project\educatedplanet\admin\src\app\(main)\auth\_components\login-form.tsx
[2025-11-05T11:59:46.234Z] [2025-11-05T11:59:46.235Z] [INDEXING-ORCHESTRATOR] [DEBUG] Average chunk size: 3165 characters
[2025-11-05T11:59:46.244Z] [2025-11-05T11:59:46.244Z] [TREESITTER-CHUNKER] [INFO] Created 1 semantic chunks from C:\Users\RakaThinkpad\Documents\Project\educatedplanet\admin\src\app\(main)\auth\_components\social-auth\google-button.tsx
[2025-11-05T11:59:46.250Z] [2025-11-05T11:59:46.250Z] [TREESITTER-FULL] [INFO] Extracted 1 symbols from C:\Users\RakaThinkpad\Documents\Project\educatedplanet\admin\src\app\(main)\auth\_components\social-auth\google-button.tsx
[2025-11-05T11:59:46.250Z] [2025-11-05T11:59:46.250Z] [INDEXING-ORCHESTRATOR] [DEBUG] 🔍 Symbol extraction for C:\Users\RakaThinkpad\Documents\Project\educatedplanet\admin\src\app\(main)\auth\_components\social-auth\google-button.tsx: 1 symbols, 4 imports
[2025-11-05T11:59:46.250Z] [2025-11-05T11:59:46.250Z] [INDEXING-ORCHESTRATOR] [DEBUG] 📍 Chunk 7-14: 1 candidate symbols
[2025-11-05T11:59:46.250Z] [2025-11-05T11:59:46.250Z] [INDEXING-ORCHESTRATOR] [DEBUG] ✅ Chunk symbols after filtering: 1 symbols - GoogleButton
[2025-11-05T11:59:46.250Z] [2025-11-05T11:59:46.250Z] [INDEXING-ORCHESTRATOR] [DEBUG] Created 1 semantic chunks for C:\Users\RakaThinkpad\Documents\Project\educatedplanet\admin\src\app\(main)\auth\_components\social-auth\google-button.tsx
[2025-11-05T11:59:46.250Z] [2025-11-05T11:59:46.250Z] [INDEXING-ORCHESTRATOR] [DEBUG] Average chunk size: 277 characters
[2025-11-05T11:59:46.260Z] [2025-11-05T11:59:46.260Z] [TREESITTER-CHUNKER] [INFO] Created 1 semantic chunks from C:\Users\RakaThinkpad\Documents\Project\educatedplanet\admin\src\app\(main)\auth\v2\layout.tsx
[2025-11-05T11:59:46.274Z] [2025-11-05T11:59:46.273Z] [TREESITTER-FULL] [INFO] Extracted 0 symbols from C:\Users\RakaThinkpad\Documents\Project\educatedplanet\admin\src\app\(main)\auth\v2\layout.tsx
[2025-11-05T11:59:46.275Z] [2025-11-05T11:59:46.274Z] [INDEXING-ORCHESTRATOR] [DEBUG] 🔍 Symbol extraction for C:\Users\RakaThinkpad\Documents\Project\educatedplanet\admin\src\app\(main)\auth\v2\layout.tsx: 0 symbols, 4 imports
[2025-11-05T11:59:46.275Z] [2025-11-05T11:59:46.274Z] [INDEXING-ORCHESTRATOR] [DEBUG] 📍 Chunk 1-38: 0 candidate symbols
[2025-11-05T11:59:46.275Z] [2025-11-05T11:59:46.274Z] [INDEXING-ORCHESTRATOR] [DEBUG] ✅ Chunk symbols after filtering: 0 symbols - 
[2025-11-05T11:59:46.275Z] [2025-11-05T11:59:46.274Z] [INDEXING-ORCHESTRATOR] [DEBUG] Created 1 semantic chunks for C:\Users\RakaThinkpad\Documents\Project\educatedplanet\admin\src\app\(main)\auth\v2\layout.tsx
[2025-11-05T11:59:46.275Z] [2025-11-05T11:59:46.275Z] [INDEXING-ORCHESTRATOR] [DEBUG] Average chunk size: 1637 characters
[2025-11-05T11:59:46.282Z] [2025-11-05T11:59:46.282Z] [TREESITTER-CHUNKER] [INFO] Created 1 semantic chunks from C:\Users\RakaThinkpad\Documents\Project\educatedplanet\admin\src\app\(main)\auth\v1\login\page.tsx
[2025-11-05T11:59:46.320Z] [2025-11-05T11:59:46.319Z] [TREESITTER-FULL] [INFO] Extracted 1 symbols from C:\Users\RakaThinkpad\Documents\Project\educatedplanet\admin\src\app\(main)\auth\v1\login\page.tsx
[2025-11-05T11:59:46.322Z] [2025-11-05T11:59:46.320Z] [INDEXING-ORCHESTRATOR] [DEBUG] 🔍 Symbol extraction for C:\Users\RakaThinkpad\Documents\Project\educatedplanet\admin\src\app\(main)\auth\v1\login\page.tsx: 1 symbols, 4 imports
[2025-11-05T11:59:46.322Z] [2025-11-05T11:59:46.322Z] [INDEXING-ORCHESTRATOR] [DEBUG] 📍 Chunk 8-45: 1 candidate symbols
[2025-11-05T11:59:46.322Z] [2025-11-05T11:59:46.322Z] [INDEXING-ORCHESTRATOR] [DEBUG] ✅ Chunk symbols after filtering: 1 symbols - LoginV1
[2025-11-05T11:59:46.322Z] [2025-11-05T11:59:46.323Z] [INDEXING-ORCHESTRATOR] [DEBUG] Created 1 semantic chunks for C:\Users\RakaThinkpad\Documents\Project\educatedplanet\admin\src\app\(main)\auth\v1\login\page.tsx
[2025-11-05T11:59:46.322Z] [2025-11-05T11:59:46.323Z] [INDEXING-ORCHESTRATOR] [DEBUG] Average chunk size: 1571 characters
[2025-11-05T11:59:46.330Z] [2025-11-05T11:59:46.330Z] [TREESITTER-CHUNKER] [INFO] Created 1 semantic chunks from C:\Users\RakaThinkpad\Documents\Project\educatedplanet\admin\src\app\(main)\auth\v1\register\page.tsx
[2025-11-05T11:59:46.356Z] [2025-11-05T11:59:46.356Z] [TREESITTER-FULL] [INFO] Extracted 1 symbols from C:\Users\RakaThinkpad\Documents\Project\educatedplanet\admin\src\app\(main)\auth\v1\register\page.tsx
[2025-11-05T11:59:46.356Z] [2025-11-05T11:59:46.356Z] [INDEXING-ORCHESTRATOR] [DEBUG] 🔍 Symbol extraction for C:\Users\RakaThinkpad\Documents\Project\educatedplanet\admin\src\app\(main)\auth\v1\register\page.tsx: 1 symbols, 4 imports
[2025-11-05T11:59:46.356Z] [2025-11-05T11:59:46.356Z] [INDEXING-ORCHESTRATOR] [DEBUG] 📍 Chunk 8-45: 1 candidate symbols
[2025-11-05T11:59:46.356Z] [2025-11-05T11:59:46.356Z] [INDEXING-ORCHESTRATOR] [DEBUG] ✅ Chunk symbols after filtering: 1 symbols - RegisterV1
[2025-11-05T11:59:46.356Z] [2025-11-05T11:59:46.356Z] [INDEXING-ORCHESTRATOR] [DEBUG] Created 1 semantic chunks for C:\Users\RakaThinkpad\Documents\Project\educatedplanet\admin\src\app\(main)\auth\v1\register\page.tsx
[2025-11-05T11:59:46.356Z] [2025-11-05T11:59:46.356Z] [INDEXING-ORCHESTRATOR] [DEBUG] Average chunk size: 1593 characters
[2025-11-05T11:59:46.356Z] [2025-11-05T11:59:46.357Z] [INDEXING-ORCHESTRATOR] [DEBUG] 📊 Processed: 10/220 files
[2025-11-05T11:59:46.367Z] [2025-11-05T11:59:46.367Z] [TREESITTER-CHUNKER] [INFO] Created 1 semantic chunks from C:\Users\RakaThinkpad\Documents\Project\educatedplanet\admin\src\app\(main)\auth\v2\login\page.tsx
[2025-11-05T11:59:46.383Z] [2025-11-05T11:59:46.383Z] [TREESITTER-FULL] [INFO] Extracted 1 symbols from C:\Users\RakaThinkpad\Documents\Project\educatedplanet\admin\src\app\(main)\auth\v2\login\page.tsx
[2025-11-05T11:59:46.387Z] [2025-11-05T11:59:46.383Z] [INDEXING-ORCHESTRATOR] [DEBUG] 🔍 Symbol extraction for C:\Users\RakaThinkpad\Documents\Project\educatedplanet\admin\src\app\(main)\auth\v2\login\page.tsx: 1 symbols, 5 imports
[2025-11-05T11:59:46.388Z] [2025-11-05T11:59:46.383Z] [INDEXING-ORCHESTRATOR] [DEBUG] 📍 Chunk 10-45: 1 candidate symbols
[2025-11-05T11:59:46.388Z] [2025-11-05T11:59:46.383Z] [INDEXING-ORCHESTRATOR] [DEBUG] ✅ Chunk symbols after filtering: 1 symbols - LoginV2
[2025-11-05T11:59:46.388Z] [2025-11-05T11:59:46.383Z] [INDEXING-ORCHESTRATOR] [DEBUG] Created 1 semantic chunks for C:\Users\RakaThinkpad\Documents\Project\educatedplanet\admin\src\app\(main)\auth\v2\login\page.tsx
[2025-11-05T11:59:46.388Z] [2025-11-05T11:59:46.383Z] [INDEXING-ORCHESTRATOR] [DEBUG] Average chunk size: 1443 characters
[2025-11-05T11:59:46.396Z] [2025-11-05T11:59:46.397Z] [TREESITTER-CHUNKER] [INFO] Created 1 semantic chunks from C:\Users\RakaThinkpad\Documents\Project\educatedplanet\admin\src\app\(main)\auth\v2\register\page.tsx
[2025-11-05T11:59:46.415Z] [2025-11-05T11:59:46.415Z] [TREESITTER-FULL] [INFO] Extracted 1 symbols from C:\Users\RakaThinkpad\Documents\Project\educatedplanet\admin\src\app\(main)\auth\v2\register\page.tsx
[2025-11-05T11:59:46.415Z] [2025-11-05T11:59:46.415Z] [INDEXING-ORCHESTRATOR] [DEBUG] 🔍 Symbol extraction for C:\Users\RakaThinkpad\Documents\Project\educatedplanet\admin\src\app\(main)\auth\v2\register\page.tsx: 1 symbols, 5 imports
[2025-11-05T11:59:46.415Z] [2025-11-05T11:59:46.415Z] [INDEXING-ORCHESTRATOR] [DEBUG] 📍 Chunk 10-45: 1 candidate symbols
[2025-11-05T11:59:46.415Z] [2025-11-05T11:59:46.415Z] [INDEXING-ORCHESTRATOR] [DEBUG] ✅ Chunk symbols after filtering: 1 symbols - RegisterV2
[2025-11-05T11:59:46.415Z] [2025-11-05T11:59:46.415Z] [INDEXING-ORCHESTRATOR] [DEBUG] Created 1 semantic chunks for C:\Users\RakaThinkpad\Documents\Project\educatedplanet\admin\src\app\(main)\auth\v2\register\page.tsx
[2025-11-05T11:59:46.415Z] [2025-11-05T11:59:46.415Z] [INDEXING-ORCHESTRATOR] [DEBUG] Average chunk size: 1441 characters
[2025-11-05T11:59:46.423Z] [2025-11-05T11:59:46.423Z] [TREESITTER-CHUNKER] [INFO] Created 1 semantic chunks from C:\Users\RakaThinkpad\Documents\Project\educatedplanet\admin\src\app\(main)\dashboard\[...not-found]\page.tsx
[2025-11-05T11:59:46.428Z] [2025-11-05T11:59:46.428Z] [TREESITTER-FULL] [INFO] Extracted 1 symbols from C:\Users\RakaThinkpad\Documents\Project\educatedplanet\admin\src\app\(main)\dashboard\[...not-found]\page.tsx
[2025-11-05T11:59:46.428Z] [2025-11-05T11:59:46.428Z] [INDEXING-ORCHESTRATOR] [DEBUG] 🔍 Symbol extraction for C:\Users\RakaThinkpad\Documents\Project\educatedplanet\admin\src\app\(main)\dashboard\[...not-found]\page.tsx: 1 symbols, 0 imports
[2025-11-05T11:59:46.428Z] [2025-11-05T11:59:46.428Z] [INDEXING-ORCHESTRATOR] [DEBUG] 📍 Chunk 3-10: 1 candidate symbols
[2025-11-05T11:59:46.428Z] [2025-11-05T11:59:46.428Z] [INDEXING-ORCHESTRATOR] [DEBUG] ✅ Chunk symbols after filtering: 1 symbols - DashboardNotFound
[2025-11-05T11:59:46.428Z] [2025-11-05T11:59:46.428Z] [INDEXING-ORCHESTRATOR] [DEBUG] Created 1 semantic chunks for C:\Users\RakaThinkpad\Documents\Project\educatedplanet\admin\src\app\(main)\dashboard\[...not-found]\page.tsx
[2025-11-05T11:59:46.428Z] [2025-11-05T11:59:46.428Z] [INDEXING-ORCHESTRATOR] [DEBUG] Average chunk size: 318 characters
[2025-11-05T11:59:46.442Z] [2025-11-05T11:59:46.442Z] [TREESITTER-CHUNKER] [INFO] Created 1 semantic chunks from C:\Users\RakaThinkpad\Documents\Project\educatedplanet\admin\src\app\(main)\dashboard\_components\sidebar\nav-documents.tsx
[2025-11-05T11:59:46.489Z] [2025-11-05T11:59:46.489Z] [TREESITTER-FULL] [INFO] Extracted 1 symbols from C:\Users\RakaThinkpad\Documents\Project\educatedplanet\admin\src\app\(main)\dashboard\_components\sidebar\nav-documents.tsx
[2025-11-05T11:59:46.489Z] [2025-11-05T11:59:46.489Z] [INDEXING-ORCHESTRATOR] [DEBUG] 🔍 Symbol extraction for C:\Users\RakaThinkpad\Documents\Project\educatedplanet\admin\src\app\(main)\dashboard\_components\sidebar\nav-documents.tsx: 1 symbols, 3 imports
[2025-11-05T11:59:46.489Z] [2025-11-05T11:59:46.489Z] [INDEXING-ORCHESTRATOR] [DEBUG] 📍 Chunk 22-83: 1 candidate symbols
[2025-11-05T11:59:46.489Z] [2025-11-05T11:59:46.489Z] [INDEXING-ORCHESTRATOR] [DEBUG] ✅ Chunk symbols after filtering: 1 symbols - NavDocuments
[2025-11-05T11:59:46.489Z] [2025-11-05T11:59:46.489Z] [INDEXING-ORCHESTRATOR] [DEBUG] Created 1 semantic chunks for C:\Users\RakaThinkpad\Documents\Project\educatedplanet\admin\src\app\(main)\dashboard\_components\sidebar\nav-documents.tsx
[2025-11-05T11:59:46.489Z] [2025-11-05T11:59:46.489Z] [INDEXING-ORCHESTRATOR] [DEBUG] Average chunk size: 2094 characters
[2025-11-05T11:59:46.495Z] [2025-11-05T11:59:46.495Z] [TREESITTER-CHUNKER] [INFO] Created 1 semantic chunks from C:\Users\RakaThinkpad\Documents\Project\educatedplanet\admin\src\app\(main)\dashboard\_components\sidebar\app-sidebar.tsx
[2025-11-05T11:59:46.512Z] [2025-11-05T11:59:46.512Z] [TREESITTER-FULL] [INFO] Extracted 2 symbols from C:\Users\RakaThinkpad\Documents\Project\educatedplanet\admin\src\app\(main)\dashboard\_components\sidebar\app-sidebar.tsx
[2025-11-05T11:59:46.512Z] [2025-11-05T11:59:46.512Z] [INDEXING-ORCHESTRATOR] [DEBUG] 🔍 Symbol extraction for C:\Users\RakaThinkpad\Documents\Project\educatedplanet\admin\src\app\(main)\dashboard\_components\sidebar\app-sidebar.tsx: 2 symbols, 9 imports
[2025-11-05T11:59:46.512Z] [2025-11-05T11:59:46.512Z] [INDEXING-ORCHESTRATOR] [DEBUG] 📍 Chunk 61-86: 1 candidate symbols
[2025-11-05T11:59:46.512Z] [2025-11-05T11:59:46.512Z] [INDEXING-ORCHESTRATOR] [DEBUG] ✅ Chunk symbols after filtering: 1 symbols - AppSidebar
[2025-11-05T11:59:46.512Z] [2025-11-05T11:59:46.512Z] [INDEXING-ORCHESTRATOR] [DEBUG] Created 1 semantic chunks for C:\Users\RakaThinkpad\Documents\Project\educatedplanet\admin\src\app\(main)\dashboard\_components\sidebar\app-sidebar.tsx
[2025-11-05T11:59:46.512Z] [2025-11-05T11:59:46.512Z] [INDEXING-ORCHESTRATOR] [DEBUG] Average chunk size: 925 characters
[2025-11-05T11:59:46.545Z] [2025-11-05T11:59:46.545Z] [TREESITTER-CHUNKER] [INFO] Created 2 semantic chunks from C:\Users\RakaThinkpad\Documents\Project\educatedplanet\admin\src\app\(main)\dashboard\_components\sidebar\nav-main.tsx
[2025-11-05T11:59:46.610Z] [2025-11-05T11:59:46.610Z] [TREESITTER-FULL] [INFO] Extracted 5 symbols from C:\Users\RakaThinkpad\Documents\Project\educatedplanet\admin\src\app\(main)\dashboard\_components\sidebar\nav-main.tsx
[2025-11-05T11:59:46.610Z] [2025-11-05T11:59:46.610Z] [INDEXING-ORCHESTRATOR] [DEBUG] 🔍 Symbol extraction for C:\Users\RakaThinkpad\Documents\Project\educatedplanet\admin\src\app\(main)\dashboard\_components\sidebar\nav-main.tsx: 5 symbols, 9 imports
[2025-11-05T11:59:46.610Z] [2025-11-05T11:59:46.610Z] [INDEXING-ORCHESTRATOR] [DEBUG] 📍 Chunk 31-33: 1 candidate symbols
[2025-11-05T11:59:46.610Z] [2025-11-05T11:59:46.610Z] [INDEXING-ORCHESTRATOR] [DEBUG] ✅ Chunk symbols after filtering: 1 symbols - NavMainProps
[2025-11-05T11:59:46.610Z] [2025-11-05T11:59:46.610Z] [INDEXING-ORCHESTRATOR] [DEBUG] 📍 Chunk 34-225: 4 candidate symbols
[2025-11-05T11:59:46.610Z] [2025-11-05T11:59:46.610Z] [INDEXING-ORCHESTRATOR] [DEBUG] ✅ Chunk symbols after filtering: 4 symbols - IsComingSoon, path, isItemActive, isSubmenuOpen
[2025-11-05T11:59:46.610Z] [2025-11-05T11:59:46.610Z] [INDEXING-ORCHESTRATOR] [DEBUG] Created 2 semantic chunks for C:\Users\RakaThinkpad\Documents\Project\educatedplanet\admin\src\app\(main)\dashboard\_components\sidebar\nav-main.tsx
[2025-11-05T11:59:46.610Z] [2025-11-05T11:59:46.610Z] [INDEXING-ORCHESTRATOR] [DEBUG] Average chunk size: 3706 characters
[2025-11-05T11:59:46.613Z] [2025-11-05T11:59:46.613Z] [TREESITTER-CHUNKER] [INFO] Created 1 semantic chunks from C:\Users\RakaThinkpad\Documents\Project\educatedplanet\admin\src\app\(main)\dashboard\_components\sidebar\nav-secondary.tsx
[2025-11-05T11:59:46.619Z] [2025-11-05T11:59:46.619Z] [TREESITTER-FULL] [INFO] Extracted 1 symbols from C:\Users\RakaThinkpad\Documents\Project\educatedplanet\admin\src\app\(main)\dashboard\_components\sidebar\nav-secondary.tsx
[2025-11-05T11:59:46.619Z] [2025-11-05T11:59:46.619Z] [INDEXING-ORCHESTRATOR] [DEBUG] 🔍 Symbol extraction for C:\Users\RakaThinkpad\Documents\Project\educatedplanet\admin\src\app\(main)\dashboard\_components\sidebar\nav-secondary.tsx: 1 symbols, 3 imports
[2025-11-05T11:59:46.619Z] [2025-11-05T11:59:46.619Z] [INDEXING-ORCHESTRATOR] [DEBUG] 📍 Chunk 15-43: 1 candidate symbols
[2025-11-05T11:59:46.619Z] [2025-11-05T11:59:46.619Z] [INDEXING-ORCHESTRATOR] [DEBUG] ✅ Chunk symbols after filtering: 1 symbols - NavSecondary
[2025-11-05T11:59:46.619Z] [2025-11-05T11:59:46.619Z] [INDEXING-ORCHESTRATOR] [DEBUG] Created 1 semantic chunks for C:\Users\RakaThinkpad\Documents\Project\educatedplanet\admin\src\app\(main)\dashboard\_components\sidebar\nav-secondary.tsx
[2025-11-05T11:59:46.619Z] [2025-11-05T11:59:46.619Z] [INDEXING-ORCHESTRATOR] [DEBUG] Average chunk size: 716 characters
[2025-11-05T11:59:46.633Z] [2025-11-05T11:59:46.633Z] [TREESITTER-CHUNKER] [INFO] Created 1 semantic chunks from C:\Users\RakaThinkpad\Documents\Project\educatedplanet\admin\src\app\(main)\dashboard\_components\sidebar\account-switcher.tsx
[2025-11-05T11:59:46.659Z] [2025-11-05T11:59:46.659Z] [TREESITTER-FULL] [INFO] Extracted 0 symbols from C:\Users\RakaThinkpad\Documents\Project\educatedplanet\admin\src\app\(main)\dashboard\_components\sidebar\account-switcher.tsx
[2025-11-05T11:59:46.659Z] [2025-11-05T11:59:46.659Z] [INDEXING-ORCHESTRATOR] [DEBUG] 🔍 Symbol extraction for C:\Users\RakaThinkpad\Documents\Project\educatedplanet\admin\src\app\(main)\dashboard\_components\sidebar\account-switcher.tsx: 0 symbols, 5 imports
[2025-11-05T11:59:46.659Z] [2025-11-05T11:59:46.659Z] [INDEXING-ORCHESTRATOR] [DEBUG] 📍 Chunk 1-82: 0 candidate symbols
[2025-11-05T11:59:46.659Z] [2025-11-05T11:59:46.659Z] [INDEXING-ORCHESTRATOR] [DEBUG] ✅ Chunk symbols after filtering: 0 symbols - 
[2025-11-05T11:59:46.659Z] [2025-11-05T11:59:46.659Z] [INDEXING-ORCHESTRATOR] [DEBUG] Created 1 semantic chunks for C:\Users\RakaThinkpad\Documents\Project\educatedplanet\admin\src\app\(main)\dashboard\_components\sidebar\account-switcher.tsx
[2025-11-05T11:59:46.659Z] [2025-11-05T11:59:46.659Z] [INDEXING-ORCHESTRATOR] [DEBUG] Average chunk size: 2748 characters
[2025-11-05T11:59:46.676Z] [2025-11-05T11:59:46.676Z] [TREESITTER-CHUNKER] [INFO] Created 1 semantic chunks from C:\Users\RakaThinkpad\Documents\Project\educatedplanet\admin\src\app\(main)\dashboard\_components\sidebar\nav-user.tsx
[2025-11-05T11:59:46.781Z] [2025-11-05T11:59:46.781Z] [TREESITTER-FULL] [INFO] Extracted 1 symbols from C:\Users\RakaThinkpad\Documents\Project\educatedplanet\admin\src\app\(main)\dashboard\_components\sidebar\nav-user.tsx
[2025-11-05T11:59:46.781Z] [2025-11-05T11:59:46.781Z] [INDEXING-ORCHESTRATOR] [DEBUG] 🔍 Symbol extraction for C:\Users\RakaThinkpad\Documents\Project\educatedplanet\admin\src\app\(main)\dashboard\_components\sidebar\nav-user.tsx: 1 symbols, 5 imports
[2025-11-05T11:59:46.781Z] [2025-11-05T11:59:46.781Z] [INDEXING-ORCHESTRATOR] [DEBUG] 📍 Chunk 18-92: 1 candidate symbols
[2025-11-05T11:59:46.781Z] [2025-11-05T11:59:46.781Z] [INDEXING-ORCHESTRATOR] [DEBUG] ✅ Chunk symbols after filtering: 1 symbols - NavUser
[2025-11-05T11:59:46.781Z] [2025-11-05T11:59:46.781Z] [INDEXING-ORCHESTRATOR] [DEBUG] Created 1 semantic chunks for C:\Users\RakaThinkpad\Documents\Project\educatedplanet\admin\src\app\(main)\dashboard\_components\sidebar\nav-user.tsx
[2025-11-05T11:59:46.781Z] [2025-11-05T11:59:46.781Z] [INDEXING-ORCHESTRATOR] [DEBUG] Average chunk size: 2906 characters
[2025-11-05T11:59:46.809Z] [2025-11-05T11:59:46.809Z] [TREESITTER-CHUNKER] [INFO] Created 1 semantic chunks from C:\Users\RakaThinkpad\Documents\Project\educatedplanet\admin\src\app\(main)\dashboard\_components\sidebar\search-dialog.tsx
[2025-11-05T11:59:46.850Z] [2025-11-05T11:59:46.850Z] [TREESITTER-FULL] [INFO] Extracted 1 symbols from C:\Users\RakaThinkpad\Documents\Project\educatedplanet\admin\src\app\(main)\dashboard\_components\sidebar\search-dialog.tsx
[2025-11-05T11:59:46.850Z] [2025-11-05T11:59:46.850Z] [INDEXING-ORCHESTRATOR] [DEBUG] 🔍 Symbol extraction for C:\Users\RakaThinkpad\Documents\Project\educatedplanet\admin\src\app\(main)\dashboard\_components\sidebar\search-dialog.tsx: 1 symbols, 4 imports
[2025-11-05T11:59:46.850Z] [2025-11-05T11:59:46.850Z] [INDEXING-ORCHESTRATOR] [DEBUG] 📍 Chunk 1-80: 1 candidate symbols
[2025-11-05T11:59:46.850Z] [2025-11-05T11:59:46.850Z] [INDEXING-ORCHESTRATOR] [DEBUG] ✅ Chunk symbols after filtering: 1 symbols - searchItems
[2025-11-05T11:59:46.850Z] [2025-11-05T11:59:46.850Z] [INDEXING-ORCHESTRATOR] [DEBUG] Created 1 semantic chunks for C:\Users\RakaThinkpad\Documents\Project\educatedplanet\admin\src\app\(main)\dashboard\_components\sidebar\search-dialog.tsx
[2025-11-05T11:59:46.850Z] [2025-11-05T11:59:46.850Z] [INDEXING-ORCHESTRATOR] [DEBUG] Average chunk size: 2935 characters
[2025-11-05T11:59:46.850Z] [2025-11-05T11:59:46.850Z] [INDEXING-ORCHESTRATOR] [DEBUG] 📊 Processed: 20/220 files
[2025-11-05T11:59:46.874Z] [2025-11-05T11:59:46.874Z] [TREESITTER-CHUNKER] [INFO] Created 1 semantic chunks from C:\Users\RakaThinkpad\Documents\Project\educatedplanet\admin\src\app\(main)\dashboard\_components\sidebar\theme-switcher.tsx
[2025-11-05T11:59:46.879Z] [2025-11-05T11:59:46.879Z] [TREESITTER-FULL] [INFO] Extracted 1 symbols from C:\Users\RakaThinkpad\Documents\Project\educatedplanet\admin\src\app\(main)\dashboard\_components\sidebar\theme-switcher.tsx
[2025-11-05T11:59:46.879Z] [2025-11-05T11:59:46.879Z] [INDEXING-ORCHESTRATOR] [DEBUG] 🔍 Symbol extraction for C:\Users\RakaThinkpad\Documents\Project\educatedplanet\admin\src\app\(main)\dashboard\_components\sidebar\theme-switcher.tsx: 1 symbols, 5 imports
[2025-11-05T11:59:46.879Z] [2025-11-05T11:59:46.879Z] [INDEXING-ORCHESTRATOR] [DEBUG] 📍 Chunk 10-26: 1 candidate symbols
[2025-11-05T11:59:46.879Z] [2025-11-05T11:59:46.879Z] [INDEXING-ORCHESTRATOR] [DEBUG] ✅ Chunk symbols after filtering: 1 symbols - ThemeSwitcher
[2025-11-05T11:59:46.879Z] [2025-11-05T11:59:46.879Z] [INDEXING-ORCHESTRATOR] [DEBUG] Created 1 semantic chunks for C:\Users\RakaThinkpad\Documents\Project\educatedplanet\admin\src\app\(main)\dashboard\_components\sidebar\theme-switcher.tsx
[2025-11-05T11:59:46.879Z] [2025-11-05T11:59:46.879Z] [INDEXING-ORCHESTRATOR] [DEBUG] Average chunk size: 527 characters
[2025-11-05T11:59:46.881Z] [2025-11-05T11:59:46.881Z] [TREESITTER-CHUNKER] [INFO] Created 1 semantic chunks from C:\Users\RakaThinkpad\Documents\Project\educatedplanet\admin\src\app\(main)\dashboard\coming-soon\page.tsx
[2025-11-05T11:59:46.888Z] [2025-11-05T11:59:46.888Z] [TREESITTER-FULL] [INFO] Extracted 1 symbols from C:\Users\RakaThinkpad\Documents\Project\educatedplanet\admin\src\app\(main)\dashboard\coming-soon\page.tsx
[2025-11-05T11:59:46.888Z] [2025-11-05T11:59:46.888Z] [INDEXING-ORCHESTRATOR] [DEBUG] 🔍 Symbol extraction for C:\Users\RakaThinkpad\Documents\Project\educatedplanet\admin\src\app\(main)\dashboard\coming-soon\page.tsx: 1 symbols, 0 imports
[2025-11-05T11:59:46.888Z] [2025-11-05T11:59:46.888Z] [INDEXING-ORCHESTRATOR] [DEBUG] 📍 Chunk 1-8: 1 candidate symbols
[2025-11-05T11:59:46.888Z] [2025-11-05T11:59:46.888Z] [INDEXING-ORCHESTRATOR] [DEBUG] ✅ Chunk symbols after filtering: 1 symbols - Page
[2025-11-05T11:59:46.888Z] [2025-11-05T11:59:46.888Z] [INDEXING-ORCHESTRATOR] [DEBUG] Created 1 semantic chunks for C:\Users\RakaThinkpad\Documents\Project\educatedplanet\admin\src\app\(main)\dashboard\coming-soon\page.tsx
[2025-11-05T11:59:46.888Z] [2025-11-05T11:59:46.888Z] [INDEXING-ORCHESTRATOR] [DEBUG] Average chunk size: 331 characters
[2025-11-05T11:59:46.907Z] [2025-11-05T11:59:46.907Z] [TREESITTER-CHUNKER] [INFO] Created 1 semantic chunks from C:\Users\RakaThinkpad\Documents\Project\educatedplanet\admin\src\app\(main)\dashboard\crm\_components\columns.crm.tsx
[2025-11-05T11:59:47.055Z] [2025-11-05T11:59:47.055Z] [TREESITTER-FULL] [INFO] Extracted 0 symbols from C:\Users\RakaThinkpad\Documents\Project\educatedplanet\admin\src\app\(main)\dashboard\crm\_components\columns.crm.tsx
[2025-11-05T11:59:47.055Z] [2025-11-05T11:59:47.055Z] [INDEXING-ORCHESTRATOR] [DEBUG] 🔍 Symbol extraction for C:\Users\RakaThinkpad\Documents\Project\educatedplanet\admin\src\app\(main)\dashboard\crm\_components\columns.crm.tsx: 0 symbols, 8 imports
[2025-11-05T11:59:47.055Z] [2025-11-05T11:59:47.055Z] [INDEXING-ORCHESTRATOR] [DEBUG] 📍 Chunk 1-84: 0 candidate symbols
[2025-11-05T11:59:47.055Z] [2025-11-05T11:59:47.055Z] [INDEXING-ORCHESTRATOR] [DEBUG] ✅ Chunk symbols after filtering: 0 symbols - 
[2025-11-05T11:59:47.055Z] [2025-11-05T11:59:47.055Z] [INDEXING-ORCHESTRATOR] [DEBUG] Created 1 semantic chunks for C:\Users\RakaThinkpad\Documents\Project\educatedplanet\admin\src\app\(main)\dashboard\crm\_components\columns.crm.tsx
[2025-11-05T11:59:47.055Z] [2025-11-05T11:59:47.055Z] [INDEXING-ORCHESTRATOR] [DEBUG] Average chunk size: 2876 characters
[2025-11-05T11:59:47.086Z] [2025-11-05T11:59:47.086Z] [TREESITTER-CHUNKER] [INFO] Created 1 semantic chunks from C:\Users\RakaThinkpad\Documents\Project\educatedplanet\admin\src\app\(main)\dashboard\crm\_components\crm.config.ts
[2025-11-05T11:59:47.136Z] [2025-11-05T11:59:47.136Z] [TREESITTER-FULL] [INFO] Extracted 15 symbols from C:\Users\RakaThinkpad\Documents\Project\educatedplanet\admin\src\app\(main)\dashboard\crm\_components\crm.config.ts
[2025-11-05T11:59:47.136Z] [2025-11-05T11:59:47.136Z] [INDEXING-ORCHESTRATOR] [DEBUG] 🔍 Symbol extraction for C:\Users\RakaThinkpad\Documents\Project\educatedplanet\admin\src\app\(main)\dashboard\crm\_components\crm.config.ts: 15 symbols, 1 imports
[2025-11-05T11:59:47.136Z] [2025-11-05T11:59:47.136Z] [INDEXING-ORCHESTRATOR] [DEBUG] 📍 Chunk 1-334: 15 candidate symbols
[2025-11-05T11:59:47.136Z] [2025-11-05T11:59:47.136Z] [INDEXING-ORCHESTRATOR] [DEBUG] ✅ Chunk symbols after filtering: 15 symbols - leadsChartData, leadsChartConfig, proposalsChartData, proposalsChartConfig, revenueChartData, revenueChartConfig, leadsBySourceChartData, leadsBySourceChartConfig, projectRevenueChartData, projectRevenueChartConfig, salesPipelineChartData, salesPipelineChartConfig, regionSalesData, actionItems, recentLeadsData
[2025-11-05T11:59:47.136Z] [2025-11-05T11:59:47.136Z] [INDEXING-ORCHESTRATOR] [DEBUG] Created 1 semantic chunks for C:\Users\RakaThinkpad\Documents\Project\educatedplanet\admin\src\app\(main)\dashboard\crm\_components\crm.config.ts
[2025-11-05T11:59:47.136Z] [2025-11-05T11:59:47.136Z] [INDEXING-ORCHESTRATOR] [DEBUG] Average chunk size: 7787 characters
[2025-11-05T11:59:47.153Z] [2025-11-05T11:59:47.154Z] [TREESITTER-CHUNKER] [INFO] Created 3 semantic chunks from C:\Users\RakaThinkpad\Documents\Project\educatedplanet\admin\src\app\(main)\dashboard\crm\_components\operational-cards.tsx
[2025-11-05T11:59:47.196Z] [2025-11-05T11:59:47.196Z] [TREESITTER-FULL] [INFO] Extracted 1 symbols from C:\Users\RakaThinkpad\Documents\Project\educatedplanet\admin\src\app\(main)\dashboard\crm\_components\operational-cards.tsx
[2025-11-05T11:59:47.196Z] [2025-11-05T11:59:47.196Z] [INDEXING-ORCHESTRATOR] [DEBUG] 🔍 Symbol extraction for C:\Users\RakaThinkpad\Documents\Project\educatedplanet\admin\src\app\(main)\dashboard\crm\_components\operational-cards.tsx: 1 symbols, 8 imports
[2025-11-05T11:59:47.196Z] [2025-11-05T11:59:47.196Z] [INDEXING-ORCHESTRATOR] [DEBUG] 📍 Chunk 55-60: 0 candidate symbols
[2025-11-05T11:59:47.196Z] [2025-11-05T11:59:47.196Z] [INDEXING-ORCHESTRATOR] [DEBUG] ✅ Chunk symbols after filtering: 0 symbols - 
[2025-11-05T11:59:47.196Z] [2025-11-05T11:59:47.196Z] [INDEXING-ORCHESTRATOR] [DEBUG] 📍 Chunk 93-100: 0 candidate symbols
[2025-11-05T11:59:47.196Z] [2025-11-05T11:59:47.196Z] [INDEXING-ORCHESTRATOR] [DEBUG] ✅ Chunk symbols after filtering: 0 symbols - 
[2025-11-05T11:59:47.196Z] [2025-11-05T11:59:47.196Z] [INDEXING-ORCHESTRATOR] [DEBUG] 📍 Chunk 101-116: 0 candidate symbols
[2025-11-05T11:59:47.196Z] [2025-11-05T11:59:47.196Z] [INDEXING-ORCHESTRATOR] [DEBUG] ✅ Chunk symbols after filtering: 0 symbols - 
[2025-11-05T11:59:47.196Z] [2025-11-05T11:59:47.196Z] [INDEXING-ORCHESTRATOR] [DEBUG] Created 3 semantic chunks for C:\Users\RakaThinkpad\Documents\Project\educatedplanet\admin\src\app\(main)\dashboard\crm\_components\operational-cards.tsx
[2025-11-05T11:59:47.196Z] [2025-11-05T11:59:47.196Z] [INDEXING-ORCHESTRATOR] [DEBUG] Average chunk size: 382 characters
[2025-11-05T11:59:47.225Z] [2025-11-05T11:59:47.225Z] [TREESITTER-CHUNKER] [INFO] Created 1 semantic chunks from C:\Users\RakaThinkpad\Documents\Project\educatedplanet\admin\src\app\(main)\dashboard\crm\_components\insight-cards.tsx
[2025-11-05T11:59:47.287Z] [2025-11-05T11:59:47.287Z] [TREESITTER-FULL] [INFO] Extracted 1 symbols from C:\Users\RakaThinkpad\Documents\Project\educatedplanet\admin\src\app\(main)\dashboard\crm\_components\insight-cards.tsx
[2025-11-05T11:59:47.287Z] [2025-11-05T11:59:47.287Z] [INDEXING-ORCHESTRATOR] [DEBUG] 🔍 Symbol extraction for C:\Users\RakaThinkpad\Documents\Project\educatedplanet\admin\src\app\(main)\dashboard\crm\_components\insight-cards.tsx: 1 symbols, 5 imports
[2025-11-05T11:59:47.287Z] [2025-11-05T11:59:47.287Z] [INDEXING-ORCHESTRATOR] [DEBUG] 📍 Chunk 1-155: 1 candidate symbols
[2025-11-05T11:59:47.287Z] [2025-11-05T11:59:47.287Z] [INDEXING-ORCHESTRATOR] [DEBUG] ✅ Chunk symbols after filtering: 1 symbols - totalLeads
[2025-11-05T11:59:47.287Z] [2025-11-05T11:59:47.287Z] [INDEXING-ORCHESTRATOR] [DEBUG] Created 1 semantic chunks for C:\Users\RakaThinkpad\Documents\Project\educatedplanet\admin\src\app\(main)\dashboard\crm\_components\insight-cards.tsx
[2025-11-05T11:59:47.287Z] [2025-11-05T11:59:47.287Z] [INDEXING-ORCHESTRATOR] [DEBUG] Average chunk size: 6050 characters
[2025-11-05T11:59:47.288Z] [2025-11-05T11:59:47.288Z] [TREESITTER-CHUNKER] [INFO] Created 1 semantic chunks from C:\Users\RakaThinkpad\Documents\Project\educatedplanet\admin\src\app\(main)\dashboard\crm\_components\schema.ts
[2025-11-05T11:59:47.290Z] [2025-11-05T11:59:47.290Z] [TREESITTER-FULL] [INFO] Extracted 1 symbols from C:\Users\RakaThinkpad\Documents\Project\educatedplanet\admin\src\app\(main)\dashboard\crm\_components\schema.ts
[2025-11-05T11:59:47.290Z] [2025-11-05T11:59:47.290Z] [INDEXING-ORCHESTRATOR] [DEBUG] 🔍 Symbol extraction for C:\Users\RakaThinkpad\Documents\Project\educatedplanet\admin\src\app\(main)\dashboard\crm\_components\schema.ts: 1 symbols, 1 imports
[2025-11-05T11:59:47.290Z] [2025-11-05T11:59:47.290Z] [INDEXING-ORCHESTRATOR] [DEBUG] 📍 Chunk 1-11: 1 candidate symbols
[2025-11-05T11:59:47.290Z] [2025-11-05T11:59:47.290Z] [INDEXING-ORCHESTRATOR] [DEBUG] ✅ Chunk symbols after filtering: 1 symbols - recentLeadSchema
[2025-11-05T11:59:47.290Z] [2025-11-05T11:59:47.290Z] [INDEXING-ORCHESTRATOR] [DEBUG] Created 1 semantic chunks for C:\Users\RakaThinkpad\Documents\Project\educatedplanet\admin\src\app\(main)\dashboard\crm\_components\schema.ts
[2025-11-05T11:59:47.290Z] [2025-11-05T11:59:47.290Z] [INDEXING-ORCHESTRATOR] [DEBUG] Average chunk size: 210 characters
[2025-11-05T11:59:47.315Z] [2025-11-05T11:59:47.315Z] [TREESITTER-CHUNKER] [INFO] Created 1 semantic chunks from C:\Users\RakaThinkpad\Documents\Project\educatedplanet\admin\src\app\(main)\dashboard\crm\_components\overview-cards.tsx
[2025-11-05T11:59:47.367Z] [2025-11-05T11:59:47.367Z] [TREESITTER-FULL] [INFO] Extracted 1 symbols from C:\Users\RakaThinkpad\Documents\Project\educatedplanet\admin\src\app\(main)\dashboard\crm\_components\overview-cards.tsx
[2025-11-05T11:59:47.367Z] [2025-11-05T11:59:47.367Z] [INDEXING-ORCHESTRATOR] [DEBUG] 🔍 Symbol extraction for C:\Users\RakaThinkpad\Documents\Project\educatedplanet\admin\src\app\(main)\dashboard\crm\_components\overview-cards.tsx: 1 symbols, 6 imports
[2025-11-05T11:59:47.367Z] [2025-11-05T11:59:47.367Z] [INDEXING-ORCHESTRATOR] [DEBUG] 📍 Chunk 1-152: 1 candidate symbols
[2025-11-05T11:59:47.367Z] [2025-11-05T11:59:47.367Z] [INDEXING-ORCHESTRATOR] [DEBUG] ✅ Chunk symbols after filtering: 1 symbols - lastMonth
[2025-11-05T11:59:47.367Z] [2025-11-05T11:59:47.367Z] [INDEXING-ORCHESTRATOR] [DEBUG] Created 1 semantic chunks for C:\Users\RakaThinkpad\Documents\Project\educatedplanet\admin\src\app\(main)\dashboard\crm\_components\overview-cards.tsx
[2025-11-05T11:59:47.367Z] [2025-11-05T11:59:47.367Z] [INDEXING-ORCHESTRATOR] [DEBUG] Average chunk size: 5874 characters
[2025-11-05T11:59:47.375Z] [2025-11-05T11:59:47.375Z] [TREESITTER-CHUNKER] [INFO] Created 1 semantic chunks from C:\Users\RakaThinkpad\Documents\Project\educatedplanet\admin\src\app\(main)\dashboard\crm\_components\table-cards.tsx
[2025-11-05T11:59:47.395Z] [2025-11-05T11:59:47.395Z] [TREESITTER-FULL] [INFO] Extracted 1 symbols from C:\Users\RakaThinkpad\Documents\Project\educatedplanet\admin\src\app\(main)\dashboard\crm\_components\table-cards.tsx
[2025-11-05T11:59:47.395Z] [2025-11-05T11:59:47.395Z] [INDEXING-ORCHESTRATOR] [DEBUG] 🔍 Symbol extraction for C:\Users\RakaThinkpad\Documents\Project\educatedplanet\admin\src\app\(main)\dashboard\crm\_components\table-cards.tsx: 1 symbols, 9 imports
[2025-11-05T11:59:47.395Z] [2025-11-05T11:59:47.395Z] [INDEXING-ORCHESTRATOR] [DEBUG] 📍 Chunk 15-47: 1 candidate symbols
[2025-11-05T11:59:47.395Z] [2025-11-05T11:59:47.395Z] [INDEXING-ORCHESTRATOR] [DEBUG] ✅ Chunk symbols after filtering: 1 symbols - TableCards
[2025-11-05T11:59:47.395Z] [2025-11-05T11:59:47.395Z] [INDEXING-ORCHESTRATOR] [DEBUG] Created 1 semantic chunks for C:\Users\RakaThinkpad\Documents\Project\educatedplanet\admin\src\app\(main)\dashboard\crm\_components\table-cards.tsx
[2025-11-05T11:59:47.395Z] [2025-11-05T11:59:47.395Z] [INDEXING-ORCHESTRATOR] [DEBUG] Average chunk size: 1145 characters
[2025-11-05T11:59:47.397Z] [2025-11-05T11:59:47.397Z] [TREESITTER-CHUNKER] [INFO] Created 1 semantic chunks from C:\Users\RakaThinkpad\Documents\Project\educatedplanet\admin\src\app\(main)\dashboard\crm\page.tsx
[2025-11-05T11:59:47.399Z] [2025-11-05T11:59:47.399Z] [TREESITTER-FULL] [INFO] Extracted 1 symbols from C:\Users\RakaThinkpad\Documents\Project\educatedplanet\admin\src\app\(main)\dashboard\crm\page.tsx
[2025-11-05T11:59:47.400Z] [2025-11-05T11:59:47.400Z] [INDEXING-ORCHESTRATOR] [DEBUG] 🔍 Symbol extraction for C:\Users\RakaThinkpad\Documents\Project\educatedplanet\admin\src\app\(main)\dashboard\crm\page.tsx: 1 symbols, 4 imports
[2025-11-05T11:59:47.400Z] [2025-11-05T11:59:47.400Z] [INDEXING-ORCHESTRATOR] [DEBUG] 📍 Chunk 6-15: 1 candidate symbols
[2025-11-05T11:59:47.400Z] [2025-11-05T11:59:47.400Z] [INDEXING-ORCHESTRATOR] [DEBUG] ✅ Chunk symbols after filtering: 1 symbols - Page
[2025-11-05T11:59:47.400Z] [2025-11-05T11:59:47.400Z] [INDEXING-ORCHESTRATOR] [DEBUG] Created 1 semantic chunks for C:\Users\RakaThinkpad\Documents\Project\educatedplanet\admin\src\app\(main)\dashboard\crm\page.tsx
[2025-11-05T11:59:47.400Z] [2025-11-05T11:59:47.400Z] [INDEXING-ORCHESTRATOR] [DEBUG] Average chunk size: 201 characters
[2025-11-05T11:59:47.400Z] [2025-11-05T11:59:47.400Z] [INDEXING-ORCHESTRATOR] [DEBUG] 📊 Processed: 30/220 files
[2025-11-05T11:59:47.491Z] [2025-11-05T11:59:47.491Z] [TREESITTER-CHUNKER] [INFO] Created 1 semantic chunks from C:\Users\RakaThinkpad\Documents\Project\educatedplanet\admin\src\app\(main)\dashboard\default\_components\chart-area-interactive.tsx
[2025-11-05T11:59:47.662Z] [2025-11-05T11:59:47.662Z] [TREESITTER-FULL] [INFO] Extracted 4 symbols from C:\Users\RakaThinkpad\Documents\Project\educatedplanet\admin\src\app\(main)\dashboard\default\_components\chart-area-interactive.tsx
[2025-11-05T11:59:47.663Z] [2025-11-05T11:59:47.662Z] [INDEXING-ORCHESTRATOR] [DEBUG] 🔍 Symbol extraction for C:\Users\RakaThinkpad\Documents\Project\educatedplanet\admin\src\app\(main)\dashboard\default\_components\chart-area-interactive.tsx: 4 symbols, 7 imports
[2025-11-05T11:59:47.663Z] [2025-11-05T11:59:47.663Z] [INDEXING-ORCHESTRATOR] [DEBUG] 📍 Chunk 1-240: 4 candidate symbols
[2025-11-05T11:59:47.663Z] [2025-11-05T11:59:47.663Z] [INDEXING-ORCHESTRATOR] [DEBUG] ✅ Chunk symbols after filtering: 4 symbols - description, chartData, isMobile, filteredData
[2025-11-05T11:59:47.663Z] [2025-11-05T11:59:47.663Z] [INDEXING-ORCHESTRATOR] [DEBUG] Created 1 semantic chunks for C:\Users\RakaThinkpad\Documents\Project\educatedplanet\admin\src\app\(main)\dashboard\default\_components\chart-area-interactive.tsx
[2025-11-05T11:59:47.663Z] [2025-11-05T11:59:47.663Z] [INDEXING-ORCHESTRATOR] [DEBUG] Average chunk size: 10408 characters
[2025-11-05T11:59:47.712Z] [2025-11-05T11:59:47.712Z] [TREESITTER-CHUNKER] [INFO] Created 1 semantic chunks from C:\Users\RakaThinkpad\Documents\Project\educatedplanet\admin\src\app\(main)\dashboard\default\_components\columns.tsx
[2025-11-05T11:59:47.829Z] [2025-11-05T11:59:47.829Z] [TREESITTER-FULL] [INFO] Extracted 0 symbols from C:\Users\RakaThinkpad\Documents\Project\educatedplanet\admin\src\app\(main)\dashboard\default\_components\columns.tsx
[2025-11-05T11:59:47.829Z] [2025-11-05T11:59:47.829Z] [INDEXING-ORCHESTRATOR] [DEBUG] 🔍 Symbol extraction for C:\Users\RakaThinkpad\Documents\Project\educatedplanet\admin\src\app\(main)\dashboard\default\_components\columns.tsx: 0 symbols, 14 imports
[2025-11-05T11:59:47.829Z] [2025-11-05T11:59:47.829Z] [INDEXING-ORCHESTRATOR] [DEBUG] 📍 Chunk 1-191: 0 candidate symbols
[2025-11-05T11:59:47.829Z] [2025-11-05T11:59:47.829Z] [INDEXING-ORCHESTRATOR] [DEBUG] ✅ Chunk symbols after filtering: 0 symbols - 
[2025-11-05T11:59:47.829Z] [2025-11-05T11:59:47.829Z] [INDEXING-ORCHESTRATOR] [DEBUG] Created 1 semantic chunks for C:\Users\RakaThinkpad\Documents\Project\educatedplanet\admin\src\app\(main)\dashboard\default\_components\columns.tsx
[2025-11-05T11:59:47.829Z] [2025-11-05T11:59:47.829Z] [INDEXING-ORCHESTRATOR] [DEBUG] Average chunk size: 6693 characters
[2025-11-05T11:59:47.846Z] [2025-11-05T11:59:47.846Z] [TREESITTER-CHUNKER] [INFO] Created 1 semantic chunks from C:\Users\RakaThinkpad\Documents\Project\educatedplanet\admin\src\app\(main)\dashboard\default\_components\data-table.tsx
[2025-11-05T11:59:48.180Z] [2025-11-05T11:59:48.180Z] [TREESITTER-FULL] [INFO] Extracted 1 symbols from C:\Users\RakaThinkpad\Documents\Project\educatedplanet\admin\src\app\(main)\dashboard\default\_components\data-table.tsx
[2025-11-05T11:59:48.180Z] [2025-11-05T11:59:48.180Z] [INDEXING-ORCHESTRATOR] [DEBUG] 🔍 Symbol extraction for C:\Users\RakaThinkpad\Documents\Project\educatedplanet\admin\src\app\(main)\dashboard\default\_components\data-table.tsx: 1 symbols, 15 imports
[2025-11-05T11:59:48.180Z] [2025-11-05T11:59:48.180Z] [INDEXING-ORCHESTRATOR] [DEBUG] 📍 Chunk 23-80: 1 candidate symbols
[2025-11-05T11:59:48.180Z] [2025-11-05T11:59:48.180Z] [INDEXING-ORCHESTRATOR] [DEBUG] ✅ Chunk symbols after filtering: 1 symbols - DataTable
[2025-11-05T11:59:48.180Z] [2025-11-05T11:59:48.180Z] [INDEXING-ORCHESTRATOR] [DEBUG] Created 1 semantic chunks for C:\Users\RakaThinkpad\Documents\Project\educatedplanet\admin\src\app\(main)\dashboard\default\_components\data-table.tsx
[2025-11-05T11:59:48.180Z] [2025-11-05T11:59:48.180Z] [INDEXING-ORCHESTRATOR] [DEBUG] Average chunk size: 2958 characters
[2025-11-05T11:59:48.211Z] [2025-11-05T11:59:48.211Z] [TREESITTER-CHUNKER] [INFO] Created 1 semantic chunks from C:\Users\RakaThinkpad\Documents\Project\educatedplanet\admin\src\app\(main)\dashboard\default\_components\section-cards.tsx
[2025-11-05T11:59:48.284Z] [2025-11-05T11:59:48.284Z] [TREESITTER-FULL] [INFO] Extracted 0 symbols from C:\Users\RakaThinkpad\Documents\Project\educatedplanet\admin\src\app\(main)\dashboard\default\_components\section-cards.tsx
[2025-11-05T11:59:48.284Z] [2025-11-05T11:59:48.284Z] [INDEXING-ORCHESTRATOR] [DEBUG] 🔍 Symbol extraction for C:\Users\RakaThinkpad\Documents\Project\educatedplanet\admin\src\app\(main)\dashboard\default\_components\section-cards.tsx: 0 symbols, 5 imports
[2025-11-05T11:59:48.284Z] [2025-11-05T11:59:48.284Z] [INDEXING-ORCHESTRATOR] [DEBUG] 📍 Chunk 1-156: 0 candidate symbols
[2025-11-05T11:59:48.284Z] [2025-11-05T11:59:48.284Z] [INDEXING-ORCHESTRATOR] [DEBUG] ✅ Chunk symbols after filtering: 0 symbols - 
[2025-11-05T11:59:48.284Z] [2025-11-05T11:59:48.284Z] [INDEXING-ORCHESTRATOR] [DEBUG] Created 1 semantic chunks for C:\Users\RakaThinkpad\Documents\Project\educatedplanet\admin\src\app\(main)\dashboard\default\_components\section-cards.tsx
[2025-11-05T11:59:48.284Z] [2025-11-05T11:59:48.284Z] [INDEXING-ORCHESTRATOR] [DEBUG] Average chunk size: 6581 characters
[2025-11-05T11:59:48.286Z] [2025-11-05T11:59:48.286Z] [TREESITTER-CHUNKER] [INFO] Created 1 semantic chunks from C:\Users\RakaThinkpad\Documents\Project\educatedplanet\admin\src\app\(main)\dashboard\default\_components\schema.ts
[2025-11-05T11:59:48.288Z] [2025-11-05T11:59:48.288Z] [TREESITTER-FULL] [INFO] Extracted 1 symbols from C:\Users\RakaThinkpad\Documents\Project\educatedplanet\admin\src\app\(main)\dashboard\default\_components\schema.ts
[2025-11-05T11:59:48.288Z] [2025-11-05T11:59:48.288Z] [INDEXING-ORCHESTRATOR] [DEBUG] 🔍 Symbol extraction for C:\Users\RakaThinkpad\Documents\Project\educatedplanet\admin\src\app\(main)\dashboard\default\_components\schema.ts: 1 symbols, 1 imports
[2025-11-05T11:59:48.288Z] [2025-11-05T11:59:48.288Z] [INDEXING-ORCHESTRATOR] [DEBUG] 📍 Chunk 1-12: 1 candidate symbols
[2025-11-05T11:59:48.288Z] [2025-11-05T11:59:48.288Z] [INDEXING-ORCHESTRATOR] [DEBUG] ✅ Chunk symbols after filtering: 1 symbols - sectionSchema
[2025-11-05T11:59:48.288Z] [2025-11-05T11:59:48.288Z] [INDEXING-ORCHESTRATOR] [DEBUG] Created 1 semantic chunks for C:\Users\RakaThinkpad\Documents\Project\educatedplanet\admin\src\app\(main)\dashboard\default\_components\schema.ts
[2025-11-05T11:59:48.294Z] [2025-11-05T11:59:48.288Z] [INDEXING-ORCHESTRATOR] [DEBUG] Average chunk size: 228 characters
[2025-11-05T11:59:48.321Z] [2025-11-05T11:59:48.321Z] [TREESITTER-CHUNKER] [INFO] Created 2 semantic chunks from C:\Users\RakaThinkpad\Documents\Project\educatedplanet\admin\src\app\(main)\dashboard\finance\_components\account-overview.tsx
[2025-11-05T11:59:48.375Z] [2025-11-05T11:59:48.375Z] [TREESITTER-FULL] [INFO] Extracted 2 symbols from C:\Users\RakaThinkpad\Documents\Project\educatedplanet\admin\src\app\(main)\dashboard\finance\_components\account-overview.tsx
[2025-11-05T11:59:48.375Z] [2025-11-05T11:59:48.375Z] [INDEXING-ORCHESTRATOR] [DEBUG] 🔍 Symbol extraction for C:\Users\RakaThinkpad\Documents\Project\educatedplanet\admin\src\app\(main)\dashboard\finance\_components\account-overview.tsx: 2 symbols, 8 imports
[2025-11-05T11:59:48.375Z] [2025-11-05T11:59:48.375Z] [INDEXING-ORCHESTRATOR] [DEBUG] 📍 Chunk 13-26: 1 candidate symbols
[2025-11-05T11:59:48.375Z] [2025-11-05T11:59:48.375Z] [INDEXING-ORCHESTRATOR] [DEBUG] ✅ Chunk symbols after filtering: 1 symbols - ChipSVG
[2025-11-05T11:59:48.375Z] [2025-11-05T11:59:48.375Z] [INDEXING-ORCHESTRATOR] [DEBUG] 📍 Chunk 27-181: 1 candidate symbols
[2025-11-05T11:59:48.375Z] [2025-11-05T11:59:48.375Z] [INDEXING-ORCHESTRATOR] [DEBUG] ✅ Chunk symbols after filtering: 1 symbols - recentPayments
[2025-11-05T11:59:48.375Z] [2025-11-05T11:59:48.375Z] [INDEXING-ORCHESTRATOR] [DEBUG] Created 2 semantic chunks for C:\Users\RakaThinkpad\Documents\Project\educatedplanet\admin\src\app\(main)\dashboard\finance\_components\account-overview.tsx
[2025-11-05T11:59:48.375Z] [2025-11-05T11:59:48.375Z] [INDEXING-ORCHESTRATOR] [DEBUG] Average chunk size: 3503 characters
[2025-11-05T11:59:48.395Z] [2025-11-05T11:59:48.395Z] [TREESITTER-CHUNKER] [INFO] Created 1 semantic chunks from C:\Users\RakaThinkpad\Documents\Project\educatedplanet\admin\src\app\(main)\dashboard\default\_components\table-cell-viewer.tsx
[2025-11-05T11:59:48.432Z] [2025-11-05T11:59:48.433Z] [TREESITTER-FULL] [INFO] Extracted 2 symbols from C:\Users\RakaThinkpad\Documents\Project\educatedplanet\admin\src\app\(main)\dashboard\default\_components\table-cell-viewer.tsx
[2025-11-05T11:59:48.432Z] [2025-11-05T11:59:48.433Z] [INDEXING-ORCHESTRATOR] [DEBUG] 🔍 Symbol extraction for C:\Users\RakaThinkpad\Documents\Project\educatedplanet\admin\src\app\(main)\dashboard\default\_components\table-cell-viewer.tsx: 2 symbols, 12 imports
[2025-11-05T11:59:48.432Z] [2025-11-05T11:59:48.433Z] [INDEXING-ORCHESTRATOR] [DEBUG] 📍 Chunk 1-186: 2 candidate symbols
[2025-11-05T11:59:48.433Z] [2025-11-05T11:59:48.433Z] [INDEXING-ORCHESTRATOR] [DEBUG] ✅ Chunk symbols after filtering: 2 symbols - chartData, isMobile
[2025-11-05T11:59:48.433Z] [2025-11-05T11:59:48.433Z] [INDEXING-ORCHESTRATOR] [DEBUG] Created 1 semantic chunks for C:\Users\RakaThinkpad\Documents\Project\educatedplanet\admin\src\app\(main)\dashboard\default\_components\table-cell-viewer.tsx
[2025-11-05T11:59:48.433Z] [2025-11-05T11:59:48.433Z] [INDEXING-ORCHESTRATOR] [DEBUG] Average chunk size: 7557 characters
[2025-11-05T11:59:48.435Z] [2025-11-05T11:59:48.435Z] [TREESITTER-CHUNKER] [INFO] Created 1 semantic chunks from C:\Users\RakaThinkpad\Documents\Project\educatedplanet\admin\src\app\(main)\dashboard\default\page.tsx
[2025-11-05T11:59:48.437Z] [2025-11-05T11:59:48.437Z] [TREESITTER-FULL] [INFO] Extracted 1 symbols from C:\Users\RakaThinkpad\Documents\Project\educatedplanet\admin\src\app\(main)\dashboard\default\page.tsx
[2025-11-05T11:59:48.437Z] [2025-11-05T11:59:48.437Z] [INDEXING-ORCHESTRATOR] [DEBUG] 🔍 Symbol extraction for C:\Users\RakaThinkpad\Documents\Project\educatedplanet\admin\src\app\(main)\dashboard\default\page.tsx: 1 symbols, 4 imports
[2025-11-05T11:59:48.437Z] [2025-11-05T11:59:48.437Z] [INDEXING-ORCHESTRATOR] [DEBUG] 📍 Chunk 6-14: 1 candidate symbols
[2025-11-05T11:59:48.437Z] [2025-11-05T11:59:48.437Z] [INDEXING-ORCHESTRATOR] [DEBUG] ✅ Chunk symbols after filtering: 1 symbols - Page
[2025-11-05T11:59:48.437Z] [2025-11-05T11:59:48.437Z] [INDEXING-ORCHESTRATOR] [DEBUG] Created 1 semantic chunks for C:\Users\RakaThinkpad\Documents\Project\educatedplanet\admin\src\app\(main)\dashboard\default\page.tsx
[2025-11-05T11:59:48.437Z] [2025-11-05T11:59:48.437Z] [INDEXING-ORCHESTRATOR] [DEBUG] Average chunk size: 207 characters
[2025-11-05T11:59:48.454Z] [2025-11-05T11:59:48.455Z] [TREESITTER-CHUNKER] [INFO] Created 1 semantic chunks from C:\Users\RakaThinkpad\Documents\Project\educatedplanet\admin\src\app\(main)\dashboard\finance\_components\expense-summary.tsx
[2025-11-05T11:59:48.485Z] [2025-11-05T11:59:48.485Z] [TREESITTER-FULL] [INFO] Extracted 1 symbols from C:\Users\RakaThinkpad\Documents\Project\educatedplanet\admin\src\app\(main)\dashboard\finance\_components\expense-summary.tsx
[2025-11-05T11:59:48.485Z] [2025-11-05T11:59:48.485Z] [INDEXING-ORCHESTRATOR] [DEBUG] 🔍 Symbol extraction for C:\Users\RakaThinkpad\Documents\Project\educatedplanet\admin\src\app\(main)\dashboard\finance\_components\expense-summary.tsx: 1 symbols, 6 imports
[2025-11-05T11:59:48.485Z] [2025-11-05T11:59:48.485Z] [INDEXING-ORCHESTRATOR] [DEBUG] 📍 Chunk 1-133: 1 candidate symbols
[2025-11-05T11:59:48.485Z] [2025-11-05T11:59:48.485Z] [INDEXING-ORCHESTRATOR] [DEBUG] ✅ Chunk symbols after filtering: 1 symbols - chartData
[2025-11-05T11:59:48.485Z] [2025-11-05T11:59:48.485Z] [INDEXING-ORCHESTRATOR] [DEBUG] Created 1 semantic chunks for C:\Users\RakaThinkpad\Documents\Project\educatedplanet\admin\src\app\(main)\dashboard\finance\_components\expense-summary.tsx
[2025-11-05T11:59:48.485Z] [2025-11-05T11:59:48.485Z] [INDEXING-ORCHESTRATOR] [DEBUG] Average chunk size: 5494 characters
[2025-11-05T11:59:48.500Z] [2025-11-05T11:59:48.500Z] [TREESITTER-CHUNKER] [INFO] Created 2 semantic chunks from C:\Users\RakaThinkpad\Documents\Project\educatedplanet\admin\src\app\(main)\dashboard\finance\_components\currency-exchange.tsx
[2025-11-05T11:59:48.532Z] [2025-11-05T11:59:48.533Z] [TREESITTER-FULL] [INFO] Extracted 1 symbols from C:\Users\RakaThinkpad\Documents\Project\educatedplanet\admin\src\app\(main)\dashboard\finance\_components\currency-exchange.tsx
[2025-11-05T11:59:48.532Z] [2025-11-05T11:59:48.533Z] [INDEXING-ORCHESTRATOR] [DEBUG] 🔍 Symbol extraction for C:\Users\RakaThinkpad\Documents\Project\educatedplanet\admin\src\app\(main)\dashboard\finance\_components\currency-exchange.tsx: 1 symbols, 6 imports
[2025-11-05T11:59:48.534Z] [2025-11-05T11:59:48.533Z] [INDEXING-ORCHESTRATOR] [DEBUG] 📍 Chunk 11-25: 1 candidate symbols
[2025-11-05T11:59:48.534Z] [2025-11-05T11:59:48.533Z] [INDEXING-ORCHESTRATOR] [DEBUG] ✅ Chunk symbols after filtering: 1 symbols - CurrencySelector
[2025-11-05T11:59:48.534Z] [2025-11-05T11:59:48.533Z] [INDEXING-ORCHESTRATOR] [DEBUG] 📍 Chunk 26-82: 0 candidate symbols
[2025-11-05T11:59:48.534Z] [2025-11-05T11:59:48.533Z] [INDEXING-ORCHESTRATOR] [DEBUG] ✅ Chunk symbols after filtering: 0 symbols - 
[2025-11-05T11:59:48.534Z] [2025-11-05T11:59:48.533Z] [INDEXING-ORCHESTRATOR] [DEBUG] Created 2 semantic chunks for C:\Users\RakaThinkpad\Documents\Project\educatedplanet\admin\src\app\(main)\dashboard\finance\_components\currency-exchange.tsx
[2025-11-05T11:59:48.534Z] [2025-11-05T11:59:48.533Z] [INDEXING-ORCHESTRATOR] [DEBUG] Average chunk size: 1466 characters
[2025-11-05T11:59:48.534Z] [2025-11-05T11:59:48.533Z] [INDEXING-ORCHESTRATOR] [DEBUG] 📊 Processed: 40/220 files
[2025-11-05T11:59:48.579Z] [2025-11-05T11:59:48.579Z] [TREESITTER-CHUNKER] [INFO] Created 1 semantic chunks from C:\Users\RakaThinkpad\Documents\Project\educatedplanet\admin\src\app\(main)\dashboard\finance\_components\financial-overview.tsx
[2025-11-05T11:59:48.620Z] [2025-11-05T11:59:48.620Z] [TREESITTER-FULL] [INFO] Extracted 4 symbols from C:\Users\RakaThinkpad\Documents\Project\educatedplanet\admin\src\app\(main)\dashboard\finance\_components\financial-overview.tsx
[2025-11-05T11:59:48.620Z] [2025-11-05T11:59:48.620Z] [INDEXING-ORCHESTRATOR] [DEBUG] 🔍 Symbol extraction for C:\Users\RakaThinkpad\Documents\Project\educatedplanet\admin\src\app\(main)\dashboard\finance\_components\financial-overview.tsx: 4 symbols, 7 imports
[2025-11-05T11:59:48.620Z] [2025-11-05T11:59:48.620Z] [INDEXING-ORCHESTRATOR] [DEBUG] 📍 Chunk 1-119: 4 candidate symbols
[2025-11-05T11:59:48.620Z] [2025-11-05T11:59:48.620Z] [INDEXING-ORCHESTRATOR] [DEBUG] ✅ Chunk symbols after filtering: 4 symbols - chartData, totalIncome, totalExpenses, totalScheduled
[2025-11-05T11:59:48.620Z] [2025-11-05T11:59:48.620Z] [INDEXING-ORCHESTRATOR] [DEBUG] Created 1 semantic chunks for C:\Users\RakaThinkpad\Documents\Project\educatedplanet\admin\src\app\(main)\dashboard\finance\_components\financial-overview.tsx
[2025-11-05T11:59:48.620Z] [2025-11-05T11:59:48.620Z] [INDEXING-ORCHESTRATOR] [DEBUG] Average chunk size: 5605 characters
[2025-11-05T11:59:48.623Z] [2025-11-05T11:59:48.623Z] [TREESITTER-CHUNKER] [INFO] Created 1 semantic chunks from C:\Users\RakaThinkpad\Documents\Project\educatedplanet\admin\src\app\(main)\dashboard\finance\page.tsx
[2025-11-05T11:59:48.628Z] [2025-11-05T11:59:48.628Z] [TREESITTER-FULL] [INFO] Extracted 1 symbols from C:\Users\RakaThinkpad\Documents\Project\educatedplanet\admin\src\app\(main)\dashboard\finance\page.tsx
[2025-11-05T11:59:48.628Z] [2025-11-05T11:59:48.629Z] [INDEXING-ORCHESTRATOR] [DEBUG] 🔍 Symbol extraction for C:\Users\RakaThinkpad\Documents\Project\educatedplanet\admin\src\app\(main)\dashboard\finance\page.tsx: 1 symbols, 4 imports
[2025-11-05T11:59:48.629Z] [2025-11-05T11:59:48.629Z] [INDEXING-ORCHESTRATOR] [DEBUG] 📍 Chunk 6-24: 1 candidate symbols
[2025-11-05T11:59:48.629Z] [2025-11-05T11:59:48.629Z] [INDEXING-ORCHESTRATOR] [DEBUG] ✅ Chunk symbols after filtering: 1 symbols - Page
[2025-11-05T11:59:48.629Z] [2025-11-05T11:59:48.629Z] [INDEXING-ORCHESTRATOR] [DEBUG] Created 1 semantic chunks for C:\Users\RakaThinkpad\Documents\Project\educatedplanet\admin\src\app\(main)\dashboard\finance\page.tsx
[2025-11-05T11:59:48.629Z] [2025-11-05T11:59:48.629Z] [INDEXING-ORCHESTRATOR] [DEBUG] Average chunk size: 550 characters
[2025-11-05T11:59:48.641Z] [2025-11-05T11:59:48.640Z] [TREESITTER-CHUNKER] [INFO] Created 2 semantic chunks from C:\Users\RakaThinkpad\Documents\Project\educatedplanet\admin\src\app\(main)\dashboard\layout.tsx
[2025-11-05T11:59:48.661Z] [2025-11-05T11:59:48.661Z] [TREESITTER-FULL] [INFO] Extracted 1 symbols from C:\Users\RakaThinkpad\Documents\Project\educatedplanet\admin\src\app\(main)\dashboard\layout.tsx
[2025-11-05T11:59:48.661Z] [2025-11-05T11:59:48.662Z] [INDEXING-ORCHESTRATOR] [DEBUG] 🔍 Symbol extraction for C:\Users\RakaThinkpad\Documents\Project\educatedplanet\admin\src\app\(main)\dashboard\layout.tsx: 1 symbols, 12 imports
[2025-11-05T11:59:48.662Z] [2025-11-05T11:59:48.662Z] [INDEXING-ORCHESTRATOR] [DEBUG] 📍 Chunk 49-57: 0 candidate symbols
[2025-11-05T11:59:48.662Z] [2025-11-05T11:59:48.662Z] [INDEXING-ORCHESTRATOR] [DEBUG] ✅ Chunk symbols after filtering: 0 symbols - 
[2025-11-05T11:59:48.662Z] [2025-11-05T11:59:48.662Z] [INDEXING-ORCHESTRATOR] [DEBUG] 📍 Chunk 58-81: 0 candidate symbols
[2025-11-05T11:59:48.662Z] [2025-11-05T11:59:48.662Z] [INDEXING-ORCHESTRATOR] [DEBUG] ✅ Chunk symbols after filtering: 0 symbols - 
[2025-11-05T11:59:48.662Z] [2025-11-05T11:59:48.662Z] [INDEXING-ORCHESTRATOR] [DEBUG] Created 2 semantic chunks for C:\Users\RakaThinkpad\Documents\Project\educatedplanet\admin\src\app\(main)\dashboard\layout.tsx
[2025-11-05T11:59:48.662Z] [2025-11-05T11:59:48.662Z] [INDEXING-ORCHESTRATOR] [DEBUG] Average chunk size: 916 characters
[2025-11-05T11:59:48.666Z] [2025-11-05T11:59:48.666Z] [TREESITTER-CHUNKER] [INFO] Created 1 semantic chunks from C:\Users\RakaThinkpad\Documents\Project\educatedplanet\admin\src\app\(main)\unauthorized\page.tsx
[2025-11-05T11:59:48.677Z] [2025-11-05T11:59:48.677Z] [TREESITTER-FULL] [INFO] Extracted 1 symbols from C:\Users\RakaThinkpad\Documents\Project\educatedplanet\admin\src\app\(main)\unauthorized\page.tsx
[2025-11-05T11:59:48.677Z] [2025-11-05T11:59:48.677Z] [INDEXING-ORCHESTRATOR] [DEBUG] 🔍 Symbol extraction for C:\Users\RakaThinkpad\Documents\Project\educatedplanet\admin\src\app\(main)\unauthorized\page.tsx: 1 symbols, 2 imports
[2025-11-05T11:59:48.677Z] [2025-11-05T11:59:48.677Z] [INDEXING-ORCHESTRATOR] [DEBUG] 📍 Chunk 5-27: 1 candidate symbols
[2025-11-05T11:59:48.677Z] [2025-11-05T11:59:48.677Z] [INDEXING-ORCHESTRATOR] [DEBUG] ✅ Chunk symbols after filtering: 1 symbols - page
[2025-11-05T11:59:48.678Z] [2025-11-05T11:59:48.677Z] [INDEXING-ORCHESTRATOR] [DEBUG] Created 1 semantic chunks for C:\Users\RakaThinkpad\Documents\Project\educatedplanet\admin\src\app\(main)\unauthorized\page.tsx
[2025-11-05T11:59:48.678Z] [2025-11-05T11:59:48.677Z] [INDEXING-ORCHESTRATOR] [DEBUG] Average chunk size: 1043 characters
[2025-11-05T11:59:48.686Z] [2025-11-05T11:59:48.686Z] [TREESITTER-CHUNKER] [INFO] Created 1 semantic chunks from C:\Users\RakaThinkpad\Documents\Project\educatedplanet\admin\src\app\api\dashboard\route.ts
[2025-11-05T11:59:48.692Z] [2025-11-05T11:59:48.692Z] [TREESITTER-FULL] [INFO] Extracted 1 symbols from C:\Users\RakaThinkpad\Documents\Project\educatedplanet\admin\src\app\api\dashboard\route.ts
[2025-11-05T11:59:48.692Z] [2025-11-05T11:59:48.692Z] [INDEXING-ORCHESTRATOR] [DEBUG] 🔍 Symbol extraction for C:\Users\RakaThinkpad\Documents\Project\educatedplanet\admin\src\app\api\dashboard\route.ts: 1 symbols, 2 imports
[2025-11-05T11:59:48.692Z] [2025-11-05T11:59:48.692Z] [INDEXING-ORCHESTRATOR] [DEBUG] 📍 Chunk 10-42: 1 candidate symbols
[2025-11-05T11:59:48.692Z] [2025-11-05T11:59:48.692Z] [INDEXING-ORCHESTRATOR] [DEBUG] ✅ Chunk symbols after filtering: 1 symbols - GET
[2025-11-05T11:59:48.692Z] [2025-11-05T11:59:48.692Z] [INDEXING-ORCHESTRATOR] [DEBUG] Created 1 semantic chunks for C:\Users\RakaThinkpad\Documents\Project\educatedplanet\admin\src\app\api\dashboard\route.ts
[2025-11-05T11:59:48.692Z] [2025-11-05T11:59:48.692Z] [INDEXING-ORCHESTRATOR] [DEBUG] Average chunk size: 1026 characters
[2025-11-05T11:59:48.700Z] [2025-11-05T11:59:48.700Z] [TREESITTER-CHUNKER] [INFO] Created 3 semantic chunks from C:\Users\RakaThinkpad\Documents\Project\educatedplanet\admin\src\app\api\users\[id]\route.ts
[2025-11-05T11:59:48.728Z] [2025-11-05T11:59:48.728Z] [TREESITTER-FULL] [INFO] Extracted 4 symbols from C:\Users\RakaThinkpad\Documents\Project\educatedplanet\admin\src\app\api\users\[id]\route.ts
[2025-11-05T11:59:48.728Z] [2025-11-05T11:59:48.728Z] [INDEXING-ORCHESTRATOR] [DEBUG] 🔍 Symbol extraction for C:\Users\RakaThinkpad\Documents\Project\educatedplanet\admin\src\app\api\users\[id]\route.ts: 4 symbols, 3 imports
[2025-11-05T11:59:48.728Z] [2025-11-05T11:59:48.728Z] [INDEXING-ORCHESTRATOR] [DEBUG] 📍 Chunk 10-47: 2 candidate symbols
[2025-11-05T11:59:48.728Z] [2025-11-05T11:59:48.728Z] [INDEXING-ORCHESTRATOR] [DEBUG] ✅ Chunk symbols after filtering: 2 symbols - RouteParams, GET
[2025-11-05T11:59:48.728Z] [2025-11-05T11:59:48.728Z] [INDEXING-ORCHESTRATOR] [DEBUG] 📍 Chunk 50-94: 1 candidate symbols
[2025-11-05T11:59:48.728Z] [2025-11-05T11:59:48.728Z] [INDEXING-ORCHESTRATOR] [DEBUG] ✅ Chunk symbols after filtering: 1 symbols - PUT
[2025-11-05T11:59:48.728Z] [2025-11-05T11:59:48.728Z] [INDEXING-ORCHESTRATOR] [DEBUG] 📍 Chunk 97-126: 1 candidate symbols
[2025-11-05T11:59:48.728Z] [2025-11-05T11:59:48.728Z] [INDEXING-ORCHESTRATOR] [DEBUG] ✅ Chunk symbols after filtering: 1 symbols - DELETE
[2025-11-05T11:59:48.728Z] [2025-11-05T11:59:48.728Z] [INDEXING-ORCHESTRATOR] [DEBUG] Created 3 semantic chunks for C:\Users\RakaThinkpad\Documents\Project\educatedplanet\admin\src\app\api\users\[id]\route.ts
[2025-11-05T11:59:48.728Z] [2025-11-05T11:59:48.728Z] [INDEXING-ORCHESTRATOR] [DEBUG] Average chunk size: 953 characters
[2025-11-05T11:59:48.729Z] [2025-11-05T11:59:48.729Z] [TREESITTER-CHUNKER] [INFO] Created 1 semantic chunks from C:\Users\RakaThinkpad\Documents\Project\educatedplanet\admin\src\app\(main)\dashboard\page.tsx
[2025-11-05T11:59:48.730Z] [2025-11-05T11:59:48.730Z] [TREESITTER-FULL] [INFO] Extracted 1 symbols from C:\Users\RakaThinkpad\Documents\Project\educatedplanet\admin\src\app\(main)\dashboard\page.tsx
[2025-11-05T11:59:48.730Z] [2025-11-05T11:59:48.730Z] [INDEXING-ORCHESTRATOR] [DEBUG] 🔍 Symbol extraction for C:\Users\RakaThinkpad\Documents\Project\educatedplanet\admin\src\app\(main)\dashboard\page.tsx: 1 symbols, 0 imports
[2025-11-05T11:59:48.730Z] [2025-11-05T11:59:48.730Z] [INDEXING-ORCHESTRATOR] [DEBUG] 📍 Chunk 1-3: 1 candidate symbols
[2025-11-05T11:59:48.730Z] [2025-11-05T11:59:48.730Z] [INDEXING-ORCHESTRATOR] [DEBUG] ✅ Chunk symbols after filtering: 1 symbols - Page
[2025-11-05T11:59:48.730Z] [2025-11-05T11:59:48.730Z] [INDEXING-ORCHESTRATOR] [DEBUG] Created 1 semantic chunks for C:\Users\RakaThinkpad\Documents\Project\educatedplanet\admin\src\app\(main)\dashboard\page.tsx
[2025-11-05T11:59:48.730Z] [2025-11-05T11:59:48.730Z] [INDEXING-ORCHESTRATOR] [DEBUG] Average chunk size: 48 characters
[2025-11-05T11:59:48.749Z] [2025-11-05T11:59:48.749Z] [TREESITTER-CHUNKER] [INFO] Created 2 semantic chunks from C:\Users\RakaThinkpad\Documents\Project\educatedplanet\admin\src\app\api\tutors\route.ts
[2025-11-05T11:59:48.775Z] [2025-11-05T11:59:48.775Z] [TREESITTER-FULL] [INFO] Extracted 2 symbols from C:\Users\RakaThinkpad\Documents\Project\educatedplanet\admin\src\app\api\tutors\route.ts
[2025-11-05T11:59:48.775Z] [2025-11-05T11:59:48.775Z] [INDEXING-ORCHESTRATOR] [DEBUG] 🔍 Symbol extraction for C:\Users\RakaThinkpad\Documents\Project\educatedplanet\admin\src\app\api\tutors\route.ts: 2 symbols, 3 imports
[2025-11-05T11:59:48.775Z] [2025-11-05T11:59:48.776Z] [INDEXING-ORCHESTRATOR] [DEBUG] 📍 Chunk 11-54: 1 candidate symbols
[2025-11-05T11:59:48.775Z] [2025-11-05T11:59:48.776Z] [INDEXING-ORCHESTRATOR] [DEBUG] ✅ Chunk symbols after filtering: 1 symbols - GET
[2025-11-05T11:59:48.775Z] [2025-11-05T11:59:48.776Z] [INDEXING-ORCHESTRATOR] [DEBUG] 📍 Chunk 57-98: 1 candidate symbols
[2025-11-05T11:59:48.775Z] [2025-11-05T11:59:48.776Z] [INDEXING-ORCHESTRATOR] [DEBUG] ✅ Chunk symbols after filtering: 1 symbols - POST
[2025-11-05T11:59:48.775Z] [2025-11-05T11:59:48.776Z] [INDEXING-ORCHESTRATOR] [DEBUG] Created 2 semantic chunks for C:\Users\RakaThinkpad\Documents\Project\educatedplanet\admin\src\app\api\tutors\route.ts
[2025-11-05T11:59:48.775Z] [2025-11-05T11:59:48.776Z] [INDEXING-ORCHESTRATOR] [DEBUG] Average chunk size: 1646 characters
[2025-11-05T11:59:48.781Z] [2025-11-05T11:59:48.781Z] [TREESITTER-CHUNKER] [INFO] Created 2 semantic chunks from C:\Users\RakaThinkpad\Documents\Project\educatedplanet\admin\src\app\api\users\route.ts
[2025-11-05T11:59:48.797Z] [2025-11-05T11:59:48.797Z] [TREESITTER-FULL] [INFO] Extracted 2 symbols from C:\Users\RakaThinkpad\Documents\Project\educatedplanet\admin\src\app\api\users\route.ts
[2025-11-05T11:59:48.797Z] [2025-11-05T11:59:48.797Z] [INDEXING-ORCHESTRATOR] [DEBUG] 🔍 Symbol extraction for C:\Users\RakaThinkpad\Documents\Project\educatedplanet\admin\src\app\api\users\route.ts: 2 symbols, 3 imports
[2025-11-05T11:59:48.797Z] [2025-11-05T11:59:48.798Z] [INDEXING-ORCHESTRATOR] [DEBUG] 📍 Chunk 11-48: 1 candidate symbols
[2025-11-05T11:59:48.797Z] [2025-11-05T11:59:48.798Z] [INDEXING-ORCHESTRATOR] [DEBUG] ✅ Chunk symbols after filtering: 1 symbols - GET
[2025-11-05T11:59:48.797Z] [2025-11-05T11:59:48.798Z] [INDEXING-ORCHESTRATOR] [DEBUG] 📍 Chunk 51-84: 1 candidate symbols
[2025-11-05T11:59:48.797Z] [2025-11-05T11:59:48.798Z] [INDEXING-ORCHESTRATOR] [DEBUG] ✅ Chunk symbols after filtering: 1 symbols - POST
[2025-11-05T11:59:48.797Z] [2025-11-05T11:59:48.798Z] [INDEXING-ORCHESTRATOR] [DEBUG] Created 2 semantic chunks for C:\Users\RakaThinkpad\Documents\Project\educatedplanet\admin\src\app\api\users\route.ts
[2025-11-05T11:59:48.797Z] [2025-11-05T11:59:48.798Z] [INDEXING-ORCHESTRATOR] [DEBUG] Average chunk size: 1109 characters
[2025-11-05T11:59:48.802Z] [2025-11-05T11:59:48.802Z] [TREESITTER-CHUNKER] [INFO] Created 1 semantic chunks from C:\Users\RakaThinkpad\Documents\Project\educatedplanet\admin\src\app\layout.tsx
[2025-11-05T11:59:48.809Z] [2025-11-05T11:59:48.809Z] [TREESITTER-FULL] [INFO] Extracted 2 symbols from C:\Users\RakaThinkpad\Documents\Project\educatedplanet\admin\src\app\layout.tsx
[2025-11-05T11:59:48.809Z] [2025-11-05T11:59:48.809Z] [INDEXING-ORCHESTRATOR] [DEBUG] 🔍 Symbol extraction for C:\Users\RakaThinkpad\Documents\Project\educatedplanet\admin\src\app\layout.tsx: 2 symbols, 11 imports
[2025-11-05T11:59:48.809Z] [2025-11-05T11:59:48.809Z] [INDEXING-ORCHESTRATOR] [DEBUG] 📍 Chunk 23-44: 1 candidate symbols
[2025-11-05T11:59:48.809Z] [2025-11-05T11:59:48.809Z] [INDEXING-ORCHESTRATOR] [DEBUG] ✅ Chunk symbols after filtering: 1 symbols - RootLayout
[2025-11-05T11:59:48.809Z] [2025-11-05T11:59:48.809Z] [INDEXING-ORCHESTRATOR] [DEBUG] Created 1 semantic chunks for C:\Users\RakaThinkpad\Documents\Project\educatedplanet\admin\src\app\layout.tsx
[2025-11-05T11:59:48.809Z] [2025-11-05T11:59:48.809Z] [INDEXING-ORCHESTRATOR] [DEBUG] Average chunk size: 711 characters
[2025-11-05T11:59:48.809Z] [2025-11-05T11:59:48.809Z] [INDEXING-ORCHESTRATOR] [DEBUG] 📊 Processed: 50/220 files
[2025-11-05T11:59:48.818Z] [2025-11-05T11:59:48.818Z] [TREESITTER-CHUNKER] [INFO] Created 1 semantic chunks from C:\Users\RakaThinkpad\Documents\Project\educatedplanet\admin\src\app\not-found.tsx
[2025-11-05T11:59:48.825Z] [2025-11-05T11:59:48.825Z] [TREESITTER-FULL] [INFO] Extracted 1 symbols from C:\Users\RakaThinkpad\Documents\Project\educatedplanet\admin\src\app\not-found.tsx
[2025-11-05T11:59:48.825Z] [2025-11-05T11:59:48.825Z] [INDEXING-ORCHESTRATOR] [DEBUG] 🔍 Symbol extraction for C:\Users\RakaThinkpad\Documents\Project\educatedplanet\admin\src\app\not-found.tsx: 1 symbols, 2 imports
[2025-11-05T11:59:48.825Z] [2025-11-05T11:59:48.825Z] [INDEXING-ORCHESTRATOR] [DEBUG] 📍 Chunk 7-17: 1 candidate symbols
[2025-11-05T11:59:48.825Z] [2025-11-05T11:59:48.825Z] [INDEXING-ORCHESTRATOR] [DEBUG] ✅ Chunk symbols after filtering: 1 symbols - NotFound
[2025-11-05T11:59:48.825Z] [2025-11-05T11:59:48.825Z] [INDEXING-ORCHESTRATOR] [DEBUG] Created 1 semantic chunks for C:\Users\RakaThinkpad\Documents\Project\educatedplanet\admin\src\app\not-found.tsx
[2025-11-05T11:59:48.825Z] [2025-11-05T11:59:48.825Z] [INDEXING-ORCHESTRATOR] [DEBUG] Average chunk size: 431 characters
[2025-11-05T11:59:48.835Z] [2025-11-05T11:59:48.835Z] [TREESITTER-CHUNKER] [INFO] Created 2 semantic chunks from C:\Users\RakaThinkpad\Documents\Project\educatedplanet\admin\src\app\page.tsx
[2025-11-05T11:59:48.853Z] [2025-11-05T11:59:48.854Z] [TREESITTER-FULL] [INFO] Extracted 1 symbols from C:\Users\RakaThinkpad\Documents\Project\educatedplanet\admin\src\app\page.tsx
[2025-11-05T11:59:48.853Z] [2025-11-05T11:59:48.854Z] [INDEXING-ORCHESTRATOR] [DEBUG] 🔍 Symbol extraction for C:\Users\RakaThinkpad\Documents\Project\educatedplanet\admin\src\app\page.tsx: 1 symbols, 16 imports
[2025-11-05T11:59:48.854Z] [2025-11-05T11:59:48.854Z] [INDEXING-ORCHESTRATOR] [DEBUG] 📍 Chunk 53-61: 0 candidate symbols
[2025-11-05T11:59:48.854Z] [2025-11-05T11:59:48.854Z] [INDEXING-ORCHESTRATOR] [DEBUG] ✅ Chunk symbols after filtering: 0 symbols - 
[2025-11-05T11:59:48.854Z] [2025-11-05T11:59:48.854Z] [INDEXING-ORCHESTRATOR] [DEBUG] 📍 Chunk 62-102: 0 candidate symbols
[2025-11-05T11:59:48.854Z] [2025-11-05T11:59:48.854Z] [INDEXING-ORCHESTRATOR] [DEBUG] ✅ Chunk symbols after filtering: 0 symbols - 
[2025-11-05T11:59:48.854Z] [2025-11-05T11:59:48.854Z] [INDEXING-ORCHESTRATOR] [DEBUG] Created 2 semantic chunks for C:\Users\RakaThinkpad\Documents\Project\educatedplanet\admin\src\app\page.tsx
[2025-11-05T11:59:48.854Z] [2025-11-05T11:59:48.854Z] [INDEXING-ORCHESTRATOR] [DEBUG] Average chunk size: 1096 characters
[2025-11-05T11:59:48.873Z] [2025-11-05T11:59:48.873Z] [TREESITTER-CHUNKER] [INFO] Created 2 semantic chunks from C:\Users\RakaThinkpad\Documents\Project\educatedplanet\admin\src\components\data-table\data-table-pagination.tsx
[2025-11-05T11:59:48.911Z] [2025-11-05T11:59:48.911Z] [TREESITTER-FULL] [INFO] Extracted 1 symbols from C:\Users\RakaThinkpad\Documents\Project\educatedplanet\admin\src\components\data-table\data-table-pagination.tsx
[2025-11-05T11:59:48.911Z] [2025-11-05T11:59:48.911Z] [INDEXING-ORCHESTRATOR] [DEBUG] 🔍 Symbol extraction for C:\Users\RakaThinkpad\Documents\Project\educatedplanet\admin\src\components\data-table\data-table-pagination.tsx: 1 symbols, 5 imports
[2025-11-05T11:59:48.911Z] [2025-11-05T11:59:48.911Z] [INDEXING-ORCHESTRATOR] [DEBUG] 📍 Chunk 8-10: 1 candidate symbols
[2025-11-05T11:59:48.911Z] [2025-11-05T11:59:48.911Z] [INDEXING-ORCHESTRATOR] [DEBUG] ✅ Chunk symbols after filtering: 1 symbols - DataTablePaginationProps
[2025-11-05T11:59:48.911Z] [2025-11-05T11:59:48.911Z] [INDEXING-ORCHESTRATOR] [DEBUG] 📍 Chunk 11-89: 0 candidate symbols
[2025-11-05T11:59:48.911Z] [2025-11-05T11:59:48.911Z] [INDEXING-ORCHESTRATOR] [DEBUG] ✅ Chunk symbols after filtering: 0 symbols - 
[2025-11-05T11:59:48.911Z] [2025-11-05T11:59:48.911Z] [INDEXING-ORCHESTRATOR] [DEBUG] Created 2 semantic chunks for C:\Users\RakaThinkpad\Documents\Project\educatedplanet\admin\src\components\data-table\data-table-pagination.tsx
[2025-11-05T11:59:48.911Z] [2025-11-05T11:59:48.911Z] [INDEXING-ORCHESTRATOR] [DEBUG] Average chunk size: 1533 characters
[2025-11-05T11:59:48.922Z] [2025-11-05T11:59:48.922Z] [TREESITTER-CHUNKER] [INFO] Created 2 semantic chunks from C:\Users\RakaThinkpad\Documents\Project\educatedplanet\admin\src\components\data-table\data-table-column-header.tsx
[2025-11-05T11:59:48.942Z] [2025-11-05T11:59:48.943Z] [TREESITTER-FULL] [INFO] Extracted 2 symbols from C:\Users\RakaThinkpad\Documents\Project\educatedplanet\admin\src\components\data-table\data-table-column-header.tsx
[2025-11-05T11:59:48.943Z] [2025-11-05T11:59:48.943Z] [INDEXING-ORCHESTRATOR] [DEBUG] 🔍 Symbol extraction for C:\Users\RakaThinkpad\Documents\Project\educatedplanet\admin\src\components\data-table\data-table-column-header.tsx: 2 symbols, 5 imports
[2025-11-05T11:59:48.943Z] [2025-11-05T11:59:48.943Z] [INDEXING-ORCHESTRATOR] [DEBUG] 📍 Chunk 14-28: 2 candidate symbols
[2025-11-05T11:59:48.943Z] [2025-11-05T11:59:48.943Z] [INDEXING-ORCHESTRATOR] [DEBUG] ✅ Chunk symbols after filtering: 2 symbols - DataTableColumnHeaderProps, getSortIcon
[2025-11-05T11:59:48.943Z] [2025-11-05T11:59:48.943Z] [INDEXING-ORCHESTRATOR] [DEBUG] 📍 Chunk 29-70: 0 candidate symbols
[2025-11-05T11:59:48.943Z] [2025-11-05T11:59:48.943Z] [INDEXING-ORCHESTRATOR] [DEBUG] ✅ Chunk symbols after filtering: 0 symbols - 
[2025-11-05T11:59:48.943Z] [2025-11-05T11:59:48.943Z] [INDEXING-ORCHESTRATOR] [DEBUG] Created 2 semantic chunks for C:\Users\RakaThinkpad\Documents\Project\educatedplanet\admin\src\components\data-table\data-table-column-header.tsx
[2025-11-05T11:59:48.943Z] [2025-11-05T11:59:48.943Z] [INDEXING-ORCHESTRATOR] [DEBUG] Average chunk size: 934 characters
[2025-11-05T11:59:48.948Z] [2025-11-05T11:59:48.948Z] [TREESITTER-CHUNKER] [INFO] Created 2 semantic chunks from C:\Users\RakaThinkpad\Documents\Project\educatedplanet\admin\src\components\data-table\data-table-view-options.tsx
[2025-11-05T11:59:48.958Z] [2025-11-05T11:59:48.958Z] [TREESITTER-FULL] [INFO] Extracted 1 symbols from C:\Users\RakaThinkpad\Documents\Project\educatedplanet\admin\src\components\data-table\data-table-view-options.tsx
[2025-11-05T11:59:48.958Z] [2025-11-05T11:59:48.958Z] [INDEXING-ORCHESTRATOR] [DEBUG] 🔍 Symbol extraction for C:\Users\RakaThinkpad\Documents\Project\educatedplanet\admin\src\components\data-table\data-table-view-options.tsx: 1 symbols, 4 imports
[2025-11-05T11:59:48.958Z] [2025-11-05T11:59:48.958Z] [INDEXING-ORCHESTRATOR] [DEBUG] 📍 Chunk 16-18: 1 candidate symbols
[2025-11-05T11:59:48.958Z] [2025-11-05T11:59:48.958Z] [INDEXING-ORCHESTRATOR] [DEBUG] ✅ Chunk symbols after filtering: 1 symbols - DataTableViewOptionsProps
[2025-11-05T11:59:48.958Z] [2025-11-05T11:59:48.958Z] [INDEXING-ORCHESTRATOR] [DEBUG] 📍 Chunk 19-51: 0 candidate symbols
[2025-11-05T11:59:48.958Z] [2025-11-05T11:59:48.958Z] [INDEXING-ORCHESTRATOR] [DEBUG] ✅ Chunk symbols after filtering: 0 symbols - 
[2025-11-05T11:59:48.958Z] [2025-11-05T11:59:48.958Z] [INDEXING-ORCHESTRATOR] [DEBUG] Created 2 semantic chunks for C:\Users\RakaThinkpad\Documents\Project\educatedplanet\admin\src\components\data-table\data-table-view-options.tsx
[2025-11-05T11:59:48.958Z] [2025-11-05T11:59:48.958Z] [INDEXING-ORCHESTRATOR] [DEBUG] Average chunk size: 590 characters
[2025-11-05T11:59:48.971Z] [2025-11-05T11:59:48.971Z] [TREESITTER-CHUNKER] [INFO] Created 3 semantic chunks from C:\Users\RakaThinkpad\Documents\Project\educatedplanet\admin\src\components\data-table\data-table.tsx
[2025-11-05T11:59:49.004Z] [2025-11-05T11:59:49.004Z] [TREESITTER-FULL] [INFO] Extracted 5 symbols from C:\Users\RakaThinkpad\Documents\Project\educatedplanet\admin\src\components\data-table\data-table.tsx
[2025-11-05T11:59:49.004Z] [2025-11-05T11:59:49.004Z] [INDEXING-ORCHESTRATOR] [DEBUG] 🔍 Symbol extraction for C:\Users\RakaThinkpad\Documents\Project\educatedplanet\admin\src\components\data-table\data-table.tsx: 5 symbols, 7 imports
[2025-11-05T11:59:49.004Z] [2025-11-05T11:59:49.004Z] [INDEXING-ORCHESTRATOR] [DEBUG] 📍 Chunk 22-27: 1 candidate symbols
[2025-11-05T11:59:49.004Z] [2025-11-05T11:59:49.004Z] [INDEXING-ORCHESTRATOR] [DEBUG] ✅ Chunk symbols after filtering: 1 symbols - DataTableProps
[2025-11-05T11:59:49.004Z] [2025-11-05T11:59:49.004Z] [INDEXING-ORCHESTRATOR] [DEBUG] 📍 Chunk 77-87: 1 candidate symbols
[2025-11-05T11:59:49.004Z] [2025-11-05T11:59:49.004Z] [INDEXING-ORCHESTRATOR] [DEBUG] ✅ Chunk symbols after filtering: 1 symbols - handleDragEnd
[2025-11-05T11:59:49.004Z] [2025-11-05T11:59:49.004Z] [INDEXING-ORCHESTRATOR] [DEBUG] 📍 Chunk 88-126: 0 candidate symbols
[2025-11-05T11:59:49.004Z] [2025-11-05T11:59:49.004Z] [INDEXING-ORCHESTRATOR] [DEBUG] ✅ Chunk symbols after filtering: 0 symbols - 
[2025-11-05T11:59:49.004Z] [2025-11-05T11:59:49.004Z] [INDEXING-ORCHESTRATOR] [DEBUG] Created 3 semantic chunks for C:\Users\RakaThinkpad\Documents\Project\educatedplanet\admin\src\components\data-table\data-table.tsx
[2025-11-05T11:59:49.004Z] [2025-11-05T11:59:49.004Z] [INDEXING-ORCHESTRATOR] [DEBUG] Average chunk size: 565 characters
[2025-11-05T11:59:49.010Z] [2025-11-05T11:59:49.010Z] [TREESITTER-CHUNKER] [INFO] Created 2 semantic chunks from C:\Users\RakaThinkpad\Documents\Project\educatedplanet\admin\src\components\data-table\drag-column.tsx
[2025-11-05T11:59:49.027Z] [2025-11-05T11:59:49.027Z] [TREESITTER-FULL] [INFO] Extracted 2 symbols from C:\Users\RakaThinkpad\Documents\Project\educatedplanet\admin\src\components\data-table\drag-column.tsx
[2025-11-05T11:59:49.027Z] [2025-11-05T11:59:49.027Z] [INDEXING-ORCHESTRATOR] [DEBUG] 🔍 Symbol extraction for C:\Users\RakaThinkpad\Documents\Project\educatedplanet\admin\src\components\data-table\drag-column.tsx: 2 symbols, 4 imports
[2025-11-05T11:59:49.027Z] [2025-11-05T11:59:49.027Z] [INDEXING-ORCHESTRATOR] [DEBUG] 📍 Chunk 7-24: 1 candidate symbols
[2025-11-05T11:59:49.027Z] [2025-11-05T11:59:49.027Z] [INDEXING-ORCHESTRATOR] [DEBUG] ✅ Chunk symbols after filtering: 1 symbols - DragHandle
[2025-11-05T11:59:49.027Z] [2025-11-05T11:59:49.027Z] [INDEXING-ORCHESTRATOR] [DEBUG] 📍 Chunk 25-33: 1 candidate symbols
[2025-11-05T11:59:49.027Z] [2025-11-05T11:59:49.027Z] [INDEXING-ORCHESTRATOR] [DEBUG] ✅ Chunk symbols after filtering: 1 symbols - dragColumn
[2025-11-05T11:59:49.027Z] [2025-11-05T11:59:49.027Z] [INDEXING-ORCHESTRATOR] [DEBUG] Created 2 semantic chunks for C:\Users\RakaThinkpad\Documents\Project\educatedplanet\admin\src\components\data-table\drag-column.tsx
[2025-11-05T11:59:49.027Z] [2025-11-05T11:59:49.027Z] [INDEXING-ORCHESTRATOR] [DEBUG] Average chunk size: 320 characters
[2025-11-05T11:59:49.054Z] [2025-11-05T11:59:49.054Z] [TREESITTER-CHUNKER] [INFO] Created 1 semantic chunks from C:\Users\RakaThinkpad\Documents\Project\educatedplanet\admin\src\components\data-table\draggable-row.tsx
[2025-11-05T11:59:49.061Z] [2025-11-05T11:59:49.061Z] [TREESITTER-FULL] [INFO] Extracted 0 symbols from C:\Users\RakaThinkpad\Documents\Project\educatedplanet\admin\src\components\data-table\draggable-row.tsx
[2025-11-05T11:59:49.061Z] [2025-11-05T11:59:49.061Z] [INDEXING-ORCHESTRATOR] [DEBUG] 🔍 Symbol extraction for C:\Users\RakaThinkpad\Documents\Project\educatedplanet\admin\src\components\data-table\draggable-row.tsx: 0 symbols, 4 imports
[2025-11-05T11:59:49.061Z] [2025-11-05T11:59:49.061Z] [INDEXING-ORCHESTRATOR] [DEBUG] 📍 Chunk 1-28: 0 candidate symbols
[2025-11-05T11:59:49.061Z] [2025-11-05T11:59:49.061Z] [INDEXING-ORCHESTRATOR] [DEBUG] ✅ Chunk symbols after filtering: 0 symbols - 
[2025-11-05T11:59:49.061Z] [2025-11-05T11:59:49.061Z] [INDEXING-ORCHESTRATOR] [DEBUG] Created 1 semantic chunks for C:\Users\RakaThinkpad\Documents\Project\educatedplanet\admin\src\components\data-table\draggable-row.tsx
[2025-11-05T11:59:49.061Z] [2025-11-05T11:59:49.061Z] [INDEXING-ORCHESTRATOR] [DEBUG] Average chunk size: 951 characters
[2025-11-05T11:59:49.062Z] [2025-11-05T11:59:49.062Z] [TREESITTER-CHUNKER] [INFO] Created 1 semantic chunks from C:\Users\RakaThinkpad\Documents\Project\educatedplanet\admin\src\components\data-table\table-utils.ts
[2025-11-05T11:59:49.064Z] [2025-11-05T11:59:49.064Z] [TREESITTER-FULL] [INFO] Extracted 1 symbols from C:\Users\RakaThinkpad\Documents\Project\educatedplanet\admin\src\components\data-table\table-utils.ts
[2025-11-05T11:59:49.064Z] [2025-11-05T11:59:49.064Z] [INDEXING-ORCHESTRATOR] [DEBUG] 🔍 Symbol extraction for C:\Users\RakaThinkpad\Documents\Project\educatedplanet\admin\src\components\data-table\table-utils.ts: 1 symbols, 2 imports
[2025-11-05T11:59:49.064Z] [2025-11-05T11:59:49.064Z] [INDEXING-ORCHESTRATOR] [DEBUG] 📍 Chunk 5-7: 1 candidate symbols
[2025-11-05T11:59:49.064Z] [2025-11-05T11:59:49.064Z] [INDEXING-ORCHESTRATOR] [DEBUG] ✅ Chunk symbols after filtering: 1 symbols - withDndColumn
[2025-11-05T11:59:49.064Z] [2025-11-05T11:59:49.064Z] [INDEXING-ORCHESTRATOR] [DEBUG] Created 1 semantic chunks for C:\Users\RakaThinkpad\Documents\Project\educatedplanet\admin\src\components\data-table\table-utils.ts
[2025-11-05T11:59:49.064Z] [2025-11-05T11:59:49.064Z] [INDEXING-ORCHESTRATOR] [DEBUG] Average chunk size: 123 characters
[2025-11-05T11:59:49.074Z] [2025-11-05T11:59:49.074Z] [TREESITTER-CHUNKER] [INFO] Created 2 semantic chunks from C:\Users\RakaThinkpad\Documents\Project\educatedplanet\admin\src\components\providers\global-loading-provider.tsx
[2025-11-05T11:59:49.102Z] [2025-11-05T11:59:49.102Z] [TREESITTER-FULL] [INFO] Extracted 5 symbols from C:\Users\RakaThinkpad\Documents\Project\educatedplanet\admin\src\components\providers\global-loading-provider.tsx
[2025-11-05T11:59:49.103Z] [2025-11-05T11:59:49.102Z] [INDEXING-ORCHESTRATOR] [DEBUG] 🔍 Symbol extraction for C:\Users\RakaThinkpad\Documents\Project\educatedplanet\admin\src\components\providers\global-loading-provider.tsx: 5 symbols, 4 imports
[2025-11-05T11:59:49.103Z] [2025-11-05T11:59:49.102Z] [INDEXING-ORCHESTRATOR] [DEBUG] 📍 Chunk 8-26: 4 candidate symbols
[2025-11-05T11:59:49.103Z] [2025-11-05T11:59:49.103Z] [INDEXING-ORCHESTRATOR] [DEBUG] ✅ Chunk symbols after filtering: 4 symbols - LoadingContextType, LoadingContext, useLoading, LoadingProviderProps
[2025-11-05T11:59:49.103Z] [2025-11-05T11:59:49.103Z] [INDEXING-ORCHESTRATOR] [DEBUG] 📍 Chunk 28-151: 1 candidate symbols
[2025-11-05T11:59:49.103Z] [2025-11-05T11:59:49.103Z] [INDEXING-ORCHESTRATOR] [DEBUG] ✅ Chunk symbols after filtering: 1 symbols - LoadingProvider
[2025-11-05T11:59:49.103Z] [2025-11-05T11:59:49.103Z] [INDEXING-ORCHESTRATOR] [DEBUG] Created 2 semantic chunks for C:\Users\RakaThinkpad\Documents\Project\educatedplanet\admin\src\components\providers\global-loading-provider.tsx
[2025-11-05T11:59:49.103Z] [2025-11-05T11:59:49.103Z] [INDEXING-ORCHESTRATOR] [DEBUG] Average chunk size: 1915 characters
[2025-11-05T11:59:49.103Z] [2025-11-05T11:59:49.103Z] [INDEXING-ORCHESTRATOR] [DEBUG] 📊 Processed: 60/220 files
[2025-11-05T11:59:49.112Z] [2025-11-05T11:59:49.112Z] [TREESITTER-CHUNKER] [INFO] Created 1 semantic chunks from C:\Users\RakaThinkpad\Documents\Project\educatedplanet\admin\src\components\simple-icon.tsx
[2025-11-05T11:59:49.119Z] [2025-11-05T11:59:49.119Z] [TREESITTER-FULL] [INFO] Extracted 2 symbols from C:\Users\RakaThinkpad\Documents\Project\educatedplanet\admin\src\components\simple-icon.tsx
[2025-11-05T11:59:49.119Z] [2025-11-05T11:59:49.119Z] [INDEXING-ORCHESTRATOR] [DEBUG] 🔍 Symbol extraction for C:\Users\RakaThinkpad\Documents\Project\educatedplanet\admin\src\components\simple-icon.tsx: 2 symbols, 3 imports
[2025-11-05T11:59:49.120Z] [2025-11-05T11:59:49.119Z] [INDEXING-ORCHESTRATOR] [DEBUG] 📍 Chunk 9-30: 2 candidate symbols
[2025-11-05T11:59:49.120Z] [2025-11-05T11:59:49.119Z] [INDEXING-ORCHESTRATOR] [DEBUG] ✅ Chunk symbols after filtering: 2 symbols - SimpleIconProps, SimpleIcon
[2025-11-05T11:59:49.120Z] [2025-11-05T11:59:49.119Z] [INDEXING-ORCHESTRATOR] [DEBUG] Created 1 semantic chunks for C:\Users\RakaThinkpad\Documents\Project\educatedplanet\admin\src\components\simple-icon.tsx
[2025-11-05T11:59:49.120Z] [2025-11-05T11:59:49.120Z] [INDEXING-ORCHESTRATOR] [DEBUG] Average chunk size: 506 characters
[2025-11-05T11:59:49.121Z] [2025-11-05T11:59:49.121Z] [TREESITTER-CHUNKER] [INFO] Created 1 semantic chunks from C:\Users\RakaThinkpad\Documents\Project\educatedplanet\admin\src\components\providers\providers-wrapper.tsx
[2025-11-05T11:59:49.123Z] [2025-11-05T11:59:49.123Z] [TREESITTER-FULL] [INFO] Extracted 2 symbols from C:\Users\RakaThinkpad\Documents\Project\educatedplanet\admin\src\components\providers\providers-wrapper.tsx
[2025-11-05T11:59:49.123Z] [2025-11-05T11:59:49.123Z] [INDEXING-ORCHESTRATOR] [DEBUG] 🔍 Symbol extraction for C:\Users\RakaThinkpad\Documents\Project\educatedplanet\admin\src\components\providers\providers-wrapper.tsx: 2 symbols, 2 imports
[2025-11-05T11:59:49.123Z] [2025-11-05T11:59:49.123Z] [INDEXING-ORCHESTRATOR] [DEBUG] 📍 Chunk 6-16: 2 candidate symbols
[2025-11-05T11:59:49.123Z] [2025-11-05T11:59:49.123Z] [INDEXING-ORCHESTRATOR] [DEBUG] ✅ Chunk symbols after filtering: 2 symbols - ProvidersWrapperProps, ProvidersWrapper
[2025-11-05T11:59:49.123Z] [2025-11-05T11:59:49.123Z] [INDEXING-ORCHESTRATOR] [DEBUG] Created 1 semantic chunks for C:\Users\RakaThinkpad\Documents\Project\educatedplanet\admin\src\components\providers\providers-wrapper.tsx
[2025-11-05T11:59:49.123Z] [2025-11-05T11:59:49.123Z] [INDEXING-ORCHESTRATOR] [DEBUG] Average chunk size: 209 characters
[2025-11-05T11:59:49.126Z] [2025-11-05T11:59:49.126Z] [TREESITTER-CHUNKER] [INFO] Created 1 semantic chunks from C:\Users\RakaThinkpad\Documents\Project\educatedplanet\admin\src\components\providers\query-client-provider.tsx
[2025-11-05T11:59:49.130Z] [2025-11-05T11:59:49.130Z] [TREESITTER-FULL] [INFO] Extracted 2 symbols from C:\Users\RakaThinkpad\Documents\Project\educatedplanet\admin\src\components\providers\query-client-provider.tsx
[2025-11-05T11:59:49.130Z] [2025-11-05T11:59:49.130Z] [INDEXING-ORCHESTRATOR] [DEBUG] 🔍 Symbol extraction for C:\Users\RakaThinkpad\Documents\Project\educatedplanet\admin\src\components\providers\query-client-provider.tsx: 2 symbols, 2 imports
[2025-11-05T11:59:49.130Z] [2025-11-05T11:59:49.130Z] [INDEXING-ORCHESTRATOR] [DEBUG] 📍 Chunk 6-28: 2 candidate symbols
[2025-11-05T11:59:49.130Z] [2025-11-05T11:59:49.130Z] [INDEXING-ORCHESTRATOR] [DEBUG] ✅ Chunk symbols after filtering: 2 symbols - QueryClientProviderProps, CustomQueryClientProvider
[2025-11-05T11:59:49.130Z] [2025-11-05T11:59:49.130Z] [INDEXING-ORCHESTRATOR] [DEBUG] Created 1 semantic chunks for C:\Users\RakaThinkpad\Documents\Project\educatedplanet\admin\src\components\providers\query-client-provider.tsx
[2025-11-05T11:59:49.130Z] [2025-11-05T11:59:49.130Z] [INDEXING-ORCHESTRATOR] [DEBUG] Average chunk size: 482 characters
[2025-11-05T11:59:49.144Z] [2025-11-05T11:59:49.145Z] [TREESITTER-CHUNKER] [INFO] Created 4 semantic chunks from C:\Users\RakaThinkpad\Documents\Project\educatedplanet\admin\src\components\ui\alert-dialog.tsx
[2025-11-05T11:59:49.177Z] [2025-11-05T11:59:49.177Z] [TREESITTER-FULL] [INFO] Extracted 2 symbols from C:\Users\RakaThinkpad\Documents\Project\educatedplanet\admin\src\components\ui\alert-dialog.tsx
[2025-11-05T11:59:49.177Z] [2025-11-05T11:59:49.177Z] [INDEXING-ORCHESTRATOR] [DEBUG] 🔍 Symbol extraction for C:\Users\RakaThinkpad\Documents\Project\educatedplanet\admin\src\components\ui\alert-dialog.tsx: 2 symbols, 4 imports
[2025-11-05T11:59:49.177Z] [2025-11-05T11:59:49.177Z] [INDEXING-ORCHESTRATOR] [DEBUG] 📍 Chunk 15-29: 2 candidate symbols
[2025-11-05T11:59:49.177Z] [2025-11-05T11:59:49.177Z] [INDEXING-ORCHESTRATOR] [DEBUG] ✅ Chunk symbols after filtering: 2 symbols - AlertDialogTrigger, AlertDialogPortal
[2025-11-05T11:59:49.177Z] [2025-11-05T11:59:49.178Z] [INDEXING-ORCHESTRATOR] [DEBUG] 📍 Chunk 73-74: 0 candidate symbols
[2025-11-05T11:59:49.177Z] [2025-11-05T11:59:49.178Z] [INDEXING-ORCHESTRATOR] [DEBUG] ✅ Chunk symbols after filtering: 0 symbols - 
[2025-11-05T11:59:49.177Z] [2025-11-05T11:59:49.178Z] [INDEXING-ORCHESTRATOR] [DEBUG] 📍 Chunk 86-90: 0 candidate symbols
[2025-11-05T11:59:49.177Z] [2025-11-05T11:59:49.178Z] [INDEXING-ORCHESTRATOR] [DEBUG] ✅ Chunk symbols after filtering: 0 symbols - 
[2025-11-05T11:59:49.177Z] [2025-11-05T11:59:49.178Z] [INDEXING-ORCHESTRATOR] [DEBUG] 📍 Chunk 91-158: 0 candidate symbols
[2025-11-05T11:59:49.178Z] [2025-11-05T11:59:49.178Z] [INDEXING-ORCHESTRATOR] [DEBUG] ✅ Chunk symbols after filtering: 0 symbols - 
[2025-11-05T11:59:49.178Z] [2025-11-05T11:59:49.178Z] [INDEXING-ORCHESTRATOR] [DEBUG] Created 4 semantic chunks for C:\Users\RakaThinkpad\Documents\Project\educatedplanet\admin\src\components\ui\alert-dialog.tsx
[2025-11-05T11:59:49.178Z] [2025-11-05T11:59:49.178Z] [INDEXING-ORCHESTRATOR] [DEBUG] Average chunk size: 508 characters
[2025-11-05T11:59:49.184Z] [2025-11-05T11:59:49.184Z] [TREESITTER-CHUNKER] [INFO] Created 4 semantic chunks from C:\Users\RakaThinkpad\Documents\Project\educatedplanet\admin\src\components\ui\alert.tsx
[2025-11-05T11:59:49.210Z] [2025-11-05T11:59:49.210Z] [TREESITTER-FULL] [INFO] Extracted 1 symbols from C:\Users\RakaThinkpad\Documents\Project\educatedplanet\admin\src\components\ui\alert.tsx
[2025-11-05T11:59:49.210Z] [2025-11-05T11:59:49.210Z] [INDEXING-ORCHESTRATOR] [DEBUG] 🔍 Symbol extraction for C:\Users\RakaThinkpad\Documents\Project\educatedplanet\admin\src\components\ui\alert.tsx: 1 symbols, 3 imports
[2025-11-05T11:59:49.210Z] [2025-11-05T11:59:49.210Z] [INDEXING-ORCHESTRATOR] [DEBUG] 📍 Chunk 31-32: 0 candidate symbols
[2025-11-05T11:59:49.210Z] [2025-11-05T11:59:49.210Z] [INDEXING-ORCHESTRATOR] [DEBUG] ✅ Chunk symbols after filtering: 0 symbols - 
[2025-11-05T11:59:49.210Z] [2025-11-05T11:59:49.210Z] [INDEXING-ORCHESTRATOR] [DEBUG] 📍 Chunk 41-45: 0 candidate symbols
[2025-11-05T11:59:49.210Z] [2025-11-05T11:59:49.210Z] [INDEXING-ORCHESTRATOR] [DEBUG] ✅ Chunk symbols after filtering: 0 symbols - 
[2025-11-05T11:59:49.210Z] [2025-11-05T11:59:49.210Z] [INDEXING-ORCHESTRATOR] [DEBUG] 📍 Chunk 57-61: 0 candidate symbols
[2025-11-05T11:59:49.210Z] [2025-11-05T11:59:49.210Z] [INDEXING-ORCHESTRATOR] [DEBUG] ✅ Chunk symbols after filtering: 0 symbols - 
[2025-11-05T11:59:49.210Z] [2025-11-05T11:59:49.210Z] [INDEXING-ORCHESTRATOR] [DEBUG] 📍 Chunk 62-67: 0 candidate symbols
[2025-11-05T11:59:49.210Z] [2025-11-05T11:59:49.210Z] [INDEXING-ORCHESTRATOR] [DEBUG] ✅ Chunk symbols after filtering: 0 symbols - 
[2025-11-05T11:59:49.210Z] [2025-11-05T11:59:49.210Z] [INDEXING-ORCHESTRATOR] [DEBUG] Created 4 semantic chunks for C:\Users\RakaThinkpad\Documents\Project\educatedplanet\admin\src\components\ui\alert.tsx
[2025-11-05T11:59:49.210Z] [2025-11-05T11:59:49.210Z] [INDEXING-ORCHESTRATOR] [DEBUG] Average chunk size: 100 characters
[2025-11-05T11:59:49.219Z] [2025-11-05T11:59:49.219Z] [TREESITTER-CHUNKER] [INFO] Created 2 semantic chunks from C:\Users\RakaThinkpad\Documents\Project\educatedplanet\admin\src\components\ui\accordion.tsx
[2025-11-05T11:59:49.235Z] [2025-11-05T11:59:49.235Z] [TREESITTER-FULL] [INFO] Extracted 2 symbols from C:\Users\RakaThinkpad\Documents\Project\educatedplanet\admin\src\components\ui\accordion.tsx
[2025-11-05T11:59:49.235Z] [2025-11-05T11:59:49.235Z] [INDEXING-ORCHESTRATOR] [DEBUG] 🔍 Symbol extraction for C:\Users\RakaThinkpad\Documents\Project\educatedplanet\admin\src\components\ui\accordion.tsx: 2 symbols, 4 imports
[2025-11-05T11:59:49.235Z] [2025-11-05T11:59:49.235Z] [INDEXING-ORCHESTRATOR] [DEBUG] 📍 Chunk 15-48: 2 candidate symbols
[2025-11-05T11:59:49.235Z] [2025-11-05T11:59:49.235Z] [INDEXING-ORCHESTRATOR] [DEBUG] ✅ Chunk symbols after filtering: 2 symbols - AccordionItem, AccordionTrigger
[2025-11-05T11:59:49.235Z] [2025-11-05T11:59:49.235Z] [INDEXING-ORCHESTRATOR] [DEBUG] 📍 Chunk 49-67: 0 candidate symbols
[2025-11-05T11:59:49.235Z] [2025-11-05T11:59:49.235Z] [INDEXING-ORCHESTRATOR] [DEBUG] ✅ Chunk symbols after filtering: 0 symbols - 
[2025-11-05T11:59:49.235Z] [2025-11-05T11:59:49.235Z] [INDEXING-ORCHESTRATOR] [DEBUG] Created 2 semantic chunks for C:\Users\RakaThinkpad\Documents\Project\educatedplanet\admin\src\components\ui\accordion.tsx
[2025-11-05T11:59:49.235Z] [2025-11-05T11:59:49.235Z] [INDEXING-ORCHESTRATOR] [DEBUG] Average chunk size: 872 characters
[2025-11-05T11:59:49.237Z] [2025-11-05T11:59:49.237Z] [TREESITTER-CHUNKER] [INFO] Created 1 semantic chunks from C:\Users\RakaThinkpad\Documents\Project\educatedplanet\admin\src\components\ui\aspect-ratio.tsx
[2025-11-05T11:59:49.239Z] [2025-11-05T11:59:49.240Z] [TREESITTER-FULL] [INFO] Extracted 0 symbols from C:\Users\RakaThinkpad\Documents\Project\educatedplanet\admin\src\components\ui\aspect-ratio.tsx
[2025-11-05T11:59:49.239Z] [2025-11-05T11:59:49.240Z] [INDEXING-ORCHESTRATOR] [DEBUG] 🔍 Symbol extraction for C:\Users\RakaThinkpad\Documents\Project\educatedplanet\admin\src\components\ui\aspect-ratio.tsx: 0 symbols, 1 imports
[2025-11-05T11:59:49.240Z] [2025-11-05T11:59:49.240Z] [INDEXING-ORCHESTRATOR] [DEBUG] 📍 Chunk 1-12: 0 candidate symbols
[2025-11-05T11:59:49.240Z] [2025-11-05T11:59:49.240Z] [INDEXING-ORCHESTRATOR] [DEBUG] ✅ Chunk symbols after filtering: 0 symbols - 
[2025-11-05T11:59:49.240Z] [2025-11-05T11:59:49.240Z] [INDEXING-ORCHESTRATOR] [DEBUG] Created 1 semantic chunks for C:\Users\RakaThinkpad\Documents\Project\educatedplanet\admin\src\components\ui\aspect-ratio.tsx
[2025-11-05T11:59:49.240Z] [2025-11-05T11:59:49.240Z] [INDEXING-ORCHESTRATOR] [DEBUG] Average chunk size: 283 characters
[2025-11-05T11:59:49.243Z] [2025-11-05T11:59:49.243Z] [TREESITTER-CHUNKER] [INFO] Created 1 semantic chunks from C:\Users\RakaThinkpad\Documents\Project\educatedplanet\admin\src\components\ui\avatar.tsx
[2025-11-05T11:59:49.254Z] [2025-11-05T11:59:49.254Z] [TREESITTER-FULL] [INFO] Extracted 0 symbols from C:\Users\RakaThinkpad\Documents\Project\educatedplanet\admin\src\components\ui\avatar.tsx
[2025-11-05T11:59:49.254Z] [2025-11-05T11:59:49.254Z] [INDEXING-ORCHESTRATOR] [DEBUG] 🔍 Symbol extraction for C:\Users\RakaThinkpad\Documents\Project\educatedplanet\admin\src\components\ui\avatar.tsx: 0 symbols, 3 imports
[2025-11-05T11:59:49.254Z] [2025-11-05T11:59:49.254Z] [INDEXING-ORCHESTRATOR] [DEBUG] 📍 Chunk 1-54: 0 candidate symbols
[2025-11-05T11:59:49.254Z] [2025-11-05T11:59:49.254Z] [INDEXING-ORCHESTRATOR] [DEBUG] ✅ Chunk symbols after filtering: 0 symbols - 
[2025-11-05T11:59:49.254Z] [2025-11-05T11:59:49.254Z] [INDEXING-ORCHESTRATOR] [DEBUG] Created 1 semantic chunks for C:\Users\RakaThinkpad\Documents\Project\educatedplanet\admin\src\components\ui\avatar.tsx
[2025-11-05T11:59:49.254Z] [2025-11-05T11:59:49.254Z] [INDEXING-ORCHESTRATOR] [DEBUG] Average chunk size: 1143 characters
[2025-11-05T11:59:49.264Z] [2025-11-05T11:59:49.263Z] [TREESITTER-CHUNKER] [INFO] Created 2 semantic chunks from C:\Users\RakaThinkpad\Documents\Project\educatedplanet\admin\src\components\ui\badge.tsx
[2025-11-05T11:59:49.277Z] [2025-11-05T11:59:49.277Z] [TREESITTER-FULL] [INFO] Extracted 2 symbols from C:\Users\RakaThinkpad\Documents\Project\educatedplanet\admin\src\components\ui\badge.tsx
[2025-11-05T11:59:49.277Z] [2025-11-05T11:59:49.277Z] [INDEXING-ORCHESTRATOR] [DEBUG] 🔍 Symbol extraction for C:\Users\RakaThinkpad\Documents\Project\educatedplanet\admin\src\components\ui\badge.tsx: 2 symbols, 4 imports
[2025-11-05T11:59:49.277Z] [2025-11-05T11:59:49.277Z] [INDEXING-ORCHESTRATOR] [DEBUG] 📍 Chunk 28-41: 0 candidate symbols
[2025-11-05T11:59:49.277Z] [2025-11-05T11:59:49.277Z] [INDEXING-ORCHESTRATOR] [DEBUG] ✅ Chunk symbols after filtering: 0 symbols - 
[2025-11-05T11:59:49.277Z] [2025-11-05T11:59:49.277Z] [INDEXING-ORCHESTRATOR] [DEBUG] 📍 Chunk 42-47: 0 candidate symbols
[2025-11-05T11:59:49.277Z] [2025-11-05T11:59:49.277Z] [INDEXING-ORCHESTRATOR] [DEBUG] ✅ Chunk symbols after filtering: 0 symbols - 
[2025-11-05T11:59:49.277Z] [2025-11-05T11:59:49.277Z] [INDEXING-ORCHESTRATOR] [DEBUG] Created 2 semantic chunks for C:\Users\RakaThinkpad\Documents\Project\educatedplanet\admin\src\components\ui\badge.tsx
[2025-11-05T11:59:49.277Z] [2025-11-05T11:59:49.277Z] [INDEXING-ORCHESTRATOR] [DEBUG] Average chunk size: 201 characters
[2025-11-05T11:59:49.290Z] [2025-11-05T11:59:49.291Z] [TREESITTER-CHUNKER] [INFO] Created 7 semantic chunks from C:\Users\RakaThinkpad\Documents\Project\educatedplanet\admin\src\components\ui\breadcrumb.tsx
[2025-11-05T11:59:49.317Z] [2025-11-05T11:59:49.317Z] [TREESITTER-FULL] [INFO] Extracted 1 symbols from C:\Users\RakaThinkpad\Documents\Project\educatedplanet\admin\src\components\ui\breadcrumb.tsx
[2025-11-05T11:59:49.317Z] [2025-11-05T11:59:49.317Z] [INDEXING-ORCHESTRATOR] [DEBUG] 🔍 Symbol extraction for C:\Users\RakaThinkpad\Documents\Project\educatedplanet\admin\src\components\ui\breadcrumb.tsx: 1 symbols, 4 imports
[2025-11-05T11:59:49.317Z] [2025-11-05T11:59:49.317Z] [INDEXING-ORCHESTRATOR] [DEBUG] 📍 Chunk 7-9: 1 candidate symbols
[2025-11-05T11:59:49.317Z] [2025-11-05T11:59:49.317Z] [INDEXING-ORCHESTRATOR] [DEBUG] ✅ Chunk symbols after filtering: 1 symbols - Breadcrumb
[2025-11-05T11:59:49.317Z] [2025-11-05T11:59:49.317Z] [INDEXING-ORCHESTRATOR] [DEBUG] 📍 Chunk 15-19: 0 candidate symbols
[2025-11-05T11:59:49.317Z] [2025-11-05T11:59:49.317Z] [INDEXING-ORCHESTRATOR] [DEBUG] ✅ Chunk symbols after filtering: 0 symbols - 
[2025-11-05T11:59:49.317Z] [2025-11-05T11:59:49.317Z] [INDEXING-ORCHESTRATOR] [DEBUG] 📍 Chunk 28-29: 0 candidate symbols
[2025-11-05T11:59:49.317Z] [2025-11-05T11:59:49.317Z] [INDEXING-ORCHESTRATOR] [DEBUG] ✅ Chunk symbols after filtering: 0 symbols - 
[2025-11-05T11:59:49.317Z] [2025-11-05T11:59:49.317Z] [INDEXING-ORCHESTRATOR] [DEBUG] 📍 Chunk 46-47: 0 candidate symbols
[2025-11-05T11:59:49.317Z] [2025-11-05T11:59:49.317Z] [INDEXING-ORCHESTRATOR] [DEBUG] ✅ Chunk symbols after filtering: 0 symbols - 
[2025-11-05T11:59:49.317Z] [2025-11-05T11:59:49.317Z] [INDEXING-ORCHESTRATOR] [DEBUG] 📍 Chunk 59-60: 0 candidate symbols
[2025-11-05T11:59:49.317Z] [2025-11-05T11:59:49.317Z] [INDEXING-ORCHESTRATOR] [DEBUG] ✅ Chunk symbols after filtering: 0 symbols - 
[2025-11-05T11:59:49.317Z] [2025-11-05T11:59:49.317Z] [INDEXING-ORCHESTRATOR] [DEBUG] 📍 Chunk 75-93: 0 candidate symbols
[2025-11-05T11:59:49.317Z] [2025-11-05T11:59:49.317Z] [INDEXING-ORCHESTRATOR] [DEBUG] ✅ Chunk symbols after filtering: 0 symbols - 
[2025-11-05T11:59:49.317Z] [2025-11-05T11:59:49.317Z] [INDEXING-ORCHESTRATOR] [DEBUG] 📍 Chunk 94-110: 0 candidate symbols
[2025-11-05T11:59:49.317Z] [2025-11-05T11:59:49.317Z] [INDEXING-ORCHESTRATOR] [DEBUG] ✅ Chunk symbols after filtering: 0 symbols - 
[2025-11-05T11:59:49.317Z] [2025-11-05T11:59:49.317Z] [INDEXING-ORCHESTRATOR] [DEBUG] Created 7 semantic chunks for C:\Users\RakaThinkpad\Documents\Project\educatedplanet\admin\src\components\ui\breadcrumb.tsx
[2025-11-05T11:59:49.317Z] [2025-11-05T11:59:49.317Z] [INDEXING-ORCHESTRATOR] [DEBUG] Average chunk size: 169 characters
[2025-11-05T11:59:49.317Z] [2025-11-05T11:59:49.317Z] [INDEXING-ORCHESTRATOR] [DEBUG] 📊 Processed: 70/220 files
[2025-11-05T11:59:49.334Z] [2025-11-05T11:59:49.334Z] [TREESITTER-CHUNKER] [INFO] Created 2 semantic chunks from C:\Users\RakaThinkpad\Documents\Project\educatedplanet\admin\src\components\ui\button-group.tsx
[2025-11-05T11:59:49.353Z] [2025-11-05T11:59:49.353Z] [TREESITTER-FULL] [INFO] Extracted 1 symbols from C:\Users\RakaThinkpad\Documents\Project\educatedplanet\admin\src\components\ui\button-group.tsx
[2025-11-05T11:59:49.353Z] [2025-11-05T11:59:49.353Z] [INDEXING-ORCHESTRATOR] [DEBUG] 🔍 Symbol extraction for C:\Users\RakaThinkpad\Documents\Project\educatedplanet\admin\src\components\ui\button-group.tsx: 1 symbols, 4 imports
[2025-11-05T11:59:49.353Z] [2025-11-05T11:59:49.353Z] [INDEXING-ORCHESTRATOR] [DEBUG] 📍 Chunk 69-73: 0 candidate symbols
[2025-11-05T11:59:49.353Z] [2025-11-05T11:59:49.353Z] [INDEXING-ORCHESTRATOR] [DEBUG] ✅ Chunk symbols after filtering: 0 symbols - 
[2025-11-05T11:59:49.353Z] [2025-11-05T11:59:49.353Z] [INDEXING-ORCHESTRATOR] [DEBUG] 📍 Chunk 74-84: 0 candidate symbols
[2025-11-05T11:59:49.353Z] [2025-11-05T11:59:49.353Z] [INDEXING-ORCHESTRATOR] [DEBUG] ✅ Chunk symbols after filtering: 0 symbols - 
[2025-11-05T11:59:49.353Z] [2025-11-05T11:59:49.353Z] [INDEXING-ORCHESTRATOR] [DEBUG] Created 2 semantic chunks for C:\Users\RakaThinkpad\Documents\Project\educatedplanet\admin\src\components\ui\button-group.tsx
[2025-11-05T11:59:49.353Z] [2025-11-05T11:59:49.353Z] [INDEXING-ORCHESTRATOR] [DEBUG] Average chunk size: 122 characters
[2025-11-05T11:59:49.383Z] [2025-11-05T11:59:49.383Z] [TREESITTER-CHUNKER] [INFO] Created 6 semantic chunks from C:\Users\RakaThinkpad\Documents\Project\educatedplanet\admin\src\components\ui\calendar.tsx
[2025-11-05T11:59:49.436Z] [2025-11-05T11:59:49.436Z] [TREESITTER-FULL] [INFO] Extracted 1 symbols from C:\Users\RakaThinkpad\Documents\Project\educatedplanet\admin\src\components\ui\calendar.tsx
[2025-11-05T11:59:49.436Z] [2025-11-05T11:59:49.436Z] [INDEXING-ORCHESTRATOR] [DEBUG] 🔍 Symbol extraction for C:\Users\RakaThinkpad\Documents\Project\educatedplanet\admin\src\components\ui\calendar.tsx: 1 symbols, 5 imports
[2025-11-05T11:59:49.437Z] [2025-11-05T11:59:49.436Z] [INDEXING-ORCHESTRATOR] [DEBUG] 📍 Chunk 31-37: 0 candidate symbols
[2025-11-05T11:59:49.437Z] [2025-11-05T11:59:49.436Z] [INDEXING-ORCHESTRATOR] [DEBUG] ✅ Chunk symbols after filtering: 0 symbols - 
[2025-11-05T11:59:49.437Z] [2025-11-05T11:59:49.436Z] [INDEXING-ORCHESTRATOR] [DEBUG] 📍 Chunk 136-137: 0 candidate symbols
[2025-11-05T11:59:49.437Z] [2025-11-05T11:59:49.437Z] [INDEXING-ORCHESTRATOR] [DEBUG] ✅ Chunk symbols after filtering: 0 symbols - 
[2025-11-05T11:59:49.437Z] [2025-11-05T11:59:49.437Z] [INDEXING-ORCHESTRATOR] [DEBUG] 📍 Chunk 142-146: 0 candidate symbols
[2025-11-05T11:59:49.437Z] [2025-11-05T11:59:49.437Z] [INDEXING-ORCHESTRATOR] [DEBUG] ✅ Chunk symbols after filtering: 0 symbols - 
[2025-11-05T11:59:49.437Z] [2025-11-05T11:59:49.437Z] [INDEXING-ORCHESTRATOR] [DEBUG] 📍 Chunk 151-152: 0 candidate symbols
[2025-11-05T11:59:49.437Z] [2025-11-05T11:59:49.437Z] [INDEXING-ORCHESTRATOR] [DEBUG] ✅ Chunk symbols after filtering: 0 symbols - 
[2025-11-05T11:59:49.437Z] [2025-11-05T11:59:49.437Z] [INDEXING-ORCHESTRATOR] [DEBUG] 📍 Chunk 206-211: 0 candidate symbols
[2025-11-05T11:59:49.437Z] [2025-11-05T11:59:49.437Z] [INDEXING-ORCHESTRATOR] [DEBUG] ✅ Chunk symbols after filtering: 0 symbols - 
[2025-11-05T11:59:49.437Z] [2025-11-05T11:59:49.437Z] [INDEXING-ORCHESTRATOR] [DEBUG] 📍 Chunk 212-217: 0 candidate symbols
[2025-11-05T11:59:49.437Z] [2025-11-05T11:59:49.437Z] [INDEXING-ORCHESTRATOR] [DEBUG] ✅ Chunk symbols after filtering: 0 symbols - 
[2025-11-05T11:59:49.437Z] [2025-11-05T11:59:49.437Z] [INDEXING-ORCHESTRATOR] [DEBUG] Created 6 semantic chunks for C:\Users\RakaThinkpad\Documents\Project\educatedplanet\admin\src\components\ui\calendar.tsx
[2025-11-05T11:59:49.437Z] [2025-11-05T11:59:49.437Z] [INDEXING-ORCHESTRATOR] [DEBUG] Average chunk size: 274 characters
[2025-11-05T11:59:49.443Z] [2025-11-05T11:59:49.443Z] [TREESITTER-CHUNKER] [INFO] Created 1 semantic chunks from C:\Users\RakaThinkpad\Documents\Project\educatedplanet\admin\src\components\ui\button.tsx
[2025-11-05T11:59:49.460Z] [2025-11-05T11:59:49.460Z] [TREESITTER-FULL] [INFO] Extracted 1 symbols from C:\Users\RakaThinkpad\Documents\Project\educatedplanet\admin\src\components\ui\button.tsx
[2025-11-05T11:59:49.460Z] [2025-11-05T11:59:49.460Z] [INDEXING-ORCHESTRATOR] [DEBUG] 🔍 Symbol extraction for C:\Users\RakaThinkpad\Documents\Project\educatedplanet\admin\src\components\ui\button.tsx: 1 symbols, 4 imports
[2025-11-05T11:59:49.461Z] [2025-11-05T11:59:49.460Z] [INDEXING-ORCHESTRATOR] [DEBUG] 📍 Chunk 54-60: 0 candidate symbols
[2025-11-05T11:59:49.461Z] [2025-11-05T11:59:49.461Z] [INDEXING-ORCHESTRATOR] [DEBUG] ✅ Chunk symbols after filtering: 0 symbols - 
[2025-11-05T11:59:49.461Z] [2025-11-05T11:59:49.461Z] [INDEXING-ORCHESTRATOR] [DEBUG] Created 1 semantic chunks for C:\Users\RakaThinkpad\Documents\Project\educatedplanet\admin\src\components\ui\button.tsx
[2025-11-05T11:59:49.461Z] [2025-11-05T11:59:49.461Z] [INDEXING-ORCHESTRATOR] [DEBUG] Average chunk size: 120 characters
[2025-11-05T11:59:49.478Z] [2025-11-05T11:59:49.478Z] [TREESITTER-CHUNKER] [INFO] Created 8 semantic chunks from C:\Users\RakaThinkpad\Documents\Project\educatedplanet\admin\src\components\ui\card.tsx
[2025-11-05T11:59:49.500Z] [2025-11-05T11:59:49.500Z] [TREESITTER-FULL] [INFO] Extracted 0 symbols from C:\Users\RakaThinkpad\Documents\Project\educatedplanet\admin\src\components\ui\card.tsx
[2025-11-05T11:59:49.500Z] [2025-11-05T11:59:49.500Z] [INDEXING-ORCHESTRATOR] [DEBUG] 🔍 Symbol extraction for C:\Users\RakaThinkpad\Documents\Project\educatedplanet\admin\src\components\ui\card.tsx: 0 symbols, 2 imports
[2025-11-05T11:59:49.500Z] [2025-11-05T11:59:49.500Z] [INDEXING-ORCHESTRATOR] [DEBUG] 📍 Chunk 9-13: 0 candidate symbols
[2025-11-05T11:59:49.500Z] [2025-11-05T11:59:49.500Z] [INDEXING-ORCHESTRATOR] [DEBUG] ✅ Chunk symbols after filtering: 0 symbols - 
[2025-11-05T11:59:49.500Z] [2025-11-05T11:59:49.500Z] [INDEXING-ORCHESTRATOR] [DEBUG] 📍 Chunk 22-26: 0 candidate symbols
[2025-11-05T11:59:49.500Z] [2025-11-05T11:59:49.500Z] [INDEXING-ORCHESTRATOR] [DEBUG] ✅ Chunk symbols after filtering: 0 symbols - 
[2025-11-05T11:59:49.500Z] [2025-11-05T11:59:49.500Z] [INDEXING-ORCHESTRATOR] [DEBUG] 📍 Chunk 35-36: 0 candidate symbols
[2025-11-05T11:59:49.500Z] [2025-11-05T11:59:49.500Z] [INDEXING-ORCHESTRATOR] [DEBUG] ✅ Chunk symbols after filtering: 0 symbols - 
[2025-11-05T11:59:49.500Z] [2025-11-05T11:59:49.500Z] [INDEXING-ORCHESTRATOR] [DEBUG] 📍 Chunk 45-46: 0 candidate symbols
[2025-11-05T11:59:49.500Z] [2025-11-05T11:59:49.500Z] [INDEXING-ORCHESTRATOR] [DEBUG] ✅ Chunk symbols after filtering: 0 symbols - 
[2025-11-05T11:59:49.500Z] [2025-11-05T11:59:49.500Z] [INDEXING-ORCHESTRATOR] [DEBUG] 📍 Chunk 55-59: 0 candidate symbols
[2025-11-05T11:59:49.500Z] [2025-11-05T11:59:49.500Z] [INDEXING-ORCHESTRATOR] [DEBUG] ✅ Chunk symbols after filtering: 0 symbols - 
[2025-11-05T11:59:49.500Z] [2025-11-05T11:59:49.500Z] [INDEXING-ORCHESTRATOR] [DEBUG] 📍 Chunk 68-69: 0 candidate symbols
[2025-11-05T11:59:49.500Z] [2025-11-05T11:59:49.500Z] [INDEXING-ORCHESTRATOR] [DEBUG] ✅ Chunk symbols after filtering: 0 symbols - 
[2025-11-05T11:59:49.500Z] [2025-11-05T11:59:49.500Z] [INDEXING-ORCHESTRATOR] [DEBUG] 📍 Chunk 78-79: 0 candidate symbols
[2025-11-05T11:59:49.500Z] [2025-11-05T11:59:49.500Z] [INDEXING-ORCHESTRATOR] [DEBUG] ✅ Chunk symbols after filtering: 0 symbols - 
[2025-11-05T11:59:49.500Z] [2025-11-05T11:59:49.500Z] [INDEXING-ORCHESTRATOR] [DEBUG] 📍 Chunk 80-93: 0 candidate symbols
[2025-11-05T11:59:49.500Z] [2025-11-05T11:59:49.500Z] [INDEXING-ORCHESTRATOR] [DEBUG] ✅ Chunk symbols after filtering: 0 symbols - 
[2025-11-05T11:59:49.500Z] [2025-11-05T11:59:49.500Z] [INDEXING-ORCHESTRATOR] [DEBUG] Created 8 semantic chunks for C:\Users\RakaThinkpad\Documents\Project\educatedplanet\admin\src\components\ui\card.tsx
[2025-11-05T11:59:49.500Z] [2025-11-05T11:59:49.500Z] [INDEXING-ORCHESTRATOR] [DEBUG] Average chunk size: 107 characters
[2025-11-05T11:59:49.520Z] [2025-11-05T11:59:49.520Z] [TREESITTER-CHUNKER] [INFO] Created 6 semantic chunks from C:\Users\RakaThinkpad\Documents\Project\educatedplanet\admin\src\components\ui\carousel.tsx
[2025-11-05T11:59:49.584Z] [2025-11-05T11:59:49.585Z] [TREESITTER-FULL] [INFO] Extracted 9 symbols from C:\Users\RakaThinkpad\Documents\Project\educatedplanet\admin\src\components\ui\carousel.tsx
[2025-11-05T11:59:49.585Z] [2025-11-05T11:59:49.585Z] [INDEXING-ORCHESTRATOR] [DEBUG] 🔍 Symbol extraction for C:\Users\RakaThinkpad\Documents\Project\educatedplanet\admin\src\components\ui\carousel.tsx: 9 symbols, 5 imports
[2025-11-05T11:59:49.585Z] [2025-11-05T11:59:49.585Z] [INDEXING-ORCHESTRATOR] [DEBUG] 📍 Chunk 12-43: 8 candidate symbols
[2025-11-05T11:59:49.585Z] [2025-11-05T11:59:49.585Z] [INDEXING-ORCHESTRATOR] [DEBUG] ✅ Chunk symbols after filtering: 8 symbols - CarouselApi, UseCarouselParameters, CarouselOptions, CarouselPlugin, CarouselProps, CarouselContextProps, CarouselContext, useCarousel
[2025-11-05T11:59:49.585Z] [2025-11-05T11:59:49.585Z] [INDEXING-ORCHESTRATOR] [DEBUG] 📍 Chunk 45-123: 1 candidate symbols
[2025-11-05T11:59:49.585Z] [2025-11-05T11:59:49.585Z] [INDEXING-ORCHESTRATOR] [DEBUG] ✅ Chunk symbols after filtering: 1 symbols - Carousel
[2025-11-05T11:59:49.585Z] [2025-11-05T11:59:49.585Z] [INDEXING-ORCHESTRATOR] [DEBUG] 📍 Chunk 145-150: 0 candidate symbols
[2025-11-05T11:59:49.585Z] [2025-11-05T11:59:49.585Z] [INDEXING-ORCHESTRATOR] [DEBUG] ✅ Chunk symbols after filtering: 0 symbols - 
[2025-11-05T11:59:49.585Z] [2025-11-05T11:59:49.585Z] [INDEXING-ORCHESTRATOR] [DEBUG] 📍 Chunk 187-194: 0 candidate symbols
[2025-11-05T11:59:49.585Z] [2025-11-05T11:59:49.585Z] [INDEXING-ORCHESTRATOR] [DEBUG] ✅ Chunk symbols after filtering: 0 symbols - 
[2025-11-05T11:59:49.585Z] [2025-11-05T11:59:49.585Z] [INDEXING-ORCHESTRATOR] [DEBUG] 📍 Chunk 217-224: 0 candidate symbols
[2025-11-05T11:59:49.585Z] [2025-11-05T11:59:49.585Z] [INDEXING-ORCHESTRATOR] [DEBUG] ✅ Chunk symbols after filtering: 0 symbols - 
[2025-11-05T11:59:49.585Z] [2025-11-05T11:59:49.585Z] [INDEXING-ORCHESTRATOR] [DEBUG] 📍 Chunk 225-242: 0 candidate symbols
[2025-11-05T11:59:49.585Z] [2025-11-05T11:59:49.585Z] [INDEXING-ORCHESTRATOR] [DEBUG] ✅ Chunk symbols after filtering: 0 symbols - 
[2025-11-05T11:59:49.585Z] [2025-11-05T11:59:49.585Z] [INDEXING-ORCHESTRATOR] [DEBUG] Created 6 semantic chunks for C:\Users\RakaThinkpad\Documents\Project\educatedplanet\admin\src\components\ui\carousel.tsx
[2025-11-05T11:59:49.585Z] [2025-11-05T11:59:49.585Z] [INDEXING-ORCHESTRATOR] [DEBUG] Average chunk size: 623 characters
[2025-11-05T11:59:49.612Z] [2025-11-05T11:59:49.612Z] [TREESITTER-CHUNKER] [INFO] Created 3 semantic chunks from C:\Users\RakaThinkpad\Documents\Project\educatedplanet\admin\src\components\ui\chart.tsx
[2025-11-05T11:59:49.708Z] [2025-11-05T11:59:49.708Z] [TREESITTER-FULL] [INFO] Extracted 9 symbols from C:\Users\RakaThinkpad\Documents\Project\educatedplanet\admin\src\components\ui\chart.tsx
[2025-11-05T11:59:49.708Z] [2025-11-05T11:59:49.709Z] [INDEXING-ORCHESTRATOR] [DEBUG] 🔍 Symbol extraction for C:\Users\RakaThinkpad\Documents\Project\educatedplanet\admin\src\components\ui\chart.tsx: 9 symbols, 3 imports
[2025-11-05T11:59:49.709Z] [2025-11-05T11:59:49.709Z] [INDEXING-ORCHESTRATOR] [DEBUG] 📍 Chunk 11-35: 4 candidate symbols
[2025-11-05T11:59:49.709Z] [2025-11-05T11:59:49.709Z] [INDEXING-ORCHESTRATOR] [DEBUG] ✅ Chunk symbols after filtering: 4 symbols - ChartConfig, ChartContextProps, ChartContext, useChart
[2025-11-05T11:59:49.709Z] [2025-11-05T11:59:49.709Z] [INDEXING-ORCHESTRATOR] [DEBUG] 📍 Chunk 37-61: 0 candidate symbols
[2025-11-05T11:59:49.709Z] [2025-11-05T11:59:49.709Z] [INDEXING-ORCHESTRATOR] [DEBUG] ✅ Chunk symbols after filtering: 0 symbols - 
[2025-11-05T11:59:49.709Z] [2025-11-05T11:59:49.709Z] [INDEXING-ORCHESTRATOR] [DEBUG] 📍 Chunk 62-358: 4 candidate symbols
[2025-11-05T11:59:49.709Z] [2025-11-05T11:59:49.709Z] [INDEXING-ORCHESTRATOR] [DEBUG] ✅ Chunk symbols after filtering: 4 symbols - colorConfig, itemConfig, itemConfig, itemConfig
[2025-11-05T11:59:49.709Z] [2025-11-05T11:59:49.709Z] [INDEXING-ORCHESTRATOR] [DEBUG] Created 3 semantic chunks for C:\Users\RakaThinkpad\Documents\Project\educatedplanet\admin\src\components\ui\chart.tsx
[2025-11-05T11:59:49.709Z] [2025-11-05T11:59:49.709Z] [INDEXING-ORCHESTRATOR] [DEBUG] Average chunk size: 3392 characters
[2025-11-05T11:59:49.712Z] [2025-11-05T11:59:49.712Z] [TREESITTER-CHUNKER] [INFO] Created 1 semantic chunks from C:\Users\RakaThinkpad\Documents\Project\educatedplanet\admin\src\components\ui\checkbox.tsx
[2025-11-05T11:59:49.725Z] [2025-11-05T11:59:49.725Z] [TREESITTER-FULL] [INFO] Extracted 1 symbols from C:\Users\RakaThinkpad\Documents\Project\educatedplanet\admin\src\components\ui\checkbox.tsx
[2025-11-05T11:59:49.725Z] [2025-11-05T11:59:49.725Z] [INDEXING-ORCHESTRATOR] [DEBUG] 🔍 Symbol extraction for C:\Users\RakaThinkpad\Documents\Project\educatedplanet\admin\src\components\ui\checkbox.tsx: 1 symbols, 4 imports
[2025-11-05T11:59:49.725Z] [2025-11-05T11:59:49.725Z] [INDEXING-ORCHESTRATOR] [DEBUG] 📍 Chunk 9-30: 1 candidate symbols
[2025-11-05T11:59:49.725Z] [2025-11-05T11:59:49.725Z] [INDEXING-ORCHESTRATOR] [DEBUG] ✅ Chunk symbols after filtering: 1 symbols - Checkbox
[2025-11-05T11:59:49.725Z] [2025-11-05T11:59:49.725Z] [INDEXING-ORCHESTRATOR] [DEBUG] Created 1 semantic chunks for C:\Users\RakaThinkpad\Documents\Project\educatedplanet\admin\src\components\ui\checkbox.tsx
[2025-11-05T11:59:49.725Z] [2025-11-05T11:59:49.725Z] [INDEXING-ORCHESTRATOR] [DEBUG] Average chunk size: 1035 characters
[2025-11-05T11:59:49.752Z] [2025-11-05T11:59:49.752Z] [TREESITTER-CHUNKER] [INFO] Created 2 semantic chunks from C:\Users\RakaThinkpad\Documents\Project\educatedplanet\admin\src\components\ui\collapsible.tsx
[2025-11-05T11:59:49.758Z] [2025-11-05T11:59:49.758Z] [TREESITTER-FULL] [INFO] Extracted 0 symbols from C:\Users\RakaThinkpad\Documents\Project\educatedplanet\admin\src\components\ui\collapsible.tsx
[2025-11-05T11:59:49.758Z] [2025-11-05T11:59:49.758Z] [INDEXING-ORCHESTRATOR] [DEBUG] 🔍 Symbol extraction for C:\Users\RakaThinkpad\Documents\Project\educatedplanet\admin\src\components\ui\collapsible.tsx: 0 symbols, 1 imports
[2025-11-05T11:59:49.758Z] [2025-11-05T11:59:49.758Z] [INDEXING-ORCHESTRATOR] [DEBUG] 📍 Chunk 11-31: 0 candidate symbols
[2025-11-05T11:59:49.758Z] [2025-11-05T11:59:49.758Z] [INDEXING-ORCHESTRATOR] [DEBUG] ✅ Chunk symbols after filtering: 0 symbols - 
[2025-11-05T11:59:49.758Z] [2025-11-05T11:59:49.758Z] [INDEXING-ORCHESTRATOR] [DEBUG] 📍 Chunk 32-34: 0 candidate symbols
[2025-11-05T11:59:49.758Z] [2025-11-05T11:59:49.758Z] [INDEXING-ORCHESTRATOR] [DEBUG] ✅ Chunk symbols after filtering: 0 symbols - 
[2025-11-05T11:59:49.758Z] [2025-11-05T11:59:49.758Z] [INDEXING-ORCHESTRATOR] [DEBUG] Created 2 semantic chunks for C:\Users\RakaThinkpad\Documents\Project\educatedplanet\admin\src\components\ui\collapsible.tsx
[2025-11-05T11:59:49.758Z] [2025-11-05T11:59:49.758Z] [INDEXING-ORCHESTRATOR] [DEBUG] Average chunk size: 281 characters
[2025-11-05T11:59:49.771Z] [2025-11-05T11:59:49.772Z] [TREESITTER-CHUNKER] [INFO] Created 4 semantic chunks from C:\Users\RakaThinkpad\Documents\Project\educatedplanet\admin\src\components\ui\command.tsx
[2025-11-05T11:59:49.803Z] [2025-11-05T11:59:49.803Z] [TREESITTER-FULL] [INFO] Extracted 0 symbols from C:\Users\RakaThinkpad\Documents\Project\educatedplanet\admin\src\components\ui\command.tsx
[2025-11-05T11:59:49.803Z] [2025-11-05T11:59:49.803Z] [INDEXING-ORCHESTRATOR] [DEBUG] 🔍 Symbol extraction for C:\Users\RakaThinkpad\Documents\Project\educatedplanet\admin\src\components\ui\command.tsx: 0 symbols, 5 imports
[2025-11-05T11:59:49.803Z] [2025-11-05T11:59:49.803Z] [INDEXING-ORCHESTRATOR] [DEBUG] 📍 Chunk 23-27: 0 candidate symbols
[2025-11-05T11:59:49.803Z] [2025-11-05T11:59:49.803Z] [INDEXING-ORCHESTRATOR] [DEBUG] ✅ Chunk symbols after filtering: 0 symbols - 
[2025-11-05T11:59:49.803Z] [2025-11-05T11:59:49.803Z] [INDEXING-ORCHESTRATOR] [DEBUG] 📍 Chunk 92-96: 0 candidate symbols
[2025-11-05T11:59:49.803Z] [2025-11-05T11:59:49.803Z] [INDEXING-ORCHESTRATOR] [DEBUG] ✅ Chunk symbols after filtering: 0 symbols - 
[2025-11-05T11:59:49.803Z] [2025-11-05T11:59:49.803Z] [INDEXING-ORCHESTRATOR] [DEBUG] 📍 Chunk 165-169: 0 candidate symbols
[2025-11-05T11:59:49.803Z] [2025-11-05T11:59:49.803Z] [INDEXING-ORCHESTRATOR] [DEBUG] ✅ Chunk symbols after filtering: 0 symbols - 
[2025-11-05T11:59:49.803Z] [2025-11-05T11:59:49.803Z] [INDEXING-ORCHESTRATOR] [DEBUG] 📍 Chunk 170-185: 0 candidate symbols
[2025-11-05T11:59:49.803Z] [2025-11-05T11:59:49.803Z] [INDEXING-ORCHESTRATOR] [DEBUG] ✅ Chunk symbols after filtering: 0 symbols - 
[2025-11-05T11:59:49.803Z] [2025-11-05T11:59:49.803Z] [INDEXING-ORCHESTRATOR] [DEBUG] Created 4 semantic chunks for C:\Users\RakaThinkpad\Documents\Project\educatedplanet\admin\src\components\ui\command.tsx
[2025-11-05T11:59:49.803Z] [2025-11-05T11:59:49.803Z] [INDEXING-ORCHESTRATOR] [DEBUG] Average chunk size: 142 characters
[2025-11-05T11:59:49.835Z] [2025-11-05T11:59:49.836Z] [TREESITTER-CHUNKER] [INFO] Created 7 semantic chunks from C:\Users\RakaThinkpad\Documents\Project\educatedplanet\admin\src\components\ui\context-menu.tsx
[2025-11-05T11:59:49.873Z] [2025-11-05T11:59:49.873Z] [TREESITTER-FULL] [INFO] Extracted 5 symbols from C:\Users\RakaThinkpad\Documents\Project\educatedplanet\admin\src\components\ui\context-menu.tsx
[2025-11-05T11:59:49.873Z] [2025-11-05T11:59:49.873Z] [INDEXING-ORCHESTRATOR] [DEBUG] 🔍 Symbol extraction for C:\Users\RakaThinkpad\Documents\Project\educatedplanet\admin\src\components\ui\context-menu.tsx: 5 symbols, 4 imports
[2025-11-05T11:59:49.873Z] [2025-11-05T11:59:49.873Z] [INDEXING-ORCHESTRATOR] [DEBUG] 📍 Chunk 15-37: 3 candidate symbols
[2025-11-05T11:59:49.873Z] [2025-11-05T11:59:49.873Z] [INDEXING-ORCHESTRATOR] [DEBUG] ✅ Chunk symbols after filtering: 3 symbols - ContextMenuTrigger, ContextMenuGroup, ContextMenuPortal
[2025-11-05T11:59:49.873Z] [2025-11-05T11:59:49.873Z] [INDEXING-ORCHESTRATOR] [DEBUG] 📍 Chunk 45-54: 1 candidate symbols
[2025-11-05T11:59:49.873Z] [2025-11-05T11:59:49.873Z] [INDEXING-ORCHESTRATOR] [DEBUG] ✅ Chunk symbols after filtering: 1 symbols - ContextMenuRadioGroup
[2025-11-05T11:59:49.873Z] [2025-11-05T11:59:49.873Z] [INDEXING-ORCHESTRATOR] [DEBUG] 📍 Chunk 87-91: 0 candidate symbols
[2025-11-05T11:59:49.873Z] [2025-11-05T11:59:49.873Z] [INDEXING-ORCHESTRATOR] [DEBUG] ✅ Chunk symbols after filtering: 0 symbols - 
[2025-11-05T11:59:49.873Z] [2025-11-05T11:59:49.873Z] [INDEXING-ORCHESTRATOR] [DEBUG] 📍 Chunk 128-132: 0 candidate symbols
[2025-11-05T11:59:49.873Z] [2025-11-05T11:59:49.873Z] [INDEXING-ORCHESTRATOR] [DEBUG] ✅ Chunk symbols after filtering: 0 symbols - 
[2025-11-05T11:59:49.873Z] [2025-11-05T11:59:49.873Z] [INDEXING-ORCHESTRATOR] [DEBUG] 📍 Chunk 163-185: 1 candidate symbols
[2025-11-05T11:59:49.873Z] [2025-11-05T11:59:49.873Z] [INDEXING-ORCHESTRATOR] [DEBUG] ✅ Chunk symbols after filtering: 1 symbols - ContextMenuRadioItem
[2025-11-05T11:59:49.873Z] [2025-11-05T11:59:49.873Z] [INDEXING-ORCHESTRATOR] [DEBUG] 📍 Chunk 227-231: 0 candidate symbols
[2025-11-05T11:59:49.873Z] [2025-11-05T11:59:49.873Z] [INDEXING-ORCHESTRATOR] [DEBUG] ✅ Chunk symbols after filtering: 0 symbols - 
[2025-11-05T11:59:49.873Z] [2025-11-05T11:59:49.873Z] [INDEXING-ORCHESTRATOR] [DEBUG] 📍 Chunk 232-253: 0 candidate symbols
[2025-11-05T11:59:49.873Z] [2025-11-05T11:59:49.873Z] [INDEXING-ORCHESTRATOR] [DEBUG] ✅ Chunk symbols after filtering: 0 symbols - 
[2025-11-05T11:59:49.873Z] [2025-11-05T11:59:49.873Z] [INDEXING-ORCHESTRATOR] [DEBUG] Created 7 semantic chunks for C:\Users\RakaThinkpad\Documents\Project\educatedplanet\admin\src\components\ui\context-menu.tsx
[2025-11-05T11:59:49.873Z] [2025-11-05T11:59:49.873Z] [INDEXING-ORCHESTRATOR] [DEBUG] Average chunk size: 505 characters
[2025-11-05T11:59:49.873Z] [2025-11-05T11:59:49.873Z] [INDEXING-ORCHESTRATOR] [DEBUG] 📊 Processed: 80/220 files
[2025-11-05T11:59:49.899Z] [2025-11-05T11:59:49.899Z] [TREESITTER-CHUNKER] [INFO] Created 4 semantic chunks from C:\Users\RakaThinkpad\Documents\Project\educatedplanet\admin\src\components\ui\drawer.tsx
[2025-11-05T11:59:49.957Z] [2025-11-05T11:59:49.957Z] [TREESITTER-FULL] [INFO] Extracted 1 symbols from C:\Users\RakaThinkpad\Documents\Project\educatedplanet\admin\src\components\ui\drawer.tsx
[2025-11-05T11:59:49.958Z] [2025-11-05T11:59:49.958Z] [INDEXING-ORCHESTRATOR] [DEBUG] 🔍 Symbol extraction for C:\Users\RakaThinkpad\Documents\Project\educatedplanet\admin\src\components\ui\drawer.tsx: 1 symbols, 3 imports
[2025-11-05T11:59:49.958Z] [2025-11-05T11:59:49.958Z] [INDEXING-ORCHESTRATOR] [DEBUG] 📍 Chunk 79-83: 0 candidate symbols
[2025-11-05T11:59:49.958Z] [2025-11-05T11:59:49.958Z] [INDEXING-ORCHESTRATOR] [DEBUG] ✅ Chunk symbols after filtering: 0 symbols - 
[2025-11-05T11:59:49.958Z] [2025-11-05T11:59:49.958Z] [INDEXING-ORCHESTRATOR] [DEBUG] 📍 Chunk 92-93: 0 candidate symbols
[2025-11-05T11:59:49.958Z] [2025-11-05T11:59:49.958Z] [INDEXING-ORCHESTRATOR] [DEBUG] ✅ Chunk symbols after filtering: 0 symbols - 
[2025-11-05T11:59:49.958Z] [2025-11-05T11:59:49.958Z] [INDEXING-ORCHESTRATOR] [DEBUG] 📍 Chunk 111-122: 1 candidate symbols
[2025-11-05T11:59:49.958Z] [2025-11-05T11:59:49.958Z] [INDEXING-ORCHESTRATOR] [DEBUG] ✅ Chunk symbols after filtering: 1 symbols - DrawerDescription
[2025-11-05T11:59:49.958Z] [2025-11-05T11:59:49.958Z] [INDEXING-ORCHESTRATOR] [DEBUG] 📍 Chunk 123-136: 0 candidate symbols
[2025-11-05T11:59:49.958Z] [2025-11-05T11:59:49.958Z] [INDEXING-ORCHESTRATOR] [DEBUG] ✅ Chunk symbols after filtering: 0 symbols - 
[2025-11-05T11:59:49.958Z] [2025-11-05T11:59:49.958Z] [INDEXING-ORCHESTRATOR] [DEBUG] Created 4 semantic chunks for C:\Users\RakaThinkpad\Documents\Project\educatedplanet\admin\src\components\ui\drawer.tsx
[2025-11-05T11:59:49.958Z] [2025-11-05T11:59:49.958Z] [INDEXING-ORCHESTRATOR] [DEBUG] Average chunk size: 199 characters
[2025-11-05T11:59:49.980Z] [2025-11-05T11:59:49.980Z] [TREESITTER-CHUNKER] [INFO] Created 4 semantic chunks from C:\Users\RakaThinkpad\Documents\Project\educatedplanet\admin\src\components\ui\dialog.tsx
[2025-11-05T11:59:50.011Z] [2025-11-05T11:59:50.011Z] [TREESITTER-FULL] [INFO] Extracted 1 symbols from C:\Users\RakaThinkpad\Documents\Project\educatedplanet\admin\src\components\ui\dialog.tsx
[2025-11-05T11:59:50.011Z] [2025-11-05T11:59:50.011Z] [INDEXING-ORCHESTRATOR] [DEBUG] 🔍 Symbol extraction for C:\Users\RakaThinkpad\Documents\Project\educatedplanet\admin\src\components\ui\dialog.tsx: 1 symbols, 4 imports
[2025-11-05T11:59:50.011Z] [2025-11-05T11:59:50.011Z] [INDEXING-ORCHESTRATOR] [DEBUG] 📍 Chunk 87-88: 0 candidate symbols
[2025-11-05T11:59:50.011Z] [2025-11-05T11:59:50.011Z] [INDEXING-ORCHESTRATOR] [DEBUG] ✅ Chunk symbols after filtering: 0 symbols - 
[2025-11-05T11:59:50.011Z] [2025-11-05T11:59:50.011Z] [INDEXING-ORCHESTRATOR] [DEBUG] 📍 Chunk 97-101: 0 candidate symbols
[2025-11-05T11:59:50.011Z] [2025-11-05T11:59:50.011Z] [INDEXING-ORCHESTRATOR] [DEBUG] ✅ Chunk symbols after filtering: 0 symbols - 
[2025-11-05T11:59:50.011Z] [2025-11-05T11:59:50.011Z] [INDEXING-ORCHESTRATOR] [DEBUG] 📍 Chunk 119-130: 1 candidate symbols
[2025-11-05T11:59:50.011Z] [2025-11-05T11:59:50.011Z] [INDEXING-ORCHESTRATOR] [DEBUG] ✅ Chunk symbols after filtering: 1 symbols - DialogDescription
[2025-11-05T11:59:50.011Z] [2025-11-05T11:59:50.011Z] [INDEXING-ORCHESTRATOR] [DEBUG] 📍 Chunk 131-144: 0 candidate symbols
[2025-11-05T11:59:50.011Z] [2025-11-05T11:59:50.011Z] [INDEXING-ORCHESTRATOR] [DEBUG] ✅ Chunk symbols after filtering: 0 symbols - 
[2025-11-05T11:59:50.011Z] [2025-11-05T11:59:50.011Z] [INDEXING-ORCHESTRATOR] [DEBUG] Created 4 semantic chunks for C:\Users\RakaThinkpad\Documents\Project\educatedplanet\admin\src\components\ui\dialog.tsx
[2025-11-05T11:59:50.011Z] [2025-11-05T11:59:50.011Z] [INDEXING-ORCHESTRATOR] [DEBUG] Average chunk size: 170 characters
[2025-11-05T11:59:50.027Z] [2025-11-05T11:59:50.027Z] [TREESITTER-CHUNKER] [INFO] Created 4 semantic chunks from C:\Users\RakaThinkpad\Documents\Project\educatedplanet\admin\src\components\ui\dropdown-menu.tsx
[2025-11-05T11:59:50.090Z] [2025-11-05T11:59:50.090Z] [TREESITTER-FULL] [INFO] Extracted 2 symbols from C:\Users\RakaThinkpad\Documents\Project\educatedplanet\admin\src\components\ui\dropdown-menu.tsx
[2025-11-05T11:59:50.090Z] [2025-11-05T11:59:50.090Z] [INDEXING-ORCHESTRATOR] [DEBUG] 🔍 Symbol extraction for C:\Users\RakaThinkpad\Documents\Project\educatedplanet\admin\src\components\ui\dropdown-menu.tsx: 2 symbols, 4 imports
[2025-11-05T11:59:50.090Z] [2025-11-05T11:59:50.090Z] [INDEXING-ORCHESTRATOR] [DEBUG] 📍 Chunk 15-32: 2 candidate symbols
[2025-11-05T11:59:50.090Z] [2025-11-05T11:59:50.090Z] [INDEXING-ORCHESTRATOR] [DEBUG] ✅ Chunk symbols after filtering: 2 symbols - DropdownMenuPortal, DropdownMenuTrigger
[2025-11-05T11:59:50.090Z] [2025-11-05T11:59:50.090Z] [INDEXING-ORCHESTRATOR] [DEBUG] 📍 Chunk 186-190: 0 candidate symbols
[2025-11-05T11:59:50.090Z] [2025-11-05T11:59:50.090Z] [INDEXING-ORCHESTRATOR] [DEBUG] ✅ Chunk symbols after filtering: 0 symbols - 
[2025-11-05T11:59:50.090Z] [2025-11-05T11:59:50.090Z] [INDEXING-ORCHESTRATOR] [DEBUG] 📍 Chunk 232-236: 0 candidate symbols
[2025-11-05T11:59:50.090Z] [2025-11-05T11:59:50.090Z] [INDEXING-ORCHESTRATOR] [DEBUG] ✅ Chunk symbols after filtering: 0 symbols - 
[2025-11-05T11:59:50.090Z] [2025-11-05T11:59:50.090Z] [INDEXING-ORCHESTRATOR] [DEBUG] 📍 Chunk 237-258: 0 candidate symbols
[2025-11-05T11:59:50.090Z] [2025-11-05T11:59:50.090Z] [INDEXING-ORCHESTRATOR] [DEBUG] ✅ Chunk symbols after filtering: 0 symbols - 
[2025-11-05T11:59:50.090Z] [2025-11-05T11:59:50.090Z] [INDEXING-ORCHESTRATOR] [DEBUG] Created 4 semantic chunks for C:\Users\RakaThinkpad\Documents\Project\educatedplanet\admin\src\components\ui\dropdown-menu.tsx
[2025-11-05T11:59:50.090Z] [2025-11-05T11:59:50.090Z] [INDEXING-ORCHESTRATOR] [DEBUG] Average chunk size: 375 characters
[2025-11-05T11:59:50.109Z] [2025-11-05T11:59:50.109Z] [TREESITTER-CHUNKER] [INFO] Created 6 semantic chunks from C:\Users\RakaThinkpad\Documents\Project\educatedplanet\admin\src\components\ui\empty.tsx
[2025-11-05T11:59:50.129Z] [2025-11-05T11:59:50.130Z] [TREESITTER-FULL] [INFO] Extracted 0 symbols from C:\Users\RakaThinkpad\Documents\Project\educatedplanet\admin\src\components\ui\empty.tsx
[2025-11-05T11:59:50.129Z] [2025-11-05T11:59:50.130Z] [INDEXING-ORCHESTRATOR] [DEBUG] 🔍 Symbol extraction for C:\Users\RakaThinkpad\Documents\Project\educatedplanet\admin\src\components\ui\empty.tsx: 0 symbols, 2 imports
[2025-11-05T11:59:50.129Z] [2025-11-05T11:59:50.130Z] [INDEXING-ORCHESTRATOR] [DEBUG] 📍 Chunk 9-13: 0 candidate symbols
[2025-11-05T11:59:50.129Z] [2025-11-05T11:59:50.130Z] [INDEXING-ORCHESTRATOR] [DEBUG] ✅ Chunk symbols after filtering: 0 symbols - 
[2025-11-05T11:59:50.130Z] [2025-11-05T11:59:50.130Z] [INDEXING-ORCHESTRATOR] [DEBUG] 📍 Chunk 22-26: 0 candidate symbols
[2025-11-05T11:59:50.130Z] [2025-11-05T11:59:50.130Z] [INDEXING-ORCHESTRATOR] [DEBUG] ✅ Chunk symbols after filtering: 0 symbols - 
[2025-11-05T11:59:50.130Z] [2025-11-05T11:59:50.130Z] [INDEXING-ORCHESTRATOR] [DEBUG] 📍 Chunk 65-66: 0 candidate symbols
[2025-11-05T11:59:50.130Z] [2025-11-05T11:59:50.130Z] [INDEXING-ORCHESTRATOR] [DEBUG] ✅ Chunk symbols after filtering: 0 symbols - 
[2025-11-05T11:59:50.130Z] [2025-11-05T11:59:50.130Z] [INDEXING-ORCHESTRATOR] [DEBUG] 📍 Chunk 75-79: 0 candidate symbols
[2025-11-05T11:59:50.130Z] [2025-11-05T11:59:50.130Z] [INDEXING-ORCHESTRATOR] [DEBUG] ✅ Chunk symbols after filtering: 0 symbols - 
[2025-11-05T11:59:50.130Z] [2025-11-05T11:59:50.130Z] [INDEXING-ORCHESTRATOR] [DEBUG] 📍 Chunk 88-92: 0 candidate symbols
[2025-11-05T11:59:50.130Z] [2025-11-05T11:59:50.130Z] [INDEXING-ORCHESTRATOR] [DEBUG] ✅ Chunk symbols after filtering: 0 symbols - 
[2025-11-05T11:59:50.130Z] [2025-11-05T11:59:50.130Z] [INDEXING-ORCHESTRATOR] [DEBUG] 📍 Chunk 93-105: 0 candidate symbols
[2025-11-05T11:59:50.130Z] [2025-11-05T11:59:50.130Z] [INDEXING-ORCHESTRATOR] [DEBUG] ✅ Chunk symbols after filtering: 0 symbols - 
[2025-11-05T11:59:50.130Z] [2025-11-05T11:59:50.130Z] [INDEXING-ORCHESTRATOR] [DEBUG] Created 6 semantic chunks for C:\Users\RakaThinkpad\Documents\Project\educatedplanet\admin\src\components\ui\empty.tsx
[2025-11-05T11:59:50.130Z] [2025-11-05T11:59:50.130Z] [INDEXING-ORCHESTRATOR] [DEBUG] Average chunk size: 133 characters
[2025-11-05T11:59:50.145Z] [2025-11-05T11:59:50.145Z] [TREESITTER-CHUNKER] [INFO] Created 6 semantic chunks from C:\Users\RakaThinkpad\Documents\Project\educatedplanet\admin\src\components\ui\form.tsx
[2025-11-05T11:59:50.194Z] [2025-11-05T11:59:50.194Z] [TREESITTER-FULL] [INFO] Extracted 6 symbols from C:\Users\RakaThinkpad\Documents\Project\educatedplanet\admin\src\components\ui\form.tsx
[2025-11-05T11:59:50.194Z] [2025-11-05T11:59:50.194Z] [INDEXING-ORCHESTRATOR] [DEBUG] 🔍 Symbol extraction for C:\Users\RakaThinkpad\Documents\Project\educatedplanet\admin\src\components\ui\form.tsx: 6 symbols, 5 imports
[2025-11-05T11:59:50.194Z] [2025-11-05T11:59:50.194Z] [INDEXING-ORCHESTRATOR] [DEBUG] 📍 Chunk 21-26: 1 candidate symbols
[2025-11-05T11:59:50.194Z] [2025-11-05T11:59:50.194Z] [INDEXING-ORCHESTRATOR] [DEBUG] ✅ Chunk symbols after filtering: 1 symbols - FormFieldContextValue
[2025-11-05T11:59:50.194Z] [2025-11-05T11:59:50.194Z] [INDEXING-ORCHESTRATOR] [DEBUG] 📍 Chunk 68-70: 1 candidate symbols
[2025-11-05T11:59:50.194Z] [2025-11-05T11:59:50.194Z] [INDEXING-ORCHESTRATOR] [DEBUG] ✅ Chunk symbols after filtering: 1 symbols - FormItemContextValue
[2025-11-05T11:59:50.194Z] [2025-11-05T11:59:50.194Z] [INDEXING-ORCHESTRATOR] [DEBUG] 📍 Chunk 83-84: 0 candidate symbols
[2025-11-05T11:59:50.194Z] [2025-11-05T11:59:50.194Z] [INDEXING-ORCHESTRATOR] [DEBUG] ✅ Chunk symbols after filtering: 0 symbols - 
[2025-11-05T11:59:50.194Z] [2025-11-05T11:59:50.194Z] [INDEXING-ORCHESTRATOR] [DEBUG] 📍 Chunk 100-133: 0 candidate symbols
[2025-11-05T11:59:50.194Z] [2025-11-05T11:59:50.194Z] [INDEXING-ORCHESTRATOR] [DEBUG] ✅ Chunk symbols after filtering: 0 symbols - 
[2025-11-05T11:59:50.194Z] [2025-11-05T11:59:50.194Z] [INDEXING-ORCHESTRATOR] [DEBUG] 📍 Chunk 150-151: 0 candidate symbols
[2025-11-05T11:59:50.194Z] [2025-11-05T11:59:50.194Z] [INDEXING-ORCHESTRATOR] [DEBUG] ✅ Chunk symbols after filtering: 0 symbols - 
[2025-11-05T11:59:50.194Z] [2025-11-05T11:59:50.194Z] [INDEXING-ORCHESTRATOR] [DEBUG] 📍 Chunk 152-168: 0 candidate symbols
[2025-11-05T11:59:50.194Z] [2025-11-05T11:59:50.194Z] [INDEXING-ORCHESTRATOR] [DEBUG] ✅ Chunk symbols after filtering: 0 symbols - 
[2025-11-05T11:59:50.194Z] [2025-11-05T11:59:50.194Z] [INDEXING-ORCHESTRATOR] [DEBUG] Created 6 semantic chunks for C:\Users\RakaThinkpad\Documents\Project\educatedplanet\admin\src\components\ui\form.tsx
[2025-11-05T11:59:50.194Z] [2025-11-05T11:59:50.194Z] [INDEXING-ORCHESTRATOR] [DEBUG] Average chunk size: 230 characters
[2025-11-05T11:59:50.218Z] [2025-11-05T11:59:50.218Z] [TREESITTER-CHUNKER] [INFO] Created 9 semantic chunks from C:\Users\RakaThinkpad\Documents\Project\educatedplanet\admin\src\components\ui\field.tsx
[2025-11-05T11:59:50.267Z] [2025-11-05T11:59:50.268Z] [TREESITTER-FULL] [INFO] Extracted 1 symbols from C:\Users\RakaThinkpad\Documents\Project\educatedplanet\admin\src\components\ui\field.tsx
[2025-11-05T11:59:50.268Z] [2025-11-05T11:59:50.268Z] [INDEXING-ORCHESTRATOR] [DEBUG] 🔍 Symbol extraction for C:\Users\RakaThinkpad\Documents\Project\educatedplanet\admin\src\components\ui\field.tsx: 1 symbols, 5 imports
[2025-11-05T11:59:50.268Z] [2025-11-05T11:59:50.268Z] [INDEXING-ORCHESTRATOR] [DEBUG] 📍 Chunk 14-19: 0 candidate symbols
[2025-11-05T11:59:50.268Z] [2025-11-05T11:59:50.268Z] [INDEXING-ORCHESTRATOR] [DEBUG] ✅ Chunk symbols after filtering: 0 symbols - 
[2025-11-05T11:59:50.268Z] [2025-11-05T11:59:50.268Z] [INDEXING-ORCHESTRATOR] [DEBUG] 📍 Chunk 33-39: 0 candidate symbols
[2025-11-05T11:59:50.268Z] [2025-11-05T11:59:50.268Z] [INDEXING-ORCHESTRATOR] [DEBUG] ✅ Chunk symbols after filtering: 0 symbols - 
[2025-11-05T11:59:50.268Z] [2025-11-05T11:59:50.268Z] [INDEXING-ORCHESTRATOR] [DEBUG] 📍 Chunk 48-52: 0 candidate symbols
[2025-11-05T11:59:50.268Z] [2025-11-05T11:59:50.268Z] [INDEXING-ORCHESTRATOR] [DEBUG] ✅ Chunk symbols after filtering: 0 symbols - 
[2025-11-05T11:59:50.268Z] [2025-11-05T11:59:50.268Z] [INDEXING-ORCHESTRATOR] [DEBUG] 📍 Chunk 101-105: 0 candidate symbols
[2025-11-05T11:59:50.268Z] [2025-11-05T11:59:50.268Z] [INDEXING-ORCHESTRATOR] [DEBUG] ✅ Chunk symbols after filtering: 0 symbols - 
[2025-11-05T11:59:50.268Z] [2025-11-05T11:59:50.268Z] [INDEXING-ORCHESTRATOR] [DEBUG] 📍 Chunk 117-123: 0 candidate symbols
[2025-11-05T11:59:50.268Z] [2025-11-05T11:59:50.268Z] [INDEXING-ORCHESTRATOR] [DEBUG] ✅ Chunk symbols after filtering: 0 symbols - 
[2025-11-05T11:59:50.268Z] [2025-11-05T11:59:50.268Z] [INDEXING-ORCHESTRATOR] [DEBUG] 📍 Chunk 132-136: 0 candidate symbols
[2025-11-05T11:59:50.268Z] [2025-11-05T11:59:50.268Z] [INDEXING-ORCHESTRATOR] [DEBUG] ✅ Chunk symbols after filtering: 0 symbols - 
[2025-11-05T11:59:50.268Z] [2025-11-05T11:59:50.268Z] [INDEXING-ORCHESTRATOR] [DEBUG] 📍 Chunk 145-151: 0 candidate symbols
[2025-11-05T11:59:50.268Z] [2025-11-05T11:59:50.268Z] [INDEXING-ORCHESTRATOR] [DEBUG] ✅ Chunk symbols after filtering: 0 symbols - 
[2025-11-05T11:59:50.268Z] [2025-11-05T11:59:50.268Z] [INDEXING-ORCHESTRATOR] [DEBUG] 📍 Chunk 167-171: 0 candidate symbols
[2025-11-05T11:59:50.268Z] [2025-11-05T11:59:50.268Z] [INDEXING-ORCHESTRATOR] [DEBUG] ✅ Chunk symbols after filtering: 0 symbols - 
[2025-11-05T11:59:50.268Z] [2025-11-05T11:59:50.268Z] [INDEXING-ORCHESTRATOR] [DEBUG] 📍 Chunk 172-249: 1 candidate symbols
[2025-11-05T11:59:50.268Z] [2025-11-05T11:59:50.268Z] [INDEXING-ORCHESTRATOR] [DEBUG] ✅ Chunk symbols after filtering: 1 symbols - uniqueErrors
[2025-11-05T11:59:50.268Z] [2025-11-05T11:59:50.268Z] [INDEXING-ORCHESTRATOR] [DEBUG] Created 9 semantic chunks for C:\Users\RakaThinkpad\Documents\Project\educatedplanet\admin\src\components\ui\field.tsx
[2025-11-05T11:59:50.268Z] [2025-11-05T11:59:50.268Z] [INDEXING-ORCHESTRATOR] [DEBUG] Average chunk size: 364 characters
[2025-11-05T11:59:50.272Z] [2025-11-05T11:59:50.272Z] [TREESITTER-CHUNKER] [INFO] Created 2 semantic chunks from C:\Users\RakaThinkpad\Documents\Project\educatedplanet\admin\src\components\ui\hover-card.tsx
[2025-11-05T11:59:50.282Z] [2025-11-05T11:59:50.282Z] [TREESITTER-FULL] [INFO] Extracted 1 symbols from C:\Users\RakaThinkpad\Documents\Project\educatedplanet\admin\src\components\ui\hover-card.tsx
[2025-11-05T11:59:50.282Z] [2025-11-05T11:59:50.282Z] [INDEXING-ORCHESTRATOR] [DEBUG] 🔍 Symbol extraction for C:\Users\RakaThinkpad\Documents\Project\educatedplanet\admin\src\components\ui\hover-card.tsx: 1 symbols, 3 imports
[2025-11-05T11:59:50.282Z] [2025-11-05T11:59:50.282Z] [INDEXING-ORCHESTRATOR] [DEBUG] 📍 Chunk 14-20: 1 candidate symbols
[2025-11-05T11:59:50.282Z] [2025-11-05T11:59:50.282Z] [INDEXING-ORCHESTRATOR] [DEBUG] ✅ Chunk symbols after filtering: 1 symbols - HoverCardTrigger
[2025-11-05T11:59:50.282Z] [2025-11-05T11:59:50.282Z] [INDEXING-ORCHESTRATOR] [DEBUG] 📍 Chunk 21-45: 0 candidate symbols
[2025-11-05T11:59:50.282Z] [2025-11-05T11:59:50.282Z] [INDEXING-ORCHESTRATOR] [DEBUG] ✅ Chunk symbols after filtering: 0 symbols - 
[2025-11-05T11:59:50.282Z] [2025-11-05T11:59:50.282Z] [INDEXING-ORCHESTRATOR] [DEBUG] Created 2 semantic chunks for C:\Users\RakaThinkpad\Documents\Project\educatedplanet\admin\src\components\ui\hover-card.tsx
[2025-11-05T11:59:50.282Z] [2025-11-05T11:59:50.282Z] [INDEXING-ORCHESTRATOR] [DEBUG] Average chunk size: 624 characters
[2025-11-05T11:59:50.299Z] [2025-11-05T11:59:50.299Z] [TREESITTER-CHUNKER] [INFO] Created 4 semantic chunks from C:\Users\RakaThinkpad\Documents\Project\educatedplanet\admin\src\components\ui\input-otp.tsx
[2025-11-05T11:59:50.317Z] [2025-11-05T11:59:50.317Z] [TREESITTER-FULL] [INFO] Extracted 2 symbols from C:\Users\RakaThinkpad\Documents\Project\educatedplanet\admin\src\components\ui\input-otp.tsx
[2025-11-05T11:59:50.317Z] [2025-11-05T11:59:50.317Z] [INDEXING-ORCHESTRATOR] [DEBUG] 🔍 Symbol extraction for C:\Users\RakaThinkpad\Documents\Project\educatedplanet\admin\src\components\ui\input-otp.tsx: 2 symbols, 4 imports
[2025-11-05T11:59:50.317Z] [2025-11-05T11:59:50.317Z] [INDEXING-ORCHESTRATOR] [DEBUG] 📍 Chunk 9-23: 0 candidate symbols
[2025-11-05T11:59:50.317Z] [2025-11-05T11:59:50.318Z] [INDEXING-ORCHESTRATOR] [DEBUG] ✅ Chunk symbols after filtering: 0 symbols - 
[2025-11-05T11:59:50.317Z] [2025-11-05T11:59:50.318Z] [INDEXING-ORCHESTRATOR] [DEBUG] 📍 Chunk 33-34: 0 candidate symbols
[2025-11-05T11:59:50.317Z] [2025-11-05T11:59:50.318Z] [INDEXING-ORCHESTRATOR] [DEBUG] ✅ Chunk symbols after filtering: 0 symbols - 
[2025-11-05T11:59:50.317Z] [2025-11-05T11:59:50.318Z] [INDEXING-ORCHESTRATOR] [DEBUG] 📍 Chunk 53-57: 0 candidate symbols
[2025-11-05T11:59:50.317Z] [2025-11-05T11:59:50.318Z] [INDEXING-ORCHESTRATOR] [DEBUG] ✅ Chunk symbols after filtering: 0 symbols - 
[2025-11-05T11:59:50.317Z] [2025-11-05T11:59:50.318Z] [INDEXING-ORCHESTRATOR] [DEBUG] 📍 Chunk 58-78: 0 candidate symbols
[2025-11-05T11:59:50.317Z] [2025-11-05T11:59:50.318Z] [INDEXING-ORCHESTRATOR] [DEBUG] ✅ Chunk symbols after filtering: 0 symbols - 
[2025-11-05T11:59:50.317Z] [2025-11-05T11:59:50.318Z] [INDEXING-ORCHESTRATOR] [DEBUG] Created 4 semantic chunks for C:\Users\RakaThinkpad\Documents\Project\educatedplanet\admin\src\components\ui\input-otp.tsx
[2025-11-05T11:59:50.317Z] [2025-11-05T11:59:50.318Z] [INDEXING-ORCHESTRATOR] [DEBUG] Average chunk size: 391 characters
[2025-11-05T11:59:50.336Z] [2025-11-05T11:59:50.336Z] [TREESITTER-CHUNKER] [INFO] Created 5 semantic chunks from C:\Users\RakaThinkpad\Documents\Project\educatedplanet\admin\src\components\ui\input-group.tsx
[2025-11-05T11:59:50.367Z] [2025-11-05T11:59:50.367Z] [TREESITTER-FULL] [INFO] Extracted 0 symbols from C:\Users\RakaThinkpad\Documents\Project\educatedplanet\admin\src\components\ui\input-group.tsx
[2025-11-05T11:59:50.367Z] [2025-11-05T11:59:50.367Z] [INDEXING-ORCHESTRATOR] [DEBUG] 🔍 Symbol extraction for C:\Users\RakaThinkpad\Documents\Project\educatedplanet\admin\src\components\ui\input-group.tsx: 0 symbols, 6 imports
[2025-11-05T11:59:50.368Z] [2025-11-05T11:59:50.368Z] [INDEXING-ORCHESTRATOR] [DEBUG] 📍 Chunk 16-34: 0 candidate symbols
[2025-11-05T11:59:50.368Z] [2025-11-05T11:59:50.368Z] [INDEXING-ORCHESTRATOR] [DEBUG] ✅ Chunk symbols after filtering: 0 symbols - 
[2025-11-05T11:59:50.368Z] [2025-11-05T11:59:50.368Z] [INDEXING-ORCHESTRATOR] [DEBUG] 📍 Chunk 122-126: 0 candidate symbols
[2025-11-05T11:59:50.368Z] [2025-11-05T11:59:50.368Z] [INDEXING-ORCHESTRATOR] [DEBUG] ✅ Chunk symbols after filtering: 0 symbols - 
[2025-11-05T11:59:50.368Z] [2025-11-05T11:59:50.368Z] [INDEXING-ORCHESTRATOR] [DEBUG] 📍 Chunk 138-142: 0 candidate symbols
[2025-11-05T11:59:50.368Z] [2025-11-05T11:59:50.368Z] [INDEXING-ORCHESTRATOR] [DEBUG] ✅ Chunk symbols after filtering: 0 symbols - 
[2025-11-05T11:59:50.368Z] [2025-11-05T11:59:50.368Z] [INDEXING-ORCHESTRATOR] [DEBUG] 📍 Chunk 154-158: 0 candidate symbols
[2025-11-05T11:59:50.368Z] [2025-11-05T11:59:50.368Z] [INDEXING-ORCHESTRATOR] [DEBUG] ✅ Chunk symbols after filtering: 0 symbols - 
[2025-11-05T11:59:50.368Z] [2025-11-05T11:59:50.368Z] [INDEXING-ORCHESTRATOR] [DEBUG] 📍 Chunk 159-171: 0 candidate symbols
[2025-11-05T11:59:50.368Z] [2025-11-05T11:59:50.368Z] [INDEXING-ORCHESTRATOR] [DEBUG] ✅ Chunk symbols after filtering: 0 symbols - 
[2025-11-05T11:59:50.368Z] [2025-11-05T11:59:50.368Z] [INDEXING-ORCHESTRATOR] [DEBUG] Created 5 semantic chunks for C:\Users\RakaThinkpad\Documents\Project\educatedplanet\admin\src\components\ui\input-group.tsx
[2025-11-05T11:59:50.368Z] [2025-11-05T11:59:50.368Z] [INDEXING-ORCHESTRATOR] [DEBUG] Average chunk size: 360 characters
[2025-11-05T11:59:50.370Z] [2025-11-05T11:59:50.370Z] [TREESITTER-CHUNKER] [INFO] Created 1 semantic chunks from C:\Users\RakaThinkpad\Documents\Project\educatedplanet\admin\src\components\ui\input.tsx
[2025-11-05T11:59:50.372Z] [2025-11-05T11:59:50.373Z] [TREESITTER-FULL] [INFO] Extracted 0 symbols from C:\Users\RakaThinkpad\Documents\Project\educatedplanet\admin\src\components\ui\input.tsx
[2025-11-05T11:59:50.372Z] [2025-11-05T11:59:50.373Z] [INDEXING-ORCHESTRATOR] [DEBUG] 🔍 Symbol extraction for C:\Users\RakaThinkpad\Documents\Project\educatedplanet\admin\src\components\ui\input.tsx: 0 symbols, 2 imports
[2025-11-05T11:59:50.373Z] [2025-11-05T11:59:50.373Z] [INDEXING-ORCHESTRATOR] [DEBUG] 📍 Chunk 1-22: 0 candidate symbols
[2025-11-05T11:59:50.373Z] [2025-11-05T11:59:50.373Z] [INDEXING-ORCHESTRATOR] [DEBUG] ✅ Chunk symbols after filtering: 0 symbols - 
[2025-11-05T11:59:50.373Z] [2025-11-05T11:59:50.373Z] [INDEXING-ORCHESTRATOR] [DEBUG] Created 1 semantic chunks for C:\Users\RakaThinkpad\Documents\Project\educatedplanet\admin\src\components\ui\input.tsx
[2025-11-05T11:59:50.373Z] [2025-11-05T11:59:50.373Z] [INDEXING-ORCHESTRATOR] [DEBUG] Average chunk size: 981 characters
[2025-11-05T11:59:50.373Z] [2025-11-05T11:59:50.373Z] [INDEXING-ORCHESTRATOR] [DEBUG] 📊 Processed: 90/220 files
[2025-11-05T11:59:50.377Z] [2025-11-05T11:59:50.377Z] [TREESITTER-CHUNKER] [INFO] Created 3 semantic chunks from C:\Users\RakaThinkpad\Documents\Project\educatedplanet\admin\src\components\ui\kbd.tsx
[2025-11-05T11:59:50.382Z] [2025-11-05T11:59:50.382Z] [TREESITTER-FULL] [INFO] Extracted 0 symbols from C:\Users\RakaThinkpad\Documents\Project\educatedplanet\admin\src\components\ui\kbd.tsx
[2025-11-05T11:59:50.382Z] [2025-11-05T11:59:50.382Z] [INDEXING-ORCHESTRATOR] [DEBUG] 🔍 Symbol extraction for C:\Users\RakaThinkpad\Documents\Project\educatedplanet\admin\src\components\ui\kbd.tsx: 0 symbols, 1 imports
[2025-11-05T11:59:50.382Z] [2025-11-05T11:59:50.382Z] [INDEXING-ORCHESTRATOR] [DEBUG] 📍 Chunk 7-13: 0 candidate symbols
[2025-11-05T11:59:50.382Z] [2025-11-05T11:59:50.382Z] [INDEXING-ORCHESTRATOR] [DEBUG] ✅ Chunk symbols after filtering: 0 symbols - 
[2025-11-05T11:59:50.382Z] [2025-11-05T11:59:50.382Z] [INDEXING-ORCHESTRATOR] [DEBUG] 📍 Chunk 22-23: 0 candidate symbols
[2025-11-05T11:59:50.382Z] [2025-11-05T11:59:50.382Z] [INDEXING-ORCHESTRATOR] [DEBUG] ✅ Chunk symbols after filtering: 0 symbols - 
[2025-11-05T11:59:50.382Z] [2025-11-05T11:59:50.382Z] [INDEXING-ORCHESTRATOR] [DEBUG] 📍 Chunk 24-29: 0 candidate symbols
[2025-11-05T11:59:50.382Z] [2025-11-05T11:59:50.382Z] [INDEXING-ORCHESTRATOR] [DEBUG] ✅ Chunk symbols after filtering: 0 symbols - 
[2025-11-05T11:59:50.382Z] [2025-11-05T11:59:50.382Z] [INDEXING-ORCHESTRATOR] [DEBUG] Created 3 semantic chunks for C:\Users\RakaThinkpad\Documents\Project\educatedplanet\admin\src\components\ui\kbd.tsx
[2025-11-05T11:59:50.382Z] [2025-11-05T11:59:50.382Z] [INDEXING-ORCHESTRATOR] [DEBUG] Average chunk size: 184 characters
[2025-11-05T11:59:50.400Z] [2025-11-05T11:59:50.400Z] [TREESITTER-CHUNKER] [INFO] Created 9 semantic chunks from C:\Users\RakaThinkpad\Documents\Project\educatedplanet\admin\src\components\ui\item.tsx
[2025-11-05T11:59:50.448Z] [2025-11-05T11:59:50.448Z] [TREESITTER-FULL] [INFO] Extracted 1 symbols from C:\Users\RakaThinkpad\Documents\Project\educatedplanet\admin\src\components\ui\item.tsx
[2025-11-05T11:59:50.448Z] [2025-11-05T11:59:50.448Z] [INDEXING-ORCHESTRATOR] [DEBUG] 🔍 Symbol extraction for C:\Users\RakaThinkpad\Documents\Project\educatedplanet\admin\src\components\ui\item.tsx: 1 symbols, 5 imports
[2025-11-05T11:59:50.448Z] [2025-11-05T11:59:50.448Z] [INDEXING-ORCHESTRATOR] [DEBUG] 📍 Chunk 8-17: 1 candidate symbols
[2025-11-05T11:59:50.448Z] [2025-11-05T11:59:50.448Z] [INDEXING-ORCHESTRATOR] [DEBUG] ✅ Chunk symbols after filtering: 1 symbols - ItemGroup
[2025-11-05T11:59:50.448Z] [2025-11-05T11:59:50.448Z] [INDEXING-ORCHESTRATOR] [DEBUG] 📍 Chunk 27-28: 0 candidate symbols
[2025-11-05T11:59:50.448Z] [2025-11-05T11:59:50.448Z] [INDEXING-ORCHESTRATOR] [DEBUG] ✅ Chunk symbols after filtering: 0 symbols - 
[2025-11-05T11:59:50.448Z] [2025-11-05T11:59:50.448Z] [INDEXING-ORCHESTRATOR] [DEBUG] 📍 Chunk 110-114: 0 candidate symbols
[2025-11-05T11:59:50.448Z] [2025-11-05T11:59:50.448Z] [INDEXING-ORCHESTRATOR] [DEBUG] ✅ Chunk symbols after filtering: 0 symbols - 
[2025-11-05T11:59:50.448Z] [2025-11-05T11:59:50.448Z] [INDEXING-ORCHESTRATOR] [DEBUG] 📍 Chunk 123-127: 0 candidate symbols
[2025-11-05T11:59:50.448Z] [2025-11-05T11:59:50.448Z] [INDEXING-ORCHESTRATOR] [DEBUG] ✅ Chunk symbols after filtering: 0 symbols - 
[2025-11-05T11:59:50.448Z] [2025-11-05T11:59:50.448Z] [INDEXING-ORCHESTRATOR] [DEBUG] 📍 Chunk 136-141: 0 candidate symbols
[2025-11-05T11:59:50.448Z] [2025-11-05T11:59:50.448Z] [INDEXING-ORCHESTRATOR] [DEBUG] ✅ Chunk symbols after filtering: 0 symbols - 
[2025-11-05T11:59:50.448Z] [2025-11-05T11:59:50.448Z] [INDEXING-ORCHESTRATOR] [DEBUG] 📍 Chunk 150-151: 0 candidate symbols
[2025-11-05T11:59:50.448Z] [2025-11-05T11:59:50.448Z] [INDEXING-ORCHESTRATOR] [DEBUG] ✅ Chunk symbols after filtering: 0 symbols - 
[2025-11-05T11:59:50.448Z] [2025-11-05T11:59:50.448Z] [INDEXING-ORCHESTRATOR] [DEBUG] 📍 Chunk 160-164: 0 candidate symbols
[2025-11-05T11:59:50.448Z] [2025-11-05T11:59:50.448Z] [INDEXING-ORCHESTRATOR] [DEBUG] ✅ Chunk symbols after filtering: 0 symbols - 
[2025-11-05T11:59:50.448Z] [2025-11-05T11:59:50.448Z] [INDEXING-ORCHESTRATOR] [DEBUG] 📍 Chunk 173-177: 0 candidate symbols
[2025-11-05T11:59:50.448Z] [2025-11-05T11:59:50.448Z] [INDEXING-ORCHESTRATOR] [DEBUG] ✅ Chunk symbols after filtering: 0 symbols - 
[2025-11-05T11:59:50.448Z] [2025-11-05T11:59:50.448Z] [INDEXING-ORCHESTRATOR] [DEBUG] 📍 Chunk 178-194: 0 candidate symbols
[2025-11-05T11:59:50.448Z] [2025-11-05T11:59:50.448Z] [INDEXING-ORCHESTRATOR] [DEBUG] ✅ Chunk symbols after filtering: 0 symbols - 
[2025-11-05T11:59:50.448Z] [2025-11-05T11:59:50.448Z] [INDEXING-ORCHESTRATOR] [DEBUG] Created 9 semantic chunks for C:\Users\RakaThinkpad\Documents\Project\educatedplanet\admin\src\components\ui\item.tsx
[2025-11-05T11:59:50.448Z] [2025-11-05T11:59:50.448Z] [INDEXING-ORCHESTRATOR] [DEBUG] Average chunk size: 136 characters
[2025-11-05T11:59:50.456Z] [2025-11-05T11:59:50.456Z] [TREESITTER-CHUNKER] [INFO] Created 1 semantic chunks from C:\Users\RakaThinkpad\Documents\Project\educatedplanet\admin\src\components\ui\label.tsx
[2025-11-05T11:59:50.462Z] [2025-11-05T11:59:50.462Z] [TREESITTER-FULL] [INFO] Extracted 1 symbols from C:\Users\RakaThinkpad\Documents\Project\educatedplanet\admin\src\components\ui\label.tsx
[2025-11-05T11:59:50.463Z] [2025-11-05T11:59:50.464Z] [INDEXING-ORCHESTRATOR] [DEBUG] 🔍 Symbol extraction for C:\Users\RakaThinkpad\Documents\Project\educatedplanet\admin\src\components\ui\label.tsx: 1 symbols, 3 imports
[2025-11-05T11:59:50.464Z] [2025-11-05T11:59:50.464Z] [INDEXING-ORCHESTRATOR] [DEBUG] 📍 Chunk 8-24: 1 candidate symbols
[2025-11-05T11:59:50.464Z] [2025-11-05T11:59:50.464Z] [INDEXING-ORCHESTRATOR] [DEBUG] ✅ Chunk symbols after filtering: 1 symbols - Label
[2025-11-05T11:59:50.464Z] [2025-11-05T11:59:50.464Z] [INDEXING-ORCHESTRATOR] [DEBUG] Created 1 semantic chunks for C:\Users\RakaThinkpad\Documents\Project\educatedplanet\admin\src\components\ui\label.tsx
[2025-11-05T11:59:50.464Z] [2025-11-05T11:59:50.464Z] [INDEXING-ORCHESTRATOR] [DEBUG] Average chunk size: 490 characters
[2025-11-05T11:59:50.474Z] [2025-11-05T11:59:50.474Z] [TREESITTER-CHUNKER] [INFO] Created 2 semantic chunks from C:\Users\RakaThinkpad\Documents\Project\educatedplanet\admin\src\components\ui\loading-link.tsx
[2025-11-05T11:59:50.500Z] [2025-11-05T11:59:50.500Z] [TREESITTER-FULL] [INFO] Extracted 2 symbols from C:\Users\RakaThinkpad\Documents\Project\educatedplanet\admin\src\components\ui\loading-link.tsx
[2025-11-05T11:59:50.500Z] [2025-11-05T11:59:50.501Z] [INDEXING-ORCHESTRATOR] [DEBUG] 🔍 Symbol extraction for C:\Users\RakaThinkpad\Documents\Project\educatedplanet\admin\src\components\ui\loading-link.tsx: 2 symbols, 4 imports
[2025-11-05T11:59:50.501Z] [2025-11-05T11:59:50.501Z] [INDEXING-ORCHESTRATOR] [DEBUG] 📍 Chunk 8-16: 1 candidate symbols
[2025-11-05T11:59:50.501Z] [2025-11-05T11:59:50.501Z] [INDEXING-ORCHESTRATOR] [DEBUG] ✅ Chunk symbols after filtering: 1 symbols - LoadingLinkProps
[2025-11-05T11:59:50.501Z] [2025-11-05T11:59:50.501Z] [INDEXING-ORCHESTRATOR] [DEBUG] 📍 Chunk 17-92: 1 candidate symbols
[2025-11-05T11:59:50.501Z] [2025-11-05T11:59:50.501Z] [INDEXING-ORCHESTRATOR] [DEBUG] ✅ Chunk symbols after filtering: 1 symbols - LoadingLink
[2025-11-05T11:59:50.501Z] [2025-11-05T11:59:50.501Z] [INDEXING-ORCHESTRATOR] [DEBUG] Created 2 semantic chunks for C:\Users\RakaThinkpad\Documents\Project\educatedplanet\admin\src\components\ui\loading-link.tsx
[2025-11-05T11:59:50.501Z] [2025-11-05T11:59:50.501Z] [INDEXING-ORCHESTRATOR] [DEBUG] Average chunk size: 926 characters
[2025-11-05T11:59:50.508Z] [2025-11-05T11:59:50.509Z] [TREESITTER-CHUNKER] [INFO] Created 2 semantic chunks from C:\Users\RakaThinkpad\Documents\Project\educatedplanet\admin\src\components\ui\loading-bar.tsx
[2025-11-05T11:59:50.518Z] [2025-11-05T11:59:50.518Z] [TREESITTER-FULL] [INFO] Extracted 2 symbols from C:\Users\RakaThinkpad\Documents\Project\educatedplanet\admin\src\components\ui\loading-bar.tsx
[2025-11-05T11:59:50.518Z] [2025-11-05T11:59:50.518Z] [INDEXING-ORCHESTRATOR] [DEBUG] 🔍 Symbol extraction for C:\Users\RakaThinkpad\Documents\Project\educatedplanet\admin\src\components\ui\loading-bar.tsx: 2 symbols, 3 imports
[2025-11-05T11:59:50.518Z] [2025-11-05T11:59:50.518Z] [INDEXING-ORCHESTRATOR] [DEBUG] 📍 Chunk 7-10: 1 candidate symbols
[2025-11-05T11:59:50.518Z] [2025-11-05T11:59:50.518Z] [INDEXING-ORCHESTRATOR] [DEBUG] ✅ Chunk symbols after filtering: 1 symbols - AppLoadingBarProps
[2025-11-05T11:59:50.518Z] [2025-11-05T11:59:50.518Z] [INDEXING-ORCHESTRATOR] [DEBUG] 📍 Chunk 12-73: 1 candidate symbols
[2025-11-05T11:59:50.518Z] [2025-11-05T11:59:50.518Z] [INDEXING-ORCHESTRATOR] [DEBUG] ✅ Chunk symbols after filtering: 1 symbols - AppLoadingBar
[2025-11-05T11:59:50.518Z] [2025-11-05T11:59:50.518Z] [INDEXING-ORCHESTRATOR] [DEBUG] Created 2 semantic chunks for C:\Users\RakaThinkpad\Documents\Project\educatedplanet\admin\src\components\ui\loading-bar.tsx
[2025-11-05T11:59:50.518Z] [2025-11-05T11:59:50.518Z] [INDEXING-ORCHESTRATOR] [DEBUG] Average chunk size: 798 characters
[2025-11-05T11:59:50.539Z] [2025-11-05T11:59:50.539Z] [TREESITTER-CHUNKER] [INFO] Created 3 semantic chunks from C:\Users\RakaThinkpad\Documents\Project\educatedplanet\admin\src\components\ui\menubar.tsx
[2025-11-05T11:59:50.594Z] [2025-11-05T11:59:50.595Z] [TREESITTER-FULL] [INFO] Extracted 0 symbols from C:\Users\RakaThinkpad\Documents\Project\educatedplanet\admin\src\components\ui\menubar.tsx
[2025-11-05T11:59:50.595Z] [2025-11-05T11:59:50.595Z] [INDEXING-ORCHESTRATOR] [DEBUG] 🔍 Symbol extraction for C:\Users\RakaThinkpad\Documents\Project\educatedplanet\admin\src\components\ui\menubar.tsx: 0 symbols, 4 imports
[2025-11-05T11:59:50.595Z] [2025-11-05T11:59:50.595Z] [INDEXING-ORCHESTRATOR] [DEBUG] 📍 Chunk 105-109: 0 candidate symbols
[2025-11-05T11:59:50.595Z] [2025-11-05T11:59:50.595Z] [INDEXING-ORCHESTRATOR] [DEBUG] ✅ Chunk symbols after filtering: 0 symbols - 
[2025-11-05T11:59:50.595Z] [2025-11-05T11:59:50.595Z] [INDEXING-ORCHESTRATOR] [DEBUG] 📍 Chunk 204-208: 0 candidate symbols
[2025-11-05T11:59:50.595Z] [2025-11-05T11:59:50.595Z] [INDEXING-ORCHESTRATOR] [DEBUG] ✅ Chunk symbols after filtering: 0 symbols - 
[2025-11-05T11:59:50.595Z] [2025-11-05T11:59:50.595Z] [INDEXING-ORCHESTRATOR] [DEBUG] 📍 Chunk 209-277: 0 candidate symbols
[2025-11-05T11:59:50.595Z] [2025-11-05T11:59:50.595Z] [INDEXING-ORCHESTRATOR] [DEBUG] ✅ Chunk symbols after filtering: 0 symbols - 
[2025-11-05T11:59:50.595Z] [2025-11-05T11:59:50.595Z] [INDEXING-ORCHESTRATOR] [DEBUG] Created 3 semantic chunks for C:\Users\RakaThinkpad\Documents\Project\educatedplanet\admin\src\components\ui\menubar.tsx
[2025-11-05T11:59:50.595Z] [2025-11-05T11:59:50.595Z] [INDEXING-ORCHESTRATOR] [DEBUG] Average chunk size: 931 characters
[2025-11-05T11:59:50.613Z] [2025-11-05T11:59:50.614Z] [TREESITTER-CHUNKER] [INFO] Created 6 semantic chunks from C:\Users\RakaThinkpad\Documents\Project\educatedplanet\admin\src\components\ui\pagination.tsx
[2025-11-05T11:59:50.649Z] [2025-11-05T11:59:50.649Z] [TREESITTER-FULL] [INFO] Extracted 0 symbols from C:\Users\RakaThinkpad\Documents\Project\educatedplanet\admin\src\components\ui\pagination.tsx
[2025-11-05T11:59:50.649Z] [2025-11-05T11:59:50.649Z] [INDEXING-ORCHESTRATOR] [DEBUG] 🔍 Symbol extraction for C:\Users\RakaThinkpad\Documents\Project\educatedplanet\admin\src\components\ui\pagination.tsx: 0 symbols, 4 imports
[2025-11-05T11:59:50.649Z] [2025-11-05T11:59:50.649Z] [INDEXING-ORCHESTRATOR] [DEBUG] 📍 Chunk 30-31: 0 candidate symbols
[2025-11-05T11:59:50.649Z] [2025-11-05T11:59:50.649Z] [INDEXING-ORCHESTRATOR] [DEBUG] ✅ Chunk symbols after filtering: 0 symbols - 
[2025-11-05T11:59:50.649Z] [2025-11-05T11:59:50.649Z] [INDEXING-ORCHESTRATOR] [DEBUG] 📍 Chunk 56-63: 0 candidate symbols
[2025-11-05T11:59:50.649Z] [2025-11-05T11:59:50.649Z] [INDEXING-ORCHESTRATOR] [DEBUG] ✅ Chunk symbols after filtering: 0 symbols - 
[2025-11-05T11:59:50.649Z] [2025-11-05T11:59:50.649Z] [INDEXING-ORCHESTRATOR] [DEBUG] 📍 Chunk 76-77: 0 candidate symbols
[2025-11-05T11:59:50.649Z] [2025-11-05T11:59:50.649Z] [INDEXING-ORCHESTRATOR] [DEBUG] ✅ Chunk symbols after filtering: 0 symbols - 
[2025-11-05T11:59:50.649Z] [2025-11-05T11:59:50.649Z] [INDEXING-ORCHESTRATOR] [DEBUG] 📍 Chunk 85-94: 0 candidate symbols
[2025-11-05T11:59:50.649Z] [2025-11-05T11:59:50.649Z] [INDEXING-ORCHESTRATOR] [DEBUG] ✅ Chunk symbols after filtering: 0 symbols - 
[2025-11-05T11:59:50.649Z] [2025-11-05T11:59:50.649Z] [INDEXING-ORCHESTRATOR] [DEBUG] 📍 Chunk 102-111: 0 candidate symbols
[2025-11-05T11:59:50.649Z] [2025-11-05T11:59:50.649Z] [INDEXING-ORCHESTRATOR] [DEBUG] ✅ Chunk symbols after filtering: 0 symbols - 
[2025-11-05T11:59:50.649Z] [2025-11-05T11:59:50.649Z] [INDEXING-ORCHESTRATOR] [DEBUG] 📍 Chunk 112-128: 0 candidate symbols
[2025-11-05T11:59:50.649Z] [2025-11-05T11:59:50.649Z] [INDEXING-ORCHESTRATOR] [DEBUG] ✅ Chunk symbols after filtering: 0 symbols - 
[2025-11-05T11:59:50.649Z] [2025-11-05T11:59:50.649Z] [INDEXING-ORCHESTRATOR] [DEBUG] Created 6 semantic chunks for C:\Users\RakaThinkpad\Documents\Project\educatedplanet\admin\src\components\ui\pagination.tsx
[2025-11-05T11:59:50.649Z] [2025-11-05T11:59:50.649Z] [INDEXING-ORCHESTRATOR] [DEBUG] Average chunk size: 183 characters
[2025-11-05T11:59:50.665Z] [2025-11-05T11:59:50.665Z] [TREESITTER-CHUNKER] [INFO] Created 4 semantic chunks from C:\Users\RakaThinkpad\Documents\Project\educatedplanet\admin\src\components\ui\navigation-menu.tsx
[2025-11-05T11:59:50.690Z] [2025-11-05T11:59:50.690Z] [TREESITTER-FULL] [INFO] Extracted 2 symbols from C:\Users\RakaThinkpad\Documents\Project\educatedplanet\admin\src\components\ui\navigation-menu.tsx
[2025-11-05T11:59:50.690Z] [2025-11-05T11:59:50.690Z] [INDEXING-ORCHESTRATOR] [DEBUG] 🔍 Symbol extraction for C:\Users\RakaThinkpad\Documents\Project\educatedplanet\admin\src\components\ui\navigation-menu.tsx: 2 symbols, 5 imports
[2025-11-05T11:59:50.690Z] [2025-11-05T11:59:50.690Z] [INDEXING-ORCHESTRATOR] [DEBUG] 📍 Chunk 39-43: 0 candidate symbols
[2025-11-05T11:59:50.690Z] [2025-11-05T11:59:50.690Z] [INDEXING-ORCHESTRATOR] [DEBUG] ✅ Chunk symbols after filtering: 0 symbols - 
[2025-11-05T11:59:50.690Z] [2025-11-05T11:59:50.690Z] [INDEXING-ORCHESTRATOR] [DEBUG] 📍 Chunk 65-83: 1 candidate symbols
[2025-11-05T11:59:50.690Z] [2025-11-05T11:59:50.690Z] [INDEXING-ORCHESTRATOR] [DEBUG] ✅ Chunk symbols after filtering: 1 symbols - NavigationMenuTrigger
[2025-11-05T11:59:50.690Z] [2025-11-05T11:59:50.690Z] [INDEXING-ORCHESTRATOR] [DEBUG] 📍 Chunk 131-135: 0 candidate symbols
[2025-11-05T11:59:50.690Z] [2025-11-05T11:59:50.690Z] [INDEXING-ORCHESTRATOR] [DEBUG] ✅ Chunk symbols after filtering: 0 symbols - 
[2025-11-05T11:59:50.690Z] [2025-11-05T11:59:50.690Z] [INDEXING-ORCHESTRATOR] [DEBUG] 📍 Chunk 136-169: 0 candidate symbols
[2025-11-05T11:59:50.690Z] [2025-11-05T11:59:50.690Z] [INDEXING-ORCHESTRATOR] [DEBUG] ✅ Chunk symbols after filtering: 0 symbols - 
[2025-11-05T11:59:50.690Z] [2025-11-05T11:59:50.690Z] [INDEXING-ORCHESTRATOR] [DEBUG] Created 4 semantic chunks for C:\Users\RakaThinkpad\Documents\Project\educatedplanet\admin\src\components\ui\navigation-menu.tsx
[2025-11-05T11:59:50.690Z] [2025-11-05T11:59:50.691Z] [INDEXING-ORCHESTRATOR] [DEBUG] Average chunk size: 534 characters
[2025-11-05T11:59:50.693Z] [2025-11-05T11:59:50.693Z] [TREESITTER-CHUNKER] [INFO] Created 1 semantic chunks from C:\Users\RakaThinkpad\Documents\Project\educatedplanet\admin\src\components\ui\progress.tsx
[2025-11-05T11:59:50.697Z] [2025-11-05T11:59:50.697Z] [TREESITTER-FULL] [INFO] Extracted 0 symbols from C:\Users\RakaThinkpad\Documents\Project\educatedplanet\admin\src\components\ui\progress.tsx
[2025-11-05T11:59:50.697Z] [2025-11-05T11:59:50.697Z] [INDEXING-ORCHESTRATOR] [DEBUG] 🔍 Symbol extraction for C:\Users\RakaThinkpad\Documents\Project\educatedplanet\admin\src\components\ui\progress.tsx: 0 symbols, 3 imports
[2025-11-05T11:59:50.697Z] [2025-11-05T11:59:50.697Z] [INDEXING-ORCHESTRATOR] [DEBUG] 📍 Chunk 1-32: 0 candidate symbols
[2025-11-05T11:59:50.697Z] [2025-11-05T11:59:50.697Z] [INDEXING-ORCHESTRATOR] [DEBUG] ✅ Chunk symbols after filtering: 0 symbols - 
[2025-11-05T11:59:50.697Z] [2025-11-05T11:59:50.697Z] [INDEXING-ORCHESTRATOR] [DEBUG] Created 1 semantic chunks for C:\Users\RakaThinkpad\Documents\Project\educatedplanet\admin\src\components\ui\progress.tsx
[2025-11-05T11:59:50.697Z] [2025-11-05T11:59:50.697Z] [INDEXING-ORCHESTRATOR] [DEBUG] Average chunk size: 764 characters
[2025-11-05T11:59:50.701Z] [2025-11-05T11:59:50.701Z] [TREESITTER-CHUNKER] [INFO] Created 1 semantic chunks from C:\Users\RakaThinkpad\Documents\Project\educatedplanet\admin\src\components\ui\popover.tsx
[2025-11-05T11:59:50.707Z] [2025-11-05T11:59:50.707Z] [TREESITTER-FULL] [INFO] Extracted 0 symbols from C:\Users\RakaThinkpad\Documents\Project\educatedplanet\admin\src\components\ui\popover.tsx
[2025-11-05T11:59:50.707Z] [2025-11-05T11:59:50.707Z] [INDEXING-ORCHESTRATOR] [DEBUG] 🔍 Symbol extraction for C:\Users\RakaThinkpad\Documents\Project\educatedplanet\admin\src\components\ui\popover.tsx: 0 symbols, 3 imports
[2025-11-05T11:59:50.707Z] [2025-11-05T11:59:50.707Z] [INDEXING-ORCHESTRATOR] [DEBUG] 📍 Chunk 1-49: 0 candidate symbols
[2025-11-05T11:59:50.707Z] [2025-11-05T11:59:50.707Z] [INDEXING-ORCHESTRATOR] [DEBUG] ✅ Chunk symbols after filtering: 0 symbols - 
[2025-11-05T11:59:50.707Z] [2025-11-05T11:59:50.707Z] [INDEXING-ORCHESTRATOR] [DEBUG] Created 1 semantic chunks for C:\Users\RakaThinkpad\Documents\Project\educatedplanet\admin\src\components\ui\popover.tsx
[2025-11-05T11:59:50.708Z] [2025-11-05T11:59:50.707Z] [INDEXING-ORCHESTRATOR] [DEBUG] Average chunk size: 1676 characters
[2025-11-05T11:59:50.708Z] [2025-11-05T11:59:50.707Z] [INDEXING-ORCHESTRATOR] [DEBUG] 📊 Processed: 100/220 files
[2025-11-05T11:59:50.716Z] [2025-11-05T11:59:50.716Z] [TREESITTER-CHUNKER] [INFO] Created 1 semantic chunks from C:\Users\RakaThinkpad\Documents\Project\educatedplanet\admin\src\components\ui\resizable.tsx
[2025-11-05T11:59:50.723Z] [2025-11-05T11:59:50.723Z] [TREESITTER-FULL] [INFO] Extracted 0 symbols from C:\Users\RakaThinkpad\Documents\Project\educatedplanet\admin\src\components\ui\resizable.tsx
[2025-11-05T11:59:50.723Z] [2025-11-05T11:59:50.723Z] [INDEXING-ORCHESTRATOR] [DEBUG] 🔍 Symbol extraction for C:\Users\RakaThinkpad\Documents\Project\educatedplanet\admin\src\components\ui\resizable.tsx: 0 symbols, 4 imports
[2025-11-05T11:59:50.723Z] [2025-11-05T11:59:50.723Z] [INDEXING-ORCHESTRATOR] [DEBUG] 📍 Chunk 1-57: 0 candidate symbols
[2025-11-05T11:59:50.723Z] [2025-11-05T11:59:50.723Z] [INDEXING-ORCHESTRATOR] [DEBUG] ✅ Chunk symbols after filtering: 0 symbols - 
[2025-11-05T11:59:50.723Z] [2025-11-05T11:59:50.723Z] [INDEXING-ORCHESTRATOR] [DEBUG] Created 1 semantic chunks for C:\Users\RakaThinkpad\Documents\Project\educatedplanet\admin\src\components\ui\resizable.tsx
[2025-11-05T11:59:50.723Z] [2025-11-05T11:59:50.723Z] [INDEXING-ORCHESTRATOR] [DEBUG] Average chunk size: 2082 characters
[2025-11-05T11:59:50.749Z] [2025-11-05T11:59:50.750Z] [TREESITTER-CHUNKER] [INFO] Created 5 semantic chunks from C:\Users\RakaThinkpad\Documents\Project\educatedplanet\admin\src\components\ui\select.tsx
[2025-11-05T11:59:50.796Z] [2025-11-05T11:59:50.797Z] [TREESITTER-FULL] [INFO] Extracted 0 symbols from C:\Users\RakaThinkpad\Documents\Project\educatedplanet\admin\src\components\ui\select.tsx
[2025-11-05T11:59:50.796Z] [2025-11-05T11:59:50.797Z] [INDEXING-ORCHESTRATOR] [DEBUG] 🔍 Symbol extraction for C:\Users\RakaThinkpad\Documents\Project\educatedplanet\admin\src\components\ui\select.tsx: 0 symbols, 4 imports
[2025-11-05T11:59:50.797Z] [2025-11-05T11:59:50.797Z] [INDEXING-ORCHESTRATOR] [DEBUG] 📍 Chunk 27-88: 0 candidate symbols
[2025-11-05T11:59:50.797Z] [2025-11-05T11:59:50.797Z] [INDEXING-ORCHESTRATOR] [DEBUG] ✅ Chunk symbols after filtering: 0 symbols - 
[2025-11-05T11:59:50.797Z] [2025-11-05T11:59:50.797Z] [INDEXING-ORCHESTRATOR] [DEBUG] 📍 Chunk 64-70: 0 candidate symbols
[2025-11-05T11:59:50.797Z] [2025-11-05T11:59:50.797Z] [INDEXING-ORCHESTRATOR] [DEBUG] ✅ Chunk symbols after filtering: 0 symbols - 
[2025-11-05T11:59:50.797Z] [2025-11-05T11:59:50.797Z] [INDEXING-ORCHESTRATOR] [DEBUG] 📍 Chunk 90-125: 0 candidate symbols
[2025-11-05T11:59:50.797Z] [2025-11-05T11:59:50.797Z] [INDEXING-ORCHESTRATOR] [DEBUG] ✅ Chunk symbols after filtering: 0 symbols - 
[2025-11-05T11:59:50.797Z] [2025-11-05T11:59:50.797Z] [INDEXING-ORCHESTRATOR] [DEBUG] 📍 Chunk 127-174: 0 candidate symbols
[2025-11-05T11:59:50.797Z] [2025-11-05T11:59:50.797Z] [INDEXING-ORCHESTRATOR] [DEBUG] ✅ Chunk symbols after filtering: 0 symbols - 
[2025-11-05T11:59:50.797Z] [2025-11-05T11:59:50.797Z] [INDEXING-ORCHESTRATOR] [DEBUG] 📍 Chunk 175-188: 0 candidate symbols
[2025-11-05T11:59:50.797Z] [2025-11-05T11:59:50.797Z] [INDEXING-ORCHESTRATOR] [DEBUG] ✅ Chunk symbols after filtering: 0 symbols - 
[2025-11-05T11:59:50.797Z] [2025-11-05T11:59:50.797Z] [INDEXING-ORCHESTRATOR] [DEBUG] Created 5 semantic chunks for C:\Users\RakaThinkpad\Documents\Project\educatedplanet\admin\src\components\ui\select.tsx
[2025-11-05T11:59:50.797Z] [2025-11-05T11:59:50.797Z] [INDEXING-ORCHESTRATOR] [DEBUG] Average chunk size: 1313 characters
[2025-11-05T11:59:50.800Z] [2025-11-05T11:59:50.800Z] [TREESITTER-CHUNKER] [INFO] Created 2 semantic chunks from C:\Users\RakaThinkpad\Documents\Project\educatedplanet\admin\src\components\ui\radio-group.tsx
[2025-11-05T11:59:50.807Z] [2025-11-05T11:59:50.807Z] [TREESITTER-FULL] [INFO] Extracted 2 symbols from C:\Users\RakaThinkpad\Documents\Project\educatedplanet\admin\src\components\ui\radio-group.tsx
[2025-11-05T11:59:50.807Z] [2025-11-05T11:59:50.808Z] [INDEXING-ORCHESTRATOR] [DEBUG] 🔍 Symbol extraction for C:\Users\RakaThinkpad\Documents\Project\educatedplanet\admin\src\components\ui\radio-group.tsx: 2 symbols, 4 imports
[2025-11-05T11:59:50.807Z] [2025-11-05T11:59:50.808Z] [INDEXING-ORCHESTRATOR] [DEBUG] 📍 Chunk 9-43: 2 candidate symbols
[2025-11-05T11:59:50.810Z] [2025-11-05T11:59:50.808Z] [INDEXING-ORCHESTRATOR] [DEBUG] ✅ Chunk symbols after filtering: 2 symbols - RadioGroup, RadioGroupItem
[2025-11-05T11:59:50.810Z] [2025-11-05T11:59:50.808Z] [INDEXING-ORCHESTRATOR] [DEBUG] 📍 Chunk 44-46: 0 candidate symbols
[2025-11-05T11:59:50.810Z] [2025-11-05T11:59:50.808Z] [INDEXING-ORCHESTRATOR] [DEBUG] ✅ Chunk symbols after filtering: 0 symbols - 
[2025-11-05T11:59:50.810Z] [2025-11-05T11:59:50.808Z] [INDEXING-ORCHESTRATOR] [DEBUG] Created 2 semantic chunks for C:\Users\RakaThinkpad\Documents\Project\educatedplanet\admin\src\components\ui\radio-group.tsx
[2025-11-05T11:59:50.810Z] [2025-11-05T11:59:50.808Z] [INDEXING-ORCHESTRATOR] [DEBUG] Average chunk size: 654 characters
[2025-11-05T11:59:50.815Z] [2025-11-05T11:59:50.816Z] [TREESITTER-CHUNKER] [INFO] Created 3 semantic chunks from C:\Users\RakaThinkpad\Documents\Project\educatedplanet\admin\src\components\ui\scroll-area.tsx
[2025-11-05T11:59:50.827Z] [2025-11-05T11:59:50.827Z] [TREESITTER-FULL] [INFO] Extracted 2 symbols from C:\Users\RakaThinkpad\Documents\Project\educatedplanet\admin\src\components\ui\scroll-area.tsx
[2025-11-05T11:59:50.827Z] [2025-11-05T11:59:50.828Z] [INDEXING-ORCHESTRATOR] [DEBUG] 🔍 Symbol extraction for C:\Users\RakaThinkpad\Documents\Project\educatedplanet\admin\src\components\ui\scroll-area.tsx: 2 symbols, 3 imports
[2025-11-05T11:59:50.827Z] [2025-11-05T11:59:50.828Z] [INDEXING-ORCHESTRATOR] [DEBUG] 📍 Chunk 8-29: 1 candidate symbols
[2025-11-05T11:59:50.827Z] [2025-11-05T11:59:50.828Z] [INDEXING-ORCHESTRATOR] [DEBUG] ✅ Chunk symbols after filtering: 1 symbols - ScrollArea
[2025-11-05T11:59:50.827Z] [2025-11-05T11:59:50.828Z] [INDEXING-ORCHESTRATOR] [DEBUG] 📍 Chunk 31-56: 1 candidate symbols
[2025-11-05T11:59:50.827Z] [2025-11-05T11:59:50.828Z] [INDEXING-ORCHESTRATOR] [DEBUG] ✅ Chunk symbols after filtering: 1 symbols - ScrollBar
[2025-11-05T11:59:50.827Z] [2025-11-05T11:59:50.828Z] [INDEXING-ORCHESTRATOR] [DEBUG] 📍 Chunk 57-59: 0 candidate symbols
[2025-11-05T11:59:50.827Z] [2025-11-05T11:59:50.828Z] [INDEXING-ORCHESTRATOR] [DEBUG] ✅ Chunk symbols after filtering: 0 symbols - 
[2025-11-05T11:59:50.827Z] [2025-11-05T11:59:50.828Z] [INDEXING-ORCHESTRATOR] [DEBUG] Created 3 semantic chunks for C:\Users\RakaThinkpad\Documents\Project\educatedplanet\admin\src\components\ui\scroll-area.tsx
[2025-11-05T11:59:50.827Z] [2025-11-05T11:59:50.828Z] [INDEXING-ORCHESTRATOR] [DEBUG] Average chunk size: 513 characters
[2025-11-05T11:59:50.830Z] [2025-11-05T11:59:50.830Z] [TREESITTER-CHUNKER] [INFO] Created 1 semantic chunks from C:\Users\RakaThinkpad\Documents\Project\educatedplanet\admin\src\components\ui\separator.tsx
[2025-11-05T11:59:50.833Z] [2025-11-05T11:59:50.834Z] [TREESITTER-FULL] [INFO] Extracted 1 symbols from C:\Users\RakaThinkpad\Documents\Project\educatedplanet\admin\src\components\ui\separator.tsx
[2025-11-05T11:59:50.834Z] [2025-11-05T11:59:50.834Z] [INDEXING-ORCHESTRATOR] [DEBUG] 🔍 Symbol extraction for C:\Users\RakaThinkpad\Documents\Project\educatedplanet\admin\src\components\ui\separator.tsx: 1 symbols, 3 imports
[2025-11-05T11:59:50.834Z] [2025-11-05T11:59:50.834Z] [INDEXING-ORCHESTRATOR] [DEBUG] 📍 Chunk 8-28: 1 candidate symbols
[2025-11-05T11:59:50.834Z] [2025-11-05T11:59:50.834Z] [INDEXING-ORCHESTRATOR] [DEBUG] ✅ Chunk symbols after filtering: 1 symbols - Separator
[2025-11-05T11:59:50.834Z] [2025-11-05T11:59:50.834Z] [INDEXING-ORCHESTRATOR] [DEBUG] Created 1 semantic chunks for C:\Users\RakaThinkpad\Documents\Project\educatedplanet\admin\src\components\ui\separator.tsx
[2025-11-05T11:59:50.834Z] [2025-11-05T11:59:50.834Z] [INDEXING-ORCHESTRATOR] [DEBUG] Average chunk size: 574 characters
[2025-11-05T11:59:50.857Z] [2025-11-05T11:59:50.857Z] [TREESITTER-CHUNKER] [INFO] Created 4 semantic chunks from C:\Users\RakaThinkpad\Documents\Project\educatedplanet\admin\src\components\ui\sheet.tsx
[2025-11-05T11:59:50.880Z] [2025-11-05T11:59:50.880Z] [TREESITTER-FULL] [INFO] Extracted 1 symbols from C:\Users\RakaThinkpad\Documents\Project\educatedplanet\admin\src\components\ui\sheet.tsx
[2025-11-05T11:59:50.880Z] [2025-11-05T11:59:50.880Z] [INDEXING-ORCHESTRATOR] [DEBUG] 🔍 Symbol extraction for C:\Users\RakaThinkpad\Documents\Project\educatedplanet\admin\src\components\ui\sheet.tsx: 1 symbols, 4 imports
[2025-11-05T11:59:50.880Z] [2025-11-05T11:59:50.880Z] [INDEXING-ORCHESTRATOR] [DEBUG] 📍 Chunk 88-89: 0 candidate symbols
[2025-11-05T11:59:50.880Z] [2025-11-05T11:59:50.880Z] [INDEXING-ORCHESTRATOR] [DEBUG] ✅ Chunk symbols after filtering: 0 symbols - 
[2025-11-05T11:59:50.880Z] [2025-11-05T11:59:50.880Z] [INDEXING-ORCHESTRATOR] [DEBUG] 📍 Chunk 98-99: 0 candidate symbols
[2025-11-05T11:59:50.880Z] [2025-11-05T11:59:50.880Z] [INDEXING-ORCHESTRATOR] [DEBUG] ✅ Chunk symbols after filtering: 0 symbols - 
[2025-11-05T11:59:50.880Z] [2025-11-05T11:59:50.880Z] [INDEXING-ORCHESTRATOR] [DEBUG] 📍 Chunk 117-128: 1 candidate symbols
[2025-11-05T11:59:50.880Z] [2025-11-05T11:59:50.880Z] [INDEXING-ORCHESTRATOR] [DEBUG] ✅ Chunk symbols after filtering: 1 symbols - SheetDescription
[2025-11-05T11:59:50.880Z] [2025-11-05T11:59:50.881Z] [INDEXING-ORCHESTRATOR] [DEBUG] 📍 Chunk 129-140: 0 candidate symbols
[2025-11-05T11:59:50.880Z] [2025-11-05T11:59:50.881Z] [INDEXING-ORCHESTRATOR] [DEBUG] ✅ Chunk symbols after filtering: 0 symbols - 
[2025-11-05T11:59:50.880Z] [2025-11-05T11:59:50.881Z] [INDEXING-ORCHESTRATOR] [DEBUG] Created 4 semantic chunks for C:\Users\RakaThinkpad\Documents\Project\educatedplanet\admin\src\components\ui\sheet.tsx
[2025-11-05T11:59:50.880Z] [2025-11-05T11:59:50.881Z] [INDEXING-ORCHESTRATOR] [DEBUG] Average chunk size: 141 characters
[2025-11-05T11:59:50.889Z] [2025-11-05T11:59:50.889Z] [TREESITTER-CHUNKER] [INFO] Created 2 semantic chunks from C:\Users\RakaThinkpad\Documents\Project\educatedplanet\admin\src\components\ui\simple-loading-bar.tsx
[2025-11-05T11:59:50.907Z] [2025-11-05T11:59:50.908Z] [TREESITTER-FULL] [INFO] Extracted 1 symbols from C:\Users\RakaThinkpad\Documents\Project\educatedplanet\admin\src\components\ui\simple-loading-bar.tsx
[2025-11-05T11:59:50.907Z] [2025-11-05T11:59:50.908Z] [INDEXING-ORCHESTRATOR] [DEBUG] 🔍 Symbol extraction for C:\Users\RakaThinkpad\Documents\Project\educatedplanet\admin\src\components\ui\simple-loading-bar.tsx: 1 symbols, 2 imports
[2025-11-05T11:59:50.907Z] [2025-11-05T11:59:50.908Z] [INDEXING-ORCHESTRATOR] [DEBUG] 📍 Chunk 6-8: 1 candidate symbols
[2025-11-05T11:59:50.907Z] [2025-11-05T11:59:50.908Z] [INDEXING-ORCHESTRATOR] [DEBUG] ✅ Chunk symbols after filtering: 1 symbols - SimpleLoadingBarProps
[2025-11-05T11:59:50.908Z] [2025-11-05T11:59:50.908Z] [INDEXING-ORCHESTRATOR] [DEBUG] 📍 Chunk 9-69: 0 candidate symbols
[2025-11-05T11:59:50.908Z] [2025-11-05T11:59:50.908Z] [INDEXING-ORCHESTRATOR] [DEBUG] ✅ Chunk symbols after filtering: 0 symbols - 
[2025-11-05T11:59:50.908Z] [2025-11-05T11:59:50.908Z] [INDEXING-ORCHESTRATOR] [DEBUG] Created 2 semantic chunks for C:\Users\RakaThinkpad\Documents\Project\educatedplanet\admin\src\components\ui\simple-loading-bar.tsx
[2025-11-05T11:59:50.908Z] [2025-11-05T11:59:50.908Z] [INDEXING-ORCHESTRATOR] [DEBUG] Average chunk size: 737 characters
[2025-11-05T11:59:50.981Z] [2025-11-05T11:59:50.981Z] [TREESITTER-CHUNKER] [INFO] Created 25 semantic chunks from C:\Users\RakaThinkpad\Documents\Project\educatedplanet\admin\src\components\ui\sidebar.tsx
[2025-11-05T11:59:51.400Z] [2025-11-05T11:59:51.400Z] [TREESITTER-FULL] [INFO] Extracted 8 symbols from C:\Users\RakaThinkpad\Documents\Project\educatedplanet\admin\src\components\ui\sidebar.tsx
[2025-11-05T11:59:51.400Z] [2025-11-05T11:59:51.400Z] [INDEXING-ORCHESTRATOR] [DEBUG] 🔍 Symbol extraction for C:\Users\RakaThinkpad\Documents\Project\educatedplanet\admin\src\components\ui\sidebar.tsx: 8 symbols, 12 imports
[2025-11-05T11:59:51.400Z] [2025-11-05T11:59:51.400Z] [INDEXING-ORCHESTRATOR] [DEBUG] 📍 Chunk 35-54: 3 candidate symbols
[2025-11-05T11:59:51.400Z] [2025-11-05T11:59:51.400Z] [INDEXING-ORCHESTRATOR] [DEBUG] ✅ Chunk symbols after filtering: 3 symbols - SidebarContextProps, SidebarContext, useSidebar
[2025-11-05T11:59:51.400Z] [2025-11-05T11:59:51.400Z] [INDEXING-ORCHESTRATOR] [DEBUG] 📍 Chunk 141-145: 0 candidate symbols
[2025-11-05T11:59:51.400Z] [2025-11-05T11:59:51.400Z] [INDEXING-ORCHESTRATOR] [DEBUG] ✅ Chunk symbols after filtering: 0 symbols - 
[2025-11-05T11:59:51.400Z] [2025-11-05T11:59:51.400Z] [INDEXING-ORCHESTRATOR] [DEBUG] 📍 Chunk 172-176: 0 candidate symbols
[2025-11-05T11:59:51.400Z] [2025-11-05T11:59:51.401Z] [INDEXING-ORCHESTRATOR] [DEBUG] ✅ Chunk symbols after filtering: 0 symbols - 
[2025-11-05T11:59:51.400Z] [2025-11-05T11:59:51.401Z] [INDEXING-ORCHESTRATOR] [DEBUG] 📍 Chunk 231-242: 0 candidate symbols
[2025-11-05T11:59:51.400Z] [2025-11-05T11:59:51.401Z] [INDEXING-ORCHESTRATOR] [DEBUG] ✅ Chunk symbols after filtering: 0 symbols - 
[2025-11-05T11:59:51.400Z] [2025-11-05T11:59:51.401Z] [INDEXING-ORCHESTRATOR] [DEBUG] 📍 Chunk 293-302: 0 candidate symbols
[2025-11-05T11:59:51.400Z] [2025-11-05T11:59:51.401Z] [INDEXING-ORCHESTRATOR] [DEBUG] ✅ Chunk symbols after filtering: 0 symbols - 
[2025-11-05T11:59:51.400Z] [2025-11-05T11:59:51.401Z] [INDEXING-ORCHESTRATOR] [DEBUG] 📍 Chunk 311-316: 0 candidate symbols
[2025-11-05T11:59:51.400Z] [2025-11-05T11:59:51.401Z] [INDEXING-ORCHESTRATOR] [DEBUG] ✅ Chunk symbols after filtering: 0 symbols - 
[2025-11-05T11:59:51.400Z] [2025-11-05T11:59:51.401Z] [INDEXING-ORCHESTRATOR] [DEBUG] 📍 Chunk 329-330: 0 candidate symbols
[2025-11-05T11:59:51.400Z] [2025-11-05T11:59:51.401Z] [INDEXING-ORCHESTRATOR] [DEBUG] ✅ Chunk symbols after filtering: 0 symbols - 
[2025-11-05T11:59:51.400Z] [2025-11-05T11:59:51.401Z] [INDEXING-ORCHESTRATOR] [DEBUG] 📍 Chunk 340-341: 0 candidate symbols
[2025-11-05T11:59:51.400Z] [2025-11-05T11:59:51.401Z] [INDEXING-ORCHESTRATOR] [DEBUG] ✅ Chunk symbols after filtering: 0 symbols - 
[2025-11-05T11:59:51.401Z] [2025-11-05T11:59:51.401Z] [INDEXING-ORCHESTRATOR] [DEBUG] 📍 Chunk 351-352: 0 candidate symbols
[2025-11-05T11:59:51.401Z] [2025-11-05T11:59:51.401Z] [INDEXING-ORCHESTRATOR] [DEBUG] ✅ Chunk symbols after filtering: 0 symbols - 
[2025-11-05T11:59:51.401Z] [2025-11-05T11:59:51.401Z] [INDEXING-ORCHESTRATOR] [DEBUG] 📍 Chunk 365-366: 0 candidate symbols
[2025-11-05T11:59:51.401Z] [2025-11-05T11:59:51.401Z] [INDEXING-ORCHESTRATOR] [DEBUG] ✅ Chunk symbols after filtering: 0 symbols - 
[2025-11-05T11:59:51.401Z] [2025-11-05T11:59:51.401Z] [INDEXING-ORCHESTRATOR] [DEBUG] 📍 Chunk 376-380: 0 candidate symbols
[2025-11-05T11:59:51.401Z] [2025-11-05T11:59:51.401Z] [INDEXING-ORCHESTRATOR] [DEBUG] ✅ Chunk symbols after filtering: 0 symbols - 
[2025-11-05T11:59:51.401Z] [2025-11-05T11:59:51.401Z] [INDEXING-ORCHESTRATOR] [DEBUG] 📍 Chunk 390-391: 0 candidate symbols
[2025-11-05T11:59:51.401Z] [2025-11-05T11:59:51.401Z] [INDEXING-ORCHESTRATOR] [DEBUG] ✅ Chunk symbols after filtering: 0 symbols - 
[2025-11-05T11:59:51.401Z] [2025-11-05T11:59:51.401Z] [INDEXING-ORCHESTRATOR] [DEBUG] 📍 Chunk 407-412: 0 candidate symbols
[2025-11-05T11:59:51.401Z] [2025-11-05T11:59:51.401Z] [INDEXING-ORCHESTRATOR] [DEBUG] ✅ Chunk symbols after filtering: 0 symbols - 
[2025-11-05T11:59:51.401Z] [2025-11-05T11:59:51.401Z] [INDEXING-ORCHESTRATOR] [DEBUG] 📍 Chunk 428-435: 0 candidate symbols
[2025-11-05T11:59:51.401Z] [2025-11-05T11:59:51.401Z] [INDEXING-ORCHESTRATOR] [DEBUG] ✅ Chunk symbols after filtering: 0 symbols - 
[2025-11-05T11:59:51.401Z] [2025-11-05T11:59:51.401Z] [INDEXING-ORCHESTRATOR] [DEBUG] 📍 Chunk 448-449: 0 candidate symbols
[2025-11-05T11:59:51.401Z] [2025-11-05T11:59:51.401Z] [INDEXING-ORCHESTRATOR] [DEBUG] ✅ Chunk symbols after filtering: 0 symbols - 
[2025-11-05T11:59:51.401Z] [2025-11-05T11:59:51.401Z] [INDEXING-ORCHESTRATOR] [DEBUG] 📍 Chunk 459-460: 0 candidate symbols
[2025-11-05T11:59:51.401Z] [2025-11-05T11:59:51.401Z] [INDEXING-ORCHESTRATOR] [DEBUG] ✅ Chunk symbols after filtering: 0 symbols - 
[2025-11-05T11:59:51.401Z] [2025-11-05T11:59:51.401Z] [INDEXING-ORCHESTRATOR] [DEBUG] 📍 Chunk 470-471: 0 candidate symbols
[2025-11-05T11:59:51.401Z] [2025-11-05T11:59:51.401Z] [INDEXING-ORCHESTRATOR] [DEBUG] ✅ Chunk symbols after filtering: 0 symbols - 
[2025-11-05T11:59:51.401Z] [2025-11-05T11:59:51.401Z] [INDEXING-ORCHESTRATOR] [DEBUG] 📍 Chunk 520-521: 0 candidate symbols
[2025-11-05T11:59:51.401Z] [2025-11-05T11:59:51.401Z] [INDEXING-ORCHESTRATOR] [DEBUG] ✅ Chunk symbols after filtering: 0 symbols - 
[2025-11-05T11:59:51.401Z] [2025-11-05T11:59:51.401Z] [INDEXING-ORCHESTRATOR] [DEBUG] 📍 Chunk 563-575: 0 candidate symbols
[2025-11-05T11:59:51.401Z] [2025-11-05T11:59:51.401Z] [INDEXING-ORCHESTRATOR] [DEBUG] ✅ Chunk symbols after filtering: 0 symbols - 
[2025-11-05T11:59:51.401Z] [2025-11-05T11:59:51.401Z] [INDEXING-ORCHESTRATOR] [DEBUG] 📍 Chunk 588-597: 0 candidate symbols
[2025-11-05T11:59:51.401Z] [2025-11-05T11:59:51.402Z] [INDEXING-ORCHESTRATOR] [DEBUG] ✅ Chunk symbols after filtering: 0 symbols - 
[2025-11-05T11:59:51.401Z] [2025-11-05T11:59:51.402Z] [INDEXING-ORCHESTRATOR] [DEBUG] 📍 Chunk 618-619: 0 candidate symbols
[2025-11-05T11:59:51.401Z] [2025-11-05T11:59:51.402Z] [INDEXING-ORCHESTRATOR] [DEBUG] ✅ Chunk symbols after filtering: 0 symbols - 
[2025-11-05T11:59:51.401Z] [2025-11-05T11:59:51.402Z] [INDEXING-ORCHESTRATOR] [DEBUG] 📍 Chunk 645-650: 0 candidate symbols
[2025-11-05T11:59:51.401Z] [2025-11-05T11:59:51.402Z] [INDEXING-ORCHESTRATOR] [DEBUG] ✅ Chunk symbols after filtering: 0 symbols - 
[2025-11-05T11:59:51.401Z] [2025-11-05T11:59:51.402Z] [INDEXING-ORCHESTRATOR] [DEBUG] 📍 Chunk 663-664: 0 candidate symbols
[2025-11-05T11:59:51.401Z] [2025-11-05T11:59:51.402Z] [INDEXING-ORCHESTRATOR] [DEBUG] ✅ Chunk symbols after filtering: 0 symbols - 
[2025-11-05T11:59:51.401Z] [2025-11-05T11:59:51.402Z] [INDEXING-ORCHESTRATOR] [DEBUG] 📍 Chunk 688-696: 0 candidate symbols
[2025-11-05T11:59:51.401Z] [2025-11-05T11:59:51.402Z] [INDEXING-ORCHESTRATOR] [DEBUG] ✅ Chunk symbols after filtering: 0 symbols - 
[2025-11-05T11:59:51.401Z] [2025-11-05T11:59:51.402Z] [INDEXING-ORCHESTRATOR] [DEBUG] 📍 Chunk 697-727: 0 candidate symbols
[2025-11-05T11:59:51.402Z] [2025-11-05T11:59:51.402Z] [INDEXING-ORCHESTRATOR] [DEBUG] ✅ Chunk symbols after filtering: 0 symbols - 
[2025-11-05T11:59:51.402Z] [2025-11-05T11:59:51.402Z] [INDEXING-ORCHESTRATOR] [DEBUG] Created 25 semantic chunks for C:\Users\RakaThinkpad\Documents\Project\educatedplanet\admin\src\components\ui\sidebar.tsx
[2025-11-05T11:59:51.402Z] [2025-11-05T11:59:51.402Z] [INDEXING-ORCHESTRATOR] [DEBUG] Average chunk size: 301 characters
[2025-11-05T11:59:51.405Z] [2025-11-05T11:59:51.406Z] [TREESITTER-CHUNKER] [INFO] Created 1 semantic chunks from C:\Users\RakaThinkpad\Documents\Project\educatedplanet\admin\src\components\ui\slider.tsx
[2025-11-05T11:59:51.417Z] [2025-11-05T11:59:51.417Z] [TREESITTER-FULL] [INFO] Extracted 1 symbols from C:\Users\RakaThinkpad\Documents\Project\educatedplanet\admin\src\components\ui\slider.tsx
[2025-11-05T11:59:51.417Z] [2025-11-05T11:59:51.417Z] [INDEXING-ORCHESTRATOR] [DEBUG] 🔍 Symbol extraction for C:\Users\RakaThinkpad\Documents\Project\educatedplanet\admin\src\components\ui\slider.tsx: 1 symbols, 3 imports
[2025-11-05T11:59:51.417Z] [2025-11-05T11:59:51.417Z] [INDEXING-ORCHESTRATOR] [DEBUG] 📍 Chunk 1-64: 1 candidate symbols
[2025-11-05T11:59:51.417Z] [2025-11-05T11:59:51.417Z] [INDEXING-ORCHESTRATOR] [DEBUG] ✅ Chunk symbols after filtering: 1 symbols - _values
[2025-11-05T11:59:51.417Z] [2025-11-05T11:59:51.417Z] [INDEXING-ORCHESTRATOR] [DEBUG] Created 1 semantic chunks for C:\Users\RakaThinkpad\Documents\Project\educatedplanet\admin\src\components\ui\slider.tsx
[2025-11-05T11:59:51.417Z] [2025-11-05T11:59:51.417Z] [INDEXING-ORCHESTRATOR] [DEBUG] Average chunk size: 2052 characters
[2025-11-05T11:59:51.419Z] [2025-11-05T11:59:51.419Z] [TREESITTER-CHUNKER] [INFO] Created 2 semantic chunks from C:\Users\RakaThinkpad\Documents\Project\educatedplanet\admin\src\components\ui\skeleton.tsx
[2025-11-05T11:59:51.423Z] [2025-11-05T11:59:51.423Z] [TREESITTER-FULL] [INFO] Extracted 0 symbols from C:\Users\RakaThinkpad\Documents\Project\educatedplanet\admin\src\components\ui\skeleton.tsx
[2025-11-05T11:59:51.423Z] [2025-11-05T11:59:51.423Z] [INDEXING-ORCHESTRATOR] [DEBUG] 🔍 Symbol extraction for C:\Users\RakaThinkpad\Documents\Project\educatedplanet\admin\src\components\ui\skeleton.tsx: 0 symbols, 1 imports
[2025-11-05T11:59:51.423Z] [2025-11-05T11:59:51.423Z] [INDEXING-ORCHESTRATOR] [DEBUG] 📍 Chunk 7-8: 0 candidate symbols
[2025-11-05T11:59:51.423Z] [2025-11-05T11:59:51.423Z] [INDEXING-ORCHESTRATOR] [DEBUG] ✅ Chunk symbols after filtering: 0 symbols - 
[2025-11-05T11:59:51.423Z] [2025-11-05T11:59:51.423Z] [INDEXING-ORCHESTRATOR] [DEBUG] 📍 Chunk 9-14: 0 candidate symbols
[2025-11-05T11:59:51.423Z] [2025-11-05T11:59:51.423Z] [INDEXING-ORCHESTRATOR] [DEBUG] ✅ Chunk symbols after filtering: 0 symbols - 
[2025-11-05T11:59:51.423Z] [2025-11-05T11:59:51.423Z] [INDEXING-ORCHESTRATOR] [DEBUG] Created 2 semantic chunks for C:\Users\RakaThinkpad\Documents\Project\educatedplanet\admin\src\components\ui\skeleton.tsx
[2025-11-05T11:59:51.423Z] [2025-11-05T11:59:51.423Z] [INDEXING-ORCHESTRATOR] [DEBUG] Average chunk size: 52 characters
[2025-11-05T11:59:51.423Z] [2025-11-05T11:59:51.423Z] [INDEXING-ORCHESTRATOR] [DEBUG] 📊 Processed: 110/220 files
[2025-11-05T11:59:51.434Z] [2025-11-05T11:59:51.434Z] [TREESITTER-CHUNKER] [INFO] Created 1 semantic chunks from C:\Users\RakaThinkpad\Documents\Project\educatedplanet\admin\src\components\ui\spinner.tsx
[2025-11-05T11:59:51.437Z] [2025-11-05T11:59:51.437Z] [TREESITTER-FULL] [INFO] Extracted 0 symbols from C:\Users\RakaThinkpad\Documents\Project\educatedplanet\admin\src\components\ui\spinner.tsx
[2025-11-05T11:59:51.437Z] [2025-11-05T11:59:51.437Z] [INDEXING-ORCHESTRATOR] [DEBUG] 🔍 Symbol extraction for C:\Users\RakaThinkpad\Documents\Project\educatedplanet\admin\src\components\ui\spinner.tsx: 0 symbols, 2 imports
[2025-11-05T11:59:51.437Z] [2025-11-05T11:59:51.437Z] [INDEXING-ORCHESTRATOR] [DEBUG] 📍 Chunk 1-17: 0 candidate symbols
[2025-11-05T11:59:51.437Z] [2025-11-05T11:59:51.437Z] [INDEXING-ORCHESTRATOR] [DEBUG] ✅ Chunk symbols after filtering: 0 symbols - 
[2025-11-05T11:59:51.437Z] [2025-11-05T11:59:51.437Z] [INDEXING-ORCHESTRATOR] [DEBUG] Created 1 semantic chunks for C:\Users\RakaThinkpad\Documents\Project\educatedplanet\admin\src\components\ui\spinner.tsx
[2025-11-05T11:59:51.437Z] [2025-11-05T11:59:51.437Z] [INDEXING-ORCHESTRATOR] [DEBUG] Average chunk size: 345 characters
[2025-11-05T11:59:51.442Z] [2025-11-05T11:59:51.442Z] [TREESITTER-CHUNKER] [INFO] Created 1 semantic chunks from C:\Users\RakaThinkpad\Documents\Project\educatedplanet\admin\src\components\ui\sonner.tsx
[2025-11-05T11:59:51.448Z] [2025-11-05T11:59:51.449Z] [TREESITTER-FULL] [INFO] Extracted 0 symbols from C:\Users\RakaThinkpad\Documents\Project\educatedplanet\admin\src\components\ui\sonner.tsx
[2025-11-05T11:59:51.448Z] [2025-11-05T11:59:51.449Z] [INDEXING-ORCHESTRATOR] [DEBUG] 🔍 Symbol extraction for C:\Users\RakaThinkpad\Documents\Project\educatedplanet\admin\src\components\ui\sonner.tsx: 0 symbols, 3 imports
[2025-11-05T11:59:51.449Z] [2025-11-05T11:59:51.449Z] [INDEXING-ORCHESTRATOR] [DEBUG] 📍 Chunk 1-41: 0 candidate symbols
[2025-11-05T11:59:51.449Z] [2025-11-05T11:59:51.449Z] [INDEXING-ORCHESTRATOR] [DEBUG] ✅ Chunk symbols after filtering: 0 symbols - 
[2025-11-05T11:59:51.449Z] [2025-11-05T11:59:51.449Z] [INDEXING-ORCHESTRATOR] [DEBUG] Created 1 semantic chunks for C:\Users\RakaThinkpad\Documents\Project\educatedplanet\admin\src\components\ui\sonner.tsx
[2025-11-05T11:59:51.449Z] [2025-11-05T11:59:51.449Z] [INDEXING-ORCHESTRATOR] [DEBUG] Average chunk size: 1072 characters
[2025-11-05T11:59:51.451Z] [2025-11-05T11:59:51.451Z] [TREESITTER-CHUNKER] [INFO] Created 1 semantic chunks from C:\Users\RakaThinkpad\Documents\Project\educatedplanet\admin\src\components\ui\switch.tsx
[2025-11-05T11:59:51.454Z] [2025-11-05T11:59:51.454Z] [TREESITTER-FULL] [INFO] Extracted 0 symbols from C:\Users\RakaThinkpad\Documents\Project\educatedplanet\admin\src\components\ui\switch.tsx
[2025-11-05T11:59:51.454Z] [2025-11-05T11:59:51.454Z] [INDEXING-ORCHESTRATOR] [DEBUG] 🔍 Symbol extraction for C:\Users\RakaThinkpad\Documents\Project\educatedplanet\admin\src\components\ui\switch.tsx: 0 symbols, 3 imports
[2025-11-05T11:59:51.454Z] [2025-11-05T11:59:51.454Z] [INDEXING-ORCHESTRATOR] [DEBUG] 📍 Chunk 1-32: 0 candidate symbols
[2025-11-05T11:59:51.454Z] [2025-11-05T11:59:51.454Z] [INDEXING-ORCHESTRATOR] [DEBUG] ✅ Chunk symbols after filtering: 0 symbols - 
[2025-11-05T11:59:51.454Z] [2025-11-05T11:59:51.454Z] [INDEXING-ORCHESTRATOR] [DEBUG] Created 1 semantic chunks for C:\Users\RakaThinkpad\Documents\Project\educatedplanet\admin\src\components\ui\switch.tsx
[2025-11-05T11:59:51.454Z] [2025-11-05T11:59:51.454Z] [INDEXING-ORCHESTRATOR] [DEBUG] Average chunk size: 1201 characters
[2025-11-05T11:59:51.462Z] [2025-11-05T11:59:51.462Z] [TREESITTER-CHUNKER] [INFO] Created 2 semantic chunks from C:\Users\RakaThinkpad\Documents\Project\educatedplanet\admin\src\components\ui\tabs.tsx
[2025-11-05T11:59:51.471Z] [2025-11-05T11:59:51.471Z] [TREESITTER-FULL] [INFO] Extracted 1 symbols from C:\Users\RakaThinkpad\Documents\Project\educatedplanet\admin\src\components\ui\tabs.tsx
[2025-11-05T11:59:51.471Z] [2025-11-05T11:59:51.471Z] [INDEXING-ORCHESTRATOR] [DEBUG] 🔍 Symbol extraction for C:\Users\RakaThinkpad\Documents\Project\educatedplanet\admin\src\components\ui\tabs.tsx: 1 symbols, 3 imports
[2025-11-05T11:59:51.471Z] [2025-11-05T11:59:51.471Z] [INDEXING-ORCHESTRATOR] [DEBUG] 📍 Chunk 8-19: 1 candidate symbols
[2025-11-05T11:59:51.471Z] [2025-11-05T11:59:51.471Z] [INDEXING-ORCHESTRATOR] [DEBUG] ✅ Chunk symbols after filtering: 1 symbols - Tabs
[2025-11-05T11:59:51.471Z] [2025-11-05T11:59:51.471Z] [INDEXING-ORCHESTRATOR] [DEBUG] 📍 Chunk 20-67: 0 candidate symbols
[2025-11-05T11:59:51.471Z] [2025-11-05T11:59:51.471Z] [INDEXING-ORCHESTRATOR] [DEBUG] ✅ Chunk symbols after filtering: 0 symbols - 
[2025-11-05T11:59:51.471Z] [2025-11-05T11:59:51.471Z] [INDEXING-ORCHESTRATOR] [DEBUG] Created 2 semantic chunks for C:\Users\RakaThinkpad\Documents\Project\educatedplanet\admin\src\components\ui\tabs.tsx
[2025-11-05T11:59:51.471Z] [2025-11-05T11:59:51.471Z] [INDEXING-ORCHESTRATOR] [DEBUG] Average chunk size: 944 characters
[2025-11-05T11:59:51.474Z] [2025-11-05T11:59:51.474Z] [TREESITTER-CHUNKER] [INFO] Created 2 semantic chunks from C:\Users\RakaThinkpad\Documents\Project\educatedplanet\admin\src\components\ui\textarea.tsx
[2025-11-05T11:59:51.477Z] [2025-11-05T11:59:51.477Z] [TREESITTER-FULL] [INFO] Extracted 0 symbols from C:\Users\RakaThinkpad\Documents\Project\educatedplanet\admin\src\components\ui\textarea.tsx
[2025-11-05T11:59:51.477Z] [2025-11-05T11:59:51.477Z] [INDEXING-ORCHESTRATOR] [DEBUG] 🔍 Symbol extraction for C:\Users\RakaThinkpad\Documents\Project\educatedplanet\admin\src\components\ui\textarea.tsx: 0 symbols, 2 imports
[2025-11-05T11:59:51.477Z] [2025-11-05T11:59:51.477Z] [INDEXING-ORCHESTRATOR] [DEBUG] 📍 Chunk 9-13: 0 candidate symbols
[2025-11-05T11:59:51.477Z] [2025-11-05T11:59:51.477Z] [INDEXING-ORCHESTRATOR] [DEBUG] ✅ Chunk symbols after filtering: 0 symbols - 
[2025-11-05T11:59:51.477Z] [2025-11-05T11:59:51.477Z] [INDEXING-ORCHESTRATOR] [DEBUG] 📍 Chunk 14-19: 0 candidate symbols
[2025-11-05T11:59:51.477Z] [2025-11-05T11:59:51.477Z] [INDEXING-ORCHESTRATOR] [DEBUG] ✅ Chunk symbols after filtering: 0 symbols - 
[2025-11-05T11:59:51.477Z] [2025-11-05T11:59:51.477Z] [INDEXING-ORCHESTRATOR] [DEBUG] Created 2 semantic chunks for C:\Users\RakaThinkpad\Documents\Project\educatedplanet\admin\src\components\ui\textarea.tsx
[2025-11-05T11:59:51.477Z] [2025-11-05T11:59:51.477Z] [INDEXING-ORCHESTRATOR] [DEBUG] Average chunk size: 274 characters
[2025-11-05T11:59:51.484Z] [2025-11-05T11:59:51.484Z] [TREESITTER-CHUNKER] [INFO] Created 1 semantic chunks from C:\Users\RakaThinkpad\Documents\Project\educatedplanet\admin\src\components\ui\toggle.tsx
[2025-11-05T11:59:51.497Z] [2025-11-05T11:59:51.497Z] [TREESITTER-FULL] [INFO] Extracted 1 symbols from C:\Users\RakaThinkpad\Documents\Project\educatedplanet\admin\src\components\ui\toggle.tsx
[2025-11-05T11:59:51.497Z] [2025-11-05T11:59:51.498Z] [INDEXING-ORCHESTRATOR] [DEBUG] 🔍 Symbol extraction for C:\Users\RakaThinkpad\Documents\Project\educatedplanet\admin\src\components\ui\toggle.tsx: 1 symbols, 4 imports
[2025-11-05T11:59:51.497Z] [2025-11-05T11:59:51.498Z] [INDEXING-ORCHESTRATOR] [DEBUG] 📍 Chunk 1-48: 1 candidate symbols
[2025-11-05T11:59:51.498Z] [2025-11-05T11:59:51.498Z] [INDEXING-ORCHESTRATOR] [DEBUG] ✅ Chunk symbols after filtering: 1 symbols - toggleVariants
[2025-11-05T11:59:51.498Z] [2025-11-05T11:59:51.498Z] [INDEXING-ORCHESTRATOR] [DEBUG] Created 1 semantic chunks for C:\Users\RakaThinkpad\Documents\Project\educatedplanet\admin\src\components\ui\toggle.tsx
[2025-11-05T11:59:51.498Z] [2025-11-05T11:59:51.498Z] [INDEXING-ORCHESTRATOR] [DEBUG] Average chunk size: 1610 characters
[2025-11-05T11:59:51.513Z] [2025-11-05T11:59:51.513Z] [TREESITTER-CHUNKER] [INFO] Created 9 semantic chunks from C:\Users\RakaThinkpad\Documents\Project\educatedplanet\admin\src\components\ui\table.tsx
[2025-11-05T11:59:51.532Z] [2025-11-05T11:59:51.533Z] [TREESITTER-FULL] [INFO] Extracted 0 symbols from C:\Users\RakaThinkpad\Documents\Project\educatedplanet\admin\src\components\ui\table.tsx
[2025-11-05T11:59:51.532Z] [2025-11-05T11:59:51.533Z] [INDEXING-ORCHESTRATOR] [DEBUG] 🔍 Symbol extraction for C:\Users\RakaThinkpad\Documents\Project\educatedplanet\admin\src\components\ui\table.tsx: 0 symbols, 2 imports
[2025-11-05T11:59:51.533Z] [2025-11-05T11:59:51.533Z] [INDEXING-ORCHESTRATOR] [DEBUG] 📍 Chunk 15-16: 0 candidate symbols
[2025-11-05T11:59:51.533Z] [2025-11-05T11:59:51.533Z] [INDEXING-ORCHESTRATOR] [DEBUG] ✅ Chunk symbols after filtering: 0 symbols - 
[2025-11-05T11:59:51.533Z] [2025-11-05T11:59:51.533Z] [INDEXING-ORCHESTRATOR] [DEBUG] 📍 Chunk 26-27: 0 candidate symbols
[2025-11-05T11:59:51.533Z] [2025-11-05T11:59:51.533Z] [INDEXING-ORCHESTRATOR] [DEBUG] ✅ Chunk symbols after filtering: 0 symbols - 
[2025-11-05T11:59:51.533Z] [2025-11-05T11:59:51.533Z] [INDEXING-ORCHESTRATOR] [DEBUG] 📍 Chunk 36-37: 0 candidate symbols
[2025-11-05T11:59:51.533Z] [2025-11-05T11:59:51.533Z] [INDEXING-ORCHESTRATOR] [DEBUG] ✅ Chunk symbols after filtering: 0 symbols - 
[2025-11-05T11:59:51.533Z] [2025-11-05T11:59:51.533Z] [INDEXING-ORCHESTRATOR] [DEBUG] 📍 Chunk 46-50: 0 candidate symbols
[2025-11-05T11:59:51.533Z] [2025-11-05T11:59:51.533Z] [INDEXING-ORCHESTRATOR] [DEBUG] ✅ Chunk symbols after filtering: 0 symbols - 
[2025-11-05T11:59:51.533Z] [2025-11-05T11:59:51.533Z] [INDEXING-ORCHESTRATOR] [DEBUG] 📍 Chunk 59-63: 0 candidate symbols
[2025-11-05T11:59:51.533Z] [2025-11-05T11:59:51.533Z] [INDEXING-ORCHESTRATOR] [DEBUG] ✅ Chunk symbols after filtering: 0 symbols - 
[2025-11-05T11:59:51.533Z] [2025-11-05T11:59:51.533Z] [INDEXING-ORCHESTRATOR] [DEBUG] 📍 Chunk 72-76: 0 candidate symbols
[2025-11-05T11:59:51.533Z] [2025-11-05T11:59:51.533Z] [INDEXING-ORCHESTRATOR] [DEBUG] ✅ Chunk symbols after filtering: 0 symbols - 
[2025-11-05T11:59:51.533Z] [2025-11-05T11:59:51.533Z] [INDEXING-ORCHESTRATOR] [DEBUG] 📍 Chunk 85-89: 0 candidate symbols
[2025-11-05T11:59:51.533Z] [2025-11-05T11:59:51.533Z] [INDEXING-ORCHESTRATOR] [DEBUG] ✅ Chunk symbols after filtering: 0 symbols - 
[2025-11-05T11:59:51.533Z] [2025-11-05T11:59:51.533Z] [INDEXING-ORCHESTRATOR] [DEBUG] 📍 Chunk 101-102: 0 candidate symbols
[2025-11-05T11:59:51.533Z] [2025-11-05T11:59:51.533Z] [INDEXING-ORCHESTRATOR] [DEBUG] ✅ Chunk symbols after filtering: 0 symbols - 
[2025-11-05T11:59:51.533Z] [2025-11-05T11:59:51.533Z] [INDEXING-ORCHESTRATOR] [DEBUG] 📍 Chunk 103-117: 0 candidate symbols
[2025-11-05T11:59:51.533Z] [2025-11-05T11:59:51.533Z] [INDEXING-ORCHESTRATOR] [DEBUG] ✅ Chunk symbols after filtering: 0 symbols - 
[2025-11-05T11:59:51.533Z] [2025-11-05T11:59:51.533Z] [INDEXING-ORCHESTRATOR] [DEBUG] Created 9 semantic chunks for C:\Users\RakaThinkpad\Documents\Project\educatedplanet\admin\src\components\ui\table.tsx
[2025-11-05T11:59:51.533Z] [2025-11-05T11:59:51.533Z] [INDEXING-ORCHESTRATOR] [DEBUG] Average chunk size: 113 characters
[2025-11-05T11:59:51.539Z] [2025-11-05T11:59:51.540Z] [TREESITTER-CHUNKER] [INFO] Created 3 semantic chunks from C:\Users\RakaThinkpad\Documents\Project\educatedplanet\admin\src\components\ui\toggle-group.tsx
[2025-11-05T11:59:51.556Z] [2025-11-05T11:59:51.557Z] [TREESITTER-FULL] [INFO] Extracted 2 symbols from C:\Users\RakaThinkpad\Documents\Project\educatedplanet\admin\src\components\ui\toggle-group.tsx
[2025-11-05T11:59:51.556Z] [2025-11-05T11:59:51.557Z] [INDEXING-ORCHESTRATOR] [DEBUG] 🔍 Symbol extraction for C:\Users\RakaThinkpad\Documents\Project\educatedplanet\admin\src\components\ui\toggle-group.tsx: 2 symbols, 5 imports
[2025-11-05T11:59:51.556Z] [2025-11-05T11:59:51.557Z] [INDEXING-ORCHESTRATOR] [DEBUG] 📍 Chunk 20-66: 1 candidate symbols
[2025-11-05T11:59:51.556Z] [2025-11-05T11:59:51.557Z] [INDEXING-ORCHESTRATOR] [DEBUG] ✅ Chunk symbols after filtering: 1 symbols - ToggleGroup
[2025-11-05T11:59:51.557Z] [2025-11-05T11:59:51.557Z] [INDEXING-ORCHESTRATOR] [DEBUG] 📍 Chunk 67-76: 0 candidate symbols
[2025-11-05T11:59:51.557Z] [2025-11-05T11:59:51.557Z] [INDEXING-ORCHESTRATOR] [DEBUG] ✅ Chunk symbols after filtering: 0 symbols - 
[2025-11-05T11:59:51.557Z] [2025-11-05T11:59:51.557Z] [INDEXING-ORCHESTRATOR] [DEBUG] 📍 Chunk 77-84: 0 candidate symbols
[2025-11-05T11:59:51.557Z] [2025-11-05T11:59:51.557Z] [INDEXING-ORCHESTRATOR] [DEBUG] ✅ Chunk symbols after filtering: 0 symbols - 
[2025-11-05T11:59:51.557Z] [2025-11-05T11:59:51.557Z] [INDEXING-ORCHESTRATOR] [DEBUG] Created 3 semantic chunks for C:\Users\RakaThinkpad\Documents\Project\educatedplanet\admin\src\components\ui\toggle-group.tsx
[2025-11-05T11:59:51.557Z] [2025-11-05T11:59:51.557Z] [INDEXING-ORCHESTRATOR] [DEBUG] Average chunk size: 636 characters
[2025-11-05T11:59:51.561Z] [2025-11-05T11:59:51.561Z] [TREESITTER-CHUNKER] [INFO] Created 3 semantic chunks from C:\Users\RakaThinkpad\Documents\Project\educatedplanet\admin\src\components\ui\tooltip.tsx
[2025-11-05T11:59:51.571Z] [2025-11-05T11:59:51.571Z] [TREESITTER-FULL] [INFO] Extracted 2 symbols from C:\Users\RakaThinkpad\Documents\Project\educatedplanet\admin\src\components\ui\tooltip.tsx
[2025-11-05T11:59:51.571Z] [2025-11-05T11:59:51.571Z] [INDEXING-ORCHESTRATOR] [DEBUG] 🔍 Symbol extraction for C:\Users\RakaThinkpad\Documents\Project\educatedplanet\admin\src\components\ui\tooltip.tsx: 2 symbols, 3 imports
[2025-11-05T11:59:51.571Z] [2025-11-05T11:59:51.571Z] [INDEXING-ORCHESTRATOR] [DEBUG] 📍 Chunk 8-29: 2 candidate symbols
[2025-11-05T11:59:51.571Z] [2025-11-05T11:59:51.571Z] [INDEXING-ORCHESTRATOR] [DEBUG] ✅ Chunk symbols after filtering: 2 symbols - TooltipProvider, Tooltip
[2025-11-05T11:59:51.571Z] [2025-11-05T11:59:51.571Z] [INDEXING-ORCHESTRATOR] [DEBUG] 📍 Chunk 37-59: 0 candidate symbols
[2025-11-05T11:59:51.571Z] [2025-11-05T11:59:51.571Z] [INDEXING-ORCHESTRATOR] [DEBUG] ✅ Chunk symbols after filtering: 0 symbols - 
[2025-11-05T11:59:51.571Z] [2025-11-05T11:59:51.571Z] [INDEXING-ORCHESTRATOR] [DEBUG] 📍 Chunk 60-62: 0 candidate symbols
[2025-11-05T11:59:51.571Z] [2025-11-05T11:59:51.571Z] [INDEXING-ORCHESTRATOR] [DEBUG] ✅ Chunk symbols after filtering: 0 symbols - 
[2025-11-05T11:59:51.571Z] [2025-11-05T11:59:51.571Z] [INDEXING-ORCHESTRATOR] [DEBUG] Created 3 semantic chunks for C:\Users\RakaThinkpad\Documents\Project\educatedplanet\admin\src\components\ui\tooltip.tsx
[2025-11-05T11:59:51.571Z] [2025-11-05T11:59:51.571Z] [INDEXING-ORCHESTRATOR] [DEBUG] Average chunk size: 538 characters
[2025-11-05T11:59:51.572Z] [2025-11-05T11:59:51.572Z] [TREESITTER-CHUNKER] [INFO] Created 1 semantic chunks from C:\Users\RakaThinkpad\Documents\Project\educatedplanet\admin\src\config\app-config.ts
[2025-11-05T11:59:51.573Z] [2025-11-05T11:59:51.574Z] [TREESITTER-FULL] [INFO] Extracted 2 symbols from C:\Users\RakaThinkpad\Documents\Project\educatedplanet\admin\src\config\app-config.ts
[2025-11-05T11:59:51.573Z] [2025-11-05T11:59:51.574Z] [INDEXING-ORCHESTRATOR] [DEBUG] 🔍 Symbol extraction for C:\Users\RakaThinkpad\Documents\Project\educatedplanet\admin\src\config\app-config.ts: 2 symbols, 1 imports
[2025-11-05T11:59:51.574Z] [2025-11-05T11:59:51.574Z] [INDEXING-ORCHESTRATOR] [DEBUG] 📍 Chunk 1-15: 2 candidate symbols
[2025-11-05T11:59:51.574Z] [2025-11-05T11:59:51.574Z] [INDEXING-ORCHESTRATOR] [DEBUG] ✅ Chunk symbols after filtering: 2 symbols - currentYear, APP_CONFIG
[2025-11-05T11:59:51.574Z] [2025-11-05T11:59:51.574Z] [INDEXING-ORCHESTRATOR] [DEBUG] Created 1 semantic chunks for C:\Users\RakaThinkpad\Documents\Project\educatedplanet\admin\src\config\app-config.ts
[2025-11-05T11:59:51.574Z] [2025-11-05T11:59:51.574Z] [INDEXING-ORCHESTRATOR] [DEBUG] Average chunk size: 570 characters
[2025-11-05T11:59:51.574Z] [2025-11-05T11:59:51.574Z] [INDEXING-ORCHESTRATOR] [DEBUG] 📊 Processed: 120/220 files
[2025-11-05T11:59:51.587Z] [2025-11-05T11:59:51.587Z] [TREESITTER-CHUNKER] [INFO] Created 1 semantic chunks from C:\Users\RakaThinkpad\Documents\Project\educatedplanet\admin\src\data\tutors.ts
[2025-11-05T11:59:51.598Z] [2025-11-05T11:59:51.598Z] [TREESITTER-FULL] [INFO] Extracted 2 symbols from C:\Users\RakaThinkpad\Documents\Project\educatedplanet\admin\src\data\tutors.ts
[2025-11-05T11:59:51.598Z] [2025-11-05T11:59:51.598Z] [INDEXING-ORCHESTRATOR] [DEBUG] 🔍 Symbol extraction for C:\Users\RakaThinkpad\Documents\Project\educatedplanet\admin\src\data\tutors.ts: 2 symbols, 1 imports
[2025-11-05T11:59:51.598Z] [2025-11-05T11:59:51.599Z] [INDEXING-ORCHESTRATOR] [DEBUG] 📍 Chunk 1-118: 2 candidate symbols
[2025-11-05T11:59:51.598Z] [2025-11-05T11:59:51.599Z] [INDEXING-ORCHESTRATOR] [DEBUG] ✅ Chunk symbols after filtering: 2 symbols - tutors, reviews
[2025-11-05T11:59:51.599Z] [2025-11-05T11:59:51.599Z] [INDEXING-ORCHESTRATOR] [DEBUG] Created 1 semantic chunks for C:\Users\RakaThinkpad\Documents\Project\educatedplanet\admin\src\data\tutors.ts
[2025-11-05T11:59:51.599Z] [2025-11-05T11:59:51.599Z] [INDEXING-ORCHESTRATOR] [DEBUG] Average chunk size: 2966 characters
[2025-11-05T11:59:51.602Z] [2025-11-05T11:59:51.602Z] [TREESITTER-CHUNKER] [INFO] Created 1 semantic chunks from C:\Users\RakaThinkpad\Documents\Project\educatedplanet\admin\src\hooks\api\index.ts
[2025-11-05T11:59:51.604Z] [2025-11-05T11:59:51.605Z] [TREESITTER-FULL] [INFO] Extracted 0 symbols from C:\Users\RakaThinkpad\Documents\Project\educatedplanet\admin\src\hooks\api\index.ts
[2025-11-05T11:59:51.604Z] [2025-11-05T11:59:51.605Z] [INDEXING-ORCHESTRATOR] [DEBUG] 🔍 Symbol extraction for C:\Users\RakaThinkpad\Documents\Project\educatedplanet\admin\src\hooks\api\index.ts: 0 symbols, 0 imports
[2025-11-05T11:59:51.605Z] [2025-11-05T11:59:51.605Z] [INDEXING-ORCHESTRATOR] [DEBUG] 📍 Chunk 1-49: 0 candidate symbols
[2025-11-05T11:59:51.605Z] [2025-11-05T11:59:51.605Z] [INDEXING-ORCHESTRATOR] [DEBUG] ✅ Chunk symbols after filtering: 0 symbols - 
[2025-11-05T11:59:51.605Z] [2025-11-05T11:59:51.605Z] [INDEXING-ORCHESTRATOR] [DEBUG] Created 1 semantic chunks for C:\Users\RakaThinkpad\Documents\Project\educatedplanet\admin\src\hooks\api\index.ts
[2025-11-05T11:59:51.605Z] [2025-11-05T11:59:51.605Z] [INDEXING-ORCHESTRATOR] [DEBUG] Average chunk size: 747 characters
[2025-11-05T11:59:51.613Z] [2025-11-05T11:59:51.613Z] [TREESITTER-CHUNKER] [INFO] Created 1 semantic chunks from C:\Users\RakaThinkpad\Documents\Project\educatedplanet\admin\src\hooks\api\use-dashboard.ts
[2025-11-05T11:59:51.623Z] [2025-11-05T11:59:51.623Z] [TREESITTER-FULL] [INFO] Extracted 4 symbols from C:\Users\RakaThinkpad\Documents\Project\educatedplanet\admin\src\hooks\api\use-dashboard.ts
[2025-11-05T11:59:51.623Z] [2025-11-05T11:59:51.623Z] [INDEXING-ORCHESTRATOR] [DEBUG] 🔍 Symbol extraction for C:\Users\RakaThinkpad\Documents\Project\educatedplanet\admin\src\hooks\api\use-dashboard.ts: 4 symbols, 2 imports
[2025-11-05T11:59:51.623Z] [2025-11-05T11:59:51.623Z] [INDEXING-ORCHESTRATOR] [DEBUG] 📍 Chunk 1-49: 4 candidate symbols
[2025-11-05T11:59:51.623Z] [2025-11-05T11:59:51.623Z] [INDEXING-ORCHESTRATOR] [DEBUG] ✅ Chunk symbols after filtering: 4 symbols - dashboardKeys, useDashboardOverview, useRecentActivities, useRefreshDashboard
[2025-11-05T11:59:51.623Z] [2025-11-05T11:59:51.623Z] [INDEXING-ORCHESTRATOR] [DEBUG] Created 1 semantic chunks for C:\Users\RakaThinkpad\Documents\Project\educatedplanet\admin\src\hooks\api\use-dashboard.ts
[2025-11-05T11:59:51.623Z] [2025-11-05T11:59:51.623Z] [INDEXING-ORCHESTRATOR] [DEBUG] Average chunk size: 1506 characters
[2025-11-05T11:59:51.625Z] [2025-11-05T11:59:51.625Z] [TREESITTER-CHUNKER] [INFO] Created 1 semantic chunks from C:\Users\RakaThinkpad\Documents\Project\educatedplanet\admin\src\data\users.ts
[2025-11-05T11:59:51.628Z] [2025-11-05T11:59:51.628Z] [TREESITTER-FULL] [INFO] Extracted 2 symbols from C:\Users\RakaThinkpad\Documents\Project\educatedplanet\admin\src\data\users.ts
[2025-11-05T11:59:51.628Z] [2025-11-05T11:59:51.628Z] [INDEXING-ORCHESTRATOR] [DEBUG] 🔍 Symbol extraction for C:\Users\RakaThinkpad\Documents\Project\educatedplanet\admin\src\data\users.ts: 2 symbols, 1 imports
[2025-11-05T11:59:51.628Z] [2025-11-05T11:59:51.628Z] [INDEXING-ORCHESTRATOR] [DEBUG] 📍 Chunk 1-29: 2 candidate symbols
[2025-11-05T11:59:51.628Z] [2025-11-05T11:59:51.628Z] [INDEXING-ORCHESTRATOR] [DEBUG] ✅ Chunk symbols after filtering: 2 symbols - users, rootUser
[2025-11-05T11:59:51.628Z] [2025-11-05T11:59:51.628Z] [INDEXING-ORCHESTRATOR] [DEBUG] Created 1 semantic chunks for C:\Users\RakaThinkpad\Documents\Project\educatedplanet\admin\src\data\users.ts
[2025-11-05T11:59:51.628Z] [2025-11-05T11:59:51.628Z] [INDEXING-ORCHESTRATOR] [DEBUG] Average chunk size: 711 characters
[2025-11-05T11:59:51.643Z] [2025-11-05T11:59:51.642Z] [TREESITTER-CHUNKER] [INFO] Created 1 semantic chunks from C:\Users\RakaThinkpad\Documents\Project\educatedplanet\admin\src\hooks\api\use-users.ts
[2025-11-05T11:59:51.693Z] [2025-11-05T11:59:51.693Z] [TREESITTER-FULL] [INFO] Extracted 8 symbols from C:\Users\RakaThinkpad\Documents\Project\educatedplanet\admin\src\hooks\api\use-users.ts
[2025-11-05T11:59:51.693Z] [2025-11-05T11:59:51.693Z] [INDEXING-ORCHESTRATOR] [DEBUG] 🔍 Symbol extraction for C:\Users\RakaThinkpad\Documents\Project\educatedplanet\admin\src\hooks\api\use-users.ts: 8 symbols, 3 imports
[2025-11-05T11:59:51.693Z] [2025-11-05T11:59:51.693Z] [INDEXING-ORCHESTRATOR] [DEBUG] 📍 Chunk 1-149: 8 candidate symbols
[2025-11-05T11:59:51.693Z] [2025-11-05T11:59:51.693Z] [INDEXING-ORCHESTRATOR] [DEBUG] ✅ Chunk symbols after filtering: 8 symbols - userKeys, useUsers, useUser, useUserStats, useCreateUser, useUpdateUser, useDeleteUser, useBulkDeleteUsers
[2025-11-05T11:59:51.693Z] [2025-11-05T11:59:51.693Z] [INDEXING-ORCHESTRATOR] [DEBUG] Created 1 semantic chunks for C:\Users\RakaThinkpad\Documents\Project\educatedplanet\admin\src\hooks\api\use-users.ts
[2025-11-05T11:59:51.693Z] [2025-11-05T11:59:51.693Z] [INDEXING-ORCHESTRATOR] [DEBUG] Average chunk size: 4481 characters
[2025-11-05T11:59:51.714Z] [2025-11-05T11:59:51.714Z] [TREESITTER-CHUNKER] [INFO] Created 1 semantic chunks from C:\Users\RakaThinkpad\Documents\Project\educatedplanet\admin\src\hooks\api\use-reviews.ts
[2025-11-05T11:59:51.757Z] [2025-11-05T11:59:51.758Z] [TREESITTER-FULL] [INFO] Extracted 8 symbols from C:\Users\RakaThinkpad\Documents\Project\educatedplanet\admin\src\hooks\api\use-reviews.ts
[2025-11-05T11:59:51.757Z] [2025-11-05T11:59:51.758Z] [INDEXING-ORCHESTRATOR] [DEBUG] 🔍 Symbol extraction for C:\Users\RakaThinkpad\Documents\Project\educatedplanet\admin\src\hooks\api\use-reviews.ts: 8 symbols, 3 imports
[2025-11-05T11:59:51.758Z] [2025-11-05T11:59:51.758Z] [INDEXING-ORCHESTRATOR] [DEBUG] 📍 Chunk 1-149: 8 candidate symbols
[2025-11-05T11:59:51.758Z] [2025-11-05T11:59:51.758Z] [INDEXING-ORCHESTRATOR] [DEBUG] ✅ Chunk symbols after filtering: 8 symbols - reviewKeys, useReviews, useReview, useReviewStats, useCreateReview, useUpdateReview, useDeleteReview, useBulkDeleteReviews
[2025-11-05T11:59:51.758Z] [2025-11-05T11:59:51.758Z] [INDEXING-ORCHESTRATOR] [DEBUG] Created 1 semantic chunks for C:\Users\RakaThinkpad\Documents\Project\educatedplanet\admin\src\hooks\api\use-reviews.ts
[2025-11-05T11:59:51.758Z] [2025-11-05T11:59:51.758Z] [INDEXING-ORCHESTRATOR] [DEBUG] Average chunk size: 4631 characters
[2025-11-05T11:59:51.772Z] [2025-11-05T11:59:51.772Z] [TREESITTER-CHUNKER] [INFO] Created 1 semantic chunks from C:\Users\RakaThinkpad\Documents\Project\educatedplanet\admin\src\hooks\api\use-tutors.ts
[2025-11-05T11:59:51.841Z] [2025-11-05T11:59:51.841Z] [TREESITTER-FULL] [INFO] Extracted 10 symbols from C:\Users\RakaThinkpad\Documents\Project\educatedplanet\admin\src\hooks\api\use-tutors.ts
[2025-11-05T11:59:51.841Z] [2025-11-05T11:59:51.841Z] [INDEXING-ORCHESTRATOR] [DEBUG] 🔍 Symbol extraction for C:\Users\RakaThinkpad\Documents\Project\educatedplanet\admin\src\hooks\api\use-tutors.ts: 10 symbols, 3 imports
[2025-11-05T11:59:51.841Z] [2025-11-05T11:59:51.841Z] [INDEXING-ORCHESTRATOR] [DEBUG] 📍 Chunk 1-197: 10 candidate symbols
[2025-11-05T11:59:51.842Z] [2025-11-05T11:59:51.842Z] [INDEXING-ORCHESTRATOR] [DEBUG] ✅ Chunk symbols after filtering: 10 symbols - tutorKeys, useTutors, useTutor, useTutorStats, useCreateTutor, useUpdateTutor, useDeleteTutor, useVerifyTutor, useBulkDeleteTutors, useBulkVerifyTutors
[2025-11-05T11:59:51.842Z] [2025-11-05T11:59:51.842Z] [INDEXING-ORCHESTRATOR] [DEBUG] Created 1 semantic chunks for C:\Users\RakaThinkpad\Documents\Project\educatedplanet\admin\src\hooks\api\use-tutors.ts
[2025-11-05T11:59:51.842Z] [2025-11-05T11:59:51.842Z] [INDEXING-ORCHESTRATOR] [DEBUG] Average chunk size: 6211 characters
[2025-11-05T11:59:51.862Z] [2025-11-05T11:59:51.863Z] [TREESITTER-CHUNKER] [INFO] Created 2 semantic chunks from C:\Users\RakaThinkpad\Documents\Project\educatedplanet\admin\src\hooks\use-data-table-instance.ts
[2025-11-05T11:59:51.875Z] [2025-11-05T11:59:51.875Z] [TREESITTER-FULL] [INFO] Extracted 2 symbols from C:\Users\RakaThinkpad\Documents\Project\educatedplanet\admin\src\hooks\use-data-table-instance.ts
[2025-11-05T11:59:51.876Z] [2025-11-05T11:59:51.875Z] [INDEXING-ORCHESTRATOR] [DEBUG] 🔍 Symbol extraction for C:\Users\RakaThinkpad\Documents\Project\educatedplanet\admin\src\hooks\use-data-table-instance.ts: 2 symbols, 2 imports
[2025-11-05T11:59:51.876Z] [2025-11-05T11:59:51.875Z] [INDEXING-ORCHESTRATOR] [DEBUG] 📍 Chunk 17-24: 1 candidate symbols
[2025-11-05T11:59:51.876Z] [2025-11-05T11:59:51.875Z] [INDEXING-ORCHESTRATOR] [DEBUG] ✅ Chunk symbols after filtering: 1 symbols - UseDataTableInstanceProps
[2025-11-05T11:59:51.876Z] [2025-11-05T11:59:51.875Z] [INDEXING-ORCHESTRATOR] [DEBUG] 📍 Chunk 26-69: 1 candidate symbols
[2025-11-05T11:59:51.876Z] [2025-11-05T11:59:51.876Z] [INDEXING-ORCHESTRATOR] [DEBUG] ✅ Chunk symbols after filtering: 1 symbols - useDataTableInstance
[2025-11-05T11:59:51.876Z] [2025-11-05T11:59:51.876Z] [INDEXING-ORCHESTRATOR] [DEBUG] Created 2 semantic chunks for C:\Users\RakaThinkpad\Documents\Project\educatedplanet\admin\src\hooks\use-data-table-instance.ts
[2025-11-05T11:59:51.876Z] [2025-11-05T11:59:51.876Z] [INDEXING-ORCHESTRATOR] [DEBUG] Average chunk size: 855 characters
[2025-11-05T11:59:51.889Z] [2025-11-05T11:59:51.889Z] [TREESITTER-CHUNKER] [INFO] Created 1 semantic chunks from C:\Users\RakaThinkpad\Documents\Project\educatedplanet\admin\src\hooks\use-mobile.ts
[2025-11-05T11:59:51.894Z] [2025-11-05T11:59:51.894Z] [TREESITTER-FULL] [INFO] Extracted 1 symbols from C:\Users\RakaThinkpad\Documents\Project\educatedplanet\admin\src\hooks\use-mobile.ts
[2025-11-05T11:59:51.894Z] [2025-11-05T11:59:51.894Z] [INDEXING-ORCHESTRATOR] [DEBUG] 🔍 Symbol extraction for C:\Users\RakaThinkpad\Documents\Project\educatedplanet\admin\src\hooks\use-mobile.ts: 1 symbols, 1 imports
[2025-11-05T11:59:51.894Z] [2025-11-05T11:59:51.894Z] [INDEXING-ORCHESTRATOR] [DEBUG] 📍 Chunk 5-19: 1 candidate symbols
[2025-11-05T11:59:51.894Z] [2025-11-05T11:59:51.894Z] [INDEXING-ORCHESTRATOR] [DEBUG] ✅ Chunk symbols after filtering: 1 symbols - useIsMobile
[2025-11-05T11:59:51.894Z] [2025-11-05T11:59:51.894Z] [INDEXING-ORCHESTRATOR] [DEBUG] Created 1 semantic chunks for C:\Users\RakaThinkpad\Documents\Project\educatedplanet\admin\src\hooks\use-mobile.ts
[2025-11-05T11:59:51.894Z] [2025-11-05T11:59:51.894Z] [INDEXING-ORCHESTRATOR] [DEBUG] Average chunk size: 517 characters
[2025-11-05T11:59:51.896Z] [2025-11-05T11:59:51.897Z] [TREESITTER-CHUNKER] [INFO] Created 1 semantic chunks from C:\Users\RakaThinkpad\Documents\Project\educatedplanet\admin\src\hooks\use-navigation-loading.ts
[2025-11-05T11:59:51.901Z] [2025-11-05T11:59:51.901Z] [TREESITTER-FULL] [INFO] Extracted 1 symbols from C:\Users\RakaThinkpad\Documents\Project\educatedplanet\admin\src\hooks\use-navigation-loading.ts
[2025-11-05T11:59:51.903Z] [2025-11-05T11:59:51.901Z] [INDEXING-ORCHESTRATOR] [DEBUG] 🔍 Symbol extraction for C:\Users\RakaThinkpad\Documents\Project\educatedplanet\admin\src\hooks\use-navigation-loading.ts: 1 symbols, 3 imports
[2025-11-05T11:59:51.903Z] [2025-11-05T11:59:51.901Z] [INDEXING-ORCHESTRATOR] [DEBUG] 📍 Chunk 7-40: 1 candidate symbols
[2025-11-05T11:59:51.903Z] [2025-11-05T11:59:51.901Z] [INDEXING-ORCHESTRATOR] [DEBUG] ✅ Chunk symbols after filtering: 1 symbols - useNavigationLoading
[2025-11-05T11:59:51.903Z] [2025-11-05T11:59:51.902Z] [INDEXING-ORCHESTRATOR] [DEBUG] Created 1 semantic chunks for C:\Users\RakaThinkpad\Documents\Project\educatedplanet\admin\src\hooks\use-navigation-loading.ts
[2025-11-05T11:59:51.903Z] [2025-11-05T11:59:51.902Z] [INDEXING-ORCHESTRATOR] [DEBUG] Average chunk size: 816 characters
[2025-11-05T11:59:51.903Z] [2025-11-05T11:59:51.902Z] [INDEXING-ORCHESTRATOR] [DEBUG] 📊 Processed: 130/220 files
[2025-11-05T11:59:51.911Z] [2025-11-05T11:59:51.911Z] [TREESITTER-CHUNKER] [INFO] Created 1 semantic chunks from C:\Users\RakaThinkpad\Documents\Project\educatedplanet\admin\src\lib\layout-utils.ts
[2025-11-05T11:59:51.913Z] [2025-11-05T11:59:51.913Z] [TREESITTER-FULL] [INFO] Extracted 2 symbols from C:\Users\RakaThinkpad\Documents\Project\educatedplanet\admin\src\lib\layout-utils.ts
[2025-11-05T11:59:51.913Z] [2025-11-05T11:59:51.913Z] [INDEXING-ORCHESTRATOR] [DEBUG] 🔍 Symbol extraction for C:\Users\RakaThinkpad\Documents\Project\educatedplanet\admin\src\lib\layout-utils.ts: 2 symbols, 0 imports
[2025-11-05T11:59:51.913Z] [2025-11-05T11:59:51.913Z] [INDEXING-ORCHESTRATOR] [DEBUG] 📍 Chunk 1-13: 2 candidate symbols
[2025-11-05T11:59:51.913Z] [2025-11-05T11:59:51.913Z] [INDEXING-ORCHESTRATOR] [DEBUG] ✅ Chunk symbols after filtering: 2 symbols - updateContentLayout, updateNavbarStyle
[2025-11-05T11:59:51.913Z] [2025-11-05T11:59:51.913Z] [INDEXING-ORCHESTRATOR] [DEBUG] Created 1 semantic chunks for C:\Users\RakaThinkpad\Documents\Project\educatedplanet\admin\src\lib\layout-utils.ts
[2025-11-05T11:59:51.913Z] [2025-11-05T11:59:51.913Z] [INDEXING-ORCHESTRATOR] [DEBUG] Average chunk size: 435 characters
[2025-11-05T11:59:51.933Z] [2025-11-05T11:59:51.933Z] [TREESITTER-CHUNKER] [INFO] Created 1 semantic chunks from C:\Users\RakaThinkpad\Documents\Project\educatedplanet\admin\src\lib\api.ts
[2025-11-05T11:59:51.997Z] [2025-11-05T11:59:51.998Z] [TREESITTER-FULL] [INFO] Extracted 11 symbols from C:\Users\RakaThinkpad\Documents\Project\educatedplanet\admin\src\lib\api.ts
[2025-11-05T11:59:51.997Z] [2025-11-05T11:59:51.998Z] [INDEXING-ORCHESTRATOR] [DEBUG] 🔍 Symbol extraction for C:\Users\RakaThinkpad\Documents\Project\educatedplanet\admin\src\lib\api.ts: 11 symbols, 2 imports
[2025-11-05T11:59:51.998Z] [2025-11-05T11:59:51.998Z] [INDEXING-ORCHESTRATOR] [DEBUG] 📍 Chunk 1-397: 11 candidate symbols
[2025-11-05T11:59:51.998Z] [2025-11-05T11:59:51.998Z] [INDEXING-ORCHESTRATOR] [DEBUG] ✅ Chunk symbols after filtering: 11 symbols - userService, tutorService, reviewService, transformUserSearchResult, transformTutorSearchResult, transformReviewSearchResult, userApi, tutorApi, reviewApi, dashboardApi, api
[2025-11-05T11:59:51.998Z] [2025-11-05T11:59:51.998Z] [INDEXING-ORCHESTRATOR] [DEBUG] Created 1 semantic chunks for C:\Users\RakaThinkpad\Documents\Project\educatedplanet\admin\src\lib\api.ts
[2025-11-05T11:59:51.998Z] [2025-11-05T11:59:51.998Z] [INDEXING-ORCHESTRATOR] [DEBUG] Average chunk size: 10532 characters
[2025-11-05T11:59:52.051Z] [2025-11-05T11:59:52.051Z] [TREESITTER-CHUNKER] [INFO] Created 1 semantic chunks from C:\Users\RakaThinkpad\Documents\Project\educatedplanet\admin\src\lib\static-api.ts
[2025-11-05T11:59:52.194Z] [2025-11-05T11:59:52.194Z] [TREESITTER-FULL] [INFO] Extracted 11 symbols from C:\Users\RakaThinkpad\Documents\Project\educatedplanet\admin\src\lib\static-api.ts
[2025-11-05T11:59:52.194Z] [2025-11-05T11:59:52.194Z] [INDEXING-ORCHESTRATOR] [DEBUG] 🔍 Symbol extraction for C:\Users\RakaThinkpad\Documents\Project\educatedplanet\admin\src\lib\static-api.ts: 11 symbols, 3 imports
[2025-11-05T11:59:52.194Z] [2025-11-05T11:59:52.194Z] [INDEXING-ORCHESTRATOR] [DEBUG] 📍 Chunk 1-540: 11 candidate symbols
[2025-11-05T11:59:52.194Z] [2025-11-05T11:59:52.194Z] [INDEXING-ORCHESTRATOR] [DEBUG] ✅ Chunk symbols after filtering: 11 symbols - transformUserSearchResult, transformTutorSearchResult, transformReviewSearchResult, userApi, tutorApi, reviewApi, dashboardApi, api, userService, tutorService, reviewService
[2025-11-05T11:59:52.194Z] [2025-11-05T11:59:52.194Z] [INDEXING-ORCHESTRATOR] [DEBUG] Created 1 semantic chunks for C:\Users\RakaThinkpad\Documents\Project\educatedplanet\admin\src\lib\static-api.ts
[2025-11-05T11:59:52.194Z] [2025-11-05T11:59:52.194Z] [INDEXING-ORCHESTRATOR] [DEBUG] Average chunk size: 16126 characters
[2025-11-05T11:59:52.199Z] [2025-11-05T11:59:52.199Z] [TREESITTER-CHUNKER] [INFO] Created 2 semantic chunks from C:\Users\RakaThinkpad\Documents\Project\educatedplanet\admin\src\lib\utils.ts
[2025-11-05T11:59:52.208Z] [2025-11-05T11:59:52.208Z] [TREESITTER-FULL] [INFO] Extracted 3 symbols from C:\Users\RakaThinkpad\Documents\Project\educatedplanet\admin\src\lib\utils.ts
[2025-11-05T11:59:52.208Z] [2025-11-05T11:59:52.208Z] [INDEXING-ORCHESTRATOR] [DEBUG] 🔍 Symbol extraction for C:\Users\RakaThinkpad\Documents\Project\educatedplanet\admin\src\lib\utils.ts: 3 symbols, 2 imports
[2025-11-05T11:59:52.208Z] [2025-11-05T11:59:52.208Z] [INDEXING-ORCHESTRATOR] [DEBUG] 📍 Chunk 4-6: 1 candidate symbols
[2025-11-05T11:59:52.208Z] [2025-11-05T11:59:52.208Z] [INDEXING-ORCHESTRATOR] [DEBUG] ✅ Chunk symbols after filtering: 1 symbols - cn
[2025-11-05T11:59:52.208Z] [2025-11-05T11:59:52.208Z] [INDEXING-ORCHESTRATOR] [DEBUG] 📍 Chunk 22-42: 1 candidate symbols
[2025-11-05T11:59:52.208Z] [2025-11-05T11:59:52.208Z] [INDEXING-ORCHESTRATOR] [DEBUG] ✅ Chunk symbols after filtering: 1 symbols - formatCurrency
[2025-11-05T11:59:52.208Z] [2025-11-05T11:59:52.208Z] [INDEXING-ORCHESTRATOR] [DEBUG] Created 2 semantic chunks for C:\Users\RakaThinkpad\Documents\Project\educatedplanet\admin\src\lib\utils.ts
[2025-11-05T11:59:52.208Z] [2025-11-05T11:59:52.208Z] [INDEXING-ORCHESTRATOR] [DEBUG] Average chunk size: 360 characters
[2025-11-05T11:59:52.210Z] [2025-11-05T11:59:52.210Z] [TREESITTER-CHUNKER] [INFO] Created 1 semantic chunks from C:\Users\RakaThinkpad\Documents\Project\educatedplanet\admin\src\lib\theme-utils.ts
[2025-11-05T11:59:52.212Z] [2025-11-05T11:59:52.212Z] [TREESITTER-FULL] [INFO] Extracted 1 symbols from C:\Users\RakaThinkpad\Documents\Project\educatedplanet\admin\src\lib\theme-utils.ts
[2025-11-05T11:59:52.212Z] [2025-11-05T11:59:52.213Z] [INDEXING-ORCHESTRATOR] [DEBUG] 🔍 Symbol extraction for C:\Users\RakaThinkpad\Documents\Project\educatedplanet\admin\src\lib\theme-utils.ts: 1 symbols, 0 imports
[2025-11-05T11:59:52.212Z] [2025-11-05T11:59:52.213Z] [INDEXING-ORCHESTRATOR] [DEBUG] 📍 Chunk 1-8: 1 candidate symbols
[2025-11-05T11:59:52.213Z] [2025-11-05T11:59:52.213Z] [INDEXING-ORCHESTRATOR] [DEBUG] ✅ Chunk symbols after filtering: 1 symbols - updateThemeMode
[2025-11-05T11:59:52.213Z] [2025-11-05T11:59:52.213Z] [INDEXING-ORCHESTRATOR] [DEBUG] Created 1 semantic chunks for C:\Users\RakaThinkpad\Documents\Project\educatedplanet\admin\src\lib\theme-utils.ts
[2025-11-05T11:59:52.213Z] [2025-11-05T11:59:52.213Z] [INDEXING-ORCHESTRATOR] [DEBUG] Average chunk size: 281 characters
[2025-11-05T11:59:52.223Z] [2025-11-05T11:59:52.223Z] [TREESITTER-CHUNKER] [INFO] Created 2 semantic chunks from C:\Users\RakaThinkpad\Documents\Project\educatedplanet\admin\src\navigation\sidebar\sidebar-items.ts
[2025-11-05T11:59:52.240Z] [2025-11-05T11:59:52.240Z] [TREESITTER-FULL] [INFO] Extracted 4 symbols from C:\Users\RakaThinkpad\Documents\Project\educatedplanet\admin\src\navigation\sidebar\sidebar-items.ts
[2025-11-05T11:59:52.240Z] [2025-11-05T11:59:52.241Z] [INDEXING-ORCHESTRATOR] [DEBUG] 🔍 Symbol extraction for C:\Users\RakaThinkpad\Documents\Project\educatedplanet\admin\src\navigation\sidebar\sidebar-items.ts: 4 symbols, 1 imports
[2025-11-05T11:59:52.241Z] [2025-11-05T11:59:52.241Z] [INDEXING-ORCHESTRATOR] [DEBUG] 📍 Chunk 21-44: 3 candidate symbols
[2025-11-05T11:59:52.241Z] [2025-11-05T11:59:52.241Z] [INDEXING-ORCHESTRATOR] [DEBUG] ✅ Chunk symbols after filtering: 3 symbols - NavSubItem, NavMainItem, NavGroup
[2025-11-05T11:59:52.241Z] [2025-11-05T11:59:52.241Z] [INDEXING-ORCHESTRATOR] [DEBUG] 📍 Chunk 45-164: 1 candidate symbols
[2025-11-05T11:59:52.241Z] [2025-11-05T11:59:52.241Z] [INDEXING-ORCHESTRATOR] [DEBUG] ✅ Chunk symbols after filtering: 1 symbols - sidebarItems
[2025-11-05T11:59:52.241Z] [2025-11-05T11:59:52.241Z] [INDEXING-ORCHESTRATOR] [DEBUG] Created 2 semantic chunks for C:\Users\RakaThinkpad\Documents\Project\educatedplanet\admin\src\navigation\sidebar\sidebar-items.ts
[2025-11-05T11:59:52.241Z] [2025-11-05T11:59:52.241Z] [INDEXING-ORCHESTRATOR] [DEBUG] Average chunk size: 1545 characters
[2025-11-05T11:59:52.242Z] [2025-11-05T11:59:52.242Z] [TREESITTER-CHUNKER] [INFO] Created 2 semantic chunks from C:\Users\RakaThinkpad\Documents\Project\educatedplanet\admin\src\proxy.disabled.ts
[2025-11-05T11:59:52.243Z] [2025-11-05T11:59:52.243Z] [TREESITTER-FULL] [INFO] Extracted 2 symbols from C:\Users\RakaThinkpad\Documents\Project\educatedplanet\admin\src\proxy.disabled.ts
[2025-11-05T11:59:52.243Z] [2025-11-05T11:59:52.243Z] [INDEXING-ORCHESTRATOR] [DEBUG] 🔍 Symbol extraction for C:\Users\RakaThinkpad\Documents\Project\educatedplanet\admin\src\proxy.disabled.ts: 2 symbols, 1 imports
[2025-11-05T11:59:52.243Z] [2025-11-05T11:59:52.244Z] [INDEXING-ORCHESTRATOR] [DEBUG] 📍 Chunk 10-17: 1 candidate symbols
[2025-11-05T11:59:52.243Z] [2025-11-05T11:59:52.244Z] [INDEXING-ORCHESTRATOR] [DEBUG] ✅ Chunk symbols after filtering: 1 symbols - proxy
[2025-11-05T11:59:52.243Z] [2025-11-05T11:59:52.244Z] [INDEXING-ORCHESTRATOR] [DEBUG] 📍 Chunk 18-26: 1 candidate symbols
[2025-11-05T11:59:52.243Z] [2025-11-05T11:59:52.244Z] [INDEXING-ORCHESTRATOR] [DEBUG] ✅ Chunk symbols after filtering: 1 symbols - config
[2025-11-05T11:59:52.243Z] [2025-11-05T11:59:52.244Z] [INDEXING-ORCHESTRATOR] [DEBUG] Created 2 semantic chunks for C:\Users\RakaThinkpad\Documents\Project\educatedplanet\admin\src\proxy.disabled.ts
[2025-11-05T11:59:52.243Z] [2025-11-05T11:59:52.244Z] [INDEXING-ORCHESTRATOR] [DEBUG] Average chunk size: 237 characters
[2025-11-05T11:59:52.259Z] [2025-11-05T11:59:52.259Z] [TREESITTER-CHUNKER] [INFO] Created 2 semantic chunks from C:\Users\RakaThinkpad\Documents\Project\educatedplanet\admin\src\scripts\generate-theme-presets.ts
[2025-11-05T11:59:52.281Z] [2025-11-05T11:59:52.281Z] [TREESITTER-FULL] [INFO] Extracted 11 symbols from C:\Users\RakaThinkpad\Documents\Project\educatedplanet\admin\src\scripts\generate-theme-presets.ts
[2025-11-05T11:59:52.281Z] [2025-11-05T11:59:52.281Z] [INDEXING-ORCHESTRATOR] [DEBUG] 🔍 Symbol extraction for C:\Users\RakaThinkpad\Documents\Project\educatedplanet\admin\src\scripts\generate-theme-presets.ts: 11 symbols, 3 imports
[2025-11-05T11:59:52.281Z] [2025-11-05T11:59:52.281Z] [INDEXING-ORCHESTRATOR] [DEBUG] 📍 Chunk 112-122: 1 candidate symbols
[2025-11-05T11:59:52.281Z] [2025-11-05T11:59:52.281Z] [INDEXING-ORCHESTRATOR] [DEBUG] ✅ Chunk symbols after filtering: 1 symbols - main
[2025-11-05T11:59:52.281Z] [2025-11-05T11:59:52.281Z] [INDEXING-ORCHESTRATOR] [DEBUG] 📍 Chunk 123-128: 0 candidate symbols
[2025-11-05T11:59:52.281Z] [2025-11-05T11:59:52.281Z] [INDEXING-ORCHESTRATOR] [DEBUG] ✅ Chunk symbols after filtering: 0 symbols - 
[2025-11-05T11:59:52.281Z] [2025-11-05T11:59:52.281Z] [INDEXING-ORCHESTRATOR] [DEBUG] Created 2 semantic chunks for C:\Users\RakaThinkpad\Documents\Project\educatedplanet\admin\src\scripts\generate-theme-presets.ts
[2025-11-05T11:59:52.281Z] [2025-11-05T11:59:52.281Z] [INDEXING-ORCHESTRATOR] [DEBUG] Average chunk size: 221 characters
[2025-11-05T11:59:52.284Z] [2025-11-05T11:59:52.284Z] [TREESITTER-CHUNKER] [INFO] Created 1 semantic chunks from C:\Users\RakaThinkpad\Documents\Project\educatedplanet\admin\src\server\server-actions.ts
[2025-11-05T11:59:52.289Z] [2025-11-05T11:59:52.289Z] [TREESITTER-FULL] [INFO] Extracted 3 symbols from C:\Users\RakaThinkpad\Documents\Project\educatedplanet\admin\src\server\server-actions.ts
[2025-11-05T11:59:52.289Z] [2025-11-05T11:59:52.289Z] [INDEXING-ORCHESTRATOR] [DEBUG] 🔍 Symbol extraction for C:\Users\RakaThinkpad\Documents\Project\educatedplanet\admin\src\server\server-actions.ts: 3 symbols, 1 imports
[2025-11-05T11:59:52.289Z] [2025-11-05T11:59:52.289Z] [INDEXING-ORCHESTRATOR] [DEBUG] 📍 Chunk 5-27: 3 candidate symbols
[2025-11-05T11:59:52.289Z] [2025-11-05T11:59:52.289Z] [INDEXING-ORCHESTRATOR] [DEBUG] ✅ Chunk symbols after filtering: 3 symbols - getValueFromCookie, setValueToCookie, getPreference
[2025-11-05T11:59:52.289Z] [2025-11-05T11:59:52.289Z] [INDEXING-ORCHESTRATOR] [DEBUG] Created 1 semantic chunks for C:\Users\RakaThinkpad\Documents\Project\educatedplanet\admin\src\server\server-actions.ts
[2025-11-05T11:59:52.289Z] [2025-11-05T11:59:52.289Z] [INDEXING-ORCHESTRATOR] [DEBUG] Average chunk size: 820 characters
[2025-11-05T11:59:52.291Z] [2025-11-05T11:59:52.292Z] [TREESITTER-CHUNKER] [INFO] Created 1 semantic chunks from C:\Users\RakaThinkpad\Documents\Project\educatedplanet\admin\src\stores\preferences\preferences-provider.tsx
[2025-11-05T11:59:52.297Z] [2025-11-05T11:59:52.297Z] [TREESITTER-FULL] [INFO] Extracted 3 symbols from C:\Users\RakaThinkpad\Documents\Project\educatedplanet\admin\src\stores\preferences\preferences-provider.tsx
[2025-11-05T11:59:52.297Z] [2025-11-05T11:59:52.297Z] [INDEXING-ORCHESTRATOR] [DEBUG] 🔍 Symbol extraction for C:\Users\RakaThinkpad\Documents\Project\educatedplanet\admin\src\stores\preferences\preferences-provider.tsx: 3 symbols, 3 imports
[2025-11-05T11:59:52.297Z] [2025-11-05T11:59:52.297Z] [INDEXING-ORCHESTRATOR] [DEBUG] 📍 Chunk 1-30: 3 candidate symbols
[2025-11-05T11:59:52.297Z] [2025-11-05T11:59:52.297Z] [INDEXING-ORCHESTRATOR] [DEBUG] ✅ Chunk symbols after filtering: 3 symbols - PreferencesStoreContext, storeRef, usePreferencesStore
[2025-11-05T11:59:52.297Z] [2025-11-05T11:59:52.297Z] [INDEXING-ORCHESTRATOR] [DEBUG] Created 1 semantic chunks for C:\Users\RakaThinkpad\Documents\Project\educatedplanet\admin\src\stores\preferences\preferences-provider.tsx
[2025-11-05T11:59:52.297Z] [2025-11-05T11:59:52.297Z] [INDEXING-ORCHESTRATOR] [DEBUG] Average chunk size: 978 characters
[2025-11-05T11:59:52.297Z] [2025-11-05T11:59:52.297Z] [INDEXING-ORCHESTRATOR] [DEBUG] 📊 Processed: 140/220 files
[2025-11-05T11:59:52.314Z] [2025-11-05T11:59:52.314Z] [TREESITTER-CHUNKER] [INFO] Created 4 semantic chunks from C:\Users\RakaThinkpad\Documents\Project\educatedplanet\admin\src\types\preferences\layout.ts
[2025-11-05T11:59:52.322Z] [2025-11-05T11:59:52.323Z] [TREESITTER-FULL] [INFO] Extracted 12 symbols from C:\Users\RakaThinkpad\Documents\Project\educatedplanet\admin\src\types\preferences\layout.ts
[2025-11-05T11:59:52.322Z] [2025-11-05T11:59:52.323Z] [INDEXING-ORCHESTRATOR] [DEBUG] 🔍 Symbol extraction for C:\Users\RakaThinkpad\Documents\Project\educatedplanet\admin\src\types\preferences\layout.ts: 12 symbols, 0 imports
[2025-11-05T11:59:52.323Z] [2025-11-05T11:59:52.323Z] [INDEXING-ORCHESTRATOR] [DEBUG] 📍 Chunk 8-8: 1 candidate symbols
[2025-11-05T11:59:52.323Z] [2025-11-05T11:59:52.323Z] [INDEXING-ORCHESTRATOR] [DEBUG] ✅ Chunk symbols after filtering: 1 symbols - SidebarVariant
[2025-11-05T11:59:52.323Z] [2025-11-05T11:59:52.323Z] [INDEXING-ORCHESTRATOR] [DEBUG] 📍 Chunk 16-16: 1 candidate symbols
[2025-11-05T11:59:52.323Z] [2025-11-05T11:59:52.323Z] [INDEXING-ORCHESTRATOR] [DEBUG] ✅ Chunk symbols after filtering: 1 symbols - SidebarCollapsible
[2025-11-05T11:59:52.323Z] [2025-11-05T11:59:52.323Z] [INDEXING-ORCHESTRATOR] [DEBUG] 📍 Chunk 24-24: 1 candidate symbols
[2025-11-05T11:59:52.323Z] [2025-11-05T11:59:52.323Z] [INDEXING-ORCHESTRATOR] [DEBUG] ✅ Chunk symbols after filtering: 1 symbols - ContentLayout
[2025-11-05T11:59:52.323Z] [2025-11-05T11:59:52.323Z] [INDEXING-ORCHESTRATOR] [DEBUG] 📍 Chunk 32-32: 1 candidate symbols
[2025-11-05T11:59:52.323Z] [2025-11-05T11:59:52.323Z] [INDEXING-ORCHESTRATOR] [DEBUG] ✅ Chunk symbols after filtering: 1 symbols - NavbarStyle
[2025-11-05T11:59:52.323Z] [2025-11-05T11:59:52.323Z] [INDEXING-ORCHESTRATOR] [DEBUG] Created 4 semantic chunks for C:\Users\RakaThinkpad\Documents\Project\educatedplanet\admin\src\types\preferences\layout.ts
[2025-11-05T11:59:52.323Z] [2025-11-05T11:59:52.323Z] [INDEXING-ORCHESTRATOR] [DEBUG] Average chunk size: 62 characters
[2025-11-05T11:59:52.324Z] [2025-11-05T11:59:52.324Z] [TREESITTER-CHUNKER] [INFO] Created 1 semantic chunks from C:\Users\RakaThinkpad\Documents\Project\educatedplanet\admin\src\types\preferences\theme.ts
[2025-11-05T11:59:52.326Z] [2025-11-05T11:59:52.326Z] [TREESITTER-FULL] [INFO] Extracted 3 symbols from C:\Users\RakaThinkpad\Documents\Project\educatedplanet\admin\src\types\preferences\theme.ts
[2025-11-05T11:59:52.326Z] [2025-11-05T11:59:52.326Z] [INDEXING-ORCHESTRATOR] [DEBUG] 🔍 Symbol extraction for C:\Users\RakaThinkpad\Documents\Project\educatedplanet\admin\src\types\preferences\theme.ts: 3 symbols, 0 imports
[2025-11-05T11:59:52.326Z] [2025-11-05T11:59:52.326Z] [INDEXING-ORCHESTRATOR] [DEBUG] 📍 Chunk 14-14: 1 candidate symbols
[2025-11-05T11:59:52.326Z] [2025-11-05T11:59:52.326Z] [INDEXING-ORCHESTRATOR] [DEBUG] ✅ Chunk symbols after filtering: 1 symbols - ThemeMode
[2025-11-05T11:59:52.326Z] [2025-11-05T11:59:52.326Z] [INDEXING-ORCHESTRATOR] [DEBUG] Created 1 semantic chunks for C:\Users\RakaThinkpad\Documents\Project\educatedplanet\admin\src\types\preferences\theme.ts
[2025-11-05T11:59:52.326Z] [2025-11-05T11:59:52.326Z] [INDEXING-ORCHESTRATOR] [DEBUG] Average chunk size: 52 characters
[2025-11-05T11:59:52.327Z] [2025-11-05T11:59:52.327Z] [TREESITTER-CHUNKER] [INFO] Created 2 semantic chunks from C:\Users\RakaThinkpad\Documents\Project\educatedplanet\admin\src\stores\preferences\preferences-store.ts
[2025-11-05T11:59:52.330Z] [2025-11-05T11:59:52.330Z] [TREESITTER-FULL] [INFO] Extracted 2 symbols from C:\Users\RakaThinkpad\Documents\Project\educatedplanet\admin\src\stores\preferences\preferences-store.ts
[2025-11-05T11:59:52.330Z] [2025-11-05T11:59:52.330Z] [INDEXING-ORCHESTRATOR] [DEBUG] 🔍 Symbol extraction for C:\Users\RakaThinkpad\Documents\Project\educatedplanet\admin\src\stores\preferences\preferences-store.ts: 2 symbols, 2 imports
[2025-11-05T11:59:52.330Z] [2025-11-05T11:59:52.330Z] [INDEXING-ORCHESTRATOR] [DEBUG] 📍 Chunk 5-8: 1 candidate symbols
[2025-11-05T11:59:52.330Z] [2025-11-05T11:59:52.330Z] [INDEXING-ORCHESTRATOR] [DEBUG] ✅ Chunk symbols after filtering: 1 symbols - PreferencesState
[2025-11-05T11:59:52.330Z] [2025-11-05T11:59:52.330Z] [INDEXING-ORCHESTRATOR] [DEBUG] 📍 Chunk 9-15: 1 candidate symbols
[2025-11-05T11:59:52.330Z] [2025-11-05T11:59:52.330Z] [INDEXING-ORCHESTRATOR] [DEBUG] ✅ Chunk symbols after filtering: 1 symbols - createPreferencesStore
[2025-11-05T11:59:52.330Z] [2025-11-05T11:59:52.330Z] [INDEXING-ORCHESTRATOR] [DEBUG] Created 2 semantic chunks for C:\Users\RakaThinkpad\Documents\Project\educatedplanet\admin\src\stores\preferences\preferences-store.ts
[2025-11-05T11:59:52.330Z] [2025-11-05T11:59:52.330Z] [INDEXING-ORCHESTRATOR] [DEBUG] Average chunk size: 164 characters
[2025-11-05T11:59:52.331Z] [2025-11-05T11:59:52.331Z] [TREESITTER-CHUNKER] [INFO] Created 1 semantic chunks from C:\Users\RakaThinkpad\Documents\Project\educatedplanet\common\src\index.ts
[2025-11-05T11:59:52.331Z] [2025-11-05T11:59:52.331Z] [TREESITTER-FULL] [INFO] Extracted 0 symbols from C:\Users\RakaThinkpad\Documents\Project\educatedplanet\common\src\index.ts
[2025-11-05T11:59:52.331Z] [2025-11-05T11:59:52.331Z] [INDEXING-ORCHESTRATOR] [DEBUG] 🔍 Symbol extraction for C:\Users\RakaThinkpad\Documents\Project\educatedplanet\common\src\index.ts: 0 symbols, 0 imports
[2025-11-05T11:59:52.331Z] [2025-11-05T11:59:52.331Z] [INDEXING-ORCHESTRATOR] [DEBUG] 📍 Chunk 1-4: 0 candidate symbols
[2025-11-05T11:59:52.331Z] [2025-11-05T11:59:52.331Z] [INDEXING-ORCHESTRATOR] [DEBUG] ✅ Chunk symbols after filtering: 0 symbols - 
[2025-11-05T11:59:52.331Z] [2025-11-05T11:59:52.331Z] [INDEXING-ORCHESTRATOR] [DEBUG] Created 1 semantic chunks for C:\Users\RakaThinkpad\Documents\Project\educatedplanet\common\src\index.ts
[2025-11-05T11:59:52.331Z] [2025-11-05T11:59:52.331Z] [INDEXING-ORCHESTRATOR] [DEBUG] Average chunk size: 142 characters
[2025-11-05T11:59:52.334Z] [2025-11-05T11:59:52.334Z] [TREESITTER-CHUNKER] [INFO] Created 1 semantic chunks from C:\Users\RakaThinkpad\Documents\Project\educatedplanet\common\src\utils\index.ts
[2025-11-05T11:59:52.338Z] [2025-11-05T11:59:52.338Z] [TREESITTER-FULL] [INFO] Extracted 5 symbols from C:\Users\RakaThinkpad\Documents\Project\educatedplanet\common\src\utils\index.ts
[2025-11-05T11:59:52.338Z] [2025-11-05T11:59:52.338Z] [INDEXING-ORCHESTRATOR] [DEBUG] 🔍 Symbol extraction for C:\Users\RakaThinkpad\Documents\Project\educatedplanet\common\src\utils\index.ts: 5 symbols, 0 imports
[2025-11-05T11:59:52.338Z] [2025-11-05T11:59:52.338Z] [INDEXING-ORCHESTRATOR] [DEBUG] 📍 Chunk 6-44: 5 candidate symbols
[2025-11-05T11:59:52.338Z] [2025-11-05T11:59:52.338Z] [INDEXING-ORCHESTRATOR] [DEBUG] ✅ Chunk symbols after filtering: 5 symbols - formatTutorName, formatCurrency, generateSlug, isEmpty, truncateText
[2025-11-05T11:59:52.339Z] [2025-11-05T11:59:52.338Z] [INDEXING-ORCHESTRATOR] [DEBUG] Created 1 semantic chunks for C:\Users\RakaThinkpad\Documents\Project\educatedplanet\common\src\utils\index.ts
[2025-11-05T11:59:52.339Z] [2025-11-05T11:59:52.339Z] [INDEXING-ORCHESTRATOR] [DEBUG] Average chunk size: 880 characters
[2025-11-05T11:59:52.343Z] [2025-11-05T11:59:52.344Z] [TREESITTER-CHUNKER] [INFO] Created 1 semantic chunks from C:\Users\RakaThinkpad\Documents\Project\educatedplanet\common\src\constants\index.ts
[2025-11-05T11:59:52.350Z] [2025-11-05T11:59:52.350Z] [TREESITTER-FULL] [INFO] Extracted 6 symbols from C:\Users\RakaThinkpad\Documents\Project\educatedplanet\common\src\constants\index.ts
[2025-11-05T11:59:52.350Z] [2025-11-05T11:59:52.350Z] [INDEXING-ORCHESTRATOR] [DEBUG] 🔍 Symbol extraction for C:\Users\RakaThinkpad\Documents\Project\educatedplanet\common\src\constants\index.ts: 6 symbols, 0 imports
[2025-11-05T11:59:52.350Z] [2025-11-05T11:59:52.350Z] [INDEXING-ORCHESTRATOR] [DEBUG] 📍 Chunk 1-78: 6 candidate symbols
[2025-11-05T11:59:52.350Z] [2025-11-05T11:59:52.350Z] [INDEXING-ORCHESTRATOR] [DEBUG] ✅ Chunk symbols after filtering: 6 symbols - APP_CONFIG, LOCATIONS, SUBJECTS, CLASS_LEVELS, USER_ROLES, TEACHING_MODES
[2025-11-05T11:59:52.350Z] [2025-11-05T11:59:52.350Z] [INDEXING-ORCHESTRATOR] [DEBUG] Created 1 semantic chunks for C:\Users\RakaThinkpad\Documents\Project\educatedplanet\common\src\constants\index.ts
[2025-11-05T11:59:52.350Z] [2025-11-05T11:59:52.350Z] [INDEXING-ORCHESTRATOR] [DEBUG] Average chunk size: 1296 characters
[2025-11-05T11:59:52.356Z] [2025-11-05T11:59:52.356Z] [TREESITTER-CHUNKER] [INFO] Created 1 semantic chunks from C:\Users\RakaThinkpad\Documents\Project\educatedplanet\common\src\validation\index.ts
[2025-11-05T11:59:52.371Z] [2025-11-05T11:59:52.371Z] [TREESITTER-FULL] [INFO] Extracted 18 symbols from C:\Users\RakaThinkpad\Documents\Project\educatedplanet\common\src\validation\index.ts
[2025-11-05T11:59:52.371Z] [2025-11-05T11:59:52.371Z] [INDEXING-ORCHESTRATOR] [DEBUG] 🔍 Symbol extraction for C:\Users\RakaThinkpad\Documents\Project\educatedplanet\common\src\validation\index.ts: 18 symbols, 1 imports
[2025-11-05T11:59:52.371Z] [2025-11-05T11:59:52.371Z] [INDEXING-ORCHESTRATOR] [DEBUG] 📍 Chunk 74-78: 5 candidate symbols
[2025-11-05T11:59:52.371Z] [2025-11-05T11:59:52.372Z] [INDEXING-ORCHESTRATOR] [DEBUG] ✅ Chunk symbols after filtering: 5 symbols - LoginInput, TutorBasicInfoInput, TutorTeachingInput, TutorLocationInput, ReviewInput
[2025-11-05T11:59:52.372Z] [2025-11-05T11:59:52.372Z] [INDEXING-ORCHESTRATOR] [DEBUG] Created 1 semantic chunks for C:\Users\RakaThinkpad\Documents\Project\educatedplanet\common\src\validation\index.ts
[2025-11-05T11:59:52.372Z] [2025-11-05T11:59:52.372Z] [INDEXING-ORCHESTRATOR] [DEBUG] Average chunk size: 314 characters
[2025-11-05T11:59:52.375Z] [2025-11-05T11:59:52.376Z] [TREESITTER-CHUNKER] [INFO] 🔍 Found class: DatabaseConnection (126 lines)
[2025-11-05T11:59:52.375Z] [2025-11-05T11:59:52.376Z] [TREESITTER-CHUNKER] [INFO] 📦 Keeping small class intact: DatabaseConnection (126 lines <= 150)
[2025-11-05T11:59:52.382Z] [2025-11-05T11:59:52.382Z] [TREESITTER-CHUNKER] [INFO] Created 2 semantic chunks from C:\Users\RakaThinkpad\Documents\Project\educatedplanet\dataservice\src\datamodels\connections\database.js
[2025-11-05T11:59:52.438Z] [2025-11-05T11:59:52.438Z] [TREESITTER-FULL] [INFO] Extracted 4 symbols from C:\Users\RakaThinkpad\Documents\Project\educatedplanet\dataservice\src\datamodels\connections\database.js
[2025-11-05T11:59:52.438Z] [2025-11-05T11:59:52.438Z] [INDEXING-ORCHESTRATOR] [DEBUG] 🔍 Symbol extraction for C:\Users\RakaThinkpad\Documents\Project\educatedplanet\dataservice\src\datamodels\connections\database.js: 4 symbols, 0 imports
[2025-11-05T11:59:52.438Z] [2025-11-05T11:59:52.438Z] [INDEXING-ORCHESTRATOR] [DEBUG] 📍 Chunk 27-152: 1 candidate symbols
[2025-11-05T11:59:52.438Z] [2025-11-05T11:59:52.438Z] [INDEXING-ORCHESTRATOR] [DEBUG] ✅ Chunk symbols after filtering: 1 symbols - DatabaseConnection
[2025-11-05T11:59:52.438Z] [2025-11-05T11:59:52.438Z] [INDEXING-ORCHESTRATOR] [DEBUG] 📍 Chunk 153-174: 2 candidate symbols
[2025-11-05T11:59:52.438Z] [2025-11-05T11:59:52.438Z] [INDEXING-ORCHESTRATOR] [DEBUG] ✅ Chunk symbols after filtering: 2 symbols - initializeDatabase, closeDatabase
[2025-11-05T11:59:52.438Z] [2025-11-05T11:59:52.438Z] [INDEXING-ORCHESTRATOR] [DEBUG] Created 2 semantic chunks for C:\Users\RakaThinkpad\Documents\Project\educatedplanet\dataservice\src\datamodels\connections\database.js
[2025-11-05T11:59:52.438Z] [2025-11-05T11:59:52.438Z] [INDEXING-ORCHESTRATOR] [DEBUG] Average chunk size: 2344 characters
[2025-11-05T11:59:52.443Z] [2025-11-05T11:59:52.443Z] [TREESITTER-CHUNKER] [INFO] Created 1 semantic chunks from C:\Users\RakaThinkpad\Documents\Project\educatedplanet\dataservice\src\datamodels\connections\index.js
[2025-11-05T11:59:52.458Z] [2025-11-05T11:59:52.458Z] [TREESITTER-FULL] [INFO] Extracted 1 symbols from C:\Users\RakaThinkpad\Documents\Project\educatedplanet\dataservice\src\datamodels\connections\index.js
[2025-11-05T11:59:52.459Z] [2025-11-05T11:59:52.459Z] [INDEXING-ORCHESTRATOR] [DEBUG] 🔍 Symbol extraction for C:\Users\RakaThinkpad\Documents\Project\educatedplanet\dataservice\src\datamodels\connections\index.js: 1 symbols, 0 imports
[2025-11-05T11:59:52.459Z] [2025-11-05T11:59:52.459Z] [INDEXING-ORCHESTRATOR] [DEBUG] 📍 Chunk 1-13: 1 candidate symbols
[2025-11-05T11:59:52.459Z] [2025-11-05T11:59:52.459Z] [INDEXING-ORCHESTRATOR] [DEBUG] ✅ Chunk symbols after filtering: 1 symbols - database_1
[2025-11-05T11:59:52.459Z] [2025-11-05T11:59:52.459Z] [INDEXING-ORCHESTRATOR] [DEBUG] Created 1 semantic chunks for C:\Users\RakaThinkpad\Documents\Project\educatedplanet\dataservice\src\datamodels\connections\index.js
[2025-11-05T11:59:52.459Z] [2025-11-05T11:59:52.459Z] [INDEXING-ORCHESTRATOR] [DEBUG] Average chunk size: 992 characters
[2025-11-05T11:59:52.462Z] [2025-11-05T11:59:52.462Z] [TREESITTER-CHUNKER] [INFO] 🔍 Found class: unknown (142 lines)
[2025-11-05T11:59:52.462Z] [2025-11-05T11:59:52.462Z] [TREESITTER-CHUNKER] [INFO] 📦 Keeping small class intact: unknown (142 lines <= 150)
[2025-11-05T11:59:52.474Z] [2025-11-05T11:59:52.474Z] [TREESITTER-CHUNKER] [INFO] Created 3 semantic chunks from C:\Users\RakaThinkpad\Documents\Project\educatedplanet\dataservice\src\datamodels\connections\database.ts
[2025-11-05T11:59:52.515Z] [2025-11-05T11:59:52.516Z] [TREESITTER-FULL] [INFO] Extracted 6 symbols from C:\Users\RakaThinkpad\Documents\Project\educatedplanet\dataservice\src\datamodels\connections\database.ts
[2025-11-05T11:59:52.516Z] [2025-11-05T11:59:52.516Z] [INDEXING-ORCHESTRATOR] [DEBUG] 🔍 Symbol extraction for C:\Users\RakaThinkpad\Documents\Project\educatedplanet\dataservice\src\datamodels\connections\database.ts: 6 symbols, 1 imports
[2025-11-05T11:59:52.516Z] [2025-11-05T11:59:52.516Z] [INDEXING-ORCHESTRATOR] [DEBUG] 📍 Chunk 6-9: 1 candidate symbols
[2025-11-05T11:59:52.516Z] [2025-11-05T11:59:52.516Z] [INDEXING-ORCHESTRATOR] [DEBUG] ✅ Chunk symbols after filtering: 1 symbols - DatabaseConfig
[2025-11-05T11:59:52.516Z] [2025-11-05T11:59:52.516Z] [INDEXING-ORCHESTRATOR] [DEBUG] 📍 Chunk 31-172: 1 candidate symbols
[2025-11-05T11:59:52.516Z] [2025-11-05T11:59:52.516Z] [INDEXING-ORCHESTRATOR] [DEBUG] ✅ Chunk symbols after filtering: 1 symbols - DatabaseConnection
[2025-11-05T11:59:52.516Z] [2025-11-05T11:59:52.516Z] [INDEXING-ORCHESTRATOR] [DEBUG] 📍 Chunk 173-193: 3 candidate symbols
[2025-11-05T11:59:52.516Z] [2025-11-05T11:59:52.516Z] [INDEXING-ORCHESTRATOR] [DEBUG] ✅ Chunk symbols after filtering: 3 symbols - databaseConnection, initializeDatabase, closeDatabase
[2025-11-05T11:59:52.516Z] [2025-11-05T11:59:52.516Z] [INDEXING-ORCHESTRATOR] [DEBUG] Created 3 semantic chunks for C:\Users\RakaThinkpad\Documents\Project\educatedplanet\dataservice\src\datamodels\connections\database.ts
[2025-11-05T11:59:52.516Z] [2025-11-05T11:59:52.516Z] [INDEXING-ORCHESTRATOR] [DEBUG] Average chunk size: 1452 characters
[2025-11-05T11:59:52.516Z] [2025-11-05T11:59:52.516Z] [INDEXING-ORCHESTRATOR] [DEBUG] 📊 Processed: 150/220 files
[2025-11-05T11:59:52.525Z] [2025-11-05T11:59:52.525Z] [TREESITTER-CHUNKER] [INFO] Created 1 semantic chunks from C:\Users\RakaThinkpad\Documents\Project\educatedplanet\dataservice\src\datamodels\connections\index.ts
[2025-11-05T11:59:52.525Z] [2025-11-05T11:59:52.525Z] [TREESITTER-FULL] [INFO] Extracted 0 symbols from C:\Users\RakaThinkpad\Documents\Project\educatedplanet\dataservice\src\datamodels\connections\index.ts
[2025-11-05T11:59:52.525Z] [2025-11-05T11:59:52.526Z] [INDEXING-ORCHESTRATOR] [DEBUG] 🔍 Symbol extraction for C:\Users\RakaThinkpad\Documents\Project\educatedplanet\dataservice\src\datamodels\connections\index.ts: 0 symbols, 0 imports
[2025-11-05T11:59:52.525Z] [2025-11-05T11:59:52.526Z] [INDEXING-ORCHESTRATOR] [DEBUG] 📍 Chunk 1-12: 0 candidate symbols
[2025-11-05T11:59:52.525Z] [2025-11-05T11:59:52.526Z] [INDEXING-ORCHESTRATOR] [DEBUG] ✅ Chunk symbols after filtering: 0 symbols - 
[2025-11-05T11:59:52.525Z] [2025-11-05T11:59:52.526Z] [INDEXING-ORCHESTRATOR] [DEBUG] Created 1 semantic chunks for C:\Users\RakaThinkpad\Documents\Project\educatedplanet\dataservice\src\datamodels\connections\index.ts
[2025-11-05T11:59:52.525Z] [2025-11-05T11:59:52.526Z] [INDEXING-ORCHESTRATOR] [DEBUG] Average chunk size: 192 characters
[2025-11-05T11:59:52.527Z] [2025-11-05T11:59:52.527Z] [TREESITTER-CHUNKER] [INFO] Created 1 semantic chunks from C:\Users\RakaThinkpad\Documents\Project\educatedplanet\dataservice\src\datamodels\index.ts
[2025-11-05T11:59:52.529Z] [2025-11-05T11:59:52.529Z] [TREESITTER-FULL] [INFO] Extracted 0 symbols from C:\Users\RakaThinkpad\Documents\Project\educatedplanet\dataservice\src\datamodels\index.ts
[2025-11-05T11:59:52.529Z] [2025-11-05T11:59:52.529Z] [INDEXING-ORCHESTRATOR] [DEBUG] 🔍 Symbol extraction for C:\Users\RakaThinkpad\Documents\Project\educatedplanet\dataservice\src\datamodels\index.ts: 0 symbols, 0 imports
[2025-11-05T11:59:52.529Z] [2025-11-05T11:59:52.529Z] [INDEXING-ORCHESTRATOR] [DEBUG] 📍 Chunk 1-40: 0 candidate symbols
[2025-11-05T11:59:52.529Z] [2025-11-05T11:59:52.529Z] [INDEXING-ORCHESTRATOR] [DEBUG] ✅ Chunk symbols after filtering: 0 symbols - 
[2025-11-05T11:59:52.529Z] [2025-11-05T11:59:52.529Z] [INDEXING-ORCHESTRATOR] [DEBUG] Created 1 semantic chunks for C:\Users\RakaThinkpad\Documents\Project\educatedplanet\dataservice\src\datamodels\index.ts
[2025-11-05T11:59:52.529Z] [2025-11-05T11:59:52.529Z] [INDEXING-ORCHESTRATOR] [DEBUG] Average chunk size: 746 characters
[2025-11-05T11:59:52.540Z] [2025-11-05T11:59:52.540Z] [TREESITTER-CHUNKER] [INFO] Created 1 semantic chunks from C:\Users\RakaThinkpad\Documents\Project\educatedplanet\dataservice\src\datamodels\index.js
[2025-11-05T11:59:52.568Z] [2025-11-05T11:59:52.568Z] [TREESITTER-FULL] [INFO] Extracted 3 symbols from C:\Users\RakaThinkpad\Documents\Project\educatedplanet\dataservice\src\datamodels\index.js
[2025-11-05T11:59:52.568Z] [2025-11-05T11:59:52.568Z] [INDEXING-ORCHESTRATOR] [DEBUG] 🔍 Symbol extraction for C:\Users\RakaThinkpad\Documents\Project\educatedplanet\dataservice\src\datamodels\index.js: 3 symbols, 0 imports
[2025-11-05T11:59:52.568Z] [2025-11-05T11:59:52.568Z] [INDEXING-ORCHESTRATOR] [DEBUG] 📍 Chunk 1-45: 3 candidate symbols
[2025-11-05T11:59:52.568Z] [2025-11-05T11:59:52.568Z] [INDEXING-ORCHESTRATOR] [DEBUG] ✅ Chunk symbols after filtering: 3 symbols - connections_1, schemas_1, models_1
[2025-11-05T11:59:52.568Z] [2025-11-05T11:59:52.568Z] [INDEXING-ORCHESTRATOR] [DEBUG] Created 1 semantic chunks for C:\Users\RakaThinkpad\Documents\Project\educatedplanet\dataservice\src\datamodels\index.js
[2025-11-05T11:59:52.568Z] [2025-11-05T11:59:52.568Z] [INDEXING-ORCHESTRATOR] [DEBUG] Average chunk size: 3251 characters
[2025-11-05T11:59:52.569Z] [2025-11-05T11:59:52.569Z] [TREESITTER-CHUNKER] [INFO] Created 1 semantic chunks from C:\Users\RakaThinkpad\Documents\Project\educatedplanet\dataservice\src\datamodels\models\index.ts
[2025-11-05T11:59:52.569Z] [2025-11-05T11:59:52.570Z] [TREESITTER-FULL] [INFO] Extracted 0 symbols from C:\Users\RakaThinkpad\Documents\Project\educatedplanet\dataservice\src\datamodels\models\index.ts
[2025-11-05T11:59:52.569Z] [2025-11-05T11:59:52.570Z] [INDEXING-ORCHESTRATOR] [DEBUG] 🔍 Symbol extraction for C:\Users\RakaThinkpad\Documents\Project\educatedplanet\dataservice\src\datamodels\models\index.ts: 0 symbols, 0 imports
[2025-11-05T11:59:52.570Z] [2025-11-05T11:59:52.570Z] [INDEXING-ORCHESTRATOR] [DEBUG] 📍 Chunk 1-7: 0 candidate symbols
[2025-11-05T11:59:52.570Z] [2025-11-05T11:59:52.570Z] [INDEXING-ORCHESTRATOR] [DEBUG] ✅ Chunk symbols after filtering: 0 symbols - 
[2025-11-05T11:59:52.570Z] [2025-11-05T11:59:52.570Z] [INDEXING-ORCHESTRATOR] [DEBUG] Created 1 semantic chunks for C:\Users\RakaThinkpad\Documents\Project\educatedplanet\dataservice\src\datamodels\models\index.ts
[2025-11-05T11:59:52.570Z] [2025-11-05T11:59:52.570Z] [INDEXING-ORCHESTRATOR] [DEBUG] Average chunk size: 222 characters
[2025-11-05T11:59:52.589Z] [2025-11-05T11:59:52.590Z] [TREESITTER-CHUNKER] [INFO] Created 1 semantic chunks from C:\Users\RakaThinkpad\Documents\Project\educatedplanet\dataservice\src\datamodels\models\review.model.js
[2025-11-05T11:59:52.646Z] [2025-11-05T11:59:52.646Z] [TREESITTER-FULL] [INFO] Extracted 1 symbols from C:\Users\RakaThinkpad\Documents\Project\educatedplanet\dataservice\src\datamodels\models\review.model.js
[2025-11-05T11:59:52.646Z] [2025-11-05T11:59:52.646Z] [INDEXING-ORCHESTRATOR] [DEBUG] 🔍 Symbol extraction for C:\Users\RakaThinkpad\Documents\Project\educatedplanet\dataservice\src\datamodels\models\review.model.js: 1 symbols, 0 imports
[2025-11-05T11:59:52.646Z] [2025-11-05T11:59:52.646Z] [INDEXING-ORCHESTRATOR] [DEBUG] 📍 Chunk 1-237: 1 candidate symbols
[2025-11-05T11:59:52.646Z] [2025-11-05T11:59:52.646Z] [INDEXING-ORCHESTRATOR] [DEBUG] ✅ Chunk symbols after filtering: 1 symbols - mongoose_1
[2025-11-05T11:59:52.646Z] [2025-11-05T11:59:52.646Z] [INDEXING-ORCHESTRATOR] [DEBUG] Created 1 semantic chunks for C:\Users\RakaThinkpad\Documents\Project\educatedplanet\dataservice\src\datamodels\models\review.model.js
[2025-11-05T11:59:52.646Z] [2025-11-05T11:59:52.646Z] [INDEXING-ORCHESTRATOR] [DEBUG] Average chunk size: 7085 characters
[2025-11-05T11:59:52.652Z] [2025-11-05T11:59:52.652Z] [TREESITTER-CHUNKER] [INFO] Created 1 semantic chunks from C:\Users\RakaThinkpad\Documents\Project\educatedplanet\dataservice\src\datamodels\models\index.js
[2025-11-05T11:59:52.663Z] [2025-11-05T11:59:52.663Z] [TREESITTER-FULL] [INFO] Extracted 3 symbols from C:\Users\RakaThinkpad\Documents\Project\educatedplanet\dataservice\src\datamodels\models\index.js
[2025-11-05T11:59:52.663Z] [2025-11-05T11:59:52.663Z] [INDEXING-ORCHESTRATOR] [DEBUG] 🔍 Symbol extraction for C:\Users\RakaThinkpad\Documents\Project\educatedplanet\dataservice\src\datamodels\models\index.js: 3 symbols, 0 imports
[2025-11-05T11:59:52.663Z] [2025-11-05T11:59:52.663Z] [INDEXING-ORCHESTRATOR] [DEBUG] 📍 Chunk 1-16: 3 candidate symbols
[2025-11-05T11:59:52.663Z] [2025-11-05T11:59:52.663Z] [INDEXING-ORCHESTRATOR] [DEBUG] ✅ Chunk symbols after filtering: 3 symbols - user_model_1, tutor_model_1, review_model_1
[2025-11-05T11:59:52.663Z] [2025-11-05T11:59:52.663Z] [INDEXING-ORCHESTRATOR] [DEBUG] Created 1 semantic chunks for C:\Users\RakaThinkpad\Documents\Project\educatedplanet\dataservice\src\datamodels\models\index.js
[2025-11-05T11:59:52.663Z] [2025-11-05T11:59:52.663Z] [INDEXING-ORCHESTRATOR] [DEBUG] Average chunk size: 1186 characters
[2025-11-05T11:59:52.686Z] [2025-11-05T11:59:52.687Z] [TREESITTER-CHUNKER] [INFO] Created 1 semantic chunks from C:\Users\RakaThinkpad\Documents\Project\educatedplanet\dataservice\src\datamodels\models\tutor.model.js
[2025-11-05T11:59:52.759Z] [2025-11-05T11:59:52.760Z] [TREESITTER-FULL] [INFO] Extracted 1 symbols from C:\Users\RakaThinkpad\Documents\Project\educatedplanet\dataservice\src\datamodels\models\tutor.model.js
[2025-11-05T11:59:52.759Z] [2025-11-05T11:59:52.760Z] [INDEXING-ORCHESTRATOR] [DEBUG] 🔍 Symbol extraction for C:\Users\RakaThinkpad\Documents\Project\educatedplanet\dataservice\src\datamodels\models\tutor.model.js: 1 symbols, 0 imports
[2025-11-05T11:59:52.760Z] [2025-11-05T11:59:52.760Z] [INDEXING-ORCHESTRATOR] [DEBUG] 📍 Chunk 1-224: 1 candidate symbols
[2025-11-05T11:59:52.760Z] [2025-11-05T11:59:52.760Z] [INDEXING-ORCHESTRATOR] [DEBUG] ✅ Chunk symbols after filtering: 1 symbols - mongoose_1
[2025-11-05T11:59:52.760Z] [2025-11-05T11:59:52.760Z] [INDEXING-ORCHESTRATOR] [DEBUG] Created 1 semantic chunks for C:\Users\RakaThinkpad\Documents\Project\educatedplanet\dataservice\src\datamodels\models\tutor.model.js
[2025-11-05T11:59:52.760Z] [2025-11-05T11:59:52.760Z] [INDEXING-ORCHESTRATOR] [DEBUG] Average chunk size: 7645 characters
[2025-11-05T11:59:52.775Z] [2025-11-05T11:59:52.775Z] [TREESITTER-CHUNKER] [INFO] Created 1 semantic chunks from C:\Users\RakaThinkpad\Documents\Project\educatedplanet\dataservice\src\datamodels\models\review.model.ts
[2025-11-05T11:59:52.841Z] [2025-11-05T11:59:52.841Z] [TREESITTER-FULL] [INFO] Extracted 2 symbols from C:\Users\RakaThinkpad\Documents\Project\educatedplanet\dataservice\src\datamodels\models\review.model.ts
[2025-11-05T11:59:52.841Z] [2025-11-05T11:59:52.842Z] [INDEXING-ORCHESTRATOR] [DEBUG] 🔍 Symbol extraction for C:\Users\RakaThinkpad\Documents\Project\educatedplanet\dataservice\src\datamodels\models\review.model.ts: 2 symbols, 2 imports
[2025-11-05T11:59:52.842Z] [2025-11-05T11:59:52.842Z] [INDEXING-ORCHESTRATOR] [DEBUG] 📍 Chunk 1-303: 2 candidate symbols
[2025-11-05T11:59:52.842Z] [2025-11-05T11:59:52.842Z] [INDEXING-ORCHESTRATOR] [DEBUG] ✅ Chunk symbols after filtering: 2 symbols - ReviewModel, ReviewQueries
[2025-11-05T11:59:52.842Z] [2025-11-05T11:59:52.842Z] [INDEXING-ORCHESTRATOR] [DEBUG] Created 1 semantic chunks for C:\Users\RakaThinkpad\Documents\Project\educatedplanet\dataservice\src\datamodels\models\review.model.ts
[2025-11-05T11:59:52.842Z] [2025-11-05T11:59:52.842Z] [INDEXING-ORCHESTRATOR] [DEBUG] Average chunk size: 6512 characters
[2025-11-05T11:59:52.848Z] [2025-11-05T11:59:52.849Z] [TREESITTER-CHUNKER] [INFO] Created 1 semantic chunks from C:\Users\RakaThinkpad\Documents\Project\educatedplanet\dataservice\src\datamodels\models\user.model.js
[2025-11-05T11:59:52.866Z] [2025-11-05T11:59:52.866Z] [TREESITTER-FULL] [INFO] Extracted 1 symbols from C:\Users\RakaThinkpad\Documents\Project\educatedplanet\dataservice\src\datamodels\models\user.model.js
[2025-11-05T11:59:52.866Z] [2025-11-05T11:59:52.866Z] [INDEXING-ORCHESTRATOR] [DEBUG] 🔍 Symbol extraction for C:\Users\RakaThinkpad\Documents\Project\educatedplanet\dataservice\src\datamodels\models\user.model.js: 1 symbols, 0 imports
[2025-11-05T11:59:52.867Z] [2025-11-05T11:59:52.866Z] [INDEXING-ORCHESTRATOR] [DEBUG] 📍 Chunk 1-79: 1 candidate symbols
[2025-11-05T11:59:52.867Z] [2025-11-05T11:59:52.866Z] [INDEXING-ORCHESTRATOR] [DEBUG] ✅ Chunk symbols after filtering: 1 symbols - mongoose_1
[2025-11-05T11:59:52.867Z] [2025-11-05T11:59:52.866Z] [INDEXING-ORCHESTRATOR] [DEBUG] Created 1 semantic chunks for C:\Users\RakaThinkpad\Documents\Project\educatedplanet\dataservice\src\datamodels\models\user.model.js
[2025-11-05T11:59:52.867Z] [2025-11-05T11:59:52.866Z] [INDEXING-ORCHESTRATOR] [DEBUG] Average chunk size: 2326 characters
[2025-11-05T11:59:52.885Z] [2025-11-05T11:59:52.886Z] [TREESITTER-CHUNKER] [INFO] Created 1 semantic chunks from C:\Users\RakaThinkpad\Documents\Project\educatedplanet\dataservice\src\datamodels\models\tutor.model.ts
[2025-11-05T11:59:52.954Z] [2025-11-05T11:59:52.954Z] [TREESITTER-FULL] [INFO] Extracted 2 symbols from C:\Users\RakaThinkpad\Documents\Project\educatedplanet\dataservice\src\datamodels\models\tutor.model.ts
[2025-11-05T11:59:52.954Z] [2025-11-05T11:59:52.954Z] [INDEXING-ORCHESTRATOR] [DEBUG] 🔍 Symbol extraction for C:\Users\RakaThinkpad\Documents\Project\educatedplanet\dataservice\src\datamodels\models\tutor.model.ts: 2 symbols, 2 imports
[2025-11-05T11:59:52.954Z] [2025-11-05T11:59:52.954Z] [INDEXING-ORCHESTRATOR] [DEBUG] 📍 Chunk 1-304: 2 candidate symbols
[2025-11-05T11:59:52.954Z] [2025-11-05T11:59:52.954Z] [INDEXING-ORCHESTRATOR] [DEBUG] ✅ Chunk symbols after filtering: 2 symbols - TutorModel, TutorQueries
[2025-11-05T11:59:52.954Z] [2025-11-05T11:59:52.954Z] [INDEXING-ORCHESTRATOR] [DEBUG] Created 1 semantic chunks for C:\Users\RakaThinkpad\Documents\Project\educatedplanet\dataservice\src\datamodels\models\tutor.model.ts
[2025-11-05T11:59:52.954Z] [2025-11-05T11:59:52.954Z] [INDEXING-ORCHESTRATOR] [DEBUG] Average chunk size: 7313 characters
[2025-11-05T11:59:52.954Z] [2025-11-05T11:59:52.954Z] [INDEXING-ORCHESTRATOR] [DEBUG] 📊 Processed: 160/220 files
[2025-11-05T11:59:52.977Z] [2025-11-05T11:59:52.977Z] [TREESITTER-CHUNKER] [INFO] Created 1 semantic chunks from C:\Users\RakaThinkpad\Documents\Project\educatedplanet\dataservice\src\datamodels\models\user.model.ts
[2025-11-05T11:59:52.996Z] [2025-11-05T11:59:52.997Z] [TREESITTER-FULL] [INFO] Extracted 2 symbols from C:\Users\RakaThinkpad\Documents\Project\educatedplanet\dataservice\src\datamodels\models\user.model.ts
[2025-11-05T11:59:52.997Z] [2025-11-05T11:59:52.997Z] [INDEXING-ORCHESTRATOR] [DEBUG] 🔍 Symbol extraction for C:\Users\RakaThinkpad\Documents\Project\educatedplanet\dataservice\src\datamodels\models\user.model.ts: 2 symbols, 2 imports
[2025-11-05T11:59:52.997Z] [2025-11-05T11:59:52.997Z] [INDEXING-ORCHESTRATOR] [DEBUG] 📍 Chunk 1-89: 2 candidate symbols
[2025-11-05T11:59:52.997Z] [2025-11-05T11:59:52.997Z] [INDEXING-ORCHESTRATOR] [DEBUG] ✅ Chunk symbols after filtering: 2 symbols - UserModel, UserQueries
[2025-11-05T11:59:52.997Z] [2025-11-05T11:59:52.997Z] [INDEXING-ORCHESTRATOR] [DEBUG] Created 1 semantic chunks for C:\Users\RakaThinkpad\Documents\Project\educatedplanet\dataservice\src\datamodels\models\user.model.ts
[2025-11-05T11:59:52.997Z] [2025-11-05T11:59:52.997Z] [INDEXING-ORCHESTRATOR] [DEBUG] Average chunk size: 1947 characters
[2025-11-05T11:59:52.999Z] [2025-11-05T11:59:52.999Z] [TREESITTER-CHUNKER] [INFO] Created 1 semantic chunks from C:\Users\RakaThinkpad\Documents\Project\educatedplanet\dataservice\src\datamodels\schemas\index.js
[2025-11-05T11:59:53.007Z] [2025-11-05T11:59:53.008Z] [TREESITTER-FULL] [INFO] Extracted 3 symbols from C:\Users\RakaThinkpad\Documents\Project\educatedplanet\dataservice\src\datamodels\schemas\index.js
[2025-11-05T11:59:53.007Z] [2025-11-05T11:59:53.008Z] [INDEXING-ORCHESTRATOR] [DEBUG] 🔍 Symbol extraction for C:\Users\RakaThinkpad\Documents\Project\educatedplanet\dataservice\src\datamodels\schemas\index.js: 3 symbols, 0 imports
[2025-11-05T11:59:53.008Z] [2025-11-05T11:59:53.008Z] [INDEXING-ORCHESTRATOR] [DEBUG] 📍 Chunk 1-13: 3 candidate symbols
[2025-11-05T11:59:53.008Z] [2025-11-05T11:59:53.008Z] [INDEXING-ORCHESTRATOR] [DEBUG] ✅ Chunk symbols after filtering: 3 symbols - user_clean_schema_1, tutor_clean_schema_1, review_clean_schema_1
[2025-11-05T11:59:53.008Z] [2025-11-05T11:59:53.008Z] [INDEXING-ORCHESTRATOR] [DEBUG] Created 1 semantic chunks for C:\Users\RakaThinkpad\Documents\Project\educatedplanet\dataservice\src\datamodels\schemas\index.js
[2025-11-05T11:59:53.008Z] [2025-11-05T11:59:53.008Z] [INDEXING-ORCHESTRATOR] [DEBUG] Average chunk size: 809 characters
[2025-11-05T11:59:53.020Z] [2025-11-05T11:59:53.020Z] [TREESITTER-CHUNKER] [INFO] Created 1 semantic chunks from C:\Users\RakaThinkpad\Documents\Project\educatedplanet\dataservice\src\datamodels\schemas\review-clean.schema.js
[2025-11-05T11:59:53.057Z] [2025-11-05T11:59:53.057Z] [TREESITTER-FULL] [INFO] Extracted 2 symbols from C:\Users\RakaThinkpad\Documents\Project\educatedplanet\dataservice\src\datamodels\schemas\review-clean.schema.js
[2025-11-05T11:59:53.057Z] [2025-11-05T11:59:53.057Z] [INDEXING-ORCHESTRATOR] [DEBUG] 🔍 Symbol extraction for C:\Users\RakaThinkpad\Documents\Project\educatedplanet\dataservice\src\datamodels\schemas\review-clean.schema.js: 2 symbols, 0 imports
[2025-11-05T11:59:53.057Z] [2025-11-05T11:59:53.057Z] [INDEXING-ORCHESTRATOR] [DEBUG] 📍 Chunk 1-148: 2 candidate symbols
[2025-11-05T11:59:53.057Z] [2025-11-05T11:59:53.057Z] [INDEXING-ORCHESTRATOR] [DEBUG] ✅ Chunk symbols after filtering: 2 symbols - mongoose_1, reviewSchema
[2025-11-05T11:59:53.057Z] [2025-11-05T11:59:53.057Z] [INDEXING-ORCHESTRATOR] [DEBUG] Created 1 semantic chunks for C:\Users\RakaThinkpad\Documents\Project\educatedplanet\dataservice\src\datamodels\schemas\review-clean.schema.js
[2025-11-05T11:59:53.057Z] [2025-11-05T11:59:53.057Z] [INDEXING-ORCHESTRATOR] [DEBUG] Average chunk size: 4299 characters
[2025-11-05T11:59:53.058Z] [2025-11-05T11:59:53.058Z] [TREESITTER-CHUNKER] [INFO] Created 1 semantic chunks from C:\Users\RakaThinkpad\Documents\Project\educatedplanet\dataservice\src\datamodels\schemas\index.ts
[2025-11-05T11:59:53.058Z] [2025-11-05T11:59:53.059Z] [TREESITTER-FULL] [INFO] Extracted 0 symbols from C:\Users\RakaThinkpad\Documents\Project\educatedplanet\dataservice\src\datamodels\schemas\index.ts
[2025-11-05T11:59:53.058Z] [2025-11-05T11:59:53.059Z] [INDEXING-ORCHESTRATOR] [DEBUG] 🔍 Symbol extraction for C:\Users\RakaThinkpad\Documents\Project\educatedplanet\dataservice\src\datamodels\schemas\index.ts: 0 symbols, 0 imports
[2025-11-05T11:59:53.059Z] [2025-11-05T11:59:53.059Z] [INDEXING-ORCHESTRATOR] [DEBUG] 📍 Chunk 1-7: 0 candidate symbols
[2025-11-05T11:59:53.059Z] [2025-11-05T11:59:53.059Z] [INDEXING-ORCHESTRATOR] [DEBUG] ✅ Chunk symbols after filtering: 0 symbols - 
[2025-11-05T11:59:53.059Z] [2025-11-05T11:59:53.059Z] [INDEXING-ORCHESTRATOR] [DEBUG] Created 1 semantic chunks for C:\Users\RakaThinkpad\Documents\Project\educatedplanet\dataservice\src\datamodels\schemas\index.ts
[2025-11-05T11:59:53.059Z] [2025-11-05T11:59:53.059Z] [INDEXING-ORCHESTRATOR] [DEBUG] Average chunk size: 253 characters
[2025-11-05T11:59:53.066Z] [2025-11-05T11:59:53.066Z] [TREESITTER-CHUNKER] [INFO] Created 2 semantic chunks from C:\Users\RakaThinkpad\Documents\Project\educatedplanet\dataservice\src\datamodels\schemas\review-clean.schema.ts
[2025-11-05T11:59:53.087Z] [2025-11-05T11:59:53.088Z] [TREESITTER-FULL] [INFO] Extracted 2 symbols from C:\Users\RakaThinkpad\Documents\Project\educatedplanet\dataservice\src\datamodels\schemas\review-clean.schema.ts
[2025-11-05T11:59:53.087Z] [2025-11-05T11:59:53.088Z] [INDEXING-ORCHESTRATOR] [DEBUG] 🔍 Symbol extraction for C:\Users\RakaThinkpad\Documents\Project\educatedplanet\dataservice\src\datamodels\schemas\review-clean.schema.ts: 2 symbols, 2 imports
[2025-11-05T11:59:53.088Z] [2025-11-05T11:59:53.088Z] [INDEXING-ORCHESTRATOR] [DEBUG] 📍 Chunk 7-25: 1 candidate symbols
[2025-11-05T11:59:53.088Z] [2025-11-05T11:59:53.088Z] [INDEXING-ORCHESTRATOR] [DEBUG] ✅ Chunk symbols after filtering: 1 symbols - IReviewDocument
[2025-11-05T11:59:53.088Z] [2025-11-05T11:59:53.088Z] [INDEXING-ORCHESTRATOR] [DEBUG] 📍 Chunk 26-141: 1 candidate symbols
[2025-11-05T11:59:53.088Z] [2025-11-05T11:59:53.088Z] [INDEXING-ORCHESTRATOR] [DEBUG] ✅ Chunk symbols after filtering: 1 symbols - reviewSchema
[2025-11-05T11:59:53.088Z] [2025-11-05T11:59:53.088Z] [INDEXING-ORCHESTRATOR] [DEBUG] Created 2 semantic chunks for C:\Users\RakaThinkpad\Documents\Project\educatedplanet\dataservice\src\datamodels\schemas\review-clean.schema.ts
[2025-11-05T11:59:53.088Z] [2025-11-05T11:59:53.088Z] [INDEXING-ORCHESTRATOR] [DEBUG] Average chunk size: 1450 characters
[2025-11-05T11:59:53.105Z] [2025-11-05T11:59:53.105Z] [TREESITTER-CHUNKER] [INFO] Created 1 semantic chunks from C:\Users\RakaThinkpad\Documents\Project\educatedplanet\dataservice\src\datamodels\schemas\tutor-clean.schema.js
[2025-11-05T11:59:53.153Z] [2025-11-05T11:59:53.152Z] [TREESITTER-FULL] [INFO] Extracted 2 symbols from C:\Users\RakaThinkpad\Documents\Project\educatedplanet\dataservice\src\datamodels\schemas\tutor-clean.schema.js
[2025-11-05T11:59:53.154Z] [2025-11-05T11:59:53.153Z] [INDEXING-ORCHESTRATOR] [DEBUG] 🔍 Symbol extraction for C:\Users\RakaThinkpad\Documents\Project\educatedplanet\dataservice\src\datamodels\schemas\tutor-clean.schema.js: 2 symbols, 0 imports
[2025-11-05T11:59:53.154Z] [2025-11-05T11:59:53.153Z] [INDEXING-ORCHESTRATOR] [DEBUG] 📍 Chunk 1-206: 2 candidate symbols
[2025-11-05T11:59:53.154Z] [2025-11-05T11:59:53.153Z] [INDEXING-ORCHESTRATOR] [DEBUG] ✅ Chunk symbols after filtering: 2 symbols - mongoose_1, tutorSchema
[2025-11-05T11:59:53.154Z] [2025-11-05T11:59:53.153Z] [INDEXING-ORCHESTRATOR] [DEBUG] Created 1 semantic chunks for C:\Users\RakaThinkpad\Documents\Project\educatedplanet\dataservice\src\datamodels\schemas\tutor-clean.schema.js
[2025-11-05T11:59:53.154Z] [2025-11-05T11:59:53.153Z] [INDEXING-ORCHESTRATOR] [DEBUG] Average chunk size: 5368 characters
[2025-11-05T11:59:53.167Z] [2025-11-05T11:59:53.168Z] [TREESITTER-CHUNKER] [INFO] Created 2 semantic chunks from C:\Users\RakaThinkpad\Documents\Project\educatedplanet\dataservice\src\datamodels\schemas\tutor-clean.schema.ts
[2025-11-05T11:59:53.192Z] [2025-11-05T11:59:53.192Z] [TREESITTER-FULL] [INFO] Extracted 2 symbols from C:\Users\RakaThinkpad\Documents\Project\educatedplanet\dataservice\src\datamodels\schemas\tutor-clean.schema.ts
[2025-11-05T11:59:53.192Z] [2025-11-05T11:59:53.192Z] [INDEXING-ORCHESTRATOR] [DEBUG] 🔍 Symbol extraction for C:\Users\RakaThinkpad\Documents\Project\educatedplanet\dataservice\src\datamodels\schemas\tutor-clean.schema.ts: 2 symbols, 2 imports
[2025-11-05T11:59:53.192Z] [2025-11-05T11:59:53.192Z] [INDEXING-ORCHESTRATOR] [DEBUG] 📍 Chunk 7-28: 1 candidate symbols
[2025-11-05T11:59:53.192Z] [2025-11-05T11:59:53.192Z] [INDEXING-ORCHESTRATOR] [DEBUG] ✅ Chunk symbols after filtering: 1 symbols - ITutorDocument
[2025-11-05T11:59:53.192Z] [2025-11-05T11:59:53.192Z] [INDEXING-ORCHESTRATOR] [DEBUG] 📍 Chunk 29-202: 1 candidate symbols
[2025-11-05T11:59:53.192Z] [2025-11-05T11:59:53.192Z] [INDEXING-ORCHESTRATOR] [DEBUG] ✅ Chunk symbols after filtering: 1 symbols - tutorSchema
[2025-11-05T11:59:53.192Z] [2025-11-05T11:59:53.192Z] [INDEXING-ORCHESTRATOR] [DEBUG] Created 2 semantic chunks for C:\Users\RakaThinkpad\Documents\Project\educatedplanet\dataservice\src\datamodels\schemas\tutor-clean.schema.ts
[2025-11-05T11:59:53.192Z] [2025-11-05T11:59:53.192Z] [INDEXING-ORCHESTRATOR] [DEBUG] Average chunk size: 1862 characters
[2025-11-05T11:59:53.211Z] [2025-11-05T11:59:53.211Z] [TREESITTER-CHUNKER] [INFO] Created 1 semantic chunks from C:\Users\RakaThinkpad\Documents\Project\educatedplanet\dataservice\src\datamodels\schemas\user-clean.schema.js
[2025-11-05T11:59:53.263Z] [2025-11-05T11:59:53.263Z] [TREESITTER-FULL] [INFO] Extracted 3 symbols from C:\Users\RakaThinkpad\Documents\Project\educatedplanet\dataservice\src\datamodels\schemas\user-clean.schema.js
[2025-11-05T11:59:53.263Z] [2025-11-05T11:59:53.263Z] [INDEXING-ORCHESTRATOR] [DEBUG] 🔍 Symbol extraction for C:\Users\RakaThinkpad\Documents\Project\educatedplanet\dataservice\src\datamodels\schemas\user-clean.schema.js: 3 symbols, 0 imports
[2025-11-05T11:59:53.263Z] [2025-11-05T11:59:53.263Z] [INDEXING-ORCHESTRATOR] [DEBUG] 📍 Chunk 1-155: 3 candidate symbols
[2025-11-05T11:59:53.263Z] [2025-11-05T11:59:53.263Z] [INDEXING-ORCHESTRATOR] [DEBUG] ✅ Chunk symbols after filtering: 3 symbols - mongoose_1, validator_1, userSchema
[2025-11-05T11:59:53.263Z] [2025-11-05T11:59:53.263Z] [INDEXING-ORCHESTRATOR] [DEBUG] Created 1 semantic chunks for C:\Users\RakaThinkpad\Documents\Project\educatedplanet\dataservice\src\datamodels\schemas\user-clean.schema.js
[2025-11-05T11:59:53.263Z] [2025-11-05T11:59:53.263Z] [INDEXING-ORCHESTRATOR] [DEBUG] Average chunk size: 4434 characters
[2025-11-05T11:59:53.273Z] [2025-11-05T11:59:53.273Z] [TREESITTER-CHUNKER] [INFO] Created 2 semantic chunks from C:\Users\RakaThinkpad\Documents\Project\educatedplanet\dataservice\src\datamodels\schemas\user-clean.schema.ts
[2025-11-05T11:59:53.296Z] [2025-11-05T11:59:53.296Z] [TREESITTER-FULL] [INFO] Extracted 2 symbols from C:\Users\RakaThinkpad\Documents\Project\educatedplanet\dataservice\src\datamodels\schemas\user-clean.schema.ts
[2025-11-05T11:59:53.296Z] [2025-11-05T11:59:53.296Z] [INDEXING-ORCHESTRATOR] [DEBUG] 🔍 Symbol extraction for C:\Users\RakaThinkpad\Documents\Project\educatedplanet\dataservice\src\datamodels\schemas\user-clean.schema.ts: 2 symbols, 3 imports
[2025-11-05T11:59:53.296Z] [2025-11-05T11:59:53.296Z] [INDEXING-ORCHESTRATOR] [DEBUG] 📍 Chunk 8-23: 1 candidate symbols
[2025-11-05T11:59:53.296Z] [2025-11-05T11:59:53.296Z] [INDEXING-ORCHESTRATOR] [DEBUG] ✅ Chunk symbols after filtering: 1 symbols - IUserDocument
[2025-11-05T11:59:53.296Z] [2025-11-05T11:59:53.296Z] [INDEXING-ORCHESTRATOR] [DEBUG] 📍 Chunk 24-142: 1 candidate symbols
[2025-11-05T11:59:53.296Z] [2025-11-05T11:59:53.296Z] [INDEXING-ORCHESTRATOR] [DEBUG] ✅ Chunk symbols after filtering: 1 symbols - userSchema
[2025-11-05T11:59:53.296Z] [2025-11-05T11:59:53.296Z] [INDEXING-ORCHESTRATOR] [DEBUG] Created 2 semantic chunks for C:\Users\RakaThinkpad\Documents\Project\educatedplanet\dataservice\src\datamodels\schemas\user-clean.schema.ts
[2025-11-05T11:59:53.296Z] [2025-11-05T11:59:53.296Z] [INDEXING-ORCHESTRATOR] [DEBUG] Average chunk size: 1378 characters
[2025-11-05T11:59:53.298Z] [2025-11-05T11:59:53.298Z] [TREESITTER-CHUNKER] [INFO] Created 1 semantic chunks from C:\Users\RakaThinkpad\Documents\Project\educatedplanet\dataservice\src\index.ts
[2025-11-05T11:59:53.301Z] [2025-11-05T11:59:53.301Z] [TREESITTER-FULL] [INFO] Extracted 0 symbols from C:\Users\RakaThinkpad\Documents\Project\educatedplanet\dataservice\src\index.ts
[2025-11-05T11:59:53.301Z] [2025-11-05T11:59:53.301Z] [INDEXING-ORCHESTRATOR] [DEBUG] 🔍 Symbol extraction for C:\Users\RakaThinkpad\Documents\Project\educatedplanet\dataservice\src\index.ts: 0 symbols, 0 imports
[2025-11-05T11:59:53.301Z] [2025-11-05T11:59:53.301Z] [INDEXING-ORCHESTRATOR] [DEBUG] 📍 Chunk 1-34: 0 candidate symbols
[2025-11-05T11:59:53.301Z] [2025-11-05T11:59:53.301Z] [INDEXING-ORCHESTRATOR] [DEBUG] ✅ Chunk symbols after filtering: 0 symbols - 
[2025-11-05T11:59:53.301Z] [2025-11-05T11:59:53.301Z] [INDEXING-ORCHESTRATOR] [DEBUG] Created 1 semantic chunks for C:\Users\RakaThinkpad\Documents\Project\educatedplanet\dataservice\src\index.ts
[2025-11-05T11:59:53.301Z] [2025-11-05T11:59:53.301Z] [INDEXING-ORCHESTRATOR] [DEBUG] Average chunk size: 913 characters
[2025-11-05T11:59:53.301Z] [2025-11-05T11:59:53.301Z] [INDEXING-ORCHESTRATOR] [DEBUG] 📊 Processed: 170/220 files
[2025-11-05T11:59:53.320Z] [2025-11-05T11:59:53.320Z] [TREESITTER-CHUNKER] [INFO] 🔍 Found class: unknown (156 lines)
[2025-11-05T11:59:53.325Z] [2025-11-05T11:59:53.325Z] [TREESITTER-CHUNKER] [INFO] 📤 Splitting large class: unknown (156 lines > 150)
[2025-11-05T11:59:53.325Z] [2025-11-05T11:59:53.325Z] [TREESITTER-CHUNKER] [INFO] 🔧 Extracting methods from large class with 2 children
[2025-11-05T11:59:53.325Z] [2025-11-05T11:59:53.326Z] [TREESITTER-CHUNKER] [INFO] 🔍 Checking 17 nodes for methods (using class_body)
[2025-11-05T11:59:53.326Z] [2025-11-05T11:59:53.326Z] [TREESITTER-CHUNKER] [INFO]    Child type: public_field_definition at lines 13-13
[2025-11-05T11:59:53.326Z] [2025-11-05T11:59:53.326Z] [TREESITTER-CHUNKER] [INFO]    Child type: public_field_definition at lines 14-14
[2025-11-05T11:59:53.326Z] [2025-11-05T11:59:53.326Z] [TREESITTER-CHUNKER] [INFO]    Child type: method_definition at lines 16-16
[2025-11-05T11:59:53.326Z] [2025-11-05T11:59:53.326Z] [TREESITTER-CHUNKER] [INFO]    🎯 Found method: unknown (1 lines, 24 chars)
[2025-11-05T11:59:53.326Z] [2025-11-05T11:59:53.326Z] [TREESITTER-CHUNKER] [INFO]    ❌ Method too small: unknown (24 < 30)
[2025-11-05T11:59:53.326Z] [2025-11-05T11:59:53.326Z] [TREESITTER-CHUNKER] [INFO]    Child type: comment at lines 18-20
[2025-11-05T11:59:53.326Z] [2025-11-05T11:59:53.326Z] [TREESITTER-CHUNKER] [INFO]    Child type: method_definition at lines 21-26
[2025-11-05T11:59:53.327Z] [2025-11-05T11:59:53.327Z] [TREESITTER-CHUNKER] [INFO]    🎯 Found method: unknown (6 lines, 186 chars)
[2025-11-05T11:59:53.327Z] [2025-11-05T11:59:53.328Z] [TREESITTER-CHUNKER] [INFO]    ✅ Added method chunk: unknown
[2025-11-05T11:59:53.328Z] [2025-11-05T11:59:53.328Z] [TREESITTER-CHUNKER] [INFO]    Child type: comment at lines 28-30
[2025-11-05T11:59:53.328Z] [2025-11-05T11:59:53.328Z] [TREESITTER-CHUNKER] [INFO]    Child type: method_definition at lines 31-67
[2025-11-05T11:59:53.329Z] [2025-11-05T11:59:53.329Z] [TREESITTER-CHUNKER] [INFO]    🎯 Found method: unknown (37 lines, 996 chars)
[2025-11-05T11:59:53.329Z] [2025-11-05T11:59:53.330Z] [TREESITTER-CHUNKER] [INFO]    ✅ Added method chunk: unknown
[2025-11-05T11:59:53.330Z] [2025-11-05T11:59:53.330Z] [TREESITTER-CHUNKER] [INFO]    Child type: comment at lines 69-71
[2025-11-05T11:59:53.330Z] [2025-11-05T11:59:53.330Z] [TREESITTER-CHUNKER] [INFO]    Child type: method_definition at lines 72-85
[2025-11-05T11:59:53.330Z] [2025-11-05T11:59:53.330Z] [TREESITTER-CHUNKER] [INFO]    🎯 Found method: unknown (14 lines, 336 chars)
[2025-11-05T11:59:53.330Z] [2025-11-05T11:59:53.330Z] [TREESITTER-CHUNKER] [INFO]    ✅ Added method chunk: unknown
[2025-11-05T11:59:53.330Z] [2025-11-05T11:59:53.330Z] [TREESITTER-CHUNKER] [INFO]    Child type: comment at lines 87-89
[2025-11-05T11:59:53.330Z] [2025-11-05T11:59:53.330Z] [TREESITTER-CHUNKER] [INFO]    Child type: method_definition at lines 90-92
[2025-11-05T11:59:53.330Z] [2025-11-05T11:59:53.331Z] [TREESITTER-CHUNKER] [INFO]    🎯 Found method: unknown (3 lines, 111 chars)
[2025-11-05T11:59:53.330Z] [2025-11-05T11:59:53.331Z] [TREESITTER-CHUNKER] [INFO]    ✅ Added method chunk: unknown
[2025-11-05T11:59:53.330Z] [2025-11-05T11:59:53.331Z] [TREESITTER-CHUNKER] [INFO]    Child type: comment at lines 94-96
[2025-11-05T11:59:53.331Z] [2025-11-05T11:59:53.331Z] [TREESITTER-CHUNKER] [INFO]    Child type: method_definition at lines 97-105
[2025-11-05T11:59:53.331Z] [2025-11-05T11:59:53.331Z] [TREESITTER-CHUNKER] [INFO]    🎯 Found method: unknown (9 lines, 252 chars)
[2025-11-05T11:59:53.331Z] [2025-11-05T11:59:53.331Z] [TREESITTER-CHUNKER] [INFO]    ✅ Added method chunk: unknown
[2025-11-05T11:59:53.331Z] [2025-11-05T11:59:53.331Z] [TREESITTER-CHUNKER] [INFO]    Child type: comment at lines 107-109
[2025-11-05T11:59:53.331Z] [2025-11-05T11:59:53.331Z] [TREESITTER-CHUNKER] [INFO]    Child type: method_definition at lines 110-134
[2025-11-05T11:59:53.331Z] [2025-11-05T11:59:53.331Z] [TREESITTER-CHUNKER] [INFO]    🎯 Found method: unknown (25 lines, 657 chars)
[2025-11-05T11:59:53.331Z] [2025-11-05T11:59:53.331Z] [TREESITTER-CHUNKER] [INFO]    ✅ Added method chunk: unknown
[2025-11-05T11:59:53.331Z] [2025-11-05T11:59:53.331Z] [TREESITTER-CHUNKER] [INFO]    Child type: comment at lines 136-138
[2025-11-05T11:59:53.331Z] [2025-11-05T11:59:53.331Z] [TREESITTER-CHUNKER] [INFO]    Child type: method_definition at lines 139-166
[2025-11-05T11:59:53.331Z] [2025-11-05T11:59:53.332Z] [TREESITTER-CHUNKER] [INFO]    🎯 Found method: unknown (28 lines, 699 chars)
[2025-11-05T11:59:53.331Z] [2025-11-05T11:59:53.332Z] [TREESITTER-CHUNKER] [INFO]    ✅ Added method chunk: unknown
[2025-11-05T11:59:53.332Z] [2025-11-05T11:59:53.332Z] [TREESITTER-CHUNKER] [INFO] 🏁 Extracted 7 methods from large class
[2025-11-05T11:59:53.341Z] [2025-11-05T11:59:53.341Z] [TREESITTER-CHUNKER] [INFO] Created 5 semantic chunks from C:\Users\RakaThinkpad\Documents\Project\educatedplanet\dataservice\src\services\database.service.ts
[2025-11-05T11:59:53.367Z] [2025-11-05T11:59:53.367Z] [TREESITTER-FULL] [INFO] Extracted 3 symbols from C:\Users\RakaThinkpad\Documents\Project\educatedplanet\dataservice\src\services\database.service.ts
[2025-11-05T11:59:53.367Z] [2025-11-05T11:59:53.367Z] [INDEXING-ORCHESTRATOR] [DEBUG] 🔍 Symbol extraction for C:\Users\RakaThinkpad\Documents\Project\educatedplanet\dataservice\src\services\database.service.ts: 3 symbols, 1 imports
[2025-11-05T11:59:53.367Z] [2025-11-05T11:59:53.367Z] [INDEXING-ORCHESTRATOR] [DEBUG] 📍 Chunk 3-7: 1 candidate symbols
[2025-11-05T11:59:53.367Z] [2025-11-05T11:59:53.367Z] [INDEXING-ORCHESTRATOR] [DEBUG] ✅ Chunk symbols after filtering: 1 symbols - DatabaseConfig
[2025-11-05T11:59:53.367Z] [2025-11-05T11:59:53.367Z] [INDEXING-ORCHESTRATOR] [DEBUG] 📍 Chunk 12-67: 0 candidate symbols
[2025-11-05T11:59:53.367Z] [2025-11-05T11:59:53.367Z] [INDEXING-ORCHESTRATOR] [DEBUG] ✅ Chunk symbols after filtering: 0 symbols - 
[2025-11-05T11:59:53.367Z] [2025-11-05T11:59:53.367Z] [INDEXING-ORCHESTRATOR] [DEBUG] 📍 Chunk 72-105: 0 candidate symbols
[2025-11-05T11:59:53.367Z] [2025-11-05T11:59:53.367Z] [INDEXING-ORCHESTRATOR] [DEBUG] ✅ Chunk symbols after filtering: 0 symbols - 
[2025-11-05T11:59:53.367Z] [2025-11-05T11:59:53.367Z] [INDEXING-ORCHESTRATOR] [DEBUG] 📍 Chunk 110-166: 0 candidate symbols
[2025-11-05T11:59:53.367Z] [2025-11-05T11:59:53.367Z] [INDEXING-ORCHESTRATOR] [DEBUG] ✅ Chunk symbols after filtering: 0 symbols - 
[2025-11-05T11:59:53.367Z] [2025-11-05T11:59:53.367Z] [INDEXING-ORCHESTRATOR] [DEBUG] 📍 Chunk 167-170: 1 candidate symbols
[2025-11-05T11:59:53.367Z] [2025-11-05T11:59:53.367Z] [INDEXING-ORCHESTRATOR] [DEBUG] ✅ Chunk symbols after filtering: 1 symbols - databaseService
[2025-11-05T11:59:53.367Z] [2025-11-05T11:59:53.367Z] [INDEXING-ORCHESTRATOR] [DEBUG] Created 5 semantic chunks for C:\Users\RakaThinkpad\Documents\Project\educatedplanet\dataservice\src\services\database.service.ts
[2025-11-05T11:59:53.367Z] [2025-11-05T11:59:53.367Z] [INDEXING-ORCHESTRATOR] [DEBUG] Average chunk size: 769 characters
[2025-11-05T11:59:53.371Z] [2025-11-05T11:59:53.371Z] [TREESITTER-CHUNKER] [INFO] 🔍 Found class: unknown (305 lines)
[2025-11-05T11:59:53.371Z] [2025-11-05T11:59:53.371Z] [TREESITTER-CHUNKER] [INFO] 📤 Splitting large class: unknown (305 lines > 150)
[2025-11-05T11:59:53.371Z] [2025-11-05T11:59:53.371Z] [TREESITTER-CHUNKER] [INFO] 🔧 Extracting methods from large class with 2 children
[2025-11-05T11:59:53.371Z] [2025-11-05T11:59:53.371Z] [TREESITTER-CHUNKER] [INFO] 🔍 Checking 44 nodes for methods (using class_body)
[2025-11-05T11:59:53.371Z] [2025-11-05T11:59:53.371Z] [TREESITTER-CHUNKER] [INFO]    Child type: comment at lines 14-16
[2025-11-05T11:59:53.371Z] [2025-11-05T11:59:53.371Z] [TREESITTER-CHUNKER] [INFO]    Child type: method_definition at lines 17-29
[2025-11-05T11:59:53.371Z] [2025-11-05T11:59:53.371Z] [TREESITTER-CHUNKER] [INFO]    🎯 Found method: unknown (13 lines, 440 chars)
[2025-11-05T11:59:53.371Z] [2025-11-05T11:59:53.371Z] [TREESITTER-CHUNKER] [INFO]    ✅ Added method chunk: unknown
[2025-11-05T11:59:53.371Z] [2025-11-05T11:59:53.371Z] [TREESITTER-CHUNKER] [INFO]    Child type: comment at lines 30-32
[2025-11-05T11:59:53.371Z] [2025-11-05T11:59:53.372Z] [TREESITTER-CHUNKER] [INFO]    Child type: method_definition at lines 33-61
[2025-11-05T11:59:53.375Z] [2025-11-05T11:59:53.376Z] [TREESITTER-CHUNKER] [INFO]    🎯 Found method: unknown (29 lines, 914 chars)
[2025-11-05T11:59:53.375Z] [2025-11-05T11:59:53.376Z] [TREESITTER-CHUNKER] [INFO]    ✅ Added method chunk: unknown
[2025-11-05T11:59:53.376Z] [2025-11-05T11:59:53.376Z] [TREESITTER-CHUNKER] [INFO]    Child type: comment at lines 63-65
[2025-11-05T11:59:53.376Z] [2025-11-05T11:59:53.376Z] [TREESITTER-CHUNKER] [INFO]    Child type: method_definition at lines 66-69
[2025-11-05T11:59:53.376Z] [2025-11-05T11:59:53.376Z] [TREESITTER-CHUNKER] [INFO]    🎯 Found method: unknown (4 lines, 196 chars)
[2025-11-05T11:59:53.376Z] [2025-11-05T11:59:53.376Z] [TREESITTER-CHUNKER] [INFO]    ✅ Added method chunk: unknown
[2025-11-05T11:59:53.376Z] [2025-11-05T11:59:53.376Z] [TREESITTER-CHUNKER] [INFO]    Child type: comment at lines 71-73
[2025-11-05T11:59:53.376Z] [2025-11-05T11:59:53.376Z] [TREESITTER-CHUNKER] [INFO]    Child type: method_definition at lines 74-85
[2025-11-05T11:59:53.376Z] [2025-11-05T11:59:53.376Z] [TREESITTER-CHUNKER] [INFO]    🎯 Found method: unknown (12 lines, 349 chars)
[2025-11-05T11:59:53.376Z] [2025-11-05T11:59:53.376Z] [TREESITTER-CHUNKER] [INFO]    ✅ Added method chunk: unknown
[2025-11-05T11:59:53.376Z] [2025-11-05T11:59:53.376Z] [TREESITTER-CHUNKER] [INFO]    Child type: comment at lines 87-89
[2025-11-05T11:59:53.376Z] [2025-11-05T11:59:53.376Z] [TREESITTER-CHUNKER] [INFO]    Child type: method_definition at lines 90-96
[2025-11-05T11:59:53.376Z] [2025-11-05T11:59:53.376Z] [TREESITTER-CHUNKER] [INFO]    🎯 Found method: unknown (7 lines, 206 chars)
[2025-11-05T11:59:53.376Z] [2025-11-05T11:59:53.376Z] [TREESITTER-CHUNKER] [INFO]    ✅ Added method chunk: unknown
[2025-11-05T11:59:53.376Z] [2025-11-05T11:59:53.376Z] [TREESITTER-CHUNKER] [INFO]    Child type: comment at lines 98-100
[2025-11-05T11:59:53.376Z] [2025-11-05T11:59:53.376Z] [TREESITTER-CHUNKER] [INFO]    Child type: method_definition at lines 101-104
[2025-11-05T11:59:53.376Z] [2025-11-05T11:59:53.376Z] [TREESITTER-CHUNKER] [INFO]    🎯 Found method: unknown (4 lines, 207 chars)
[2025-11-05T11:59:53.376Z] [2025-11-05T11:59:53.376Z] [TREESITTER-CHUNKER] [INFO]    ✅ Added method chunk: unknown
[2025-11-05T11:59:53.376Z] [2025-11-05T11:59:53.376Z] [TREESITTER-CHUNKER] [INFO]    Child type: comment at lines 106-108
[2025-11-05T11:59:53.376Z] [2025-11-05T11:59:53.376Z] [TREESITTER-CHUNKER] [INFO]    Child type: method_definition at lines 109-116
[2025-11-05T11:59:53.376Z] [2025-11-05T11:59:53.376Z] [TREESITTER-CHUNKER] [INFO]    🎯 Found method: unknown (8 lines, 344 chars)
[2025-11-05T11:59:53.376Z] [2025-11-05T11:59:53.376Z] [TREESITTER-CHUNKER] [INFO]    ✅ Added method chunk: unknown
[2025-11-05T11:59:53.376Z] [2025-11-05T11:59:53.376Z] [TREESITTER-CHUNKER] [INFO]    Child type: comment at lines 118-120
[2025-11-05T11:59:53.376Z] [2025-11-05T11:59:53.376Z] [TREESITTER-CHUNKER] [INFO]    Child type: method_definition at lines 121-141
[2025-11-05T11:59:53.376Z] [2025-11-05T11:59:53.376Z] [TREESITTER-CHUNKER] [INFO]    🎯 Found method: unknown (21 lines, 687 chars)
[2025-11-05T11:59:53.376Z] [2025-11-05T11:59:53.376Z] [TREESITTER-CHUNKER] [INFO]    ✅ Added method chunk: unknown
[2025-11-05T11:59:53.376Z] [2025-11-05T11:59:53.376Z] [TREESITTER-CHUNKER] [INFO]    Child type: comment at lines 143-145
[2025-11-05T11:59:53.376Z] [2025-11-05T11:59:53.376Z] [TREESITTER-CHUNKER] [INFO]    Child type: method_definition at lines 146-158
[2025-11-05T11:59:53.376Z] [2025-11-05T11:59:53.376Z] [TREESITTER-CHUNKER] [INFO]    🎯 Found method: unknown (13 lines, 558 chars)
[2025-11-05T11:59:53.376Z] [2025-11-05T11:59:53.376Z] [TREESITTER-CHUNKER] [INFO]    ✅ Added method chunk: unknown
[2025-11-05T11:59:53.376Z] [2025-11-05T11:59:53.376Z] [TREESITTER-CHUNKER] [INFO]    Child type: comment at lines 160-162
[2025-11-05T11:59:53.376Z] [2025-11-05T11:59:53.376Z] [TREESITTER-CHUNKER] [INFO]    Child type: method_definition at lines 163-166
[2025-11-05T11:59:53.376Z] [2025-11-05T11:59:53.377Z] [TREESITTER-CHUNKER] [INFO]    🎯 Found method: unknown (4 lines, 238 chars)
[2025-11-05T11:59:53.376Z] [2025-11-05T11:59:53.377Z] [TREESITTER-CHUNKER] [INFO]    ✅ Added method chunk: unknown
[2025-11-05T11:59:53.377Z] [2025-11-05T11:59:53.377Z] [TREESITTER-CHUNKER] [INFO]    Child type: comment at lines 168-170
[2025-11-05T11:59:53.377Z] [2025-11-05T11:59:53.377Z] [TREESITTER-CHUNKER] [INFO]    Child type: method_definition at lines 171-174
[2025-11-05T11:59:53.377Z] [2025-11-05T11:59:53.377Z] [TREESITTER-CHUNKER] [INFO]    🎯 Found method: unknown (4 lines, 259 chars)
[2025-11-05T11:59:53.377Z] [2025-11-05T11:59:53.377Z] [TREESITTER-CHUNKER] [INFO]    ✅ Added method chunk: unknown
[2025-11-05T11:59:53.377Z] [2025-11-05T11:59:53.377Z] [TREESITTER-CHUNKER] [INFO]    Child type: comment at lines 176-178
[2025-11-05T11:59:53.377Z] [2025-11-05T11:59:53.377Z] [TREESITTER-CHUNKER] [INFO]    Child type: method_definition at lines 179-181
[2025-11-05T11:59:53.377Z] [2025-11-05T11:59:53.377Z] [TREESITTER-CHUNKER] [INFO]    🎯 Found method: unknown (3 lines, 121 chars)
[2025-11-05T11:59:53.377Z] [2025-11-05T11:59:53.377Z] [TREESITTER-CHUNKER] [INFO]    ✅ Added method chunk: unknown
[2025-11-05T11:59:53.377Z] [2025-11-05T11:59:53.377Z] [TREESITTER-CHUNKER] [INFO]    Child type: comment at lines 183-185
[2025-11-05T11:59:53.377Z] [2025-11-05T11:59:53.377Z] [TREESITTER-CHUNKER] [INFO]    Child type: method_definition at lines 186-188
[2025-11-05T11:59:53.377Z] [2025-11-05T11:59:53.377Z] [TREESITTER-CHUNKER] [INFO]    🎯 Found method: unknown (3 lines, 125 chars)
[2025-11-05T11:59:53.377Z] [2025-11-05T11:59:53.377Z] [TREESITTER-CHUNKER] [INFO]    ✅ Added method chunk: unknown
[2025-11-05T11:59:53.377Z] [2025-11-05T11:59:53.377Z] [TREESITTER-CHUNKER] [INFO]    Child type: comment at lines 190-192
[2025-11-05T11:59:53.377Z] [2025-11-05T11:59:53.377Z] [TREESITTER-CHUNKER] [INFO]    Child type: method_definition at lines 193-195
[2025-11-05T11:59:53.377Z] [2025-11-05T11:59:53.378Z] [TREESITTER-CHUNKER] [INFO]    🎯 Found method: unknown (3 lines, 129 chars)
[2025-11-05T11:59:53.377Z] [2025-11-05T11:59:53.378Z] [TREESITTER-CHUNKER] [INFO]    ✅ Added method chunk: unknown
[2025-11-05T11:59:53.377Z] [2025-11-05T11:59:53.378Z] [TREESITTER-CHUNKER] [INFO]    Child type: comment at lines 197-199
[2025-11-05T11:59:53.377Z] [2025-11-05T11:59:53.378Z] [TREESITTER-CHUNKER] [INFO]    Child type: method_definition at lines 200-213
[2025-11-05T11:59:53.377Z] [2025-11-05T11:59:53.378Z] [TREESITTER-CHUNKER] [INFO]    🎯 Found method: unknown (14 lines, 455 chars)
[2025-11-05T11:59:53.377Z] [2025-11-05T11:59:53.378Z] [TREESITTER-CHUNKER] [INFO]    ✅ Added method chunk: unknown
[2025-11-05T11:59:53.378Z] [2025-11-05T11:59:53.378Z] [TREESITTER-CHUNKER] [INFO]    Child type: comment at lines 215-217
[2025-11-05T11:59:53.378Z] [2025-11-05T11:59:53.378Z] [TREESITTER-CHUNKER] [INFO]    Child type: method_definition at lines 218-225
[2025-11-05T11:59:53.378Z] [2025-11-05T11:59:53.378Z] [TREESITTER-CHUNKER] [INFO]    🎯 Found method: unknown (8 lines, 216 chars)
[2025-11-05T11:59:53.378Z] [2025-11-05T11:59:53.378Z] [TREESITTER-CHUNKER] [INFO]    ✅ Added method chunk: unknown
[2025-11-05T11:59:53.378Z] [2025-11-05T11:59:53.378Z] [TREESITTER-CHUNKER] [INFO]    Child type: comment at lines 227-229
[2025-11-05T11:59:53.378Z] [2025-11-05T11:59:53.378Z] [TREESITTER-CHUNKER] [INFO]    Child type: method_definition at lines 230-235
[2025-11-05T11:59:53.378Z] [2025-11-05T11:59:53.378Z] [TREESITTER-CHUNKER] [INFO]    🎯 Found method: unknown (6 lines, 169 chars)
[2025-11-05T11:59:53.378Z] [2025-11-05T11:59:53.378Z] [TREESITTER-CHUNKER] [INFO]    ✅ Added method chunk: unknown
[2025-11-05T11:59:53.378Z] [2025-11-05T11:59:53.378Z] [TREESITTER-CHUNKER] [INFO]    Child type: comment at lines 237-239
[2025-11-05T11:59:53.378Z] [2025-11-05T11:59:53.378Z] [TREESITTER-CHUNKER] [INFO]    Child type: method_definition at lines 240-246
[2025-11-05T11:59:53.378Z] [2025-11-05T11:59:53.378Z] [TREESITTER-CHUNKER] [INFO]    🎯 Found method: unknown (7 lines, 248 chars)
[2025-11-05T11:59:53.378Z] [2025-11-05T11:59:53.378Z] [TREESITTER-CHUNKER] [INFO]    ✅ Added method chunk: unknown
[2025-11-05T11:59:53.378Z] [2025-11-05T11:59:53.378Z] [TREESITTER-CHUNKER] [INFO]    Child type: comment at lines 248-250
[2025-11-05T11:59:53.378Z] [2025-11-05T11:59:53.378Z] [TREESITTER-CHUNKER] [INFO]    Child type: method_definition at lines 251-268
[2025-11-05T11:59:53.378Z] [2025-11-05T11:59:53.379Z] [TREESITTER-CHUNKER] [INFO]    🎯 Found method: unknown (18 lines, 490 chars)
[2025-11-05T11:59:53.378Z] [2025-11-05T11:59:53.379Z] [TREESITTER-CHUNKER] [INFO]    ✅ Added method chunk: unknown
[2025-11-05T11:59:53.378Z] [2025-11-05T11:59:53.379Z] [TREESITTER-CHUNKER] [INFO]    Child type: comment at lines 270-272
[2025-11-05T11:59:53.378Z] [2025-11-05T11:59:53.379Z] [TREESITTER-CHUNKER] [INFO]    Child type: method_definition at lines 273-275
[2025-11-05T11:59:53.379Z] [2025-11-05T11:59:53.379Z] [TREESITTER-CHUNKER] [INFO]    🎯 Found method: unknown (3 lines, 129 chars)
[2025-11-05T11:59:53.379Z] [2025-11-05T11:59:53.379Z] [TREESITTER-CHUNKER] [INFO]    ✅ Added method chunk: unknown
[2025-11-05T11:59:53.379Z] [2025-11-05T11:59:53.379Z] [TREESITTER-CHUNKER] [INFO]    Child type: comment at lines 277-279
[2025-11-05T11:59:53.379Z] [2025-11-05T11:59:53.379Z] [TREESITTER-CHUNKER] [INFO]    Child type: method_definition at lines 280-283
[2025-11-05T11:59:53.379Z] [2025-11-05T11:59:53.379Z] [TREESITTER-CHUNKER] [INFO]    🎯 Found method: unknown (4 lines, 199 chars)
[2025-11-05T11:59:53.379Z] [2025-11-05T11:59:53.379Z] [TREESITTER-CHUNKER] [INFO]    ✅ Added method chunk: unknown
[2025-11-05T11:59:53.379Z] [2025-11-05T11:59:53.379Z] [TREESITTER-CHUNKER] [INFO]    Child type: comment at lines 285-287
[2025-11-05T11:59:53.379Z] [2025-11-05T11:59:53.379Z] [TREESITTER-CHUNKER] [INFO]    Child type: method_definition at lines 288-316
[2025-11-05T11:59:53.379Z] [2025-11-05T11:59:53.379Z] [TREESITTER-CHUNKER] [INFO]    🎯 Found method: unknown (29 lines, 965 chars)
[2025-11-05T11:59:53.379Z] [2025-11-05T11:59:53.379Z] [TREESITTER-CHUNKER] [INFO]    ✅ Added method chunk: unknown
[2025-11-05T11:59:53.379Z] [2025-11-05T11:59:53.379Z] [TREESITTER-CHUNKER] [INFO] 🏁 Extracted 22 methods from large class
[2025-11-05T11:59:53.396Z] [2025-11-05T11:59:53.397Z] [TREESITTER-CHUNKER] [INFO] Created 8 semantic chunks from C:\Users\RakaThinkpad\Documents\Project\educatedplanet\dataservice\src\services\review.service.ts
[2025-11-05T11:59:53.447Z] [2025-11-05T11:59:53.447Z] [TREESITTER-FULL] [INFO] Extracted 2 symbols from C:\Users\RakaThinkpad\Documents\Project\educatedplanet\dataservice\src\services\review.service.ts
[2025-11-05T11:59:53.447Z] [2025-11-05T11:59:53.448Z] [INDEXING-ORCHESTRATOR] [DEBUG] 🔍 Symbol extraction for C:\Users\RakaThinkpad\Documents\Project\educatedplanet\dataservice\src\services\review.service.ts: 2 symbols, 3 imports
[2025-11-05T11:59:53.448Z] [2025-11-05T11:59:53.448Z] [INDEXING-ORCHESTRATOR] [DEBUG] 📍 Chunk 13-61: 0 candidate symbols
[2025-11-05T11:59:53.448Z] [2025-11-05T11:59:53.448Z] [INDEXING-ORCHESTRATOR] [DEBUG] ✅ Chunk symbols after filtering: 0 symbols - 
[2025-11-05T11:59:53.448Z] [2025-11-05T11:59:53.448Z] [INDEXING-ORCHESTRATOR] [DEBUG] 📍 Chunk 66-104: 0 candidate symbols
[2025-11-05T11:59:53.448Z] [2025-11-05T11:59:53.448Z] [INDEXING-ORCHESTRATOR] [DEBUG] ✅ Chunk symbols after filtering: 0 symbols - 
[2025-11-05T11:59:53.448Z] [2025-11-05T11:59:53.448Z] [INDEXING-ORCHESTRATOR] [DEBUG] 📍 Chunk 109-141: 0 candidate symbols
[2025-11-05T11:59:53.448Z] [2025-11-05T11:59:53.448Z] [INDEXING-ORCHESTRATOR] [DEBUG] ✅ Chunk symbols after filtering: 0 symbols - 
[2025-11-05T11:59:53.448Z] [2025-11-05T11:59:53.448Z] [INDEXING-ORCHESTRATOR] [DEBUG] 📍 Chunk 146-188: 0 candidate symbols
[2025-11-05T11:59:53.448Z] [2025-11-05T11:59:53.448Z] [INDEXING-ORCHESTRATOR] [DEBUG] ✅ Chunk symbols after filtering: 0 symbols - 
[2025-11-05T11:59:53.448Z] [2025-11-05T11:59:53.448Z] [INDEXING-ORCHESTRATOR] [DEBUG] 📍 Chunk 193-246: 0 candidate symbols
[2025-11-05T11:59:53.448Z] [2025-11-05T11:59:53.448Z] [INDEXING-ORCHESTRATOR] [DEBUG] ✅ Chunk symbols after filtering: 0 symbols - 
[2025-11-05T11:59:53.448Z] [2025-11-05T11:59:53.448Z] [INDEXING-ORCHESTRATOR] [DEBUG] 📍 Chunk 251-283: 0 candidate symbols
[2025-11-05T11:59:53.448Z] [2025-11-05T11:59:53.448Z] [INDEXING-ORCHESTRATOR] [DEBUG] ✅ Chunk symbols after filtering: 0 symbols - 
[2025-11-05T11:59:53.448Z] [2025-11-05T11:59:53.448Z] [INDEXING-ORCHESTRATOR] [DEBUG] 📍 Chunk 288-316: 0 candidate symbols
[2025-11-05T11:59:53.448Z] [2025-11-05T11:59:53.448Z] [INDEXING-ORCHESTRATOR] [DEBUG] ✅ Chunk symbols after filtering: 0 symbols - 
[2025-11-05T11:59:53.448Z] [2025-11-05T11:59:53.448Z] [INDEXING-ORCHESTRATOR] [DEBUG] 📍 Chunk 317-320: 1 candidate symbols
[2025-11-05T11:59:53.448Z] [2025-11-05T11:59:53.448Z] [INDEXING-ORCHESTRATOR] [DEBUG] ✅ Chunk symbols after filtering: 1 symbols - reviewService
[2025-11-05T11:59:53.448Z] [2025-11-05T11:59:53.448Z] [INDEXING-ORCHESTRATOR] [DEBUG] Created 8 semantic chunks for C:\Users\RakaThinkpad\Documents\Project\educatedplanet\dataservice\src\services\review.service.ts
[2025-11-05T11:59:53.448Z] [2025-11-05T11:59:53.448Z] [INDEXING-ORCHESTRATOR] [DEBUG] Average chunk size: 1067 characters
[2025-11-05T11:59:53.451Z] [2025-11-05T11:59:53.452Z] [TREESITTER-CHUNKER] [INFO] 🔍 Found class: unknown (303 lines)
[2025-11-05T11:59:53.451Z] [2025-11-05T11:59:53.452Z] [TREESITTER-CHUNKER] [INFO] 📤 Splitting large class: unknown (303 lines > 150)
[2025-11-05T11:59:53.452Z] [2025-11-05T11:59:53.452Z] [TREESITTER-CHUNKER] [INFO] 🔧 Extracting methods from large class with 2 children
[2025-11-05T11:59:53.452Z] [2025-11-05T11:59:53.452Z] [TREESITTER-CHUNKER] [INFO] 🔍 Checking 44 nodes for methods (using class_body)
[2025-11-05T11:59:53.452Z] [2025-11-05T11:59:53.452Z] [TREESITTER-CHUNKER] [INFO]    Child type: comment at lines 14-16
[2025-11-05T11:59:53.452Z] [2025-11-05T11:59:53.452Z] [TREESITTER-CHUNKER] [INFO]    Child type: method_definition at lines 17-33
[2025-11-05T11:59:53.452Z] [2025-11-05T11:59:53.452Z] [TREESITTER-CHUNKER] [INFO]    🎯 Found method: unknown (17 lines, 586 chars)
[2025-11-05T11:59:53.452Z] [2025-11-05T11:59:53.452Z] [TREESITTER-CHUNKER] [INFO]    ✅ Added method chunk: unknown
[2025-11-05T11:59:53.452Z] [2025-11-05T11:59:53.452Z] [TREESITTER-CHUNKER] [INFO]    Child type: comment at lines 34-36
[2025-11-05T11:59:53.452Z] [2025-11-05T11:59:53.452Z] [TREESITTER-CHUNKER] [INFO]    Child type: method_definition at lines 37-66
[2025-11-05T11:59:53.452Z] [2025-11-05T11:59:53.452Z] [TREESITTER-CHUNKER] [INFO]    🎯 Found method: unknown (30 lines, 866 chars)
[2025-11-05T11:59:53.452Z] [2025-11-05T11:59:53.452Z] [TREESITTER-CHUNKER] [INFO]    ✅ Added method chunk: unknown
[2025-11-05T11:59:53.452Z] [2025-11-05T11:59:53.452Z] [TREESITTER-CHUNKER] [INFO]    Child type: comment at lines 68-70
[2025-11-05T11:59:53.452Z] [2025-11-05T11:59:53.452Z] [TREESITTER-CHUNKER] [INFO]    Child type: method_definition at lines 71-74
[2025-11-05T11:59:53.452Z] [2025-11-05T11:59:53.452Z] [TREESITTER-CHUNKER] [INFO]    🎯 Found method: unknown (4 lines, 189 chars)
[2025-11-05T11:59:53.452Z] [2025-11-05T11:59:53.452Z] [TREESITTER-CHUNKER] [INFO]    ✅ Added method chunk: unknown
[2025-11-05T11:59:53.452Z] [2025-11-05T11:59:53.452Z] [TREESITTER-CHUNKER] [INFO]    Child type: comment at lines 76-78
[2025-11-05T11:59:53.452Z] [2025-11-05T11:59:53.452Z] [TREESITTER-CHUNKER] [INFO]    Child type: method_definition at lines 79-100
[2025-11-05T11:59:53.452Z] [2025-11-05T11:59:53.453Z] [TREESITTER-CHUNKER] [INFO]    🎯 Found method: unknown (22 lines, 572 chars)
[2025-11-05T11:59:53.452Z] [2025-11-05T11:59:53.453Z] [TREESITTER-CHUNKER] [INFO]    ✅ Added method chunk: unknown
[2025-11-05T11:59:53.452Z] [2025-11-05T11:59:53.453Z] [TREESITTER-CHUNKER] [INFO]    Child type: comment at lines 102-104
[2025-11-05T11:59:53.452Z] [2025-11-05T11:59:53.453Z] [TREESITTER-CHUNKER] [INFO]    Child type: method_definition at lines 105-108
[2025-11-05T11:59:53.452Z] [2025-11-05T11:59:53.453Z] [TREESITTER-CHUNKER] [INFO]    🎯 Found method: unknown (4 lines, 200 chars)
[2025-11-05T11:59:53.453Z] [2025-11-05T11:59:53.453Z] [TREESITTER-CHUNKER] [INFO]    ✅ Added method chunk: unknown
[2025-11-05T11:59:53.453Z] [2025-11-05T11:59:53.453Z] [TREESITTER-CHUNKER] [INFO]    Child type: comment at lines 110-112
[2025-11-05T11:59:53.453Z] [2025-11-05T11:59:53.453Z] [TREESITTER-CHUNKER] [INFO]    Child type: method_definition at lines 113-116
[2025-11-05T11:59:53.453Z] [2025-11-05T11:59:53.453Z] [TREESITTER-CHUNKER] [INFO]    🎯 Found method: unknown (4 lines, 190 chars)
[2025-11-05T11:59:53.453Z] [2025-11-05T11:59:53.453Z] [TREESITTER-CHUNKER] [INFO]    ✅ Added method chunk: unknown
[2025-11-05T11:59:53.453Z] [2025-11-05T11:59:53.453Z] [TREESITTER-CHUNKER] [INFO]    Child type: comment at lines 118-120
[2025-11-05T11:59:53.453Z] [2025-11-05T11:59:53.453Z] [TREESITTER-CHUNKER] [INFO]    Child type: method_definition at lines 121-124
[2025-11-05T11:59:53.453Z] [2025-11-05T11:59:53.453Z] [TREESITTER-CHUNKER] [INFO]    🎯 Found method: unknown (4 lines, 220 chars)
[2025-11-05T11:59:53.453Z] [2025-11-05T11:59:53.453Z] [TREESITTER-CHUNKER] [INFO]    ✅ Added method chunk: unknown
[2025-11-05T11:59:53.453Z] [2025-11-05T11:59:53.453Z] [TREESITTER-CHUNKER] [INFO]    Child type: comment at lines 126-128
[2025-11-05T11:59:53.453Z] [2025-11-05T11:59:53.453Z] [TREESITTER-CHUNKER] [INFO]    Child type: method_definition at lines 129-136
[2025-11-05T11:59:53.453Z] [2025-11-05T11:59:53.453Z] [TREESITTER-CHUNKER] [INFO]    🎯 Found method: unknown (8 lines, 424 chars)
[2025-11-05T11:59:53.453Z] [2025-11-05T11:59:53.453Z] [TREESITTER-CHUNKER] [INFO]    ✅ Added method chunk: unknown
[2025-11-05T11:59:53.453Z] [2025-11-05T11:59:53.453Z] [TREESITTER-CHUNKER] [INFO]    Child type: comment at lines 138-140
[2025-11-05T11:59:53.453Z] [2025-11-05T11:59:53.453Z] [TREESITTER-CHUNKER] [INFO]    Child type: method_definition at lines 141-144
[2025-11-05T11:59:53.453Z] [2025-11-05T11:59:53.453Z] [TREESITTER-CHUNKER] [INFO]    🎯 Found method: unknown (4 lines, 199 chars)
[2025-11-05T11:59:53.453Z] [2025-11-05T11:59:53.453Z] [TREESITTER-CHUNKER] [INFO]    ✅ Added method chunk: unknown
[2025-11-05T11:59:53.453Z] [2025-11-05T11:59:53.453Z] [TREESITTER-CHUNKER] [INFO]    Child type: comment at lines 146-148
[2025-11-05T11:59:53.453Z] [2025-11-05T11:59:53.453Z] [TREESITTER-CHUNKER] [INFO]    Child type: method_definition at lines 149-152
[2025-11-05T11:59:53.453Z] [2025-11-05T11:59:53.453Z] [TREESITTER-CHUNKER] [INFO]    🎯 Found method: unknown (4 lines, 194 chars)
[2025-11-05T11:59:53.453Z] [2025-11-05T11:59:53.453Z] [TREESITTER-CHUNKER] [INFO]    ✅ Added method chunk: unknown
[2025-11-05T11:59:53.453Z] [2025-11-05T11:59:53.453Z] [TREESITTER-CHUNKER] [INFO]    Child type: comment at lines 154-156
[2025-11-05T11:59:53.453Z] [2025-11-05T11:59:53.453Z] [TREESITTER-CHUNKER] [INFO]    Child type: method_definition at lines 157-160
[2025-11-05T11:59:53.453Z] [2025-11-05T11:59:53.453Z] [TREESITTER-CHUNKER] [INFO]    🎯 Found method: unknown (4 lines, 190 chars)
[2025-11-05T11:59:53.453Z] [2025-11-05T11:59:53.454Z] [TREESITTER-CHUNKER] [INFO]    ✅ Added method chunk: unknown
[2025-11-05T11:59:53.453Z] [2025-11-05T11:59:53.454Z] [TREESITTER-CHUNKER] [INFO]    Child type: comment at lines 162-164
[2025-11-05T11:59:53.453Z] [2025-11-05T11:59:53.454Z] [TREESITTER-CHUNKER] [INFO]    Child type: method_definition at lines 165-184
[2025-11-05T11:59:53.453Z] [2025-11-05T11:59:53.454Z] [TREESITTER-CHUNKER] [INFO]    🎯 Found method: unknown (20 lines, 883 chars)
[2025-11-05T11:59:53.453Z] [2025-11-05T11:59:53.454Z] [TREESITTER-CHUNKER] [INFO]    ✅ Added method chunk: unknown
[2025-11-05T11:59:53.453Z] [2025-11-05T11:59:53.454Z] [TREESITTER-CHUNKER] [INFO]    Child type: comment at lines 186-188
[2025-11-05T11:59:53.453Z] [2025-11-05T11:59:53.454Z] [TREESITTER-CHUNKER] [INFO]    Child type: method_definition at lines 189-192
[2025-11-05T11:59:53.454Z] [2025-11-05T11:59:53.454Z] [TREESITTER-CHUNKER] [INFO]    🎯 Found method: unknown (4 lines, 230 chars)
[2025-11-05T11:59:53.454Z] [2025-11-05T11:59:53.454Z] [TREESITTER-CHUNKER] [INFO]    ✅ Added method chunk: unknown
[2025-11-05T11:59:53.454Z] [2025-11-05T11:59:53.454Z] [TREESITTER-CHUNKER] [INFO]    Child type: comment at lines 194-196
[2025-11-05T11:59:53.454Z] [2025-11-05T11:59:53.454Z] [TREESITTER-CHUNKER] [INFO]    Child type: method_definition at lines 197-200
[2025-11-05T11:59:53.454Z] [2025-11-05T11:59:53.454Z] [TREESITTER-CHUNKER] [INFO]    🎯 Found method: unknown (4 lines, 238 chars)
[2025-11-05T11:59:53.454Z] [2025-11-05T11:59:53.454Z] [TREESITTER-CHUNKER] [INFO]    ✅ Added method chunk: unknown
[2025-11-05T11:59:53.454Z] [2025-11-05T11:59:53.454Z] [TREESITTER-CHUNKER] [INFO]    Child type: comment at lines 202-204
[2025-11-05T11:59:53.454Z] [2025-11-05T11:59:53.454Z] [TREESITTER-CHUNKER] [INFO]    Child type: method_definition at lines 205-212
[2025-11-05T11:59:53.454Z] [2025-11-05T11:59:53.454Z] [TREESITTER-CHUNKER] [INFO]    🎯 Found method: unknown (8 lines, 338 chars)
[2025-11-05T11:59:53.454Z] [2025-11-05T11:59:53.454Z] [TREESITTER-CHUNKER] [INFO]    ✅ Added method chunk: unknown
[2025-11-05T11:59:53.454Z] [2025-11-05T11:59:53.454Z] [TREESITTER-CHUNKER] [INFO]    Child type: comment at lines 214-216
[2025-11-05T11:59:53.454Z] [2025-11-05T11:59:53.454Z] [TREESITTER-CHUNKER] [INFO]    Child type: method_definition at lines 217-219
[2025-11-05T11:59:53.454Z] [2025-11-05T11:59:53.454Z] [TREESITTER-CHUNKER] [INFO]    🎯 Found method: unknown (3 lines, 141 chars)
[2025-11-05T11:59:53.454Z] [2025-11-05T11:59:53.454Z] [TREESITTER-CHUNKER] [INFO]    ✅ Added method chunk: unknown
[2025-11-05T11:59:53.454Z] [2025-11-05T11:59:53.454Z] [TREESITTER-CHUNKER] [INFO]    Child type: comment at lines 221-223
[2025-11-05T11:59:53.454Z] [2025-11-05T11:59:53.454Z] [TREESITTER-CHUNKER] [INFO]    Child type: method_definition at lines 224-226
[2025-11-05T11:59:53.455Z] [2025-11-05T11:59:53.455Z] [TREESITTER-CHUNKER] [INFO]    🎯 Found method: unknown (3 lines, 141 chars)
[2025-11-05T11:59:53.455Z] [2025-11-05T11:59:53.455Z] [TREESITTER-CHUNKER] [INFO]    ✅ Added method chunk: unknown
[2025-11-05T11:59:53.455Z] [2025-11-05T11:59:53.455Z] [TREESITTER-CHUNKER] [INFO]    Child type: comment at lines 228-230
[2025-11-05T11:59:53.455Z] [2025-11-05T11:59:53.455Z] [TREESITTER-CHUNKER] [INFO]    Child type: method_definition at lines 231-233
[2025-11-05T11:59:53.455Z] [2025-11-05T11:59:53.455Z] [TREESITTER-CHUNKER] [INFO]    🎯 Found method: unknown (3 lines, 133 chars)
[2025-11-05T11:59:53.455Z] [2025-11-05T11:59:53.455Z] [TREESITTER-CHUNKER] [INFO]    ✅ Added method chunk: unknown
[2025-11-05T11:59:53.455Z] [2025-11-05T11:59:53.455Z] [TREESITTER-CHUNKER] [INFO]    Child type: comment at lines 235-237
[2025-11-05T11:59:53.455Z] [2025-11-05T11:59:53.455Z] [TREESITTER-CHUNKER] [INFO]    Child type: method_definition at lines 238-240
[2025-11-05T11:59:53.455Z] [2025-11-05T11:59:53.455Z] [TREESITTER-CHUNKER] [INFO]    🎯 Found method: unknown (3 lines, 128 chars)
[2025-11-05T11:59:53.455Z] [2025-11-05T11:59:53.455Z] [TREESITTER-CHUNKER] [INFO]    ✅ Added method chunk: unknown
[2025-11-05T11:59:53.455Z] [2025-11-05T11:59:53.455Z] [TREESITTER-CHUNKER] [INFO]    Child type: comment at lines 242-244
[2025-11-05T11:59:53.455Z] [2025-11-05T11:59:53.455Z] [TREESITTER-CHUNKER] [INFO]    Child type: method_definition at lines 245-247
[2025-11-05T11:59:53.455Z] [2025-11-05T11:59:53.455Z] [TREESITTER-CHUNKER] [INFO]    🎯 Found method: unknown (3 lines, 120 chars)
[2025-11-05T11:59:53.455Z] [2025-11-05T11:59:53.455Z] [TREESITTER-CHUNKER] [INFO]    ✅ Added method chunk: unknown
[2025-11-05T11:59:53.455Z] [2025-11-05T11:59:53.455Z] [TREESITTER-CHUNKER] [INFO]    Child type: comment at lines 249-251
[2025-11-05T11:59:53.455Z] [2025-11-05T11:59:53.455Z] [TREESITTER-CHUNKER] [INFO]    Child type: method_definition at lines 252-257
[2025-11-05T11:59:53.455Z] [2025-11-05T11:59:53.455Z] [TREESITTER-CHUNKER] [INFO]    🎯 Found method: unknown (6 lines, 143 chars)
[2025-11-05T11:59:53.455Z] [2025-11-05T11:59:53.455Z] [TREESITTER-CHUNKER] [INFO]    ✅ Added method chunk: unknown
[2025-11-05T11:59:53.455Z] [2025-11-05T11:59:53.455Z] [TREESITTER-CHUNKER] [INFO]    Child type: comment at lines 259-261
[2025-11-05T11:59:53.455Z] [2025-11-05T11:59:53.455Z] [TREESITTER-CHUNKER] [INFO]    Child type: method_definition at lines 262-314
[2025-11-05T11:59:53.455Z] [2025-11-05T11:59:53.455Z] [TREESITTER-CHUNKER] [INFO]    🎯 Found method: unknown (53 lines, 1609 chars)
[2025-11-05T11:59:53.455Z] [2025-11-05T11:59:53.455Z] [TREESITTER-CHUNKER] [INFO]    ✅ Added method chunk: unknown
[2025-11-05T11:59:53.455Z] [2025-11-05T11:59:53.455Z] [TREESITTER-CHUNKER] [INFO] 🏁 Extracted 22 methods from large class
[2025-11-05T11:59:53.468Z] [2025-11-05T11:59:53.468Z] [TREESITTER-CHUNKER] [INFO] Created 9 semantic chunks from C:\Users\RakaThinkpad\Documents\Project\educatedplanet\dataservice\src\services\tutor.service.ts
[2025-11-05T11:59:53.543Z] [2025-11-05T11:59:53.543Z] [TREESITTER-FULL] [INFO] Extracted 2 symbols from C:\Users\RakaThinkpad\Documents\Project\educatedplanet\dataservice\src\services\tutor.service.ts
[2025-11-05T11:59:53.544Z] [2025-11-05T11:59:53.544Z] [INDEXING-ORCHESTRATOR] [DEBUG] 🔍 Symbol extraction for C:\Users\RakaThinkpad\Documents\Project\educatedplanet\dataservice\src\services\tutor.service.ts: 2 symbols, 3 imports
[2025-11-05T11:59:53.544Z] [2025-11-05T11:59:53.544Z] [INDEXING-ORCHESTRATOR] [DEBUG] 📍 Chunk 13-33: 0 candidate symbols
[2025-11-05T11:59:53.544Z] [2025-11-05T11:59:53.544Z] [INDEXING-ORCHESTRATOR] [DEBUG] ✅ Chunk symbols after filtering: 0 symbols - 
[2025-11-05T11:59:53.544Z] [2025-11-05T11:59:53.544Z] [INDEXING-ORCHESTRATOR] [DEBUG] 📍 Chunk 37-74: 0 candidate symbols
[2025-11-05T11:59:53.544Z] [2025-11-05T11:59:53.544Z] [INDEXING-ORCHESTRATOR] [DEBUG] ✅ Chunk symbols after filtering: 0 symbols - 
[2025-11-05T11:59:53.544Z] [2025-11-05T11:59:53.544Z] [INDEXING-ORCHESTRATOR] [DEBUG] 📍 Chunk 79-124: 0 candidate symbols
[2025-11-05T11:59:53.544Z] [2025-11-05T11:59:53.544Z] [INDEXING-ORCHESTRATOR] [DEBUG] ✅ Chunk symbols after filtering: 0 symbols - 
[2025-11-05T11:59:53.544Z] [2025-11-05T11:59:53.544Z] [INDEXING-ORCHESTRATOR] [DEBUG] 📍 Chunk 129-160: 0 candidate symbols
[2025-11-05T11:59:53.544Z] [2025-11-05T11:59:53.544Z] [INDEXING-ORCHESTRATOR] [DEBUG] ✅ Chunk symbols after filtering: 0 symbols - 
[2025-11-05T11:59:53.544Z] [2025-11-05T11:59:53.544Z] [INDEXING-ORCHESTRATOR] [DEBUG] 📍 Chunk 165-200: 0 candidate symbols
[2025-11-05T11:59:53.544Z] [2025-11-05T11:59:53.544Z] [INDEXING-ORCHESTRATOR] [DEBUG] ✅ Chunk symbols after filtering: 0 symbols - 
[2025-11-05T11:59:53.544Z] [2025-11-05T11:59:53.544Z] [INDEXING-ORCHESTRATOR] [DEBUG] 📍 Chunk 205-247: 0 candidate symbols
[2025-11-05T11:59:53.544Z] [2025-11-05T11:59:53.544Z] [INDEXING-ORCHESTRATOR] [DEBUG] ✅ Chunk symbols after filtering: 0 symbols - 
[2025-11-05T11:59:53.544Z] [2025-11-05T11:59:53.544Z] [INDEXING-ORCHESTRATOR] [DEBUG] 📍 Chunk 252-257: 0 candidate symbols
[2025-11-05T11:59:53.544Z] [2025-11-05T11:59:53.544Z] [INDEXING-ORCHESTRATOR] [DEBUG] ✅ Chunk symbols after filtering: 0 symbols - 
[2025-11-05T11:59:53.544Z] [2025-11-05T11:59:53.544Z] [INDEXING-ORCHESTRATOR] [DEBUG] 📍 Chunk 262-314: 0 candidate symbols
[2025-11-05T11:59:53.544Z] [2025-11-05T11:59:53.544Z] [INDEXING-ORCHESTRATOR] [DEBUG] ✅ Chunk symbols after filtering: 0 symbols - 
[2025-11-05T11:59:53.544Z] [2025-11-05T11:59:53.544Z] [INDEXING-ORCHESTRATOR] [DEBUG] 📍 Chunk 315-318: 1 candidate symbols
[2025-11-05T11:59:53.544Z] [2025-11-05T11:59:53.544Z] [INDEXING-ORCHESTRATOR] [DEBUG] ✅ Chunk symbols after filtering: 1 symbols - tutorService
[2025-11-05T11:59:53.544Z] [2025-11-05T11:59:53.544Z] [INDEXING-ORCHESTRATOR] [DEBUG] Created 9 semantic chunks for C:\Users\RakaThinkpad\Documents\Project\educatedplanet\dataservice\src\services\tutor.service.ts
[2025-11-05T11:59:53.544Z] [2025-11-05T11:59:53.544Z] [INDEXING-ORCHESTRATOR] [DEBUG] Average chunk size: 977 characters
[2025-11-05T11:59:53.548Z] [2025-11-05T11:59:53.548Z] [TREESITTER-CHUNKER] [INFO] Created 1 semantic chunks from C:\Users\RakaThinkpad\Documents\Project\educatedplanet\models\src\common\common.types.js
[2025-11-05T11:59:53.558Z] [2025-11-05T11:59:53.558Z] [TREESITTER-FULL] [INFO] Extracted 0 symbols from C:\Users\RakaThinkpad\Documents\Project\educatedplanet\models\src\common\common.types.js
[2025-11-05T11:59:53.559Z] [2025-11-05T11:59:53.558Z] [INDEXING-ORCHESTRATOR] [DEBUG] 🔍 Symbol extraction for C:\Users\RakaThinkpad\Documents\Project\educatedplanet\models\src\common\common.types.js: 0 symbols, 0 imports
[2025-11-05T11:59:53.559Z] [2025-11-05T11:59:53.558Z] [INDEXING-ORCHESTRATOR] [DEBUG] 📍 Chunk 1-37: 0 candidate symbols
[2025-11-05T11:59:53.559Z] [2025-11-05T11:59:53.558Z] [INDEXING-ORCHESTRATOR] [DEBUG] ✅ Chunk symbols after filtering: 0 symbols - 
[2025-11-05T11:59:53.559Z] [2025-11-05T11:59:53.558Z] [INDEXING-ORCHESTRATOR] [DEBUG] Created 1 semantic chunks for C:\Users\RakaThinkpad\Documents\Project\educatedplanet\models\src\common\common.types.js
[2025-11-05T11:59:53.559Z] [2025-11-05T11:59:53.559Z] [INDEXING-ORCHESTRATOR] [DEBUG] Average chunk size: 1064 characters
[2025-11-05T11:59:53.564Z] [2025-11-05T11:59:53.564Z] [TREESITTER-CHUNKER] [INFO] 🔍 Found class: unknown (308 lines)
[2025-11-05T11:59:53.564Z] [2025-11-05T11:59:53.564Z] [TREESITTER-CHUNKER] [INFO] 📤 Splitting large class: unknown (308 lines > 150)
[2025-11-05T11:59:53.564Z] [2025-11-05T11:59:53.564Z] [TREESITTER-CHUNKER] [INFO] 🔧 Extracting methods from large class with 2 children
[2025-11-05T11:59:53.564Z] [2025-11-05T11:59:53.564Z] [TREESITTER-CHUNKER] [INFO] 🔍 Checking 28 nodes for methods (using class_body)
[2025-11-05T11:59:53.564Z] [2025-11-05T11:59:53.564Z] [TREESITTER-CHUNKER] [INFO]    Child type: comment at lines 16-18
[2025-11-05T11:59:53.564Z] [2025-11-05T11:59:53.564Z] [TREESITTER-CHUNKER] [INFO]    Child type: method_definition at lines 19-30
[2025-11-05T11:59:53.564Z] [2025-11-05T11:59:53.564Z] [TREESITTER-CHUNKER] [INFO]    🎯 Found method: unknown (12 lines, 368 chars)
[2025-11-05T11:59:53.564Z] [2025-11-05T11:59:53.564Z] [TREESITTER-CHUNKER] [INFO]    ✅ Added method chunk: unknown
[2025-11-05T11:59:53.564Z] [2025-11-05T11:59:53.564Z] [TREESITTER-CHUNKER] [INFO]    Child type: comment at lines 31-33
[2025-11-05T11:59:53.564Z] [2025-11-05T11:59:53.564Z] [TREESITTER-CHUNKER] [INFO]    Child type: method_definition at lines 34-59
[2025-11-05T11:59:53.564Z] [2025-11-05T11:59:53.565Z] [TREESITTER-CHUNKER] [INFO]    🎯 Found method: unknown (26 lines, 852 chars)
[2025-11-05T11:59:53.565Z] [2025-11-05T11:59:53.565Z] [TREESITTER-CHUNKER] [INFO]    ✅ Added method chunk: unknown
[2025-11-05T11:59:53.565Z] [2025-11-05T11:59:53.565Z] [TREESITTER-CHUNKER] [INFO]    Child type: comment at lines 61-63
[2025-11-05T11:59:53.565Z] [2025-11-05T11:59:53.565Z] [TREESITTER-CHUNKER] [INFO]    Child type: method_definition at lines 64-71
[2025-11-05T11:59:53.565Z] [2025-11-05T11:59:53.565Z] [TREESITTER-CHUNKER] [INFO]    🎯 Found method: unknown (8 lines, 267 chars)
[2025-11-05T11:59:53.565Z] [2025-11-05T11:59:53.565Z] [TREESITTER-CHUNKER] [INFO]    ✅ Added method chunk: unknown
[2025-11-05T11:59:53.565Z] [2025-11-05T11:59:53.565Z] [TREESITTER-CHUNKER] [INFO]    Child type: comment at lines 73-75
[2025-11-05T11:59:53.565Z] [2025-11-05T11:59:53.565Z] [TREESITTER-CHUNKER] [INFO]    Child type: method_definition at lines 76-83
[2025-11-05T11:59:53.565Z] [2025-11-05T11:59:53.565Z] [TREESITTER-CHUNKER] [INFO]    🎯 Found method: unknown (8 lines, 285 chars)
[2025-11-05T11:59:53.565Z] [2025-11-05T11:59:53.565Z] [TREESITTER-CHUNKER] [INFO]    ✅ Added method chunk: unknown
[2025-11-05T11:59:53.565Z] [2025-11-05T11:59:53.565Z] [TREESITTER-CHUNKER] [INFO]    Child type: comment at lines 85-87
[2025-11-05T11:59:53.565Z] [2025-11-05T11:59:53.565Z] [TREESITTER-CHUNKER] [INFO]    Child type: method_definition at lines 88-95
[2025-11-05T11:59:53.565Z] [2025-11-05T11:59:53.565Z] [TREESITTER-CHUNKER] [INFO]    🎯 Found method: unknown (8 lines, 299 chars)
[2025-11-05T11:59:53.565Z] [2025-11-05T11:59:53.565Z] [TREESITTER-CHUNKER] [INFO]    ✅ Added method chunk: unknown
[2025-11-05T11:59:53.565Z] [2025-11-05T11:59:53.565Z] [TREESITTER-CHUNKER] [INFO]    Child type: comment at lines 97-99
[2025-11-05T11:59:53.565Z] [2025-11-05T11:59:53.565Z] [TREESITTER-CHUNKER] [INFO]    Child type: method_definition at lines 100-144
[2025-11-05T11:59:53.565Z] [2025-11-05T11:59:53.565Z] [TREESITTER-CHUNKER] [INFO]    🎯 Found method: unknown (45 lines, 1068 chars)
[2025-11-05T11:59:53.565Z] [2025-11-05T11:59:53.565Z] [TREESITTER-CHUNKER] [INFO]    ✅ Added method chunk: unknown
[2025-11-05T11:59:53.565Z] [2025-11-05T11:59:53.565Z] [TREESITTER-CHUNKER] [INFO]    Child type: comment at lines 146-148
[2025-11-05T11:59:53.565Z] [2025-11-05T11:59:53.565Z] [TREESITTER-CHUNKER] [INFO]    Child type: method_definition at lines 149-173
[2025-11-05T11:59:53.565Z] [2025-11-05T11:59:53.565Z] [TREESITTER-CHUNKER] [INFO]    🎯 Found method: unknown (25 lines, 858 chars)
[2025-11-05T11:59:53.565Z] [2025-11-05T11:59:53.565Z] [TREESITTER-CHUNKER] [INFO]    ✅ Added method chunk: unknown
[2025-11-05T11:59:53.565Z] [2025-11-05T11:59:53.565Z] [TREESITTER-CHUNKER] [INFO]    Child type: comment at lines 175-177
[2025-11-05T11:59:53.565Z] [2025-11-05T11:59:53.565Z] [TREESITTER-CHUNKER] [INFO]    Child type: method_definition at lines 178-185
[2025-11-05T11:59:53.565Z] [2025-11-05T11:59:53.565Z] [TREESITTER-CHUNKER] [INFO]    🎯 Found method: unknown (8 lines, 276 chars)
[2025-11-05T11:59:53.565Z] [2025-11-05T11:59:53.565Z] [TREESITTER-CHUNKER] [INFO]    ✅ Added method chunk: unknown
[2025-11-05T11:59:53.566Z] [2025-11-05T11:59:53.566Z] [TREESITTER-CHUNKER] [INFO]    Child type: comment at lines 187-189
[2025-11-05T11:59:53.566Z] [2025-11-05T11:59:53.566Z] [TREESITTER-CHUNKER] [INFO]    Child type: method_definition at lines 190-197
[2025-11-05T11:59:53.566Z] [2025-11-05T11:59:53.566Z] [TREESITTER-CHUNKER] [INFO]    🎯 Found method: unknown (8 lines, 304 chars)
[2025-11-05T11:59:53.566Z] [2025-11-05T11:59:53.566Z] [TREESITTER-CHUNKER] [INFO]    ✅ Added method chunk: unknown
[2025-11-05T11:59:53.566Z] [2025-11-05T11:59:53.566Z] [TREESITTER-CHUNKER] [INFO]    Child type: comment at lines 199-201
[2025-11-05T11:59:53.566Z] [2025-11-05T11:59:53.566Z] [TREESITTER-CHUNKER] [INFO]    Child type: method_definition at lines 202-222
[2025-11-05T11:59:53.566Z] [2025-11-05T11:59:53.566Z] [TREESITTER-CHUNKER] [INFO]    🎯 Found method: unknown (21 lines, 646 chars)
[2025-11-05T11:59:53.566Z] [2025-11-05T11:59:53.566Z] [TREESITTER-CHUNKER] [INFO]    ✅ Added method chunk: unknown
[2025-11-05T11:59:53.566Z] [2025-11-05T11:59:53.566Z] [TREESITTER-CHUNKER] [INFO]    Child type: comment at lines 224-226
[2025-11-05T11:59:53.566Z] [2025-11-05T11:59:53.566Z] [TREESITTER-CHUNKER] [INFO]    Child type: method_definition at lines 227-250
[2025-11-05T11:59:53.566Z] [2025-11-05T11:59:53.566Z] [TREESITTER-CHUNKER] [INFO]    🎯 Found method: unknown (24 lines, 860 chars)
[2025-11-05T11:59:53.566Z] [2025-11-05T11:59:53.566Z] [TREESITTER-CHUNKER] [INFO]    ✅ Added method chunk: unknown
[2025-11-05T11:59:53.566Z] [2025-11-05T11:59:53.566Z] [TREESITTER-CHUNKER] [INFO]    Child type: comment at lines 252-254
[2025-11-05T11:59:53.566Z] [2025-11-05T11:59:53.566Z] [TREESITTER-CHUNKER] [INFO]    Child type: method_definition at lines 255-283
[2025-11-05T11:59:53.566Z] [2025-11-05T11:59:53.566Z] [TREESITTER-CHUNKER] [INFO]    🎯 Found method: unknown (29 lines, 784 chars)
[2025-11-05T11:59:53.566Z] [2025-11-05T11:59:53.566Z] [TREESITTER-CHUNKER] [INFO]    ✅ Added method chunk: unknown
[2025-11-05T11:59:53.566Z] [2025-11-05T11:59:53.566Z] [TREESITTER-CHUNKER] [INFO]    Child type: comment at lines 285-287
[2025-11-05T11:59:53.566Z] [2025-11-05T11:59:53.566Z] [TREESITTER-CHUNKER] [INFO]    Child type: method_definition at lines 288-304
[2025-11-05T11:59:53.566Z] [2025-11-05T11:59:53.566Z] [TREESITTER-CHUNKER] [INFO]    🎯 Found method: unknown (17 lines, 541 chars)
[2025-11-05T11:59:53.566Z] [2025-11-05T11:59:53.566Z] [TREESITTER-CHUNKER] [INFO]    ✅ Added method chunk: unknown
[2025-11-05T11:59:53.566Z] [2025-11-05T11:59:53.566Z] [TREESITTER-CHUNKER] [INFO]    Child type: comment at lines 306-308
[2025-11-05T11:59:53.566Z] [2025-11-05T11:59:53.566Z] [TREESITTER-CHUNKER] [INFO]    Child type: method_definition at lines 309-321
[2025-11-05T11:59:53.566Z] [2025-11-05T11:59:53.566Z] [TREESITTER-CHUNKER] [INFO]    🎯 Found method: unknown (13 lines, 398 chars)
[2025-11-05T11:59:53.566Z] [2025-11-05T11:59:53.566Z] [TREESITTER-CHUNKER] [INFO]    ✅ Added method chunk: unknown
[2025-11-05T11:59:53.566Z] [2025-11-05T11:59:53.566Z] [TREESITTER-CHUNKER] [INFO] 🏁 Extracted 14 methods from large class
[2025-11-05T11:59:53.580Z] [2025-11-05T11:59:53.580Z] [TREESITTER-CHUNKER] [INFO] Created 9 semantic chunks from C:\Users\RakaThinkpad\Documents\Project\educatedplanet\dataservice\src\services\user.service.ts
[2025-11-05T11:59:53.658Z] [2025-11-05T11:59:53.659Z] [TREESITTER-FULL] [INFO] Extracted 2 symbols from C:\Users\RakaThinkpad\Documents\Project\educatedplanet\dataservice\src\services\user.service.ts
[2025-11-05T11:59:53.658Z] [2025-11-05T11:59:53.659Z] [INDEXING-ORCHESTRATOR] [DEBUG] 🔍 Symbol extraction for C:\Users\RakaThinkpad\Documents\Project\educatedplanet\dataservice\src\services\user.service.ts: 2 symbols, 4 imports
[2025-11-05T11:59:53.658Z] [2025-11-05T11:59:53.659Z] [INDEXING-ORCHESTRATOR] [DEBUG] 📍 Chunk 15-59: 0 candidate symbols
[2025-11-05T11:59:53.659Z] [2025-11-05T11:59:53.659Z] [INDEXING-ORCHESTRATOR] [DEBUG] ✅ Chunk symbols after filtering: 0 symbols - 
[2025-11-05T11:59:53.659Z] [2025-11-05T11:59:53.659Z] [INDEXING-ORCHESTRATOR] [DEBUG] 📍 Chunk 64-95: 0 candidate symbols
[2025-11-05T11:59:53.659Z] [2025-11-05T11:59:53.659Z] [INDEXING-ORCHESTRATOR] [DEBUG] ✅ Chunk symbols after filtering: 0 symbols - 
[2025-11-05T11:59:53.659Z] [2025-11-05T11:59:53.659Z] [INDEXING-ORCHESTRATOR] [DEBUG] 📍 Chunk 100-144: 0 candidate symbols
[2025-11-05T11:59:53.659Z] [2025-11-05T11:59:53.659Z] [INDEXING-ORCHESTRATOR] [DEBUG] ✅ Chunk symbols after filtering: 0 symbols - 
[2025-11-05T11:59:53.659Z] [2025-11-05T11:59:53.659Z] [INDEXING-ORCHESTRATOR] [DEBUG] 📍 Chunk 149-185: 0 candidate symbols
[2025-11-05T11:59:53.659Z] [2025-11-05T11:59:53.659Z] [INDEXING-ORCHESTRATOR] [DEBUG] ✅ Chunk symbols after filtering: 0 symbols - 
[2025-11-05T11:59:53.659Z] [2025-11-05T11:59:53.659Z] [INDEXING-ORCHESTRATOR] [DEBUG] 📍 Chunk 190-222: 0 candidate symbols
[2025-11-05T11:59:53.659Z] [2025-11-05T11:59:53.659Z] [INDEXING-ORCHESTRATOR] [DEBUG] ✅ Chunk symbols after filtering: 0 symbols - 
[2025-11-05T11:59:53.659Z] [2025-11-05T11:59:53.659Z] [INDEXING-ORCHESTRATOR] [DEBUG] 📍 Chunk 227-250: 0 candidate symbols
[2025-11-05T11:59:53.659Z] [2025-11-05T11:59:53.659Z] [INDEXING-ORCHESTRATOR] [DEBUG] ✅ Chunk symbols after filtering: 0 symbols - 
[2025-11-05T11:59:53.659Z] [2025-11-05T11:59:53.659Z] [INDEXING-ORCHESTRATOR] [DEBUG] 📍 Chunk 255-304: 0 candidate symbols
[2025-11-05T11:59:53.659Z] [2025-11-05T11:59:53.659Z] [INDEXING-ORCHESTRATOR] [DEBUG] ✅ Chunk symbols after filtering: 0 symbols - 
[2025-11-05T11:59:53.659Z] [2025-11-05T11:59:53.659Z] [INDEXING-ORCHESTRATOR] [DEBUG] 📍 Chunk 309-321: 0 candidate symbols
[2025-11-05T11:59:53.659Z] [2025-11-05T11:59:53.659Z] [INDEXING-ORCHESTRATOR] [DEBUG] ✅ Chunk symbols after filtering: 0 symbols - 
[2025-11-05T11:59:53.659Z] [2025-11-05T11:59:53.659Z] [INDEXING-ORCHESTRATOR] [DEBUG] 📍 Chunk 322-325: 1 candidate symbols
[2025-11-05T11:59:53.659Z] [2025-11-05T11:59:53.659Z] [INDEXING-ORCHESTRATOR] [DEBUG] ✅ Chunk symbols after filtering: 1 symbols - userService
[2025-11-05T11:59:53.659Z] [2025-11-05T11:59:53.659Z] [INDEXING-ORCHESTRATOR] [DEBUG] Created 9 semantic chunks for C:\Users\RakaThinkpad\Documents\Project\educatedplanet\dataservice\src\services\user.service.ts
[2025-11-05T11:59:53.659Z] [2025-11-05T11:59:53.659Z] [INDEXING-ORCHESTRATOR] [DEBUG] Average chunk size: 914 characters
[2025-11-05T11:59:53.669Z] [2025-11-05T11:59:53.669Z] [TREESITTER-CHUNKER] [INFO] Created 3 semantic chunks from C:\Users\RakaThinkpad\Documents\Project\educatedplanet\models\src\common\common.types.ts
[2025-11-05T11:59:53.685Z] [2025-11-05T11:59:53.686Z] [TREESITTER-FULL] [INFO] Extracted 21 symbols from C:\Users\RakaThinkpad\Documents\Project\educatedplanet\models\src\common\common.types.ts
[2025-11-05T11:59:53.685Z] [2025-11-05T11:59:53.686Z] [INDEXING-ORCHESTRATOR] [DEBUG] 🔍 Symbol extraction for C:\Users\RakaThinkpad\Documents\Project\educatedplanet\models\src\common\common.types.ts: 21 symbols, 0 imports
[2025-11-05T11:59:53.686Z] [2025-11-05T11:59:53.686Z] [INDEXING-ORCHESTRATOR] [DEBUG] 📍 Chunk 8-86: 8 candidate symbols
[2025-11-05T11:59:53.686Z] [2025-11-05T11:59:53.686Z] [INDEXING-ORCHESTRATOR] [DEBUG] ✅ Chunk symbols after filtering: 8 symbols - ApiResponse, ApiError, PaginationParams, PaginationMeta, PaginatedResponse, BaseEntity, Status, VerificationStatus
[2025-11-05T11:59:53.686Z] [2025-11-05T11:59:53.686Z] [INDEXING-ORCHESTRATOR] [DEBUG] 📍 Chunk 91-109: 2 candidate symbols
[2025-11-05T11:59:53.686Z] [2025-11-05T11:59:53.686Z] [INDEXING-ORCHESTRATOR] [DEBUG] ✅ Chunk symbols after filtering: 2 symbols - Subject, ClassLevel
[2025-11-05T11:59:53.686Z] [2025-11-05T11:59:53.686Z] [INDEXING-ORCHESTRATOR] [DEBUG] 📍 Chunk 128-206: 10 candidate symbols
[2025-11-05T11:59:53.686Z] [2025-11-05T11:59:53.686Z] [INDEXING-ORCHESTRATOR] [DEBUG] ✅ Chunk symbols after filtering: 10 symbols - BhubaneswarArea, SearchFilters, LoadingState, ThemeMode, Currency, FileUpload, FormErrors, ComponentProps, ColorVariant, SizeVariant
[2025-11-05T11:59:53.686Z] [2025-11-05T11:59:53.686Z] [INDEXING-ORCHESTRATOR] [DEBUG] Created 3 semantic chunks for C:\Users\RakaThinkpad\Documents\Project\educatedplanet\models\src\common\common.types.ts
[2025-11-05T11:59:53.686Z] [2025-11-05T11:59:53.686Z] [INDEXING-ORCHESTRATOR] [DEBUG] Average chunk size: 1004 characters
[2025-11-05T11:59:53.686Z] [2025-11-05T11:59:53.687Z] [TREESITTER-CHUNKER] [INFO] Created 1 semantic chunks from C:\Users\RakaThinkpad\Documents\Project\educatedplanet\models\src\common\index.ts
[2025-11-05T11:59:53.687Z] [2025-11-05T11:59:53.687Z] [TREESITTER-FULL] [INFO] Extracted 0 symbols from C:\Users\RakaThinkpad\Documents\Project\educatedplanet\models\src\common\index.ts
[2025-11-05T11:59:53.687Z] [2025-11-05T11:59:53.687Z] [INDEXING-ORCHESTRATOR] [DEBUG] 🔍 Symbol extraction for C:\Users\RakaThinkpad\Documents\Project\educatedplanet\models\src\common\index.ts: 0 symbols, 0 imports
[2025-11-05T11:59:53.687Z] [2025-11-05T11:59:53.687Z] [INDEXING-ORCHESTRATOR] [DEBUG] 📍 Chunk 1-5: 0 candidate symbols
[2025-11-05T11:59:53.687Z] [2025-11-05T11:59:53.687Z] [INDEXING-ORCHESTRATOR] [DEBUG] ✅ Chunk symbols after filtering: 0 symbols - 
[2025-11-05T11:59:53.687Z] [2025-11-05T11:59:53.687Z] [INDEXING-ORCHESTRATOR] [DEBUG] Created 1 semantic chunks for C:\Users\RakaThinkpad\Documents\Project\educatedplanet\models\src\common\index.ts
[2025-11-05T11:59:53.687Z] [2025-11-05T11:59:53.687Z] [INDEXING-ORCHESTRATOR] [DEBUG] Average chunk size: 64 characters
[2025-11-05T11:59:53.708Z] [2025-11-05T11:59:53.708Z] [TREESITTER-CHUNKER] [INFO] Created 1 semantic chunks from C:\Users\RakaThinkpad\Documents\Project\educatedplanet\models\src\index.js
[2025-11-05T11:59:53.718Z] [2025-11-05T11:59:53.719Z] [TREESITTER-FULL] [INFO] Extracted 0 symbols from C:\Users\RakaThinkpad\Documents\Project\educatedplanet\models\src\index.js
[2025-11-05T11:59:53.719Z] [2025-11-05T11:59:53.719Z] [INDEXING-ORCHESTRATOR] [DEBUG] 🔍 Symbol extraction for C:\Users\RakaThinkpad\Documents\Project\educatedplanet\models\src\index.js: 0 symbols, 0 imports
[2025-11-05T11:59:53.719Z] [2025-11-05T11:59:53.719Z] [INDEXING-ORCHESTRATOR] [DEBUG] 📍 Chunk 1-27: 0 candidate symbols
[2025-11-05T11:59:53.719Z] [2025-11-05T11:59:53.719Z] [INDEXING-ORCHESTRATOR] [DEBUG] ✅ Chunk symbols after filtering: 0 symbols - 
[2025-11-05T11:59:53.719Z] [2025-11-05T11:59:53.719Z] [INDEXING-ORCHESTRATOR] [DEBUG] Created 1 semantic chunks for C:\Users\RakaThinkpad\Documents\Project\educatedplanet\models\src\index.js
[2025-11-05T11:59:53.719Z] [2025-11-05T11:59:53.719Z] [INDEXING-ORCHESTRATOR] [DEBUG] Average chunk size: 1176 characters
[2025-11-05T11:59:53.719Z] [2025-11-05T11:59:53.719Z] [TREESITTER-CHUNKER] [INFO] Created 1 semantic chunks from C:\Users\RakaThinkpad\Documents\Project\educatedplanet\models\src\tutor\index.ts
[2025-11-05T11:59:53.720Z] [2025-11-05T11:59:53.720Z] [TREESITTER-FULL] [INFO] Extracted 0 symbols from C:\Users\RakaThinkpad\Documents\Project\educatedplanet\models\src\tutor\index.ts
[2025-11-05T11:59:53.720Z] [2025-11-05T11:59:53.720Z] [INDEXING-ORCHESTRATOR] [DEBUG] 🔍 Symbol extraction for C:\Users\RakaThinkpad\Documents\Project\educatedplanet\models\src\tutor\index.ts: 0 symbols, 0 imports
[2025-11-05T11:59:53.720Z] [2025-11-05T11:59:53.720Z] [INDEXING-ORCHESTRATOR] [DEBUG] 📍 Chunk 1-5: 0 candidate symbols
[2025-11-05T11:59:53.720Z] [2025-11-05T11:59:53.720Z] [INDEXING-ORCHESTRATOR] [DEBUG] ✅ Chunk symbols after filtering: 0 symbols - 
[2025-11-05T11:59:53.720Z] [2025-11-05T11:59:53.720Z] [INDEXING-ORCHESTRATOR] [DEBUG] Created 1 semantic chunks for C:\Users\RakaThinkpad\Documents\Project\educatedplanet\models\src\tutor\index.ts
[2025-11-05T11:59:53.720Z] [2025-11-05T11:59:53.720Z] [INDEXING-ORCHESTRATOR] [DEBUG] Average chunk size: 70 characters
[2025-11-05T11:59:53.723Z] [2025-11-05T11:59:53.723Z] [TREESITTER-CHUNKER] [INFO] Created 1 semantic chunks from C:\Users\RakaThinkpad\Documents\Project\educatedplanet\models\src\index.ts
[2025-11-05T11:59:53.726Z] [2025-11-05T11:59:53.726Z] [TREESITTER-FULL] [INFO] Extracted 0 symbols from C:\Users\RakaThinkpad\Documents\Project\educatedplanet\models\src\index.ts
[2025-11-05T11:59:53.726Z] [2025-11-05T11:59:53.726Z] [INDEXING-ORCHESTRATOR] [DEBUG] 🔍 Symbol extraction for C:\Users\RakaThinkpad\Documents\Project\educatedplanet\models\src\index.ts: 0 symbols, 0 imports
[2025-11-05T11:59:53.726Z] [2025-11-05T11:59:53.726Z] [INDEXING-ORCHESTRATOR] [DEBUG] 📍 Chunk 1-79: 0 candidate symbols
[2025-11-05T11:59:53.726Z] [2025-11-05T11:59:53.726Z] [INDEXING-ORCHESTRATOR] [DEBUG] ✅ Chunk symbols after filtering: 0 symbols - 
[2025-11-05T11:59:53.726Z] [2025-11-05T11:59:53.726Z] [INDEXING-ORCHESTRATOR] [DEBUG] Created 1 semantic chunks for C:\Users\RakaThinkpad\Documents\Project\educatedplanet\models\src\index.ts
[2025-11-05T11:59:53.726Z] [2025-11-05T11:59:53.726Z] [INDEXING-ORCHESTRATOR] [DEBUG] Average chunk size: 1433 characters
[2025-11-05T11:59:53.726Z] [2025-11-05T11:59:53.726Z] [INDEXING-ORCHESTRATOR] [DEBUG] 📊 Processed: 180/220 files
[2025-11-05T11:59:53.729Z] [2025-11-05T11:59:53.729Z] [TREESITTER-CHUNKER] [INFO] Created 1 semantic chunks from C:\Users\RakaThinkpad\Documents\Project\educatedplanet\models\src\tutor\tutor.types.js
[2025-11-05T11:59:53.730Z] [2025-11-05T11:59:53.730Z] [TREESITTER-FULL] [INFO] Extracted 0 symbols from C:\Users\RakaThinkpad\Documents\Project\educatedplanet\models\src\tutor\tutor.types.js
[2025-11-05T11:59:53.730Z] [2025-11-05T11:59:53.730Z] [INDEXING-ORCHESTRATOR] [DEBUG] 🔍 Symbol extraction for C:\Users\RakaThinkpad\Documents\Project\educatedplanet\models\src\tutor\tutor.types.js: 0 symbols, 0 imports
[2025-11-05T11:59:53.730Z] [2025-11-05T11:59:53.730Z] [INDEXING-ORCHESTRATOR] [DEBUG] 📍 Chunk 1-3: 0 candidate symbols
[2025-11-05T11:59:53.730Z] [2025-11-05T11:59:53.730Z] [INDEXING-ORCHESTRATOR] [DEBUG] ✅ Chunk symbols after filtering: 0 symbols - 
[2025-11-05T11:59:53.730Z] [2025-11-05T11:59:53.730Z] [INDEXING-ORCHESTRATOR] [DEBUG] Created 1 semantic chunks for C:\Users\RakaThinkpad\Documents\Project\educatedplanet\models\src\tutor\tutor.types.js
[2025-11-05T11:59:53.730Z] [2025-11-05T11:59:53.730Z] [INDEXING-ORCHESTRATOR] [DEBUG] Average chunk size: 116 characters
[2025-11-05T11:59:53.731Z] [2025-11-05T11:59:53.731Z] [TREESITTER-CHUNKER] [INFO] Created 1 semantic chunks from C:\Users\RakaThinkpad\Documents\Project\educatedplanet\models\src\user\index.ts
[2025-11-05T11:59:53.731Z] [2025-11-05T11:59:53.732Z] [TREESITTER-FULL] [INFO] Extracted 0 symbols from C:\Users\RakaThinkpad\Documents\Project\educatedplanet\models\src\user\index.ts
[2025-11-05T11:59:53.731Z] [2025-11-05T11:59:53.732Z] [INDEXING-ORCHESTRATOR] [DEBUG] 🔍 Symbol extraction for C:\Users\RakaThinkpad\Documents\Project\educatedplanet\models\src\user\index.ts: 0 symbols, 0 imports
[2025-11-05T11:59:53.732Z] [2025-11-05T11:59:53.732Z] [INDEXING-ORCHESTRATOR] [DEBUG] 📍 Chunk 1-5: 0 candidate symbols
[2025-11-05T11:59:53.732Z] [2025-11-05T11:59:53.732Z] [INDEXING-ORCHESTRATOR] [DEBUG] ✅ Chunk symbols after filtering: 0 symbols - 
[2025-11-05T11:59:53.732Z] [2025-11-05T11:59:53.732Z] [INDEXING-ORCHESTRATOR] [DEBUG] Created 1 semantic chunks for C:\Users\RakaThinkpad\Documents\Project\educatedplanet\models\src\user\index.ts
[2025-11-05T11:59:53.732Z] [2025-11-05T11:59:53.732Z] [INDEXING-ORCHESTRATOR] [DEBUG] Average chunk size: 68 characters
[2025-11-05T11:59:53.748Z] [2025-11-05T11:59:53.748Z] [TREESITTER-CHUNKER] [INFO] Created 4 semantic chunks from C:\Users\RakaThinkpad\Documents\Project\educatedplanet\models\src\tutor\tutor.types.ts
[2025-11-05T11:59:53.765Z] [2025-11-05T11:59:53.765Z] [TREESITTER-FULL] [INFO] Extracted 20 symbols from C:\Users\RakaThinkpad\Documents\Project\educatedplanet\models\src\tutor\tutor.types.ts
[2025-11-05T11:59:53.765Z] [2025-11-05T11:59:53.765Z] [INDEXING-ORCHESTRATOR] [DEBUG] 🔍 Symbol extraction for C:\Users\RakaThinkpad\Documents\Project\educatedplanet\models\src\tutor\tutor.types.ts: 20 symbols, 0 imports
[2025-11-05T11:59:53.765Z] [2025-11-05T11:59:53.765Z] [INDEXING-ORCHESTRATOR] [DEBUG] 📍 Chunk 5-81: 8 candidate symbols
[2025-11-05T11:59:53.765Z] [2025-11-05T11:59:53.765Z] [INDEXING-ORCHESTRATOR] [DEBUG] ✅ Chunk symbols after filtering: 8 symbols - Tutor, TutorRating, TeachingMode, TutorLocation, TutorPrice, TutorSearchFilters, TutorCardVariant, ExtendedTutor
[2025-11-05T11:59:53.765Z] [2025-11-05T11:59:53.765Z] [INDEXING-ORCHESTRATOR] [DEBUG] 📍 Chunk 86-140: 6 candidate symbols
[2025-11-05T11:59:53.765Z] [2025-11-05T11:59:53.765Z] [INDEXING-ORCHESTRATOR] [DEBUG] ✅ Chunk symbols after filtering: 6 symbols - Education, Language, Availability, WeekdayAvailability, TimeSlot, Review
[2025-11-05T11:59:53.765Z] [2025-11-05T11:59:53.765Z] [INDEXING-ORCHESTRATOR] [DEBUG] 📍 Chunk 149-232: 5 candidate symbols
[2025-11-05T11:59:53.765Z] [2025-11-05T11:59:53.765Z] [INDEXING-ORCHESTRATOR] [DEBUG] ✅ Chunk symbols after filtering: 5 symbols - CreateTutorInput, UpdateTutorInput, TutorSearchParams, CreateReviewInput, UpdateReviewInput
[2025-11-05T11:59:53.765Z] [2025-11-05T11:59:53.765Z] [INDEXING-ORCHESTRATOR] [DEBUG] 📍 Chunk 237-245: 1 candidate symbols
[2025-11-05T11:59:53.765Z] [2025-11-05T11:59:53.765Z] [INDEXING-ORCHESTRATOR] [DEBUG] ✅ Chunk symbols after filtering: 1 symbols - ReviewSearchParams
[2025-11-05T11:59:53.765Z] [2025-11-05T11:59:53.765Z] [INDEXING-ORCHESTRATOR] [DEBUG] Created 4 semantic chunks for C:\Users\RakaThinkpad\Documents\Project\educatedplanet\models\src\tutor\tutor.types.ts
[2025-11-05T11:59:53.765Z] [2025-11-05T11:59:53.765Z] [INDEXING-ORCHESTRATOR] [DEBUG] Average chunk size: 1013 characters
[2025-11-05T11:59:53.766Z] [2025-11-05T11:59:53.766Z] [TREESITTER-CHUNKER] [INFO] Created 1 semantic chunks from C:\Users\RakaThinkpad\Documents\Project\educatedplanet\models\src\user\user.types.js
[2025-11-05T11:59:53.766Z] [2025-11-05T11:59:53.767Z] [TREESITTER-FULL] [INFO] Extracted 0 symbols from C:\Users\RakaThinkpad\Documents\Project\educatedplanet\models\src\user\user.types.js
[2025-11-05T11:59:53.766Z] [2025-11-05T11:59:53.767Z] [INDEXING-ORCHESTRATOR] [DEBUG] 🔍 Symbol extraction for C:\Users\RakaThinkpad\Documents\Project\educatedplanet\models\src\user\user.types.js: 0 symbols, 0 imports
[2025-11-05T11:59:53.767Z] [2025-11-05T11:59:53.767Z] [INDEXING-ORCHESTRATOR] [DEBUG] 📍 Chunk 1-3: 0 candidate symbols
[2025-11-05T11:59:53.767Z] [2025-11-05T11:59:53.767Z] [INDEXING-ORCHESTRATOR] [DEBUG] ✅ Chunk symbols after filtering: 0 symbols - 
[2025-11-05T11:59:53.767Z] [2025-11-05T11:59:53.767Z] [INDEXING-ORCHESTRATOR] [DEBUG] Created 1 semantic chunks for C:\Users\RakaThinkpad\Documents\Project\educatedplanet\models\src\user\user.types.js
[2025-11-05T11:59:53.767Z] [2025-11-05T11:59:53.767Z] [INDEXING-ORCHESTRATOR] [DEBUG] Average chunk size: 115 characters
[2025-11-05T11:59:53.780Z] [2025-11-05T11:59:53.780Z] [TREESITTER-CHUNKER] [INFO] Created 3 semantic chunks from C:\Users\RakaThinkpad\Documents\Project\educatedplanet\models\src\user\user.types.ts
[2025-11-05T11:59:53.792Z] [2025-11-05T11:59:53.792Z] [TREESITTER-FULL] [INFO] Extracted 15 symbols from C:\Users\RakaThinkpad\Documents\Project\educatedplanet\models\src\user\user.types.ts
[2025-11-05T11:59:53.792Z] [2025-11-05T11:59:53.792Z] [INDEXING-ORCHESTRATOR] [DEBUG] 🔍 Symbol extraction for C:\Users\RakaThinkpad\Documents\Project\educatedplanet\models\src\user\user.types.ts: 15 symbols, 0 imports
[2025-11-05T11:59:53.792Z] [2025-11-05T11:59:53.792Z] [INDEXING-ORCHESTRATOR] [DEBUG] 📍 Chunk 4-90: 8 candidate symbols
[2025-11-05T11:59:53.792Z] [2025-11-05T11:59:53.792Z] [INDEXING-ORCHESTRATOR] [DEBUG] ✅ Chunk symbols after filtering: 8 symbols - User, UserRole, UserRegistration, UserLogin, UserProfile, Address, UserPreferences, NotificationPreferences
[2025-11-05T11:59:53.792Z] [2025-11-05T11:59:53.792Z] [INDEXING-ORCHESTRATOR] [DEBUG] 📍 Chunk 95-119: 3 candidate symbols
[2025-11-05T11:59:53.792Z] [2025-11-05T11:59:53.792Z] [INDEXING-ORCHESTRATOR] [DEBUG] ✅ Chunk symbols after filtering: 3 symbols - PrivacySettings, ExtendedUser, UserStats
[2025-11-05T11:59:53.792Z] [2025-11-05T11:59:53.792Z] [INDEXING-ORCHESTRATOR] [DEBUG] 📍 Chunk 128-167: 4 candidate symbols
[2025-11-05T11:59:53.792Z] [2025-11-05T11:59:53.792Z] [INDEXING-ORCHESTRATOR] [DEBUG] ✅ Chunk symbols after filtering: 4 symbols - CreateUserInput, UpdateUserInput, LoginInput, UserSearchParams
[2025-11-05T11:59:53.792Z] [2025-11-05T11:59:53.792Z] [INDEXING-ORCHESTRATOR] [DEBUG] Created 3 semantic chunks for C:\Users\RakaThinkpad\Documents\Project\educatedplanet\models\src\user\user.types.ts
[2025-11-05T11:59:53.792Z] [2025-11-05T11:59:53.792Z] [INDEXING-ORCHESTRATOR] [DEBUG] Average chunk size: 852 characters
[2025-11-05T11:59:53.849Z] [2025-11-05T11:59:53.849Z] [TREESITTER-CHUNKER] [INFO] Created 1 semantic chunks from C:\Users\RakaThinkpad\Documents\Project\educatedplanet\web\app\demo\page.tsx
[2025-11-05T11:59:54.230Z] [2025-11-05T11:59:54.230Z] [TREESITTER-FULL] [INFO] Extracted 3 symbols from C:\Users\RakaThinkpad\Documents\Project\educatedplanet\web\app\demo\page.tsx
[2025-11-05T11:59:54.230Z] [2025-11-05T11:59:54.230Z] [INDEXING-ORCHESTRATOR] [DEBUG] 🔍 Symbol extraction for C:\Users\RakaThinkpad\Documents\Project\educatedplanet\web\app\demo\page.tsx: 3 symbols, 6 imports
[2025-11-05T11:59:54.230Z] [2025-11-05T11:59:54.230Z] [INDEXING-ORCHESTRATOR] [DEBUG] 📍 Chunk 1-343: 3 candidate symbols
[2025-11-05T11:59:54.230Z] [2025-11-05T11:59:54.230Z] [INDEXING-ORCHESTRATOR] [DEBUG] ✅ Chunk symbols after filtering: 3 symbols - features, components, demoTutors
[2025-11-05T11:59:54.230Z] [2025-11-05T11:59:54.230Z] [INDEXING-ORCHESTRATOR] [DEBUG] Created 1 semantic chunks for C:\Users\RakaThinkpad\Documents\Project\educatedplanet\web\app\demo\page.tsx
[2025-11-05T11:59:54.230Z] [2025-11-05T11:59:54.230Z] [INDEXING-ORCHESTRATOR] [DEBUG] Average chunk size: 13510 characters
[2025-11-05T11:59:54.233Z] [2025-11-05T11:59:54.234Z] [TREESITTER-CHUNKER] [INFO] Created 1 semantic chunks from C:\Users\RakaThinkpad\Documents\Project\educatedplanet\web\app\featured-tutors-demo\page.tsx
[2025-11-05T11:59:54.243Z] [2025-11-05T11:59:54.243Z] [TREESITTER-FULL] [INFO] Extracted 1 symbols from C:\Users\RakaThinkpad\Documents\Project\educatedplanet\web\app\featured-tutors-demo\page.tsx
[2025-11-05T11:59:54.243Z] [2025-11-05T11:59:54.243Z] [INDEXING-ORCHESTRATOR] [DEBUG] 🔍 Symbol extraction for C:\Users\RakaThinkpad\Documents\Project\educatedplanet\web\app\featured-tutors-demo\page.tsx: 1 symbols, 1 imports
[2025-11-05T11:59:54.243Z] [2025-11-05T11:59:54.243Z] [INDEXING-ORCHESTRATOR] [DEBUG] 📍 Chunk 3-30: 1 candidate symbols
[2025-11-05T11:59:54.243Z] [2025-11-05T11:59:54.243Z] [INDEXING-ORCHESTRATOR] [DEBUG] ✅ Chunk symbols after filtering: 1 symbols - FeaturedTutorsDemoPage
[2025-11-05T11:59:54.243Z] [2025-11-05T11:59:54.243Z] [INDEXING-ORCHESTRATOR] [DEBUG] Created 1 semantic chunks for C:\Users\RakaThinkpad\Documents\Project\educatedplanet\web\app\featured-tutors-demo\page.tsx
[2025-11-05T11:59:54.243Z] [2025-11-05T11:59:54.243Z] [INDEXING-ORCHESTRATOR] [DEBUG] Average chunk size: 924 characters
[2025-11-05T11:59:54.244Z] [2025-11-05T11:59:54.245Z] [TREESITTER-CHUNKER] [INFO] Created 1 semantic chunks from C:\Users\RakaThinkpad\Documents\Project\educatedplanet\web\app\page.tsx
[2025-11-05T11:59:54.247Z] [2025-11-05T11:59:54.247Z] [TREESITTER-FULL] [INFO] Extracted 1 symbols from C:\Users\RakaThinkpad\Documents\Project\educatedplanet\web\app\page.tsx
[2025-11-05T11:59:54.247Z] [2025-11-05T11:59:54.247Z] [INDEXING-ORCHESTRATOR] [DEBUG] 🔍 Symbol extraction for C:\Users\RakaThinkpad\Documents\Project\educatedplanet\web\app\page.tsx: 1 symbols, 2 imports
[2025-11-05T11:59:54.247Z] [2025-11-05T11:59:54.247Z] [INDEXING-ORCHESTRATOR] [DEBUG] 📍 Chunk 6-21: 1 candidate symbols
[2025-11-05T11:59:54.247Z] [2025-11-05T11:59:54.247Z] [INDEXING-ORCHESTRATOR] [DEBUG] ✅ Chunk symbols after filtering: 1 symbols - Home
[2025-11-05T11:59:54.247Z] [2025-11-05T11:59:54.247Z] [INDEXING-ORCHESTRATOR] [DEBUG] Created 1 semantic chunks for C:\Users\RakaThinkpad\Documents\Project\educatedplanet\web\app\page.tsx
[2025-11-05T11:59:54.247Z] [2025-11-05T11:59:54.247Z] [INDEXING-ORCHESTRATOR] [DEBUG] Average chunk size: 507 characters
[2025-11-05T11:59:54.250Z] [2025-11-05T11:59:54.251Z] [TREESITTER-CHUNKER] [INFO] Created 1 semantic chunks from C:\Users\RakaThinkpad\Documents\Project\educatedplanet\web\app\layout.tsx
[2025-11-05T11:59:54.262Z] [2025-11-05T11:59:54.262Z] [TREESITTER-FULL] [INFO] Extracted 5 symbols from C:\Users\RakaThinkpad\Documents\Project\educatedplanet\web\app\layout.tsx
[2025-11-05T11:59:54.262Z] [2025-11-05T11:59:54.262Z] [INDEXING-ORCHESTRATOR] [DEBUG] 🔍 Symbol extraction for C:\Users\RakaThinkpad\Documents\Project\educatedplanet\web\app\layout.tsx: 5 symbols, 4 imports
[2025-11-05T11:59:54.262Z] [2025-11-05T11:59:54.262Z] [INDEXING-ORCHESTRATOR] [DEBUG] 📍 Chunk 32-49: 1 candidate symbols
[2025-11-05T11:59:54.262Z] [2025-11-05T11:59:54.262Z] [INDEXING-ORCHESTRATOR] [DEBUG] ✅ Chunk symbols after filtering: 1 symbols - RootLayout
[2025-11-05T11:59:54.262Z] [2025-11-05T11:59:54.262Z] [INDEXING-ORCHESTRATOR] [DEBUG] Created 1 semantic chunks for C:\Users\RakaThinkpad\Documents\Project\educatedplanet\web\app\layout.tsx
[2025-11-05T11:59:54.262Z] [2025-11-05T11:59:54.262Z] [INDEXING-ORCHESTRATOR] [DEBUG] Average chunk size: 392 characters
[2025-11-05T11:59:54.262Z] [2025-11-05T11:59:54.262Z] [TREESITTER-CHUNKER] [INFO] Created 1 semantic chunks from C:\Users\RakaThinkpad\Documents\Project\educatedplanet\web\components\auth\index.ts
[2025-11-05T11:59:54.263Z] [2025-11-05T11:59:54.263Z] [TREESITTER-FULL] [INFO] Extracted 0 symbols from C:\Users\RakaThinkpad\Documents\Project\educatedplanet\web\components\auth\index.ts
[2025-11-05T11:59:54.263Z] [2025-11-05T11:59:54.263Z] [INDEXING-ORCHESTRATOR] [DEBUG] 🔍 Symbol extraction for C:\Users\RakaThinkpad\Documents\Project\educatedplanet\web\components\auth\index.ts: 0 symbols, 0 imports
[2025-11-05T11:59:54.263Z] [2025-11-05T11:59:54.263Z] [INDEXING-ORCHESTRATOR] [DEBUG] 📍 Chunk 1-1: 0 candidate symbols
[2025-11-05T11:59:54.263Z] [2025-11-05T11:59:54.263Z] [INDEXING-ORCHESTRATOR] [DEBUG] ✅ Chunk symbols after filtering: 0 symbols - 
[2025-11-05T11:59:54.263Z] [2025-11-05T11:59:54.263Z] [INDEXING-ORCHESTRATOR] [DEBUG] Created 1 semantic chunks for C:\Users\RakaThinkpad\Documents\Project\educatedplanet\web\components\auth\index.ts
[2025-11-05T11:59:54.263Z] [2025-11-05T11:59:54.263Z] [INDEXING-ORCHESTRATOR] [DEBUG] Average chunk size: 42 characters
[2025-11-05T11:59:54.263Z] [2025-11-05T11:59:54.263Z] [INDEXING-ORCHESTRATOR] [DEBUG] 📊 Processed: 190/220 files
[2025-11-05T11:59:54.293Z] [2025-11-05T11:59:54.293Z] [TREESITTER-CHUNKER] [INFO] Created 3 semantic chunks from C:\Users\RakaThinkpad\Documents\Project\educatedplanet\web\components\auth\login-modal.tsx
[2025-11-05T11:59:54.359Z] [2025-11-05T11:59:54.359Z] [TREESITTER-FULL] [INFO] Extracted 6 symbols from C:\Users\RakaThinkpad\Documents\Project\educatedplanet\web\components\auth\login-modal.tsx
[2025-11-05T11:59:54.359Z] [2025-11-05T11:59:54.359Z] [INDEXING-ORCHESTRATOR] [DEBUG] 🔍 Symbol extraction for C:\Users\RakaThinkpad\Documents\Project\educatedplanet\web\components\auth\login-modal.tsx: 6 symbols, 6 imports
[2025-11-05T11:59:54.359Z] [2025-11-05T11:59:54.359Z] [INDEXING-ORCHESTRATOR] [DEBUG] 📍 Chunk 10-67: 4 candidate symbols
[2025-11-05T11:59:54.359Z] [2025-11-05T11:59:54.359Z] [INDEXING-ORCHESTRATOR] [DEBUG] ✅ Chunk symbols after filtering: 4 symbols - LoginModalProps, OTPFormProps, OTPForm, OTPVerifyProps
[2025-11-05T11:59:54.359Z] [2025-11-05T11:59:54.359Z] [INDEXING-ORCHESTRATOR] [DEBUG] 📍 Chunk 69-128: 1 candidate symbols
[2025-11-05T11:59:54.359Z] [2025-11-05T11:59:54.359Z] [INDEXING-ORCHESTRATOR] [DEBUG] ✅ Chunk symbols after filtering: 1 symbols - OTPVerify
[2025-11-05T11:59:54.359Z] [2025-11-05T11:59:54.359Z] [INDEXING-ORCHESTRATOR] [DEBUG] 📍 Chunk 130-215: 1 candidate symbols
[2025-11-05T11:59:54.359Z] [2025-11-05T11:59:54.359Z] [INDEXING-ORCHESTRATOR] [DEBUG] ✅ Chunk symbols after filtering: 1 symbols - LoginModal
[2025-11-05T11:59:54.359Z] [2025-11-05T11:59:54.359Z] [INDEXING-ORCHESTRATOR] [DEBUG] Created 3 semantic chunks for C:\Users\RakaThinkpad\Documents\Project\educatedplanet\web\components\auth\login-modal.tsx
[2025-11-05T11:59:54.359Z] [2025-11-05T11:59:54.359Z] [INDEXING-ORCHESTRATOR] [DEBUG] Average chunk size: 1713 characters
[2025-11-05T11:59:54.371Z] [2025-11-05T11:59:54.371Z] [TREESITTER-CHUNKER] [INFO] Created 1 semantic chunks from C:\Users\RakaThinkpad\Documents\Project\educatedplanet\web\components\featured-tutors\integration-example.tsx
[2025-11-05T11:59:54.400Z] [2025-11-05T11:59:54.400Z] [TREESITTER-FULL] [INFO] Extracted 0 symbols from C:\Users\RakaThinkpad\Documents\Project\educatedplanet\web\components\featured-tutors\integration-example.tsx
[2025-11-05T11:59:54.400Z] [2025-11-05T11:59:54.401Z] [INDEXING-ORCHESTRATOR] [DEBUG] 🔍 Symbol extraction for C:\Users\RakaThinkpad\Documents\Project\educatedplanet\web\components\featured-tutors\integration-example.tsx: 0 symbols, 4 imports
[2025-11-05T11:59:54.400Z] [2025-11-05T11:59:54.401Z] [INDEXING-ORCHESTRATOR] [DEBUG] 📍 Chunk 1-103: 0 candidate symbols
[2025-11-05T11:59:54.400Z] [2025-11-05T11:59:54.401Z] [INDEXING-ORCHESTRATOR] [DEBUG] ✅ Chunk symbols after filtering: 0 symbols - 
[2025-11-05T11:59:54.401Z] [2025-11-05T11:59:54.401Z] [INDEXING-ORCHESTRATOR] [DEBUG] Created 1 semantic chunks for C:\Users\RakaThinkpad\Documents\Project\educatedplanet\web\components\featured-tutors\integration-example.tsx
[2025-11-05T11:59:54.401Z] [2025-11-05T11:59:54.401Z] [INDEXING-ORCHESTRATOR] [DEBUG] Average chunk size: 4831 characters
[2025-11-05T11:59:54.401Z] [2025-11-05T11:59:54.401Z] [TREESITTER-CHUNKER] [INFO] Created 1 semantic chunks from C:\Users\RakaThinkpad\Documents\Project\educatedplanet\web\components\featured-tutors\index.ts
[2025-11-05T11:59:54.402Z] [2025-11-05T11:59:54.402Z] [TREESITTER-FULL] [INFO] Extracted 0 symbols from C:\Users\RakaThinkpad\Documents\Project\educatedplanet\web\components\featured-tutors\index.ts
[2025-11-05T11:59:54.402Z] [2025-11-05T11:59:54.402Z] [INDEXING-ORCHESTRATOR] [DEBUG] 🔍 Symbol extraction for C:\Users\RakaThinkpad\Documents\Project\educatedplanet\web\components\featured-tutors\index.ts: 0 symbols, 0 imports
[2025-11-05T11:59:54.402Z] [2025-11-05T11:59:54.402Z] [INDEXING-ORCHESTRATOR] [DEBUG] 📍 Chunk 1-4: 0 candidate symbols
[2025-11-05T11:59:54.402Z] [2025-11-05T11:59:54.402Z] [INDEXING-ORCHESTRATOR] [DEBUG] ✅ Chunk symbols after filtering: 0 symbols - 
[2025-11-05T11:59:54.402Z] [2025-11-05T11:59:54.402Z] [INDEXING-ORCHESTRATOR] [DEBUG] Created 1 semantic chunks for C:\Users\RakaThinkpad\Documents\Project\educatedplanet\web\components\featured-tutors\index.ts
[2025-11-05T11:59:54.402Z] [2025-11-05T11:59:54.402Z] [INDEXING-ORCHESTRATOR] [DEBUG] Average chunk size: 209 characters
[2025-11-05T11:59:54.414Z] [2025-11-05T11:59:54.414Z] [TREESITTER-CHUNKER] [INFO] Created 2 semantic chunks from C:\Users\RakaThinkpad\Documents\Project\educatedplanet\web\components\featured-tutors\featured-tutors-section.tsx
[2025-11-05T11:59:54.435Z] [2025-11-05T11:59:54.435Z] [TREESITTER-FULL] [INFO] Extracted 1 symbols from C:\Users\RakaThinkpad\Documents\Project\educatedplanet\web\components\featured-tutors\featured-tutors-section.tsx
[2025-11-05T11:59:54.435Z] [2025-11-05T11:59:54.435Z] [INDEXING-ORCHESTRATOR] [DEBUG] 🔍 Symbol extraction for C:\Users\RakaThinkpad\Documents\Project\educatedplanet\web\components\featured-tutors\featured-tutors-section.tsx: 1 symbols, 7 imports
[2025-11-05T11:59:54.435Z] [2025-11-05T11:59:54.435Z] [INDEXING-ORCHESTRATOR] [DEBUG] 📍 Chunk 11-18: 1 candidate symbols
[2025-11-05T11:59:54.435Z] [2025-11-05T11:59:54.435Z] [INDEXING-ORCHESTRATOR] [DEBUG] ✅ Chunk symbols after filtering: 1 symbols - FeaturedTutorsSectionProps
[2025-11-05T11:59:54.435Z] [2025-11-05T11:59:54.435Z] [INDEXING-ORCHESTRATOR] [DEBUG] 📍 Chunk 19-140: 0 candidate symbols
[2025-11-05T11:59:54.435Z] [2025-11-05T11:59:54.435Z] [INDEXING-ORCHESTRATOR] [DEBUG] ✅ Chunk symbols after filtering: 0 symbols - 
[2025-11-05T11:59:54.435Z] [2025-11-05T11:59:54.435Z] [INDEXING-ORCHESTRATOR] [DEBUG] Created 2 semantic chunks for C:\Users\RakaThinkpad\Documents\Project\educatedplanet\web\components\featured-tutors\featured-tutors-section.tsx
[2025-11-05T11:59:54.435Z] [2025-11-05T11:59:54.435Z] [INDEXING-ORCHESTRATOR] [DEBUG] Average chunk size: 2325 characters
[2025-11-05T11:59:54.441Z] [2025-11-05T11:59:54.441Z] [TREESITTER-CHUNKER] [INFO] Created 2 semantic chunks from C:\Users\RakaThinkpad\Documents\Project\educatedplanet\web\components\featured-tutors\rating-stars.tsx
[2025-11-05T11:59:54.452Z] [2025-11-05T11:59:54.453Z] [TREESITTER-FULL] [INFO] Extracted 4 symbols from C:\Users\RakaThinkpad\Documents\Project\educatedplanet\web\components\featured-tutors\rating-stars.tsx
[2025-11-05T11:59:54.452Z] [2025-11-05T11:59:54.453Z] [INDEXING-ORCHESTRATOR] [DEBUG] 🔍 Symbol extraction for C:\Users\RakaThinkpad\Documents\Project\educatedplanet\web\components\featured-tutors\rating-stars.tsx: 4 symbols, 3 imports
[2025-11-05T11:59:54.452Z] [2025-11-05T11:59:54.453Z] [INDEXING-ORCHESTRATOR] [DEBUG] 📍 Chunk 7-13: 1 candidate symbols
[2025-11-05T11:59:54.452Z] [2025-11-05T11:59:54.453Z] [INDEXING-ORCHESTRATOR] [DEBUG] ✅ Chunk symbols after filtering: 1 symbols - RatingStarsProps
[2025-11-05T11:59:54.453Z] [2025-11-05T11:59:54.453Z] [INDEXING-ORCHESTRATOR] [DEBUG] 📍 Chunk 14-95: 3 candidate symbols
[2025-11-05T11:59:54.453Z] [2025-11-05T11:59:54.453Z] [INDEXING-ORCHESTRATOR] [DEBUG] ✅ Chunk symbols after filtering: 3 symbols - fullStars, sizeClasses, textSizes
[2025-11-05T11:59:54.453Z] [2025-11-05T11:59:54.453Z] [INDEXING-ORCHESTRATOR] [DEBUG] Created 2 semantic chunks for C:\Users\RakaThinkpad\Documents\Project\educatedplanet\web\components\featured-tutors\rating-stars.tsx
[2025-11-05T11:59:54.453Z] [2025-11-05T11:59:54.453Z] [INDEXING-ORCHESTRATOR] [DEBUG] Average chunk size: 1117 characters
[2025-11-05T11:59:54.460Z] [2025-11-05T11:59:54.460Z] [TREESITTER-CHUNKER] [INFO] Created 2 semantic chunks from C:\Users\RakaThinkpad\Documents\Project\educatedplanet\web\components\header\header.tsx
[2025-11-05T11:59:54.504Z] [2025-11-05T11:59:54.504Z] [TREESITTER-FULL] [INFO] Extracted 2 symbols from C:\Users\RakaThinkpad\Documents\Project\educatedplanet\web\components\header\header.tsx
[2025-11-05T11:59:54.504Z] [2025-11-05T11:59:54.504Z] [INDEXING-ORCHESTRATOR] [DEBUG] 🔍 Symbol extraction for C:\Users\RakaThinkpad\Documents\Project\educatedplanet\web\components\header\header.tsx: 2 symbols, 8 imports
[2025-11-05T11:59:54.504Z] [2025-11-05T11:59:54.504Z] [INDEXING-ORCHESTRATOR] [DEBUG] 📍 Chunk 12-14: 1 candidate symbols
[2025-11-05T11:59:54.504Z] [2025-11-05T11:59:54.504Z] [INDEXING-ORCHESTRATOR] [DEBUG] ✅ Chunk symbols after filtering: 1 symbols - HeaderProps
[2025-11-05T11:59:54.504Z] [2025-11-05T11:59:54.504Z] [INDEXING-ORCHESTRATOR] [DEBUG] 📍 Chunk 16-84: 1 candidate symbols
[2025-11-05T11:59:54.504Z] [2025-11-05T11:59:54.504Z] [INDEXING-ORCHESTRATOR] [DEBUG] ✅ Chunk symbols after filtering: 1 symbols - Header
[2025-11-05T11:59:54.504Z] [2025-11-05T11:59:54.504Z] [INDEXING-ORCHESTRATOR] [DEBUG] Created 2 semantic chunks for C:\Users\RakaThinkpad\Documents\Project\educatedplanet\web\components\header\header.tsx
[2025-11-05T11:59:54.504Z] [2025-11-05T11:59:54.504Z] [INDEXING-ORCHESTRATOR] [DEBUG] Average chunk size: 1094 characters
[2025-11-05T11:59:54.538Z] [2025-11-05T11:59:54.538Z] [TREESITTER-CHUNKER] [INFO] Created 2 semantic chunks from C:\Users\RakaThinkpad\Documents\Project\educatedplanet\web\components\featured-tutors\tutor-card.tsx
[2025-11-05T11:59:54.589Z] [2025-11-05T11:59:54.589Z] [TREESITTER-FULL] [INFO] Extracted 3 symbols from C:\Users\RakaThinkpad\Documents\Project\educatedplanet\web\components\featured-tutors\tutor-card.tsx
[2025-11-05T11:59:54.589Z] [2025-11-05T11:59:54.589Z] [INDEXING-ORCHESTRATOR] [DEBUG] 🔍 Symbol extraction for C:\Users\RakaThinkpad\Documents\Project\educatedplanet\web\components\featured-tutors\tutor-card.tsx: 3 symbols, 12 imports
[2025-11-05T11:59:54.589Z] [2025-11-05T11:59:54.589Z] [INDEXING-ORCHESTRATOR] [DEBUG] 📍 Chunk 16-22: 1 candidate symbols
[2025-11-05T11:59:54.589Z] [2025-11-05T11:59:54.589Z] [INDEXING-ORCHESTRATOR] [DEBUG] ✅ Chunk symbols after filtering: 1 symbols - TutorCardProps
[2025-11-05T11:59:54.589Z] [2025-11-05T11:59:54.589Z] [INDEXING-ORCHESTRATOR] [DEBUG] 📍 Chunk 23-190: 2 candidate symbols
[2025-11-05T11:59:54.589Z] [2025-11-05T11:59:54.589Z] [INDEXING-ORCHESTRATOR] [DEBUG] ✅ Chunk symbols after filtering: 2 symbols - handleViewProfile, variantStyles
[2025-11-05T11:59:54.589Z] [2025-11-05T11:59:54.589Z] [INDEXING-ORCHESTRATOR] [DEBUG] Created 2 semantic chunks for C:\Users\RakaThinkpad\Documents\Project\educatedplanet\web\components\featured-tutors\tutor-card.tsx
[2025-11-05T11:59:54.589Z] [2025-11-05T11:59:54.589Z] [INDEXING-ORCHESTRATOR] [DEBUG] Average chunk size: 3176 characters
[2025-11-05T11:59:54.594Z] [2025-11-05T11:59:54.594Z] [TREESITTER-CHUNKER] [INFO] Created 2 semantic chunks from C:\Users\RakaThinkpad\Documents\Project\educatedplanet\web\components\featured-tutors\teaching-mode-badge.tsx
[2025-11-05T11:59:54.606Z] [2025-11-05T11:59:54.606Z] [TREESITTER-FULL] [INFO] Extracted 4 symbols from C:\Users\RakaThinkpad\Documents\Project\educatedplanet\web\components\featured-tutors\teaching-mode-badge.tsx
[2025-11-05T11:59:54.606Z] [2025-11-05T11:59:54.606Z] [INDEXING-ORCHESTRATOR] [DEBUG] 🔍 Symbol extraction for C:\Users\RakaThinkpad\Documents\Project\educatedplanet\web\components\featured-tutors\teaching-mode-badge.tsx: 4 symbols, 4 imports
[2025-11-05T11:59:54.606Z] [2025-11-05T11:59:54.606Z] [INDEXING-ORCHESTRATOR] [DEBUG] 📍 Chunk 8-12: 1 candidate symbols
[2025-11-05T11:59:54.606Z] [2025-11-05T11:59:54.606Z] [INDEXING-ORCHESTRATOR] [DEBUG] ✅ Chunk symbols after filtering: 1 symbols - TeachingModeBadgeProps
[2025-11-05T11:59:54.606Z] [2025-11-05T11:59:54.606Z] [INDEXING-ORCHESTRATOR] [DEBUG] 📍 Chunk 13-81: 3 candidate symbols
[2025-11-05T11:59:54.606Z] [2025-11-05T11:59:54.606Z] [INDEXING-ORCHESTRATOR] [DEBUG] ✅ Chunk symbols after filtering: 3 symbols - getBadgeInfo, sizeClasses, iconSizes
[2025-11-05T11:59:54.606Z] [2025-11-05T11:59:54.606Z] [INDEXING-ORCHESTRATOR] [DEBUG] Created 2 semantic chunks for C:\Users\RakaThinkpad\Documents\Project\educatedplanet\web\components\featured-tutors\teaching-mode-badge.tsx
[2025-11-05T11:59:54.606Z] [2025-11-05T11:59:54.606Z] [INDEXING-ORCHESTRATOR] [DEBUG] Average chunk size: 999 characters
[2025-11-05T11:59:54.609Z] [2025-11-05T11:59:54.610Z] [TREESITTER-CHUNKER] [INFO] Created 1 semantic chunks from C:\Users\RakaThinkpad\Documents\Project\educatedplanet\web\components\header\logo.tsx
[2025-11-05T11:59:54.616Z] [2025-11-05T11:59:54.617Z] [TREESITTER-FULL] [INFO] Extracted 2 symbols from C:\Users\RakaThinkpad\Documents\Project\educatedplanet\web\components\header\logo.tsx
[2025-11-05T11:59:54.617Z] [2025-11-05T11:59:54.617Z] [INDEXING-ORCHESTRATOR] [DEBUG] 🔍 Symbol extraction for C:\Users\RakaThinkpad\Documents\Project\educatedplanet\web\components\header\logo.tsx: 2 symbols, 2 imports
[2025-11-05T11:59:54.617Z] [2025-11-05T11:59:54.617Z] [INDEXING-ORCHESTRATOR] [DEBUG] 📍 Chunk 4-53: 2 candidate symbols
[2025-11-05T11:59:54.617Z] [2025-11-05T11:59:54.617Z] [INDEXING-ORCHESTRATOR] [DEBUG] ✅ Chunk symbols after filtering: 2 symbols - LogoProps, Logo
[2025-11-05T11:59:54.617Z] [2025-11-05T11:59:54.617Z] [INDEXING-ORCHESTRATOR] [DEBUG] Created 1 semantic chunks for C:\Users\RakaThinkpad\Documents\Project\educatedplanet\web\components\header\logo.tsx
[2025-11-05T11:59:54.617Z] [2025-11-05T11:59:54.617Z] [INDEXING-ORCHESTRATOR] [DEBUG] Average chunk size: 1194 characters
[2025-11-05T11:59:54.617Z] [2025-11-05T11:59:54.617Z] [TREESITTER-CHUNKER] [INFO] Created 1 semantic chunks from C:\Users\RakaThinkpad\Documents\Project\educatedplanet\web\components\header\index.ts
[2025-11-05T11:59:54.618Z] [2025-11-05T11:59:54.618Z] [TREESITTER-FULL] [INFO] Extracted 0 symbols from C:\Users\RakaThinkpad\Documents\Project\educatedplanet\web\components\header\index.ts
[2025-11-05T11:59:54.618Z] [2025-11-05T11:59:54.618Z] [INDEXING-ORCHESTRATOR] [DEBUG] 🔍 Symbol extraction for C:\Users\RakaThinkpad\Documents\Project\educatedplanet\web\components\header\index.ts: 0 symbols, 0 imports
[2025-11-05T11:59:54.618Z] [2025-11-05T11:59:54.618Z] [INDEXING-ORCHESTRATOR] [DEBUG] 📍 Chunk 1-4: 0 candidate symbols
[2025-11-05T11:59:54.618Z] [2025-11-05T11:59:54.618Z] [INDEXING-ORCHESTRATOR] [DEBUG] ✅ Chunk symbols after filtering: 0 symbols - 
[2025-11-05T11:59:54.618Z] [2025-11-05T11:59:54.618Z] [INDEXING-ORCHESTRATOR] [DEBUG] Created 1 semantic chunks for C:\Users\RakaThinkpad\Documents\Project\educatedplanet\web\components\header\index.ts
[2025-11-05T11:59:54.618Z] [2025-11-05T11:59:54.618Z] [INDEXING-ORCHESTRATOR] [DEBUG] Average chunk size: 148 characters
[2025-11-05T11:59:54.618Z] [2025-11-05T11:59:54.618Z] [INDEXING-ORCHESTRATOR] [DEBUG] 📊 Processed: 200/220 files
[2025-11-05T11:59:54.630Z] [2025-11-05T11:59:54.630Z] [TREESITTER-CHUNKER] [INFO] Created 2 semantic chunks from C:\Users\RakaThinkpad\Documents\Project\educatedplanet\web\components\header\mobile-menu.tsx
[2025-11-05T11:59:54.639Z] [2025-11-05T11:59:54.639Z] [TREESITTER-FULL] [INFO] Extracted 2 symbols from C:\Users\RakaThinkpad\Documents\Project\educatedplanet\web\components\header\mobile-menu.tsx
[2025-11-05T11:59:54.639Z] [2025-11-05T11:59:54.640Z] [INDEXING-ORCHESTRATOR] [DEBUG] 🔍 Symbol extraction for C:\Users\RakaThinkpad\Documents\Project\educatedplanet\web\components\header\mobile-menu.tsx: 2 symbols, 8 imports
[2025-11-05T11:59:54.639Z] [2025-11-05T11:59:54.640Z] [INDEXING-ORCHESTRATOR] [DEBUG] 📍 Chunk 12-14: 1 candidate symbols
[2025-11-05T11:59:54.640Z] [2025-11-05T11:59:54.640Z] [INDEXING-ORCHESTRATOR] [DEBUG] ✅ Chunk symbols after filtering: 1 symbols - MobileMenuProps
[2025-11-05T11:59:54.640Z] [2025-11-05T11:59:54.640Z] [INDEXING-ORCHESTRATOR] [DEBUG] 📍 Chunk 15-68: 1 candidate symbols
[2025-11-05T11:59:54.640Z] [2025-11-05T11:59:54.640Z] [INDEXING-ORCHESTRATOR] [DEBUG] ✅ Chunk symbols after filtering: 1 symbols - handleNavClick
[2025-11-05T11:59:54.640Z] [2025-11-05T11:59:54.640Z] [INDEXING-ORCHESTRATOR] [DEBUG] Created 2 semantic chunks for C:\Users\RakaThinkpad\Documents\Project\educatedplanet\web\components\header\mobile-menu.tsx
[2025-11-05T11:59:54.640Z] [2025-11-05T11:59:54.640Z] [INDEXING-ORCHESTRATOR] [DEBUG] Average chunk size: 701 characters
[2025-11-05T11:59:54.644Z] [2025-11-05T11:59:54.645Z] [TREESITTER-CHUNKER] [INFO] Created 1 semantic chunks from C:\Users\RakaThinkpad\Documents\Project\educatedplanet\web\components\header\navigation.tsx
[2025-11-05T11:59:54.653Z] [2025-11-05T11:59:54.653Z] [TREESITTER-FULL] [INFO] Extracted 3 symbols from C:\Users\RakaThinkpad\Documents\Project\educatedplanet\web\components\header\navigation.tsx
[2025-11-05T11:59:54.653Z] [2025-11-05T11:59:54.653Z] [INDEXING-ORCHESTRATOR] [DEBUG] 🔍 Symbol extraction for C:\Users\RakaThinkpad\Documents\Project\educatedplanet\web\components\header\navigation.tsx: 3 symbols, 3 imports
[2025-11-05T11:59:54.653Z] [2025-11-05T11:59:54.653Z] [INDEXING-ORCHESTRATOR] [DEBUG] 📍 Chunk 7-74: 3 candidate symbols
[2025-11-05T11:59:54.653Z] [2025-11-05T11:59:54.653Z] [INDEXING-ORCHESTRATOR] [DEBUG] ✅ Chunk symbols after filtering: 3 symbols - NavigationProps, NavItemProps, NavItem
[2025-11-05T11:59:54.653Z] [2025-11-05T11:59:54.653Z] [INDEXING-ORCHESTRATOR] [DEBUG] Created 1 semantic chunks for C:\Users\RakaThinkpad\Documents\Project\educatedplanet\web\components\header\navigation.tsx
[2025-11-05T11:59:54.653Z] [2025-11-05T11:59:54.653Z] [INDEXING-ORCHESTRATOR] [DEBUG] Average chunk size: 1439 characters
[2025-11-05T11:59:54.670Z] [2025-11-05T11:59:54.670Z] [TREESITTER-CHUNKER] [INFO] Created 2 semantic chunks from C:\Users\RakaThinkpad\Documents\Project\educatedplanet\web\components\hero\hero-section.tsx
[2025-11-05T11:59:54.818Z] [2025-11-05T11:59:54.818Z] [TREESITTER-FULL] [INFO] Extracted 2 symbols from C:\Users\RakaThinkpad\Documents\Project\educatedplanet\web\components\hero\hero-section.tsx
[2025-11-05T11:59:54.818Z] [2025-11-05T11:59:54.818Z] [INDEXING-ORCHESTRATOR] [DEBUG] 🔍 Symbol extraction for C:\Users\RakaThinkpad\Documents\Project\educatedplanet\web\components\hero\hero-section.tsx: 2 symbols, 6 imports
[2025-11-05T11:59:54.818Z] [2025-11-05T11:59:54.818Z] [INDEXING-ORCHESTRATOR] [DEBUG] 📍 Chunk 10-12: 1 candidate symbols
[2025-11-05T11:59:54.818Z] [2025-11-05T11:59:54.818Z] [INDEXING-ORCHESTRATOR] [DEBUG] ✅ Chunk symbols after filtering: 1 symbols - HeroSectionProps
[2025-11-05T11:59:54.818Z] [2025-11-05T11:59:54.818Z] [INDEXING-ORCHESTRATOR] [DEBUG] 📍 Chunk 14-176: 1 candidate symbols
[2025-11-05T11:59:54.818Z] [2025-11-05T11:59:54.818Z] [INDEXING-ORCHESTRATOR] [DEBUG] ✅ Chunk symbols after filtering: 1 symbols - HeroSection
[2025-11-05T11:59:54.818Z] [2025-11-05T11:59:54.818Z] [INDEXING-ORCHESTRATOR] [DEBUG] Created 2 semantic chunks for C:\Users\RakaThinkpad\Documents\Project\educatedplanet\web\components\hero\hero-section.tsx
[2025-11-05T11:59:54.818Z] [2025-11-05T11:59:54.818Z] [INDEXING-ORCHESTRATOR] [DEBUG] Average chunk size: 3196 characters
[2025-11-05T11:59:54.818Z] [2025-11-05T11:59:54.819Z] [TREESITTER-CHUNKER] [INFO] Created 1 semantic chunks from C:\Users\RakaThinkpad\Documents\Project\educatedplanet\web\components\hero\index.ts
[2025-11-05T11:59:54.819Z] [2025-11-05T11:59:54.819Z] [TREESITTER-FULL] [INFO] Extracted 0 symbols from C:\Users\RakaThinkpad\Documents\Project\educatedplanet\web\components\hero\index.ts
[2025-11-05T11:59:54.819Z] [2025-11-05T11:59:54.819Z] [INDEXING-ORCHESTRATOR] [DEBUG] 🔍 Symbol extraction for C:\Users\RakaThinkpad\Documents\Project\educatedplanet\web\components\hero\index.ts: 0 symbols, 0 imports
[2025-11-05T11:59:54.819Z] [2025-11-05T11:59:54.819Z] [INDEXING-ORCHESTRATOR] [DEBUG] 📍 Chunk 1-2: 0 candidate symbols
[2025-11-05T11:59:54.819Z] [2025-11-05T11:59:54.819Z] [INDEXING-ORCHESTRATOR] [DEBUG] ✅ Chunk symbols after filtering: 0 symbols - 
[2025-11-05T11:59:54.819Z] [2025-11-05T11:59:54.819Z] [INDEXING-ORCHESTRATOR] [DEBUG] Created 1 semantic chunks for C:\Users\RakaThinkpad\Documents\Project\educatedplanet\web\components\hero\index.ts
[2025-11-05T11:59:54.819Z] [2025-11-05T11:59:54.819Z] [INDEXING-ORCHESTRATOR] [DEBUG] Average chunk size: 99 characters
[2025-11-05T11:59:54.822Z] [2025-11-05T11:59:54.822Z] [TREESITTER-CHUNKER] [INFO] Created 2 semantic chunks from C:\Users\RakaThinkpad\Documents\Project\educatedplanet\web\components\ui\button.tsx
[2025-11-05T11:59:54.834Z] [2025-11-05T11:59:54.834Z] [TREESITTER-FULL] [INFO] Extracted 3 symbols from C:\Users\RakaThinkpad\Documents\Project\educatedplanet\web\components\ui\button.tsx
[2025-11-05T11:59:54.834Z] [2025-11-05T11:59:54.834Z] [INDEXING-ORCHESTRATOR] [DEBUG] 🔍 Symbol extraction for C:\Users\RakaThinkpad\Documents\Project\educatedplanet\web\components\ui\button.tsx: 3 symbols, 4 imports
[2025-11-05T11:59:54.834Z] [2025-11-05T11:59:54.834Z] [INDEXING-ORCHESTRATOR] [DEBUG] 📍 Chunk 36-40: 1 candidate symbols
[2025-11-05T11:59:54.834Z] [2025-11-05T11:59:54.834Z] [INDEXING-ORCHESTRATOR] [DEBUG] ✅ Chunk symbols after filtering: 1 symbols - ButtonProps
[2025-11-05T11:59:54.834Z] [2025-11-05T11:59:54.834Z] [INDEXING-ORCHESTRATOR] [DEBUG] 📍 Chunk 41-56: 1 candidate symbols
[2025-11-05T11:59:54.834Z] [2025-11-05T11:59:54.834Z] [INDEXING-ORCHESTRATOR] [DEBUG] ✅ Chunk symbols after filtering: 1 symbols - Button
[2025-11-05T11:59:54.834Z] [2025-11-05T11:59:54.834Z] [INDEXING-ORCHESTRATOR] [DEBUG] Created 2 semantic chunks for C:\Users\RakaThinkpad\Documents\Project\educatedplanet\web\components\ui\button.tsx
[2025-11-05T11:59:54.834Z] [2025-11-05T11:59:54.834Z] [INDEXING-ORCHESTRATOR] [DEBUG] Average chunk size: 268 characters
[2025-11-05T11:59:54.848Z] [2025-11-05T11:59:54.848Z] [TREESITTER-CHUNKER] [INFO] Created 1 semantic chunks from C:\Users\RakaThinkpad\Documents\Project\educatedplanet\web\components\ui\card.tsx
[2025-11-05T11:59:54.868Z] [2025-11-05T11:59:54.868Z] [TREESITTER-FULL] [INFO] Extracted 0 symbols from C:\Users\RakaThinkpad\Documents\Project\educatedplanet\web\components\ui\card.tsx
[2025-11-05T11:59:54.868Z] [2025-11-05T11:59:54.868Z] [INDEXING-ORCHESTRATOR] [DEBUG] 🔍 Symbol extraction for C:\Users\RakaThinkpad\Documents\Project\educatedplanet\web\components\ui\card.tsx: 0 symbols, 2 imports
[2025-11-05T11:59:54.868Z] [2025-11-05T11:59:54.868Z] [INDEXING-ORCHESTRATOR] [DEBUG] 📍 Chunk 1-79: 0 candidate symbols
[2025-11-05T11:59:54.868Z] [2025-11-05T11:59:54.868Z] [INDEXING-ORCHESTRATOR] [DEBUG] ✅ Chunk symbols after filtering: 0 symbols - 
[2025-11-05T11:59:54.868Z] [2025-11-05T11:59:54.868Z] [INDEXING-ORCHESTRATOR] [DEBUG] Created 1 semantic chunks for C:\Users\RakaThinkpad\Documents\Project\educatedplanet\web\components\ui\card.tsx
[2025-11-05T11:59:54.868Z] [2025-11-05T11:59:54.868Z] [INDEXING-ORCHESTRATOR] [DEBUG] Average chunk size: 1876 characters
[2025-11-05T11:59:54.870Z] [2025-11-05T11:59:54.871Z] [TREESITTER-CHUNKER] [INFO] Created 2 semantic chunks from C:\Users\RakaThinkpad\Documents\Project\educatedplanet\web\components\ui\badge.tsx
[2025-11-05T11:59:54.875Z] [2025-11-05T11:59:54.875Z] [TREESITTER-FULL] [INFO] Extracted 3 symbols from C:\Users\RakaThinkpad\Documents\Project\educatedplanet\web\components\ui\badge.tsx
[2025-11-05T11:59:54.875Z] [2025-11-05T11:59:54.875Z] [INDEXING-ORCHESTRATOR] [DEBUG] 🔍 Symbol extraction for C:\Users\RakaThinkpad\Documents\Project\educatedplanet\web\components\ui\badge.tsx: 3 symbols, 3 imports
[2025-11-05T11:59:54.875Z] [2025-11-05T11:59:54.875Z] [INDEXING-ORCHESTRATOR] [DEBUG] 📍 Chunk 26-34: 2 candidate symbols
[2025-11-05T11:59:54.875Z] [2025-11-05T11:59:54.875Z] [INDEXING-ORCHESTRATOR] [DEBUG] ✅ Chunk symbols after filtering: 2 symbols - BadgeProps, Badge
[2025-11-05T11:59:54.875Z] [2025-11-05T11:59:54.875Z] [INDEXING-ORCHESTRATOR] [DEBUG] 📍 Chunk 35-36: 0 candidate symbols
[2025-11-05T11:59:54.875Z] [2025-11-05T11:59:54.875Z] [INDEXING-ORCHESTRATOR] [DEBUG] ✅ Chunk symbols after filtering: 0 symbols - 
[2025-11-05T11:59:54.875Z] [2025-11-05T11:59:54.875Z] [INDEXING-ORCHESTRATOR] [DEBUG] Created 2 semantic chunks for C:\Users\RakaThinkpad\Documents\Project\educatedplanet\web\components\ui\badge.tsx
[2025-11-05T11:59:54.875Z] [2025-11-05T11:59:54.875Z] [INDEXING-ORCHESTRATOR] [DEBUG] Average chunk size: 150 characters
[2025-11-05T11:59:54.881Z] [2025-11-05T11:59:54.881Z] [TREESITTER-CHUNKER] [INFO] Created 2 semantic chunks from C:\Users\RakaThinkpad\Documents\Project\educatedplanet\web\components\ui\input.tsx
[2025-11-05T11:59:54.885Z] [2025-11-05T11:59:54.885Z] [TREESITTER-FULL] [INFO] Extracted 2 symbols from C:\Users\RakaThinkpad\Documents\Project\educatedplanet\web\components\ui\input.tsx
[2025-11-05T11:59:54.885Z] [2025-11-05T11:59:54.885Z] [INDEXING-ORCHESTRATOR] [DEBUG] 🔍 Symbol extraction for C:\Users\RakaThinkpad\Documents\Project\educatedplanet\web\components\ui\input.tsx: 2 symbols, 2 imports
[2025-11-05T11:59:54.885Z] [2025-11-05T11:59:54.885Z] [INDEXING-ORCHESTRATOR] [DEBUG] 📍 Chunk 5-6: 1 candidate symbols
[2025-11-05T11:59:54.885Z] [2025-11-05T11:59:54.885Z] [INDEXING-ORCHESTRATOR] [DEBUG] ✅ Chunk symbols after filtering: 1 symbols - InputProps
[2025-11-05T11:59:54.885Z] [2025-11-05T11:59:54.885Z] [INDEXING-ORCHESTRATOR] [DEBUG] 📍 Chunk 7-25: 1 candidate symbols
[2025-11-05T11:59:54.885Z] [2025-11-05T11:59:54.885Z] [INDEXING-ORCHESTRATOR] [DEBUG] ✅ Chunk symbols after filtering: 1 symbols - Input
[2025-11-05T11:59:54.885Z] [2025-11-05T11:59:54.885Z] [INDEXING-ORCHESTRATOR] [DEBUG] Created 2 semantic chunks for C:\Users\RakaThinkpad\Documents\Project\educatedplanet\web\components\ui\input.tsx
[2025-11-05T11:59:54.885Z] [2025-11-05T11:59:54.885Z] [INDEXING-ORCHESTRATOR] [DEBUG] Average chunk size: 374 characters
[2025-11-05T11:59:54.895Z] [2025-11-05T11:59:54.895Z] [TREESITTER-CHUNKER] [INFO] Created 1 semantic chunks from C:\Users\RakaThinkpad\Documents\Project\educatedplanet\web\components\ui\dialog.tsx
[2025-11-05T11:59:54.925Z] [2025-11-05T11:59:54.925Z] [TREESITTER-FULL] [INFO] Extracted 0 symbols from C:\Users\RakaThinkpad\Documents\Project\educatedplanet\web\components\ui\dialog.tsx
[2025-11-05T11:59:54.925Z] [2025-11-05T11:59:54.925Z] [INDEXING-ORCHESTRATOR] [DEBUG] 🔍 Symbol extraction for C:\Users\RakaThinkpad\Documents\Project\educatedplanet\web\components\ui\dialog.tsx: 0 symbols, 4 imports
[2025-11-05T11:59:54.925Z] [2025-11-05T11:59:54.925Z] [INDEXING-ORCHESTRATOR] [DEBUG] 📍 Chunk 1-120: 0 candidate symbols
[2025-11-05T11:59:54.925Z] [2025-11-05T11:59:54.925Z] [INDEXING-ORCHESTRATOR] [DEBUG] ✅ Chunk symbols after filtering: 0 symbols - 
[2025-11-05T11:59:54.925Z] [2025-11-05T11:59:54.925Z] [INDEXING-ORCHESTRATOR] [DEBUG] Created 1 semantic chunks for C:\Users\RakaThinkpad\Documents\Project\educatedplanet\web\components\ui\dialog.tsx
[2025-11-05T11:59:54.925Z] [2025-11-05T11:59:54.925Z] [INDEXING-ORCHESTRATOR] [DEBUG] Average chunk size: 3855 characters
[2025-11-05T11:59:54.927Z] [2025-11-05T11:59:54.927Z] [TREESITTER-CHUNKER] [INFO] Created 1 semantic chunks from C:\Users\RakaThinkpad\Documents\Project\educatedplanet\web\components\ui\label.tsx
[2025-11-05T11:59:54.931Z] [2025-11-05T11:59:54.931Z] [TREESITTER-FULL] [INFO] Extracted 1 symbols from C:\Users\RakaThinkpad\Documents\Project\educatedplanet\web\components\ui\label.tsx
[2025-11-05T11:59:54.931Z] [2025-11-05T11:59:54.931Z] [INDEXING-ORCHESTRATOR] [DEBUG] 🔍 Symbol extraction for C:\Users\RakaThinkpad\Documents\Project\educatedplanet\web\components\ui\label.tsx: 1 symbols, 4 imports
[2025-11-05T11:59:54.931Z] [2025-11-05T11:59:54.931Z] [INDEXING-ORCHESTRATOR] [DEBUG] 📍 Chunk 1-24: 1 candidate symbols
[2025-11-05T11:59:54.931Z] [2025-11-05T11:59:54.931Z] [INDEXING-ORCHESTRATOR] [DEBUG] ✅ Chunk symbols after filtering: 1 symbols - labelVariants
[2025-11-05T11:59:54.931Z] [2025-11-05T11:59:54.931Z] [INDEXING-ORCHESTRATOR] [DEBUG] Created 1 semantic chunks for C:\Users\RakaThinkpad\Documents\Project\educatedplanet\web\components\ui\label.tsx
[2025-11-05T11:59:54.931Z] [2025-11-05T11:59:54.931Z] [INDEXING-ORCHESTRATOR] [DEBUG] Average chunk size: 709 characters
[2025-11-05T11:59:54.931Z] [2025-11-05T11:59:54.931Z] [INDEXING-ORCHESTRATOR] [DEBUG] 📊 Processed: 210/220 files
[2025-11-05T11:59:54.952Z] [2025-11-05T11:59:54.952Z] [TREESITTER-CHUNKER] [INFO] Created 1 semantic chunks from C:\Users\RakaThinkpad\Documents\Project\educatedplanet\web\components\ui\select.tsx
[2025-11-05T11:59:54.992Z] [2025-11-05T11:59:54.992Z] [TREESITTER-FULL] [INFO] Extracted 3 symbols from C:\Users\RakaThinkpad\Documents\Project\educatedplanet\web\components\ui\select.tsx
[2025-11-05T11:59:54.992Z] [2025-11-05T11:59:54.992Z] [INDEXING-ORCHESTRATOR] [DEBUG] 🔍 Symbol extraction for C:\Users\RakaThinkpad\Documents\Project\educatedplanet\web\components\ui\select.tsx: 3 symbols, 4 imports
[2025-11-05T11:59:54.992Z] [2025-11-05T11:59:54.992Z] [INDEXING-ORCHESTRATOR] [DEBUG] 📍 Chunk 1-158: 3 candidate symbols
[2025-11-05T11:59:54.992Z] [2025-11-05T11:59:54.992Z] [INDEXING-ORCHESTRATOR] [DEBUG] ✅ Chunk symbols after filtering: 3 symbols - SelectTrigger, SelectScrollUpButton, SelectScrollDownButton
[2025-11-05T11:59:54.992Z] [2025-11-05T11:59:54.992Z] [INDEXING-ORCHESTRATOR] [DEBUG] Created 1 semantic chunks for C:\Users\RakaThinkpad\Documents\Project\educatedplanet\web\components\ui\select.tsx
[2025-11-05T11:59:54.992Z] [2025-11-05T11:59:54.992Z] [INDEXING-ORCHESTRATOR] [DEBUG] Average chunk size: 5614 characters
[2025-11-05T11:59:55.005Z] [2025-11-05T11:59:55.005Z] [TREESITTER-CHUNKER] [INFO] Created 2 semantic chunks from C:\Users\RakaThinkpad\Documents\Project\educatedplanet\web\components\ui\sheet.tsx
[2025-11-05T11:59:55.039Z] [2025-11-05T11:59:55.039Z] [TREESITTER-FULL] [INFO] Extracted 3 symbols from C:\Users\RakaThinkpad\Documents\Project\educatedplanet\web\components\ui\sheet.tsx
[2025-11-05T11:59:55.039Z] [2025-11-05T11:59:55.039Z] [INDEXING-ORCHESTRATOR] [DEBUG] 🔍 Symbol extraction for C:\Users\RakaThinkpad\Documents\Project\educatedplanet\web\components\ui\sheet.tsx: 3 symbols, 5 imports
[2025-11-05T11:59:55.039Z] [2025-11-05T11:59:55.039Z] [INDEXING-ORCHESTRATOR] [DEBUG] 📍 Chunk 35-39: 1 candidate symbols
[2025-11-05T11:59:55.039Z] [2025-11-05T11:59:55.039Z] [INDEXING-ORCHESTRATOR] [DEBUG] ✅ Chunk symbols after filtering: 1 symbols - SheetContentProps
[2025-11-05T11:59:55.039Z] [2025-11-05T11:59:55.039Z] [INDEXING-ORCHESTRATOR] [DEBUG] 📍 Chunk 40-144: 1 candidate symbols
[2025-11-05T11:59:55.039Z] [2025-11-05T11:59:55.039Z] [INDEXING-ORCHESTRATOR] [DEBUG] ✅ Chunk symbols after filtering: 1 symbols - SheetContent
[2025-11-05T11:59:55.039Z] [2025-11-05T11:59:55.039Z] [INDEXING-ORCHESTRATOR] [DEBUG] Created 2 semantic chunks for C:\Users\RakaThinkpad\Documents\Project\educatedplanet\web\components\ui\sheet.tsx
[2025-11-05T11:59:55.039Z] [2025-11-05T11:59:55.039Z] [INDEXING-ORCHESTRATOR] [DEBUG] Average chunk size: 1611 characters
[2025-11-05T11:59:55.054Z] [2025-11-05T11:59:55.054Z] [TREESITTER-CHUNKER] [INFO] Created 1 semantic chunks from C:\Users\RakaThinkpad\Documents\Project\educatedplanet\web\data\featured-tutors-data.ts
[2025-11-05T11:59:55.080Z] [2025-11-05T11:59:55.080Z] [TREESITTER-FULL] [INFO] Extracted 1 symbols from C:\Users\RakaThinkpad\Documents\Project\educatedplanet\web\data\featured-tutors-data.ts
[2025-11-05T11:59:55.080Z] [2025-11-05T11:59:55.080Z] [INDEXING-ORCHESTRATOR] [DEBUG] 🔍 Symbol extraction for C:\Users\RakaThinkpad\Documents\Project\educatedplanet\web\data\featured-tutors-data.ts: 1 symbols, 1 imports
[2025-11-05T11:59:55.081Z] [2025-11-05T11:59:55.080Z] [INDEXING-ORCHESTRATOR] [DEBUG] 📍 Chunk 1-192: 1 candidate symbols
[2025-11-05T11:59:55.081Z] [2025-11-05T11:59:55.080Z] [INDEXING-ORCHESTRATOR] [DEBUG] ✅ Chunk symbols after filtering: 1 symbols - featuredTutors
[2025-11-05T11:59:55.081Z] [2025-11-05T11:59:55.080Z] [INDEXING-ORCHESTRATOR] [DEBUG] Created 1 semantic chunks for C:\Users\RakaThinkpad\Documents\Project\educatedplanet\web\data\featured-tutors-data.ts
[2025-11-05T11:59:55.081Z] [2025-11-05T11:59:55.081Z] [INDEXING-ORCHESTRATOR] [DEBUG] Average chunk size: 4130 characters
[2025-11-05T11:59:55.082Z] [2025-11-05T11:59:55.083Z] [TREESITTER-CHUNKER] [INFO] Created 1 semantic chunks from C:\Users\RakaThinkpad\Documents\Project\educatedplanet\web\eslint.config.mjs
[2025-11-05T11:59:55.084Z] [2025-11-05T11:59:55.084Z] [TREESITTER-FULL] [INFO] Extracted 1 symbols from C:\Users\RakaThinkpad\Documents\Project\educatedplanet\web\eslint.config.mjs
[2025-11-05T11:59:55.084Z] [2025-11-05T11:59:55.085Z] [INDEXING-ORCHESTRATOR] [DEBUG] 🔍 Symbol extraction for C:\Users\RakaThinkpad\Documents\Project\educatedplanet\web\eslint.config.mjs: 1 symbols, 3 imports
[2025-11-05T11:59:55.084Z] [2025-11-05T11:59:55.085Z] [INDEXING-ORCHESTRATOR] [DEBUG] 📍 Chunk 1-19: 1 candidate symbols
[2025-11-05T11:59:55.084Z] [2025-11-05T11:59:55.085Z] [INDEXING-ORCHESTRATOR] [DEBUG] ✅ Chunk symbols after filtering: 1 symbols - eslintConfig
[2025-11-05T11:59:55.084Z] [2025-11-05T11:59:55.085Z] [INDEXING-ORCHESTRATOR] [DEBUG] Created 1 semantic chunks for C:\Users\RakaThinkpad\Documents\Project\educatedplanet\web\eslint.config.mjs
[2025-11-05T11:59:55.084Z] [2025-11-05T11:59:55.085Z] [INDEXING-ORCHESTRATOR] [DEBUG] Average chunk size: 464 characters
[2025-11-05T11:59:55.085Z] [2025-11-05T11:59:55.085Z] [TREESITTER-CHUNKER] [INFO] Created 1 semantic chunks from C:\Users\RakaThinkpad\Documents\Project\educatedplanet\web\lib\utils.ts
[2025-11-05T11:59:55.086Z] [2025-11-05T11:59:55.086Z] [TREESITTER-FULL] [INFO] Extracted 1 symbols from C:\Users\RakaThinkpad\Documents\Project\educatedplanet\web\lib\utils.ts
[2025-11-05T11:59:55.086Z] [2025-11-05T11:59:55.086Z] [INDEXING-ORCHESTRATOR] [DEBUG] 🔍 Symbol extraction for C:\Users\RakaThinkpad\Documents\Project\educatedplanet\web\lib\utils.ts: 1 symbols, 2 imports
[2025-11-05T11:59:55.086Z] [2025-11-05T11:59:55.086Z] [INDEXING-ORCHESTRATOR] [DEBUG] 📍 Chunk 4-6: 1 candidate symbols
[2025-11-05T11:59:55.086Z] [2025-11-05T11:59:55.086Z] [INDEXING-ORCHESTRATOR] [DEBUG] ✅ Chunk symbols after filtering: 1 symbols - cn
[2025-11-05T11:59:55.086Z] [2025-11-05T11:59:55.086Z] [INDEXING-ORCHESTRATOR] [DEBUG] Created 1 semantic chunks for C:\Users\RakaThinkpad\Documents\Project\educatedplanet\web\lib\utils.ts
[2025-11-05T11:59:55.086Z] [2025-11-05T11:59:55.086Z] [INDEXING-ORCHESTRATOR] [DEBUG] Average chunk size: 71 characters
[2025-11-05T11:59:55.104Z] [2025-11-05T11:59:55.104Z] [TREESITTER-CHUNKER] [INFO] Created 6 semantic chunks from C:\Users\RakaThinkpad\Documents\Project\educatedplanet\web\examples\header-usage.tsx
[2025-11-05T11:59:55.174Z] [2025-11-05T11:59:55.175Z] [TREESITTER-FULL] [INFO] Extracted 7 symbols from C:\Users\RakaThinkpad\Documents\Project\educatedplanet\web\examples\header-usage.tsx
[2025-11-05T11:59:55.174Z] [2025-11-05T11:59:55.175Z] [INDEXING-ORCHESTRATOR] [DEBUG] 🔍 Symbol extraction for C:\Users\RakaThinkpad\Documents\Project\educatedplanet\web\examples\header-usage.tsx: 7 symbols, 7 imports
[2025-11-05T11:59:55.175Z] [2025-11-05T11:59:55.175Z] [INDEXING-ORCHESTRATOR] [DEBUG] 📍 Chunk 13-23: 1 candidate symbols
[2025-11-05T11:59:55.175Z] [2025-11-05T11:59:55.175Z] [INDEXING-ORCHESTRATOR] [DEBUG] ✅ Chunk symbols after filtering: 1 symbols - BasicLayout
[2025-11-05T11:59:55.175Z] [2025-11-05T11:59:55.175Z] [INDEXING-ORCHESTRATOR] [DEBUG] 📍 Chunk 26-67: 1 candidate symbols
[2025-11-05T11:59:55.175Z] [2025-11-05T11:59:55.175Z] [INDEXING-ORCHESTRATOR] [DEBUG] ✅ Chunk symbols after filtering: 1 symbols - CustomHeaderExample
[2025-11-05T11:59:55.175Z] [2025-11-05T11:59:55.175Z] [INDEXING-ORCHESTRATOR] [DEBUG] 📍 Chunk 70-125: 3 candidate symbols
[2025-11-05T11:59:55.175Z] [2025-11-05T11:59:55.175Z] [INDEXING-ORCHESTRATOR] [DEBUG] ✅ Chunk symbols after filtering: 3 symbols - MinimalHeader, CustomNavigationHeader, FullPageLayout
[2025-11-05T11:59:55.175Z] [2025-11-05T11:59:55.175Z] [INDEXING-ORCHESTRATOR] [DEBUG] 📍 Chunk 128-169: 1 candidate symbols
[2025-11-05T11:59:55.175Z] [2025-11-05T11:59:55.175Z] [INDEXING-ORCHESTRATOR] [DEBUG] ✅ Chunk symbols after filtering: 1 symbols - HeaderWithSearch
[2025-11-05T11:59:55.175Z] [2025-11-05T11:59:55.175Z] [INDEXING-ORCHESTRATOR] [DEBUG] 📍 Chunk 172-197: 1 candidate symbols
[2025-11-05T11:59:55.175Z] [2025-11-05T11:59:55.175Z] [INDEXING-ORCHESTRATOR] [DEBUG] ✅ Chunk symbols after filtering: 1 symbols - DashboardHeader
[2025-11-05T11:59:55.175Z] [2025-11-05T11:59:55.175Z] [INDEXING-ORCHESTRATOR] [DEBUG] 📍 Chunk 198-216: 0 candidate symbols
[2025-11-05T11:59:55.175Z] [2025-11-05T11:59:55.175Z] [INDEXING-ORCHESTRATOR] [DEBUG] ✅ Chunk symbols after filtering: 0 symbols - 
[2025-11-05T11:59:55.175Z] [2025-11-05T11:59:55.175Z] [INDEXING-ORCHESTRATOR] [DEBUG] Created 6 semantic chunks for C:\Users\RakaThinkpad\Documents\Project\educatedplanet\web\examples\header-usage.tsx
[2025-11-05T11:59:55.175Z] [2025-11-05T11:59:55.175Z] [INDEXING-ORCHESTRATOR] [DEBUG] Average chunk size: 910 characters
[2025-11-05T11:59:55.178Z] [2025-11-05T11:59:55.178Z] [TREESITTER-CHUNKER] [INFO] Created 1 semantic chunks from C:\Users\RakaThinkpad\Documents\Project\educatedplanet\web\components\ui\separator.tsx
[2025-11-05T11:59:55.185Z] [2025-11-05T11:59:55.185Z] [TREESITTER-FULL] [INFO] Extracted 0 symbols from C:\Users\RakaThinkpad\Documents\Project\educatedplanet\web\components\ui\separator.tsx
[2025-11-05T11:59:55.185Z] [2025-11-05T11:59:55.185Z] [INDEXING-ORCHESTRATOR] [DEBUG] 🔍 Symbol extraction for C:\Users\RakaThinkpad\Documents\Project\educatedplanet\web\components\ui\separator.tsx: 0 symbols, 3 imports
[2025-11-05T11:59:55.185Z] [2025-11-05T11:59:55.185Z] [INDEXING-ORCHESTRATOR] [DEBUG] 📍 Chunk 1-29: 0 candidate symbols
[2025-11-05T11:59:55.185Z] [2025-11-05T11:59:55.185Z] [INDEXING-ORCHESTRATOR] [DEBUG] ✅ Chunk symbols after filtering: 0 symbols - 
[2025-11-05T11:59:55.185Z] [2025-11-05T11:59:55.185Z] [INDEXING-ORCHESTRATOR] [DEBUG] Created 1 semantic chunks for C:\Users\RakaThinkpad\Documents\Project\educatedplanet\web\components\ui\separator.tsx
[2025-11-05T11:59:55.185Z] [2025-11-05T11:59:55.185Z] [INDEXING-ORCHESTRATOR] [DEBUG] Average chunk size: 755 characters
[2025-11-05T11:59:55.202Z] [2025-11-05T11:59:55.202Z] [TREESITTER-CHUNKER] [INFO] Created 3 semantic chunks from C:\Users\RakaThinkpad\Documents\Project\educatedplanet\web\examples\hero-usage.tsx
[2025-11-05T11:59:55.283Z] [2025-11-05T11:59:55.283Z] [TREESITTER-FULL] [INFO] Extracted 4 symbols from C:\Users\RakaThinkpad\Documents\Project\educatedplanet\web\examples\hero-usage.tsx
[2025-11-05T11:59:55.283Z] [2025-11-05T11:59:55.284Z] [INDEXING-ORCHESTRATOR] [DEBUG] 🔍 Symbol extraction for C:\Users\RakaThinkpad\Documents\Project\educatedplanet\web\examples\hero-usage.tsx: 4 symbols, 3 imports
[2025-11-05T11:59:55.283Z] [2025-11-05T11:59:55.284Z] [INDEXING-ORCHESTRATOR] [DEBUG] 📍 Chunk 11-58: 2 candidate symbols
[2025-11-05T11:59:55.284Z] [2025-11-05T11:59:55.284Z] [INDEXING-ORCHESTRATOR] [DEBUG] ✅ Chunk symbols after filtering: 2 symbols - BasicHeroExample, HeroWithState
[2025-11-05T11:59:55.284Z] [2025-11-05T11:59:55.284Z] [INDEXING-ORCHESTRATOR] [DEBUG] 📍 Chunk 61-82: 1 candidate symbols
[2025-11-05T11:59:55.284Z] [2025-11-05T11:59:55.284Z] [INDEXING-ORCHESTRATOR] [DEBUG] ✅ Chunk symbols after filtering: 1 symbols - HeroWithAnalytics
[2025-11-05T11:59:55.284Z] [2025-11-05T11:59:55.284Z] [INDEXING-ORCHESTRATOR] [DEBUG] 📍 Chunk 83-183: 1 candidate symbols
[2025-11-05T11:59:55.284Z] [2025-11-05T11:59:55.284Z] [INDEXING-ORCHESTRATOR] [DEBUG] ✅ Chunk symbols after filtering: 1 symbols - handleSearch
[2025-11-05T11:59:55.284Z] [2025-11-05T11:59:55.284Z] [INDEXING-ORCHESTRATOR] [DEBUG] Created 3 semantic chunks for C:\Users\RakaThinkpad\Documents\Project\educatedplanet\web\examples\hero-usage.tsx
[2025-11-05T11:59:55.284Z] [2025-11-05T11:59:55.284Z] [INDEXING-ORCHESTRATOR] [DEBUG] Average chunk size: 1730 characters
[2025-11-05T11:59:55.291Z] [2025-11-05T11:59:55.291Z] [TREESITTER-CHUNKER] [INFO] Created 1 semantic chunks from C:\Users\RakaThinkpad\Documents\Project\educatedplanet\web\next.config.ts
[2025-11-05T11:59:55.292Z] [2025-11-05T11:59:55.292Z] [TREESITTER-FULL] [INFO] Extracted 1 symbols from C:\Users\RakaThinkpad\Documents\Project\educatedplanet\web\next.config.ts
[2025-11-05T11:59:55.292Z] [2025-11-05T11:59:55.292Z] [INDEXING-ORCHESTRATOR] [DEBUG] 🔍 Symbol extraction for C:\Users\RakaThinkpad\Documents\Project\educatedplanet\web\next.config.ts: 1 symbols, 1 imports
[2025-11-05T11:59:55.292Z] [2025-11-05T11:59:55.292Z] [INDEXING-ORCHESTRATOR] [DEBUG] 📍 Chunk 1-20: 1 candidate symbols
[2025-11-05T11:59:55.292Z] [2025-11-05T11:59:55.292Z] [INDEXING-ORCHESTRATOR] [DEBUG] ✅ Chunk symbols after filtering: 1 symbols - nextConfig
[2025-11-05T11:59:55.292Z] [2025-11-05T11:59:55.292Z] [INDEXING-ORCHESTRATOR] [DEBUG] Created 1 semantic chunks for C:\Users\RakaThinkpad\Documents\Project\educatedplanet\web\next.config.ts
[2025-11-05T11:59:55.292Z] [2025-11-05T11:59:55.292Z] [INDEXING-ORCHESTRATOR] [DEBUG] Average chunk size: 344 characters
[2025-11-05T11:59:55.293Z] [2025-11-05T11:59:55.293Z] [TREESITTER-CHUNKER] [INFO] Created 1 semantic chunks from C:\Users\RakaThinkpad\Documents\Project\educatedplanet\web\postcss.config.mjs
[2025-11-05T11:59:55.294Z] [2025-11-05T11:59:55.294Z] [TREESITTER-FULL] [INFO] Extracted 1 symbols from C:\Users\RakaThinkpad\Documents\Project\educatedplanet\web\postcss.config.mjs
[2025-11-05T11:59:55.294Z] [2025-11-05T11:59:55.294Z] [INDEXING-ORCHESTRATOR] [DEBUG] 🔍 Symbol extraction for C:\Users\RakaThinkpad\Documents\Project\educatedplanet\web\postcss.config.mjs: 1 symbols, 0 imports
[2025-11-05T11:59:55.294Z] [2025-11-05T11:59:55.294Z] [INDEXING-ORCHESTRATOR] [DEBUG] 📍 Chunk 1-8: 1 candidate symbols
[2025-11-05T11:59:55.294Z] [2025-11-05T11:59:55.294Z] [INDEXING-ORCHESTRATOR] [DEBUG] ✅ Chunk symbols after filtering: 1 symbols - config
[2025-11-05T11:59:55.294Z] [2025-11-05T11:59:55.294Z] [INDEXING-ORCHESTRATOR] [DEBUG] Created 1 semantic chunks for C:\Users\RakaThinkpad\Documents\Project\educatedplanet\web\postcss.config.mjs
[2025-11-05T11:59:55.294Z] [2025-11-05T11:59:55.294Z] [INDEXING-ORCHESTRATOR] [DEBUG] Average chunk size: 93 characters
[2025-11-05T11:59:55.294Z] [2025-11-05T11:59:55.294Z] [INDEXING-ORCHESTRATOR] [DEBUG] 📊 Processed: 220/220 files
[2025-11-05T11:59:55.294Z] [2025-11-05T11:59:55.294Z] [INDEXING-ORCHESTRATOR] [INFO] Uploading 459 chunks to vector store...
[2025-11-05T11:59:55.295Z] [2025-11-05T11:59:55.295Z] [INDEXING-ORCHESTRATOR] [INFO] Uploading 459 chunks to vector store and local metadata...
[2025-11-05T11:59:55.295Z] [2025-11-05T11:59:55.295Z] [INDEXING-ORCHESTRATOR] [INFO] 📦 Processing batch 1/46 (10 chunks)
[2025-11-05T11:59:55.295Z] [2025-11-05T11:59:55.295Z] [INDEXING-ORCHESTRATOR] [DEBUG] 🧠 Generating embeddings for 10 chunks...
[2025-11-05T11:59:59.163Z] [2025-11-05T11:59:59.164Z] [INDEXING-ORCHESTRATOR] [DEBUG] ✅ Generated 10 embeddings
[2025-11-05T11:59:59.163Z] [2025-11-05T11:59:59.164Z] [INDEXING-ORCHESTRATOR] [DEBUG] ⬆️  Upserting 10 vectors to namespace: mcp_b539ab77b811d627
[2025-11-05T12:00:01.044Z] [2025-11-05T12:00:01.044Z] [INDEXING-ORCHESTRATOR] [WARN] ⚠️ Skipping batch 1 after retries failed. Continuing with remaining batches.
[2025-11-05T12:00:01.044Z] [2025-11-05T12:00:01.044Z] [INDEXING-ORCHESTRATOR] [WARN] Skipped batch error: "Turbopuffer upsert error (400): {\"error\":\"💔 This upsert contains duplicate document IDs and was not written. You should ensure that individual upserts do not include duplicate documents. The duplicated IDs in this batch were the following: C:\\\\Users\\\\RakaThinkpad\\\\Documents\\\\Project\\\\educatedplanet\\\\admin\",\"status\":\"error\"}"
[2025-11-05T12:00:01.044Z] [2025-11-05T12:00:01.044Z] [INDEXING-ORCHESTRATOR] [INFO] 📦 Processing batch 2/46 (10 chunks)
[2025-11-05T12:00:01.044Z] [2025-11-05T12:00:01.044Z] [INDEXING-ORCHESTRATOR] [DEBUG] 🧠 Generating embeddings for 10 chunks...
[2025-11-05T12:00:03.409Z] [2025-11-05T12:00:03.409Z] [INDEXING-ORCHESTRATOR] [DEBUG] ✅ Generated 10 embeddings
[2025-11-05T12:00:03.409Z] [2025-11-05T12:00:03.409Z] [INDEXING-ORCHESTRATOR] [DEBUG] ⬆️  Upserting 10 vectors to namespace: mcp_b539ab77b811d627
[2025-11-05T12:00:04.627Z] [2025-11-05T12:00:04.628Z] [INDEXING-ORCHESTRATOR] [WARN] ⚠️ Skipping batch 2 after retries failed. Continuing with remaining batches.
[2025-11-05T12:00:04.627Z] [2025-11-05T12:00:04.628Z] [INDEXING-ORCHESTRATOR] [WARN] Skipped batch error: "Turbopuffer upsert error (400): {\"error\":\"💔 This upsert contains duplicate document IDs and was not written. You should ensure that individual upserts do not include duplicate documents. The duplicated IDs in this batch were the following: C:\\\\Users\\\\RakaThinkpad\\\\Documents\\\\Project\\\\educatedplanet\\\\admin\",\"status\":\"error\"}"
[2025-11-05T12:00:04.627Z] [2025-11-05T12:00:04.628Z] [INDEXING-ORCHESTRATOR] [INFO] 📦 Processing batch 3/46 (10 chunks)
[2025-11-05T12:00:04.628Z] [2025-11-05T12:00:04.628Z] [INDEXING-ORCHESTRATOR] [DEBUG] 🧠 Generating embeddings for 10 chunks...
[2025-11-05T12:00:06.932Z] [2025-11-05T12:00:06.932Z] [INDEXING-ORCHESTRATOR] [DEBUG] ✅ Generated 10 embeddings
[2025-11-05T12:00:06.932Z] [2025-11-05T12:00:06.932Z] [INDEXING-ORCHESTRATOR] [DEBUG] ⬆️  Upserting 10 vectors to namespace: mcp_b539ab77b811d627
[2025-11-05T12:00:08.113Z] [2025-11-05T12:00:08.113Z] [INDEXING-ORCHESTRATOR] [WARN] ⚠️ Skipping batch 3 after retries failed. Continuing with remaining batches.
[2025-11-05T12:00:08.113Z] [2025-11-05T12:00:08.113Z] [INDEXING-ORCHESTRATOR] [WARN] Skipped batch error: "Turbopuffer upsert error (400): {\"error\":\"💔 This upsert contains duplicate document IDs and was not written. You should ensure that individual upserts do not include duplicate documents. The duplicated IDs in this batch were the following: C:\\\\Users\\\\RakaThinkpad\\\\Documents\\\\Project\\\\educatedplanet\\\\admin\",\"status\":\"error\"}"
[2025-11-05T12:00:08.113Z] [2025-11-05T12:00:08.113Z] [INDEXING-ORCHESTRATOR] [INFO] 📦 Processing batch 4/46 (10 chunks)
[2025-11-05T12:00:08.113Z] [2025-11-05T12:00:08.113Z] [INDEXING-ORCHESTRATOR] [DEBUG] 🧠 Generating embeddings for 10 chunks...
[2025-11-05T12:00:10.492Z] [2025-11-05T12:00:10.492Z] [INDEXING-ORCHESTRATOR] [DEBUG] ✅ Generated 10 embeddings
[2025-11-05T12:00:10.492Z] [2025-11-05T12:00:10.492Z] [INDEXING-ORCHESTRATOR] [DEBUG] ⬆️  Upserting 10 vectors to namespace: mcp_b539ab77b811d627
[2025-11-05T12:00:11.697Z] [2025-11-05T12:00:11.697Z] [INDEXING-ORCHESTRATOR] [WARN] ⚠️ Skipping batch 4 after retries failed. Continuing with remaining batches.
[2025-11-05T12:00:11.697Z] [2025-11-05T12:00:11.697Z] [INDEXING-ORCHESTRATOR] [WARN] Skipped batch error: "Turbopuffer upsert error (400): {\"error\":\"💔 This upsert contains duplicate document IDs and was not written. You should ensure that individual upserts do not include duplicate documents. The duplicated IDs in this batch were the following: C:\\\\Users\\\\RakaThinkpad\\\\Documents\\\\Project\\\\educatedplanet\\\\admin\",\"status\":\"error\"}"
[2025-11-05T12:00:11.697Z] [2025-11-05T12:00:11.697Z] [INDEXING-ORCHESTRATOR] [INFO] 📦 Processing batch 5/46 (10 chunks)
[2025-11-05T12:00:11.697Z] [2025-11-05T12:00:11.697Z] [INDEXING-ORCHESTRATOR] [DEBUG] 🧠 Generating embeddings for 10 chunks...
[2025-11-05T12:00:14.361Z] [2025-11-05T12:00:14.362Z] [INDEXING-ORCHESTRATOR] [DEBUG] ✅ Generated 10 embeddings
[2025-11-05T12:00:14.361Z] [2025-11-05T12:00:14.362Z] [INDEXING-ORCHESTRATOR] [DEBUG] ⬆️  Upserting 10 vectors to namespace: mcp_b539ab77b811d627
[2025-11-05T12:00:15.537Z] [2025-11-05T12:00:15.537Z] [INDEXING-ORCHESTRATOR] [WARN] ⚠️ Skipping batch 5 after retries failed. Continuing with remaining batches.
[2025-11-05T12:00:15.537Z] [2025-11-05T12:00:15.537Z] [INDEXING-ORCHESTRATOR] [WARN] Skipped batch error: "Turbopuffer upsert error (400): {\"error\":\"💔 This upsert contains duplicate document IDs and was not written. You should ensure that individual upserts do not include duplicate documents. The duplicated IDs in this batch were the following: C:\\\\Users\\\\RakaThinkpad\\\\Documents\\\\Project\\\\educatedplanet\\\\admin\",\"status\":\"error\"}"
[2025-11-05T12:00:15.537Z] [2025-11-05T12:00:15.537Z] [INDEXING-ORCHESTRATOR] [INFO] 📦 Processing batch 6/46 (10 chunks)
[2025-11-05T12:00:15.537Z] [2025-11-05T12:00:15.537Z] [INDEXING-ORCHESTRATOR] [DEBUG] 🧠 Generating embeddings for 10 chunks...
[2025-11-05T12:00:17.722Z] [2025-11-05T12:00:17.722Z] [INDEXING-ORCHESTRATOR] [DEBUG] ✅ Generated 10 embeddings
[2025-11-05T12:00:17.722Z] [2025-11-05T12:00:17.722Z] [INDEXING-ORCHESTRATOR] [DEBUG] ⬆️  Upserting 10 vectors to namespace: mcp_b539ab77b811d627
[2025-11-05T12:00:18.814Z] [2025-11-05T12:00:18.815Z] [INDEXING-ORCHESTRATOR] [WARN] ⚠️ Skipping batch 6 after retries failed. Continuing with remaining batches.
[2025-11-05T12:00:18.814Z] [2025-11-05T12:00:18.815Z] [INDEXING-ORCHESTRATOR] [WARN] Skipped batch error: "Turbopuffer upsert error (400): {\"error\":\"💔 This upsert contains duplicate document IDs and was not written. You should ensure that individual upserts do not include duplicate documents. The duplicated IDs in this batch were the following: C:\\\\Users\\\\RakaThinkpad\\\\Documents\\\\Project\\\\educatedplanet\\\\admin\",\"status\":\"error\"}"
[2025-11-05T12:00:18.815Z] [2025-11-05T12:00:18.815Z] [INDEXING-ORCHESTRATOR] [INFO] 📦 Processing batch 7/46 (10 chunks)
[2025-11-05T12:00:18.815Z] [2025-11-05T12:00:18.815Z] [INDEXING-ORCHESTRATOR] [DEBUG] 🧠 Generating embeddings for 10 chunks...
[2025-11-05T12:00:21.050Z] [2025-11-05T12:00:21.052Z] [INDEXING-ORCHESTRATOR] [DEBUG] ✅ Generated 10 embeddings
[2025-11-05T12:00:21.050Z] [2025-11-05T12:00:21.052Z] [INDEXING-ORCHESTRATOR] [DEBUG] ⬆️  Upserting 10 vectors to namespace: mcp_b539ab77b811d627
[2025-11-05T12:00:22.175Z] [2025-11-05T12:00:22.176Z] [INDEXING-ORCHESTRATOR] [WARN] ⚠️ Skipping batch 7 after retries failed. Continuing with remaining batches.
[2025-11-05T12:00:22.175Z] [2025-11-05T12:00:22.176Z] [INDEXING-ORCHESTRATOR] [WARN] Skipped batch error: "Turbopuffer upsert error (400): {\"error\":\"💔 This upsert contains duplicate document IDs and was not written. You should ensure that individual upserts do not include duplicate documents. The duplicated IDs in this batch were the following: C:\\\\Users\\\\RakaThinkpad\\\\Documents\\\\Project\\\\educatedplanet\\\\admin\",\"status\":\"error\"}"
[2025-11-05T12:00:22.175Z] [2025-11-05T12:00:22.176Z] [INDEXING-ORCHESTRATOR] [INFO] 📦 Processing batch 8/46 (10 chunks)
[2025-11-05T12:00:22.175Z] [2025-11-05T12:00:22.176Z] [INDEXING-ORCHESTRATOR] [DEBUG] 🧠 Generating embeddings for 10 chunks...
[2025-11-05T12:00:24.433Z] [2025-11-05T12:00:24.435Z] [INDEXING-ORCHESTRATOR] [DEBUG] ✅ Generated 10 embeddings
[2025-11-05T12:00:24.433Z] [2025-11-05T12:00:24.435Z] [INDEXING-ORCHESTRATOR] [DEBUG] ⬆️  Upserting 10 vectors to namespace: mcp_b539ab77b811d627
[2025-11-05T12:00:25.553Z] [2025-11-05T12:00:25.555Z] [INDEXING-ORCHESTRATOR] [WARN] ⚠️ Skipping batch 8 after retries failed. Continuing with remaining batches.
[2025-11-05T12:00:25.553Z] [2025-11-05T12:00:25.555Z] [INDEXING-ORCHESTRATOR] [WARN] Skipped batch error: "Turbopuffer upsert error (400): {\"error\":\"💔 This upsert contains duplicate document IDs and was not written. You should ensure that individual upserts do not include duplicate documents. The duplicated IDs in this batch were the following: C:\\\\Users\\\\RakaThinkpad\\\\Documents\\\\Project\\\\educatedplanet\\\\admin\",\"status\":\"error\"}"
[2025-11-05T12:00:25.553Z] [2025-11-05T12:00:25.555Z] [INDEXING-ORCHESTRATOR] [INFO] 📦 Processing batch 9/46 (10 chunks)
[2025-11-05T12:00:25.553Z] [2025-11-05T12:00:25.555Z] [INDEXING-ORCHESTRATOR] [DEBUG] 🧠 Generating embeddings for 10 chunks...
[2025-11-05T12:00:27.538Z] [2025-11-05T12:00:27.539Z] [INDEXING-ORCHESTRATOR] [DEBUG] ✅ Generated 10 embeddings
[2025-11-05T12:00:27.538Z] [2025-11-05T12:00:27.539Z] [INDEXING-ORCHESTRATOR] [DEBUG] ⬆️  Upserting 10 vectors to namespace: mcp_b539ab77b811d627
[2025-11-05T12:00:28.644Z] [2025-11-05T12:00:28.645Z] [INDEXING-ORCHESTRATOR] [WARN] ⚠️ Skipping batch 9 after retries failed. Continuing with remaining batches.
[2025-11-05T12:00:28.644Z] [2025-11-05T12:00:28.645Z] [INDEXING-ORCHESTRATOR] [WARN] Skipped batch error: "Turbopuffer upsert error (400): {\"error\":\"💔 This upsert contains duplicate document IDs and was not written. You should ensure that individual upserts do not include duplicate documents. The duplicated IDs in this batch were the following: C:\\\\Users\\\\RakaThinkpad\\\\Documents\\\\Project\\\\educatedplanet\\\\admin\",\"status\":\"error\"}"
[2025-11-05T12:00:28.644Z] [2025-11-05T12:00:28.645Z] [INDEXING-ORCHESTRATOR] [INFO] 📦 Processing batch 10/46 (10 chunks)
[2025-11-05T12:00:28.644Z] [2025-11-05T12:00:28.645Z] [INDEXING-ORCHESTRATOR] [DEBUG] 🧠 Generating embeddings for 10 chunks...
[2025-11-05T12:00:31.045Z] [2025-11-05T12:00:31.046Z] [INDEXING-ORCHESTRATOR] [DEBUG] ✅ Generated 10 embeddings
[2025-11-05T12:00:31.045Z] [2025-11-05T12:00:31.046Z] [INDEXING-ORCHESTRATOR] [DEBUG] ⬆️  Upserting 10 vectors to namespace: mcp_b539ab77b811d627
[2025-11-05T12:00:32.138Z] [2025-11-05T12:00:32.139Z] [INDEXING-ORCHESTRATOR] [WARN] ⚠️ Skipping batch 10 after retries failed. Continuing with remaining batches.
[2025-11-05T12:00:32.138Z] [2025-11-05T12:00:32.139Z] [INDEXING-ORCHESTRATOR] [WARN] Skipped batch error: "Turbopuffer upsert error (400): {\"error\":\"💔 This upsert contains duplicate document IDs and was not written. You should ensure that individual upserts do not include duplicate documents. The duplicated IDs in this batch were the following: C:\\\\Users\\\\RakaThinkpad\\\\Documents\\\\Project\\\\educatedplanet\\\\admin\",\"status\":\"error\"}"
[2025-11-05T12:00:32.138Z] [2025-11-05T12:00:32.139Z] [INDEXING-ORCHESTRATOR] [INFO] 📦 Processing batch 11/46 (10 chunks)
[2025-11-05T12:00:32.138Z] [2025-11-05T12:00:32.139Z] [INDEXING-ORCHESTRATOR] [DEBUG] 🧠 Generating embeddings for 10 chunks...
[2025-11-05T12:00:34.384Z] [2025-11-05T12:00:34.385Z] [INDEXING-ORCHESTRATOR] [DEBUG] ✅ Generated 10 embeddings
[2025-11-05T12:00:34.384Z] [2025-11-05T12:00:34.385Z] [INDEXING-ORCHESTRATOR] [DEBUG] ⬆️  Upserting 10 vectors to namespace: mcp_b539ab77b811d627
[2025-11-05T12:00:35.508Z] [2025-11-05T12:00:35.509Z] [INDEXING-ORCHESTRATOR] [WARN] ⚠️ Skipping batch 11 after retries failed. Continuing with remaining batches.
[2025-11-05T12:00:35.508Z] [2025-11-05T12:00:35.510Z] [INDEXING-ORCHESTRATOR] [WARN] Skipped batch error: "Turbopuffer upsert error (400): {\"error\":\"💔 This upsert contains duplicate document IDs and was not written. You should ensure that individual upserts do not include duplicate documents. The duplicated IDs in this batch were the following: C:\\\\Users\\\\RakaThinkpad\\\\Documents\\\\Project\\\\educatedplanet\\\\admin\",\"status\":\"error\"}"
[2025-11-05T12:00:35.508Z] [2025-11-05T12:00:35.510Z] [INDEXING-ORCHESTRATOR] [INFO] 📦 Processing batch 12/46 (10 chunks)
[2025-11-05T12:00:35.509Z] [2025-11-05T12:00:35.510Z] [INDEXING-ORCHESTRATOR] [DEBUG] 🧠 Generating embeddings for 10 chunks...
[2025-11-05T12:00:37.463Z] [2025-11-05T12:00:37.464Z] [INDEXING-ORCHESTRATOR] [DEBUG] ✅ Generated 10 embeddings
[2025-11-05T12:00:37.463Z] [2025-11-05T12:00:37.464Z] [INDEXING-ORCHESTRATOR] [DEBUG] ⬆️  Upserting 10 vectors to namespace: mcp_b539ab77b811d627
[2025-11-05T12:00:38.594Z] [2025-11-05T12:00:38.595Z] [INDEXING-ORCHESTRATOR] [WARN] ⚠️ Skipping batch 12 after retries failed. Continuing with remaining batches.
[2025-11-05T12:00:38.594Z] [2025-11-05T12:00:38.596Z] [INDEXING-ORCHESTRATOR] [WARN] Skipped batch error: "Turbopuffer upsert error (400): {\"error\":\"💔 This upsert contains duplicate document IDs and was not written. You should ensure that individual upserts do not include duplicate documents. The duplicated IDs in this batch were the following: C:\\\\Users\\\\RakaThinkpad\\\\Documents\\\\Project\\\\educatedplanet\\\\admin\",\"status\":\"error\"}"
[2025-11-05T12:00:38.595Z] [2025-11-05T12:00:38.596Z] [INDEXING-ORCHESTRATOR] [INFO] 📦 Processing batch 13/46 (10 chunks)
[2025-11-05T12:00:38.595Z] [2025-11-05T12:00:38.596Z] [INDEXING-ORCHESTRATOR] [DEBUG] 🧠 Generating embeddings for 10 chunks...
[2025-11-05T12:00:40.948Z] [2025-11-05T12:00:40.949Z] [INDEXING-ORCHESTRATOR] [DEBUG] ✅ Generated 10 embeddings
[2025-11-05T12:00:40.948Z] [2025-11-05T12:00:40.949Z] [INDEXING-ORCHESTRATOR] [DEBUG] ⬆️  Upserting 10 vectors to namespace: mcp_b539ab77b811d627
[2025-11-05T12:00:42.151Z] [2025-11-05T12:00:42.153Z] [INDEXING-ORCHESTRATOR] [WARN] ⚠️ Skipping batch 13 after retries failed. Continuing with remaining batches.
[2025-11-05T12:00:42.151Z] [2025-11-05T12:00:42.153Z] [INDEXING-ORCHESTRATOR] [WARN] Skipped batch error: "Turbopuffer upsert error (400): {\"error\":\"💔 This upsert contains duplicate document IDs and was not written. You should ensure that individual upserts do not include duplicate documents. The duplicated IDs in this batch were the following: C:\\\\Users\\\\RakaThinkpad\\\\Documents\\\\Project\\\\educatedplanet\\\\admin\",\"status\":\"error\"}"
[2025-11-05T12:00:42.151Z] [2025-11-05T12:00:42.153Z] [INDEXING-ORCHESTRATOR] [INFO] 📦 Processing batch 14/46 (10 chunks)
[2025-11-05T12:00:42.151Z] [2025-11-05T12:00:42.153Z] [INDEXING-ORCHESTRATOR] [DEBUG] 🧠 Generating embeddings for 10 chunks...
[2025-11-05T12:00:44.047Z] [2025-11-05T12:00:44.048Z] [INDEXING-ORCHESTRATOR] [DEBUG] ✅ Generated 10 embeddings
[2025-11-05T12:00:44.047Z] [2025-11-05T12:00:44.048Z] [INDEXING-ORCHESTRATOR] [DEBUG] ⬆️  Upserting 10 vectors to namespace: mcp_b539ab77b811d627
[2025-11-05T12:00:45.206Z] [2025-11-05T12:00:45.207Z] [INDEXING-ORCHESTRATOR] [WARN] ⚠️ Skipping batch 14 after retries failed. Continuing with remaining batches.
[2025-11-05T12:00:45.206Z] [2025-11-05T12:00:45.207Z] [INDEXING-ORCHESTRATOR] [WARN] Skipped batch error: "Turbopuffer upsert error (400): {\"error\":\"💔 This upsert contains duplicate document IDs and was not written. You should ensure that individual upserts do not include duplicate documents. The duplicated IDs in this batch were the following: C:\\\\Users\\\\RakaThinkpad\\\\Documents\\\\Project\\\\educatedplanet\\\\admin\",\"status\":\"error\"}"
[2025-11-05T12:00:45.206Z] [2025-11-05T12:00:45.207Z] [INDEXING-ORCHESTRATOR] [INFO] 📦 Processing batch 15/46 (10 chunks)
[2025-11-05T12:00:45.206Z] [2025-11-05T12:00:45.207Z] [INDEXING-ORCHESTRATOR] [DEBUG] 🧠 Generating embeddings for 10 chunks...
[2025-11-05T12:00:47.747Z] [2025-11-05T12:00:47.747Z] [INDEXING-ORCHESTRATOR] [DEBUG] ✅ Generated 10 embeddings
[2025-11-05T12:00:47.747Z] [2025-11-05T12:00:47.747Z] [INDEXING-ORCHESTRATOR] [DEBUG] ⬆️  Upserting 10 vectors to namespace: mcp_b539ab77b811d627
[2025-11-05T12:00:48.887Z] [2025-11-05T12:00:48.887Z] [INDEXING-ORCHESTRATOR] [WARN] ⚠️ Skipping batch 15 after retries failed. Continuing with remaining batches.
[2025-11-05T12:00:48.887Z] [2025-11-05T12:00:48.887Z] [INDEXING-ORCHESTRATOR] [WARN] Skipped batch error: "Turbopuffer upsert error (400): {\"error\":\"💔 This upsert contains duplicate document IDs and was not written. You should ensure that individual upserts do not include duplicate documents. The duplicated IDs in this batch were the following: C:\\\\Users\\\\RakaThinkpad\\\\Documents\\\\Project\\\\educatedplanet\\\\admin\",\"status\":\"error\"}"
[2025-11-05T12:00:48.887Z] [2025-11-05T12:00:48.887Z] [INDEXING-ORCHESTRATOR] [INFO] 📦 Processing batch 16/46 (10 chunks)
[2025-11-05T12:00:48.887Z] [2025-11-05T12:00:48.887Z] [INDEXING-ORCHESTRATOR] [DEBUG] 🧠 Generating embeddings for 10 chunks...
[2025-11-05T12:00:50.800Z] [2025-11-05T12:00:50.800Z] [INDEXING-ORCHESTRATOR] [DEBUG] ✅ Generated 10 embeddings
[2025-11-05T12:00:50.800Z] [2025-11-05T12:00:50.800Z] [INDEXING-ORCHESTRATOR] [DEBUG] ⬆️  Upserting 10 vectors to namespace: mcp_b539ab77b811d627
[2025-11-05T12:00:51.938Z] [2025-11-05T12:00:51.937Z] [INDEXING-ORCHESTRATOR] [WARN] ⚠️ Skipping batch 16 after retries failed. Continuing with remaining batches.
[2025-11-05T12:00:51.938Z] [2025-11-05T12:00:51.938Z] [INDEXING-ORCHESTRATOR] [WARN] Skipped batch error: "Turbopuffer upsert error (400): {\"error\":\"💔 This upsert contains duplicate document IDs and was not written. You should ensure that individual upserts do not include duplicate documents. The duplicated IDs in this batch were the following: C:\\\\Users\\\\RakaThinkpad\\\\Documents\\\\Project\\\\educatedplanet\\\\admin\",\"status\":\"error\"}"
[2025-11-05T12:00:51.938Z] [2025-11-05T12:00:51.938Z] [INDEXING-ORCHESTRATOR] [INFO] 📦 Processing batch 17/46 (10 chunks)
[2025-11-05T12:00:51.938Z] [2025-11-05T12:00:51.938Z] [INDEXING-ORCHESTRATOR] [DEBUG] 🧠 Generating embeddings for 10 chunks...
[2025-11-05T12:00:54.424Z] [2025-11-05T12:00:54.423Z] [INDEXING-ORCHESTRATOR] [DEBUG] ✅ Generated 10 embeddings
[2025-11-05T12:00:54.424Z] [2025-11-05T12:00:54.423Z] [INDEXING-ORCHESTRATOR] [DEBUG] ⬆️  Upserting 10 vectors to namespace: mcp_b539ab77b811d627
[2025-11-05T12:00:55.549Z] [2025-11-05T12:00:55.549Z] [INDEXING-ORCHESTRATOR] [WARN] ⚠️ Skipping batch 17 after retries failed. Continuing with remaining batches.
[2025-11-05T12:00:55.549Z] [2025-11-05T12:00:55.549Z] [INDEXING-ORCHESTRATOR] [WARN] Skipped batch error: "Turbopuffer upsert error (400): {\"error\":\"💔 This upsert contains duplicate document IDs and was not written. You should ensure that individual upserts do not include duplicate documents. The duplicated IDs in this batch were the following: C:\\\\Users\\\\RakaThinkpad\\\\Documents\\\\Project\\\\educatedplanet\\\\admin\",\"status\":\"error\"}"
[2025-11-05T12:00:55.549Z] [2025-11-05T12:00:55.549Z] [INDEXING-ORCHESTRATOR] [INFO] 📦 Processing batch 18/46 (10 chunks)
[2025-11-05T12:00:55.549Z] [2025-11-05T12:00:55.549Z] [INDEXING-ORCHESTRATOR] [DEBUG] 🧠 Generating embeddings for 10 chunks...
[2025-11-05T12:00:57.589Z] [2025-11-05T12:00:57.589Z] [INDEXING-ORCHESTRATOR] [DEBUG] ✅ Generated 10 embeddings
[2025-11-05T12:00:57.590Z] [2025-11-05T12:00:57.589Z] [INDEXING-ORCHESTRATOR] [DEBUG] ⬆️  Upserting 10 vectors to namespace: mcp_b539ab77b811d627
[2025-11-05T12:00:58.728Z] [2025-11-05T12:00:58.728Z] [INDEXING-ORCHESTRATOR] [WARN] ⚠️ Skipping batch 18 after retries failed. Continuing with remaining batches.
[2025-11-05T12:00:58.729Z] [2025-11-05T12:00:58.728Z] [INDEXING-ORCHESTRATOR] [WARN] Skipped batch error: "Turbopuffer upsert error (400): {\"error\":\"💔 This upsert contains duplicate document IDs and was not written. You should ensure that individual upserts do not include duplicate documents. The duplicated IDs in this batch were the following: C:\\\\Users\\\\RakaThinkpad\\\\Documents\\\\Project\\\\educatedplanet\\\\admin\",\"status\":\"error\"}"
[2025-11-05T12:00:58.729Z] [2025-11-05T12:00:58.728Z] [INDEXING-ORCHESTRATOR] [INFO] 📦 Processing batch 19/46 (10 chunks)
[2025-11-05T12:00:58.729Z] [2025-11-05T12:00:58.728Z] [INDEXING-ORCHESTRATOR] [DEBUG] 🧠 Generating embeddings for 10 chunks...
[2025-11-05T12:01:01.285Z] [2025-11-05T12:01:01.284Z] [INDEXING-ORCHESTRATOR] [DEBUG] ✅ Generated 10 embeddings
[2025-11-05T12:01:01.285Z] [2025-11-05T12:01:01.285Z] [INDEXING-ORCHESTRATOR] [DEBUG] ⬆️  Upserting 10 vectors to namespace: mcp_b539ab77b811d627
[2025-11-05T12:01:02.456Z] [2025-11-05T12:01:02.455Z] [INDEXING-ORCHESTRATOR] [WARN] ⚠️ Skipping batch 19 after retries failed. Continuing with remaining batches.
[2025-11-05T12:01:02.456Z] [2025-11-05T12:01:02.455Z] [INDEXING-ORCHESTRATOR] [WARN] Skipped batch error: "Turbopuffer upsert error (400): {\"error\":\"💔 This upsert contains duplicate document IDs and was not written. You should ensure that individual upserts do not include duplicate documents. The duplicated IDs in this batch were the following: C:\\\\Users\\\\RakaThinkpad\\\\Documents\\\\Project\\\\educatedplanet\\\\admin\",\"status\":\"error\"}"
[2025-11-05T12:01:02.456Z] [2025-11-05T12:01:02.455Z] [INDEXING-ORCHESTRATOR] [INFO] 📦 Processing batch 20/46 (10 chunks)
[2025-11-05T12:01:02.456Z] [2025-11-05T12:01:02.456Z] [INDEXING-ORCHESTRATOR] [DEBUG] 🧠 Generating embeddings for 10 chunks...
[2025-11-05T12:01:04.740Z] [2025-11-05T12:01:04.739Z] [INDEXING-ORCHESTRATOR] [DEBUG] ✅ Generated 10 embeddings
[2025-11-05T12:01:04.740Z] [2025-11-05T12:01:04.739Z] [INDEXING-ORCHESTRATOR] [DEBUG] ⬆️  Upserting 10 vectors to namespace: mcp_b539ab77b811d627
[2025-11-05T12:01:05.878Z] [2025-11-05T12:01:05.878Z] [INDEXING-ORCHESTRATOR] [WARN] ⚠️ Skipping batch 20 after retries failed. Continuing with remaining batches.
[2025-11-05T12:01:05.878Z] [2025-11-05T12:01:05.878Z] [INDEXING-ORCHESTRATOR] [WARN] Skipped batch error: "Turbopuffer upsert error (400): {\"error\":\"💔 This upsert contains duplicate document IDs and was not written. You should ensure that individual upserts do not include duplicate documents. The duplicated IDs in this batch were the following: C:\\\\Users\\\\RakaThinkpad\\\\Documents\\\\Project\\\\educatedplanet\\\\admin\",\"status\":\"error\"}"
[2025-11-05T12:01:05.878Z] [2025-11-05T12:01:05.878Z] [INDEXING-ORCHESTRATOR] [INFO] 📦 Processing batch 21/46 (10 chunks)
[2025-11-05T12:01:05.878Z] [2025-11-05T12:01:05.878Z] [INDEXING-ORCHESTRATOR] [DEBUG] 🧠 Generating embeddings for 10 chunks...
[2025-11-05T12:01:08.432Z] [2025-11-05T12:01:08.432Z] [INDEXING-ORCHESTRATOR] [DEBUG] ✅ Generated 10 embeddings
[2025-11-05T12:01:08.433Z] [2025-11-05T12:01:08.432Z] [INDEXING-ORCHESTRATOR] [DEBUG] ⬆️  Upserting 10 vectors to namespace: mcp_b539ab77b811d627
[2025-11-05T12:01:09.553Z] [2025-11-05T12:01:09.553Z] [INDEXING-ORCHESTRATOR] [WARN] ⚠️ Skipping batch 21 after retries failed. Continuing with remaining batches.
[2025-11-05T12:01:09.554Z] [2025-11-05T12:01:09.553Z] [INDEXING-ORCHESTRATOR] [WARN] Skipped batch error: "Turbopuffer upsert error (400): {\"error\":\"💔 This upsert contains duplicate document IDs and was not written. You should ensure that individual upserts do not include duplicate documents. The duplicated IDs in this batch were the following: C:\\\\Users\\\\RakaThinkpad\\\\Documents\\\\Project\\\\educatedplanet\\\\admin\",\"status\":\"error\"}"
[2025-11-05T12:01:09.554Z] [2025-11-05T12:01:09.553Z] [INDEXING-ORCHESTRATOR] [INFO] 📦 Processing batch 22/46 (10 chunks)
[2025-11-05T12:01:09.554Z] [2025-11-05T12:01:09.553Z] [INDEXING-ORCHESTRATOR] [DEBUG] 🧠 Generating embeddings for 10 chunks...
[2025-11-05T12:01:13.745Z] [2025-11-05T12:01:13.745Z] [INDEXING-ORCHESTRATOR] [DEBUG] ✅ Generated 10 embeddings
[2025-11-05T12:01:13.745Z] [2025-11-05T12:01:13.745Z] [INDEXING-ORCHESTRATOR] [DEBUG] ⬆️  Upserting 10 vectors to namespace: mcp_b539ab77b811d627
[2025-11-05T12:01:15.029Z] [2025-11-05T12:01:15.028Z] [INDEXING-ORCHESTRATOR] [WARN] ⚠️ Skipping batch 22 after retries failed. Continuing with remaining batches.
[2025-11-05T12:01:15.030Z] [2025-11-05T12:01:15.029Z] [INDEXING-ORCHESTRATOR] [WARN] Skipped batch error: "Turbopuffer upsert error (400): {\"error\":\"💔 This upsert contains duplicate document IDs and was not written. You should ensure that individual upserts do not include duplicate documents. The duplicated IDs in this batch were the following: C:\\\\Users\\\\RakaThinkpad\\\\Documents\\\\Project\\\\educatedplanet\\\\admin\",\"status\":\"error\"}"
[2025-11-05T12:01:15.030Z] [2025-11-05T12:01:15.029Z] [INDEXING-ORCHESTRATOR] [INFO] 📦 Processing batch 23/46 (10 chunks)
[2025-11-05T12:01:15.030Z] [2025-11-05T12:01:15.029Z] [INDEXING-ORCHESTRATOR] [DEBUG] 🧠 Generating embeddings for 10 chunks...
[2025-11-05T12:01:17.842Z] [2025-11-05T12:01:17.842Z] [INDEXING-ORCHESTRATOR] [DEBUG] ✅ Generated 10 embeddings
[2025-11-05T12:01:17.842Z] [2025-11-05T12:01:17.842Z] [INDEXING-ORCHESTRATOR] [DEBUG] ⬆️  Upserting 10 vectors to namespace: mcp_b539ab77b811d627
[2025-11-05T12:01:18.994Z] [2025-11-05T12:01:18.993Z] [INDEXING-ORCHESTRATOR] [WARN] ⚠️ Skipping batch 23 after retries failed. Continuing with remaining batches.
[2025-11-05T12:01:18.995Z] [2025-11-05T12:01:18.994Z] [INDEXING-ORCHESTRATOR] [WARN] Skipped batch error: "Turbopuffer upsert error (400): {\"error\":\"💔 This upsert contains duplicate document IDs and was not written. You should ensure that individual upserts do not include duplicate documents. The duplicated IDs in this batch were the following: C:\\\\Users\\\\RakaThinkpad\\\\Documents\\\\Project\\\\educatedplanet\\\\admin\",\"status\":\"error\"}"
[2025-11-05T12:01:18.995Z] [2025-11-05T12:01:18.994Z] [INDEXING-ORCHESTRATOR] [INFO] 📦 Processing batch 24/46 (10 chunks)
[2025-11-05T12:01:18.995Z] [2025-11-05T12:01:18.994Z] [INDEXING-ORCHESTRATOR] [DEBUG] 🧠 Generating embeddings for 10 chunks...
[2025-11-05T12:01:23.257Z] [2025-11-05T12:01:23.259Z] [INDEXING-ORCHESTRATOR] [DEBUG] ✅ Generated 10 embeddings
[2025-11-05T12:01:23.258Z] [2025-11-05T12:01:23.259Z] [INDEXING-ORCHESTRATOR] [DEBUG] ⬆️  Upserting 10 vectors to namespace: mcp_b539ab77b811d627
[2025-11-05T12:01:24.484Z] [2025-11-05T12:01:24.485Z] [INDEXING-ORCHESTRATOR] [WARN] ⚠️ Skipping batch 24 after retries failed. Continuing with remaining batches.
[2025-11-05T12:01:24.484Z] [2025-11-05T12:01:24.485Z] [INDEXING-ORCHESTRATOR] [WARN] Skipped batch error: "Turbopuffer upsert error (400): {\"error\":\"💔 This upsert contains duplicate document IDs and was not written. You should ensure that individual upserts do not include duplicate documents. The duplicated IDs in this batch were the following: C:\\\\Users\\\\RakaThinkpad\\\\Documents\\\\Project\\\\educatedplanet\\\\admin\",\"status\":\"error\"}"
[2025-11-05T12:01:24.484Z] [2025-11-05T12:01:24.485Z] [INDEXING-ORCHESTRATOR] [INFO] 📦 Processing batch 25/46 (10 chunks)
[2025-11-05T12:01:24.484Z] [2025-11-05T12:01:24.485Z] [INDEXING-ORCHESTRATOR] [DEBUG] 🧠 Generating embeddings for 10 chunks...
[2025-11-05T12:01:28.999Z] [2025-11-05T12:01:29.001Z] [INDEXING-ORCHESTRATOR] [DEBUG] ✅ Generated 10 embeddings
[2025-11-05T12:01:28.999Z] [2025-11-05T12:01:29.001Z] [INDEXING-ORCHESTRATOR] [DEBUG] ⬆️  Upserting 10 vectors to namespace: mcp_b539ab77b811d627
[2025-11-05T12:01:30.215Z] [2025-11-05T12:01:30.216Z] [INDEXING-ORCHESTRATOR] [WARN] ⚠️ Skipping batch 25 after retries failed. Continuing with remaining batches.
[2025-11-05T12:01:30.215Z] [2025-11-05T12:01:30.216Z] [INDEXING-ORCHESTRATOR] [WARN] Skipped batch error: "Turbopuffer upsert error (400): {\"error\":\"💔 This upsert contains duplicate document IDs and was not written. You should ensure that individual upserts do not include duplicate documents. The duplicated IDs in this batch were the following: C:\\\\Users\\\\RakaThinkpad\\\\Documents\\\\Project\\\\educatedplanet\\\\admin\",\"status\":\"error\"}"
[2025-11-05T12:01:30.215Z] [2025-11-05T12:01:30.216Z] [INDEXING-ORCHESTRATOR] [INFO] 📦 Processing batch 26/46 (10 chunks)
[2025-11-05T12:01:30.215Z] [2025-11-05T12:01:30.216Z] [INDEXING-ORCHESTRATOR] [DEBUG] 🧠 Generating embeddings for 10 chunks...
[2025-11-05T12:01:32.350Z] [2025-11-05T12:01:32.352Z] [INDEXING-ORCHESTRATOR] [DEBUG] ✅ Generated 10 embeddings
[2025-11-05T12:01:32.350Z] [2025-11-05T12:01:32.352Z] [INDEXING-ORCHESTRATOR] [DEBUG] ⬆️  Upserting 10 vectors to namespace: mcp_b539ab77b811d627
[2025-11-05T12:01:33.507Z] [2025-11-05T12:01:33.509Z] [INDEXING-ORCHESTRATOR] [WARN] ⚠️ Skipping batch 26 after retries failed. Continuing with remaining batches.
[2025-11-05T12:01:33.509Z] [2025-11-05T12:01:33.509Z] [INDEXING-ORCHESTRATOR] [WARN] Skipped batch error: "Turbopuffer upsert error (400): {\"error\":\"💔 This upsert contains duplicate document IDs and was not written. You should ensure that individual upserts do not include duplicate documents. The duplicated IDs in this batch were the following: C:\\\\Users\\\\RakaThinkpad\\\\Documents\\\\Project\\\\educatedplanet\\\\admin\",\"status\":\"error\"}"
[2025-11-05T12:01:33.509Z] [2025-11-05T12:01:33.509Z] [INDEXING-ORCHESTRATOR] [INFO] 📦 Processing batch 27/46 (10 chunks)
[2025-11-05T12:01:33.509Z] [2025-11-05T12:01:33.509Z] [INDEXING-ORCHESTRATOR] [DEBUG] 🧠 Generating embeddings for 10 chunks...
[2025-11-05T12:01:35.772Z] [2025-11-05T12:01:35.773Z] [INDEXING-ORCHESTRATOR] [DEBUG] ✅ Generated 10 embeddings
[2025-11-05T12:01:35.773Z] [2025-11-05T12:01:35.774Z] [INDEXING-ORCHESTRATOR] [DEBUG] ⬆️  Upserting 10 vectors to namespace: mcp_b539ab77b811d627
[2025-11-05T12:01:36.877Z] [2025-11-05T12:01:36.878Z] [INDEXING-ORCHESTRATOR] [WARN] ⚠️ Skipping batch 27 after retries failed. Continuing with remaining batches.
[2025-11-05T12:01:36.878Z] [2025-11-05T12:01:36.878Z] [INDEXING-ORCHESTRATOR] [WARN] Skipped batch error: "Turbopuffer upsert error (400): {\"error\":\"💔 This upsert contains duplicate document IDs and was not written. You should ensure that individual upserts do not include duplicate documents. The duplicated IDs in this batch were the following: C:\\\\Users\\\\RakaThinkpad\\\\Documents\\\\Project\\\\educatedplanet\\\\admin\",\"status\":\"error\"}"
[2025-11-05T12:01:36.878Z] [2025-11-05T12:01:36.878Z] [INDEXING-ORCHESTRATOR] [INFO] 📦 Processing batch 28/46 (10 chunks)
[2025-11-05T12:01:36.878Z] [2025-11-05T12:01:36.878Z] [INDEXING-ORCHESTRATOR] [DEBUG] 🧠 Generating embeddings for 10 chunks...
[2025-11-05T12:01:39.316Z] [2025-11-05T12:01:39.317Z] [INDEXING-ORCHESTRATOR] [DEBUG] ✅ Generated 10 embeddings
[2025-11-05T12:01:39.316Z] [2025-11-05T12:01:39.317Z] [INDEXING-ORCHESTRATOR] [DEBUG] ⬆️  Upserting 10 vectors to namespace: mcp_b539ab77b811d627
[2025-11-05T12:01:40.424Z] [2025-11-05T12:01:40.425Z] [INDEXING-ORCHESTRATOR] [WARN] ⚠️ Skipping batch 28 after retries failed. Continuing with remaining batches.
[2025-11-05T12:01:40.424Z] [2025-11-05T12:01:40.425Z] [INDEXING-ORCHESTRATOR] [WARN] Skipped batch error: "Turbopuffer upsert error (400): {\"error\":\"💔 This upsert contains duplicate document IDs and was not written. You should ensure that individual upserts do not include duplicate documents. The duplicated IDs in this batch were the following: C:\\\\Users\\\\RakaThinkpad\\\\Documents\\\\Project\\\\educatedplanet\\\\admin\",\"status\":\"error\"}"
[2025-11-05T12:01:40.424Z] [2025-11-05T12:01:40.425Z] [INDEXING-ORCHESTRATOR] [INFO] 📦 Processing batch 29/46 (10 chunks)
[2025-11-05T12:01:40.424Z] [2025-11-05T12:01:40.425Z] [INDEXING-ORCHESTRATOR] [DEBUG] 🧠 Generating embeddings for 10 chunks...
[2025-11-05T12:01:42.597Z] [2025-11-05T12:01:42.599Z] [INDEXING-ORCHESTRATOR] [DEBUG] ✅ Generated 10 embeddings
[2025-11-05T12:01:42.597Z] [2025-11-05T12:01:42.599Z] [INDEXING-ORCHESTRATOR] [DEBUG] ⬆️  Upserting 10 vectors to namespace: mcp_b539ab77b811d627
[2025-11-05T12:01:43.753Z] [2025-11-05T12:01:43.754Z] [INDEXING-ORCHESTRATOR] [WARN] ⚠️ Skipping batch 29 after retries failed. Continuing with remaining batches.
[2025-11-05T12:01:43.754Z] [2025-11-05T12:01:43.755Z] [INDEXING-ORCHESTRATOR] [WARN] Skipped batch error: "Turbopuffer upsert error (400): {\"error\":\"💔 This upsert contains duplicate document IDs and was not written. You should ensure that individual upserts do not include duplicate documents. The duplicated IDs in this batch were the following: C:\\\\Users\\\\RakaThinkpad\\\\Documents\\\\Project\\\\educatedplanet\\\\admin\",\"status\":\"error\"}"
[2025-11-05T12:01:43.754Z] [2025-11-05T12:01:43.755Z] [INDEXING-ORCHESTRATOR] [INFO] 📦 Processing batch 30/46 (10 chunks)
[2025-11-05T12:01:43.754Z] [2025-11-05T12:01:43.755Z] [INDEXING-ORCHESTRATOR] [DEBUG] 🧠 Generating embeddings for 10 chunks...
[2025-11-05T12:01:45.989Z] [2025-11-05T12:01:45.990Z] [INDEXING-ORCHESTRATOR] [DEBUG] ✅ Generated 10 embeddings
[2025-11-05T12:01:45.989Z] [2025-11-05T12:01:45.990Z] [INDEXING-ORCHESTRATOR] [DEBUG] ⬆️  Upserting 10 vectors to namespace: mcp_b539ab77b811d627
[2025-11-05T12:01:47.158Z] [2025-11-05T12:01:47.159Z] [INDEXING-ORCHESTRATOR] [WARN] ⚠️ Skipping batch 30 after retries failed. Continuing with remaining batches.
[2025-11-05T12:01:47.159Z] [2025-11-05T12:01:47.160Z] [INDEXING-ORCHESTRATOR] [WARN] Skipped batch error: "Turbopuffer upsert error (400): {\"error\":\"💔 This upsert contains duplicate document IDs and was not written. You should ensure that individual upserts do not include duplicate documents. The duplicated IDs in this batch were the following: C:\\\\Users\\\\RakaThinkpad\\\\Documents\\\\Project\\\\educatedplanet\\\\admin\",\"status\":\"error\"}"
[2025-11-05T12:01:47.159Z] [2025-11-05T12:01:47.160Z] [INDEXING-ORCHESTRATOR] [INFO] 📦 Processing batch 31/46 (10 chunks)
[2025-11-05T12:01:47.159Z] [2025-11-05T12:01:47.160Z] [INDEXING-ORCHESTRATOR] [DEBUG] 🧠 Generating embeddings for 10 chunks...
[2025-11-05T12:01:49.601Z] [2025-11-05T12:01:49.597Z] [INDEXING-ORCHESTRATOR] [DEBUG] ✅ Generated 10 embeddings
[2025-11-05T12:01:49.602Z] [2025-11-05T12:01:49.597Z] [INDEXING-ORCHESTRATOR] [DEBUG] ⬆️  Upserting 10 vectors to namespace: mcp_b539ab77b811d627
[2025-11-05T12:01:50.777Z] [2025-11-05T12:01:50.772Z] [INDEXING-ORCHESTRATOR] [WARN] ⚠️ Skipping batch 31 after retries failed. Continuing with remaining batches.
[2025-11-05T12:01:50.778Z] [2025-11-05T12:01:50.772Z] [INDEXING-ORCHESTRATOR] [WARN] Skipped batch error: "Turbopuffer upsert error (400): {\"error\":\"💔 This upsert contains duplicate document IDs and was not written. You should ensure that individual upserts do not include duplicate documents. The duplicated IDs in this batch were the following: C:\\\\Users\\\\RakaThinkpad\\\\Documents\\\\Project\\\\educatedplanet\\\\admin\",\"status\":\"error\"}"
[2025-11-05T12:01:50.778Z] [2025-11-05T12:01:50.772Z] [INDEXING-ORCHESTRATOR] [INFO] 📦 Processing batch 32/46 (10 chunks)
[2025-11-05T12:01:50.778Z] [2025-11-05T12:01:50.772Z] [INDEXING-ORCHESTRATOR] [DEBUG] 🧠 Generating embeddings for 10 chunks...
[2025-11-05T12:01:53.000Z] [2025-11-05T12:01:52.995Z] [INDEXING-ORCHESTRATOR] [DEBUG] ✅ Generated 10 embeddings
[2025-11-05T12:01:53.000Z] [2025-11-05T12:01:52.995Z] [INDEXING-ORCHESTRATOR] [DEBUG] ⬆️  Upserting 10 vectors to namespace: mcp_b539ab77b811d627
[2025-11-05T12:01:54.102Z] [2025-11-05T12:01:54.097Z] [INDEXING-ORCHESTRATOR] [WARN] ⚠️ Skipping batch 32 after retries failed. Continuing with remaining batches.
[2025-11-05T12:01:54.102Z] [2025-11-05T12:01:54.097Z] [INDEXING-ORCHESTRATOR] [WARN] Skipped batch error: "Turbopuffer upsert error (400): {\"error\":\"💔 This upsert contains duplicate document IDs and was not written. You should ensure that individual upserts do not include duplicate documents. The duplicated IDs in this batch were the following: C:\\\\Users\\\\RakaThinkpad\\\\Documents\\\\Project\\\\educatedplanet\\\\admin\",\"status\":\"error\"}"
[2025-11-05T12:01:54.102Z] [2025-11-05T12:01:54.097Z] [INDEXING-ORCHESTRATOR] [INFO] 📦 Processing batch 33/46 (10 chunks)
[2025-11-05T12:01:54.102Z] [2025-11-05T12:01:54.097Z] [INDEXING-ORCHESTRATOR] [DEBUG] 🧠 Generating embeddings for 10 chunks...
[2025-11-05T12:01:56.657Z] [2025-11-05T12:01:56.653Z] [INDEXING-ORCHESTRATOR] [DEBUG] ✅ Generated 10 embeddings
[2025-11-05T12:01:56.658Z] [2025-11-05T12:01:56.653Z] [INDEXING-ORCHESTRATOR] [DEBUG] ⬆️  Upserting 10 vectors to namespace: mcp_b539ab77b811d627
[2025-11-05T12:01:57.785Z] [2025-11-05T12:01:57.780Z] [INDEXING-ORCHESTRATOR] [WARN] ⚠️ Skipping batch 33 after retries failed. Continuing with remaining batches.
[2025-11-05T12:01:57.785Z] [2025-11-05T12:01:57.780Z] [INDEXING-ORCHESTRATOR] [WARN] Skipped batch error: "Turbopuffer upsert error (400): {\"error\":\"💔 This upsert contains duplicate document IDs and was not written. You should ensure that individual upserts do not include duplicate documents. The duplicated IDs in this batch were the following: C:\\\\Users\\\\RakaThinkpad\\\\Documents\\\\Project\\\\educatedplanet\\\\admin,C:\\\\Users\\\\RakaThinkpad\\\\Documents\\\\Project\\\\educatedplanet\\\\commo,C:\\\\Users\\\\RakaThinkpad\\\\Documents\\\\Project\\\\educatedplanet\\\\datas\",\"status\":\"error\"}"
[2025-11-05T12:01:57.785Z] [2025-11-05T12:01:57.780Z] [INDEXING-ORCHESTRATOR] [INFO] 📦 Processing batch 34/46 (10 chunks)
[2025-11-05T12:01:57.785Z] [2025-11-05T12:01:57.780Z] [INDEXING-ORCHESTRATOR] [DEBUG] 🧠 Generating embeddings for 10 chunks...
[2025-11-05T12:02:00.666Z] [2025-11-05T12:02:00.662Z] [INDEXING-ORCHESTRATOR] [DEBUG] ✅ Generated 10 embeddings
[2025-11-05T12:02:00.667Z] [2025-11-05T12:02:00.662Z] [INDEXING-ORCHESTRATOR] [DEBUG] ⬆️  Upserting 10 vectors to namespace: mcp_b539ab77b811d627
[2025-11-05T12:02:01.846Z] [2025-11-05T12:02:01.841Z] [INDEXING-ORCHESTRATOR] [WARN] ⚠️ Skipping batch 34 after retries failed. Continuing with remaining batches.
[2025-11-05T12:02:01.846Z] [2025-11-05T12:02:01.841Z] [INDEXING-ORCHESTRATOR] [WARN] Skipped batch error: "Turbopuffer upsert error (400): {\"error\":\"💔 This upsert contains duplicate document IDs and was not written. You should ensure that individual upserts do not include duplicate documents. The duplicated IDs in this batch were the following: C:\\\\Users\\\\RakaThinkpad\\\\Documents\\\\Project\\\\educatedplanet\\\\datas\",\"status\":\"error\"}"
[2025-11-05T12:02:01.846Z] [2025-11-05T12:02:01.841Z] [INDEXING-ORCHESTRATOR] [INFO] 📦 Processing batch 35/46 (10 chunks)
[2025-11-05T12:02:01.846Z] [2025-11-05T12:02:01.841Z] [INDEXING-ORCHESTRATOR] [DEBUG] 🧠 Generating embeddings for 10 chunks...
[2025-11-05T12:02:04.452Z] [2025-11-05T12:02:04.447Z] [INDEXING-ORCHESTRATOR] [DEBUG] ✅ Generated 10 embeddings
[2025-11-05T12:02:04.452Z] [2025-11-05T12:02:04.447Z] [INDEXING-ORCHESTRATOR] [DEBUG] ⬆️  Upserting 10 vectors to namespace: mcp_b539ab77b811d627
[2025-11-05T12:02:05.739Z] [2025-11-05T12:02:05.733Z] [INDEXING-ORCHESTRATOR] [WARN] ⚠️ Skipping batch 35 after retries failed. Continuing with remaining batches.
[2025-11-05T12:02:05.739Z] [2025-11-05T12:02:05.734Z] [INDEXING-ORCHESTRATOR] [WARN] Skipped batch error: "Turbopuffer upsert error (400): {\"error\":\"💔 This upsert contains duplicate document IDs and was not written. You should ensure that individual upserts do not include duplicate documents. The duplicated IDs in this batch were the following: C:\\\\Users\\\\RakaThinkpad\\\\Documents\\\\Project\\\\educatedplanet\\\\datas\",\"status\":\"error\"}"
[2025-11-05T12:02:05.739Z] [2025-11-05T12:02:05.734Z] [INDEXING-ORCHESTRATOR] [INFO] 📦 Processing batch 36/46 (10 chunks)
[2025-11-05T12:02:05.739Z] [2025-11-05T12:02:05.734Z] [INDEXING-ORCHESTRATOR] [DEBUG] 🧠 Generating embeddings for 10 chunks...
[2025-11-05T12:02:08.402Z] [2025-11-05T12:02:08.397Z] [INDEXING-ORCHESTRATOR] [DEBUG] ✅ Generated 10 embeddings
[2025-11-05T12:02:08.403Z] [2025-11-05T12:02:08.397Z] [INDEXING-ORCHESTRATOR] [DEBUG] ⬆️  Upserting 10 vectors to namespace: mcp_b539ab77b811d627
[2025-11-05T12:02:09.578Z] [2025-11-05T12:02:09.573Z] [INDEXING-ORCHESTRATOR] [WARN] ⚠️ Skipping batch 36 after retries failed. Continuing with remaining batches.
[2025-11-05T12:02:09.579Z] [2025-11-05T12:02:09.573Z] [INDEXING-ORCHESTRATOR] [WARN] Skipped batch error: "Turbopuffer upsert error (400): {\"error\":\"💔 This upsert contains duplicate document IDs and was not written. You should ensure that individual upserts do not include duplicate documents. The duplicated IDs in this batch were the following: C:\\\\Users\\\\RakaThinkpad\\\\Documents\\\\Project\\\\educatedplanet\\\\datas\",\"status\":\"error\"}"
[2025-11-05T12:02:09.579Z] [2025-11-05T12:02:09.573Z] [INDEXING-ORCHESTRATOR] [INFO] 📦 Processing batch 37/46 (10 chunks)
[2025-11-05T12:02:09.579Z] [2025-11-05T12:02:09.573Z] [INDEXING-ORCHESTRATOR] [DEBUG] 🧠 Generating embeddings for 10 chunks...
[2025-11-05T12:02:12.330Z] [2025-11-05T12:02:12.325Z] [INDEXING-ORCHESTRATOR] [DEBUG] ✅ Generated 10 embeddings
[2025-11-05T12:02:12.330Z] [2025-11-05T12:02:12.325Z] [INDEXING-ORCHESTRATOR] [DEBUG] ⬆️  Upserting 10 vectors to namespace: mcp_b539ab77b811d627
[2025-11-05T12:02:13.466Z] [2025-11-05T12:02:13.460Z] [INDEXING-ORCHESTRATOR] [WARN] ⚠️ Skipping batch 37 after retries failed. Continuing with remaining batches.
[2025-11-05T12:02:13.466Z] [2025-11-05T12:02:13.461Z] [INDEXING-ORCHESTRATOR] [WARN] Skipped batch error: "Turbopuffer upsert error (400): {\"error\":\"💔 This upsert contains duplicate document IDs and was not written. You should ensure that individual upserts do not include duplicate documents. The duplicated IDs in this batch were the following: C:\\\\Users\\\\RakaThinkpad\\\\Documents\\\\Project\\\\educatedplanet\\\\datas\",\"status\":\"error\"}"
[2025-11-05T12:02:13.466Z] [2025-11-05T12:02:13.461Z] [INDEXING-ORCHESTRATOR] [INFO] 📦 Processing batch 38/46 (10 chunks)
[2025-11-05T12:02:13.466Z] [2025-11-05T12:02:13.461Z] [INDEXING-ORCHESTRATOR] [DEBUG] 🧠 Generating embeddings for 10 chunks...
[2025-11-05T12:02:16.388Z] [2025-11-05T12:02:16.383Z] [INDEXING-ORCHESTRATOR] [DEBUG] ✅ Generated 10 embeddings
[2025-11-05T12:02:16.388Z] [2025-11-05T12:02:16.383Z] [INDEXING-ORCHESTRATOR] [DEBUG] ⬆️  Upserting 10 vectors to namespace: mcp_b539ab77b811d627
[2025-11-05T12:02:17.535Z] [2025-11-05T12:02:17.530Z] [INDEXING-ORCHESTRATOR] [WARN] ⚠️ Skipping batch 38 after retries failed. Continuing with remaining batches.
[2025-11-05T12:02:17.535Z] [2025-11-05T12:02:17.530Z] [INDEXING-ORCHESTRATOR] [WARN] Skipped batch error: "Turbopuffer upsert error (400): {\"error\":\"💔 This upsert contains duplicate document IDs and was not written. You should ensure that individual upserts do not include duplicate documents. The duplicated IDs in this batch were the following: C:\\\\Users\\\\RakaThinkpad\\\\Documents\\\\Project\\\\educatedplanet\\\\datas\",\"status\":\"error\"}"
[2025-11-05T12:02:17.536Z] [2025-11-05T12:02:17.530Z] [INDEXING-ORCHESTRATOR] [INFO] 📦 Processing batch 39/46 (10 chunks)
[2025-11-05T12:02:17.536Z] [2025-11-05T12:02:17.530Z] [INDEXING-ORCHESTRATOR] [DEBUG] 🧠 Generating embeddings for 10 chunks...
[2025-11-05T12:02:20.167Z] [2025-11-05T12:02:20.163Z] [INDEXING-ORCHESTRATOR] [DEBUG] ✅ Generated 10 embeddings
[2025-11-05T12:02:20.168Z] [2025-11-05T12:02:20.163Z] [INDEXING-ORCHESTRATOR] [DEBUG] ⬆️  Upserting 10 vectors to namespace: mcp_b539ab77b811d627
[2025-11-05T12:02:21.312Z] [2025-11-05T12:02:21.307Z] [INDEXING-ORCHESTRATOR] [WARN] ⚠️ Skipping batch 39 after retries failed. Continuing with remaining batches.
[2025-11-05T12:02:21.313Z] [2025-11-05T12:02:21.307Z] [INDEXING-ORCHESTRATOR] [WARN] Skipped batch error: "Turbopuffer upsert error (400): {\"error\":\"💔 This upsert contains duplicate document IDs and was not written. You should ensure that individual upserts do not include duplicate documents. The duplicated IDs in this batch were the following: C:\\\\Users\\\\RakaThinkpad\\\\Documents\\\\Project\\\\educatedplanet\\\\datas,C:\\\\Users\\\\RakaThinkpad\\\\Documents\\\\Project\\\\educatedplanet\\\\model\",\"status\":\"error\"}"
[2025-11-05T12:02:21.313Z] [2025-11-05T12:02:21.307Z] [INDEXING-ORCHESTRATOR] [INFO] 📦 Processing batch 40/46 (10 chunks)
[2025-11-05T12:02:21.313Z] [2025-11-05T12:02:21.307Z] [INDEXING-ORCHESTRATOR] [DEBUG] 🧠 Generating embeddings for 10 chunks...
[2025-11-05T12:02:23.401Z] [2025-11-05T12:02:23.399Z] [INDEXING-ORCHESTRATOR] [DEBUG] ✅ Generated 10 embeddings
[2025-11-05T12:02:23.401Z] [2025-11-05T12:02:23.399Z] [INDEXING-ORCHESTRATOR] [DEBUG] ⬆️  Upserting 10 vectors to namespace: mcp_b539ab77b811d627
[2025-11-05T12:02:24.578Z] [2025-11-05T12:02:24.575Z] [INDEXING-ORCHESTRATOR] [WARN] ⚠️ Skipping batch 40 after retries failed. Continuing with remaining batches.
[2025-11-05T12:02:24.578Z] [2025-11-05T12:02:24.575Z] [INDEXING-ORCHESTRATOR] [WARN] Skipped batch error: "Turbopuffer upsert error (400): {\"error\":\"💔 This upsert contains duplicate document IDs and was not written. You should ensure that individual upserts do not include duplicate documents. The duplicated IDs in this batch were the following: C:\\\\Users\\\\RakaThinkpad\\\\Documents\\\\Project\\\\educatedplanet\\\\model\",\"status\":\"error\"}"
[2025-11-05T12:02:24.579Z] [2025-11-05T12:02:24.576Z] [INDEXING-ORCHESTRATOR] [INFO] 📦 Processing batch 41/46 (10 chunks)
[2025-11-05T12:02:24.579Z] [2025-11-05T12:02:24.576Z] [INDEXING-ORCHESTRATOR] [DEBUG] 🧠 Generating embeddings for 10 chunks...
[2025-11-05T12:02:26.856Z] [2025-11-05T12:02:26.853Z] [INDEXING-ORCHESTRATOR] [DEBUG] ✅ Generated 10 embeddings
[2025-11-05T12:02:26.856Z] [2025-11-05T12:02:26.854Z] [INDEXING-ORCHESTRATOR] [DEBUG] ⬆️  Upserting 10 vectors to namespace: mcp_b539ab77b811d627
[2025-11-05T12:02:27.975Z] [2025-11-05T12:02:27.973Z] [INDEXING-ORCHESTRATOR] [WARN] ⚠️ Skipping batch 41 after retries failed. Continuing with remaining batches.
[2025-11-05T12:02:27.976Z] [2025-11-05T12:02:27.973Z] [INDEXING-ORCHESTRATOR] [WARN] Skipped batch error: "Turbopuffer upsert error (400): {\"error\":\"💔 This upsert contains duplicate document IDs and was not written. You should ensure that individual upserts do not include duplicate documents. The duplicated IDs in this batch were the following: C:\\\\Users\\\\RakaThinkpad\\\\Documents\\\\Project\\\\educatedplanet\\\\model,C:\\\\Users\\\\RakaThinkpad\\\\Documents\\\\Project\\\\educatedplanet\\\\web\\\\a,C:\\\\Users\\\\RakaThinkpad\\\\Documents\\\\Project\\\\educatedplanet\\\\web\\\\c\",\"status\":\"error\"}"
[2025-11-05T12:02:27.976Z] [2025-11-05T12:02:27.973Z] [INDEXING-ORCHESTRATOR] [INFO] 📦 Processing batch 42/46 (10 chunks)
[2025-11-05T12:02:27.976Z] [2025-11-05T12:02:27.973Z] [INDEXING-ORCHESTRATOR] [DEBUG] 🧠 Generating embeddings for 10 chunks...
[2025-11-05T12:02:31.492Z] [2025-11-05T12:02:31.490Z] [INDEXING-ORCHESTRATOR] [DEBUG] ✅ Generated 10 embeddings
[2025-11-05T12:02:31.492Z] [2025-11-05T12:02:31.490Z] [INDEXING-ORCHESTRATOR] [DEBUG] ⬆️  Upserting 10 vectors to namespace: mcp_b539ab77b811d627
[2025-11-05T12:02:32.766Z] [2025-11-05T12:02:32.763Z] [INDEXING-ORCHESTRATOR] [WARN] ⚠️ Skipping batch 42 after retries failed. Continuing with remaining batches.
[2025-11-05T12:02:32.766Z] [2025-11-05T12:02:32.763Z] [INDEXING-ORCHESTRATOR] [WARN] Skipped batch error: "Turbopuffer upsert error (400): {\"error\":\"💔 This upsert contains duplicate document IDs and was not written. You should ensure that individual upserts do not include duplicate documents. The duplicated IDs in this batch were the following: C:\\\\Users\\\\RakaThinkpad\\\\Documents\\\\Project\\\\educatedplanet\\\\web\\\\c\",\"status\":\"error\"}"
[2025-11-05T12:02:32.766Z] [2025-11-05T12:02:32.764Z] [INDEXING-ORCHESTRATOR] [INFO] 📦 Processing batch 43/46 (10 chunks)
[2025-11-05T12:02:32.766Z] [2025-11-05T12:02:32.764Z] [INDEXING-ORCHESTRATOR] [DEBUG] 🧠 Generating embeddings for 10 chunks...
[2025-11-05T12:02:35.851Z] [2025-11-05T12:02:35.849Z] [INDEXING-ORCHESTRATOR] [DEBUG] ✅ Generated 10 embeddings
[2025-11-05T12:02:35.851Z] [2025-11-05T12:02:35.849Z] [INDEXING-ORCHESTRATOR] [DEBUG] ⬆️  Upserting 10 vectors to namespace: mcp_b539ab77b811d627
[2025-11-05T12:02:36.964Z] [2025-11-05T12:02:36.962Z] [INDEXING-ORCHESTRATOR] [WARN] ⚠️ Skipping batch 43 after retries failed. Continuing with remaining batches.
[2025-11-05T12:02:36.965Z] [2025-11-05T12:02:36.962Z] [INDEXING-ORCHESTRATOR] [WARN] Skipped batch error: "Turbopuffer upsert error (400): {\"error\":\"💔 This upsert contains duplicate document IDs and was not written. You should ensure that individual upserts do not include duplicate documents. The duplicated IDs in this batch were the following: C:\\\\Users\\\\RakaThinkpad\\\\Documents\\\\Project\\\\educatedplanet\\\\web\\\\c\",\"status\":\"error\"}"
[2025-11-05T12:02:36.965Z] [2025-11-05T12:02:36.962Z] [INDEXING-ORCHESTRATOR] [INFO] 📦 Processing batch 44/46 (10 chunks)
[2025-11-05T12:02:36.965Z] [2025-11-05T12:02:36.962Z] [INDEXING-ORCHESTRATOR] [DEBUG] 🧠 Generating embeddings for 10 chunks...
[2025-11-05T12:02:40.268Z] [2025-11-05T12:02:40.266Z] [INDEXING-ORCHESTRATOR] [DEBUG] ✅ Generated 10 embeddings
[2025-11-05T12:02:40.269Z] [2025-11-05T12:02:40.266Z] [INDEXING-ORCHESTRATOR] [DEBUG] ⬆️  Upserting 10 vectors to namespace: mcp_b539ab77b811d627
[2025-11-05T12:02:41.533Z] [2025-11-05T12:02:41.531Z] [INDEXING-ORCHESTRATOR] [WARN] ⚠️ Skipping batch 44 after retries failed. Continuing with remaining batches.
[2025-11-05T12:02:41.534Z] [2025-11-05T12:02:41.531Z] [INDEXING-ORCHESTRATOR] [WARN] Skipped batch error: "Turbopuffer upsert error (400): {\"error\":\"💔 This upsert contains duplicate document IDs and was not written. You should ensure that individual upserts do not include duplicate documents. The duplicated IDs in this batch were the following: C:\\\\Users\\\\RakaThinkpad\\\\Documents\\\\Project\\\\educatedplanet\\\\web\\\\c\",\"status\":\"error\"}"
[2025-11-05T12:02:41.534Z] [2025-11-05T12:02:41.531Z] [INDEXING-ORCHESTRATOR] [INFO] 📦 Processing batch 45/46 (10 chunks)
[2025-11-05T12:02:41.534Z] [2025-11-05T12:02:41.531Z] [INDEXING-ORCHESTRATOR] [DEBUG] 🧠 Generating embeddings for 10 chunks...
[2025-11-05T12:02:44.056Z] [2025-11-05T12:02:44.054Z] [INDEXING-ORCHESTRATOR] [DEBUG] ✅ Generated 10 embeddings
[2025-11-05T12:02:44.056Z] [2025-11-05T12:02:44.054Z] [INDEXING-ORCHESTRATOR] [DEBUG] ⬆️  Upserting 10 vectors to namespace: mcp_b539ab77b811d627
[2025-11-05T12:02:45.207Z] [2025-11-05T12:02:45.205Z] [INDEXING-ORCHESTRATOR] [WARN] ⚠️ Skipping batch 45 after retries failed. Continuing with remaining batches.
[2025-11-05T12:02:45.208Z] [2025-11-05T12:02:45.205Z] [INDEXING-ORCHESTRATOR] [WARN] Skipped batch error: "Turbopuffer upsert error (400): {\"error\":\"💔 This upsert contains duplicate document IDs and was not written. You should ensure that individual upserts do not include duplicate documents. The duplicated IDs in this batch were the following: C:\\\\Users\\\\RakaThinkpad\\\\Documents\\\\Project\\\\educatedplanet\\\\web\\\\c,C:\\\\Users\\\\RakaThinkpad\\\\Documents\\\\Project\\\\educatedplanet\\\\web\\\\e\",\"status\":\"error\"}"
[2025-11-05T12:02:45.208Z] [2025-11-05T12:02:45.205Z] [INDEXING-ORCHESTRATOR] [INFO] 📦 Processing batch 46/46 (9 chunks)
[2025-11-05T12:02:45.208Z] [2025-11-05T12:02:45.205Z] [INDEXING-ORCHESTRATOR] [DEBUG] 🧠 Generating embeddings for 9 chunks...
[2025-11-05T12:02:47.433Z] [2025-11-05T12:02:47.431Z] [INDEXING-ORCHESTRATOR] [DEBUG] ✅ Generated 9 embeddings
[2025-11-05T12:02:47.433Z] [2025-11-05T12:02:47.431Z] [INDEXING-ORCHESTRATOR] [DEBUG] ⬆️  Upserting 9 vectors to namespace: mcp_b539ab77b811d627
[2025-11-05T12:02:48.595Z] [2025-11-05T12:02:48.592Z] [INDEXING-ORCHESTRATOR] [WARN] ⚠️ Skipping batch 46 after retries failed. Continuing with remaining batches.
[2025-11-05T12:02:48.595Z] [2025-11-05T12:02:48.592Z] [INDEXING-ORCHESTRATOR] [WARN] Skipped batch error: "Turbopuffer upsert error (400): {\"error\":\"💔 This upsert contains duplicate document IDs and was not written. You should ensure that individual upserts do not include duplicate documents. The duplicated IDs in this batch were the following: C:\\\\Users\\\\RakaThinkpad\\\\Documents\\\\Project\\\\educatedplanet\\\\web\\\\e\",\"status\":\"error\"}"
[2025-11-05T12:02:48.595Z] [2025-11-05T12:02:48.592Z] [INDEXING-ORCHESTRATOR] [INFO] ✅ Upload complete: 0/459 chunks uploaded to namespace: mcp_b539ab77b811d627 (46/46 batches skipped due to rate limiting)
[2025-11-05T12:02:48.595Z] [2025-11-05T12:02:48.593Z] [INDEXING-ORCHESTRATOR] [INFO] ✅ Complete: 459 chunks in 9438ms
[2025-11-05T12:02:48.597Z] [BACKGROUND] Raw result: {
[2025-11-05T12:02:48.597Z]   "success": true,
[2025-11-05T12:02:48.597Z]   "namespace": "mcp_b539ab77b811d627",
[2025-11-05T12:02:48.597Z]   "filesProcessed": 220,
[2025-11-05T12:02:48.597Z]   "chunksCreated": 459,
[2025-11-05T12:02:48.597Z]   "processingTimeMs": 9438,
[2025-11-05T12:02:48.597Z]   "message": "Successfully indexed 220 files into 459 intelligent chunks",
[2025-11-05T12:02:48.597Z]   "errors": []
[2025-11-05T12:02:48.597Z] }
[2025-11-05T12:02:48.598Z] [BACKGROUND] ✅ Indexing completed for C:\Users\RakaThinkpad\Documents\Project\educatedplanet: 459 chunks
[2025-11-05T12:02:48.602Z] [2025-11-05T12:02:48.600Z] [NamespaceManagerService] [INFO] 📝 Registered codebase: C:\Users\RakaThinkpad\Documents\Project\educatedplanet -> mcp_b539ab77b811d627 (459 chunks)
[2025-11-05T12:02:48.602Z] [BACKGROUND] ✅ Codebase registered in namespace manager
[2025-11-05T12:02:48.626Z] Process completed with code: 0
